Date,Hour,Minute,Air temperature ,
03/01/2003 00:15:00,0,15,10.2,
03/01/2003 00:30:00,0,30,10.5,
03/01/2003 00:45:00,0,45,10.3,
03/01/2003 01:00:00,1,0,10.1,
03/01/2003 01:15:00,1,15,10,
03/01/2003 01:30:00,1,30,10.1,
03/01/2003 01:45:00,1,45,11.6,
03/01/2003 02:00:00,2,0,10.6,
03/01/2003 02:15:00,2,15,10.9,
03/01/2003 02:30:00,2,30,10,
03/01/2003 02:45:00,2,45,10.1,
03/01/2003 03:00:00,3,0,10,
03/01/2003 03:15:00,3,15,10.3,
03/01/2003 03:30:00,3,30,10,
03/01/2003 03:45:00,3,45,10,
03/01/2003 04:00:00,4,0,10.4,
03/01/2003 04:15:00,4,15,10.5,
03/01/2003 04:30:00,4,30,10,
03/01/2003 04:45:00,4,45,10.1,
03/01/2003 05:00:00,5,0,10.7,
03/01/2003 05:15:00,5,15,10.3,
03/01/2003 05:30:00,5,30,11,
03/01/2003 05:45:00,5,45,11,
03/01/2003 06:00:00,6,0,9.9,
03/01/2003 06:15:00,6,15,11.4,
03/01/2003 06:30:00,6,30,12.1,
03/01/2003 06:45:00,6,45,13.5,
03/01/2003 07:00:00,7,0,15.9,
03/01/2003 07:15:00,7,15,16.7,
03/01/2003 07:30:00,7,30,18.4,
03/01/2003 07:45:00,7,45,19.4,
03/01/2003 08:00:00,8,0,20.6,
03/01/2003 08:15:00,8,15,21.4,
03/01/2003 08:30:00,8,30,21.4,
03/01/2003 08:45:00,8,45,21.3,
03/01/2003 09:00:00,9,0,20.7,
03/01/2003 09:15:00,9,15,20.5,
03/01/2003 09:30:00,9,30,20.5,
03/01/2003 09:45:00,9,45,20.8,
03/01/2003 10:00:00,10,0,20.1,
03/01/2003 10:15:00,10,15,20.1,
03/01/2003 10:30:00,10,30,19.9,
03/01/2003 10:45:00,10,45,20.1,
03/01/2003 11:00:00,11,0,20.1,
03/01/2003 11:15:00,11,15,20,
03/01/2003 11:30:00,11,30,20.1,
03/01/2003 11:45:00,11,45,20.1,
03/01/2003 12:00:00,12,0,20.2,
03/01/2003 12:15:00,12,15,21,
03/01/2003 12:30:00,12,30,22.1,
03/01/2003 12:45:00,12,45,23.7,
03/01/2003 13:00:00,13,0,23.8,
03/01/2003 13:15:00,13,15,24.9,
03/01/2003 13:30:00,13,30,25.5,
03/01/2003 13:45:00,13,45,25,
03/01/2003 14:00:00,14,0,24,
03/01/2003 14:15:00,14,15,22.9,
03/01/2003 14:30:00,14,30,22.2,
03/01/2003 14:45:00,14,45,21.8,
03/01/2003 15:00:00,15,0,20.9,
03/01/2003 15:15:00,15,15,19.7,
03/01/2003 15:30:00,15,30,19.7,
03/01/2003 15:45:00,15,45,19.6,
03/01/2003 16:00:00,16,0,19.8,
03/01/2003 16:15:00,16,15,19.9,
03/01/2003 16:30:00,16,30,20,
03/01/2003 16:45:00,16,45,20.1,
03/01/2003 17:00:00,17,0,20.1,
03/01/2003 17:15:00,17,15,20.4,
03/01/2003 17:30:00,17,30,20.6,
03/01/2003 17:45:00,17,45,20.4,
03/01/2003 18:00:00,18,0,20.1,
03/01/2003 18:15:00,18,15,20.6,
03/01/2003 18:30:00,18,30,20.4,
03/01/2003 18:45:00,18,45,20.6,
03/01/2003 19:00:00,19,0,21.1,
03/01/2003 19:15:00,19,15,20.6,
03/01/2003 19:30:00,19,30,19,
03/01/2003 19:45:00,19,45,17.7,
03/01/2003 20:00:00,20,0,16.4,
03/01/2003 20:15:00,20,15,15.5,
03/01/2003 20:30:00,20,30,14.9,
03/01/2003 20:45:00,20,45,12.5,
03/01/2003 21:00:00,21,0,11.7,
03/01/2003 21:15:00,21,15,11,
03/01/2003 21:30:00,21,30,10,
03/01/2003 21:45:00,21,45,10.5,
03/01/2003 22:00:00,22,0,10.6,
03/01/2003 22:15:00,22,15,10.4,
03/01/2003 22:30:00,22,30,10.8,
03/01/2003 22:45:00,22,45,10.8,
03/01/2003 23:00:00,23,0,11.1,
03/01/2003 23:15:00,23,15,10.7,
03/01/2003 23:30:00,23,30,10.6,
03/01/2003 23:45:00,23,45,10.9,
03/02/2003 00:00:00,0,0,11,
03/02/2003 00:15:00,0,15,11.1,
03/02/2003 00:30:00,0,30,10.6,
03/02/2003 00:45:00,0,45,10.7,
03/02/2003 01:00:00,1,0,11.2,
03/02/2003 01:15:00,1,15,10.6,
03/02/2003 01:30:00,1,30,11.1,
03/02/2003 01:45:00,1,45,11.1,
03/02/2003 02:00:00,2,0,10.5,
03/02/2003 02:15:00,2,15,11,
03/02/2003 02:30:00,2,30,10.7,
03/02/2003 02:45:00,2,45,11,
03/02/2003 03:00:00,3,0,10.6,
03/02/2003 03:15:00,3,15,11,
03/02/2003 03:30:00,3,30,10.9,
03/02/2003 03:45:00,3,45,10.7,
03/02/2003 04:00:00,4,0,10.7,
03/02/2003 04:15:00,4,15,11,
03/02/2003 04:30:00,4,30,10.8,
03/02/2003 04:45:00,4,45,10.8,
03/02/2003 05:00:00,5,0,11.1,
03/02/2003 05:15:00,5,15,10.3,
03/02/2003 05:30:00,5,30,11,
03/02/2003 05:45:00,5,45,11,
03/02/2003 06:00:00,6,0,11.2,
03/02/2003 06:15:00,6,15,11.2,
03/02/2003 06:30:00,6,30,12.4,
03/02/2003 06:45:00,6,45,13.1,
03/02/2003 07:00:00,7,0,14.5,
03/02/2003 07:15:00,7,15,15.2,
03/02/2003 07:30:00,7,30,16.8,
03/02/2003 07:45:00,7,45,18,
03/02/2003 08:00:00,8,0,18.9,
03/02/2003 08:15:00,8,15,19.5,
03/02/2003 08:30:00,8,30,19.9,
03/02/2003 08:45:00,8,45,20,
03/02/2003 09:00:00,9,0,19.5,
03/02/2003 09:15:00,9,15,19.7,
03/02/2003 09:30:00,9,30,19.7,
03/02/2003 09:45:00,9,45,19.5,
03/02/2003 10:00:00,10,0,19.9,
03/02/2003 10:15:00,10,15,19.5,
03/02/2003 10:30:00,10,30,19.7,
03/02/2003 10:45:00,10,45,19.4,
03/02/2003 11:00:00,11,0,20.4,
03/02/2003 11:15:00,11,15,19.7,
03/02/2003 11:30:00,11,30,19.5,
03/02/2003 11:45:00,11,45,20,
03/02/2003 12:00:00,12,0,20.1,
03/02/2003 12:15:00,12,15,20.2,
03/02/2003 12:30:00,12,30,20.2,
03/02/2003 12:45:00,12,45,20.1,
03/02/2003 13:00:00,13,0,20.1,
03/02/2003 13:15:00,13,15,20,
03/02/2003 13:30:00,13,30,20.1,
03/02/2003 13:45:00,13,45,20.1,
03/02/2003 14:00:00,14,0,20.7,
03/02/2003 14:15:00,14,15,21.1,
03/02/2003 14:30:00,14,30,20.7,
03/02/2003 14:45:00,14,45,20.1,
03/02/2003 15:00:00,15,0,20.1,
03/02/2003 15:15:00,15,15,20,
03/02/2003 15:30:00,15,30,20,
03/02/2003 15:45:00,15,45,19.9,
03/02/2003 16:00:00,16,0,20,
03/02/2003 16:15:00,16,15,20.3,
03/02/2003 16:30:00,16,30,21.2,
03/02/2003 16:45:00,16,45,21,
03/02/2003 17:00:00,17,0,21.8,
03/02/2003 17:15:00,17,15,20.8,
03/02/2003 17:30:00,17,30,21.6,
03/02/2003 17:45:00,17,45,21.5,
03/02/2003 18:00:00,18,0,21.1,
03/02/2003 18:15:00,18,15,21.7,
03/02/2003 18:30:00,18,30,21.6,
03/02/2003 18:45:00,18,45,21.1,
03/02/2003 19:00:00,19,0,21.4,
03/02/2003 19:15:00,19,15,20.8,
03/02/2003 19:30:00,19,30,20.2,
03/02/2003 19:45:00,19,45,18.5,
03/02/2003 20:00:00,20,0,17.1,
03/02/2003 20:15:00,20,15,15.4,
03/02/2003 20:30:00,20,30,13.7,
03/02/2003 20:45:00,20,45,13.7,
03/02/2003 21:00:00,21,0,10.9,
03/02/2003 21:15:00,21,15,10.3,
03/02/2003 21:30:00,21,30,11.2,
03/02/2003 21:45:00,21,45,10.9,
03/02/2003 22:00:00,22,0,9.9,
03/02/2003 22:15:00,22,15,11,
03/02/2003 22:30:00,22,30,11.1,
03/02/2003 22:45:00,22,45,10.9,
03/02/2003 23:00:00,23,0,10.8,
03/02/2003 23:15:00,23,15,11.3,
03/02/2003 23:30:00,23,30,10.3,
03/02/2003 23:45:00,23,45,11.2,
03/03/2003 00:00:00,0,0,10.9,
03/03/2003 00:15:00,0,15,,
03/03/2003 00:30:00,0,30,10.3,
03/03/2003 00:45:00,0,45,11.1,
03/03/2003 01:00:00,1,0,10.7,
03/03/2003 01:15:00,1,15,10.9,
03/03/2003 01:30:00,1,30,10.6,
03/03/2003 01:45:00,1,45,10.9,
03/03/2003 02:00:00,2,0,10.8,
03/03/2003 02:15:00,2,15,10.9,
03/03/2003 02:30:00,2,30,10.9,
03/03/2003 02:45:00,2,45,11.1,
03/03/2003 03:00:00,3,0,11,
03/03/2003 03:15:00,3,15,10.5,
03/03/2003 03:30:00,3,30,10.9,
03/03/2003 03:45:00,3,45,10.4,
03/03/2003 04:00:00,4,0,10.7,
03/03/2003 04:15:00,4,15,10.3,
03/03/2003 04:30:00,4,30,10.7,
03/03/2003 04:45:00,4,45,10.6,
03/03/2003 05:00:00,5,0,10.6,
03/03/2003 05:15:00,5,15,11.1,
03/03/2003 05:30:00,5,30,10.7,
03/03/2003 05:45:00,5,45,10.9,
03/03/2003 06:00:00,6,0,10.5,
03/03/2003 06:15:00,6,15,11.3,
03/03/2003 06:30:00,6,30,11.9,
03/03/2003 06:45:00,6,45,13.4,
03/03/2003 07:00:00,7,0,14,
03/03/2003 07:15:00,7,15,15.6,
03/03/2003 07:30:00,7,30,16.6,
03/03/2003 07:45:00,7,45,17.7,
03/03/2003 08:00:00,8,0,19,
03/03/2003 08:15:00,8,15,19.9,
03/03/2003 08:30:00,8,30,19.6,
03/03/2003 08:45:00,8,45,20.1,
03/03/2003 09:00:00,9,0,19.7,
03/03/2003 09:15:00,9,15,20.2,
03/03/2003 09:30:00,9,30,19.7,
03/03/2003 09:45:00,9,45,20.6,
03/03/2003 10:00:00,10,0,19.9,
03/03/2003 10:15:00,10,15,19.7,
03/03/2003 10:30:00,10,30,20.5,
03/03/2003 10:45:00,10,45,19.5,
03/03/2003 11:00:00,11,0,21,
03/03/2003 11:15:00,11,15,19.7,
03/03/2003 11:30:00,11,30,19.2,
03/03/2003 11:45:00,11,45,20.1,
03/03/2003 12:00:00,12,0,19.9,
03/03/2003 12:15:00,12,15,19.6,
03/03/2003 12:30:00,12,30,19.6,
03/03/2003 12:45:00,12,45,19.9,
03/03/2003 13:00:00,13,0,19.6,
03/03/2003 13:15:00,13,15,19.6,
03/03/2003 13:30:00,13,30,19.8,
03/03/2003 13:45:00,13,45,19.9,
03/03/2003 14:00:00,14,0,19.8,
03/03/2003 14:15:00,14,15,19.6,
03/03/2003 14:30:00,14,30,20,
03/03/2003 14:45:00,14,45,19.9,
03/03/2003 15:00:00,15,0,20.7,
03/03/2003 15:15:00,15,15,20,
03/03/2003 15:30:00,15,30,20.1,
03/03/2003 15:45:00,15,45,20.7,
03/03/2003 16:00:00,16,0,20.8,
03/03/2003 16:15:00,16,15,20.1,
03/03/2003 16:30:00,16,30,20.1,
03/03/2003 16:45:00,16,45,21.2,
03/03/2003 17:00:00,17,0,21.1,
03/03/2003 17:15:00,17,15,21.4,
03/03/2003 17:30:00,17,30,20.9,
03/03/2003 17:45:00,17,45,21.1,
03/03/2003 18:00:00,18,0,20.6,
03/03/2003 18:15:00,18,15,21.2,
03/03/2003 18:30:00,18,30,20.7,
03/03/2003 18:45:00,18,45,21.1,
03/03/2003 19:00:00,19,0,20.6,
03/03/2003 19:15:00,19,15,20.6,
03/03/2003 19:30:00,19,30,19.1,
03/03/2003 19:45:00,19,45,18,
03/03/2003 20:00:00,20,0,16.5,
03/03/2003 20:15:00,20,15,14.5,
03/03/2003 20:30:00,20,30,13.7,
03/03/2003 20:45:00,20,45,12.6,
03/03/2003 21:00:00,21,0,11.1,
03/03/2003 21:15:00,21,15,10,
03/03/2003 21:30:00,21,30,10,
03/03/2003 21:45:00,21,45,10.2,
03/03/2003 22:00:00,22,0,9.9,
03/03/2003 22:15:00,22,15,9.8,
03/03/2003 22:30:00,22,30,10.4,
03/03/2003 22:45:00,22,45,10.5,
03/03/2003 23:00:00,23,0,9.8,
03/03/2003 23:15:00,23,15,10.5,
03/03/2003 23:30:00,23,30,10.5,
03/03/2003 23:45:00,23,45,11.1,
03/04/2003 00:00:00,0,0,10.5,
03/04/2003 00:15:00,0,15,10.3,
03/04/2003 00:30:00,0,30,11.1,
03/04/2003 00:45:00,0,45,10.4,
03/04/2003 01:00:00,1,0,11.4,
03/04/2003 01:15:00,1,15,10.5,
03/04/2003 01:30:00,1,30,10.7,
03/04/2003 01:45:00,1,45,10.9,
03/04/2003 02:00:00,2,0,10.9,
03/04/2003 02:15:00,2,15,10.8,
03/04/2003 02:30:00,2,30,10.8,
03/04/2003 02:45:00,2,45,10.8,
03/04/2003 03:00:00,3,0,10.7,
03/04/2003 03:15:00,3,15,10.6,
03/04/2003 03:30:00,3,30,11.6,
03/04/2003 03:45:00,3,45,11,
03/04/2003 04:00:00,4,0,10.8,
03/04/2003 04:15:00,4,15,11.1,
03/04/2003 04:30:00,4,30,10.6,
03/04/2003 04:45:00,4,45,10.6,
03/04/2003 05:00:00,5,0,11.5,
03/04/2003 05:15:00,5,15,10.6,
03/04/2003 05:30:00,5,30,11.1,
03/04/2003 05:45:00,5,45,10.5,
03/04/2003 06:00:00,6,0,10.3,
03/04/2003 06:15:00,6,15,11.4,
03/04/2003 06:30:00,6,30,12.6,
03/04/2003 06:45:00,6,45,13.9,
03/04/2003 07:00:00,7,0,15,
03/04/2003 07:15:00,7,15,16,
03/04/2003 07:30:00,7,30,16.9,
03/04/2003 07:45:00,7,45,18.2,
03/04/2003 08:00:00,8,0,19.1,
03/04/2003 08:15:00,8,15,20.1,
03/04/2003 08:30:00,8,30,19.9,
03/04/2003 08:45:00,8,45,20.2,
03/04/2003 09:00:00,9,0,19.8,
03/04/2003 09:15:00,9,15,20.4,
03/04/2003 09:30:00,9,30,20.2,
03/04/2003 09:45:00,9,45,20.6,
03/04/2003 10:00:00,10,0,20.5,
03/04/2003 10:15:00,10,15,20.5,
03/04/2003 10:30:00,10,30,20.3,
03/04/2003 10:45:00,10,45,20,
03/04/2003 11:00:00,11,0,20.1,
03/04/2003 11:15:00,11,15,20.1,
03/04/2003 11:30:00,11,30,20,
03/04/2003 11:45:00,11,45,20,
03/04/2003 12:00:00,12,0,20.1,
03/04/2003 12:15:00,12,15,20.8,
03/04/2003 12:30:00,12,30,21,
03/04/2003 12:45:00,12,45,20,
03/04/2003 13:00:00,13,0,21.6,
03/04/2003 13:15:00,13,15,21.7,
03/04/2003 13:30:00,13,30,22.7,
03/04/2003 13:45:00,13,45,22.4,
03/04/2003 14:00:00,14,0,22.2,
03/04/2003 14:15:00,14,15,19.7,
03/04/2003 14:30:00,14,30,20,
03/04/2003 14:45:00,14,45,21.3,
03/04/2003 15:00:00,15,0,21,
03/04/2003 15:15:00,15,15,21.2,
03/04/2003 15:30:00,15,30,19.8,
03/04/2003 15:45:00,15,45,19.6,
03/04/2003 16:00:00,16,0,19.8,
03/04/2003 16:15:00,16,15,20.3,
03/04/2003 16:30:00,16,30,20.5,
03/04/2003 16:45:00,16,45,20.6,
03/04/2003 17:00:00,17,0,19.5,
03/04/2003 17:15:00,17,15,19.7,
03/04/2003 17:30:00,17,30,20.3,
03/04/2003 17:45:00,17,45,20.8,
03/04/2003 18:00:00,18,0,20.7,
03/04/2003 18:15:00,18,15,20.7,
03/04/2003 18:30:00,18,30,20.3,
03/04/2003 18:45:00,18,45,21.1,
03/04/2003 19:00:00,19,0,21.7,
03/04/2003 19:15:00,19,15,21.2,
03/04/2003 19:30:00,19,30,19.8,
03/04/2003 19:45:00,19,45,17.3,
03/04/2003 20:00:00,20,0,17.5,
03/04/2003 20:15:00,20,15,14.8,
03/04/2003 20:30:00,20,30,15.2,
03/04/2003 20:45:00,20,45,12.8,
03/04/2003 21:00:00,21,0,11.1,
03/04/2003 21:15:00,21,15,10.4,
03/04/2003 21:30:00,21,30,10.1,
03/04/2003 21:45:00,21,45,11.6,
03/04/2003 22:00:00,22,0,10.2,
03/04/2003 22:15:00,22,15,11.1,
03/04/2003 22:30:00,22,30,10.4,
03/04/2003 22:45:00,22,45,10.7,
03/04/2003 23:00:00,23,0,11.1,
03/04/2003 23:15:00,23,15,11.2,
03/04/2003 23:30:00,23,30,10.6,
03/04/2003 23:45:00,23,45,11.2,
03/05/2003 00:00:00,0,0,10.6,
03/05/2003 00:15:00,0,15,11.1,
03/05/2003 00:30:00,0,30,10.4,
03/05/2003 00:45:00,0,45,10.7,
03/05/2003 01:00:00,1,0,10.8,
03/05/2003 01:15:00,1,15,10.6,
03/05/2003 01:30:00,1,30,11.1,
03/05/2003 01:45:00,1,45,10.4,
03/05/2003 02:00:00,2,0,11,
03/05/2003 02:15:00,2,15,10.3,
03/05/2003 02:30:00,2,30,10.8,
03/05/2003 02:45:00,2,45,11.3,
03/05/2003 03:00:00,3,0,11.1,
03/05/2003 03:15:00,3,15,10.6,
03/05/2003 03:30:00,3,30,11.3,
03/05/2003 03:45:00,3,45,11,
03/05/2003 04:00:00,4,0,10.6,
03/05/2003 04:15:00,4,15,10.9,
03/05/2003 04:30:00,4,30,10.8,
03/05/2003 04:45:00,4,45,10.9,
03/05/2003 05:00:00,5,0,10.8,
03/05/2003 05:15:00,5,15,10.8,
03/05/2003 05:30:00,5,30,10.8,
03/05/2003 05:45:00,5,45,10.9,
03/05/2003 06:00:00,6,0,10.7,
03/05/2003 06:15:00,6,15,10.7,
03/05/2003 06:30:00,6,30,12.1,
03/05/2003 06:45:00,6,45,13.8,
03/05/2003 07:00:00,7,0,14.3,
03/05/2003 07:15:00,7,15,15.6,
03/05/2003 07:30:00,7,30,16.6,
03/05/2003 07:45:00,7,45,18.1,
03/05/2003 08:00:00,8,0,19,
03/05/2003 08:15:00,8,15,20,
03/05/2003 08:30:00,8,30,19.8,
03/05/2003 08:45:00,8,45,20,
03/05/2003 09:00:00,9,0,19.7,
03/05/2003 09:15:00,9,15,20.1,
03/05/2003 09:30:00,9,30,19.7,
03/05/2003 09:45:00,9,45,20.4,
03/05/2003 10:00:00,10,0,20,
03/05/2003 10:15:00,10,15,20,
03/05/2003 10:30:00,10,30,19.6,
03/05/2003 10:45:00,10,45,19.4,
03/05/2003 11:00:00,11,0,20.1,
03/05/2003 11:15:00,11,15,20,
03/05/2003 11:30:00,11,30,20.1,
03/05/2003 11:45:00,11,45,20.4,
03/05/2003 12:00:00,12,0,21.4,
03/05/2003 12:15:00,12,15,22.6,
03/05/2003 12:30:00,12,30,23.6,
03/05/2003 12:45:00,12,45,24.6,
03/05/2003 13:00:00,13,0,24.7,
03/05/2003 13:15:00,13,15,24.5,
03/05/2003 13:30:00,13,30,24.7,
03/05/2003 13:45:00,13,45,24.6,
03/05/2003 14:00:00,14,0,24.5,
03/05/2003 14:15:00,14,15,24.3,
03/05/2003 14:30:00,14,30,23.6,
03/05/2003 14:45:00,14,45,24,
03/05/2003 15:00:00,15,0,23.5,
03/05/2003 15:15:00,15,15,23.7,
03/05/2003 15:30:00,15,30,23.9,
03/05/2003 15:45:00,15,45,23,
03/05/2003 16:00:00,16,0,22.6,
03/05/2003 16:15:00,16,15,22.1,
03/05/2003 16:30:00,16,30,20.3,
03/05/2003 16:45:00,16,45,20.4,
03/05/2003 17:00:00,17,0,21.2,
03/05/2003 17:15:00,17,15,20.4,
03/05/2003 17:30:00,17,30,19.6,
03/05/2003 17:45:00,17,45,19.5,
03/05/2003 18:00:00,18,0,21,
03/05/2003 18:15:00,18,15,20.9,
03/05/2003 18:30:00,18,30,20.8,
03/05/2003 18:45:00,18,45,20.6,
03/05/2003 19:00:00,19,0,21.3,
03/05/2003 19:15:00,19,15,21,
03/05/2003 19:30:00,19,30,19.7,
03/05/2003 19:45:00,19,45,18.7,
03/05/2003 20:00:00,20,0,16.5,
03/05/2003 20:15:00,20,15,15.8,
03/05/2003 20:30:00,20,30,14.3,
03/05/2003 20:45:00,20,45,12.3,
03/05/2003 21:00:00,21,0,11.2,
03/05/2003 21:15:00,21,15,9.9,
03/05/2003 21:30:00,21,30,10.7,
03/05/2003 21:45:00,21,45,10.9,
03/05/2003 22:00:00,22,0,9.9,
03/05/2003 22:15:00,22,15,10.9,
03/05/2003 22:30:00,22,30,10.3,
03/05/2003 22:45:00,22,45,11,
03/05/2003 23:00:00,23,0,10.6,
03/05/2003 23:15:00,23,15,10.6,
03/05/2003 23:30:00,23,30,11,
03/05/2003 23:45:00,23,45,11,
03/06/2003 00:00:00,0,0,10.7,
03/06/2003 00:15:00,0,15,11,
03/06/2003 00:30:00,0,30,10.5,
03/06/2003 00:45:00,0,45,11.2,
03/06/2003 01:00:00,1,0,10.8,
03/06/2003 01:15:00,1,15,10.6,
03/06/2003 01:30:00,1,30,10.6,
03/06/2003 01:45:00,1,45,11.1,
03/06/2003 02:00:00,2,0,10.6,
03/06/2003 02:15:00,2,15,10.9,
03/06/2003 02:30:00,2,30,10.9,
03/06/2003 02:45:00,2,45,10.7,
03/06/2003 03:00:00,3,0,10.3,
03/06/2003 03:15:00,3,15,10.9,
03/06/2003 03:30:00,3,30,10.7,
03/06/2003 03:45:00,3,45,11,
03/06/2003 04:00:00,4,0,10.9,
03/06/2003 04:15:00,4,15,10.9,
03/06/2003 04:30:00,4,30,10.8,
03/06/2003 04:45:00,4,45,10.9,
03/06/2003 05:00:00,5,0,10.9,
03/06/2003 05:15:00,5,15,10.7,
03/06/2003 05:30:00,5,30,10.5,
03/06/2003 05:45:00,5,45,11.2,
03/06/2003 06:00:00,6,0,10.3,
03/06/2003 06:15:00,6,15,11.1,
03/06/2003 06:30:00,6,30,11.9,
03/06/2003 06:45:00,6,45,13.4,
03/06/2003 07:00:00,7,0,14.1,
03/06/2003 07:15:00,7,15,15.5,
03/06/2003 07:30:00,7,30,16.7,
03/06/2003 07:45:00,7,45,17.7,
03/06/2003 08:00:00,8,0,19.1,
03/06/2003 08:15:00,8,15,19.8,
03/06/2003 08:30:00,8,30,19.9,
03/06/2003 08:45:00,8,45,19.9,
03/06/2003 09:00:00,9,0,20,
03/06/2003 09:15:00,9,15,20.1,
03/06/2003 09:30:00,9,30,20.5,
03/06/2003 09:45:00,9,45,20.6,
03/06/2003 10:00:00,10,0,20.9,
03/06/2003 10:15:00,10,15,19.9,
03/06/2003 10:30:00,10,30,19.3,
03/06/2003 10:45:00,10,45,19.2,
03/06/2003 11:00:00,11,0,20,
03/06/2003 11:15:00,11,15,20,
03/06/2003 11:30:00,11,30,20.4,
03/06/2003 11:45:00,11,45,20.3,
03/06/2003 12:00:00,12,0,19.8,
03/06/2003 12:15:00,12,15,20.2,
03/06/2003 12:30:00,12,30,20.6,
03/06/2003 12:45:00,12,45,20.8,
03/06/2003 13:00:00,13,0,22.5,
03/06/2003 13:15:00,13,15,22.9,
03/06/2003 13:30:00,13,30,22.7,
03/06/2003 13:45:00,13,45,22.3,
03/06/2003 14:00:00,14,0,21.3,
03/06/2003 14:15:00,14,15,23.1,
03/06/2003 14:30:00,14,30,23,
03/06/2003 14:45:00,14,45,23.4,
03/06/2003 15:00:00,15,0,22.9,
03/06/2003 15:15:00,15,15,22.3,
03/06/2003 15:30:00,15,30,20.8,
03/06/2003 15:45:00,15,45,19.8,
03/06/2003 16:00:00,16,0,19.9,
03/06/2003 16:15:00,16,15,20.2,
03/06/2003 16:30:00,16,30,19.5,
03/06/2003 16:45:00,16,45,19,
03/06/2003 17:00:00,17,0,20,
03/06/2003 17:15:00,17,15,19.5,
03/06/2003 17:30:00,17,30,19.6,
03/06/2003 17:45:00,17,45,21.4,
03/06/2003 18:00:00,18,0,20.9,
03/06/2003 18:15:00,18,15,20.9,
03/06/2003 18:30:00,18,30,21.7,
03/06/2003 18:45:00,18,45,20.9,
03/06/2003 19:00:00,19,0,20.8,
03/06/2003 19:15:00,19,15,21.4,
03/06/2003 19:30:00,19,30,19.6,
03/06/2003 19:45:00,19,45,18.3,
03/06/2003 20:00:00,20,0,16.8,
03/06/2003 20:15:00,20,15,15.1,
03/06/2003 20:30:00,20,30,13.9,
03/06/2003 20:45:00,20,45,13,
03/06/2003 21:00:00,21,0,12.3,
03/06/2003 21:15:00,21,15,11.7,
03/06/2003 21:30:00,21,30,11.4,
03/06/2003 21:45:00,21,45,11.1,
03/06/2003 22:00:00,22,0,10.8,
03/06/2003 22:15:00,22,15,10.3,
03/06/2003 22:30:00,22,30,9.9,
03/06/2003 22:45:00,22,45,10.2,
03/06/2003 23:00:00,23,0,10,
03/06/2003 23:15:00,23,15,9.8,
03/06/2003 23:30:00,23,30,10,
03/06/2003 23:45:00,23,45,9.8,
03/07/2003 00:00:00,0,0,9.9,
03/07/2003 00:15:00,0,15,,
03/07/2003 00:30:00,0,30,9.9,
03/07/2003 00:45:00,0,45,10.1,
03/07/2003 01:00:00,1,0,10,
03/07/2003 01:15:00,1,15,10,
03/07/2003 01:30:00,1,30,10,
03/07/2003 01:45:00,1,45,10,
03/07/2003 02:00:00,2,0,10,
03/07/2003 02:15:00,2,15,10,
03/07/2003 02:30:00,2,30,10,
03/07/2003 02:45:00,2,45,9.9,
03/07/2003 03:00:00,3,0,10,
03/07/2003 03:15:00,3,15,10,
03/07/2003 03:30:00,3,30,10.1,
03/07/2003 03:45:00,3,45,10,
03/07/2003 04:00:00,4,0,10.2,
03/07/2003 04:15:00,4,15,10,
03/07/2003 04:30:00,4,30,10.2,
03/07/2003 04:45:00,4,45,10.1,
03/07/2003 05:00:00,5,0,9.9,
03/07/2003 05:15:00,5,15,10.1,
03/07/2003 05:30:00,5,30,9.9,
03/07/2003 05:45:00,5,45,11.6,
03/07/2003 06:00:00,6,0,10.2,
03/07/2003 06:15:00,6,15,10.8,
03/07/2003 06:30:00,6,30,12.5,
03/07/2003 06:45:00,6,45,13.2,
03/07/2003 07:00:00,7,0,15,
03/07/2003 07:15:00,7,15,16.7,
03/07/2003 07:30:00,7,30,17.5,
03/07/2003 07:45:00,7,45,19.1,
03/07/2003 08:00:00,8,0,19.9,
03/07/2003 08:15:00,8,15,20.8,
03/07/2003 08:30:00,8,30,20.7,
03/07/2003 08:45:00,8,45,20.9,
03/07/2003 09:00:00,9,0,20.6,
03/07/2003 09:15:00,9,15,20.7,
03/07/2003 09:30:00,9,30,20.4,
03/07/2003 09:45:00,9,45,20.3,
03/07/2003 10:00:00,10,0,20,
03/07/2003 10:15:00,10,15,20.6,
03/07/2003 10:30:00,10,30,19.8,
03/07/2003 10:45:00,10,45,19.2,
03/07/2003 11:00:00,11,0,19.4,
03/07/2003 11:15:00,11,15,20.2,
03/07/2003 11:30:00,11,30,20.4,
03/07/2003 11:45:00,11,45,21,
03/07/2003 12:00:00,12,0,22.1,
03/07/2003 12:15:00,12,15,23.2,
03/07/2003 12:30:00,12,30,24.2,
03/07/2003 12:45:00,12,45,25.2,
03/07/2003 13:00:00,13,0,24.8,
03/07/2003 13:15:00,13,15,25,
03/07/2003 13:30:00,13,30,25.5,
03/07/2003 13:45:00,13,45,25.2,
03/07/2003 14:00:00,14,0,25.3,
03/07/2003 14:15:00,14,15,24.7,
03/07/2003 14:30:00,14,30,24.2,
03/07/2003 14:45:00,14,45,23.9,
03/07/2003 15:00:00,15,0,23.9,
03/07/2003 15:15:00,15,15,24.5,
03/07/2003 15:30:00,15,30,24,
03/07/2003 15:45:00,15,45,23.2,
03/07/2003 16:00:00,16,0,22.4,
03/07/2003 16:15:00,16,15,20.9,
03/07/2003 16:30:00,16,30,19.8,
03/07/2003 16:45:00,16,45,19.7,
03/07/2003 17:00:00,17,0,20,
03/07/2003 17:15:00,17,15,19.9,
03/07/2003 17:30:00,17,30,20.4,
03/07/2003 17:45:00,17,45,20.9,
03/07/2003 18:00:00,18,0,20.8,
03/07/2003 18:15:00,18,15,21.6,
03/07/2003 18:30:00,18,30,21.6,
03/07/2003 18:45:00,18,45,21,
03/07/2003 19:00:00,19,0,20.9,
03/07/2003 19:15:00,19,15,20.8,
03/07/2003 19:30:00,19,30,19.3,
03/07/2003 19:45:00,19,45,17.7,
03/07/2003 20:00:00,20,0,16.4,
03/07/2003 20:15:00,20,15,16.5,
03/07/2003 20:30:00,20,30,13.7,
03/07/2003 20:45:00,20,45,13.4,
03/07/2003 21:00:00,21,0,12.6,
03/07/2003 21:15:00,21,15,10.5,
03/07/2003 21:30:00,21,30,10.1,
03/07/2003 21:45:00,21,45,10.3,
03/07/2003 22:00:00,22,0,10.2,
03/07/2003 22:15:00,22,15,10.1,
03/07/2003 22:30:00,22,30,10.4,
03/07/2003 22:45:00,22,45,10,
03/07/2003 23:00:00,23,0,10.6,
03/07/2003 23:15:00,23,15,10.1,
03/07/2003 23:30:00,23,30,11.4,
03/07/2003 23:45:00,23,45,10.4,
03/08/2003 00:00:00,0,0,9.9,
03/08/2003 00:15:00,0,15,9.9,
03/08/2003 00:30:00,0,30,11,
03/08/2003 00:45:00,0,45,11.6,
03/08/2003 01:00:00,1,0,10.8,
03/08/2003 01:15:00,1,15,10.1,
03/08/2003 01:30:00,1,30,10.2,
03/08/2003 01:45:00,1,45,10.5,
03/08/2003 02:00:00,2,0,9.8,
03/08/2003 02:15:00,2,15,11,
03/08/2003 02:30:00,2,30,10.6,
03/08/2003 02:45:00,2,45,10,
03/08/2003 03:00:00,3,0,11.1,
03/08/2003 03:15:00,3,15,10.6,
03/08/2003 03:30:00,3,30,10.8,
03/08/2003 03:45:00,3,45,10.6,
03/08/2003 04:00:00,4,0,10.7,
03/08/2003 04:15:00,4,15,10.6,
03/08/2003 04:30:00,4,30,10.4,
03/08/2003 04:45:00,4,45,10.4,
03/08/2003 05:00:00,5,0,10.7,
03/08/2003 05:15:00,5,15,10.9,
03/08/2003 05:30:00,5,30,11.3,
03/08/2003 05:45:00,5,45,10.7,
03/08/2003 06:00:00,6,0,10.6,
03/08/2003 06:15:00,6,15,11.4,
03/08/2003 06:30:00,6,30,12.9,
03/08/2003 06:45:00,6,45,13.6,
03/08/2003 07:00:00,7,0,15,
03/08/2003 07:15:00,7,15,15.5,
03/08/2003 07:30:00,7,30,17.3,
03/08/2003 07:45:00,7,45,18.1,
03/08/2003 08:00:00,8,0,19.2,
03/08/2003 08:15:00,8,15,20.3,
03/08/2003 08:30:00,8,30,20.3,
03/08/2003 08:45:00,8,45,20.2,
03/08/2003 09:00:00,9,0,20.1,
03/08/2003 09:15:00,9,15,19.8,
03/08/2003 09:30:00,9,30,20.1,
03/08/2003 09:45:00,9,45,19.9,
03/08/2003 10:00:00,10,0,20.4,
03/08/2003 10:15:00,10,15,19.4,
03/08/2003 10:30:00,10,30,19.5,
03/08/2003 10:45:00,10,45,20.2,
03/08/2003 11:00:00,11,0,19.9,
03/08/2003 11:15:00,11,15,19.6,
03/08/2003 11:30:00,11,30,19.3,
03/08/2003 11:45:00,11,45,20,
03/08/2003 12:00:00,12,0,20.2,
03/08/2003 12:15:00,12,15,20.3,
03/08/2003 12:30:00,12,30,20.1,
03/08/2003 12:45:00,12,45,20.3,
03/08/2003 13:00:00,13,0,21.1,
03/08/2003 13:15:00,13,15,22.3,
03/08/2003 13:30:00,13,30,23,
03/08/2003 13:45:00,13,45,23.4,
03/08/2003 14:00:00,14,0,23.7,
03/08/2003 14:15:00,14,15,23.2,
03/08/2003 14:30:00,14,30,23.1,
03/08/2003 14:45:00,14,45,22.8,
03/08/2003 15:00:00,15,0,22.6,
03/08/2003 15:15:00,15,15,22.2,
03/08/2003 15:30:00,15,30,21.6,
03/08/2003 15:45:00,15,45,20.3,
03/08/2003 16:00:00,16,0,20.1,
03/08/2003 16:15:00,16,15,20,
03/08/2003 16:30:00,16,30,20,
03/08/2003 16:45:00,16,45,20,
03/08/2003 17:00:00,17,0,20,
03/08/2003 17:15:00,17,15,19.8,
03/08/2003 17:30:00,17,30,20.1,
03/08/2003 17:45:00,17,45,20,
03/08/2003 18:00:00,18,0,20.9,
03/08/2003 18:15:00,18,15,20.6,
03/08/2003 18:30:00,18,30,21,
03/08/2003 18:45:00,18,45,21.3,
03/08/2003 19:00:00,19,0,20.8,
03/08/2003 19:15:00,19,15,21.1,
03/08/2003 19:30:00,19,30,19.5,
03/08/2003 19:45:00,19,45,18.6,
03/08/2003 20:00:00,20,0,16.7,
03/08/2003 20:15:00,20,15,15.6,
03/08/2003 20:30:00,20,30,13.2,
03/08/2003 20:45:00,20,45,12.4,
03/08/2003 21:00:00,21,0,12.5,
03/08/2003 21:15:00,21,15,10.5,
03/08/2003 21:30:00,21,30,11.7,
03/08/2003 21:45:00,21,45,10.7,
03/08/2003 22:00:00,22,0,10,
03/08/2003 22:15:00,22,15,10.1,
03/08/2003 22:30:00,22,30,11.1,
03/08/2003 22:45:00,22,45,10.3,
03/08/2003 23:00:00,23,0,11.2,
03/08/2003 23:15:00,23,15,11.2,
03/08/2003 23:30:00,23,30,10.6,
03/08/2003 23:45:00,23,45,10.8,
03/09/2003 00:00:00,0,0,11.2,
03/09/2003 00:15:00,0,15,10.7,
03/09/2003 00:30:00,0,30,10.5,
03/09/2003 00:45:00,0,45,10.6,
03/09/2003 01:00:00,1,0,10.5,
03/09/2003 01:15:00,1,15,11,
03/09/2003 01:30:00,1,30,10.8,
03/09/2003 01:45:00,1,45,10.7,
03/09/2003 02:00:00,2,0,10.5,
03/09/2003 02:15:00,2,15,11.2,
03/09/2003 02:30:00,2,30,10.6,
03/09/2003 02:45:00,2,45,11.2,
03/09/2003 03:00:00,3,0,10.6,
03/09/2003 03:15:00,3,15,10.4,
03/09/2003 03:30:00,3,30,10.7,
03/09/2003 03:45:00,3,45,11.2,
03/09/2003 04:00:00,4,0,11,
03/09/2003 04:15:00,4,15,10.5,
03/09/2003 04:30:00,4,30,10.2,
03/09/2003 04:45:00,4,45,11.2,
03/09/2003 05:00:00,5,0,10.5,
03/09/2003 05:15:00,5,15,10.7,
03/09/2003 05:30:00,5,30,11,
03/09/2003 05:45:00,5,45,10.4,
03/09/2003 06:00:00,6,0,10.9,
03/09/2003 06:15:00,6,15,11,
03/09/2003 06:30:00,6,30,12.7,
03/09/2003 06:45:00,6,45,13.3,
03/09/2003 07:00:00,7,0,14.8,
03/09/2003 07:15:00,7,15,15.5,
03/09/2003 07:30:00,7,30,17,
03/09/2003 07:45:00,7,45,17.8,
03/09/2003 08:00:00,8,0,19.3,
03/09/2003 08:15:00,8,15,19.9,
03/09/2003 08:30:00,8,30,20,
03/09/2003 08:45:00,8,45,19.9,
03/09/2003 09:00:00,9,0,20.1,
03/09/2003 09:15:00,9,15,19.9,
03/09/2003 09:30:00,9,30,20.2,
03/09/2003 09:45:00,9,45,19.9,
03/09/2003 10:00:00,10,0,20.1,
03/09/2003 10:15:00,10,15,20,
03/09/2003 10:30:00,10,30,19.4,
03/09/2003 10:45:00,10,45,19.6,
03/09/2003 11:00:00,11,0,20.6,
03/09/2003 11:15:00,11,15,20.2,
03/09/2003 11:30:00,11,30,20.1,
03/09/2003 11:45:00,11,45,20.1,
03/09/2003 12:00:00,12,0,20,
03/09/2003 12:15:00,12,15,20.1,
03/09/2003 12:30:00,12,30,20.3,
03/09/2003 12:45:00,12,45,21.2,
03/09/2003 13:00:00,13,0,21.3,
03/09/2003 13:15:00,13,15,19.8,
03/09/2003 13:30:00,13,30,19.9,
03/09/2003 13:45:00,13,45,20.1,
03/09/2003 14:00:00,14,0,19.9,
03/09/2003 14:15:00,14,15,19.4,
03/09/2003 14:30:00,14,30,19.7,
03/09/2003 14:45:00,14,45,20.1,
03/09/2003 15:00:00,15,0,20,
03/09/2003 15:15:00,15,15,19.9,
03/09/2003 15:30:00,15,30,20.2,
03/09/2003 15:45:00,15,45,19.9,
03/09/2003 16:00:00,16,0,20,
03/09/2003 16:15:00,16,15,20,
03/09/2003 16:30:00,16,30,19.6,
03/09/2003 16:45:00,16,45,19.4,
03/09/2003 17:00:00,17,0,20.5,
03/09/2003 17:15:00,17,15,20.6,
03/09/2003 17:30:00,17,30,21.6,
03/09/2003 17:45:00,17,45,20.7,
03/09/2003 18:00:00,18,0,21.3,
03/09/2003 18:15:00,18,15,20.7,
03/09/2003 18:30:00,18,30,21.5,
03/09/2003 18:45:00,18,45,21.1,
03/09/2003 19:00:00,19,0,21.3,
03/09/2003 19:15:00,19,15,20.5,
03/09/2003 19:30:00,19,30,19.8,
03/09/2003 19:45:00,19,45,17.7,
03/09/2003 20:00:00,20,0,16.2,
03/09/2003 20:15:00,20,15,15.6,
03/09/2003 20:30:00,20,30,13.2,
03/09/2003 20:45:00,20,45,13.2,
03/09/2003 21:00:00,21,0,11.2,
03/09/2003 21:15:00,21,15,9.9,
03/09/2003 21:30:00,21,30,10,
03/09/2003 21:45:00,21,45,10.2,
03/09/2003 22:00:00,22,0,9.9,
03/09/2003 22:15:00,22,15,9.8,
03/09/2003 22:30:00,22,30,10,
03/09/2003 22:45:00,22,45,11,
03/09/2003 23:00:00,23,0,10.8,
03/09/2003 23:15:00,23,15,10.7,
03/09/2003 23:30:00,23,30,10.5,
03/09/2003 23:45:00,23,45,10.4,
03/10/2003 00:00:00,0,0,10.4,
03/10/2003 00:15:00,0,15,10.2,
03/10/2003 00:30:00,0,30,11.2,
03/10/2003 00:45:00,0,45,10.2,
03/10/2003 01:00:00,1,0,10.5,
03/10/2003 01:15:00,1,15,11,
03/10/2003 01:30:00,1,30,10.6,
03/10/2003 01:45:00,1,45,10.9,
03/10/2003 02:00:00,2,0,9.9,
03/10/2003 02:15:00,2,15,10.7,
03/10/2003 02:30:00,2,30,10.9,
03/10/2003 02:45:00,2,45,10.5,
03/10/2003 03:00:00,3,0,10.9,
03/10/2003 03:15:00,3,15,10.4,
03/10/2003 03:30:00,3,30,11.1,
03/10/2003 03:45:00,3,45,10.7,
03/10/2003 04:00:00,4,0,10.5,
03/10/2003 04:15:00,4,15,10.5,
03/10/2003 04:30:00,4,30,10.6,
03/10/2003 04:45:00,4,45,11,
03/10/2003 05:00:00,5,0,11,
03/10/2003 05:15:00,5,15,10.8,
03/10/2003 05:30:00,5,30,10.8,
03/10/2003 05:45:00,5,45,10.4,
03/10/2003 06:00:00,6,0,11.1,
03/10/2003 06:15:00,6,15,11.1,
03/10/2003 06:30:00,6,30,13.1,
03/10/2003 06:45:00,6,45,13.7,
03/10/2003 07:00:00,7,0,15.5,
03/10/2003 07:15:00,7,15,15.8,
03/10/2003 07:30:00,7,30,17.2,
03/10/2003 07:45:00,7,45,18,
03/10/2003 08:00:00,8,0,19.4,
03/10/2003 08:15:00,8,15,19.8,
03/10/2003 08:30:00,8,30,20.3,
03/10/2003 08:45:00,8,45,19.7,
03/10/2003 09:00:00,9,0,20.2,
03/10/2003 09:15:00,9,15,20.3,
03/10/2003 09:30:00,9,30,20.3,
03/10/2003 09:45:00,9,45,19.6,
03/10/2003 10:00:00,10,0,19.5,
03/10/2003 10:15:00,10,15,19.2,
03/10/2003 10:30:00,10,30,19.4,
03/10/2003 10:45:00,10,45,19.6,
03/10/2003 11:00:00,11,0,20.1,
03/10/2003 11:15:00,11,15,19.9,
03/10/2003 11:30:00,11,30,20.1,
03/10/2003 11:45:00,11,45,20.3,
03/10/2003 12:00:00,12,0,21.3,
03/10/2003 12:15:00,12,15,21.9,
03/10/2003 12:30:00,12,30,23.3,
03/10/2003 12:45:00,12,45,24.4,
03/10/2003 13:00:00,13,0,24.9,
03/10/2003 13:15:00,13,15,25.3,
03/10/2003 13:30:00,13,30,25.2,
03/10/2003 13:45:00,13,45,24.8,
03/10/2003 14:00:00,14,0,24.7,
03/10/2003 14:15:00,14,15,24.9,
03/10/2003 14:30:00,14,30,24.7,
03/10/2003 14:45:00,14,45,24.3,
03/10/2003 15:00:00,15,0,24.4,
03/10/2003 15:15:00,15,15,24.1,
03/10/2003 15:30:00,15,30,24.1,
03/10/2003 15:45:00,15,45,23.7,
03/10/2003 16:00:00,16,0,23.2,
03/10/2003 16:15:00,16,15,23.1,
03/10/2003 16:30:00,16,30,23,
03/10/2003 16:45:00,16,45,22.8,
03/10/2003 17:00:00,17,0,22.4,
03/10/2003 17:15:00,17,15,21.6,
03/10/2003 17:30:00,17,30,21.5,
03/10/2003 17:45:00,17,45,20.9,
03/10/2003 18:00:00,18,0,19.6,
03/10/2003 18:15:00,18,15,19.5,
03/10/2003 18:30:00,18,30,20,
03/10/2003 18:45:00,18,45,21.2,
03/10/2003 19:00:00,19,0,21.1,
03/10/2003 19:15:00,19,15,21.4,
03/10/2003 19:30:00,19,30,18.7,
03/10/2003 19:45:00,19,45,19.5,
03/10/2003 20:00:00,20,0,16.7,
03/10/2003 20:15:00,20,15,15.6,
03/10/2003 20:30:00,20,30,14.7,
03/10/2003 20:45:00,20,45,13,
03/10/2003 21:00:00,21,0,11.8,
03/10/2003 21:15:00,21,15,11.1,
03/10/2003 21:30:00,21,30,10.7,
03/10/2003 21:45:00,21,45,10.5,
03/10/2003 22:00:00,22,0,10.4,
03/10/2003 22:15:00,22,15,10,
03/10/2003 22:30:00,22,30,10.1,
03/10/2003 22:45:00,22,45,10,
03/10/2003 23:00:00,23,0,10,
03/10/2003 23:15:00,23,15,9.9,
03/10/2003 23:30:00,23,30,10.2,
03/10/2003 23:45:00,23,45,9.9,
03/11/2003 00:00:00,0,0,10,
03/11/2003 00:15:00,0,15,10,
03/11/2003 00:30:00,0,30,9.9,
03/11/2003 00:45:00,0,45,10,
03/11/2003 01:00:00,1,0,10.5,
03/11/2003 01:15:00,1,15,11,
03/11/2003 01:30:00,1,30,11.2,
03/11/2003 01:45:00,1,45,10.9,
03/11/2003 02:00:00,2,0,9.7,
03/11/2003 02:15:00,2,15,10.1,
03/11/2003 02:30:00,2,30,10.1,
03/11/2003 02:45:00,2,45,10,
03/11/2003 03:00:00,3,0,11,
03/11/2003 03:15:00,3,15,9.8,
03/11/2003 03:30:00,3,30,10,
03/11/2003 03:45:00,3,45,10.1,
03/11/2003 04:00:00,4,0,11.5,
03/11/2003 04:15:00,4,15,10.2,
03/11/2003 04:30:00,4,30,10.6,
03/11/2003 04:45:00,4,45,10,
03/11/2003 05:00:00,5,0,10,
03/11/2003 05:15:00,5,15,10.5,
03/11/2003 05:30:00,5,30,10,
03/11/2003 05:45:00,5,45,10.2,
03/11/2003 06:00:00,6,0,11.7,
03/11/2003 06:15:00,6,15,10.7,
03/11/2003 06:30:00,6,30,13,
03/11/2003 06:45:00,6,45,14.5,
03/11/2003 07:00:00,7,0,15.5,
03/11/2003 07:15:00,7,15,16.1,
03/11/2003 07:30:00,7,30,18.2,
03/11/2003 07:45:00,7,45,19.6,
03/11/2003 08:00:00,8,0,20.3,
03/11/2003 08:15:00,8,15,21.4,
03/11/2003 08:30:00,8,30,21.1,
03/11/2003 08:45:00,8,45,21.3,
03/11/2003 09:00:00,9,0,20.9,
03/11/2003 09:15:00,9,15,21.1,
03/11/2003 09:30:00,9,30,20.1,
03/11/2003 09:45:00,9,45,20.3,
03/11/2003 10:00:00,10,0,19.6,
03/11/2003 10:15:00,10,15,19.6,
03/11/2003 10:30:00,10,30,19.7,
03/11/2003 10:45:00,10,45,19.8,
03/11/2003 11:00:00,11,0,19.4,
03/11/2003 11:15:00,11,15,19.9,
03/11/2003 11:30:00,11,30,19.6,
03/11/2003 11:45:00,11,45,19.4,
03/11/2003 12:00:00,12,0,19.7,
03/11/2003 12:15:00,12,15,20.1,
03/11/2003 12:30:00,12,30,20.4,
03/11/2003 12:45:00,12,45,20.3,
03/11/2003 13:00:00,13,0,20.9,
03/11/2003 13:15:00,13,15,20,
03/11/2003 13:30:00,13,30,20.1,
03/11/2003 13:45:00,13,45,20.3,
03/11/2003 14:00:00,14,0,20,
03/11/2003 14:15:00,14,15,20.9,
03/11/2003 14:30:00,14,30,20.3,
03/11/2003 14:45:00,14,45,20.4,
03/11/2003 15:00:00,15,0,20.9,
03/11/2003 15:15:00,15,15,20,
03/11/2003 15:30:00,15,30,20.6,
03/11/2003 15:45:00,15,45,19.9,
03/11/2003 16:00:00,16,0,20.1,
03/11/2003 16:15:00,16,15,20.3,
03/11/2003 16:30:00,16,30,20.7,
03/11/2003 16:45:00,16,45,20.2,
03/11/2003 17:00:00,17,0,21.1,
03/11/2003 17:15:00,17,15,20.3,
03/11/2003 17:30:00,17,30,20.9,
03/11/2003 17:45:00,17,45,21.5,
03/11/2003 18:00:00,18,0,20.8,
03/11/2003 18:15:00,18,15,20.9,
03/11/2003 18:30:00,18,30,20.8,
03/11/2003 18:45:00,18,45,20.5,
03/11/2003 19:00:00,19,0,21.1,
03/11/2003 19:15:00,19,15,20.3,
03/11/2003 19:30:00,19,30,19.6,
03/11/2003 19:45:00,19,45,17.2,
03/11/2003 20:00:00,20,0,17.6,
03/11/2003 20:15:00,20,15,15,
03/11/2003 20:30:00,20,30,13.2,
03/11/2003 20:45:00,20,45,12.8,
03/11/2003 21:00:00,21,0,11.6,
03/11/2003 21:15:00,21,15,10.6,
03/11/2003 21:30:00,21,30,10,
03/11/2003 21:45:00,21,45,10,
03/11/2003 22:00:00,22,0,10.1,
03/11/2003 22:15:00,22,15,10,
03/11/2003 22:30:00,22,30,10.1,
03/11/2003 22:45:00,22,45,10,
03/11/2003 23:00:00,23,0,10.7,
03/11/2003 23:15:00,23,15,10.3,
03/11/2003 23:30:00,23,30,10.3,
03/11/2003 23:45:00,23,45,10.2,
03/12/2003 00:00:00,0,0,11.8,
03/12/2003 00:15:00,0,15,10.2,
03/12/2003 00:30:00,0,30,11.1,
03/12/2003 00:45:00,0,45,10.3,
03/12/2003 01:00:00,1,0,10.2,
03/12/2003 01:15:00,1,15,10.2,
03/12/2003 01:30:00,1,30,10.5,
03/12/2003 01:45:00,1,45,10.5,
03/12/2003 02:00:00,2,0,10.3,
03/12/2003 02:15:00,2,15,10.1,
03/12/2003 02:30:00,2,30,10.6,
03/12/2003 02:45:00,2,45,10.8,
03/12/2003 03:00:00,3,0,10.8,
03/12/2003 03:15:00,3,15,10.4,
03/12/2003 03:30:00,3,30,10.8,
03/12/2003 03:45:00,3,45,10.2,
03/12/2003 04:00:00,4,0,10.4,
03/12/2003 04:15:00,4,15,10.3,
03/12/2003 04:30:00,4,30,11,
03/12/2003 04:45:00,4,45,10.8,
03/12/2003 05:00:00,5,0,10.3,
03/12/2003 05:15:00,5,15,10.6,
03/12/2003 05:30:00,5,30,11.3,
03/12/2003 05:45:00,5,45,11.2,
03/12/2003 06:00:00,6,0,11,
03/12/2003 06:15:00,6,15,11.6,
03/12/2003 06:30:00,6,30,12.6,
03/12/2003 06:45:00,6,45,13.7,
03/12/2003 07:00:00,7,0,14.8,
03/12/2003 07:15:00,7,15,16.5,
03/12/2003 07:30:00,7,30,17.7,
03/12/2003 07:45:00,7,45,18.8,
03/12/2003 08:00:00,8,0,19.5,
03/12/2003 08:15:00,8,15,20.4,
03/12/2003 08:30:00,8,30,20.4,
03/12/2003 08:45:00,8,45,20.2,
03/12/2003 09:00:00,9,0,20.6,
03/12/2003 09:15:00,9,15,19.9,
03/12/2003 09:30:00,9,30,20,
03/12/2003 09:45:00,9,45,19.7,
03/12/2003 10:00:00,10,0,20.2,
03/12/2003 10:15:00,10,15,19.8,
03/12/2003 10:30:00,10,30,20.3,
03/12/2003 10:45:00,10,45,20.1,
03/12/2003 11:00:00,11,0,20.7,
03/12/2003 11:15:00,11,15,21.9,
03/12/2003 11:30:00,11,30,22.9,
03/12/2003 11:45:00,11,45,23.5,
03/12/2003 12:00:00,12,0,23.5,
03/12/2003 12:15:00,12,15,25,
03/12/2003 12:30:00,12,30,24.9,
03/12/2003 12:45:00,12,45,25.2,
03/12/2003 13:00:00,13,0,22.6,
03/12/2003 13:15:00,13,15,22.9,
03/12/2003 13:30:00,13,30,27.4,
03/12/2003 13:45:00,13,45,25.1,
03/12/2003 14:00:00,14,0,22.7,
03/12/2003 14:15:00,14,15,21.6,
03/12/2003 14:30:00,14,30,22.4,
03/12/2003 14:45:00,14,45,22.3,
03/12/2003 15:00:00,15,0,22.3,
03/12/2003 15:15:00,15,15,22.1,
03/12/2003 15:30:00,15,30,22.6,
03/12/2003 15:45:00,15,45,21.3,
03/12/2003 16:00:00,16,0,20.7,
03/12/2003 16:15:00,16,15,21.9,
03/12/2003 16:30:00,16,30,22.5,
03/12/2003 16:45:00,16,45,22.6,
03/12/2003 17:00:00,17,0,21.6,
03/12/2003 17:15:00,17,15,22.2,
03/12/2003 17:30:00,17,30,22.1,
03/12/2003 17:45:00,17,45,21.3,
03/12/2003 18:00:00,18,0,19.7,
03/12/2003 18:15:00,18,15,19.5,
03/12/2003 18:30:00,18,30,19.9,
03/12/2003 18:45:00,18,45,19.9,
03/12/2003 19:00:00,19,0,20.1,
03/12/2003 19:15:00,19,15,20.4,
03/12/2003 19:30:00,19,30,19.6,
03/12/2003 19:45:00,19,45,18.4,
03/12/2003 20:00:00,20,0,16.2,
03/12/2003 20:15:00,20,15,16.1,
03/12/2003 20:30:00,20,30,13.5,
03/12/2003 20:45:00,20,45,13.3,
03/12/2003 21:00:00,21,0,12.1,
03/12/2003 21:15:00,21,15,10.6,
03/12/2003 21:30:00,21,30,9.9,
03/12/2003 21:45:00,21,45,10.1,
03/12/2003 22:00:00,22,0,11.6,
03/12/2003 22:15:00,22,15,10.6,
03/12/2003 22:30:00,22,30,10.6,
03/12/2003 22:45:00,22,45,10.6,
03/12/2003 23:00:00,23,0,10.4,
03/12/2003 23:15:00,23,15,11.4,
03/12/2003 23:30:00,23,30,10.4,
03/12/2003 23:45:00,23,45,10.3,
03/13/2003 00:00:00,0,0,10.5,
03/13/2003 00:15:00,0,15,10.4,
03/13/2003 00:30:00,0,30,10.3,
03/13/2003 00:45:00,0,45,11.4,
03/13/2003 01:00:00,1,0,10.8,
03/13/2003 01:15:00,1,15,10.8,
03/13/2003 01:30:00,1,30,11.1,
03/13/2003 01:45:00,1,45,10.7,
03/13/2003 02:00:00,2,0,11.1,
03/13/2003 02:15:00,2,15,10.6,
03/13/2003 02:30:00,2,30,11.3,
03/13/2003 02:45:00,2,45,11.1,
03/13/2003 03:00:00,3,0,10.9,
03/13/2003 03:15:00,3,15,11,
03/13/2003 03:30:00,3,30,10.7,
03/13/2003 03:45:00,3,45,10.5,
03/13/2003 04:00:00,4,0,10.6,
03/13/2003 04:15:00,4,15,10.8,
03/13/2003 04:30:00,4,30,11,
03/13/2003 04:45:00,4,45,11.3,
03/13/2003 05:00:00,5,0,11,
03/13/2003 05:15:00,5,15,11.4,
03/13/2003 05:30:00,5,30,10.8,
03/13/2003 05:45:00,5,45,10.7,
03/13/2003 06:00:00,6,0,10.7,
03/13/2003 06:15:00,6,15,11.2,
03/13/2003 06:30:00,6,30,13,
03/13/2003 06:45:00,6,45,13.9,
03/13/2003 07:00:00,7,0,15.4,
03/13/2003 07:15:00,7,15,16,
03/13/2003 07:30:00,7,30,17.4,
03/13/2003 07:45:00,7,45,18.1,
03/13/2003 08:00:00,8,0,19.5,
03/13/2003 08:15:00,8,15,20.2,
03/13/2003 08:30:00,8,30,20.3,
03/13/2003 08:45:00,8,45,20.3,
03/13/2003 09:00:00,9,0,20.4,
03/13/2003 09:15:00,9,15,20,
03/13/2003 09:30:00,9,30,20,
03/13/2003 09:45:00,9,45,20.4,
03/13/2003 10:00:00,10,0,20,
03/13/2003 10:15:00,10,15,20,
03/13/2003 10:30:00,10,30,19.6,
03/13/2003 10:45:00,10,45,19.9,
03/13/2003 11:00:00,11,0,20,
03/13/2003 11:15:00,11,15,20.4,
03/13/2003 11:30:00,11,30,21.1,
03/13/2003 11:45:00,11,45,21.7,
03/13/2003 12:00:00,12,0,23.3,
03/13/2003 12:15:00,12,15,24,
03/13/2003 12:30:00,12,30,23.8,
03/13/2003 12:45:00,12,45,24.6,
03/13/2003 13:00:00,13,0,26.2,
03/13/2003 13:15:00,13,15,26.7,
03/13/2003 13:30:00,13,30,25.7,
03/13/2003 13:45:00,13,45,24.8,
03/13/2003 14:00:00,14,0,24.3,
03/13/2003 14:15:00,14,15,23.7,
03/13/2003 14:30:00,14,30,23.6,
03/13/2003 14:45:00,14,45,23.9,
03/13/2003 15:00:00,15,0,24.1,
03/13/2003 15:15:00,15,15,23.3,
03/13/2003 15:30:00,15,30,22.5,
03/13/2003 15:45:00,15,45,21.7,
03/13/2003 16:00:00,16,0,21.1,
03/13/2003 16:15:00,16,15,20.1,
03/13/2003 16:30:00,16,30,19.8,
03/13/2003 16:45:00,16,45,19.3,
03/13/2003 17:00:00,17,0,18.8,
03/13/2003 17:15:00,17,15,19.4,
03/13/2003 17:30:00,17,30,19.8,
03/13/2003 17:45:00,17,45,20.1,
03/13/2003 18:00:00,18,0,21.1,
03/13/2003 18:15:00,18,15,20.4,
03/13/2003 18:30:00,18,30,20.7,
03/13/2003 18:45:00,18,45,20.7,
03/13/2003 19:00:00,19,0,20.5,
03/13/2003 19:15:00,19,15,21.3,
03/13/2003 19:30:00,19,30,18.7,
03/13/2003 19:45:00,19,45,18.2,
03/13/2003 20:00:00,20,0,16.3,
03/13/2003 20:15:00,20,15,15,
03/13/2003 20:30:00,20,30,13.8,
03/13/2003 20:45:00,20,45,12.7,
03/13/2003 21:00:00,21,0,12,
03/13/2003 21:15:00,21,15,11.6,
03/13/2003 21:30:00,21,30,11.3,
03/13/2003 21:45:00,21,45,11.2,
03/13/2003 22:00:00,22,0,11.2,
03/13/2003 22:15:00,22,15,10.9,
03/13/2003 22:30:00,22,30,10.3,
03/13/2003 22:45:00,22,45,10,
03/13/2003 23:00:00,23,0,9.7,
03/13/2003 23:15:00,23,15,9.9,
03/13/2003 23:30:00,23,30,9.8,
03/13/2003 23:45:00,23,45,9.7,
03/14/2003 00:00:00,0,0,9.9,
03/14/2003 00:15:00,0,15,9.9,
03/14/2003 00:30:00,0,30,10.4,
03/14/2003 00:45:00,0,45,10.1,
03/14/2003 01:00:00,1,0,9.8,
03/14/2003 01:15:00,1,15,10,
03/14/2003 01:30:00,1,30,10.1,
03/14/2003 01:45:00,1,45,10.2,
03/14/2003 02:00:00,2,0,9.9,
03/14/2003 02:15:00,2,15,10.1,
03/14/2003 02:30:00,2,30,10,
03/14/2003 02:45:00,2,45,10,
03/14/2003 03:00:00,3,0,10,
03/14/2003 03:15:00,3,15,10.1,
03/14/2003 03:30:00,3,30,10.7,
03/14/2003 03:45:00,3,45,10.2,
03/14/2003 04:00:00,4,0,10,
03/14/2003 04:15:00,4,15,10.1,
03/14/2003 04:30:00,4,30,10,
03/14/2003 04:45:00,4,45,9.9,
03/14/2003 05:00:00,5,0,10.1,
03/14/2003 05:15:00,5,15,10.1,
03/14/2003 05:30:00,5,30,10.1,
03/14/2003 05:45:00,5,45,9.9,
03/14/2003 06:00:00,6,0,10,
03/14/2003 06:15:00,6,15,11,
03/14/2003 06:30:00,6,30,11.7,
03/14/2003 06:45:00,6,45,14.4,
03/14/2003 07:00:00,7,0,15.4,
03/14/2003 07:15:00,7,15,16.5,
03/14/2003 07:30:00,7,30,17.6,
03/14/2003 07:45:00,7,45,19.1,
03/14/2003 08:00:00,8,0,20.8,
03/14/2003 08:15:00,8,15,21.4,
03/14/2003 08:30:00,8,30,21.1,
03/14/2003 08:45:00,8,45,21.1,
03/14/2003 09:00:00,9,0,20.2,
03/14/2003 09:15:00,9,15,21.4,
03/14/2003 09:30:00,9,30,20.4,
03/14/2003 09:45:00,9,45,20.1,
03/14/2003 10:00:00,10,0,20.1,
03/14/2003 10:15:00,10,15,19.8,
03/14/2003 10:30:00,10,30,19.9,
03/14/2003 10:45:00,10,45,20.2,
03/14/2003 11:00:00,11,0,21.1,
03/14/2003 11:15:00,11,15,20,
03/14/2003 11:30:00,11,30,20.1,
03/14/2003 11:45:00,11,45,20.2,
03/14/2003 12:00:00,12,0,20.3,
03/14/2003 12:15:00,12,15,20.1,
03/14/2003 12:30:00,12,30,19.9,
03/14/2003 12:45:00,12,45,20.3,
03/14/2003 13:00:00,13,0,19.8,
03/14/2003 13:15:00,13,15,19.8,
03/14/2003 13:30:00,13,30,19.9,
03/14/2003 13:45:00,13,45,19.9,
03/14/2003 14:00:00,14,0,20.3,
03/14/2003 14:15:00,14,15,20.4,
03/14/2003 14:30:00,14,30,20,
03/14/2003 14:45:00,14,45,19.9,
03/14/2003 15:00:00,15,0,19.7,
03/14/2003 15:15:00,15,15,19.5,
03/14/2003 15:30:00,15,30,20.3,
03/14/2003 15:45:00,15,45,20.4,
03/14/2003 16:00:00,16,0,20.3,
03/14/2003 16:15:00,16,15,20.3,
03/14/2003 16:30:00,16,30,20.1,
03/14/2003 16:45:00,16,45,20.8,
03/14/2003 17:00:00,17,0,20.9,
03/14/2003 17:15:00,17,15,20.4,
03/14/2003 17:30:00,17,30,20.7,
03/14/2003 17:45:00,17,45,20.5,
03/14/2003 18:00:00,18,0,20.2,
03/14/2003 18:15:00,18,15,21.9,
03/14/2003 18:30:00,18,30,20.5,
03/14/2003 18:45:00,18,45,21.4,
03/14/2003 19:00:00,19,0,20.6,
03/14/2003 19:15:00,19,15,21.7,
03/14/2003 19:30:00,19,30,19.7,
03/14/2003 19:45:00,19,45,17.8,
03/14/2003 20:00:00,20,0,16.8,
03/14/2003 20:15:00,20,15,16.1,
03/14/2003 20:30:00,20,30,15.5,
03/14/2003 20:45:00,20,45,15.2,
03/14/2003 21:00:00,21,0,14.8,
03/14/2003 21:15:00,21,15,14.5,
03/14/2003 21:30:00,21,30,14.2,
03/14/2003 21:45:00,21,45,14.1,
03/14/2003 22:00:00,22,0,13.9,
03/14/2003 22:15:00,22,15,13.6,
03/14/2003 22:30:00,22,30,13,
03/14/2003 22:45:00,22,45,12.7,
03/14/2003 23:00:00,23,0,12.5,
03/14/2003 23:15:00,23,15,12.2,
03/14/2003 23:30:00,23,30,11.9,
03/14/2003 23:45:00,23,45,11.8,
03/15/2003 00:00:00,0,0,11.6,
03/15/2003 00:15:00,0,15,11.4,
03/15/2003 00:30:00,0,30,11.3,
03/15/2003 00:45:00,0,45,11.2,
03/15/2003 01:00:00,1,0,11.1,
03/15/2003 01:15:00,1,15,11.1,
03/15/2003 01:30:00,1,30,10.9,
03/15/2003 01:45:00,1,45,10.9,
03/15/2003 02:00:00,2,0,10.8,
03/15/2003 02:15:00,2,15,10.7,
03/15/2003 02:30:00,2,30,10.6,
03/15/2003 02:45:00,2,45,10.5,
03/15/2003 03:00:00,3,0,10.5,
03/15/2003 03:15:00,3,15,10.4,
03/15/2003 03:30:00,3,30,10.4,
03/15/2003 03:45:00,3,45,10.4,
03/15/2003 04:00:00,4,0,10.3,
03/15/2003 04:15:00,4,15,10.1,
03/15/2003 04:30:00,4,30,10,
03/15/2003 04:45:00,4,45,9.8,
03/15/2003 05:00:00,5,0,9.9,
03/15/2003 05:15:00,5,15,10.2,
03/15/2003 05:30:00,5,30,10.1,
03/15/2003 05:45:00,5,45,10,
03/15/2003 06:00:00,6,0,10.4,
03/15/2003 06:15:00,6,15,10.7,
03/15/2003 06:30:00,6,30,12.1,
03/15/2003 06:45:00,6,45,14.3,
03/15/2003 07:00:00,7,0,14.9,
03/15/2003 07:15:00,7,15,16.6,
03/15/2003 07:30:00,7,30,17.9,
03/15/2003 07:45:00,7,45,19.3,
03/15/2003 08:00:00,8,0,20.2,
03/15/2003 08:15:00,8,15,20.6,
03/15/2003 08:30:00,8,30,20.3,
03/15/2003 08:45:00,8,45,21.2,
03/15/2003 09:00:00,9,0,20.9,
03/15/2003 09:15:00,9,15,20.2,
03/15/2003 09:30:00,9,30,21.2,
03/15/2003 09:45:00,9,45,20.2,
03/15/2003 10:00:00,10,0,19.7,
03/15/2003 10:15:00,10,15,20.3,
03/15/2003 10:30:00,10,30,20.8,
03/15/2003 10:45:00,10,45,21.5,
03/15/2003 11:00:00,11,0,23,
03/15/2003 11:15:00,11,15,24.4,
03/15/2003 11:30:00,11,30,25.5,
03/15/2003 11:45:00,11,45,26.2,
03/15/2003 12:00:00,12,0,26.7,
03/15/2003 12:15:00,12,15,26.9,
03/15/2003 12:30:00,12,30,26.9,
03/15/2003 12:45:00,12,45,26.9,
03/15/2003 13:00:00,13,0,27.3,
03/15/2003 13:15:00,13,15,27.5,
03/15/2003 13:30:00,13,30,27.6,
03/15/2003 13:45:00,13,45,27.6,
03/15/2003 14:00:00,14,0,27.4,
03/15/2003 14:15:00,14,15,27.2,
03/15/2003 14:30:00,14,30,27.1,
03/15/2003 14:45:00,14,45,27.1,
03/15/2003 15:00:00,15,0,27.2,
03/15/2003 15:15:00,15,15,27,
03/15/2003 15:30:00,15,30,26.8,
03/15/2003 15:45:00,15,45,26.4,
03/15/2003 16:00:00,16,0,26.1,
03/15/2003 16:15:00,16,15,25.9,
03/15/2003 16:30:00,16,30,25.4,
03/15/2003 16:45:00,16,45,24.9,
03/15/2003 17:00:00,17,0,24.3,
03/15/2003 17:15:00,17,15,23.9,
03/15/2003 17:30:00,17,30,23.5,
03/15/2003 17:45:00,17,45,22.8,
03/15/2003 18:00:00,18,0,22.1,
03/15/2003 18:15:00,18,15,21.4,
03/15/2003 18:30:00,18,30,21.1,
03/15/2003 18:45:00,18,45,20.4,
03/15/2003 19:00:00,19,0,20.2,
03/15/2003 19:15:00,19,15,20.4,
03/15/2003 19:30:00,19,30,19.5,
03/15/2003 19:45:00,19,45,18.3,
03/15/2003 20:00:00,20,0,17.4,
03/15/2003 20:15:00,20,15,16.9,
03/15/2003 20:30:00,20,30,16.5,
03/15/2003 20:45:00,20,45,16.2,
03/15/2003 21:00:00,21,0,15.8,
03/15/2003 21:15:00,21,15,15.4,
03/15/2003 21:30:00,21,30,15,
03/15/2003 21:45:00,21,45,14.7,
03/15/2003 22:00:00,22,0,14.5,
03/15/2003 22:15:00,22,15,14,
03/15/2003 22:30:00,22,30,13.4,
03/15/2003 22:45:00,22,45,13,
03/15/2003 23:00:00,23,0,12.8,
03/15/2003 23:15:00,23,15,12.5,
03/15/2003 23:30:00,23,30,12.4,
03/15/2003 23:45:00,23,45,12.1,
03/16/2003 00:00:00,0,0,12,
03/16/2003 00:15:00,0,15,11.7,
03/16/2003 00:30:00,0,30,11.6,
03/16/2003 00:45:00,0,45,11.5,
03/16/2003 01:00:00,1,0,11.4,
03/16/2003 01:15:00,1,15,11.3,
03/16/2003 01:30:00,1,30,11.2,
03/16/2003 01:45:00,1,45,11,
03/16/2003 02:00:00,2,0,10.8,
03/16/2003 02:15:00,2,15,10.7,
03/16/2003 02:30:00,2,30,10.6,
03/16/2003 02:45:00,2,45,10.6,
03/16/2003 03:00:00,3,0,10.7,
03/16/2003 03:15:00,3,15,10.8,
03/16/2003 03:30:00,3,30,10.8,
03/16/2003 03:45:00,3,45,10.8,
03/16/2003 04:00:00,4,0,10.8,
03/16/2003 04:15:00,4,15,10.7,
03/16/2003 04:30:00,4,30,10.7,
03/16/2003 04:45:00,4,45,10.6,
03/16/2003 05:00:00,5,0,10.5,
03/16/2003 05:15:00,5,15,10.4,
03/16/2003 05:30:00,5,30,10.3,
03/16/2003 05:45:00,5,45,10.3,
03/16/2003 06:00:00,6,0,10.1,
03/16/2003 06:15:00,6,15,10.3,
03/16/2003 06:30:00,6,30,11.8,
03/16/2003 06:45:00,6,45,13.1,
03/16/2003 07:00:00,7,0,15.8,
03/16/2003 07:15:00,7,15,16.5,
03/16/2003 07:30:00,7,30,17.3,
03/16/2003 07:45:00,7,45,19,
03/16/2003 08:00:00,8,0,20.4,
03/16/2003 08:15:00,8,15,21.3,
03/16/2003 08:30:00,8,30,20.9,
03/16/2003 08:45:00,8,45,20.8,
03/16/2003 09:00:00,9,0,20.3,
03/16/2003 09:15:00,9,15,20,
03/16/2003 09:30:00,9,30,20.1,
03/16/2003 09:45:00,9,45,21.1,
03/16/2003 10:00:00,10,0,22.6,
03/16/2003 10:15:00,10,15,24,
03/16/2003 10:30:00,10,30,24.7,
03/16/2003 10:45:00,10,45,25.7,
03/16/2003 11:00:00,11,0,26.5,
03/16/2003 11:15:00,11,15,27,
03/16/2003 11:30:00,11,30,27.3,
03/16/2003 11:45:00,11,45,27.6,
03/16/2003 12:00:00,12,0,27.8,
03/16/2003 12:15:00,12,15,28.1,
03/16/2003 12:30:00,12,30,28.3,
03/16/2003 12:45:00,12,45,28.6,
03/16/2003 13:00:00,13,0,28.9,
03/16/2003 13:15:00,13,15,29.5,
03/16/2003 13:30:00,13,30,30.2,
03/16/2003 13:45:00,13,45,30,
03/16/2003 14:00:00,14,0,29.2,
03/16/2003 14:15:00,14,15,28.6,
03/16/2003 14:30:00,14,30,28.2,
03/16/2003 14:45:00,14,45,27.9,
03/16/2003 15:00:00,15,0,28.2,
03/16/2003 15:15:00,15,15,28,
03/16/2003 15:30:00,15,30,27.7,
03/16/2003 15:45:00,15,45,27.5,
03/16/2003 16:00:00,16,0,27.6,
03/16/2003 16:15:00,16,15,27.5,
03/16/2003 16:30:00,16,30,27,
03/16/2003 16:45:00,16,45,26,
03/16/2003 17:00:00,17,0,25.2,
03/16/2003 17:15:00,17,15,24.4,
03/16/2003 17:30:00,17,30,23.5,
03/16/2003 17:45:00,17,45,22.8,
03/16/2003 18:00:00,18,0,22.7,
03/16/2003 18:15:00,18,15,22.4,
03/16/2003 18:30:00,18,30,22.1,
03/16/2003 18:45:00,18,45,21.7,
03/16/2003 19:00:00,19,0,21.2,
03/16/2003 19:15:00,19,15,20.7,
03/16/2003 19:30:00,19,30,20.1,
03/16/2003 19:45:00,19,45,19.5,
03/16/2003 20:00:00,20,0,18.9,
03/16/2003 20:15:00,20,15,18.5,
03/16/2003 20:30:00,20,30,17.8,
03/16/2003 20:45:00,20,45,17.4,
03/16/2003 21:00:00,21,0,16.8,
03/16/2003 21:15:00,21,15,16.1,
03/16/2003 21:30:00,21,30,15.5,
03/16/2003 21:45:00,21,45,15,
03/16/2003 22:00:00,22,0,14.8,
03/16/2003 22:15:00,22,15,14.4,
03/16/2003 22:30:00,22,30,13.9,
03/16/2003 22:45:00,22,45,13.5,
03/16/2003 23:00:00,23,0,13.2,
03/16/2003 23:15:00,23,15,13,
03/16/2003 23:30:00,23,30,13.2,
03/16/2003 23:45:00,23,45,13.5,
03/17/2003 00:00:00,0,0,13.5,
03/17/2003 00:15:00,0,15,13.4,
03/17/2003 00:30:00,0,30,13.5,
03/17/2003 00:45:00,0,45,13.5,
03/17/2003 01:00:00,1,0,13.4,
03/17/2003 01:15:00,1,15,13.2,
03/17/2003 01:30:00,1,30,13.1,
03/17/2003 01:45:00,1,45,12.9,
03/17/2003 02:00:00,2,0,12.9,
03/17/2003 02:15:00,2,15,12.7,
03/17/2003 02:30:00,2,30,12.6,
03/17/2003 02:45:00,2,45,12.5,
03/17/2003 03:00:00,3,0,12.3,
03/17/2003 03:15:00,3,15,12.3,
03/17/2003 03:30:00,3,30,12.6,
03/17/2003 03:45:00,3,45,12.7,
03/17/2003 04:00:00,4,0,12.6,
03/17/2003 04:15:00,4,15,12.6,
03/17/2003 04:30:00,4,30,12.5,
03/17/2003 04:45:00,4,45,12.5,
03/17/2003 05:00:00,5,0,12.4,
03/17/2003 05:15:00,5,15,12.4,
03/17/2003 05:30:00,5,30,12.2,
03/17/2003 05:45:00,5,45,12.2,
03/17/2003 06:00:00,6,0,12.2,
03/17/2003 06:15:00,6,15,12.4,
03/17/2003 06:30:00,6,30,12.9,
03/17/2003 06:45:00,6,45,13.3,
03/17/2003 07:00:00,7,0,14.1,
03/17/2003 07:15:00,7,15,16.7,
03/17/2003 07:30:00,7,30,17.7,
03/17/2003 07:45:00,7,45,18.6,
03/17/2003 08:00:00,8,0,20.3,
03/17/2003 08:15:00,8,15,21.5,
03/17/2003 08:30:00,8,30,20.5,
03/17/2003 08:45:00,8,45,20.2,
03/17/2003 09:00:00,9,0,20.1,
03/17/2003 09:15:00,9,15,19.9,
03/17/2003 09:30:00,9,30,20,
03/17/2003 09:45:00,9,45,20,
03/17/2003 10:00:00,10,0,20,
03/17/2003 10:15:00,10,15,20.3,
03/17/2003 10:30:00,10,30,20.6,
03/17/2003 10:45:00,10,45,21.1,
03/17/2003 11:00:00,11,0,21.5,
03/17/2003 11:15:00,11,15,22,
03/17/2003 11:30:00,11,30,22.5,
03/17/2003 11:45:00,11,45,23,
03/17/2003 12:00:00,12,0,23.3,
03/17/2003 12:15:00,12,15,23.7,
03/17/2003 12:30:00,12,30,23.8,
03/17/2003 12:45:00,12,45,24,
03/17/2003 13:00:00,13,0,24.1,
03/17/2003 13:15:00,13,15,23.9,
03/17/2003 13:30:00,13,30,23.5,
03/17/2003 13:45:00,13,45,23.5,
03/17/2003 14:00:00,14,0,23.8,
03/17/2003 14:15:00,14,15,24.3,
03/17/2003 14:30:00,14,30,24.6,
03/17/2003 14:45:00,14,45,24.5,
03/17/2003 15:00:00,15,0,24.2,
03/17/2003 15:15:00,15,15,24,
03/17/2003 15:30:00,15,30,23.6,
03/17/2003 15:45:00,15,45,23.3,
03/17/2003 16:00:00,16,0,23,
03/17/2003 16:15:00,16,15,23,
03/17/2003 16:30:00,16,30,22.9,
03/17/2003 16:45:00,16,45,22.7,
03/17/2003 17:00:00,17,0,22.5,
03/17/2003 17:15:00,17,15,23.2,
03/17/2003 17:30:00,17,30,22.3,
03/17/2003 17:45:00,17,45,21.5,
03/17/2003 18:00:00,18,0,20.9,
03/17/2003 18:15:00,18,15,20.5,
03/17/2003 18:30:00,18,30,20.2,
03/17/2003 18:45:00,18,45,20.1,
03/17/2003 19:00:00,19,0,21.2,
03/17/2003 19:15:00,19,15,20.4,
03/17/2003 19:30:00,19,30,19.5,
03/17/2003 19:45:00,19,45,19,
03/17/2003 20:00:00,20,0,18.5,
03/17/2003 20:15:00,20,15,18.1,
03/17/2003 20:30:00,20,30,17.8,
03/17/2003 20:45:00,20,45,17.4,
03/17/2003 21:00:00,21,0,16.9,
03/17/2003 21:15:00,21,15,16.4,
03/17/2003 21:30:00,21,30,16,
03/17/2003 21:45:00,21,45,15.6,
03/17/2003 22:00:00,22,0,15.3,
03/17/2003 22:15:00,22,15,15,
03/17/2003 22:30:00,22,30,14.5,
03/17/2003 22:45:00,22,45,14.4,
03/17/2003 23:00:00,23,0,14.2,
03/17/2003 23:15:00,23,15,14.1,
03/17/2003 23:30:00,23,30,14,
03/17/2003 23:45:00,23,45,13.9,
03/18/2003 00:00:00,0,0,13.8,
03/18/2003 00:15:00,0,15,13.6,
03/18/2003 00:30:00,0,30,13.4,
03/18/2003 00:45:00,0,45,13.4,
03/18/2003 01:00:00,1,0,13.2,
03/18/2003 01:15:00,1,15,13.2,
03/18/2003 01:30:00,1,30,13.1,
03/18/2003 01:45:00,1,45,13,
03/18/2003 02:00:00,2,0,13,
03/18/2003 02:15:00,2,15,12.9,
03/18/2003 02:30:00,2,30,12.9,
03/18/2003 02:45:00,2,45,12.8,
03/18/2003 03:00:00,3,0,12.7,
03/18/2003 03:15:00,3,15,12.7,
03/18/2003 03:30:00,3,30,12.6,
03/18/2003 03:45:00,3,45,12.4,
03/18/2003 04:00:00,4,0,12.2,
03/18/2003 04:15:00,4,15,12.1,
03/18/2003 04:30:00,4,30,12,
03/18/2003 04:45:00,4,45,12,
03/18/2003 05:00:00,5,0,12,
03/18/2003 05:15:00,5,15,12,
03/18/2003 05:30:00,5,30,12,
03/18/2003 05:45:00,5,45,11.9,
03/18/2003 06:00:00,6,0,11.9,
03/18/2003 06:15:00,6,15,12.1,
03/18/2003 06:30:00,6,30,12.6,
03/18/2003 06:45:00,6,45,13,
03/18/2003 07:00:00,7,0,15,
03/18/2003 07:15:00,7,15,15.9,
03/18/2003 07:30:00,7,30,18,
03/18/2003 07:45:00,7,45,19.2,
03/18/2003 08:00:00,8,0,20,
03/18/2003 08:15:00,8,15,20.7,
03/18/2003 08:30:00,8,30,20.7,
03/18/2003 08:45:00,8,45,21.2,
03/18/2003 09:00:00,9,0,20,
03/18/2003 09:15:00,9,15,20.6,
03/18/2003 09:30:00,9,30,20,
03/18/2003 09:45:00,9,45,21.5,
03/18/2003 10:00:00,10,0,20.2,
03/18/2003 10:15:00,10,15,19.7,
03/18/2003 10:30:00,10,30,19.8,
03/18/2003 10:45:00,10,45,20.1,
03/18/2003 11:00:00,11,0,20.3,
03/18/2003 11:15:00,11,15,20.4,
03/18/2003 11:30:00,11,30,21.2,
03/18/2003 11:45:00,11,45,24,
03/18/2003 12:00:00,12,0,26.6,
03/18/2003 12:15:00,12,15,27.7,
03/18/2003 12:30:00,12,30,28.1,
03/18/2003 12:45:00,12,45,28.4,
03/18/2003 13:00:00,13,0,29.3,
03/18/2003 13:15:00,13,15,30,
03/18/2003 13:30:00,13,30,30.2,
03/18/2003 13:45:00,13,45,30.6,
03/18/2003 14:00:00,14,0,29.9,
03/18/2003 14:15:00,14,15,29.4,
03/18/2003 14:30:00,14,30,29.2,
03/18/2003 14:45:00,14,45,29.1,
03/18/2003 15:00:00,15,0,29,
03/18/2003 15:15:00,15,15,28.7,
03/18/2003 15:30:00,15,30,28.5,
03/18/2003 15:45:00,15,45,28.1,
03/18/2003 16:00:00,16,0,27.8,
03/18/2003 16:15:00,16,15,27.8,
03/18/2003 16:30:00,16,30,27.5,
03/18/2003 16:45:00,16,45,27.2,
03/18/2003 17:00:00,17,0,26.8,
03/18/2003 17:15:00,17,15,26.4,
03/18/2003 17:30:00,17,30,26.7,
03/18/2003 17:45:00,17,45,26.6,
03/18/2003 18:00:00,18,0,26.4,
03/18/2003 18:15:00,18,15,25.8,
03/18/2003 18:30:00,18,30,24.5,
03/18/2003 18:45:00,18,45,25.8,
03/18/2003 19:00:00,19,0,26.6,
03/18/2003 19:15:00,19,15,26.2,
03/18/2003 19:30:00,19,30,26.1,
03/18/2003 19:45:00,19,45,26.4,
03/18/2003 20:00:00,20,0,26,
03/18/2003 20:15:00,20,15,25.8,
03/18/2003 20:30:00,20,30,25.9,
03/18/2003 20:45:00,20,45,26.2,
03/18/2003 21:00:00,21,0,25.8,
03/18/2003 21:15:00,21,15,25.5,
03/18/2003 21:30:00,21,30,25.7,
03/18/2003 21:45:00,21,45,26,
03/18/2003 22:00:00,22,0,25.8,
03/18/2003 22:15:00,22,15,24.7,
03/18/2003 22:30:00,22,30,22.9,
03/18/2003 22:45:00,22,45,20.6,
03/18/2003 23:00:00,23,0,19.2,
03/18/2003 23:15:00,23,15,18,
03/18/2003 23:30:00,23,30,17.1,
03/18/2003 23:45:00,23,45,16.4,
03/19/2003 00:00:00,0,0,15.8,
03/19/2003 00:15:00,0,15,15.3,
03/19/2003 00:30:00,0,30,14.8,
03/19/2003 00:45:00,0,45,14.3,
03/19/2003 01:00:00,1,0,13.9,
03/19/2003 01:15:00,1,15,13.4,
03/19/2003 01:30:00,1,30,13.1,
03/19/2003 01:45:00,1,45,12.8,
03/19/2003 02:00:00,2,0,12.6,
03/19/2003 02:15:00,2,15,12.4,
03/19/2003 02:30:00,2,30,12.3,
03/19/2003 02:45:00,2,45,12.2,
03/19/2003 03:00:00,3,0,12.1,
03/19/2003 03:15:00,3,15,11.9,
03/19/2003 03:30:00,3,30,11.8,
03/19/2003 03:45:00,3,45,11.6,
03/19/2003 04:00:00,4,0,11.5,
03/19/2003 04:15:00,4,15,11.4,
03/19/2003 04:30:00,4,30,12.2,
03/19/2003 04:45:00,4,45,14.5,
03/19/2003 05:00:00,5,0,16.7,
03/19/2003 05:15:00,5,15,18.3,
03/19/2003 05:30:00,5,30,20.2,
03/19/2003 05:45:00,5,45,22.7,
03/19/2003 06:00:00,6,0,24.2,
03/19/2003 06:15:00,6,15,25.6,
03/19/2003 06:30:00,6,30,25.5,
03/19/2003 06:45:00,6,45,25.6,
03/19/2003 07:00:00,7,0,25.2,
03/19/2003 07:15:00,7,15,25.3,
03/19/2003 07:30:00,7,30,25.2,
03/19/2003 07:45:00,7,45,25.2,
03/19/2003 08:00:00,8,0,25.1,
03/19/2003 08:15:00,8,15,25.1,
03/19/2003 08:30:00,8,30,24.8,
03/19/2003 08:45:00,8,45,25.4,
03/19/2003 09:00:00,9,0,24.6,
03/19/2003 09:15:00,9,15,25,
03/19/2003 09:30:00,9,30,24.8,
03/19/2003 09:45:00,9,45,25.3,
03/19/2003 10:00:00,10,0,25.6,
03/19/2003 10:15:00,10,15,26.4,
03/19/2003 10:30:00,10,30,27.1,
03/19/2003 10:45:00,10,45,28.2,
03/19/2003 11:00:00,11,0,29.1,
03/19/2003 11:15:00,11,15,29.6,
03/19/2003 11:30:00,11,30,30,
03/19/2003 11:45:00,11,45,30.6,
03/19/2003 12:00:00,12,0,31,
03/19/2003 12:15:00,12,15,31.3,
03/19/2003 12:30:00,12,30,31.6,
03/19/2003 12:45:00,12,45,31.9,
03/19/2003 13:00:00,13,0,32.3,
03/19/2003 13:15:00,13,15,32.6,
03/19/2003 13:30:00,13,30,32.6,
03/19/2003 13:45:00,13,45,32.6,
03/19/2003 14:00:00,14,0,32.7,
03/19/2003 14:15:00,14,15,32.6,
03/19/2003 14:30:00,14,30,32.5,
03/19/2003 14:45:00,14,45,32.2,
03/19/2003 15:00:00,15,0,32.1,
03/19/2003 15:15:00,15,15,32,
03/19/2003 15:30:00,15,30,31.8,
03/19/2003 15:45:00,15,45,31.4,
03/19/2003 16:00:00,16,0,31.1,
03/19/2003 16:15:00,16,15,31,
03/19/2003 16:30:00,16,30,30.6,
03/19/2003 16:45:00,16,45,30.2,
03/19/2003 17:00:00,17,0,29.8,
03/19/2003 17:15:00,17,15,29.1,
03/19/2003 17:30:00,17,30,28.3,
03/19/2003 17:45:00,17,45,27.6,
03/19/2003 18:00:00,18,0,26.7,
03/19/2003 18:15:00,18,15,26,
03/19/2003 18:30:00,18,30,25.8,
03/19/2003 18:45:00,18,45,25.2,
03/19/2003 19:00:00,19,0,24.5,
03/19/2003 19:15:00,19,15,25.2,
03/19/2003 19:30:00,19,30,25.2,
03/19/2003 19:45:00,19,45,25.3,
03/19/2003 20:00:00,20,0,25.6,
03/19/2003 20:15:00,20,15,25.6,
03/19/2003 20:30:00,20,30,26.1,
03/19/2003 20:45:00,20,45,25.6,
03/19/2003 21:00:00,21,0,25.4,
03/19/2003 21:15:00,21,15,26,
03/19/2003 21:30:00,21,30,25.4,
03/19/2003 21:45:00,21,45,25.5,
03/19/2003 22:00:00,22,0,25.3,
03/19/2003 22:15:00,22,15,25.6,
03/19/2003 22:30:00,22,30,23.2,
03/19/2003 22:45:00,22,45,21.4,
03/19/2003 23:00:00,23,0,20.3,
03/19/2003 23:15:00,23,15,19.4,
03/19/2003 23:30:00,23,30,18.7,
03/19/2003 23:45:00,23,45,18.2,
03/20/2003 00:00:00,0,0,17.5,
03/20/2003 00:15:00,0,15,16.9,
03/20/2003 00:30:00,0,30,16.3,
03/20/2003 00:45:00,0,45,16,
03/20/2003 01:00:00,1,0,15.7,
03/20/2003 01:15:00,1,15,15.5,
03/20/2003 01:30:00,1,30,15.3,
03/20/2003 01:45:00,1,45,15.1,
03/20/2003 02:00:00,2,0,14.8,
03/20/2003 02:15:00,2,15,14.6,
03/20/2003 02:30:00,2,30,14.6,
03/20/2003 02:45:00,2,45,14.5,
03/20/2003 03:00:00,3,0,14.5,
03/20/2003 03:15:00,3,15,14.3,
03/20/2003 03:30:00,3,30,14.4,
03/20/2003 03:45:00,3,45,14.5,
03/20/2003 04:00:00,4,0,14.5,
03/20/2003 04:15:00,4,15,14.7,
03/20/2003 04:30:00,4,30,15,
03/20/2003 04:45:00,4,45,15.2,
03/20/2003 05:00:00,5,0,15.3,
03/20/2003 05:15:00,5,15,18.2,
03/20/2003 05:30:00,5,30,20.1,
03/20/2003 05:45:00,5,45,21.9,
03/20/2003 06:00:00,6,0,23.7,
03/20/2003 06:15:00,6,15,25.4,
03/20/2003 06:30:00,6,30,25.6,
03/20/2003 06:45:00,6,45,25.5,
03/20/2003 07:00:00,7,0,25.5,
03/20/2003 07:15:00,7,15,25.4,
03/20/2003 07:30:00,7,30,25.6,
03/20/2003 07:45:00,7,45,25.7,
03/20/2003 08:00:00,8,0,25.5,
03/20/2003 08:15:00,8,15,25.2,
03/20/2003 08:30:00,8,30,25.8,
03/20/2003 08:45:00,8,45,25.7,
03/20/2003 09:00:00,9,0,25.2,
03/20/2003 09:15:00,9,15,25.6,
03/20/2003 09:30:00,9,30,25.4,
03/20/2003 09:45:00,9,45,24.6,
03/20/2003 10:00:00,10,0,25.4,
03/20/2003 10:15:00,10,15,25.9,
03/20/2003 10:30:00,10,30,25.7,
03/20/2003 10:45:00,10,45,24.7,
03/20/2003 11:00:00,11,0,24.6,
03/20/2003 11:15:00,11,15,24.7,
03/20/2003 11:30:00,11,30,24.7,
03/20/2003 11:45:00,11,45,25.3,
03/20/2003 12:00:00,12,0,25.9,
03/20/2003 12:15:00,12,15,25.4,
03/20/2003 12:30:00,12,30,26,
03/20/2003 12:45:00,12,45,24.8,
03/20/2003 13:00:00,13,0,26,
03/20/2003 13:15:00,13,15,25,
03/20/2003 13:30:00,13,30,25.7,
03/20/2003 13:45:00,13,45,25.6,
03/20/2003 14:00:00,14,0,25.9,
03/20/2003 14:15:00,14,15,25.9,
03/20/2003 14:30:00,14,30,25.4,
03/20/2003 14:45:00,14,45,25.9,
03/20/2003 15:00:00,15,0,25.7,
03/20/2003 15:15:00,15,15,25.2,
03/20/2003 15:30:00,15,30,25.5,
03/20/2003 15:45:00,15,45,25.3,
03/20/2003 16:00:00,16,0,25.2,
03/20/2003 16:15:00,16,15,25.9,
03/20/2003 16:30:00,16,30,25.6,
03/20/2003 16:45:00,16,45,25.3,
03/20/2003 17:00:00,17,0,25.8,
03/20/2003 17:15:00,17,15,25.9,
03/20/2003 17:30:00,17,30,25.6,
03/20/2003 17:45:00,17,45,25.5,
03/20/2003 18:00:00,18,0,26,
03/20/2003 18:15:00,18,15,26,
03/20/2003 18:30:00,18,30,26.6,
03/20/2003 18:45:00,18,45,26.8,
03/20/2003 19:00:00,19,0,27.2,
03/20/2003 19:15:00,19,15,26.9,
03/20/2003 19:30:00,19,30,26.6,
03/20/2003 19:45:00,19,45,26.3,
03/20/2003 20:00:00,20,0,26.2,
03/20/2003 20:15:00,20,15,26,
03/20/2003 20:30:00,20,30,25.5,
03/20/2003 20:45:00,20,45,26.3,
03/20/2003 21:00:00,21,0,25.8,
03/20/2003 21:15:00,21,15,25.6,
03/20/2003 21:30:00,21,30,25.5,
03/20/2003 21:45:00,21,45,26,
03/20/2003 22:00:00,22,0,25.5,
03/20/2003 22:15:00,22,15,24.9,
03/20/2003 22:30:00,22,30,22.9,
03/20/2003 22:45:00,22,45,21.6,
03/20/2003 23:00:00,23,0,20.6,
03/20/2003 23:15:00,23,15,19.9,
03/20/2003 23:30:00,23,30,19.2,
03/20/2003 23:45:00,23,45,18.7,
03/21/2003 00:00:00,0,0,18.1,
03/21/2003 00:15:00,0,15,,
03/21/2003 00:30:00,0,30,17,
03/21/2003 00:45:00,0,45,16.7,
03/21/2003 01:00:00,1,0,16.4,
03/21/2003 01:15:00,1,15,16.1,
03/21/2003 01:30:00,1,30,15.9,
03/21/2003 01:45:00,1,45,15.7,
03/21/2003 02:00:00,2,0,15.6,
03/21/2003 02:15:00,2,15,15.6,
03/21/2003 02:30:00,2,30,15.5,
03/21/2003 02:45:00,2,45,15.4,
03/21/2003 03:00:00,3,0,15.4,
03/21/2003 03:15:00,3,15,15.3,
03/21/2003 03:30:00,3,30,15.1,
03/21/2003 03:45:00,3,45,15,
03/21/2003 04:00:00,4,0,14.9,
03/21/2003 04:15:00,4,15,14.8,
03/21/2003 04:30:00,4,30,14.8,
03/21/2003 04:45:00,4,45,15.1,
03/21/2003 05:00:00,5,0,15.9,
03/21/2003 05:15:00,5,15,18,
03/21/2003 05:30:00,5,30,20.3,
03/21/2003 05:45:00,5,45,22.2,
03/21/2003 06:00:00,6,0,24,
03/21/2003 06:15:00,6,15,25.7,
03/21/2003 06:30:00,6,30,25.5,
03/21/2003 06:45:00,6,45,25.3,
03/21/2003 07:00:00,7,0,25.4,
03/21/2003 07:15:00,7,15,25.4,
03/21/2003 07:30:00,7,30,25.8,
03/21/2003 07:45:00,7,45,25.5,
03/21/2003 08:00:00,8,0,25.5,
03/21/2003 08:15:00,8,15,25.3,
03/21/2003 08:30:00,8,30,25.3,
03/21/2003 08:45:00,8,45,25.8,
03/21/2003 09:00:00,9,0,25.6,
03/21/2003 09:15:00,9,15,25.2,
03/21/2003 09:30:00,9,30,25.5,
03/21/2003 09:45:00,9,45,25.9,
03/21/2003 10:00:00,10,0,25.1,
03/21/2003 10:15:00,10,15,24.8,
03/21/2003 10:30:00,10,30,24.8,
03/21/2003 10:45:00,10,45,26,
03/21/2003 11:00:00,11,0,25.2,
03/21/2003 11:15:00,11,15,25.3,
03/21/2003 11:30:00,11,30,25.5,
03/21/2003 11:45:00,11,45,25.4,
03/21/2003 12:00:00,12,0,25.3,
03/21/2003 12:15:00,12,15,25.1,
03/21/2003 12:30:00,12,30,25,
03/21/2003 12:45:00,12,45,24.8,
03/21/2003 13:00:00,13,0,24.8,
03/21/2003 13:15:00,13,15,25.5,
03/21/2003 13:30:00,13,30,24.8,
03/21/2003 13:45:00,13,45,25.2,
03/21/2003 14:00:00,14,0,24.9,
03/21/2003 14:15:00,14,15,24.9,
03/21/2003 14:30:00,14,30,25.9,
03/21/2003 14:45:00,14,45,26,
03/21/2003 15:00:00,15,0,25.9,
03/21/2003 15:15:00,15,15,26,
03/21/2003 15:30:00,15,30,25.9,
03/21/2003 15:45:00,15,45,25.9,
03/21/2003 16:00:00,16,0,25.6,
03/21/2003 16:15:00,16,15,24.8,
03/21/2003 16:30:00,16,30,25.8,
03/21/2003 16:45:00,16,45,25.6,
03/21/2003 17:00:00,17,0,25.6,
03/21/2003 17:15:00,17,15,25.2,
03/21/2003 17:30:00,17,30,25.3,
03/21/2003 17:45:00,17,45,25.6,
03/21/2003 18:00:00,18,0,25.6,
03/21/2003 18:15:00,18,15,25.4,
03/21/2003 18:30:00,18,30,25.4,
03/21/2003 18:45:00,18,45,26,
03/21/2003 19:00:00,19,0,25.2,
03/21/2003 19:15:00,19,15,25.5,
03/21/2003 19:30:00,19,30,25.3,
03/21/2003 19:45:00,19,45,25.4,
03/21/2003 20:00:00,20,0,25.1,
03/21/2003 20:15:00,20,15,25.1,
03/21/2003 20:30:00,20,30,25.4,
03/21/2003 20:45:00,20,45,25.1,
03/21/2003 21:00:00,21,0,25,
03/21/2003 21:15:00,21,15,25.1,
03/21/2003 21:30:00,21,30,25,
03/21/2003 21:45:00,21,45,25.7,
03/21/2003 22:00:00,22,0,25.1,
03/21/2003 22:15:00,22,15,24.9,
03/21/2003 22:30:00,22,30,23.5,
03/21/2003 22:45:00,22,45,22.6,
03/21/2003 23:00:00,23,0,22.2,
03/21/2003 23:15:00,23,15,21.7,
03/21/2003 23:30:00,23,30,20.5,
03/21/2003 23:45:00,23,45,19.7,
03/22/2003 00:00:00,0,0,19.1,
03/22/2003 00:15:00,0,15,18.6,
03/22/2003 00:30:00,0,30,18.2,
03/22/2003 00:45:00,0,45,17.9,
03/22/2003 01:00:00,1,0,17.7,
03/22/2003 01:15:00,1,15,17.5,
03/22/2003 01:30:00,1,30,17.3,
03/22/2003 01:45:00,1,45,17.2,
03/22/2003 02:00:00,2,0,17.1,
03/22/2003 02:15:00,2,15,17.1,
03/22/2003 02:30:00,2,30,16.9,
03/22/2003 02:45:00,2,45,16.9,
03/22/2003 03:00:00,3,0,16.8,
03/22/2003 03:15:00,3,15,16.7,
03/22/2003 03:30:00,3,30,16.6,
03/22/2003 03:45:00,3,45,16.5,
03/22/2003 04:00:00,4,0,16.4,
03/22/2003 04:15:00,4,15,16.9,
03/22/2003 04:30:00,4,30,17.6,
03/22/2003 04:45:00,4,45,18.1,
03/22/2003 05:00:00,5,0,18.5,
03/22/2003 05:15:00,5,15,18.8,
03/22/2003 05:30:00,5,30,19.6,
03/22/2003 05:45:00,5,45,21.8,
03/22/2003 06:00:00,6,0,23.8,
03/22/2003 06:15:00,6,15,25.8,
03/22/2003 06:30:00,6,30,25.1,
03/22/2003 06:45:00,6,45,25.6,
03/22/2003 07:00:00,7,0,25.2,
03/22/2003 07:15:00,7,15,25.1,
03/22/2003 07:30:00,7,30,25.9,
03/22/2003 07:45:00,7,45,25.3,
03/22/2003 08:00:00,8,0,25.2,
03/22/2003 08:15:00,8,15,25.5,
03/22/2003 08:30:00,8,30,24.8,
03/22/2003 08:45:00,8,45,24.7,
03/22/2003 09:00:00,9,0,25.3,
03/22/2003 09:15:00,9,15,26,
03/22/2003 09:30:00,9,30,27.2,
03/22/2003 09:45:00,9,45,29.9,
03/22/2003 10:00:00,10,0,31.1,
03/22/2003 10:15:00,10,15,29.9,
03/22/2003 10:30:00,10,30,28.6,
03/22/2003 10:45:00,10,45,28.3,
03/22/2003 11:00:00,11,0,29.3,
03/22/2003 11:15:00,11,15,29.6,
03/22/2003 11:30:00,11,30,29.3,
03/22/2003 11:45:00,11,45,29.3,
03/22/2003 12:00:00,12,0,29.1,
03/22/2003 12:15:00,12,15,28.9,
03/22/2003 12:30:00,12,30,28.6,
03/22/2003 12:45:00,12,45,28.3,
03/22/2003 13:00:00,13,0,28.1,
03/22/2003 13:15:00,13,15,28.5,
03/22/2003 13:30:00,13,30,29.1,
03/22/2003 13:45:00,13,45,29.7,
03/22/2003 14:00:00,14,0,29.7,
03/22/2003 14:15:00,14,15,29.7,
03/22/2003 14:30:00,14,30,29.8,
03/22/2003 14:45:00,14,45,29.3,
03/22/2003 15:00:00,15,0,29.1,
03/22/2003 15:15:00,15,15,29.7,
03/22/2003 15:30:00,15,30,30.3,
03/22/2003 15:45:00,15,45,29.1,
03/22/2003 16:00:00,16,0,27.9,
03/22/2003 16:15:00,16,15,27.4,
03/22/2003 16:30:00,16,30,27.8,
03/22/2003 16:45:00,16,45,27.8,
03/22/2003 17:00:00,17,0,27.8,
03/22/2003 17:15:00,17,15,27.6,
03/22/2003 17:30:00,17,30,27.3,
03/22/2003 17:45:00,17,45,26.9,
03/22/2003 18:00:00,18,0,26.8,
03/22/2003 18:15:00,18,15,26.6,
03/22/2003 18:30:00,18,30,26.2,
03/22/2003 18:45:00,18,45,26.6,
03/22/2003 19:00:00,19,0,27,
03/22/2003 19:15:00,19,15,26.9,
03/22/2003 19:30:00,19,30,26.5,
03/22/2003 19:45:00,19,45,26,
03/22/2003 20:00:00,20,0,25.7,
03/22/2003 20:15:00,20,15,25.6,
03/22/2003 20:30:00,20,30,25,
03/22/2003 20:45:00,20,45,25.7,
03/22/2003 21:00:00,21,0,25.5,
03/22/2003 21:15:00,21,15,25.2,
03/22/2003 21:30:00,21,30,25.1,
03/22/2003 21:45:00,21,45,25.8,
03/22/2003 22:00:00,22,0,25,
03/22/2003 22:15:00,22,15,25.1,
03/22/2003 22:30:00,22,30,23.8,
03/22/2003 22:45:00,22,45,22.7,
03/22/2003 23:00:00,23,0,21.9,
03/22/2003 23:15:00,23,15,21.4,
03/22/2003 23:30:00,23,30,20.8,
03/22/2003 23:45:00,23,45,20.4,
03/23/2003 00:00:00,0,0,20.3,
03/23/2003 00:15:00,0,15,19.9,
03/23/2003 00:30:00,0,30,19.4,
03/23/2003 00:45:00,0,45,19,
03/23/2003 01:00:00,1,0,18.5,
03/23/2003 01:15:00,1,15,17.5,
03/23/2003 01:30:00,1,30,16.7,
03/23/2003 01:45:00,1,45,16.2,
03/23/2003 02:00:00,2,0,15.9,
03/23/2003 02:15:00,2,15,15.6,
03/23/2003 02:30:00,2,30,15.3,
03/23/2003 02:45:00,2,45,15.1,
03/23/2003 03:00:00,3,0,15,
03/23/2003 03:15:00,3,15,14.8,
03/23/2003 03:30:00,3,30,14.6,
03/23/2003 03:45:00,3,45,14.5,
03/23/2003 04:00:00,4,0,14.5,
03/23/2003 04:15:00,4,15,14.5,
03/23/2003 04:30:00,4,30,14.5,
03/23/2003 04:45:00,4,45,14.5,
03/23/2003 05:00:00,5,0,16.6,
03/23/2003 05:15:00,5,15,18.6,
03/23/2003 05:30:00,5,30,20.3,
03/23/2003 05:45:00,5,45,22.2,
03/23/2003 06:00:00,6,0,24.8,
03/23/2003 06:15:00,6,15,25.8,
03/23/2003 06:30:00,6,30,26.1,
03/23/2003 06:45:00,6,45,25.4,
03/23/2003 07:00:00,7,0,25.6,
03/23/2003 07:15:00,7,15,25.3,
03/23/2003 07:30:00,7,30,25.1,
03/23/2003 07:45:00,7,45,25.2,
03/23/2003 08:00:00,8,0,25.2,
03/23/2003 08:15:00,8,15,25.8,
03/23/2003 08:30:00,8,30,24.8,
03/23/2003 08:45:00,8,45,25.1,
03/23/2003 09:00:00,9,0,24.6,
03/23/2003 09:15:00,9,15,25,
03/23/2003 09:30:00,9,30,25,
03/23/2003 09:45:00,9,45,25.7,
03/23/2003 10:00:00,10,0,24.8,
03/23/2003 10:15:00,10,15,24.8,
03/23/2003 10:30:00,10,30,24.8,
03/23/2003 10:45:00,10,45,24.7,
03/23/2003 11:00:00,11,0,26.1,
03/23/2003 11:15:00,11,15,27.4,
03/23/2003 11:30:00,11,30,27.9,
03/23/2003 11:45:00,11,45,27.9,
03/23/2003 12:00:00,12,0,27.8,
03/23/2003 12:15:00,12,15,28.5,
03/23/2003 12:30:00,12,30,29,
03/23/2003 12:45:00,12,45,28.8,
03/23/2003 13:00:00,13,0,28.6,
03/23/2003 13:15:00,13,15,28.2,
03/23/2003 13:30:00,13,30,29.8,
03/23/2003 13:45:00,13,45,31,
03/23/2003 14:00:00,14,0,29.9,
03/23/2003 14:15:00,14,15,31,
03/23/2003 14:30:00,14,30,31.6,
03/23/2003 14:45:00,14,45,31.9,
03/23/2003 15:00:00,15,0,31.8,
03/23/2003 15:15:00,15,15,31.9,
03/23/2003 15:30:00,15,30,31.4,
03/23/2003 15:45:00,15,45,30.4,
03/23/2003 16:00:00,16,0,30.1,
03/23/2003 16:15:00,16,15,29.6,
03/23/2003 16:30:00,16,30,28.9,
03/23/2003 16:45:00,16,45,27.9,
03/23/2003 17:00:00,17,0,26.8,
03/23/2003 17:15:00,17,15,26,
03/23/2003 17:30:00,17,30,25.6,
03/23/2003 17:45:00,17,45,25.7,
03/23/2003 18:00:00,18,0,26.4,
03/23/2003 18:15:00,18,15,26.8,
03/23/2003 18:30:00,18,30,26.9,
03/23/2003 18:45:00,18,45,26.8,
03/23/2003 19:00:00,19,0,26.6,
03/23/2003 19:15:00,19,15,26.3,
03/23/2003 19:30:00,19,30,26.1,
03/23/2003 19:45:00,19,45,25.7,
03/23/2003 20:00:00,20,0,25.2,
03/23/2003 20:15:00,20,15,25.5,
03/23/2003 20:30:00,20,30,25.5,
03/23/2003 20:45:00,20,45,25.2,
03/23/2003 21:00:00,21,0,25.1,
03/23/2003 21:15:00,21,15,25.1,
03/23/2003 21:30:00,21,30,25.2,
03/23/2003 21:45:00,21,45,25.9,
03/23/2003 22:00:00,22,0,25.1,
03/23/2003 22:15:00,22,15,24.6,
03/23/2003 22:30:00,22,30,23.3,
03/23/2003 22:45:00,22,45,22.8,
03/23/2003 23:00:00,23,0,23,
03/23/2003 23:15:00,23,15,22.6,
03/23/2003 23:30:00,23,30,21.9,
03/23/2003 23:45:00,23,45,21.1,
03/24/2003 00:00:00,0,0,20.4,
03/24/2003 00:15:00,0,15,19.3,
03/24/2003 00:30:00,0,30,18.5,
03/24/2003 00:45:00,0,45,17.9,
03/24/2003 01:00:00,1,0,17.5,
03/24/2003 01:15:00,1,15,17.2,
03/24/2003 01:30:00,1,30,17,
03/24/2003 01:45:00,1,45,16.9,
03/24/2003 02:00:00,2,0,16.7,
03/24/2003 02:15:00,2,15,16.5,
03/24/2003 02:30:00,2,30,16.3,
03/24/2003 02:45:00,2,45,16.2,
03/24/2003 03:00:00,3,0,16.2,
03/24/2003 03:15:00,3,15,16.1,
03/24/2003 03:30:00,3,30,15.9,
03/24/2003 03:45:00,3,45,15.9,
03/24/2003 04:00:00,4,0,15.6,
03/24/2003 04:15:00,4,15,15.7,
03/24/2003 04:30:00,4,30,15.9,
03/24/2003 04:45:00,4,45,16.1,
03/24/2003 05:00:00,5,0,16.4,
03/24/2003 05:15:00,5,15,18.3,
03/24/2003 05:30:00,5,30,20.1,
03/24/2003 05:45:00,5,45,22.2,
03/24/2003 06:00:00,6,0,24,
03/24/2003 06:15:00,6,15,25.9,
03/24/2003 06:30:00,6,30,25.6,
03/24/2003 06:45:00,6,45,26.1,
03/24/2003 07:00:00,7,0,25.1,
03/24/2003 07:15:00,7,15,26.2,
03/24/2003 07:30:00,7,30,25.2,
03/24/2003 07:45:00,7,45,25,
03/24/2003 08:00:00,8,0,25.2,
03/24/2003 08:15:00,8,15,26,
03/24/2003 08:30:00,8,30,25,
03/24/2003 08:45:00,8,45,24.9,
03/24/2003 09:00:00,9,0,24.8,
03/24/2003 09:15:00,9,15,25.2,
03/24/2003 09:30:00,9,30,26.3,
03/24/2003 09:45:00,9,45,28.7,
03/24/2003 10:00:00,10,0,30.8,
03/24/2003 10:15:00,10,15,31.6,
03/24/2003 10:30:00,10,30,32.1,
03/24/2003 10:45:00,10,45,32.5,
03/24/2003 11:00:00,11,0,32.7,
03/24/2003 11:15:00,11,15,32.5,
03/24/2003 11:30:00,11,30,32.6,
03/24/2003 11:45:00,11,45,31.7,
03/24/2003 12:00:00,12,0,29.1,
03/24/2003 12:15:00,12,15,28.6,
03/24/2003 12:30:00,12,30,28.5,
03/24/2003 12:45:00,12,45,28.4,
03/24/2003 13:00:00,13,0,26.4,
03/24/2003 13:15:00,13,15,27.9,
03/24/2003 13:30:00,13,30,28.1,
03/24/2003 13:45:00,13,45,28.8,
03/24/2003 14:00:00,14,0,28.4,
03/24/2003 14:15:00,14,15,27.9,
03/24/2003 14:30:00,14,30,27.9,
03/24/2003 14:45:00,14,45,27.9,
03/24/2003 15:00:00,15,0,27.5,
03/24/2003 15:15:00,15,15,27.9,
03/24/2003 15:30:00,15,30,28.2,
03/24/2003 15:45:00,15,45,26.6,
03/24/2003 16:00:00,16,0,26.1,
03/24/2003 16:15:00,16,15,26.5,
03/24/2003 16:30:00,16,30,25.2,
03/24/2003 16:45:00,16,45,24,
03/24/2003 17:00:00,17,0,23.2,
03/24/2003 17:15:00,17,15,23.6,
03/24/2003 17:30:00,17,30,24.2,
03/24/2003 17:45:00,17,45,26.4,
03/24/2003 18:00:00,18,0,25.3,
03/24/2003 18:15:00,18,15,24.1,
03/24/2003 18:30:00,18,30,24.8,
03/24/2003 18:45:00,18,45,25.1,
03/24/2003 19:00:00,19,0,25.8,
03/24/2003 19:15:00,19,15,25.5,
03/24/2003 19:30:00,19,30,25.7,
03/24/2003 19:45:00,19,45,25.1,
03/24/2003 20:00:00,20,0,25.5,
03/24/2003 20:15:00,20,15,25.2,
03/24/2003 20:30:00,20,30,25.3,
03/24/2003 20:45:00,20,45,25.2,
03/24/2003 21:00:00,21,0,25.2,
03/24/2003 21:15:00,21,15,25.5,
03/24/2003 21:30:00,21,30,25.3,
03/24/2003 21:45:00,21,45,24.4,
03/24/2003 22:00:00,22,0,24.9,
03/24/2003 22:15:00,22,15,24.4,
03/24/2003 22:30:00,22,30,22.5,
03/24/2003 22:45:00,22,45,20.4,
03/24/2003 23:00:00,23,0,18.6,
03/24/2003 23:15:00,23,15,17.4,
03/24/2003 23:30:00,23,30,16.6,
03/24/2003 23:45:00,23,45,16.2,
03/25/2003 00:00:00,0,0,15.5,
03/25/2003 00:15:00,0,15,15.2,
03/25/2003 00:30:00,0,30,14.5,
03/25/2003 00:45:00,0,45,13.6,
03/25/2003 01:00:00,1,0,13.2,
03/25/2003 01:15:00,1,15,12.8,
03/25/2003 01:30:00,1,30,12.5,
03/25/2003 01:45:00,1,45,12.1,
03/25/2003 02:00:00,2,0,11.8,
03/25/2003 02:15:00,2,15,11.2,
03/25/2003 02:30:00,2,30,11,
03/25/2003 02:45:00,2,45,10.9,
03/25/2003 03:00:00,3,0,10.9,
03/25/2003 03:15:00,3,15,10.7,
03/25/2003 03:30:00,3,30,10.2,
03/25/2003 03:45:00,3,45,10.4,
03/25/2003 04:00:00,4,0,10.6,
03/25/2003 04:15:00,4,15,10.8,
03/25/2003 04:30:00,4,30,12.3,
03/25/2003 04:45:00,4,45,13.9,
03/25/2003 05:00:00,5,0,16.1,
03/25/2003 05:15:00,5,15,17.8,
03/25/2003 05:30:00,5,30,19.2,
03/25/2003 05:45:00,5,45,21.4,
03/25/2003 06:00:00,6,0,23.4,
03/25/2003 06:15:00,6,15,25.4,
03/25/2003 06:30:00,6,30,25.1,
03/25/2003 06:45:00,6,45,25.6,
03/25/2003 07:00:00,7,0,25.4,
03/25/2003 07:15:00,7,15,25.3,
03/25/2003 07:30:00,7,30,24.9,
03/25/2003 07:45:00,7,45,25.2,
03/25/2003 08:00:00,8,0,25.5,
03/25/2003 08:15:00,8,15,25.9,
03/25/2003 08:30:00,8,30,25.3,
03/25/2003 08:45:00,8,45,24.7,
03/25/2003 09:00:00,9,0,24.7,
03/25/2003 09:15:00,9,15,24.6,
03/25/2003 09:30:00,9,30,24.8,
03/25/2003 09:45:00,9,45,25,
03/25/2003 10:00:00,10,0,24.2,
03/25/2003 10:15:00,10,15,24.4,
03/25/2003 10:30:00,10,30,25.4,
03/25/2003 10:45:00,10,45,26.3,
03/25/2003 11:00:00,11,0,26.5,
03/25/2003 11:15:00,11,15,26.1,
03/25/2003 11:30:00,11,30,25.7,
03/25/2003 11:45:00,11,45,25.8,
03/25/2003 12:00:00,12,0,25.3,
03/25/2003 12:15:00,12,15,25.4,
03/25/2003 12:30:00,12,30,25.1,
03/25/2003 12:45:00,12,45,25.2,
03/25/2003 13:00:00,13,0,25.2,
03/25/2003 13:15:00,13,15,25.7,
03/25/2003 13:30:00,13,30,25.9,
03/25/2003 13:45:00,13,45,25.6,
03/25/2003 14:00:00,14,0,25.5,
03/25/2003 14:15:00,14,15,24.9,
03/25/2003 14:30:00,14,30,25.2,
03/25/2003 14:45:00,14,45,25,
03/25/2003 15:00:00,15,0,24.9,
03/25/2003 15:15:00,15,15,24.8,
03/25/2003 15:30:00,15,30,25,
03/25/2003 15:45:00,15,45,25,
03/25/2003 16:00:00,16,0,24.9,
03/25/2003 16:15:00,16,15,25.1,
03/25/2003 16:30:00,16,30,24.7,
03/25/2003 16:45:00,16,45,25,
03/25/2003 17:00:00,17,0,25.1,
03/25/2003 17:15:00,17,15,25.6,
03/25/2003 17:30:00,17,30,26.3,
03/25/2003 17:45:00,17,45,25.3,
03/25/2003 18:00:00,18,0,26.3,
03/25/2003 18:15:00,18,15,25.4,
03/25/2003 18:30:00,18,30,26.9,
03/25/2003 18:45:00,18,45,25.3,
03/25/2003 19:00:00,19,0,26.8,
03/25/2003 19:15:00,19,15,25.9,
03/25/2003 19:30:00,19,30,26,
03/25/2003 19:45:00,19,45,25.5,
03/25/2003 20:00:00,20,0,26.5,
03/25/2003 20:15:00,20,15,26.5,
03/25/2003 20:30:00,20,30,25.7,
03/25/2003 20:45:00,20,45,26.3,
03/25/2003 21:00:00,21,0,25.5,
03/25/2003 21:15:00,21,15,26.2,
03/25/2003 21:30:00,21,30,25.6,
03/25/2003 21:45:00,21,45,25.5,
03/25/2003 22:00:00,22,0,27.3,
03/25/2003 22:15:00,22,15,25.8,
03/25/2003 22:30:00,22,30,23.6,
03/25/2003 22:45:00,22,45,22.2,
03/25/2003 23:00:00,23,0,21.5,
03/25/2003 23:15:00,23,15,20.9,
03/25/2003 23:30:00,23,30,19.4,
03/25/2003 23:45:00,23,45,18.1,
03/26/2003 00:00:00,0,0,17.3,
03/26/2003 00:15:00,0,15,16.5,
03/26/2003 00:30:00,0,30,16,
03/26/2003 00:45:00,0,45,15.7,
03/26/2003 01:00:00,1,0,15.4,
03/26/2003 01:15:00,1,15,15.1,
03/26/2003 01:30:00,1,30,14.9,
03/26/2003 01:45:00,1,45,14.7,
03/26/2003 02:00:00,2,0,14.6,
03/26/2003 02:15:00,2,15,14.7,
03/26/2003 02:30:00,2,30,14.7,
03/26/2003 02:45:00,2,45,14.5,
03/26/2003 03:00:00,3,0,14.5,
03/26/2003 03:15:00,3,15,14.4,
03/26/2003 03:30:00,3,30,14.3,
03/26/2003 03:45:00,3,45,14.3,
03/26/2003 04:00:00,4,0,14.3,
03/26/2003 04:15:00,4,15,14.2,
03/26/2003 04:30:00,4,30,14.1,
03/26/2003 04:45:00,4,45,14.1,
03/26/2003 05:00:00,5,0,16.1,
03/26/2003 05:15:00,5,15,19.1,
03/26/2003 05:30:00,5,30,20.8,
03/26/2003 05:45:00,5,45,22.7,
03/26/2003 06:00:00,6,0,24.8,
03/26/2003 06:15:00,6,15,26.3,
03/26/2003 06:30:00,6,30,25.8,
03/26/2003 06:45:00,6,45,26,
03/26/2003 07:00:00,7,0,25.8,
03/26/2003 07:15:00,7,15,25.6,
03/26/2003 07:30:00,7,30,26,
03/26/2003 07:45:00,7,45,25.5,
03/26/2003 08:00:00,8,0,25.4,
03/26/2003 08:15:00,8,15,25.7,
03/26/2003 08:30:00,8,30,25,
03/26/2003 08:45:00,8,45,25.2,
03/26/2003 09:00:00,9,0,24.9,
03/26/2003 09:15:00,9,15,25,
03/26/2003 09:30:00,9,30,24.9,
03/26/2003 09:45:00,9,45,24.9,
03/26/2003 10:00:00,10,0,24.3,
03/26/2003 10:15:00,10,15,24.3,
03/26/2003 10:30:00,10,30,25,
03/26/2003 10:45:00,10,45,24.9,
03/26/2003 11:00:00,11,0,25,
03/26/2003 11:15:00,11,15,26,
03/26/2003 11:30:00,11,30,26.2,
03/26/2003 11:45:00,11,45,24.9,
03/26/2003 12:00:00,12,0,26.3,
03/26/2003 12:15:00,12,15,26.2,
03/26/2003 12:30:00,12,30,26.8,
03/26/2003 12:45:00,12,45,27.3,
03/26/2003 13:00:00,13,0,27.6,
03/26/2003 13:15:00,13,15,27.5,
03/26/2003 13:30:00,13,30,26.4,
03/26/2003 13:45:00,13,45,25.4,
03/26/2003 14:00:00,14,0,25.6,
03/26/2003 14:15:00,14,15,27.4,
03/26/2003 14:30:00,14,30,27.9,
03/26/2003 14:45:00,14,45,27.5,
03/26/2003 15:00:00,15,0,26.1,
03/26/2003 15:15:00,15,15,25,
03/26/2003 15:30:00,15,30,25,
03/26/2003 15:45:00,15,45,24.9,
03/26/2003 16:00:00,16,0,24.8,
03/26/2003 16:15:00,16,15,24.8,
03/26/2003 16:30:00,16,30,25.2,
03/26/2003 16:45:00,16,45,26,
03/26/2003 17:00:00,17,0,26.5,
03/26/2003 17:15:00,17,15,25.2,
03/26/2003 17:30:00,17,30,25.8,
03/26/2003 17:45:00,17,45,27.1,
03/26/2003 18:00:00,18,0,28.4,
03/26/2003 18:15:00,18,15,26.6,
03/26/2003 18:30:00,18,30,25.5,
03/26/2003 18:45:00,18,45,25.3,
03/26/2003 19:00:00,19,0,25.9,
03/26/2003 19:15:00,19,15,25.6,
03/26/2003 19:30:00,19,30,26.1,
03/26/2003 19:45:00,19,45,25.9,
03/26/2003 20:00:00,20,0,25.8,
03/26/2003 20:15:00,20,15,26.4,
03/26/2003 20:30:00,20,30,25.9,
03/26/2003 20:45:00,20,45,25.7,
03/26/2003 21:00:00,21,0,25.8,
03/26/2003 21:15:00,21,15,26.1,
03/26/2003 21:30:00,21,30,25.6,
03/26/2003 21:45:00,21,45,25.8,
03/26/2003 22:00:00,22,0,26.1,
03/26/2003 22:15:00,22,15,24.6,
03/26/2003 22:30:00,22,30,23.2,
03/26/2003 22:45:00,22,45,21.1,
03/26/2003 23:00:00,23,0,19.6,
03/26/2003 23:15:00,23,15,17.7,
03/26/2003 23:30:00,23,30,16.4,
03/26/2003 23:45:00,23,45,15.6,
03/27/2003 00:00:00,0,0,15.1,
03/27/2003 00:15:00,0,15,14.4,
03/27/2003 00:30:00,0,30,13.9,
03/27/2003 00:45:00,0,45,13.5,
03/27/2003 01:00:00,1,0,13.2,
03/27/2003 01:15:00,1,15,12.9,
03/27/2003 01:30:00,1,30,12.7,
03/27/2003 01:45:00,1,45,12.4,
03/27/2003 02:00:00,2,0,12.1,
03/27/2003 02:15:00,2,15,11.9,
03/27/2003 02:30:00,2,30,11.7,
03/27/2003 02:45:00,2,45,11.5,
03/27/2003 03:00:00,3,0,11.4,
03/27/2003 03:15:00,3,15,11.2,
03/27/2003 03:30:00,3,30,11.1,
03/27/2003 03:45:00,3,45,11,
03/27/2003 04:00:00,4,0,10.9,
03/27/2003 04:15:00,4,15,10.8,
03/27/2003 04:30:00,4,30,12.3,
03/27/2003 04:45:00,4,45,14.7,
03/27/2003 05:00:00,5,0,17.4,
03/27/2003 05:15:00,5,15,18.9,
03/27/2003 05:30:00,5,30,21.1,
03/27/2003 05:45:00,5,45,22.5,
03/27/2003 06:00:00,6,0,24.2,
03/27/2003 06:15:00,6,15,25.3,
03/27/2003 06:30:00,6,30,26.3,
03/27/2003 06:45:00,6,45,26.1,
03/27/2003 07:00:00,7,0,25.1,
03/27/2003 07:15:00,7,15,26,
03/27/2003 07:30:00,7,30,25.1,
03/27/2003 07:45:00,7,45,25.5,
03/27/2003 08:00:00,8,0,25.5,
03/27/2003 08:15:00,8,15,25.5,
03/27/2003 08:30:00,8,30,25.3,
03/27/2003 08:45:00,8,45,24.7,
03/27/2003 09:00:00,9,0,24.6,
03/27/2003 09:15:00,9,15,24.7,
03/27/2003 09:30:00,9,30,24.3,
03/27/2003 09:45:00,9,45,24.7,
03/27/2003 10:00:00,10,0,24.7,
03/27/2003 10:15:00,10,15,25.2,
03/27/2003 10:30:00,10,30,26.1,
03/27/2003 10:45:00,10,45,26.6,
03/27/2003 11:00:00,11,0,26.7,
03/27/2003 11:15:00,11,15,28.5,
03/27/2003 11:30:00,11,30,28.5,
03/27/2003 11:45:00,11,45,28.3,
03/27/2003 12:00:00,12,0,29.5,
03/27/2003 12:15:00,12,15,29.6,
03/27/2003 12:30:00,12,30,28.8,
03/27/2003 12:45:00,12,45,28.6,
03/27/2003 13:00:00,13,0,28.7,
03/27/2003 13:15:00,13,15,29.7,
03/27/2003 13:30:00,13,30,30.3,
03/27/2003 13:45:00,13,45,29.8,
03/27/2003 14:00:00,14,0,29.4,
03/27/2003 14:15:00,14,15,29.1,
03/27/2003 14:30:00,14,30,28.8,
03/27/2003 14:45:00,14,45,28.6,
03/27/2003 15:00:00,15,0,28.3,
03/27/2003 15:15:00,15,15,28.1,
03/27/2003 15:30:00,15,30,27.9,
03/27/2003 15:45:00,15,45,27,
03/27/2003 16:00:00,16,0,26.6,
03/27/2003 16:15:00,16,15,26.6,
03/27/2003 16:30:00,16,30,26.4,
03/27/2003 16:45:00,16,45,25.5,
03/27/2003 17:00:00,17,0,24.8,
03/27/2003 17:15:00,17,15,25,
03/27/2003 17:30:00,17,30,24.8,
03/27/2003 17:45:00,17,45,24.3,
03/27/2003 18:00:00,18,0,24.8,
03/27/2003 18:15:00,18,15,25.1,
03/27/2003 18:30:00,18,30,25.1,
03/27/2003 18:45:00,18,45,25.9,
03/27/2003 19:00:00,19,0,26,
03/27/2003 19:15:00,19,15,26.1,
03/27/2003 19:30:00,19,30,25.3,
03/27/2003 19:45:00,19,45,26.6,
03/27/2003 20:00:00,20,0,25.8,
03/27/2003 20:15:00,20,15,25.9,
03/27/2003 20:30:00,20,30,26,
03/27/2003 20:45:00,20,45,25.7,
03/27/2003 21:00:00,21,0,25.8,
03/27/2003 21:15:00,21,15,25.5,
03/27/2003 21:30:00,21,30,25.5,
03/27/2003 21:45:00,21,45,25.1,
03/27/2003 22:00:00,22,0,25.7,
03/27/2003 22:15:00,22,15,24.7,
03/27/2003 22:30:00,22,30,22.3,
03/27/2003 22:45:00,22,45,20.9,
03/27/2003 23:00:00,23,0,19.9,
03/27/2003 23:15:00,23,15,19,
03/27/2003 23:30:00,23,30,18.3,
03/27/2003 23:45:00,23,45,17.7,
03/28/2003 00:00:00,0,0,17.1,
03/28/2003 00:15:00,0,15,16.3,
03/28/2003 00:30:00,0,30,15.8,
03/28/2003 00:45:00,0,45,15.3,
03/28/2003 01:00:00,1,0,15,
03/28/2003 01:15:00,1,15,14.8,
03/28/2003 01:30:00,1,30,14.6,
03/28/2003 01:45:00,1,45,14.5,
03/28/2003 02:00:00,2,0,14.5,
03/28/2003 02:15:00,2,15,14.4,
03/28/2003 02:30:00,2,30,14.4,
03/28/2003 02:45:00,2,45,14.3,
03/28/2003 03:00:00,3,0,14.1,
03/28/2003 03:15:00,3,15,13.9,
03/28/2003 03:30:00,3,30,13.8,
03/28/2003 03:45:00,3,45,13.7,
03/28/2003 04:00:00,4,0,13.7,
03/28/2003 04:15:00,4,15,13.6,
03/28/2003 04:30:00,4,30,13.6,
03/28/2003 04:45:00,4,45,13.9,
03/28/2003 05:00:00,5,0,16.2,
03/28/2003 05:15:00,5,15,18.2,
03/28/2003 05:30:00,5,30,20.9,
03/28/2003 05:45:00,5,45,22.5,
03/28/2003 06:00:00,6,0,23.6,
03/28/2003 06:15:00,6,15,25.9,
03/28/2003 06:30:00,6,30,25.9,
03/28/2003 06:45:00,6,45,26,
03/28/2003 07:00:00,7,0,25.9,
03/28/2003 07:15:00,7,15,25.8,
03/28/2003 07:30:00,7,30,25.8,
03/28/2003 07:45:00,7,45,25.7,
03/28/2003 08:00:00,8,0,25.7,
03/28/2003 08:15:00,8,15,24.9,
03/28/2003 08:30:00,8,30,24.9,
03/28/2003 08:45:00,8,45,25.4,
03/28/2003 09:00:00,9,0,25.2,
03/28/2003 09:15:00,9,15,25.2,
03/28/2003 09:30:00,9,30,25.1,
03/28/2003 09:45:00,9,45,25.1,
03/28/2003 10:00:00,10,0,25,
03/28/2003 10:15:00,10,15,25,
03/28/2003 10:30:00,10,30,25,
03/28/2003 10:45:00,10,45,24.8,
03/28/2003 11:00:00,11,0,24.7,
03/28/2003 11:15:00,11,15,24.9,
03/28/2003 11:30:00,11,30,24.5,
03/28/2003 11:45:00,11,45,24.8,
03/28/2003 12:00:00,12,0,24.8,
03/28/2003 12:15:00,12,15,24.6,
03/28/2003 12:30:00,12,30,25.6,
03/28/2003 12:45:00,12,45,24.9,
03/28/2003 13:00:00,13,0,24.8,
03/28/2003 13:15:00,13,15,24.5,
03/28/2003 13:30:00,13,30,25,
03/28/2003 13:45:00,13,45,25.1,
03/28/2003 14:00:00,14,0,25.7,
03/28/2003 14:15:00,14,15,25.1,
03/28/2003 14:30:00,14,30,25.6,
03/28/2003 14:45:00,14,45,25.1,
03/28/2003 15:00:00,15,0,25.2,
03/28/2003 15:15:00,15,15,25.5,
03/28/2003 15:30:00,15,30,25.3,
03/28/2003 15:45:00,15,45,25.6,
03/28/2003 16:00:00,16,0,25.4,
03/28/2003 16:15:00,16,15,25.7,
03/28/2003 16:30:00,16,30,25.3,
03/28/2003 16:45:00,16,45,25.5,
03/28/2003 17:00:00,17,0,25.3,
03/28/2003 17:15:00,17,15,25.6,
03/28/2003 17:30:00,17,30,25.5,
03/28/2003 17:45:00,17,45,26.1,
03/28/2003 18:00:00,18,0,26,
03/28/2003 18:15:00,18,15,25.9,
03/28/2003 18:30:00,18,30,25.4,
03/28/2003 18:45:00,18,45,25.3,
03/28/2003 19:00:00,19,0,25.5,
03/28/2003 19:15:00,19,15,25.6,
03/28/2003 19:30:00,19,30,25,
03/28/2003 19:45:00,19,45,25.2,
03/28/2003 20:00:00,20,0,25.6,
03/28/2003 20:15:00,20,15,25.3,
03/28/2003 20:30:00,20,30,24.9,
03/28/2003 20:45:00,20,45,24.8,
03/28/2003 21:00:00,21,0,24.9,
03/28/2003 21:15:00,21,15,25.1,
03/28/2003 21:30:00,21,30,25.1,
03/28/2003 21:45:00,21,45,24.9,
03/28/2003 22:00:00,22,0,25.1,
03/28/2003 22:15:00,22,15,24.1,
03/28/2003 22:30:00,22,30,22.7,
03/28/2003 22:45:00,22,45,20.8,
03/28/2003 23:00:00,23,0,19.1,
03/28/2003 23:15:00,23,15,16.7,
03/28/2003 23:30:00,23,30,14.8,
03/28/2003 23:45:00,23,45,13.4,
03/29/2003 00:00:00,0,0,12.4,
03/29/2003 00:15:00,0,15,11.6,
03/29/2003 00:30:00,0,30,11,
03/29/2003 00:45:00,0,45,10.6,
03/29/2003 01:00:00,1,0,10.3,
03/29/2003 01:15:00,1,15,10,
03/29/2003 01:30:00,1,30,9.9,
03/29/2003 01:45:00,1,45,10.2,
03/29/2003 02:00:00,2,0,10.1,
03/29/2003 02:15:00,2,15,9.9,
03/29/2003 02:30:00,2,30,10.4,
03/29/2003 02:45:00,2,45,10.3,
03/29/2003 03:00:00,3,0,10.2,
03/29/2003 03:15:00,3,15,10.1,
03/29/2003 03:30:00,3,30,10,
03/29/2003 03:45:00,3,45,9.9,
03/29/2003 04:00:00,4,0,9.8,
03/29/2003 04:15:00,4,15,10,
03/29/2003 04:30:00,4,30,13.5,
03/29/2003 04:45:00,4,45,15.1,
03/29/2003 05:00:00,5,0,17.3,
03/29/2003 05:15:00,5,15,18.9,
03/29/2003 05:30:00,5,30,21,
03/29/2003 05:45:00,5,45,22.2,
03/29/2003 06:00:00,6,0,24.3,
03/29/2003 06:15:00,6,15,25.7,
03/29/2003 06:30:00,6,30,26.2,
03/29/2003 06:45:00,6,45,25.8,
03/29/2003 07:00:00,7,0,26,
03/29/2003 07:15:00,7,15,25.6,
03/29/2003 07:30:00,7,30,25.3,
03/29/2003 07:45:00,7,45,25.6,
03/29/2003 08:00:00,8,0,25.6,
03/29/2003 08:15:00,8,15,25.3,
03/29/2003 08:30:00,8,30,25.5,
03/29/2003 08:45:00,8,45,24.4,
03/29/2003 09:00:00,9,0,24.4,
03/29/2003 09:15:00,9,15,24.6,
03/29/2003 09:30:00,9,30,24.5,
03/29/2003 09:45:00,9,45,25,
03/29/2003 10:00:00,10,0,24.8,
03/29/2003 10:15:00,10,15,25,
03/29/2003 10:30:00,10,30,25.1,
03/29/2003 10:45:00,10,45,25.6,
03/29/2003 11:00:00,11,0,26.9,
03/29/2003 11:15:00,11,15,28.1,
03/29/2003 11:30:00,11,30,28.9,
03/29/2003 11:45:00,11,45,29.3,
03/29/2003 12:00:00,12,0,30.2,
03/29/2003 12:15:00,12,15,30.6,
03/29/2003 12:30:00,12,30,30.9,
03/29/2003 12:45:00,12,45,30.6,
03/29/2003 13:00:00,13,0,31,
03/29/2003 13:15:00,13,15,31.5,
03/29/2003 13:30:00,13,30,31.3,
03/29/2003 13:45:00,13,45,31.4,
03/29/2003 14:00:00,14,0,30.5,
03/29/2003 14:15:00,14,15,30.6,
03/29/2003 14:30:00,14,30,31.1,
03/29/2003 14:45:00,14,45,31.2,
03/29/2003 15:00:00,15,0,31.2,
03/29/2003 15:15:00,15,15,31.3,
03/29/2003 15:30:00,15,30,30.9,
03/29/2003 15:45:00,15,45,30.7,
03/29/2003 16:00:00,16,0,30.9,
03/29/2003 16:15:00,16,15,30.4,
03/29/2003 16:30:00,16,30,29.9,
03/29/2003 16:45:00,16,45,29.7,
03/29/2003 17:00:00,17,0,29.5,
03/29/2003 17:15:00,17,15,29.1,
03/29/2003 17:30:00,17,30,28.4,
03/29/2003 17:45:00,17,45,28.2,
03/29/2003 18:00:00,18,0,27.7,
03/29/2003 18:15:00,18,15,26.8,
03/29/2003 18:30:00,18,30,24.3,
03/29/2003 18:45:00,18,45,24.7,
03/29/2003 19:00:00,19,0,25.6,
03/29/2003 19:15:00,19,15,25.9,
03/29/2003 19:30:00,19,30,25.7,
03/29/2003 19:45:00,19,45,25.9,
03/29/2003 20:00:00,20,0,25.7,
03/29/2003 20:15:00,20,15,26.1,
03/29/2003 20:30:00,20,30,26.1,
03/29/2003 20:45:00,20,45,26.5,
03/29/2003 21:00:00,21,0,26,
03/29/2003 21:15:00,21,15,26.1,
03/29/2003 21:30:00,21,30,25.9,
03/29/2003 21:45:00,21,45,25.7,
03/29/2003 22:00:00,22,0,26.4,
03/29/2003 22:15:00,22,15,24.7,
03/29/2003 22:30:00,22,30,24.2,
03/29/2003 22:45:00,22,45,21.8,
03/29/2003 23:00:00,23,0,20.1,
03/29/2003 23:15:00,23,15,18.5,
03/29/2003 23:30:00,23,30,16.9,
03/29/2003 23:45:00,23,45,16.3,
03/30/2003 00:00:00,0,0,15.8,
03/30/2003 00:15:00,0,15,15.2,
03/30/2003 00:30:00,0,30,14.9,
03/30/2003 00:45:00,0,45,14.7,
03/30/2003 01:00:00,1,0,14.4,
03/30/2003 01:15:00,1,15,14.3,
03/30/2003 01:30:00,1,30,14.1,
03/30/2003 01:45:00,1,45,14,
03/30/2003 02:00:00,2,0,13.9,
03/30/2003 02:15:00,2,15,13.8,
03/30/2003 02:30:00,2,30,13.5,
03/30/2003 02:45:00,2,45,13.3,
03/30/2003 03:00:00,3,0,13,
03/30/2003 03:15:00,3,15,12.5,
03/30/2003 03:30:00,3,30,12.1,
03/30/2003 03:45:00,3,45,11.9,
03/30/2003 04:00:00,4,0,11.6,
03/30/2003 04:15:00,4,15,11.3,
03/30/2003 04:30:00,4,30,11.8,
03/30/2003 04:45:00,4,45,14.9,
03/30/2003 05:00:00,5,0,17,
03/30/2003 05:15:00,5,15,18.5,
03/30/2003 05:30:00,5,30,21,
03/30/2003 05:45:00,5,45,22.5,
03/30/2003 06:00:00,6,0,24,
03/30/2003 06:15:00,6,15,25.6,
03/30/2003 06:30:00,6,30,26.2,
03/30/2003 06:45:00,6,45,26.1,
03/30/2003 07:00:00,7,0,25.8,
03/30/2003 07:15:00,7,15,25.8,
03/30/2003 07:30:00,7,30,26,
03/30/2003 07:45:00,7,45,25.3,
03/30/2003 08:00:00,8,0,25.4,
03/30/2003 08:15:00,8,15,25.1,
03/30/2003 08:30:00,8,30,25.5,
03/30/2003 08:45:00,8,45,24.9,
03/30/2003 09:00:00,9,0,24.6,
03/30/2003 09:15:00,9,15,25.4,
03/30/2003 09:30:00,9,30,25.1,
03/30/2003 09:45:00,9,45,24.9,
03/30/2003 10:00:00,10,0,25,
03/30/2003 10:15:00,10,15,25.5,
03/30/2003 10:30:00,10,30,25.4,
03/30/2003 10:45:00,10,45,26.1,
03/30/2003 11:00:00,11,0,26.9,
03/30/2003 11:15:00,11,15,28.3,
03/30/2003 11:30:00,11,30,29.5,
03/30/2003 11:45:00,11,45,29.6,
03/30/2003 12:00:00,12,0,30,
03/30/2003 12:15:00,12,15,30.5,
03/30/2003 12:30:00,12,30,30.6,
03/30/2003 12:45:00,12,45,28.8,
03/30/2003 13:00:00,13,0,27.4,
03/30/2003 13:15:00,13,15,27.2,
03/30/2003 13:30:00,13,30,27.3,
03/30/2003 13:45:00,13,45,27.9,
03/30/2003 14:00:00,14,0,28.5,
03/30/2003 14:15:00,14,15,28.9,
03/30/2003 14:30:00,14,30,28.6,
03/30/2003 14:45:00,14,45,27.7,
03/30/2003 15:00:00,15,0,27,
03/30/2003 15:15:00,15,15,27,
03/30/2003 15:30:00,15,30,27.3,
03/30/2003 15:45:00,15,45,27,
03/30/2003 16:00:00,16,0,26.5,
03/30/2003 16:15:00,16,15,25.6,
03/30/2003 16:30:00,16,30,24.8,
03/30/2003 16:45:00,16,45,24.8,
03/30/2003 17:00:00,17,0,24.6,
03/30/2003 17:15:00,17,15,24,
03/30/2003 17:30:00,17,30,24.4,
03/30/2003 17:45:00,17,45,25.2,
03/30/2003 18:00:00,18,0,24.9,
03/30/2003 18:15:00,18,15,24.6,
03/30/2003 18:30:00,18,30,25.2,
03/30/2003 18:45:00,18,45,25.7,
03/30/2003 19:00:00,19,0,26,
03/30/2003 19:15:00,19,15,26.3,
03/30/2003 19:30:00,19,30,26.2,
03/30/2003 19:45:00,19,45,26.1,
03/30/2003 20:00:00,20,0,25.7,
03/30/2003 20:15:00,20,15,25.6,
03/30/2003 20:30:00,20,30,25.9,
03/30/2003 20:45:00,20,45,25.6,
03/30/2003 21:00:00,21,0,25.7,
03/30/2003 21:15:00,21,15,25.1,
03/30/2003 21:30:00,21,30,25.7,
03/30/2003 21:45:00,21,45,25.8,
03/30/2003 22:00:00,22,0,25.6,
03/30/2003 22:15:00,22,15,25.1,
03/30/2003 22:30:00,22,30,22.3,
03/30/2003 22:45:00,22,45,20.8,
03/30/2003 23:00:00,23,0,18.7,
03/30/2003 23:15:00,23,15,17.4,
03/30/2003 23:30:00,23,30,15.7,
03/30/2003 23:45:00,23,45,14.6,
03/31/2003 00:00:00,0,0,13.7,
03/31/2003 00:15:00,0,15,12.9,
03/31/2003 00:30:00,0,30,12.4,
03/31/2003 00:45:00,0,45,11.9,
03/31/2003 01:00:00,1,0,11.5,
03/31/2003 01:15:00,1,15,11.1,
03/31/2003 01:30:00,1,30,10.8,
03/31/2003 01:45:00,1,45,10.7,
03/31/2003 02:00:00,2,0,10.5,
03/31/2003 02:15:00,2,15,10.2,
03/31/2003 02:30:00,2,30,10,
03/31/2003 02:45:00,2,45,10.1,
03/31/2003 03:00:00,3,0,10.1,
03/31/2003 03:15:00,3,15,10,
03/31/2003 03:30:00,3,30,10.4,
03/31/2003 03:45:00,3,45,10.3,
03/31/2003 04:00:00,4,0,10,
03/31/2003 04:15:00,4,15,10.5,
03/31/2003 04:30:00,4,30,12.7,
03/31/2003 04:45:00,4,45,15.1,
03/31/2003 05:00:00,5,0,17.1,
03/31/2003 05:15:00,5,15,19.2,
03/31/2003 05:30:00,5,30,20.6,
03/31/2003 05:45:00,5,45,22.1,
03/31/2003 06:00:00,6,0,24,
03/31/2003 06:15:00,6,15,25.6,
03/31/2003 06:30:00,6,30,25.9,
03/31/2003 06:45:00,6,45,25.5,
03/31/2003 07:00:00,7,0,26.2,
03/31/2003 07:15:00,7,15,25.9,
03/31/2003 07:30:00,7,30,25.9,
03/31/2003 07:45:00,7,45,25.6,
03/31/2003 08:00:00,8,0,25.7,
03/31/2003 08:15:00,8,15,24.9,
03/31/2003 08:30:00,8,30,25.2,
03/31/2003 08:45:00,8,45,24.5,
03/31/2003 09:00:00,9,0,24.9,
03/31/2003 09:15:00,9,15,25.2,
03/31/2003 09:30:00,9,30,25,
03/31/2003 09:45:00,9,45,24.8,
03/31/2003 10:00:00,10,0,25.3,
03/31/2003 10:15:00,10,15,25.7,
03/31/2003 10:30:00,10,30,25.8,
03/31/2003 10:45:00,10,45,26.4,
03/31/2003 11:00:00,11,0,27.7,
03/31/2003 11:15:00,11,15,27.7,
03/31/2003 11:30:00,11,30,27.9,
03/31/2003 11:45:00,11,45,28.8,
03/31/2003 12:00:00,12,0,28.9,
03/31/2003 12:15:00,12,15,28.2,
03/31/2003 12:30:00,12,30,28.1,
03/31/2003 12:45:00,12,45,28.8,
03/31/2003 13:00:00,13,0,29,
03/31/2003 13:15:00,13,15,28.8,
03/31/2003 13:30:00,13,30,28.4,
03/31/2003 13:45:00,13,45,27.3,
03/31/2003 14:00:00,14,0,27.5,
03/31/2003 14:15:00,14,15,28.5,
03/31/2003 14:30:00,14,30,28.5,
03/31/2003 14:45:00,14,45,28.1,
03/31/2003 15:00:00,15,0,27.3,
03/31/2003 15:15:00,15,15,27,
03/31/2003 15:30:00,15,30,26.1,
03/31/2003 15:45:00,15,45,25.3,
03/31/2003 16:00:00,16,0,24.8,
03/31/2003 16:15:00,16,15,25.2,
03/31/2003 16:30:00,16,30,24.4,
03/31/2003 16:45:00,16,45,24.8,
03/31/2003 17:00:00,17,0,24.3,
03/31/2003 17:15:00,17,15,24.9,
03/31/2003 17:30:00,17,30,24.7,
03/31/2003 17:45:00,17,45,25.5,
03/31/2003 18:00:00,18,0,25.1,
03/31/2003 18:15:00,18,15,25.5,
03/31/2003 18:30:00,18,30,25.9,
03/31/2003 18:45:00,18,45,25.3,
03/31/2003 19:00:00,19,0,25.2,
03/31/2003 19:15:00,19,15,25.5,
03/31/2003 19:30:00,19,30,25.8,
03/31/2003 19:45:00,19,45,25,
03/31/2003 20:00:00,20,0,25.2,
03/31/2003 20:15:00,20,15,25.8,
03/31/2003 20:30:00,20,30,25.1,
03/31/2003 20:45:00,20,45,25.2,
03/31/2003 21:00:00,21,0,24.9,
03/31/2003 21:15:00,21,15,25.7,
03/31/2003 21:30:00,21,30,25.3,
03/31/2003 21:45:00,21,45,25.8,
03/31/2003 22:00:00,22,0,25,
03/31/2003 22:15:00,22,15,24.6,
03/31/2003 22:30:00,22,30,22.5,
03/31/2003 22:45:00,22,45,20.9,
03/31/2003 23:00:00,23,0,19.8,
03/31/2003 23:15:00,23,15,19.1,
03/31/2003 23:30:00,23,30,18.5,
03/31/2003 23:45:00,23,45,18.1,
04/01/2003 00:00:00,0,0,17.5,
04/01/2003 00:15:00,0,15,16.7,
04/01/2003 00:30:00,0,30,16.3,
04/01/2003 00:45:00,0,45,15.9,
04/01/2003 01:00:00,1,0,15.6,
04/01/2003 01:15:00,1,15,15.2,
04/01/2003 01:30:00,1,30,14.8,
04/01/2003 01:45:00,1,45,14.7,
04/01/2003 02:00:00,2,0,14.5,
04/01/2003 02:15:00,2,15,14.3,
04/01/2003 02:30:00,2,30,14.1,
04/01/2003 02:45:00,2,45,13.9,
04/01/2003 03:00:00,3,0,13.7,
04/01/2003 03:15:00,3,15,13.5,
04/01/2003 03:30:00,3,30,13.3,
04/01/2003 03:45:00,3,45,13.2,
04/01/2003 04:00:00,4,0,12.9,
04/01/2003 04:15:00,4,15,12.6,
04/01/2003 04:30:00,4,30,12.6,
04/01/2003 04:45:00,4,45,14.4,
04/01/2003 05:00:00,5,0,16.6,
04/01/2003 05:15:00,5,15,18,
04/01/2003 05:30:00,5,30,21.1,
04/01/2003 05:45:00,5,45,22.8,
04/01/2003 06:00:00,6,0,24.7,
04/01/2003 06:15:00,6,15,25.8,
04/01/2003 06:30:00,6,30,25.6,
04/01/2003 06:45:00,6,45,25.2,
04/01/2003 07:00:00,7,0,25.6,
04/01/2003 07:15:00,7,15,26.1,
04/01/2003 07:30:00,7,30,25.4,
04/01/2003 07:45:00,7,45,25.8,
04/01/2003 08:00:00,8,0,25.2,
04/01/2003 08:15:00,8,15,25.6,
04/01/2003 08:30:00,8,30,25.4,
04/01/2003 08:45:00,8,45,24.8,
04/01/2003 09:00:00,9,0,24.8,
04/01/2003 09:15:00,9,15,25,
04/01/2003 09:30:00,9,30,24.9,
04/01/2003 09:45:00,9,45,25.1,
04/01/2003 10:00:00,10,0,24.9,
04/01/2003 10:15:00,10,15,24.8,
04/01/2003 10:30:00,10,30,24.8,
04/01/2003 10:45:00,10,45,24.8,
04/01/2003 11:00:00,11,0,25,
04/01/2003 11:15:00,11,15,25.2,
04/01/2003 11:30:00,11,30,25.2,
04/01/2003 11:45:00,11,45,25.7,
04/01/2003 12:00:00,12,0,26.1,
04/01/2003 12:15:00,12,15,25.9,
04/01/2003 12:30:00,12,30,26.2,
04/01/2003 12:45:00,12,45,26.1,
04/01/2003 13:00:00,13,0,27.5,
04/01/2003 13:15:00,13,15,28.9,
04/01/2003 13:30:00,13,30,28.6,
04/01/2003 13:45:00,13,45,29.7,
04/01/2003 14:00:00,14,0,31,
04/01/2003 14:15:00,14,15,30.6,
04/01/2003 14:30:00,14,30,26.6,
04/01/2003 14:45:00,14,45,27.8,
04/01/2003 15:00:00,15,0,29.1,
04/01/2003 15:15:00,15,15,32.6,
04/01/2003 15:30:00,15,30,32.7,
04/01/2003 15:45:00,15,45,32.5,
04/01/2003 16:00:00,16,0,33.9,
04/01/2003 16:15:00,16,15,34.1,
04/01/2003 16:30:00,16,30,32.3,
04/01/2003 16:45:00,16,45,28.8,
04/01/2003 17:00:00,17,0,28.6,
04/01/2003 17:15:00,17,15,29.8,
04/01/2003 17:30:00,17,30,29.1,
04/01/2003 17:45:00,17,45,28.8,
04/01/2003 18:00:00,18,0,28,
04/01/2003 18:15:00,18,15,26.8,
04/01/2003 18:30:00,18,30,26.3,
04/01/2003 18:45:00,18,45,24.9,
04/01/2003 19:00:00,19,0,24.6,
04/01/2003 19:15:00,19,15,24.3,
04/01/2003 19:30:00,19,30,24.5,
04/01/2003 19:45:00,19,45,24.7,
04/01/2003 20:00:00,20,0,25,
04/01/2003 20:15:00,20,15,25.7,
04/01/2003 20:30:00,20,30,25.1,
04/01/2003 20:45:00,20,45,25.4,
04/01/2003 21:00:00,21,0,25.1,
04/01/2003 21:15:00,21,15,25.3,
04/01/2003 21:30:00,21,30,26.7,
04/01/2003 21:45:00,21,45,25.2,
04/01/2003 22:00:00,22,0,25.7,
04/01/2003 22:15:00,22,15,25.7,
04/01/2003 22:30:00,22,30,23.3,
04/01/2003 22:45:00,22,45,22,
04/01/2003 23:00:00,23,0,21.2,
04/01/2003 23:15:00,23,15,20,
04/01/2003 23:30:00,23,30,18.4,
04/01/2003 23:45:00,23,45,17.5,
04/02/2003 00:00:00,0,0,16.9,
04/02/2003 00:15:00,0,15,16.1,
04/02/2003 00:30:00,0,30,15.6,
04/02/2003 00:45:00,0,45,15.1,
04/02/2003 01:00:00,1,0,14.7,
04/02/2003 01:15:00,1,15,14.5,
04/02/2003 01:30:00,1,30,14.3,
04/02/2003 01:45:00,1,45,14,
04/02/2003 02:00:00,2,0,13.8,
04/02/2003 02:15:00,2,15,13.6,
04/02/2003 02:30:00,2,30,13.4,
04/02/2003 02:45:00,2,45,13.2,
04/02/2003 03:00:00,3,0,13,
04/02/2003 03:15:00,3,15,12.8,
04/02/2003 03:30:00,3,30,12.6,
04/02/2003 03:45:00,3,45,12.5,
04/02/2003 04:00:00,4,0,12.3,
04/02/2003 04:15:00,4,15,12.2,
04/02/2003 04:30:00,4,30,12.6,
04/02/2003 04:45:00,4,45,14.5,
04/02/2003 05:00:00,5,0,16.4,
04/02/2003 05:15:00,5,15,18.2,
04/02/2003 05:30:00,5,30,20.2,
04/02/2003 05:45:00,5,45,22.3,
04/02/2003 06:00:00,6,0,25.1,
04/02/2003 06:15:00,6,15,27.1,
04/02/2003 06:30:00,6,30,26.8,
04/02/2003 06:45:00,6,45,26.4,
04/02/2003 07:00:00,7,0,26,
04/02/2003 07:15:00,7,15,26.7,
04/02/2003 07:30:00,7,30,25.8,
04/02/2003 07:45:00,7,45,25.3,
04/02/2003 08:00:00,8,0,25.4,
04/02/2003 08:15:00,8,15,25.4,
04/02/2003 08:30:00,8,30,25,
04/02/2003 08:45:00,8,45,24.2,
04/02/2003 09:00:00,9,0,24.8,
04/02/2003 09:15:00,9,15,24.6,
04/02/2003 09:30:00,9,30,25.1,
04/02/2003 09:45:00,9,45,24.8,
04/02/2003 10:00:00,10,0,24.9,
04/02/2003 10:15:00,10,15,24.7,
04/02/2003 10:30:00,10,30,25.4,
04/02/2003 10:45:00,10,45,24.6,
04/02/2003 11:00:00,11,0,25,
04/02/2003 11:15:00,11,15,26.8,
04/02/2003 11:30:00,11,30,25.5,
04/02/2003 11:45:00,11,45,24.9,
04/02/2003 12:00:00,12,0,25.4,
04/02/2003 12:15:00,12,15,25.6,
04/02/2003 12:30:00,12,30,26.3,
04/02/2003 12:45:00,12,45,27.1,
04/02/2003 13:00:00,13,0,26.7,
04/02/2003 13:15:00,13,15,26.6,
04/02/2003 13:30:00,13,30,27.1,
04/02/2003 13:45:00,13,45,28.3,
04/02/2003 14:00:00,14,0,29.2,
04/02/2003 14:15:00,14,15,30.2,
04/02/2003 14:30:00,14,30,31.3,
04/02/2003 14:45:00,14,45,31.9,
04/02/2003 15:00:00,15,0,32.1,
04/02/2003 15:15:00,15,15,31.5,
04/02/2003 15:30:00,15,30,28.6,
04/02/2003 15:45:00,15,45,27.1,
04/02/2003 16:00:00,16,0,26.4,
04/02/2003 16:15:00,16,15,25.6,
04/02/2003 16:30:00,16,30,25.2,
04/02/2003 16:45:00,16,45,25,
04/02/2003 17:00:00,17,0,25.3,
04/02/2003 17:15:00,17,15,25.6,
04/02/2003 17:30:00,17,30,25.4,
04/02/2003 17:45:00,17,45,24.6,
04/02/2003 18:00:00,18,0,24.9,
04/02/2003 18:15:00,18,15,24.7,
04/02/2003 18:30:00,18,30,25.2,
04/02/2003 18:45:00,18,45,25,
04/02/2003 19:00:00,19,0,25.2,
04/02/2003 19:15:00,19,15,24.8,
04/02/2003 19:30:00,19,30,24.9,
04/02/2003 19:45:00,19,45,25.4,
04/02/2003 20:00:00,20,0,24.9,
04/02/2003 20:15:00,20,15,26,
04/02/2003 20:30:00,20,30,25.1,
04/02/2003 20:45:00,20,45,25.4,
04/02/2003 21:00:00,21,0,25.4,
04/02/2003 21:15:00,21,15,25.8,
04/02/2003 21:30:00,21,30,25.2,
04/02/2003 21:45:00,21,45,25.1,
04/02/2003 22:00:00,22,0,25.9,
04/02/2003 22:15:00,22,15,25,
04/02/2003 22:30:00,22,30,22.6,
04/02/2003 22:45:00,22,45,21.6,
04/02/2003 23:00:00,23,0,18.8,
04/02/2003 23:15:00,23,15,17.1,
04/02/2003 23:30:00,23,30,16.1,
04/02/2003 23:45:00,23,45,15.3,
04/03/2003 00:00:00,0,0,14.7,
04/03/2003 00:15:00,0,15,14,
04/03/2003 00:30:00,0,30,13.6,
04/03/2003 00:45:00,0,45,13.4,
04/03/2003 01:00:00,1,0,13.2,
04/03/2003 01:15:00,1,15,13.1,
04/03/2003 01:30:00,1,30,13,
04/03/2003 01:45:00,1,45,12.9,
04/03/2003 02:00:00,2,0,12.8,
04/03/2003 02:15:00,2,15,12.5,
04/03/2003 02:30:00,2,30,12.3,
04/03/2003 02:45:00,2,45,12.1,
04/03/2003 03:00:00,3,0,11.9,
04/03/2003 03:15:00,3,15,11.8,
04/03/2003 03:30:00,3,30,11.7,
04/03/2003 03:45:00,3,45,11.5,
04/03/2003 04:00:00,4,0,11.4,
04/03/2003 04:15:00,4,15,11.2,
04/03/2003 04:30:00,4,30,12.6,
04/03/2003 04:45:00,4,45,14.5,
04/03/2003 05:00:00,5,0,16.4,
04/03/2003 05:15:00,5,15,18.2,
04/03/2003 05:30:00,5,30,20.4,
04/03/2003 05:45:00,5,45,22.3,
04/03/2003 06:00:00,6,0,24.6,
04/03/2003 06:15:00,6,15,26.2,
04/03/2003 06:30:00,6,30,26.3,
04/03/2003 06:45:00,6,45,26.3,
04/03/2003 07:00:00,7,0,26.1,
04/03/2003 07:15:00,7,15,26,
04/03/2003 07:30:00,7,30,25.9,
04/03/2003 07:45:00,7,45,25.6,
04/03/2003 08:00:00,8,0,25.6,
04/03/2003 08:15:00,8,15,25.1,
04/03/2003 08:30:00,8,30,25.2,
04/03/2003 08:45:00,8,45,25.5,
04/03/2003 09:00:00,9,0,25.1,
04/03/2003 09:15:00,9,15,25.2,
04/03/2003 09:30:00,9,30,25.1,
04/03/2003 09:45:00,9,45,24.4,
04/03/2003 10:00:00,10,0,24,
04/03/2003 10:15:00,10,15,24.4,
04/03/2003 10:30:00,10,30,24.6,
04/03/2003 10:45:00,10,45,24.6,
04/03/2003 11:00:00,11,0,24.7,
04/03/2003 11:15:00,11,15,24.7,
04/03/2003 11:30:00,11,30,25,
04/03/2003 11:45:00,11,45,25.1,
04/03/2003 12:00:00,12,0,24.7,
04/03/2003 12:15:00,12,15,25.1,
04/03/2003 12:30:00,12,30,25.3,
04/03/2003 12:45:00,12,45,25.1,
04/03/2003 13:00:00,13,0,25.2,
04/03/2003 13:15:00,13,15,25.1,
04/03/2003 13:30:00,13,30,24.6,
04/03/2003 13:45:00,13,45,24.8,
04/03/2003 14:00:00,14,0,25,
04/03/2003 14:15:00,14,15,25.3,
04/03/2003 14:30:00,14,30,25.1,
04/03/2003 14:45:00,14,45,24.8,
04/03/2003 15:00:00,15,0,24.6,
04/03/2003 15:15:00,15,15,25.4,
04/03/2003 15:30:00,15,30,24.9,
04/03/2003 15:45:00,15,45,25.6,
04/03/2003 16:00:00,16,0,24.8,
04/03/2003 16:15:00,16,15,25.9,
04/03/2003 16:30:00,16,30,26.2,
04/03/2003 16:45:00,16,45,25.8,
04/03/2003 17:00:00,17,0,25.6,
04/03/2003 17:15:00,17,15,26.1,
04/03/2003 17:30:00,17,30,26.5,
04/03/2003 17:45:00,17,45,26.2,
04/03/2003 18:00:00,18,0,26.4,
04/03/2003 18:15:00,18,15,26.2,
04/03/2003 18:30:00,18,30,26.2,
04/03/2003 18:45:00,18,45,25.4,
04/03/2003 19:00:00,19,0,24.8,
04/03/2003 19:15:00,19,15,24.6,
04/03/2003 19:30:00,19,30,25.3,
04/03/2003 19:45:00,19,45,24.7,
04/03/2003 20:00:00,20,0,24.8,
04/03/2003 20:15:00,20,15,24.9,
04/03/2003 20:30:00,20,30,24.9,
04/03/2003 20:45:00,20,45,25,
04/03/2003 21:00:00,21,0,25,
04/03/2003 21:15:00,21,15,25.2,
04/03/2003 21:30:00,21,30,24.7,
04/03/2003 21:45:00,21,45,25,
04/03/2003 22:00:00,22,0,25.2,
04/03/2003 22:15:00,22,15,24.3,
04/03/2003 22:30:00,22,30,22.8,
04/03/2003 22:45:00,22,45,20.8,
04/03/2003 23:00:00,23,0,18.8,
04/03/2003 23:15:00,23,15,17.2,
04/03/2003 23:30:00,23,30,16,
04/03/2003 23:45:00,23,45,14.8,
04/04/2003 00:00:00,0,0,14,
04/04/2003 00:15:00,0,15,13.3,
04/04/2003 00:30:00,0,30,12.8,
04/04/2003 00:45:00,0,45,12.4,
04/04/2003 01:00:00,1,0,12.2,
04/04/2003 01:15:00,1,15,11.7,
04/04/2003 01:30:00,1,30,11.3,
04/04/2003 01:45:00,1,45,11.1,
04/04/2003 02:00:00,2,0,11.2,
04/04/2003 02:15:00,2,15,11,
04/04/2003 02:30:00,2,30,10.7,
04/04/2003 02:45:00,2,45,10.5,
04/04/2003 03:00:00,3,0,10.4,
04/04/2003 03:15:00,3,15,10.3,
04/04/2003 03:30:00,3,30,10.2,
04/04/2003 03:45:00,3,45,10.1,
04/04/2003 04:00:00,4,0,9.9,
04/04/2003 04:15:00,4,15,11.2,
04/04/2003 04:30:00,4,30,12.5,
04/04/2003 04:45:00,4,45,15,
04/04/2003 05:00:00,5,0,16.5,
04/04/2003 05:15:00,5,15,18.1,
04/04/2003 05:30:00,5,30,20.2,
04/04/2003 05:45:00,5,45,22,
04/04/2003 06:00:00,6,0,24.5,
04/04/2003 06:15:00,6,15,26.4,
04/04/2003 06:30:00,6,30,25.8,
04/04/2003 06:45:00,6,45,25.9,
04/04/2003 07:00:00,7,0,25.8,
04/04/2003 07:15:00,7,15,25.4,
04/04/2003 07:30:00,7,30,25.4,
04/04/2003 07:45:00,7,45,25.2,
04/04/2003 08:00:00,8,0,25.4,
04/04/2003 08:15:00,8,15,25.1,
04/04/2003 08:30:00,8,30,25.1,
04/04/2003 08:45:00,8,45,25.2,
04/04/2003 09:00:00,9,0,25.1,
04/04/2003 09:15:00,9,15,25.4,
04/04/2003 09:30:00,9,30,25,
04/04/2003 09:45:00,9,45,24.6,
04/04/2003 10:00:00,10,0,25.2,
04/04/2003 10:15:00,10,15,25,
04/04/2003 10:30:00,10,30,25,
04/04/2003 10:45:00,10,45,24.7,
04/04/2003 11:00:00,11,0,24.5,
04/04/2003 11:15:00,11,15,24.4,
04/04/2003 11:30:00,11,30,24.7,
04/04/2003 11:45:00,11,45,24.2,
04/04/2003 12:00:00,12,0,23.8,
04/04/2003 12:15:00,12,15,25.1,
04/04/2003 12:30:00,12,30,24.9,
04/04/2003 12:45:00,12,45,25,
04/04/2003 13:00:00,13,0,25.1,
04/04/2003 13:15:00,13,15,25.2,
04/04/2003 13:30:00,13,30,25.2,
04/04/2003 13:45:00,13,45,25.3,
04/04/2003 14:00:00,14,0,26,
04/04/2003 14:15:00,14,15,27,
04/04/2003 14:30:00,14,30,26.9,
04/04/2003 14:45:00,14,45,26.8,
04/04/2003 15:00:00,15,0,26.7,
04/04/2003 15:15:00,15,15,27.2,
04/04/2003 15:30:00,15,30,27.4,
04/04/2003 15:45:00,15,45,27.6,
04/04/2003 16:00:00,16,0,27.4,
04/04/2003 16:15:00,16,15,27.5,
04/04/2003 16:30:00,16,30,27.3,
04/04/2003 16:45:00,16,45,27.4,
04/04/2003 17:00:00,17,0,26.9,
04/04/2003 17:15:00,17,15,26.1,
04/04/2003 17:30:00,17,30,25.2,
04/04/2003 17:45:00,17,45,25.4,
04/04/2003 18:00:00,18,0,25.3,
04/04/2003 18:15:00,18,15,26.1,
04/04/2003 18:30:00,18,30,26,
04/04/2003 18:45:00,18,45,26.2,
04/04/2003 19:00:00,19,0,24.5,
04/04/2003 19:15:00,19,15,25.4,
04/04/2003 19:30:00,19,30,25.5,
04/04/2003 19:45:00,19,45,25.3,
04/04/2003 20:00:00,20,0,25.7,
04/04/2003 20:15:00,20,15,25.4,
04/04/2003 20:30:00,20,30,25.6,
04/04/2003 20:45:00,20,45,25.3,
04/04/2003 21:00:00,21,0,25.5,
04/04/2003 21:15:00,21,15,25.4,
04/04/2003 21:30:00,21,30,25.4,
04/04/2003 21:45:00,21,45,24.9,
04/04/2003 22:00:00,22,0,24.8,
04/04/2003 22:15:00,22,15,24.3,
04/04/2003 22:30:00,22,30,23.1,
04/04/2003 22:45:00,22,45,20.8,
04/04/2003 23:00:00,23,0,19.1,
04/04/2003 23:15:00,23,15,16.9,
04/04/2003 23:30:00,23,30,15.4,
04/04/2003 23:45:00,23,45,14.5,
04/05/2003 00:00:00,0,0,13.8,
04/05/2003 00:15:00,0,15,13.1,
04/05/2003 00:30:00,0,30,12.6,
04/05/2003 00:45:00,0,45,12.2,
04/05/2003 01:00:00,1,0,11.9,
04/05/2003 01:15:00,1,15,11.6,
04/05/2003 01:30:00,1,30,11.4,
04/05/2003 01:45:00,1,45,11.1,
04/05/2003 02:00:00,2,0,10.9,
04/05/2003 02:15:00,2,15,10.7,
04/05/2003 02:30:00,2,30,10.4,
04/05/2003 02:45:00,2,45,10.2,
04/05/2003 03:00:00,3,0,10,
04/05/2003 03:15:00,3,15,9.9,
04/05/2003 03:30:00,3,30,10.2,
04/05/2003 03:45:00,3,45,10.1,
04/05/2003 04:00:00,4,0,10,
04/05/2003 04:15:00,4,15,10.7,
04/05/2003 04:30:00,4,30,13,
04/05/2003 04:45:00,4,45,15.1,
04/05/2003 05:00:00,5,0,16.7,
04/05/2003 05:15:00,5,15,18,
04/05/2003 05:30:00,5,30,20.6,
04/05/2003 05:45:00,5,45,23.2,
04/05/2003 06:00:00,6,0,25,
04/05/2003 06:15:00,6,15,26.3,
04/05/2003 06:30:00,6,30,26.3,
04/05/2003 06:45:00,6,45,26.3,
04/05/2003 07:00:00,7,0,26.1,
04/05/2003 07:15:00,7,15,26,
04/05/2003 07:30:00,7,30,25.6,
04/05/2003 07:45:00,7,45,25.8,
04/05/2003 08:00:00,8,0,25.2,
04/05/2003 08:15:00,8,15,25.2,
04/05/2003 08:30:00,8,30,25,
04/05/2003 08:45:00,8,45,24.9,
04/05/2003 09:00:00,9,0,25.5,
04/05/2003 09:15:00,9,15,24.9,
04/05/2003 09:30:00,9,30,24.9,
04/05/2003 09:45:00,9,45,24.7,
04/05/2003 10:00:00,10,0,25,
04/05/2003 10:15:00,10,15,25.2,
04/05/2003 10:30:00,10,30,25.8,
04/05/2003 10:45:00,10,45,26.4,
04/05/2003 11:00:00,11,0,27.1,
04/05/2003 11:15:00,11,15,29,
04/05/2003 11:30:00,11,30,30.5,
04/05/2003 11:45:00,11,45,31.6,
04/05/2003 12:00:00,12,0,32.6,
04/05/2003 12:15:00,12,15,33.6,
04/05/2003 12:30:00,12,30,34.5,
04/05/2003 12:45:00,12,45,35.1,
04/05/2003 13:00:00,13,0,35.7,
04/05/2003 13:15:00,13,15,36.2,
04/05/2003 13:30:00,13,30,36.6,
04/05/2003 13:45:00,13,45,37,
04/05/2003 14:00:00,14,0,37.1,
04/05/2003 14:15:00,14,15,37.2,
04/05/2003 14:30:00,14,30,37.2,
04/05/2003 14:45:00,14,45,37,
04/05/2003 15:00:00,15,0,36.7,
04/05/2003 15:15:00,15,15,36.2,
04/05/2003 15:30:00,15,30,35.7,
04/05/2003 15:45:00,15,45,35.3,
04/05/2003 16:00:00,16,0,34.9,
04/05/2003 16:15:00,16,15,34.3,
04/05/2003 16:30:00,16,30,33.7,
04/05/2003 16:45:00,16,45,33.2,
04/05/2003 17:00:00,17,0,32.4,
04/05/2003 17:15:00,17,15,32,
04/05/2003 17:30:00,17,30,31.4,
04/05/2003 17:45:00,17,45,31,
04/05/2003 18:00:00,18,0,30.3,
04/05/2003 18:15:00,18,15,29,
04/05/2003 18:30:00,18,30,27.4,
04/05/2003 18:45:00,18,45,25.5,
04/05/2003 19:00:00,19,0,23.4,
04/05/2003 19:15:00,19,15,24.2,
04/05/2003 19:30:00,19,30,24.8,
04/05/2003 19:45:00,19,45,25,
04/05/2003 20:00:00,20,0,25.2,
04/05/2003 20:15:00,20,15,25.1,
04/05/2003 20:30:00,20,30,25,
04/05/2003 20:45:00,20,45,25.2,
04/05/2003 21:00:00,21,0,24.9,
04/05/2003 21:15:00,21,15,25.2,
04/05/2003 21:30:00,21,30,25.5,
04/05/2003 21:45:00,21,45,25.5,
04/05/2003 22:00:00,22,0,25.3,
04/05/2003 22:15:00,22,15,24.6,
04/05/2003 22:30:00,22,30,22.5,
04/05/2003 22:45:00,22,45,22.6,
04/05/2003 23:00:00,23,0,21.1,
04/05/2003 23:15:00,23,15,19.6,
04/05/2003 23:30:00,23,30,18.6,
04/05/2003 23:45:00,23,45,18,
04/06/2003 00:00:00,0,0,16.4,
04/06/2003 00:15:00,0,15,14.2,
04/06/2003 00:30:00,0,30,13.3,
04/06/2003 00:45:00,0,45,12.8,
04/06/2003 01:00:00,1,0,12.4,
04/06/2003 01:15:00,1,15,11.8,
04/06/2003 01:30:00,1,30,11.3,
04/06/2003 01:45:00,1,45,10.8,
04/06/2003 02:00:00,2,0,10.3,
04/06/2003 02:15:00,2,15,,
04/06/2003 02:30:00,2,30,,
04/06/2003 02:45:00,2,45,,
04/06/2003 03:00:00,3,0,,
04/06/2003 03:15:00,3,15,9.8,
04/06/2003 03:30:00,3,30,10.3,
04/06/2003 03:45:00,3,45,9.8,
04/06/2003 04:00:00,4,0,10.3,
04/06/2003 04:15:00,4,15,10.6,
04/06/2003 04:30:00,4,30,12.7,
04/06/2003 04:45:00,4,45,14.6,
04/06/2003 05:00:00,5,0,16.6,
04/06/2003 05:15:00,5,15,18.5,
04/06/2003 05:30:00,5,30,20.1,
04/06/2003 05:45:00,5,45,21.9,
04/06/2003 06:00:00,6,0,23.8,
04/06/2003 06:15:00,6,15,24.9,
04/06/2003 06:30:00,6,30,25.6,
04/06/2003 06:45:00,6,45,26,
04/06/2003 07:00:00,7,0,26.1,
04/06/2003 07:15:00,7,15,25.9,
04/06/2003 07:30:00,7,30,26.2,
04/06/2003 07:45:00,7,45,26,
04/06/2003 08:00:00,8,0,25.9,
04/06/2003 08:15:00,8,15,25.7,
04/06/2003 08:30:00,8,30,25.9,
04/06/2003 08:45:00,8,45,25.7,
04/06/2003 09:00:00,9,0,25.6,
04/06/2003 09:15:00,9,15,25.2,
04/06/2003 09:30:00,9,30,25.2,
04/06/2003 09:45:00,9,45,24.5,
04/06/2003 10:00:00,10,0,24.7,
04/06/2003 10:15:00,10,15,25.1,
04/06/2003 10:30:00,10,30,25,
04/06/2003 10:45:00,10,45,25.1,
04/06/2003 11:00:00,11,0,25.2,
04/06/2003 11:15:00,11,15,26.2,
04/06/2003 11:30:00,11,30,27.1,
04/06/2003 11:45:00,11,45,27.9,
04/06/2003 12:00:00,12,0,28.7,
04/06/2003 12:15:00,12,15,30.4,
04/06/2003 12:30:00,12,30,32.3,
04/06/2003 12:45:00,12,45,33.5,
04/06/2003 13:00:00,13,0,34.5,
04/06/2003 13:15:00,13,15,35.4,
04/06/2003 13:30:00,13,30,36.3,
04/06/2003 13:45:00,13,45,36.9,
04/06/2003 14:00:00,14,0,37.4,
04/06/2003 14:15:00,14,15,37.9,
04/06/2003 14:30:00,14,30,38.1,
04/06/2003 14:45:00,14,45,38.2,
04/06/2003 15:00:00,15,0,38.4,
04/06/2003 15:15:00,15,15,38.5,
04/06/2003 15:30:00,15,30,38.6,
04/06/2003 15:45:00,15,45,38.3,
04/06/2003 16:00:00,16,0,37.8,
04/06/2003 16:15:00,16,15,37.5,
04/06/2003 16:30:00,16,30,37.1,
04/06/2003 16:45:00,16,45,36.8,
04/06/2003 17:00:00,17,0,36.5,
04/06/2003 17:15:00,17,15,36.1,
04/06/2003 17:30:00,17,30,35.6,
04/06/2003 17:45:00,17,45,35.1,
04/06/2003 18:00:00,18,0,34.6,
04/06/2003 18:15:00,18,15,33.8,
04/06/2003 18:30:00,18,30,33.3,
04/06/2003 18:45:00,18,45,32.8,
04/06/2003 19:00:00,19,0,32,
04/06/2003 19:15:00,19,15,30.8,
04/06/2003 19:30:00,19,30,29.1,
04/06/2003 19:45:00,19,45,27.3,
04/06/2003 20:00:00,20,0,25.8,
04/06/2003 20:15:00,20,15,24.6,
04/06/2003 20:30:00,20,30,24.3,
04/06/2003 20:45:00,20,45,23.9,
04/06/2003 21:00:00,21,0,24.5,
04/06/2003 21:15:00,21,15,25,
04/06/2003 21:30:00,21,30,24.5,
04/06/2003 21:45:00,21,45,24.8,
04/06/2003 22:00:00,22,0,25.2,
04/06/2003 22:15:00,22,15,24.6,
04/06/2003 22:30:00,22,30,22.5,
04/06/2003 22:45:00,22,45,20.6,
04/06/2003 23:00:00,23,0,18.7,
04/06/2003 23:15:00,23,15,17.5,
04/06/2003 23:30:00,23,30,16.6,
04/06/2003 23:45:00,23,45,15.9,
04/07/2003 00:00:00,0,0,15.2,
04/07/2003 00:15:00,0,15,14.7,
04/07/2003 00:30:00,0,30,14.3,
04/07/2003 00:45:00,0,45,13.9,
04/07/2003 01:00:00,1,0,13.4,
04/07/2003 01:15:00,1,15,12.9,
04/07/2003 01:30:00,1,30,12.6,
04/07/2003 01:45:00,1,45,12.4,
04/07/2003 02:00:00,2,0,12.1,
04/07/2003 02:15:00,2,15,11.9,
04/07/2003 02:30:00,2,30,11.5,
04/07/2003 02:45:00,2,45,11.3,
04/07/2003 03:00:00,3,0,11.1,
04/07/2003 03:15:00,3,15,11.1,
04/07/2003 03:30:00,3,30,11.2,
04/07/2003 03:45:00,3,45,11.1,
04/07/2003 04:00:00,4,0,11,
04/07/2003 04:15:00,4,15,10.8,
04/07/2003 04:30:00,4,30,12.3,
04/07/2003 04:45:00,4,45,14.7,
04/07/2003 05:00:00,5,0,16.7,
04/07/2003 05:15:00,5,15,18.4,
04/07/2003 05:30:00,5,30,20.1,
04/07/2003 05:45:00,5,45,22.1,
04/07/2003 06:00:00,6,0,23.7,
04/07/2003 06:15:00,6,15,25.5,
04/07/2003 06:30:00,6,30,25.5,
04/07/2003 06:45:00,6,45,26.6,
04/07/2003 07:00:00,7,0,26.3,
04/07/2003 07:15:00,7,15,26.5,
04/07/2003 07:30:00,7,30,25.8,
04/07/2003 07:45:00,7,45,26,
04/07/2003 08:00:00,8,0,26,
04/07/2003 08:15:00,8,15,25.4,
04/07/2003 08:30:00,8,30,25,
04/07/2003 08:45:00,8,45,25.5,
04/07/2003 09:00:00,9,0,25.2,
04/07/2003 09:15:00,9,15,24.5,
04/07/2003 09:30:00,9,30,24.8,
04/07/2003 09:45:00,9,45,24.8,
04/07/2003 10:00:00,10,0,24.8,
04/07/2003 10:15:00,10,15,25.1,
04/07/2003 10:30:00,10,30,25,
04/07/2003 10:45:00,10,45,25.2,
04/07/2003 11:00:00,11,0,25.2,
04/07/2003 11:15:00,11,15,26.1,
04/07/2003 11:30:00,11,30,27,
04/07/2003 11:45:00,11,45,28,
04/07/2003 12:00:00,12,0,29.7,
04/07/2003 12:15:00,12,15,31.1,
04/07/2003 12:30:00,12,30,32.1,
04/07/2003 12:45:00,12,45,33.2,
04/07/2003 13:00:00,13,0,34.1,
04/07/2003 13:15:00,13,15,34.9,
04/07/2003 13:30:00,13,30,35.6,
04/07/2003 13:45:00,13,45,36.1,
04/07/2003 14:00:00,14,0,36.6,
04/07/2003 14:15:00,14,15,36.8,
04/07/2003 14:30:00,14,30,37,
04/07/2003 14:45:00,14,45,37.2,
04/07/2003 15:00:00,15,0,37.5,
04/07/2003 15:15:00,15,15,37.4,
04/07/2003 15:30:00,15,30,37.3,
04/07/2003 15:45:00,15,45,37.4,
04/07/2003 16:00:00,16,0,37,
04/07/2003 16:15:00,16,15,36.5,
04/07/2003 16:30:00,16,30,36.1,
04/07/2003 16:45:00,16,45,35.8,
04/07/2003 17:00:00,17,0,35.3,
04/07/2003 17:15:00,17,15,34.9,
04/07/2003 17:30:00,17,30,34.8,
04/07/2003 17:45:00,17,45,34.7,
04/07/2003 18:00:00,18,0,34.3,
04/07/2003 18:15:00,18,15,33.7,
04/07/2003 18:30:00,18,30,33.2,
04/07/2003 18:45:00,18,45,32.5,
04/07/2003 19:00:00,19,0,31.6,
04/07/2003 19:15:00,19,15,30.6,
04/07/2003 19:30:00,19,30,29.4,
04/07/2003 19:45:00,19,45,27.8,
04/07/2003 20:00:00,20,0,26.3,
04/07/2003 20:15:00,20,15,24.6,
04/07/2003 20:30:00,20,30,24.6,
04/07/2003 20:45:00,20,45,24.6,
04/07/2003 21:00:00,21,0,24.8,
04/07/2003 21:15:00,21,15,24.8,
04/07/2003 21:30:00,21,30,24.8,
04/07/2003 21:45:00,21,45,25.1,
04/07/2003 22:00:00,22,0,25.4,
04/07/2003 22:15:00,22,15,24.1,
04/07/2003 22:30:00,22,30,24.1,
04/07/2003 22:45:00,22,45,21.2,
04/07/2003 23:00:00,23,0,19.1,
04/07/2003 23:15:00,23,15,17.7,
04/07/2003 23:30:00,23,30,16.7,
04/07/2003 23:45:00,23,45,15.9,
04/08/2003 00:00:00,0,0,15.1,
04/08/2003 00:15:00,0,15,14.4,
04/08/2003 00:30:00,0,30,13.8,
04/08/2003 00:45:00,0,45,13.2,
04/08/2003 01:00:00,1,0,13,
04/08/2003 01:15:00,1,15,12.7,
04/08/2003 01:30:00,1,30,12.4,
04/08/2003 01:45:00,1,45,12,
04/08/2003 02:00:00,2,0,11.8,
04/08/2003 02:15:00,2,15,11.6,
04/08/2003 02:30:00,2,30,11.4,
04/08/2003 02:45:00,2,45,11.1,
04/08/2003 03:00:00,3,0,10.9,
04/08/2003 03:15:00,3,15,10.6,
04/08/2003 03:30:00,3,30,10.3,
04/08/2003 03:45:00,3,45,10.1,
04/08/2003 04:00:00,4,0,10,
04/08/2003 04:15:00,4,15,10.4,
04/08/2003 04:30:00,4,30,13.4,
04/08/2003 04:45:00,4,45,15,
04/08/2003 05:00:00,5,0,16.7,
04/08/2003 05:15:00,5,15,18.8,
04/08/2003 05:30:00,5,30,20.7,
04/08/2003 05:45:00,5,45,21.8,
04/08/2003 06:00:00,6,0,24,
04/08/2003 06:15:00,6,15,25.7,
04/08/2003 06:30:00,6,30,25.3,
04/08/2003 06:45:00,6,45,26.5,
04/08/2003 07:00:00,7,0,26.9,
04/08/2003 07:15:00,7,15,26.5,
04/08/2003 07:30:00,7,30,26.3,
04/08/2003 07:45:00,7,45,26.2,
04/08/2003 08:00:00,8,0,26,
04/08/2003 08:15:00,8,15,25.7,
04/08/2003 08:30:00,8,30,25.3,
04/08/2003 08:45:00,8,45,25.4,
04/08/2003 09:00:00,9,0,25.3,
04/08/2003 09:15:00,9,15,25.1,
04/08/2003 09:30:00,9,30,24.8,
04/08/2003 09:45:00,9,45,24.3,
04/08/2003 10:00:00,10,0,25.1,
04/08/2003 10:15:00,10,15,25.4,
04/08/2003 10:30:00,10,30,25.7,
04/08/2003 10:45:00,10,45,25.9,
04/08/2003 11:00:00,11,0,26.8,
04/08/2003 11:15:00,11,15,28.6,
04/08/2003 11:30:00,11,30,31.1,
04/08/2003 11:45:00,11,45,32.5,
04/08/2003 12:00:00,12,0,33.5,
04/08/2003 12:15:00,12,15,34.5,
04/08/2003 12:30:00,12,30,35.3,
04/08/2003 12:45:00,12,45,36,
04/08/2003 13:00:00,13,0,36.6,
04/08/2003 13:15:00,13,15,34.7,
04/08/2003 13:30:00,13,30,33.7,
04/08/2003 13:45:00,13,45,34.5,
04/08/2003 14:00:00,14,0,33.4,
04/08/2003 14:15:00,14,15,33.1,
04/08/2003 14:30:00,14,30,32.9,
04/08/2003 14:45:00,14,45,32.8,
04/08/2003 15:00:00,15,0,33.5,
04/08/2003 15:15:00,15,15,33.9,
04/08/2003 15:30:00,15,30,32.4,
04/08/2003 15:45:00,15,45,31.6,
04/08/2003 16:00:00,16,0,31,
04/08/2003 16:15:00,16,15,30.8,
04/08/2003 16:30:00,16,30,30.3,
04/08/2003 16:45:00,16,45,30.6,
04/08/2003 17:00:00,17,0,30.3,
04/08/2003 17:15:00,17,15,29.6,
04/08/2003 17:30:00,17,30,29.6,
04/08/2003 17:45:00,17,45,30.3,
04/08/2003 18:00:00,18,0,30,
04/08/2003 18:15:00,18,15,29.7,
04/08/2003 18:30:00,18,30,30,
04/08/2003 18:45:00,18,45,29.7,
04/08/2003 19:00:00,19,0,28.4,
04/08/2003 19:15:00,19,15,27.4,
04/08/2003 19:30:00,19,30,27.1,
04/08/2003 19:45:00,19,45,26.3,
04/08/2003 20:00:00,20,0,25,
04/08/2003 20:15:00,20,15,25,
04/08/2003 20:30:00,20,30,24.7,
04/08/2003 20:45:00,20,45,24,
04/08/2003 21:00:00,21,0,23.9,
04/08/2003 21:15:00,21,15,24.4,
04/08/2003 21:30:00,21,30,24.8,
04/08/2003 21:45:00,21,45,24.7,
04/08/2003 22:00:00,22,0,25.4,
04/08/2003 22:15:00,22,15,24.9,
04/08/2003 22:30:00,22,30,22.6,
04/08/2003 22:45:00,22,45,20.7,
04/08/2003 23:00:00,23,0,19.3,
04/08/2003 23:15:00,23,15,18.4,
04/08/2003 23:30:00,23,30,17.7,
04/08/2003 23:45:00,23,45,17.2,
04/09/2003 00:00:00,0,0,16.6,
04/09/2003 00:15:00,0,15,16.1,
04/09/2003 00:30:00,0,30,15.7,
04/09/2003 00:45:00,0,45,15.7,
04/09/2003 01:00:00,1,0,17,
04/09/2003 01:15:00,1,15,17.7,
04/09/2003 01:30:00,1,30,17.7,
04/09/2003 01:45:00,1,45,17.8,
04/09/2003 02:00:00,2,0,17.7,
04/09/2003 02:15:00,2,15,17.6,
04/09/2003 02:30:00,2,30,16.7,
04/09/2003 02:45:00,2,45,15.2,
04/09/2003 03:00:00,3,0,14.6,
04/09/2003 03:15:00,3,15,14.3,
04/09/2003 03:30:00,3,30,13.9,
04/09/2003 03:45:00,3,45,13.6,
04/09/2003 04:00:00,4,0,13.4,
04/09/2003 04:15:00,4,15,13.3,
04/09/2003 04:30:00,4,30,13.5,
04/09/2003 04:45:00,4,45,14.1,
04/09/2003 05:00:00,5,0,16.1,
04/09/2003 05:15:00,5,15,18.3,
04/09/2003 05:30:00,5,30,20.2,
04/09/2003 05:45:00,5,45,21.9,
04/09/2003 06:00:00,6,0,23.8,
04/09/2003 06:15:00,6,15,25.2,
04/09/2003 06:30:00,6,30,25.3,
04/09/2003 06:45:00,6,45,26.9,
04/09/2003 07:00:00,7,0,26.5,
04/09/2003 07:15:00,7,15,26.5,
04/09/2003 07:30:00,7,30,25.5,
04/09/2003 07:45:00,7,45,26.4,
04/09/2003 08:00:00,8,0,26.1,
04/09/2003 08:15:00,8,15,25.2,
04/09/2003 08:30:00,8,30,25.7,
04/09/2003 08:45:00,8,45,25.1,
04/09/2003 09:00:00,9,0,25,
04/09/2003 09:15:00,9,15,23.9,
04/09/2003 09:30:00,9,30,24.9,
04/09/2003 09:45:00,9,45,25.2,
04/09/2003 10:00:00,10,0,24.9,
04/09/2003 10:15:00,10,15,25.3,
04/09/2003 10:30:00,10,30,25.2,
04/09/2003 10:45:00,10,45,25.1,
04/09/2003 11:00:00,11,0,25,
04/09/2003 11:15:00,11,15,24.7,
04/09/2003 11:30:00,11,30,25.4,
04/09/2003 11:45:00,11,45,26.6,
04/09/2003 12:00:00,12,0,27.8,
04/09/2003 12:15:00,12,15,28.9,
04/09/2003 12:30:00,12,30,29.4,
04/09/2003 12:45:00,12,45,30.1,
04/09/2003 13:00:00,13,0,30.5,
04/09/2003 13:15:00,13,15,32.3,
04/09/2003 13:30:00,13,30,34.1,
04/09/2003 13:45:00,13,45,33.9,
04/09/2003 14:00:00,14,0,33.7,
04/09/2003 14:15:00,14,15,34.3,
04/09/2003 14:30:00,14,30,34,
04/09/2003 14:45:00,14,45,32.5,
04/09/2003 15:00:00,15,0,31.8,
04/09/2003 15:15:00,15,15,31.9,
04/09/2003 15:30:00,15,30,31.3,
04/09/2003 15:45:00,15,45,31.8,
04/09/2003 16:00:00,16,0,31.7,
04/09/2003 16:15:00,16,15,30.3,
04/09/2003 16:30:00,16,30,28.4,
04/09/2003 16:45:00,16,45,27.5,
04/09/2003 17:00:00,17,0,27.6,
04/09/2003 17:15:00,17,15,27.4,
04/09/2003 17:30:00,17,30,27.3,
04/09/2003 17:45:00,17,45,27.9,
04/09/2003 18:00:00,18,0,28.6,
04/09/2003 18:15:00,18,15,29.9,
04/09/2003 18:30:00,18,30,30.2,
04/09/2003 18:45:00,18,45,32.1,
04/09/2003 19:00:00,19,0,33.4,
04/09/2003 19:15:00,19,15,32.6,
04/09/2003 19:30:00,19,30,31.2,
04/09/2003 19:45:00,19,45,29.9,
04/09/2003 20:00:00,20,0,29.7,
04/09/2003 20:15:00,20,15,28.7,
04/09/2003 20:30:00,20,30,27.8,
04/09/2003 20:45:00,20,45,27.1,
04/09/2003 21:00:00,21,0,26.5,
04/09/2003 21:15:00,21,15,26,
04/09/2003 21:30:00,21,30,25.6,
04/09/2003 21:45:00,21,45,25.1,
04/09/2003 22:00:00,22,0,24.2,
04/09/2003 22:15:00,22,15,24.8,
04/09/2003 22:30:00,22,30,23.4,
04/09/2003 22:45:00,22,45,22.2,
04/09/2003 23:00:00,23,0,21.3,
04/09/2003 23:15:00,23,15,20.6,
04/09/2003 23:30:00,23,30,19.9,
04/09/2003 23:45:00,23,45,19.2,
04/10/2003 00:00:00,0,0,18.4,
04/10/2003 00:15:00,0,15,17.4,
04/10/2003 00:30:00,0,30,17.1,
04/10/2003 00:45:00,0,45,16.3,
04/10/2003 01:00:00,1,0,16.1,
04/10/2003 01:15:00,1,15,16.1,
04/10/2003 01:30:00,1,30,15.9,
04/10/2003 01:45:00,1,45,15.8,
04/10/2003 02:00:00,2,0,15.7,
04/10/2003 02:15:00,2,15,15.6,
04/10/2003 02:30:00,2,30,15.3,
04/10/2003 02:45:00,2,45,15,
04/10/2003 03:00:00,3,0,14.8,
04/10/2003 03:15:00,3,15,14.6,
04/10/2003 03:30:00,3,30,14.6,
04/10/2003 03:45:00,3,45,14.4,
04/10/2003 04:00:00,4,0,14.3,
04/10/2003 04:15:00,4,15,14.2,
04/10/2003 04:30:00,4,30,14.3,
04/10/2003 04:45:00,4,45,14.3,
04/10/2003 05:00:00,5,0,16.2,
04/10/2003 05:15:00,5,15,18.3,
04/10/2003 05:30:00,5,30,20.8,
04/10/2003 05:45:00,5,45,22.4,
04/10/2003 06:00:00,6,0,23.8,
04/10/2003 06:15:00,6,15,25.2,
04/10/2003 06:30:00,6,30,25.5,
04/10/2003 06:45:00,6,45,26.9,
04/10/2003 07:00:00,7,0,26.8,
04/10/2003 07:15:00,7,15,25.8,
04/10/2003 07:30:00,7,30,26.3,
04/10/2003 07:45:00,7,45,25.6,
04/10/2003 08:00:00,8,0,26,
04/10/2003 08:15:00,8,15,25.9,
04/10/2003 08:30:00,8,30,25.6,
04/10/2003 08:45:00,8,45,25.5,
04/10/2003 09:00:00,9,0,25.2,
04/10/2003 09:15:00,9,15,25.2,
04/10/2003 09:30:00,9,30,24.8,
04/10/2003 09:45:00,9,45,24.9,
04/10/2003 10:00:00,10,0,25.4,
04/10/2003 10:15:00,10,15,26.7,
04/10/2003 10:30:00,10,30,28.1,
04/10/2003 10:45:00,10,45,28.9,
04/10/2003 11:00:00,11,0,29.9,
04/10/2003 11:15:00,11,15,31.4,
04/10/2003 11:30:00,11,30,33.1,
04/10/2003 11:45:00,11,45,33.6,
04/10/2003 12:00:00,12,0,33.1,
04/10/2003 12:15:00,12,15,33.1,
04/10/2003 12:30:00,12,30,33.7,
04/10/2003 12:45:00,12,45,33.5,
04/10/2003 13:00:00,13,0,33.3,
04/10/2003 13:15:00,13,15,33.3,
04/10/2003 13:30:00,13,30,33.2,
04/10/2003 13:45:00,13,45,33.3,
04/10/2003 14:00:00,14,0,33.6,
04/10/2003 14:15:00,14,15,33.8,
04/10/2003 14:30:00,14,30,34.1,
04/10/2003 14:45:00,14,45,33.9,
04/10/2003 15:00:00,15,0,34.1,
04/10/2003 15:15:00,15,15,34.2,
04/10/2003 15:30:00,15,30,34.3,
04/10/2003 15:45:00,15,45,33.8,
04/10/2003 16:00:00,16,0,33.5,
04/10/2003 16:15:00,16,15,33.6,
04/10/2003 16:30:00,16,30,33.4,
04/10/2003 16:45:00,16,45,33,
04/10/2003 17:00:00,17,0,33.2,
04/10/2003 17:15:00,17,15,32.9,
04/10/2003 17:30:00,17,30,31.8,
04/10/2003 17:45:00,17,45,31.2,
04/10/2003 18:00:00,18,0,31.1,
04/10/2003 18:15:00,18,15,31.9,
04/10/2003 18:30:00,18,30,32.1,
04/10/2003 18:45:00,18,45,32.2,
04/10/2003 19:00:00,19,0,32.3,
04/10/2003 19:15:00,19,15,31.1,
04/10/2003 19:30:00,19,30,30.2,
04/10/2003 19:45:00,19,45,29.9,
04/10/2003 20:00:00,20,0,30.2,
04/10/2003 20:15:00,20,15,29.7,
04/10/2003 20:30:00,20,30,29,
04/10/2003 20:45:00,20,45,28.5,
04/10/2003 21:00:00,21,0,28,
04/10/2003 21:15:00,21,15,27.7,
04/10/2003 21:30:00,21,30,27.5,
04/10/2003 21:45:00,21,45,26.9,
04/10/2003 22:00:00,22,0,25.1,
04/10/2003 22:15:00,22,15,24.3,
04/10/2003 22:30:00,22,30,23.9,
04/10/2003 22:45:00,22,45,23.5,
04/10/2003 23:00:00,23,0,23,
04/10/2003 23:15:00,23,15,22.6,
04/10/2003 23:30:00,23,30,22,
04/10/2003 23:45:00,23,45,21,
04/11/2003 00:00:00,0,0,20.1,
04/11/2003 00:15:00,0,15,19.2,
04/11/2003 00:30:00,0,30,18.7,
04/11/2003 00:45:00,0,45,18.2,
04/11/2003 01:00:00,1,0,18,
04/11/2003 01:15:00,1,15,17.7,
04/11/2003 01:30:00,1,30,17.4,
04/11/2003 01:45:00,1,45,17.2,
04/11/2003 02:00:00,2,0,17,
04/11/2003 02:15:00,2,15,16.8,
04/11/2003 02:30:00,2,30,16.5,
04/11/2003 02:45:00,2,45,16.3,
04/11/2003 03:00:00,3,0,16.1,
04/11/2003 03:15:00,3,15,16.1,
04/11/2003 03:30:00,3,30,16.1,
04/11/2003 03:45:00,3,45,17.4,
04/11/2003 04:00:00,4,0,18,
04/11/2003 04:15:00,4,15,18.2,
04/11/2003 04:30:00,4,30,18.2,
04/11/2003 04:45:00,4,45,18.4,
04/11/2003 05:00:00,5,0,18.5,
04/11/2003 05:15:00,5,15,19,
04/11/2003 05:30:00,5,30,18.9,
04/11/2003 05:45:00,5,45,22,
04/11/2003 06:00:00,6,0,23.3,
04/11/2003 06:15:00,6,15,25.2,
04/11/2003 06:30:00,6,30,25.2,
04/11/2003 06:45:00,6,45,27,
04/11/2003 07:00:00,7,0,26.4,
04/11/2003 07:15:00,7,15,25.9,
04/11/2003 07:30:00,7,30,25.9,
04/11/2003 07:45:00,7,45,26.4,
04/11/2003 08:00:00,8,0,27,
04/11/2003 08:15:00,8,15,26.1,
04/11/2003 08:30:00,8,30,25.8,
04/11/2003 08:45:00,8,45,26.8,
04/11/2003 09:00:00,9,0,25.5,
04/11/2003 09:15:00,9,15,24.8,
04/11/2003 09:30:00,9,30,25.1,
04/11/2003 09:45:00,9,45,25.3,
04/11/2003 10:00:00,10,0,26.3,
04/11/2003 10:15:00,10,15,28.1,
04/11/2003 10:30:00,10,30,30,
04/11/2003 10:45:00,10,45,30.6,
04/11/2003 11:00:00,11,0,31.3,
04/11/2003 11:15:00,11,15,32.1,
04/11/2003 11:30:00,11,30,32.5,
04/11/2003 11:45:00,11,45,32.2,
04/11/2003 12:00:00,12,0,31.6,
04/11/2003 12:15:00,12,15,32.8,
04/11/2003 12:30:00,12,30,32.8,
04/11/2003 12:45:00,12,45,32.5,
04/11/2003 13:00:00,13,0,32.3,
04/11/2003 13:15:00,13,15,32.1,
04/11/2003 13:30:00,13,30,32.5,
04/11/2003 13:45:00,13,45,32.6,
04/11/2003 14:00:00,14,0,32.6,
04/11/2003 14:15:00,14,15,32.6,
04/11/2003 14:30:00,14,30,32.5,
04/11/2003 14:45:00,14,45,32.5,
04/11/2003 15:00:00,15,0,32.6,
04/11/2003 15:15:00,15,15,32.7,
04/11/2003 15:30:00,15,30,32.9,
04/11/2003 15:45:00,15,45,32.9,
04/11/2003 16:00:00,16,0,32.9,
04/11/2003 16:15:00,16,15,32.5,
04/11/2003 16:30:00,16,30,32.5,
04/11/2003 16:45:00,16,45,31.8,
04/11/2003 17:00:00,17,0,31.1,
04/11/2003 17:15:00,17,15,30.7,
04/11/2003 17:30:00,17,30,30.9,
04/11/2003 17:45:00,17,45,30.5,
04/11/2003 18:00:00,18,0,30.2,
04/11/2003 18:15:00,18,15,29.8,
04/11/2003 18:30:00,18,30,29.8,
04/11/2003 18:45:00,18,45,29.9,
04/11/2003 19:00:00,19,0,29.3,
04/11/2003 19:15:00,19,15,28.4,
04/11/2003 19:30:00,19,30,27.9,
04/11/2003 19:45:00,19,45,27.8,
04/11/2003 20:00:00,20,0,27,
04/11/2003 20:15:00,20,15,26.1,
04/11/2003 20:30:00,20,30,26.3,
04/11/2003 20:45:00,20,45,26,
04/11/2003 21:00:00,21,0,25.5,
04/11/2003 21:15:00,21,15,25.1,
04/11/2003 21:30:00,21,30,24.7,
04/11/2003 21:45:00,21,45,24.8,
04/11/2003 22:00:00,22,0,24.7,
04/11/2003 22:15:00,22,15,24.6,
04/11/2003 22:30:00,22,30,23.9,
04/11/2003 22:45:00,22,45,21.9,
04/11/2003 23:00:00,23,0,20.8,
04/11/2003 23:15:00,23,15,20,
04/11/2003 23:30:00,23,30,19.3,
04/11/2003 23:45:00,23,45,18.8,
04/12/2003 00:00:00,0,0,18.2,
04/12/2003 00:15:00,0,15,17.8,
04/12/2003 00:30:00,0,30,17.3,
04/12/2003 00:45:00,0,45,16.9,
04/12/2003 01:00:00,1,0,16.5,
04/12/2003 01:15:00,1,15,16.4,
04/12/2003 01:30:00,1,30,16.4,
04/12/2003 01:45:00,1,45,16.3,
04/12/2003 02:00:00,2,0,16.1,
04/12/2003 02:15:00,2,15,15.9,
04/12/2003 02:30:00,2,30,15.7,
04/12/2003 02:45:00,2,45,15.8,
04/12/2003 03:00:00,3,0,16,
04/12/2003 03:15:00,3,15,16,
04/12/2003 03:30:00,3,30,16,
04/12/2003 03:45:00,3,45,16,
04/12/2003 04:00:00,4,0,15.9,
04/12/2003 04:15:00,4,15,15.9,
04/12/2003 04:30:00,4,30,15.9,
04/12/2003 04:45:00,4,45,16.1,
04/12/2003 05:00:00,5,0,16.3,
04/12/2003 05:15:00,5,15,18.2,
04/12/2003 05:30:00,5,30,20.4,
04/12/2003 05:45:00,5,45,22,
04/12/2003 06:00:00,6,0,24.5,
04/12/2003 06:15:00,6,15,25.9,
04/12/2003 06:30:00,6,30,25.8,
04/12/2003 06:45:00,6,45,26.7,
04/12/2003 07:00:00,7,0,26.2,
04/12/2003 07:15:00,7,15,26.4,
04/12/2003 07:30:00,7,30,25.9,
04/12/2003 07:45:00,7,45,26.4,
04/12/2003 08:00:00,8,0,25.6,
04/12/2003 08:15:00,8,15,25.5,
04/12/2003 08:30:00,8,30,26.2,
04/12/2003 08:45:00,8,45,25.8,
04/12/2003 09:00:00,9,0,25,
04/12/2003 09:15:00,9,15,24.8,
04/12/2003 09:30:00,9,30,24.3,
04/12/2003 09:45:00,9,45,25,
04/12/2003 10:00:00,10,0,25.3,
04/12/2003 10:15:00,10,15,26.1,
04/12/2003 10:30:00,10,30,26.7,
04/12/2003 10:45:00,10,45,27.6,
04/12/2003 11:00:00,11,0,30,
04/12/2003 11:15:00,11,15,31.5,
04/12/2003 11:30:00,11,30,32.4,
04/12/2003 11:45:00,11,45,32.6,
04/12/2003 12:00:00,12,0,32.6,
04/12/2003 12:15:00,12,15,32.3,
04/12/2003 12:30:00,12,30,31.6,
04/12/2003 12:45:00,12,45,31.9,
04/12/2003 13:00:00,13,0,32.4,
04/12/2003 13:15:00,13,15,32.6,
04/12/2003 13:30:00,13,30,31.9,
04/12/2003 13:45:00,13,45,32.6,
04/12/2003 14:00:00,14,0,33,
04/12/2003 14:15:00,14,15,32.7,
04/12/2003 14:30:00,14,30,32.7,
04/12/2003 14:45:00,14,45,32.6,
04/12/2003 15:00:00,15,0,32.1,
04/12/2003 15:15:00,15,15,31.9,
04/12/2003 15:30:00,15,30,32.2,
04/12/2003 15:45:00,15,45,31.6,
04/12/2003 16:00:00,16,0,31.1,
04/12/2003 16:15:00,16,15,30.7,
04/12/2003 16:30:00,16,30,29.6,
04/12/2003 16:45:00,16,45,30.6,
04/12/2003 17:00:00,17,0,31.4,
04/12/2003 17:15:00,17,15,30.4,
04/12/2003 17:30:00,17,30,28.6,
04/12/2003 17:45:00,17,45,28.8,
04/12/2003 18:00:00,18,0,28.9,
04/12/2003 18:15:00,18,15,29.4,
04/12/2003 18:30:00,18,30,29.6,
04/12/2003 18:45:00,18,45,29.6,
04/12/2003 19:00:00,19,0,28.7,
04/12/2003 19:15:00,19,15,27.9,
04/12/2003 19:30:00,19,30,27.1,
04/12/2003 19:45:00,19,45,26.3,
04/12/2003 20:00:00,20,0,26.5,
04/12/2003 20:15:00,20,15,25.9,
04/12/2003 20:30:00,20,30,25.1,
04/12/2003 20:45:00,20,45,24.8,
04/12/2003 21:00:00,21,0,24.9,
04/12/2003 21:15:00,21,15,24.5,
04/12/2003 21:30:00,21,30,24.7,
04/12/2003 21:45:00,21,45,25.1,
04/12/2003 22:00:00,22,0,24.8,
04/12/2003 22:15:00,22,15,24.4,
04/12/2003 22:30:00,22,30,23.9,
04/12/2003 22:45:00,22,45,21.6,
04/12/2003 23:00:00,23,0,20.2,
04/12/2003 23:15:00,23,15,19.1,
04/12/2003 23:30:00,23,30,18.3,
04/12/2003 23:45:00,23,45,18,
04/13/2003 00:00:00,0,0,17.7,
04/13/2003 00:15:00,0,15,17.4,
04/13/2003 00:30:00,0,30,17,
04/13/2003 00:45:00,0,45,16.9,
04/13/2003 01:00:00,1,0,16.6,
04/13/2003 01:15:00,1,15,16.4,
04/13/2003 01:30:00,1,30,16.2,
04/13/2003 01:45:00,1,45,16,
04/13/2003 02:00:00,2,0,15.9,
04/13/2003 02:15:00,2,15,15.8,
04/13/2003 02:30:00,2,30,15.7,
04/13/2003 02:45:00,2,45,15.7,
04/13/2003 03:00:00,3,0,15.6,
04/13/2003 03:15:00,3,15,15.5,
04/13/2003 03:30:00,3,30,15.5,
04/13/2003 03:45:00,3,45,15.5,
04/13/2003 04:00:00,4,0,15.6,
04/13/2003 04:15:00,4,15,15.4,
04/13/2003 04:30:00,4,30,15.4,
04/13/2003 04:45:00,4,45,15.5,
04/13/2003 05:00:00,5,0,15.9,
04/13/2003 05:15:00,5,15,18.2,
04/13/2003 05:30:00,5,30,20.2,
04/13/2003 05:45:00,5,45,22.5,
04/13/2003 06:00:00,6,0,23.9,
04/13/2003 06:15:00,6,15,25.4,
04/13/2003 06:30:00,6,30,26.6,
04/13/2003 06:45:00,6,45,26.4,
04/13/2003 07:00:00,7,0,26.5,
04/13/2003 07:15:00,7,15,26.6,
04/13/2003 07:30:00,7,30,25.5,
04/13/2003 07:45:00,7,45,26.4,
04/13/2003 08:00:00,8,0,25.2,
04/13/2003 08:15:00,8,15,26,
04/13/2003 08:30:00,8,30,25.6,
04/13/2003 08:45:00,8,45,25.7,
04/13/2003 09:00:00,9,0,24.9,
04/13/2003 09:15:00,9,15,25.8,
04/13/2003 09:30:00,9,30,24.8,
04/13/2003 09:45:00,9,45,25.2,
04/13/2003 10:00:00,10,0,25.3,
04/13/2003 10:15:00,10,15,24.7,
04/13/2003 10:30:00,10,30,24.7,
04/13/2003 10:45:00,10,45,25.2,
04/13/2003 11:00:00,11,0,25.1,
04/13/2003 11:15:00,11,15,26.1,
04/13/2003 11:30:00,11,30,27.6,
04/13/2003 11:45:00,11,45,26.7,
04/13/2003 12:00:00,12,0,25.5,
04/13/2003 12:15:00,12,15,25.4,
04/13/2003 12:30:00,12,30,26.4,
04/13/2003 12:45:00,12,45,26.8,
04/13/2003 13:00:00,13,0,26.7,
04/13/2003 13:15:00,13,15,26.4,
04/13/2003 13:30:00,13,30,25.3,
04/13/2003 13:45:00,13,45,25.1,
04/13/2003 14:00:00,14,0,26.1,
04/13/2003 14:15:00,14,15,28.4,
04/13/2003 14:30:00,14,30,31.1,
04/13/2003 14:45:00,14,45,31.2,
04/13/2003 15:00:00,15,0,30.6,
04/13/2003 15:15:00,15,15,32,
04/13/2003 15:30:00,15,30,33,
04/13/2003 15:45:00,15,45,31.7,
04/13/2003 16:00:00,16,0,29.6,
04/13/2003 16:15:00,16,15,28.3,
04/13/2003 16:30:00,16,30,28.2,
04/13/2003 16:45:00,16,45,28.6,
04/13/2003 17:00:00,17,0,31.9,
04/13/2003 17:15:00,17,15,32.7,
04/13/2003 17:30:00,17,30,31.5,
04/13/2003 17:45:00,17,45,30.2,
04/13/2003 18:00:00,18,0,29.8,
04/13/2003 18:15:00,18,15,29.2,
04/13/2003 18:30:00,18,30,29.7,
04/13/2003 18:45:00,18,45,30.3,
04/13/2003 19:00:00,19,0,29.6,
04/13/2003 19:15:00,19,15,29.2,
04/13/2003 19:30:00,19,30,27,
04/13/2003 19:45:00,19,45,25.8,
04/13/2003 20:00:00,20,0,24.6,
04/13/2003 20:15:00,20,15,24.3,
04/13/2003 20:30:00,20,30,25,
04/13/2003 20:45:00,20,45,24.6,
04/13/2003 21:00:00,21,0,24.9,
04/13/2003 21:15:00,21,15,24.9,
04/13/2003 21:30:00,21,30,24.9,
04/13/2003 21:45:00,21,45,25.4,
04/13/2003 22:00:00,22,0,25.3,
04/13/2003 22:15:00,22,15,24.2,
04/13/2003 22:30:00,22,30,22.5,
04/13/2003 22:45:00,22,45,21,
04/13/2003 23:00:00,23,0,20.2,
04/13/2003 23:15:00,23,15,19.6,
04/13/2003 23:30:00,23,30,19.1,
04/13/2003 23:45:00,23,45,18.9,
04/14/2003 00:00:00,0,0,19.4,
04/14/2003 00:15:00,0,15,18.6,
04/14/2003 00:30:00,0,30,17.8,
04/14/2003 00:45:00,0,45,17.4,
04/14/2003 01:00:00,1,0,17.1,
04/14/2003 01:15:00,1,15,15.7,
04/14/2003 01:30:00,1,30,14.5,
04/14/2003 01:45:00,1,45,14.3,
04/14/2003 02:00:00,2,0,14.5,
04/14/2003 02:15:00,2,15,14.5,
04/14/2003 02:30:00,2,30,14.5,
04/14/2003 02:45:00,2,45,14.5,
04/14/2003 03:00:00,3,0,14.8,
04/14/2003 03:15:00,3,15,15,
04/14/2003 03:30:00,3,30,15.1,
04/14/2003 03:45:00,3,45,15.2,
04/14/2003 04:00:00,4,0,15.3,
04/14/2003 04:15:00,4,15,15.4,
04/14/2003 04:30:00,4,30,15.6,
04/14/2003 04:45:00,4,45,15.5,
04/14/2003 05:00:00,5,0,16.4,
04/14/2003 05:15:00,5,15,18.6,
04/14/2003 05:30:00,5,30,20.7,
04/14/2003 05:45:00,5,45,22.3,
04/14/2003 06:00:00,6,0,24.3,
04/14/2003 06:15:00,6,15,25.2,
04/14/2003 06:30:00,6,30,26.6,
04/14/2003 06:45:00,6,45,26.4,
04/14/2003 07:00:00,7,0,26.5,
04/14/2003 07:15:00,7,15,26.1,
04/14/2003 07:30:00,7,30,26.5,
04/14/2003 07:45:00,7,45,25.6,
04/14/2003 08:00:00,8,0,26.9,
04/14/2003 08:15:00,8,15,25.5,
04/14/2003 08:30:00,8,30,26.3,
04/14/2003 08:45:00,8,45,25.7,
04/14/2003 09:00:00,9,0,25.7,
04/14/2003 09:15:00,9,15,25.4,
04/14/2003 09:30:00,9,30,24.9,
04/14/2003 09:45:00,9,45,25.2,
04/14/2003 10:00:00,10,0,25.2,
04/14/2003 10:15:00,10,15,25.4,
04/14/2003 10:30:00,10,30,26.1,
04/14/2003 10:45:00,10,45,26.4,
04/14/2003 11:00:00,11,0,27,
04/14/2003 11:15:00,11,15,30.3,
04/14/2003 11:30:00,11,30,33,
04/14/2003 11:45:00,11,45,33.3,
04/14/2003 12:00:00,12,0,32.9,
04/14/2003 12:15:00,12,15,32.5,
04/14/2003 12:30:00,12,30,31.9,
04/14/2003 12:45:00,12,45,31.9,
04/14/2003 13:00:00,13,0,31.6,
04/14/2003 13:15:00,13,15,31.9,
04/14/2003 13:30:00,13,30,31.9,
04/14/2003 13:45:00,13,45,31.9,
04/14/2003 14:00:00,14,0,32.1,
04/14/2003 14:15:00,14,15,32.1,
04/14/2003 14:30:00,14,30,31.7,
04/14/2003 14:45:00,14,45,31.4,
04/14/2003 15:00:00,15,0,31.3,
04/14/2003 15:15:00,15,15,31.1,
04/14/2003 15:30:00,15,30,30.8,
04/14/2003 15:45:00,15,45,30.6,
04/14/2003 16:00:00,16,0,31.2,
04/14/2003 16:15:00,16,15,31.5,
04/14/2003 16:30:00,16,30,31.3,
04/14/2003 16:45:00,16,45,31.8,
04/14/2003 17:00:00,17,0,32.1,
04/14/2003 17:15:00,17,15,31.7,
04/14/2003 17:30:00,17,30,30.2,
04/14/2003 17:45:00,17,45,29.9,
04/14/2003 18:00:00,18,0,30.6,
04/14/2003 18:15:00,18,15,30.6,
04/14/2003 18:30:00,18,30,30.1,
04/14/2003 18:45:00,18,45,29.6,
04/14/2003 19:00:00,19,0,28.5,
04/14/2003 19:15:00,19,15,28.1,
04/14/2003 19:30:00,19,30,28.7,
04/14/2003 19:45:00,19,45,30,
04/14/2003 20:00:00,20,0,30,
04/14/2003 20:15:00,20,15,29,
04/14/2003 20:30:00,20,30,28.2,
04/14/2003 20:45:00,20,45,27.9,
04/14/2003 21:00:00,21,0,27.6,
04/14/2003 21:15:00,21,15,27.1,
04/14/2003 21:30:00,21,30,26.6,
04/14/2003 21:45:00,21,45,26.2,
04/14/2003 22:00:00,22,0,25.3,
04/14/2003 22:15:00,22,15,24,
04/14/2003 22:30:00,22,30,23,
04/14/2003 22:45:00,22,45,22.5,
04/14/2003 23:00:00,23,0,22.1,
04/14/2003 23:15:00,23,15,21.7,
04/14/2003 23:30:00,23,30,21.2,
04/14/2003 23:45:00,23,45,20.3,
04/15/2003 00:00:00,0,0,19.2,
04/15/2003 00:15:00,0,15,18,
04/15/2003 00:30:00,0,30,17.3,
04/15/2003 00:45:00,0,45,17,
04/15/2003 01:00:00,1,0,16.8,
04/15/2003 01:15:00,1,15,16.6,
04/15/2003 01:30:00,1,30,16.5,
04/15/2003 01:45:00,1,45,15.5,
04/15/2003 02:00:00,2,0,14.4,
04/15/2003 02:15:00,2,15,14.3,
04/15/2003 02:30:00,2,30,14.4,
04/15/2003 02:45:00,2,45,14.4,
04/15/2003 03:00:00,3,0,14.4,
04/15/2003 03:15:00,3,15,15.2,
04/15/2003 03:30:00,3,30,15.9,
04/15/2003 03:45:00,3,45,15.4,
04/15/2003 04:00:00,4,0,15,
04/15/2003 04:15:00,4,15,15,
04/15/2003 04:30:00,4,30,15.8,
04/15/2003 04:45:00,4,45,16.1,
04/15/2003 05:00:00,5,0,16.3,
04/15/2003 05:15:00,5,15,17.8,
04/15/2003 05:30:00,5,30,19.9,
04/15/2003 05:45:00,5,45,21.8,
04/15/2003 06:00:00,6,0,24,
04/15/2003 06:15:00,6,15,25.9,
04/15/2003 06:30:00,6,30,26.6,
04/15/2003 06:45:00,6,45,25.7,
04/15/2003 07:00:00,7,0,26.8,
04/15/2003 07:15:00,7,15,26.5,
04/15/2003 07:30:00,7,30,25.5,
04/15/2003 07:45:00,7,45,26.2,
04/15/2003 08:00:00,8,0,25.9,
04/15/2003 08:15:00,8,15,25.9,
04/15/2003 08:30:00,8,30,26,
04/15/2003 08:45:00,8,45,25.1,
04/15/2003 09:00:00,9,0,24.7,
04/15/2003 09:15:00,9,15,24.7,
04/15/2003 09:30:00,9,30,24.5,
04/15/2003 09:45:00,9,45,24.7,
04/15/2003 10:00:00,10,0,25.1,
04/15/2003 10:15:00,10,15,25,
04/15/2003 10:30:00,10,30,26.3,
04/15/2003 10:45:00,10,45,28.4,
04/15/2003 11:00:00,11,0,30.5,
04/15/2003 11:15:00,11,15,31.9,
04/15/2003 11:30:00,11,30,32.4,
04/15/2003 11:45:00,11,45,32.4,
04/15/2003 12:00:00,12,0,32.3,
04/15/2003 12:15:00,12,15,32.3,
04/15/2003 12:30:00,12,30,32.3,
04/15/2003 12:45:00,12,45,32.8,
04/15/2003 13:00:00,13,0,32.7,
04/15/2003 13:15:00,13,15,33.3,
04/15/2003 13:30:00,13,30,33.1,
04/15/2003 13:45:00,13,45,33.1,
04/15/2003 14:00:00,14,0,32.8,
04/15/2003 14:15:00,14,15,33.1,
04/15/2003 14:30:00,14,30,33,
04/15/2003 14:45:00,14,45,32.9,
04/15/2003 15:00:00,15,0,32.9,
04/15/2003 15:15:00,15,15,32.8,
04/15/2003 15:30:00,15,30,33.2,
04/15/2003 15:45:00,15,45,32.7,
04/15/2003 16:00:00,16,0,32.5,
04/15/2003 16:15:00,16,15,32.6,
04/15/2003 16:30:00,16,30,32.5,
04/15/2003 16:45:00,16,45,32.4,
04/15/2003 17:00:00,17,0,32.4,
04/15/2003 17:15:00,17,15,32.2,
04/15/2003 17:30:00,17,30,32.8,
04/15/2003 17:45:00,17,45,33,
04/15/2003 18:00:00,18,0,32.2,
04/15/2003 18:15:00,18,15,31.7,
04/15/2003 18:30:00,18,30,30.8,
04/15/2003 18:45:00,18,45,29.6,
04/15/2003 19:00:00,19,0,28.8,
04/15/2003 19:15:00,19,15,27.5,
04/15/2003 19:30:00,19,30,27.2,
04/15/2003 19:45:00,19,45,26.7,
04/15/2003 20:00:00,20,0,25.7,
04/15/2003 20:15:00,20,15,25.3,
04/15/2003 20:30:00,20,30,25,
04/15/2003 20:45:00,20,45,24.8,
04/15/2003 21:00:00,21,0,24.8,
04/15/2003 21:15:00,21,15,24.6,
04/15/2003 21:30:00,21,30,25,
04/15/2003 21:45:00,21,45,24.9,
04/15/2003 22:00:00,22,0,25,
04/15/2003 22:15:00,22,15,25.1,
04/15/2003 22:30:00,22,30,24.1,
04/15/2003 22:45:00,22,45,23.2,
04/15/2003 23:00:00,23,0,22.6,
04/15/2003 23:15:00,23,15,22,
04/15/2003 23:30:00,23,30,21.5,
04/15/2003 23:45:00,23,45,21.1,
04/16/2003 00:00:00,0,0,19.5,
04/16/2003 00:15:00,0,15,18,
04/16/2003 00:30:00,0,30,17.4,
04/16/2003 00:45:00,0,45,17,
04/16/2003 01:00:00,1,0,16.7,
04/16/2003 01:15:00,1,15,16.4,
04/16/2003 01:30:00,1,30,16.1,
04/16/2003 01:45:00,1,45,15.8,
04/16/2003 02:00:00,2,0,15.7,
04/16/2003 02:15:00,2,15,15.6,
04/16/2003 02:30:00,2,30,15.4,
04/16/2003 02:45:00,2,45,15.1,
04/16/2003 03:00:00,3,0,15,
04/16/2003 03:15:00,3,15,14.9,
04/16/2003 03:30:00,3,30,14.7,
04/16/2003 03:45:00,3,45,14.6,
04/16/2003 04:00:00,4,0,14.5,
04/16/2003 04:15:00,4,15,14.4,
04/16/2003 04:30:00,4,30,14.3,
04/16/2003 04:45:00,4,45,14.3,
04/16/2003 05:00:00,5,0,16.4,
04/16/2003 05:15:00,5,15,18.1,
04/16/2003 05:30:00,5,30,20.2,
04/16/2003 05:45:00,5,45,21.8,
04/16/2003 06:00:00,6,0,24.1,
04/16/2003 06:15:00,6,15,25.5,
04/16/2003 06:30:00,6,30,26.9,
04/16/2003 06:45:00,6,45,26.1,
04/16/2003 07:00:00,7,0,26.3,
04/16/2003 07:15:00,7,15,25.9,
04/16/2003 07:30:00,7,30,25.9,
04/16/2003 07:45:00,7,45,25.6,
04/16/2003 08:00:00,8,0,25.9,
04/16/2003 08:15:00,8,15,24.9,
04/16/2003 08:30:00,8,30,24.9,
04/16/2003 08:45:00,8,45,25.6,
04/16/2003 09:00:00,9,0,25.3,
04/16/2003 09:15:00,9,15,25.3,
04/16/2003 09:30:00,9,30,24.9,
04/16/2003 09:45:00,9,45,24.9,
04/16/2003 10:00:00,10,0,24.4,
04/16/2003 10:15:00,10,15,24.4,
04/16/2003 10:30:00,10,30,24.8,
04/16/2003 10:45:00,10,45,24.7,
04/16/2003 11:00:00,11,0,24.7,
04/16/2003 11:15:00,11,15,25.3,
04/16/2003 11:30:00,11,30,27.2,
04/16/2003 11:45:00,11,45,27.9,
04/16/2003 12:00:00,12,0,28.3,
04/16/2003 12:15:00,12,15,28.9,
04/16/2003 12:30:00,12,30,29.5,
04/16/2003 12:45:00,12,45,30.6,
04/16/2003 13:00:00,13,0,32.3,
04/16/2003 13:15:00,13,15,33.1,
04/16/2003 13:30:00,13,30,32.5,
04/16/2003 13:45:00,13,45,32.7,
04/16/2003 14:00:00,14,0,34.1,
04/16/2003 14:15:00,14,15,34.7,
04/16/2003 14:30:00,14,30,33.3,
04/16/2003 14:45:00,14,45,33.5,
04/16/2003 15:00:00,15,0,33.9,
04/16/2003 15:15:00,15,15,33.5,
04/16/2003 15:30:00,15,30,33.5,
04/16/2003 15:45:00,15,45,32.7,
04/16/2003 16:00:00,16,0,32.2,
04/16/2003 16:15:00,16,15,31.9,
04/16/2003 16:30:00,16,30,30.4,
04/16/2003 16:45:00,16,45,28.9,
04/16/2003 17:00:00,17,0,28.9,
04/16/2003 17:15:00,17,15,28.4,
04/16/2003 17:30:00,17,30,28.2,
04/16/2003 17:45:00,17,45,28.4,
04/16/2003 18:00:00,18,0,28.2,
04/16/2003 18:15:00,18,15,28.1,
04/16/2003 18:30:00,18,30,28.3,
04/16/2003 18:45:00,18,45,26.8,
04/16/2003 19:00:00,19,0,25,
04/16/2003 19:15:00,19,15,24.6,
04/16/2003 19:30:00,19,30,24.8,
04/16/2003 19:45:00,19,45,25.1,
04/16/2003 20:00:00,20,0,25.7,
04/16/2003 20:15:00,20,15,24.6,
04/16/2003 20:30:00,20,30,24.8,
04/16/2003 20:45:00,20,45,25.3,
04/16/2003 21:00:00,21,0,25.3,
04/16/2003 21:15:00,21,15,25.1,
04/16/2003 21:30:00,21,30,25.3,
04/16/2003 21:45:00,21,45,25.2,
04/16/2003 22:00:00,22,0,25.6,
04/16/2003 22:15:00,22,15,24.6,
04/16/2003 22:30:00,22,30,22.9,
04/16/2003 22:45:00,22,45,21.8,
04/16/2003 23:00:00,23,0,21,
04/16/2003 23:15:00,23,15,20.3,
04/16/2003 23:30:00,23,30,19.5,
04/16/2003 23:45:00,23,45,18,
04/17/2003 00:00:00,0,0,16.2,
04/17/2003 00:15:00,0,15,15.2,
04/17/2003 00:30:00,0,30,14.7,
04/17/2003 00:45:00,0,45,14.5,
04/17/2003 01:00:00,1,0,14.2,
04/17/2003 01:15:00,1,15,14,
04/17/2003 01:30:00,1,30,14,
04/17/2003 01:45:00,1,45,13.9,
04/17/2003 02:00:00,2,0,13.6,
04/17/2003 02:15:00,2,15,13.4,
04/17/2003 02:30:00,2,30,13.2,
04/17/2003 02:45:00,2,45,12.9,
04/17/2003 03:00:00,3,0,12.8,
04/17/2003 03:15:00,3,15,12.7,
04/17/2003 03:30:00,3,30,12.7,
04/17/2003 03:45:00,3,45,12.7,
04/17/2003 04:00:00,4,0,12.7,
04/17/2003 04:15:00,4,15,12.6,
04/17/2003 04:30:00,4,30,12.7,
04/17/2003 04:45:00,4,45,14.6,
04/17/2003 05:00:00,5,0,16.6,
04/17/2003 05:15:00,5,15,18.1,
04/17/2003 05:30:00,5,30,19.9,
04/17/2003 05:45:00,5,45,22.2,
04/17/2003 06:00:00,6,0,24.2,
04/17/2003 06:15:00,6,15,25.8,
04/17/2003 06:30:00,6,30,26.3,
04/17/2003 06:45:00,6,45,26.4,
04/17/2003 07:00:00,7,0,26.3,
04/17/2003 07:15:00,7,15,25.8,
04/17/2003 07:30:00,7,30,26,
04/17/2003 07:45:00,7,45,25.5,
04/17/2003 08:00:00,8,0,25.5,
04/17/2003 08:15:00,8,15,25.7,
04/17/2003 08:30:00,8,30,25.6,
04/17/2003 08:45:00,8,45,25.1,
04/17/2003 09:00:00,9,0,24.7,
04/17/2003 09:15:00,9,15,25.4,
04/17/2003 09:30:00,9,30,25.5,
04/17/2003 09:45:00,9,45,24.9,
04/17/2003 10:00:00,10,0,25.3,
04/17/2003 10:15:00,10,15,25.2,
04/17/2003 10:30:00,10,30,25.1,
04/17/2003 10:45:00,10,45,24.9,
04/17/2003 11:00:00,11,0,25.2,
04/17/2003 11:15:00,11,15,25.5,
04/17/2003 11:30:00,11,30,25.2,
04/17/2003 11:45:00,11,45,25.2,
04/17/2003 12:00:00,12,0,25.3,
04/17/2003 12:15:00,12,15,24.9,
04/17/2003 12:30:00,12,30,24.4,
04/17/2003 12:45:00,12,45,25.1,
04/17/2003 13:00:00,13,0,24.8,
04/17/2003 13:15:00,13,15,25.3,
04/17/2003 13:30:00,13,30,25.3,
04/17/2003 13:45:00,13,45,25.4,
04/17/2003 14:00:00,14,0,24.7,
04/17/2003 14:15:00,14,15,25.3,
04/17/2003 14:30:00,14,30,24.7,
04/17/2003 14:45:00,14,45,24.8,
04/17/2003 15:00:00,15,0,24.7,
04/17/2003 15:15:00,15,15,24.6,
04/17/2003 15:30:00,15,30,24.9,
04/17/2003 15:45:00,15,45,25.3,
04/17/2003 16:00:00,16,0,25.5,
04/17/2003 16:15:00,16,15,25.3,
04/17/2003 16:30:00,16,30,25.5,
04/17/2003 16:45:00,16,45,25.4,
04/17/2003 17:00:00,17,0,25.4,
04/17/2003 17:15:00,17,15,25.3,
04/17/2003 17:30:00,17,30,25.6,
04/17/2003 17:45:00,17,45,25.4,
04/17/2003 18:00:00,18,0,24.9,
04/17/2003 18:15:00,18,15,25.2,
04/17/2003 18:30:00,18,30,25.6,
04/17/2003 18:45:00,18,45,25,
04/17/2003 19:00:00,19,0,26.2,
04/17/2003 19:15:00,19,15,25,
04/17/2003 19:30:00,19,30,25.2,
04/17/2003 19:45:00,19,45,25.2,
04/17/2003 20:00:00,20,0,25,
04/17/2003 20:15:00,20,15,24.8,
04/17/2003 20:30:00,20,30,24.5,
04/17/2003 20:45:00,20,45,25,
04/17/2003 21:00:00,21,0,25,
04/17/2003 21:15:00,21,15,25.3,
04/17/2003 21:30:00,21,30,24.9,
04/17/2003 21:45:00,21,45,24.9,
04/17/2003 22:00:00,22,0,25,
04/17/2003 22:15:00,22,15,25,
04/17/2003 22:30:00,22,30,22.7,
04/17/2003 22:45:00,22,45,21.7,
04/17/2003 23:00:00,23,0,20,
04/17/2003 23:15:00,23,15,18.7,
04/17/2003 23:30:00,23,30,18.1,
04/17/2003 23:45:00,23,45,19.1,
04/18/2003 00:00:00,0,0,19.2,
04/18/2003 00:15:00,0,15,19,
04/18/2003 00:30:00,0,30,18.9,
04/18/2003 00:45:00,0,45,18.5,
04/18/2003 01:00:00,1,0,18.1,
04/18/2003 01:15:00,1,15,16,
04/18/2003 01:30:00,1,30,14.9,
04/18/2003 01:45:00,1,45,14.4,
04/18/2003 02:00:00,2,0,14.3,
04/18/2003 02:15:00,2,15,14.1,
04/18/2003 02:30:00,2,30,13.6,
04/18/2003 02:45:00,2,45,13.3,
04/18/2003 03:00:00,3,0,12.9,
04/18/2003 03:15:00,3,15,12.6,
04/18/2003 03:30:00,3,30,12.3,
04/18/2003 03:45:00,3,45,12.2,
04/18/2003 04:00:00,4,0,12.1,
04/18/2003 04:15:00,4,15,11.9,
04/18/2003 04:30:00,4,30,12.4,
04/18/2003 04:45:00,4,45,14.3,
04/18/2003 05:00:00,5,0,16.4,
04/18/2003 05:15:00,5,15,18.4,
04/18/2003 05:30:00,5,30,20.1,
04/18/2003 05:45:00,5,45,22.3,
04/18/2003 06:00:00,6,0,23.8,
04/18/2003 06:15:00,6,15,25.4,
04/18/2003 06:30:00,6,30,26.9,
04/18/2003 06:45:00,6,45,26.3,
04/18/2003 07:00:00,7,0,26.1,
04/18/2003 07:15:00,7,15,26.4,
04/18/2003 07:30:00,7,30,26.2,
04/18/2003 07:45:00,7,45,25.6,
04/18/2003 08:00:00,8,0,25.9,
04/18/2003 08:15:00,8,15,26.1,
04/18/2003 08:30:00,8,30,25.5,
04/18/2003 08:45:00,8,45,25.1,
04/18/2003 09:00:00,9,0,25.3,
04/18/2003 09:15:00,9,15,24.4,
04/18/2003 09:30:00,9,30,23.8,
04/18/2003 09:45:00,9,45,24.8,
04/18/2003 10:00:00,10,0,25.1,
04/18/2003 10:15:00,10,15,25.2,
04/18/2003 10:30:00,10,30,26.1,
04/18/2003 10:45:00,10,45,27.3,
04/18/2003 11:00:00,11,0,28.5,
04/18/2003 11:15:00,11,15,29.6,
04/18/2003 11:30:00,11,30,30.6,
04/18/2003 11:45:00,11,45,32.6,
04/18/2003 12:00:00,12,0,33.1,
04/18/2003 12:15:00,12,15,32.8,
04/18/2003 12:30:00,12,30,32.6,
04/18/2003 12:45:00,12,45,32.9,
04/18/2003 13:00:00,13,0,32.4,
04/18/2003 13:15:00,13,15,32.4,
04/18/2003 13:30:00,13,30,33,
04/18/2003 13:45:00,13,45,33.6,
04/18/2003 14:00:00,14,0,34.1,
04/18/2003 14:15:00,14,15,34.3,
04/18/2003 14:30:00,14,30,32.9,
04/18/2003 14:45:00,14,45,32.6,
04/18/2003 15:00:00,15,0,32.7,
04/18/2003 15:15:00,15,15,33.2,
04/18/2003 15:30:00,15,30,33.5,
04/18/2003 15:45:00,15,45,33.6,
04/18/2003 16:00:00,16,0,33.1,
04/18/2003 16:15:00,16,15,33.1,
04/18/2003 16:30:00,16,30,33.2,
04/18/2003 16:45:00,16,45,33.5,
04/18/2003 17:00:00,17,0,33.3,
04/18/2003 17:15:00,17,15,33.2,
04/18/2003 17:30:00,17,30,33,
04/18/2003 17:45:00,17,45,32.8,
04/18/2003 18:00:00,18,0,32.8,
04/18/2003 18:15:00,18,15,32.3,
04/18/2003 18:30:00,18,30,31.8,
04/18/2003 18:45:00,18,45,31.1,
04/18/2003 19:00:00,19,0,30,
04/18/2003 19:15:00,19,15,29.1,
04/18/2003 19:30:00,19,30,28.5,
04/18/2003 19:45:00,19,45,28.2,
04/18/2003 20:00:00,20,0,25.9,
04/18/2003 20:15:00,20,15,24.8,
04/18/2003 20:30:00,20,30,25.1,
04/18/2003 20:45:00,20,45,24.9,
04/18/2003 21:00:00,21,0,24.5,
04/18/2003 21:15:00,21,15,24.3,
04/18/2003 21:30:00,21,30,24.6,
04/18/2003 21:45:00,21,45,24.7,
04/18/2003 22:00:00,22,0,24.8,
04/18/2003 22:15:00,22,15,24.2,
04/18/2003 22:30:00,22,30,22.3,
04/18/2003 22:45:00,22,45,21,
04/18/2003 23:00:00,23,0,20.2,
04/18/2003 23:15:00,23,15,19.4,
04/18/2003 23:30:00,23,30,18.9,
04/18/2003 23:45:00,23,45,18.5,
04/19/2003 00:00:00,0,0,18,
04/19/2003 00:15:00,0,15,17.4,
04/19/2003 00:30:00,0,30,17,
04/19/2003 00:45:00,0,45,18,
04/19/2003 01:00:00,1,0,18.5,
04/19/2003 01:15:00,1,15,18.6,
04/19/2003 01:30:00,1,30,18.5,
04/19/2003 01:45:00,1,45,18.6,
04/19/2003 02:00:00,2,0,18.5,
04/19/2003 02:15:00,2,15,17.6,
04/19/2003 02:30:00,2,30,16.1,
04/19/2003 02:45:00,2,45,15.7,
04/19/2003 03:00:00,3,0,15.4,
04/19/2003 03:15:00,3,15,15.2,
04/19/2003 03:30:00,3,30,15,
04/19/2003 03:45:00,3,45,15,
04/19/2003 04:00:00,4,0,14.9,
04/19/2003 04:15:00,4,15,14.8,
04/19/2003 04:30:00,4,30,14.8,
04/19/2003 04:45:00,4,45,15,
04/19/2003 05:00:00,5,0,15.7,
04/19/2003 05:15:00,5,15,18.3,
04/19/2003 05:30:00,5,30,20.2,
04/19/2003 05:45:00,5,45,21.9,
04/19/2003 06:00:00,6,0,23.4,
04/19/2003 06:15:00,6,15,25.7,
04/19/2003 06:30:00,6,30,25.9,
04/19/2003 06:45:00,6,45,26.3,
04/19/2003 07:00:00,7,0,26.1,
04/19/2003 07:15:00,7,15,25.5,
04/19/2003 07:30:00,7,30,26.1,
04/19/2003 07:45:00,7,45,25.2,
04/19/2003 08:00:00,8,0,26.1,
04/19/2003 08:15:00,8,15,25.2,
04/19/2003 08:30:00,8,30,25.5,
04/19/2003 08:45:00,8,45,25.5,
04/19/2003 09:00:00,9,0,25.5,
04/19/2003 09:15:00,9,15,24.6,
04/19/2003 09:30:00,9,30,25.3,
04/19/2003 09:45:00,9,45,25.4,
04/19/2003 10:00:00,10,0,25.5,
04/19/2003 10:15:00,10,15,25.6,
04/19/2003 10:30:00,10,30,25.6,
04/19/2003 10:45:00,10,45,25.7,
04/19/2003 11:00:00,11,0,25.6,
04/19/2003 11:15:00,11,15,25.4,
04/19/2003 11:30:00,11,30,25.4,
04/19/2003 11:45:00,11,45,25,
04/19/2003 12:00:00,12,0,24.9,
04/19/2003 12:15:00,12,15,25.5,
04/19/2003 12:30:00,12,30,25,
04/19/2003 12:45:00,12,45,25.3,
04/19/2003 13:00:00,13,0,25.1,
04/19/2003 13:15:00,13,15,25.2,
04/19/2003 13:30:00,13,30,25.6,
04/19/2003 13:45:00,13,45,24.9,
04/19/2003 14:00:00,14,0,25.1,
04/19/2003 14:15:00,14,15,24.9,
04/19/2003 14:30:00,14,30,25,
04/19/2003 14:45:00,14,45,24.6,
04/19/2003 15:00:00,15,0,25.5,
04/19/2003 15:15:00,15,15,24.7,
04/19/2003 15:30:00,15,30,24.9,
04/19/2003 15:45:00,15,45,25,
04/19/2003 16:00:00,16,0,25.2,
04/19/2003 16:15:00,16,15,25.4,
04/19/2003 16:30:00,16,30,24.8,
04/19/2003 16:45:00,16,45,25.1,
04/19/2003 17:00:00,17,0,25.7,
04/19/2003 17:15:00,17,15,24.8,
04/19/2003 17:30:00,17,30,25.7,
04/19/2003 17:45:00,17,45,25.6,
04/19/2003 18:00:00,18,0,25.1,
04/19/2003 18:15:00,18,15,25.6,
04/19/2003 18:30:00,18,30,25.3,
04/19/2003 18:45:00,18,45,25.7,
04/19/2003 19:00:00,19,0,25.1,
04/19/2003 19:15:00,19,15,25.6,
04/19/2003 19:30:00,19,30,25.2,
04/19/2003 19:45:00,19,45,25.1,
04/19/2003 20:00:00,20,0,25.1,
04/19/2003 20:15:00,20,15,26.2,
04/19/2003 20:30:00,20,30,24.3,
04/19/2003 20:45:00,20,45,25,
04/19/2003 21:00:00,21,0,24.8,
04/19/2003 21:15:00,21,15,24.8,
04/19/2003 21:30:00,21,30,24.7,
04/19/2003 21:45:00,21,45,25,
04/19/2003 22:00:00,22,0,24.7,
04/19/2003 22:15:00,22,15,24.2,
04/19/2003 22:30:00,22,30,22.2,
04/19/2003 22:45:00,22,45,20.9,
04/19/2003 23:00:00,23,0,19.8,
04/19/2003 23:15:00,23,15,19,
04/19/2003 23:30:00,23,30,18.2,
04/19/2003 23:45:00,23,45,17.5,
04/20/2003 00:00:00,0,0,17.4,
04/20/2003 00:15:00,0,15,17.6,
04/20/2003 00:30:00,0,30,17.4,
04/20/2003 00:45:00,0,45,17.6,
04/20/2003 01:00:00,1,0,18,
04/20/2003 01:15:00,1,15,18.3,
04/20/2003 01:30:00,1,30,18.1,
04/20/2003 01:45:00,1,45,18.4,
04/20/2003 02:00:00,2,0,18.2,
04/20/2003 02:15:00,2,15,18.4,
04/20/2003 02:30:00,2,30,18.2,
04/20/2003 02:45:00,2,45,17.3,
04/20/2003 03:00:00,3,0,18.2,
04/20/2003 03:15:00,3,15,18.2,
04/20/2003 03:30:00,3,30,18.3,
04/20/2003 03:45:00,3,45,18.5,
04/20/2003 04:00:00,4,0,18.2,
04/20/2003 04:15:00,4,15,18.8,
04/20/2003 04:30:00,4,30,18.9,
04/20/2003 04:45:00,4,45,19.5,
04/20/2003 05:00:00,5,0,19.7,
04/20/2003 05:15:00,5,15,19.9,
04/20/2003 05:30:00,5,30,20.1,
04/20/2003 05:45:00,5,45,21.6,
04/20/2003 06:00:00,6,0,23.6,
04/20/2003 06:15:00,6,15,25.1,
04/20/2003 06:30:00,6,30,26.7,
04/20/2003 06:45:00,6,45,25.8,
04/20/2003 07:00:00,7,0,26.1,
04/20/2003 07:15:00,7,15,25.8,
04/20/2003 07:30:00,7,30,25.5,
04/20/2003 07:45:00,7,45,25.8,
04/20/2003 08:00:00,8,0,25.2,
04/20/2003 08:15:00,8,15,25.7,
04/20/2003 08:30:00,8,30,25.1,
04/20/2003 08:45:00,8,45,26.3,
04/20/2003 09:00:00,9,0,25.2,
04/20/2003 09:15:00,9,15,25.3,
04/20/2003 09:30:00,9,30,25.4,
04/20/2003 09:45:00,9,45,25,
04/20/2003 10:00:00,10,0,25,
04/20/2003 10:15:00,10,15,25.6,
04/20/2003 10:30:00,10,30,25.2,
04/20/2003 10:45:00,10,45,25.5,
04/20/2003 11:00:00,11,0,25.3,
04/20/2003 11:15:00,11,15,25,
04/20/2003 11:30:00,11,30,25,
04/20/2003 11:45:00,11,45,25.1,
04/20/2003 12:00:00,12,0,25.3,
04/20/2003 12:15:00,12,15,25.5,
04/20/2003 12:30:00,12,30,25.6,
04/20/2003 12:45:00,12,45,25,
04/20/2003 13:00:00,13,0,25.1,
04/20/2003 13:15:00,13,15,25.4,
04/20/2003 13:30:00,13,30,25,
04/20/2003 13:45:00,13,45,25.9,
04/20/2003 14:00:00,14,0,25.1,
04/20/2003 14:15:00,14,15,25.1,
04/20/2003 14:30:00,14,30,25.1,
04/20/2003 14:45:00,14,45,25.3,
04/20/2003 15:00:00,15,0,25.3,
04/20/2003 15:15:00,15,15,25.8,
04/20/2003 15:30:00,15,30,24.8,
04/20/2003 15:45:00,15,45,25,
04/20/2003 16:00:00,16,0,25.7,
04/20/2003 16:15:00,16,15,25.4,
04/20/2003 16:30:00,16,30,25.6,
04/20/2003 16:45:00,16,45,25.5,
04/20/2003 17:00:00,17,0,25.5,
04/20/2003 17:15:00,17,15,25.7,
04/20/2003 17:30:00,17,30,25.1,
04/20/2003 17:45:00,17,45,25.4,
04/20/2003 18:00:00,18,0,25.1,
04/20/2003 18:15:00,18,15,25.3,
04/20/2003 18:30:00,18,30,25.2,
04/20/2003 18:45:00,18,45,25.2,
04/20/2003 19:00:00,19,0,25.1,
04/20/2003 19:15:00,19,15,25.5,
04/20/2003 19:30:00,19,30,24.8,
04/20/2003 19:45:00,19,45,25.3,
04/20/2003 20:00:00,20,0,24.9,
04/20/2003 20:15:00,20,15,24.6,
04/20/2003 20:30:00,20,30,24.6,
04/20/2003 20:45:00,20,45,24.7,
04/20/2003 21:00:00,21,0,24.6,
04/20/2003 21:15:00,21,15,24.7,
04/20/2003 21:30:00,21,30,24.8,
04/20/2003 21:45:00,21,45,24.8,
04/20/2003 22:00:00,22,0,24.7,
04/20/2003 22:15:00,22,15,24.5,
04/20/2003 22:30:00,22,30,22.3,
04/20/2003 22:45:00,22,45,20.5,
04/20/2003 23:00:00,23,0,18.9,
04/20/2003 23:15:00,23,15,17.8,
04/20/2003 23:30:00,23,30,17,
04/20/2003 23:45:00,23,45,16.4,
04/21/2003 00:00:00,0,0,16.3,
04/21/2003 00:15:00,0,15,17.4,
04/21/2003 00:30:00,0,30,17.9,
04/21/2003 00:45:00,0,45,17.7,
04/21/2003 01:00:00,1,0,17.4,
04/21/2003 01:15:00,1,15,17.1,
04/21/2003 01:30:00,1,30,16.5,
04/21/2003 01:45:00,1,45,14.7,
04/21/2003 02:00:00,2,0,13.7,
04/21/2003 02:15:00,2,15,13.4,
04/21/2003 02:30:00,2,30,13.7,
04/21/2003 02:45:00,2,45,15.8,
04/21/2003 03:00:00,3,0,16.3,
04/21/2003 03:15:00,3,15,15.8,
04/21/2003 03:30:00,3,30,15.7,
04/21/2003 03:45:00,3,45,16,
04/21/2003 04:00:00,4,0,16.1,
04/21/2003 04:15:00,4,15,16.3,
04/21/2003 04:30:00,4,30,16.3,
04/21/2003 04:45:00,4,45,16.5,
04/21/2003 05:00:00,5,0,16.4,
04/21/2003 05:15:00,5,15,18.3,
04/21/2003 05:30:00,5,30,20.4,
04/21/2003 05:45:00,5,45,22,
04/21/2003 06:00:00,6,0,23.9,
04/21/2003 06:15:00,6,15,25.6,
04/21/2003 06:30:00,6,30,26.4,
04/21/2003 06:45:00,6,45,25.9,
04/21/2003 07:00:00,7,0,26.2,
04/21/2003 07:15:00,7,15,25.6,
04/21/2003 07:30:00,7,30,26.2,
04/21/2003 07:45:00,7,45,25.1,
04/21/2003 08:00:00,8,0,26,
04/21/2003 08:15:00,8,15,25.2,
04/21/2003 08:30:00,8,30,25.3,
04/21/2003 08:45:00,8,45,24.9,
04/21/2003 09:00:00,9,0,25.7,
04/21/2003 09:15:00,9,15,25.5,
04/21/2003 09:30:00,9,30,25.7,
04/21/2003 09:45:00,9,45,25,
04/21/2003 10:00:00,10,0,24.7,
04/21/2003 10:15:00,10,15,25.6,
04/21/2003 10:30:00,10,30,25.7,
04/21/2003 10:45:00,10,45,25.3,
04/21/2003 11:00:00,11,0,27.7,
04/21/2003 11:15:00,11,15,29.9,
04/21/2003 11:30:00,11,30,28.9,
04/21/2003 11:45:00,11,45,26.8,
04/21/2003 12:00:00,12,0,26.2,
04/21/2003 12:15:00,12,15,26.2,
04/21/2003 12:30:00,12,30,26.2,
04/21/2003 12:45:00,12,45,26.5,
04/21/2003 13:00:00,13,0,29.2,
04/21/2003 13:15:00,13,15,32.5,
04/21/2003 13:30:00,13,30,32.5,
04/21/2003 13:45:00,13,45,32.3,
04/21/2003 14:00:00,14,0,32.3,
04/21/2003 14:15:00,14,15,31.8,
04/21/2003 14:30:00,14,30,32.2,
04/21/2003 14:45:00,14,45,32.7,
04/21/2003 15:00:00,15,0,33.5,
04/21/2003 15:15:00,15,15,33.5,
04/21/2003 15:30:00,15,30,33.5,
04/21/2003 15:45:00,15,45,33.2,
04/21/2003 16:00:00,16,0,33.2,
04/21/2003 16:15:00,16,15,32.9,
04/21/2003 16:30:00,16,30,32.8,
04/21/2003 16:45:00,16,45,32.5,
04/21/2003 17:00:00,17,0,32.7,
04/21/2003 17:15:00,17,15,32.8,
04/21/2003 17:30:00,17,30,32.7,
04/21/2003 17:45:00,17,45,31.4,
04/21/2003 18:00:00,18,0,30.5,
04/21/2003 18:15:00,18,15,30.2,
04/21/2003 18:30:00,18,30,30.1,
04/21/2003 18:45:00,18,45,29.4,
04/21/2003 19:00:00,19,0,29,
04/21/2003 19:15:00,19,15,28.7,
04/21/2003 19:30:00,19,30,29.4,
04/21/2003 19:45:00,19,45,30.2,
04/21/2003 20:00:00,20,0,29.9,
04/21/2003 20:15:00,20,15,28.9,
04/21/2003 20:30:00,20,30,28,
04/21/2003 20:45:00,20,45,27.1,
04/21/2003 21:00:00,21,0,26.3,
04/21/2003 21:15:00,21,15,25.6,
04/21/2003 21:30:00,21,30,25.2,
04/21/2003 21:45:00,21,45,24.7,
04/21/2003 22:00:00,22,0,24.7,
04/21/2003 22:15:00,22,15,24.4,
04/21/2003 22:30:00,22,30,22.3,
04/21/2003 22:45:00,22,45,20.9,
04/21/2003 23:00:00,23,0,20.1,
04/21/2003 23:15:00,23,15,19.5,
04/21/2003 23:30:00,23,30,19,
04/21/2003 23:45:00,23,45,18.5,
04/22/2003 00:00:00,0,0,17.8,
04/22/2003 00:15:00,0,15,16.9,
04/22/2003 00:30:00,0,30,16.4,
04/22/2003 00:45:00,0,45,16,
04/22/2003 01:00:00,1,0,15.7,
04/22/2003 01:15:00,1,15,15.5,
04/22/2003 01:30:00,1,30,15.5,
04/22/2003 01:45:00,1,45,15.4,
04/22/2003 02:00:00,2,0,15.4,
04/22/2003 02:15:00,2,15,15.3,
04/22/2003 02:30:00,2,30,15.1,
04/22/2003 02:45:00,2,45,14.9,
04/22/2003 03:00:00,3,0,14.7,
04/22/2003 03:15:00,3,15,14.5,
04/22/2003 03:30:00,3,30,14.4,
04/22/2003 03:45:00,3,45,14.2,
04/22/2003 04:00:00,4,0,14,
04/22/2003 04:15:00,4,15,13.8,
04/22/2003 04:30:00,4,30,13.7,
04/22/2003 04:45:00,4,45,14,
04/22/2003 05:00:00,5,0,16.3,
04/22/2003 05:15:00,5,15,18.1,
04/22/2003 05:30:00,5,30,20.3,
04/22/2003 05:45:00,5,45,22.3,
04/22/2003 06:00:00,6,0,23.7,
04/22/2003 06:15:00,6,15,25.9,
04/22/2003 06:30:00,6,30,27,
04/22/2003 06:45:00,6,45,26.1,
04/22/2003 07:00:00,7,0,26.2,
04/22/2003 07:15:00,7,15,25.6,
04/22/2003 07:30:00,7,30,26.2,
04/22/2003 07:45:00,7,45,26.1,
04/22/2003 08:00:00,8,0,25.8,
04/22/2003 08:15:00,8,15,25.6,
04/22/2003 08:30:00,8,30,25.8,
04/22/2003 08:45:00,8,45,25,
04/22/2003 09:00:00,9,0,25.4,
04/22/2003 09:15:00,9,15,24.4,
04/22/2003 09:30:00,9,30,24.7,
04/22/2003 09:45:00,9,45,25.1,
04/22/2003 10:00:00,10,0,25.1,
04/22/2003 10:15:00,10,15,25.1,
04/22/2003 10:30:00,10,30,26,
04/22/2003 10:45:00,10,45,27.4,
04/22/2003 11:00:00,11,0,28.5,
04/22/2003 11:15:00,11,15,29.7,
04/22/2003 11:30:00,11,30,31.4,
04/22/2003 11:45:00,11,45,32.9,
04/22/2003 12:00:00,12,0,33.3,
04/22/2003 12:15:00,12,15,32.8,
04/22/2003 12:30:00,12,30,32.4,
04/22/2003 12:45:00,12,45,33,
04/22/2003 13:00:00,13,0,33.7,
04/22/2003 13:15:00,13,15,33.4,
04/22/2003 13:30:00,13,30,33.6,
04/22/2003 13:45:00,13,45,33.3,
04/22/2003 14:00:00,14,0,33.5,
04/22/2003 14:15:00,14,15,33.4,
04/22/2003 14:30:00,14,30,33.4,
04/22/2003 14:45:00,14,45,33.6,
04/22/2003 15:00:00,15,0,33.4,
04/22/2003 15:15:00,15,15,33.3,
04/22/2003 15:30:00,15,30,33.4,
04/22/2003 15:45:00,15,45,33.3,
04/22/2003 16:00:00,16,0,33.2,
04/22/2003 16:15:00,16,15,33.1,
04/22/2003 16:30:00,16,30,32.9,
04/22/2003 16:45:00,16,45,32.6,
04/22/2003 17:00:00,17,0,32.6,
04/22/2003 17:15:00,17,15,32.4,
04/22/2003 17:30:00,17,30,32.8,
04/22/2003 17:45:00,17,45,32.8,
04/22/2003 18:00:00,18,0,32.7,
04/22/2003 18:15:00,18,15,31.8,
04/22/2003 18:30:00,18,30,31,
04/22/2003 18:45:00,18,45,31.3,
04/22/2003 19:00:00,19,0,30.4,
04/22/2003 19:15:00,19,15,30.5,
04/22/2003 19:30:00,19,30,30.1,
04/22/2003 19:45:00,19,45,29.8,
04/22/2003 20:00:00,20,0,29.7,
04/22/2003 20:15:00,20,15,28.5,
04/22/2003 20:30:00,20,30,27.5,
04/22/2003 20:45:00,20,45,25.4,
04/22/2003 21:00:00,21,0,24.4,
04/22/2003 21:15:00,21,15,24.3,
04/22/2003 21:30:00,21,30,25.2,
04/22/2003 21:45:00,21,45,25,
04/22/2003 22:00:00,22,0,25.1,
04/22/2003 22:15:00,22,15,25,
04/22/2003 22:30:00,22,30,23.9,
04/22/2003 22:45:00,22,45,22,
04/22/2003 23:00:00,23,0,20.7,
04/22/2003 23:15:00,23,15,19.7,
04/22/2003 23:30:00,23,30,19,
04/22/2003 23:45:00,23,45,18.3,
04/23/2003 00:00:00,0,0,17.6,
04/23/2003 00:15:00,0,15,17,
04/23/2003 00:30:00,0,30,16.5,
04/23/2003 00:45:00,0,45,16.2,
04/23/2003 01:00:00,1,0,15.9,
04/23/2003 01:15:00,1,15,15.7,
04/23/2003 01:30:00,1,30,15.4,
04/23/2003 01:45:00,1,45,15.2,
04/23/2003 02:00:00,2,0,14.9,
04/23/2003 02:15:00,2,15,14.6,
04/23/2003 02:30:00,2,30,14.5,
04/23/2003 02:45:00,2,45,14.4,
04/23/2003 03:00:00,3,0,14.4,
04/23/2003 03:15:00,3,15,15.7,
04/23/2003 03:30:00,3,30,16.4,
04/23/2003 03:45:00,3,45,16.6,
04/23/2003 04:00:00,4,0,16.6,
04/23/2003 04:15:00,4,15,16.7,
04/23/2003 04:30:00,4,30,16.6,
04/23/2003 04:45:00,4,45,16.5,
04/23/2003 05:00:00,5,0,16.3,
04/23/2003 05:15:00,5,15,18.3,
04/23/2003 05:30:00,5,30,20.8,
04/23/2003 05:45:00,5,45,22.3,
04/23/2003 06:00:00,6,0,24.2,
04/23/2003 06:15:00,6,15,26.1,
04/23/2003 06:30:00,6,30,27.1,
04/23/2003 06:45:00,6,45,26.7,
04/23/2003 07:00:00,7,0,26.8,
04/23/2003 07:15:00,7,15,26.4,
04/23/2003 07:30:00,7,30,26.5,
04/23/2003 07:45:00,7,45,26.4,
04/23/2003 08:00:00,8,0,25.3,
04/23/2003 08:15:00,8,15,26.3,
04/23/2003 08:30:00,8,30,25.1,
04/23/2003 08:45:00,8,45,25.3,
04/23/2003 09:00:00,9,0,25,
04/23/2003 09:15:00,9,15,25.2,
04/23/2003 09:30:00,9,30,25,
04/23/2003 09:45:00,9,45,25.2,
04/23/2003 10:00:00,10,0,25.8,
04/23/2003 10:15:00,10,15,27.1,
04/23/2003 10:30:00,10,30,29.2,
04/23/2003 10:45:00,10,45,30.6,
04/23/2003 11:00:00,11,0,31.5,
04/23/2003 11:15:00,11,15,32.2,
04/23/2003 11:30:00,11,30,32.4,
04/23/2003 11:45:00,11,45,32.8,
04/23/2003 12:00:00,12,0,32.3,
04/23/2003 12:15:00,12,15,32.4,
04/23/2003 12:30:00,12,30,32.4,
04/23/2003 12:45:00,12,45,32.8,
04/23/2003 13:00:00,13,0,33.6,
04/23/2003 13:15:00,13,15,33.5,
04/23/2003 13:30:00,13,30,33.5,
04/23/2003 13:45:00,13,45,32.9,
04/23/2003 14:00:00,14,0,32.6,
04/23/2003 14:15:00,14,15,31.6,
04/23/2003 14:30:00,14,30,31.3,
04/23/2003 14:45:00,14,45,31.4,
04/23/2003 15:00:00,15,0,31.3,
04/23/2003 15:15:00,15,15,31.2,
04/23/2003 15:30:00,15,30,30.9,
04/23/2003 15:45:00,15,45,30.5,
04/23/2003 16:00:00,16,0,30.3,
04/23/2003 16:15:00,16,15,30,
04/23/2003 16:30:00,16,30,30.1,
04/23/2003 16:45:00,16,45,30.4,
04/23/2003 17:00:00,17,0,30.9,
04/23/2003 17:15:00,17,15,31,
04/23/2003 17:30:00,17,30,30.5,
04/23/2003 17:45:00,17,45,30.3,
04/23/2003 18:00:00,18,0,30.4,
04/23/2003 18:15:00,18,15,31.2,
04/23/2003 18:30:00,18,30,31.2,
04/23/2003 18:45:00,18,45,30.5,
04/23/2003 19:00:00,19,0,30.1,
04/23/2003 19:15:00,19,15,30.2,
04/23/2003 19:30:00,19,30,29.4,
04/23/2003 19:45:00,19,45,28,
04/23/2003 20:00:00,20,0,27.1,
04/23/2003 20:15:00,20,15,26.8,
04/23/2003 20:30:00,20,30,26.9,
04/23/2003 20:45:00,20,45,26.6,
04/23/2003 21:00:00,21,0,26.3,
04/23/2003 21:15:00,21,15,24.7,
04/23/2003 21:30:00,21,30,24.6,
04/23/2003 21:45:00,21,45,24.3,
04/23/2003 22:00:00,22,0,24.2,
04/23/2003 22:15:00,22,15,24.3,
04/23/2003 22:30:00,22,30,22.9,
04/23/2003 22:45:00,22,45,22,
04/23/2003 23:00:00,23,0,21.4,
04/23/2003 23:15:00,23,15,20.8,
04/23/2003 23:30:00,23,30,20.3,
04/23/2003 23:45:00,23,45,19.8,
04/24/2003 00:00:00,0,0,18.9,
04/24/2003 00:15:00,0,15,17.7,
04/24/2003 00:30:00,0,30,17,
04/24/2003 00:45:00,0,45,16.6,
04/24/2003 01:00:00,1,0,16.1,
04/24/2003 01:15:00,1,15,15.9,
04/24/2003 01:30:00,1,30,15.5,
04/24/2003 01:45:00,1,45,15.1,
04/24/2003 02:00:00,2,0,14.9,
04/24/2003 02:15:00,2,15,14.8,
04/24/2003 02:30:00,2,30,14.9,
04/24/2003 02:45:00,2,45,14.9,
04/24/2003 03:00:00,3,0,14.9,
04/24/2003 03:15:00,3,15,15,
04/24/2003 03:30:00,3,30,15.1,
04/24/2003 03:45:00,3,45,16.2,
04/24/2003 04:00:00,4,0,17.3,
04/24/2003 04:15:00,4,15,17.9,
04/24/2003 04:30:00,4,30,18.3,
04/24/2003 04:45:00,4,45,18.4,
04/24/2003 05:00:00,5,0,18.8,
04/24/2003 05:15:00,5,15,19.2,
04/24/2003 05:30:00,5,30,19.5,
04/24/2003 05:45:00,5,45,21.4,
04/24/2003 06:00:00,6,0,23.7,
04/24/2003 06:15:00,6,15,26.1,
04/24/2003 06:30:00,6,30,26.8,
04/24/2003 06:45:00,6,45,25.7,
04/24/2003 07:00:00,7,0,26.5,
04/24/2003 07:15:00,7,15,25.4,
04/24/2003 07:30:00,7,30,26.4,
04/24/2003 07:45:00,7,45,26.1,
04/24/2003 08:00:00,8,0,26,
04/24/2003 08:15:00,8,15,25.4,
04/24/2003 08:30:00,8,30,25.9,
04/24/2003 08:45:00,8,45,25.8,
04/24/2003 09:00:00,9,0,25.4,
04/24/2003 09:15:00,9,15,25.2,
04/24/2003 09:30:00,9,30,25.7,
04/24/2003 09:45:00,9,45,25.5,
04/24/2003 10:00:00,10,0,25.1,
04/24/2003 10:15:00,10,15,25.4,
04/24/2003 10:30:00,10,30,25.2,
04/24/2003 10:45:00,10,45,25.3,
04/24/2003 11:00:00,11,0,25.3,
04/24/2003 11:15:00,11,15,24.8,
04/24/2003 11:30:00,11,30,25.3,
04/24/2003 11:45:00,11,45,25.9,
04/24/2003 12:00:00,12,0,27,
04/24/2003 12:15:00,12,15,27.7,
04/24/2003 12:30:00,12,30,29.3,
04/24/2003 12:45:00,12,45,32.4,
04/24/2003 13:00:00,13,0,34.1,
04/24/2003 13:15:00,13,15,33.9,
04/24/2003 13:30:00,13,30,34.1,
04/24/2003 13:45:00,13,45,34.4,
04/24/2003 14:00:00,14,0,34.2,
04/24/2003 14:15:00,14,15,34.4,
04/24/2003 14:30:00,14,30,34.1,
04/24/2003 14:45:00,14,45,33.9,
04/24/2003 15:00:00,15,0,33.7,
04/24/2003 15:15:00,15,15,33.4,
04/24/2003 15:30:00,15,30,33.3,
04/24/2003 15:45:00,15,45,33.2,
04/24/2003 16:00:00,16,0,33.1,
04/24/2003 16:15:00,16,15,33.1,
04/24/2003 16:30:00,16,30,32.9,
04/24/2003 16:45:00,16,45,32.8,
04/24/2003 17:00:00,17,0,32.7,
04/24/2003 17:15:00,17,15,32.7,
04/24/2003 17:30:00,17,30,32.7,
04/24/2003 17:45:00,17,45,32.6,
04/24/2003 18:00:00,18,0,32.3,
04/24/2003 18:15:00,18,15,31.5,
04/24/2003 18:30:00,18,30,30.7,
04/24/2003 18:45:00,18,45,30.9,
04/24/2003 19:00:00,19,0,31.3,
04/24/2003 19:15:00,19,15,31,
04/24/2003 19:30:00,19,30,30.5,
04/24/2003 19:45:00,19,45,30.1,
04/24/2003 20:00:00,20,0,29.8,
04/24/2003 20:15:00,20,15,29,
04/24/2003 20:30:00,20,30,28.1,
04/24/2003 20:45:00,20,45,26.3,
04/24/2003 21:00:00,21,0,24.8,
04/24/2003 21:15:00,21,15,24.6,
04/24/2003 21:30:00,21,30,24.1,
04/24/2003 21:45:00,21,45,24.8,
04/24/2003 22:00:00,22,0,25,
04/24/2003 22:15:00,22,15,24.3,
04/24/2003 22:30:00,22,30,23,
04/24/2003 22:45:00,22,45,22.2,
04/24/2003 23:00:00,23,0,21.6,
04/24/2003 23:15:00,23,15,20.9,
04/24/2003 23:30:00,23,30,20.3,
04/24/2003 23:45:00,23,45,19.5,
04/25/2003 00:00:00,0,0,18.5,
04/25/2003 00:15:00,0,15,17.2,
04/25/2003 00:30:00,0,30,16.4,
04/25/2003 00:45:00,0,45,15.9,
04/25/2003 01:00:00,1,0,15.5,
04/25/2003 01:15:00,1,15,15.3,
04/25/2003 01:30:00,1,30,15.1,
04/25/2003 01:45:00,1,45,14.9,
04/25/2003 02:00:00,2,0,14.8,
04/25/2003 02:15:00,2,15,15.7,
04/25/2003 02:30:00,2,30,17,
04/25/2003 02:45:00,2,45,16.9,
04/25/2003 03:00:00,3,0,16.9,
04/25/2003 03:15:00,3,15,16.9,
04/25/2003 03:30:00,3,30,16.9,
04/25/2003 03:45:00,3,45,16.1,
04/25/2003 04:00:00,4,0,14.7,
04/25/2003 04:15:00,4,15,14.5,
04/25/2003 04:30:00,4,30,15,
04/25/2003 04:45:00,4,45,15.3,
04/25/2003 05:00:00,5,0,15.9,
04/25/2003 05:15:00,5,15,18.1,
04/25/2003 05:30:00,5,30,20.1,
04/25/2003 05:45:00,5,45,21.8,
04/25/2003 06:00:00,6,0,23.7,
04/25/2003 06:15:00,6,15,26.6,
04/25/2003 06:30:00,6,30,26.7,
04/25/2003 06:45:00,6,45,27,
04/25/2003 07:00:00,7,0,25.8,
04/25/2003 07:15:00,7,15,26.6,
04/25/2003 07:30:00,7,30,26.3,
04/25/2003 07:45:00,7,45,25.3,
04/25/2003 08:00:00,8,0,26.4,
04/25/2003 08:15:00,8,15,25.1,
04/25/2003 08:30:00,8,30,26.4,
04/25/2003 08:45:00,8,45,25.7,
04/25/2003 09:00:00,9,0,25.8,
04/25/2003 09:15:00,9,15,24.6,
04/25/2003 09:30:00,9,30,25.3,
04/25/2003 09:45:00,9,45,25.2,
04/25/2003 10:00:00,10,0,25.1,
04/25/2003 10:15:00,10,15,26,
04/25/2003 10:30:00,10,30,27.6,
04/25/2003 10:45:00,10,45,29,
04/25/2003 11:00:00,11,0,30.1,
04/25/2003 11:15:00,11,15,31.1,
04/25/2003 11:30:00,11,30,32.7,
04/25/2003 11:45:00,11,45,33,
04/25/2003 12:00:00,12,0,33.1,
04/25/2003 12:15:00,12,15,32.7,
04/25/2003 12:30:00,12,30,32.7,
04/25/2003 12:45:00,12,45,33.1,
04/25/2003 13:00:00,13,0,33.6,
04/25/2003 13:15:00,13,15,33.4,
04/25/2003 13:30:00,13,30,33.4,
04/25/2003 13:45:00,13,45,33.5,
04/25/2003 14:00:00,14,0,33.7,
04/25/2003 14:15:00,14,15,33.5,
04/25/2003 14:30:00,14,30,33.6,
04/25/2003 14:45:00,14,45,33.8,
04/25/2003 15:00:00,15,0,33.4,
04/25/2003 15:15:00,15,15,33.5,
04/25/2003 15:30:00,15,30,33.5,
04/25/2003 15:45:00,15,45,33.2,
04/25/2003 16:00:00,16,0,33.2,
04/25/2003 16:15:00,16,15,32.9,
04/25/2003 16:30:00,16,30,32.4,
04/25/2003 16:45:00,16,45,31.8,
04/25/2003 17:00:00,17,0,32.1,
04/25/2003 17:15:00,17,15,32.4,
04/25/2003 17:30:00,17,30,32.6,
04/25/2003 17:45:00,17,45,32.3,
04/25/2003 18:00:00,18,0,32,
04/25/2003 18:15:00,18,15,31.8,
04/25/2003 18:30:00,18,30,31.3,
04/25/2003 18:45:00,18,45,31.3,
04/25/2003 19:00:00,19,0,31.1,
04/25/2003 19:15:00,19,15,31,
04/25/2003 19:30:00,19,30,30.3,
04/25/2003 19:45:00,19,45,29.6,
04/25/2003 20:00:00,20,0,29.3,
04/25/2003 20:15:00,20,15,28.6,
04/25/2003 20:30:00,20,30,26.4,
04/25/2003 20:45:00,20,45,24.7,
04/25/2003 21:00:00,21,0,24.3,
04/25/2003 21:15:00,21,15,24.6,
04/25/2003 21:30:00,21,30,24.9,
04/25/2003 21:45:00,21,45,24.8,
04/25/2003 22:00:00,22,0,24.8,
04/25/2003 22:15:00,22,15,24.2,
04/25/2003 22:30:00,22,30,22.4,
04/25/2003 22:45:00,22,45,20.8,
04/25/2003 23:00:00,23,0,19.8,
04/25/2003 23:15:00,23,15,19.1,
04/25/2003 23:30:00,23,30,18.4,
04/25/2003 23:45:00,23,45,17.9,
04/26/2003 00:00:00,0,0,17.3,
04/26/2003 00:15:00,0,15,16.9,
04/26/2003 00:30:00,0,30,16.6,
04/26/2003 00:45:00,0,45,16.1,
04/26/2003 01:00:00,1,0,15.7,
04/26/2003 01:15:00,1,15,15.4,
04/26/2003 01:30:00,1,30,15.1,
04/26/2003 01:45:00,1,45,14.8,
04/26/2003 02:00:00,2,0,14.5,
04/26/2003 02:15:00,2,15,15.7,
04/26/2003 02:30:00,2,30,16.5,
04/26/2003 02:45:00,2,45,16.6,
04/26/2003 03:00:00,3,0,16.6,
04/26/2003 03:15:00,3,15,16.6,
04/26/2003 03:30:00,3,30,16.3,
04/26/2003 03:45:00,3,45,14.3,
04/26/2003 04:00:00,4,0,13.5,
04/26/2003 04:15:00,4,15,13.2,
04/26/2003 04:30:00,4,30,13,
04/26/2003 04:45:00,4,45,14.3,
04/26/2003 05:00:00,5,0,16.4,
04/26/2003 05:15:00,5,15,18.3,
04/26/2003 05:30:00,5,30,20,
04/26/2003 05:45:00,5,45,22.2,
04/26/2003 06:00:00,6,0,24.2,
04/26/2003 06:15:00,6,15,26.6,
04/26/2003 06:30:00,6,30,26.7,
04/26/2003 06:45:00,6,45,26.6,
04/26/2003 07:00:00,7,0,26.2,
04/26/2003 07:15:00,7,15,25.9,
04/26/2003 07:30:00,7,30,26.2,
04/26/2003 07:45:00,7,45,25.4,
04/26/2003 08:00:00,8,0,25.5,
04/26/2003 08:15:00,8,15,25,
04/26/2003 08:30:00,8,30,25.8,
04/26/2003 08:45:00,8,45,26.3,
04/26/2003 09:00:00,9,0,24.8,
04/26/2003 09:15:00,9,15,24.3,
04/26/2003 09:30:00,9,30,24.5,
04/26/2003 09:45:00,9,45,25.2,
04/26/2003 10:00:00,10,0,25.1,
04/26/2003 10:15:00,10,15,25.7,
04/26/2003 10:30:00,10,30,27.1,
04/26/2003 10:45:00,10,45,28.5,
04/26/2003 11:00:00,11,0,29.7,
04/26/2003 11:15:00,11,15,30.6,
04/26/2003 11:30:00,11,30,31.6,
04/26/2003 11:45:00,11,45,33.1,
04/26/2003 12:00:00,12,0,33.5,
04/26/2003 12:15:00,12,15,33.1,
04/26/2003 12:30:00,12,30,33.4,
04/26/2003 12:45:00,12,45,33.3,
04/26/2003 13:00:00,13,0,32.3,
04/26/2003 13:15:00,13,15,33,
04/26/2003 13:30:00,13,30,33.4,
04/26/2003 13:45:00,13,45,33.5,
04/26/2003 14:00:00,14,0,33.2,
04/26/2003 14:15:00,14,15,32.9,
04/26/2003 14:30:00,14,30,32.7,
04/26/2003 14:45:00,14,45,33,
04/26/2003 15:00:00,15,0,33,
04/26/2003 15:15:00,15,15,33,
04/26/2003 15:30:00,15,30,32.9,
04/26/2003 15:45:00,15,45,32.5,
04/26/2003 16:00:00,16,0,32.5,
04/26/2003 16:15:00,16,15,32.4,
04/26/2003 16:30:00,16,30,32.5,
04/26/2003 16:45:00,16,45,32.4,
04/26/2003 17:00:00,17,0,32.5,
04/26/2003 17:15:00,17,15,32.3,
04/26/2003 17:30:00,17,30,32.5,
04/26/2003 17:45:00,17,45,32.7,
04/26/2003 18:00:00,18,0,32.9,
04/26/2003 18:15:00,18,15,33.3,
04/26/2003 18:30:00,18,30,32.5,
04/26/2003 18:45:00,18,45,30.9,
04/26/2003 19:00:00,19,0,30.7,
04/26/2003 19:15:00,19,15,30.7,
04/26/2003 19:30:00,19,30,30.4,
04/26/2003 19:45:00,19,45,28.9,
04/26/2003 20:00:00,20,0,27.1,
04/26/2003 20:15:00,20,15,25.7,
04/26/2003 20:30:00,20,30,25.7,
04/26/2003 20:45:00,20,45,25.3,
04/26/2003 21:00:00,21,0,24.8,
04/26/2003 21:15:00,21,15,25,
04/26/2003 21:30:00,21,30,24.6,
04/26/2003 21:45:00,21,45,24.2,
04/26/2003 22:00:00,22,0,24.8,
04/26/2003 22:15:00,22,15,24.3,
04/26/2003 22:30:00,22,30,22.6,
04/26/2003 22:45:00,22,45,21.5,
04/26/2003 23:00:00,23,0,20.9,
04/26/2003 23:15:00,23,15,20.5,
04/26/2003 23:30:00,23,30,19.9,
04/26/2003 23:45:00,23,45,20.6,
04/27/2003 00:00:00,0,0,20.6,
04/27/2003 00:15:00,0,15,19.7,
04/27/2003 00:30:00,0,30,19.2,
04/27/2003 00:45:00,0,45,18.5,
04/27/2003 01:00:00,1,0,18.3,
04/27/2003 01:15:00,1,15,17.3,
04/27/2003 01:30:00,1,30,16.1,
04/27/2003 01:45:00,1,45,15.6,
04/27/2003 02:00:00,2,0,15,
04/27/2003 02:15:00,2,15,14.5,
04/27/2003 02:30:00,2,30,14.6,
04/27/2003 02:45:00,2,45,15,
04/27/2003 03:00:00,3,0,15,
04/27/2003 03:15:00,3,15,14.8,
04/27/2003 03:30:00,3,30,14.7,
04/27/2003 03:45:00,3,45,15.1,
04/27/2003 04:00:00,4,0,15.3,
04/27/2003 04:15:00,4,15,15.4,
04/27/2003 04:30:00,4,30,15.5,
04/27/2003 04:45:00,4,45,15.8,
04/27/2003 05:00:00,5,0,16.2,
04/27/2003 05:15:00,5,15,17.7,
04/27/2003 05:30:00,5,30,20,
04/27/2003 05:45:00,5,45,22.3,
04/27/2003 06:00:00,6,0,24.4,
04/27/2003 06:15:00,6,15,26.8,
04/27/2003 06:30:00,6,30,26.1,
04/27/2003 06:45:00,6,45,26.6,
04/27/2003 07:00:00,7,0,25.6,
04/27/2003 07:15:00,7,15,26.2,
04/27/2003 07:30:00,7,30,25.5,
04/27/2003 07:45:00,7,45,26.1,
04/27/2003 08:00:00,8,0,25.7,
04/27/2003 08:15:00,8,15,25.8,
04/27/2003 08:30:00,8,30,25.5,
04/27/2003 08:45:00,8,45,25.4,
04/27/2003 09:00:00,9,0,25,
04/27/2003 09:15:00,9,15,25.7,
04/27/2003 09:30:00,9,30,24.8,
04/27/2003 09:45:00,9,45,25.1,
04/27/2003 10:00:00,10,0,25.3,
04/27/2003 10:15:00,10,15,25,
04/27/2003 10:30:00,10,30,25.1,
04/27/2003 10:45:00,10,45,24.9,
04/27/2003 11:00:00,11,0,25,
04/27/2003 11:15:00,11,15,25.1,
04/27/2003 11:30:00,11,30,25.4,
04/27/2003 11:45:00,11,45,25.6,
04/27/2003 12:00:00,12,0,25,
04/27/2003 12:15:00,12,15,24.9,
04/27/2003 12:30:00,12,30,25.3,
04/27/2003 12:45:00,12,45,24.9,
04/27/2003 13:00:00,13,0,25,
04/27/2003 13:15:00,13,15,24.9,
04/27/2003 13:30:00,13,30,25.4,
04/27/2003 13:45:00,13,45,25.6,
04/27/2003 14:00:00,14,0,25.7,
04/27/2003 14:15:00,14,15,25,
04/27/2003 14:30:00,14,30,25.2,
04/27/2003 14:45:00,14,45,25,
04/27/2003 15:00:00,15,0,25.1,
04/27/2003 15:15:00,15,15,25.8,
04/27/2003 15:30:00,15,30,24.9,
04/27/2003 15:45:00,15,45,25.5,
04/27/2003 16:00:00,16,0,25.3,
04/27/2003 16:15:00,16,15,25.9,
04/27/2003 16:30:00,16,30,25.5,
04/27/2003 16:45:00,16,45,25.6,
04/27/2003 17:00:00,17,0,25.8,
04/27/2003 17:15:00,17,15,25.6,
04/27/2003 17:30:00,17,30,25.7,
04/27/2003 17:45:00,17,45,26.7,
04/27/2003 18:00:00,18,0,29,
04/27/2003 18:15:00,18,15,29.9,
04/27/2003 18:30:00,18,30,29.4,
04/27/2003 18:45:00,18,45,28.8,
04/27/2003 19:00:00,19,0,28.2,
04/27/2003 19:15:00,19,15,27.5,
04/27/2003 19:30:00,19,30,26.7,
04/27/2003 19:45:00,19,45,25.4,
04/27/2003 20:00:00,20,0,25,
04/27/2003 20:15:00,20,15,24.8,
04/27/2003 20:30:00,20,30,25.1,
04/27/2003 20:45:00,20,45,25.1,
04/27/2003 21:00:00,21,0,24.7,
04/27/2003 21:15:00,21,15,24.3,
04/27/2003 21:30:00,21,30,25.2,
04/27/2003 21:45:00,21,45,24.8,
04/27/2003 22:00:00,22,0,24.9,
04/27/2003 22:15:00,22,15,24.4,
04/27/2003 22:30:00,22,30,22.5,
04/27/2003 22:45:00,22,45,21.3,
04/27/2003 23:00:00,23,0,20.6,
04/27/2003 23:15:00,23,15,20.3,
04/27/2003 23:30:00,23,30,21.3,
04/27/2003 23:45:00,23,45,21.3,
04/28/2003 00:00:00,0,0,20.5,
04/28/2003 00:15:00,0,15,19.6,
04/28/2003 00:30:00,0,30,18.8,
04/28/2003 00:45:00,0,45,18.4,
04/28/2003 01:00:00,1,0,17.2,
04/28/2003 01:15:00,1,15,15.7,
04/28/2003 01:30:00,1,30,14.9,
04/28/2003 01:45:00,1,45,14.5,
04/28/2003 02:00:00,2,0,14.5,
04/28/2003 02:15:00,2,15,14.9,
04/28/2003 02:30:00,2,30,15.7,
04/28/2003 02:45:00,2,45,15.6,
04/28/2003 03:00:00,3,0,15.2,
04/28/2003 03:15:00,3,15,14.9,
04/28/2003 03:30:00,3,30,14.6,
04/28/2003 03:45:00,3,45,14.6,
04/28/2003 04:00:00,4,0,14.6,
04/28/2003 04:15:00,4,15,14.7,
04/28/2003 04:30:00,4,30,15.2,
04/28/2003 04:45:00,4,45,15.9,
04/28/2003 05:00:00,5,0,16.3,
04/28/2003 05:15:00,5,15,18.3,
04/28/2003 05:30:00,5,30,20.1,
04/28/2003 05:45:00,5,45,21.8,
04/28/2003 06:00:00,6,0,24,
04/28/2003 06:15:00,6,15,26.6,
04/28/2003 06:30:00,6,30,25.8,
04/28/2003 06:45:00,6,45,25.6,
04/28/2003 07:00:00,7,0,26.3,
04/28/2003 07:15:00,7,15,25.6,
04/28/2003 07:30:00,7,30,25.5,
04/28/2003 07:45:00,7,45,25.7,
04/28/2003 08:00:00,8,0,25.6,
04/28/2003 08:15:00,8,15,25.4,
04/28/2003 08:30:00,8,30,25.1,
04/28/2003 08:45:00,8,45,24.8,
04/28/2003 09:00:00,9,0,24.6,
04/28/2003 09:15:00,9,15,24.5,
04/28/2003 09:30:00,9,30,25.4,
04/28/2003 09:45:00,9,45,24.6,
04/28/2003 10:00:00,10,0,24.9,
04/28/2003 10:15:00,10,15,25.2,
04/28/2003 10:30:00,10,30,24.8,
04/28/2003 10:45:00,10,45,24.9,
04/28/2003 11:00:00,11,0,26.1,
04/28/2003 11:15:00,11,15,27.9,
04/28/2003 11:30:00,11,30,29.9,
04/28/2003 11:45:00,11,45,30.4,
04/28/2003 12:00:00,12,0,29.9,
04/28/2003 12:15:00,12,15,30.3,
04/28/2003 12:30:00,12,30,30.5,
04/28/2003 12:45:00,12,45,30,
04/28/2003 13:00:00,13,0,30.6,
04/28/2003 13:15:00,13,15,30.3,
04/28/2003 13:30:00,13,30,30.8,
04/28/2003 13:45:00,13,45,31.8,
04/28/2003 14:00:00,14,0,32.1,
04/28/2003 14:15:00,14,15,32.9,
04/28/2003 14:30:00,14,30,31.1,
04/28/2003 14:45:00,14,45,30.5,
04/28/2003 15:00:00,15,0,29.8,
04/28/2003 15:15:00,15,15,31.3,
04/28/2003 15:30:00,15,30,31.2,
04/28/2003 15:45:00,15,45,29.3,
04/28/2003 16:00:00,16,0,29.4,
04/28/2003 16:15:00,16,15,29.6,
04/28/2003 16:30:00,16,30,28.9,
04/28/2003 16:45:00,16,45,27.6,
04/28/2003 17:00:00,17,0,27.1,
04/28/2003 17:15:00,17,15,26.8,
04/28/2003 17:30:00,17,30,27.3,
04/28/2003 17:45:00,17,45,28.1,
04/28/2003 18:00:00,18,0,27.3,
04/28/2003 18:15:00,18,15,27.5,
04/28/2003 18:30:00,18,30,28.8,
04/28/2003 18:45:00,18,45,27.5,
04/28/2003 19:00:00,19,0,28.1,
04/28/2003 19:15:00,19,15,29.4,
04/28/2003 19:30:00,19,30,28.7,
04/28/2003 19:45:00,19,45,27.8,
04/28/2003 20:00:00,20,0,27,
04/28/2003 20:15:00,20,15,27,
04/28/2003 20:30:00,20,30,26.4,
04/28/2003 20:45:00,20,45,25.9,
04/28/2003 21:00:00,21,0,25.4,
04/28/2003 21:15:00,21,15,25,
04/28/2003 21:30:00,21,30,24.8,
04/28/2003 21:45:00,21,45,25.4,
04/28/2003 22:00:00,22,0,25.1,
04/28/2003 22:15:00,22,15,24.5,
04/28/2003 22:30:00,22,30,23.3,
04/28/2003 22:45:00,22,45,21.5,
04/28/2003 23:00:00,23,0,20.3,
04/28/2003 23:15:00,23,15,19.2,
04/28/2003 23:30:00,23,30,18.5,
04/28/2003 23:45:00,23,45,17.9,
04/29/2003 00:00:00,0,0,17.3,
04/29/2003 00:15:00,0,15,17,
04/29/2003 00:30:00,0,30,16.9,
04/29/2003 00:45:00,0,45,16.8,
04/29/2003 01:00:00,1,0,16.4,
04/29/2003 01:15:00,1,15,16,
04/29/2003 01:30:00,1,30,15.7,
04/29/2003 01:45:00,1,45,15.4,
04/29/2003 02:00:00,2,0,15.1,
04/29/2003 02:15:00,2,15,14.9,
04/29/2003 02:30:00,2,30,14.7,
04/29/2003 02:45:00,2,45,14.4,
04/29/2003 03:00:00,3,0,14.3,
04/29/2003 03:15:00,3,15,14,
04/29/2003 03:30:00,3,30,13.9,
04/29/2003 03:45:00,3,45,13.8,
04/29/2003 04:00:00,4,0,13.7,
04/29/2003 04:15:00,4,15,13.5,
04/29/2003 04:30:00,4,30,13.4,
04/29/2003 04:45:00,4,45,14.7,
04/29/2003 05:00:00,5,0,16.7,
04/29/2003 05:15:00,5,15,18.6,
04/29/2003 05:30:00,5,30,20.7,
04/29/2003 05:45:00,5,45,22.3,
04/29/2003 06:00:00,6,0,24.1,
04/29/2003 06:15:00,6,15,27.1,
04/29/2003 06:30:00,6,30,26.7,
04/29/2003 06:45:00,6,45,26.5,
04/29/2003 07:00:00,7,0,25.9,
04/29/2003 07:15:00,7,15,26.1,
04/29/2003 07:30:00,7,30,25.9,
04/29/2003 07:45:00,7,45,26.2,
04/29/2003 08:00:00,8,0,26.3,
04/29/2003 08:15:00,8,15,26,
04/29/2003 08:30:00,8,30,26,
04/29/2003 08:45:00,8,45,25.3,
04/29/2003 09:00:00,9,0,24.8,
04/29/2003 09:15:00,9,15,24.8,
04/29/2003 09:30:00,9,30,23.7,
04/29/2003 09:45:00,9,45,23.5,
04/29/2003 10:00:00,10,0,24.9,
04/29/2003 10:15:00,10,15,26.2,
04/29/2003 10:30:00,10,30,28.7,
04/29/2003 10:45:00,10,45,30.2,
04/29/2003 11:00:00,11,0,31.2,
04/29/2003 11:15:00,11,15,31.8,
04/29/2003 11:30:00,11,30,32,
04/29/2003 11:45:00,11,45,32,
04/29/2003 12:00:00,12,0,31.9,
04/29/2003 12:15:00,12,15,31.9,
04/29/2003 12:30:00,12,30,31.6,
04/29/2003 12:45:00,12,45,32.5,
04/29/2003 13:00:00,13,0,32.9,
04/29/2003 13:15:00,13,15,33.4,
04/29/2003 13:30:00,13,30,33.1,
04/29/2003 13:45:00,13,45,32.3,
04/29/2003 14:00:00,14,0,32.4,
04/29/2003 14:15:00,14,15,32.7,
04/29/2003 14:30:00,14,30,32.8,
04/29/2003 14:45:00,14,45,32.7,
04/29/2003 15:00:00,15,0,32.5,
04/29/2003 15:15:00,15,15,32.5,
04/29/2003 15:30:00,15,30,32.4,
04/29/2003 15:45:00,15,45,32.3,
04/29/2003 16:00:00,16,0,32.3,
04/29/2003 16:15:00,16,15,32.2,
04/29/2003 16:30:00,16,30,32.3,
04/29/2003 16:45:00,16,45,32.2,
04/29/2003 17:00:00,17,0,32.4,
04/29/2003 17:15:00,17,15,31.7,
04/29/2003 17:30:00,17,30,32.2,
04/29/2003 17:45:00,17,45,32,
04/29/2003 18:00:00,18,0,31.4,
04/29/2003 18:15:00,18,15,30.9,
04/29/2003 18:30:00,18,30,31.5,
04/29/2003 18:45:00,18,45,31.7,
04/29/2003 19:00:00,19,0,31.4,
04/29/2003 19:15:00,19,15,30.9,
04/29/2003 19:30:00,19,30,30,
04/29/2003 19:45:00,19,45,29.6,
04/29/2003 20:00:00,20,0,29.9,
04/29/2003 20:15:00,20,15,28.8,
04/29/2003 20:30:00,20,30,26.4,
04/29/2003 20:45:00,20,45,25.1,
04/29/2003 21:00:00,21,0,24.5,
04/29/2003 21:15:00,21,15,24.9,
04/29/2003 21:30:00,21,30,24.8,
04/29/2003 21:45:00,21,45,25.1,
04/29/2003 22:00:00,22,0,25.4,
04/29/2003 22:15:00,22,15,24.3,
04/29/2003 22:30:00,22,30,23.2,
04/29/2003 22:45:00,22,45,22,
04/29/2003 23:00:00,23,0,20.7,
04/29/2003 23:15:00,23,15,19.7,
04/29/2003 23:30:00,23,30,18.9,
04/29/2003 23:45:00,23,45,18.2,
04/30/2003 00:00:00,0,0,17.6,
04/30/2003 00:15:00,0,15,17.1,
04/30/2003 00:30:00,0,30,16.7,
04/30/2003 00:45:00,0,45,16.4,
04/30/2003 01:00:00,1,0,16.1,
04/30/2003 01:15:00,1,15,15.8,
04/30/2003 01:30:00,1,30,15.4,
04/30/2003 01:45:00,1,45,15.2,
04/30/2003 02:00:00,2,0,16.5,
04/30/2003 02:15:00,2,15,17.1,
04/30/2003 02:30:00,2,30,17.2,
04/30/2003 02:45:00,2,45,17.1,
04/30/2003 03:00:00,3,0,16.9,
04/30/2003 03:15:00,3,15,16.3,
04/30/2003 03:30:00,3,30,14.5,
04/30/2003 03:45:00,3,45,13.9,
04/30/2003 04:00:00,4,0,13.5,
04/30/2003 04:15:00,4,15,13.2,
04/30/2003 04:30:00,4,30,13,
04/30/2003 04:45:00,4,45,15.3,
04/30/2003 05:00:00,5,0,16.4,
04/30/2003 05:15:00,5,15,18.5,
04/30/2003 05:30:00,5,30,20.3,
04/30/2003 05:45:00,5,45,22.4,
04/30/2003 06:00:00,6,0,24.7,
04/30/2003 06:15:00,6,15,26.4,
04/30/2003 06:30:00,6,30,27,
04/30/2003 06:45:00,6,45,26.8,
04/30/2003 07:00:00,7,0,26.1,
04/30/2003 07:15:00,7,15,25.5,
04/30/2003 07:30:00,7,30,26.2,
04/30/2003 07:45:00,7,45,25.5,
04/30/2003 08:00:00,8,0,25.8,
04/30/2003 08:15:00,8,15,24.9,
04/30/2003 08:30:00,8,30,26.2,
04/30/2003 08:45:00,8,45,25,
04/30/2003 09:00:00,9,0,25.3,
04/30/2003 09:15:00,9,15,24.1,
04/30/2003 09:30:00,9,30,24.5,
04/30/2003 09:45:00,9,45,25,
04/30/2003 10:00:00,10,0,25.3,
04/30/2003 10:15:00,10,15,26.5,
04/30/2003 10:30:00,10,30,27.9,
04/30/2003 10:45:00,10,45,29.1,
04/30/2003 11:00:00,11,0,30.2,
04/30/2003 11:15:00,11,15,30.9,
04/30/2003 11:30:00,11,30,32.4,
04/30/2003 11:45:00,11,45,32.8,
04/30/2003 12:00:00,12,0,32.7,
04/30/2003 12:15:00,12,15,32.5,
04/30/2003 12:30:00,12,30,32.3,
04/30/2003 12:45:00,12,45,32.8,
04/30/2003 13:00:00,13,0,33.2,
04/30/2003 13:15:00,13,15,32.9,
04/30/2003 13:30:00,13,30,32.5,
04/30/2003 13:45:00,13,45,33.2,
04/30/2003 14:00:00,14,0,32.9,
04/30/2003 14:15:00,14,15,33,
04/30/2003 14:30:00,14,30,33.3,
04/30/2003 14:45:00,14,45,33.4,
04/30/2003 15:00:00,15,0,33.7,
04/30/2003 15:15:00,15,15,33.6,
04/30/2003 15:30:00,15,30,33.5,
04/30/2003 15:45:00,15,45,33,
04/30/2003 16:00:00,16,0,32.7,
04/30/2003 16:15:00,16,15,32.6,
04/30/2003 16:30:00,16,30,32.7,
04/30/2003 16:45:00,16,45,32.5,
04/30/2003 17:00:00,17,0,32.3,
04/30/2003 17:15:00,17,15,32.4,
04/30/2003 17:30:00,17,30,32.1,
04/30/2003 17:45:00,17,45,31.8,
04/30/2003 18:00:00,18,0,32.2,
04/30/2003 18:15:00,18,15,32,
04/30/2003 18:30:00,18,30,31.7,
04/30/2003 18:45:00,18,45,31.3,
04/30/2003 19:00:00,19,0,30.8,
04/30/2003 19:15:00,19,15,30,
04/30/2003 19:30:00,19,30,30,
04/30/2003 19:45:00,19,45,29.1,
04/30/2003 20:00:00,20,0,29.3,
04/30/2003 20:15:00,20,15,29.6,
04/30/2003 20:30:00,20,30,29.4,
04/30/2003 20:45:00,20,45,27.1,
04/30/2003 21:00:00,21,0,25.7,
04/30/2003 21:15:00,21,15,24.6,
04/30/2003 21:30:00,21,30,24.4,
04/30/2003 21:45:00,21,45,23.9,
04/30/2003 22:00:00,22,0,23.7,
04/30/2003 22:15:00,22,15,23.6,
04/30/2003 22:30:00,22,30,22.8,
04/30/2003 22:45:00,22,45,21.5,
04/30/2003 23:00:00,23,0,20.6,
04/30/2003 23:15:00,23,15,19.9,
04/30/2003 23:30:00,23,30,19.4,
04/30/2003 23:45:00,23,45,18.9,
05/01/2003 00:00:00,0,0,18.1,
05/01/2003 00:15:00,0,15,17.3,
05/01/2003 00:30:00,0,30,17.3,
05/01/2003 00:45:00,0,45,17.1,
05/01/2003 01:00:00,1,0,16.9,
05/01/2003 01:15:00,1,15,16.6,
05/01/2003 01:30:00,1,30,16.3,
05/01/2003 01:45:00,1,45,15.9,
05/01/2003 02:00:00,2,0,15.5,
05/01/2003 02:15:00,2,15,15.2,
05/01/2003 02:30:00,2,30,16.5,
05/01/2003 02:45:00,2,45,17.2,
05/01/2003 03:00:00,3,0,17.3,
05/01/2003 03:15:00,3,15,17.5,
05/01/2003 03:30:00,3,30,17.4,
05/01/2003 03:45:00,3,45,16.7,
05/01/2003 04:00:00,4,0,15,
05/01/2003 04:15:00,4,15,14.4,
05/01/2003 04:30:00,4,30,14.2,
05/01/2003 04:45:00,4,45,14.1,
05/01/2003 05:00:00,5,0,15,
05/01/2003 05:15:00,5,15,16.1,
05/01/2003 05:30:00,5,30,17.1,
05/01/2003 05:45:00,5,45,17.7,
05/01/2003 06:00:00,6,0,18.2,
05/01/2003 06:15:00,6,15,18.9,
05/01/2003 06:30:00,6,30,19.9,
05/01/2003 06:45:00,6,45,20.4,
05/01/2003 07:00:00,7,0,20.9,
05/01/2003 07:15:00,7,15,21.2,
05/01/2003 07:30:00,7,30,21.8,
05/01/2003 07:45:00,7,45,22,
05/01/2003 08:00:00,8,0,22.4,
05/01/2003 08:15:00,8,15,23.4,
05/01/2003 08:30:00,8,30,24.4,
05/01/2003 08:45:00,8,45,24.8,
05/01/2003 09:00:00,9,0,25.3,
05/01/2003 09:15:00,9,15,25.1,
05/01/2003 09:30:00,9,30,25.3,
05/01/2003 09:45:00,9,45,25.3,
05/01/2003 10:00:00,10,0,26,
05/01/2003 10:15:00,10,15,27.8,
05/01/2003 10:30:00,10,30,29.8,
05/01/2003 10:45:00,10,45,31.1,
05/01/2003 11:00:00,11,0,31.8,
05/01/2003 11:15:00,11,15,32.1,
05/01/2003 11:30:00,11,30,31.4,
05/01/2003 11:45:00,11,45,31.3,
05/01/2003 12:00:00,12,0,31.3,
05/01/2003 12:15:00,12,15,31.2,
05/01/2003 12:30:00,12,30,30,
05/01/2003 12:45:00,12,45,30.3,
05/01/2003 13:00:00,13,0,30.5,
05/01/2003 13:15:00,13,15,31.9,
05/01/2003 13:30:00,13,30,33.4,
05/01/2003 13:45:00,13,45,33.4,
05/01/2003 14:00:00,14,0,33.2,
05/01/2003 14:15:00,14,15,33.1,
05/01/2003 14:30:00,14,30,33.3,
05/01/2003 14:45:00,14,45,33,
05/01/2003 15:00:00,15,0,33.3,
05/01/2003 15:15:00,15,15,32.8,
05/01/2003 15:30:00,15,30,32.5,
05/01/2003 15:45:00,15,45,32.1,
05/01/2003 16:00:00,16,0,32,
05/01/2003 16:15:00,16,15,31.8,
05/01/2003 16:30:00,16,30,31.9,
05/01/2003 16:45:00,16,45,31.5,
05/01/2003 17:00:00,17,0,31.3,
05/01/2003 17:15:00,17,15,31.4,
05/01/2003 17:30:00,17,30,31.8,
05/01/2003 17:45:00,17,45,31.6,
05/01/2003 18:00:00,18,0,31.2,
05/01/2003 18:15:00,18,15,30.4,
05/01/2003 18:30:00,18,30,30.4,
05/01/2003 18:45:00,18,45,30.4,
05/01/2003 19:00:00,19,0,30.4,
05/01/2003 19:15:00,19,15,30.4,
05/01/2003 19:30:00,19,30,30.3,
05/01/2003 19:45:00,19,45,29.4,
05/01/2003 20:00:00,20,0,29.3,
05/01/2003 20:15:00,20,15,28.8,
05/01/2003 20:30:00,20,30,27.3,
05/01/2003 20:45:00,20,45,25,
05/01/2003 21:00:00,21,0,24.5,
05/01/2003 21:15:00,21,15,24.3,
05/01/2003 21:30:00,21,30,24.1,
05/01/2003 21:45:00,21,45,23.8,
05/01/2003 22:00:00,22,0,23.7,
05/01/2003 22:15:00,22,15,23.6,
05/01/2003 22:30:00,22,30,22.8,
05/01/2003 22:45:00,22,45,21.8,
05/01/2003 23:00:00,23,0,20.6,
05/01/2003 23:15:00,23,15,19.3,
05/01/2003 23:30:00,23,30,18.3,
05/01/2003 23:45:00,23,45,17.5,
05/02/2003 00:00:00,0,0,16.8,
05/02/2003 00:15:00,0,15,16.2,
05/02/2003 00:30:00,0,30,15.8,
05/02/2003 00:45:00,0,45,15.4,
05/02/2003 01:00:00,1,0,15,
05/02/2003 01:15:00,1,15,14.7,
05/02/2003 01:30:00,1,30,14.5,
05/02/2003 01:45:00,1,45,14.3,
05/02/2003 02:00:00,2,0,14.1,
05/02/2003 02:15:00,2,15,13.9,
05/02/2003 02:30:00,2,30,13.6,
05/02/2003 02:45:00,2,45,13.4,
05/02/2003 03:00:00,3,0,13.2,
05/02/2003 03:15:00,3,15,12.9,
05/02/2003 03:30:00,3,30,12.8,
05/02/2003 03:45:00,3,45,12.7,
05/02/2003 04:00:00,4,0,13.8,
05/02/2003 04:15:00,4,15,14.8,
05/02/2003 04:30:00,4,30,15.2,
05/02/2003 04:45:00,4,45,15.4,
05/02/2003 05:00:00,5,0,15.8,
05/02/2003 05:15:00,5,15,16.7,
05/02/2003 05:30:00,5,30,15.9,
05/02/2003 05:45:00,5,45,16,
05/02/2003 06:00:00,6,0,16.3,
05/02/2003 06:15:00,6,15,17,
05/02/2003 06:30:00,6,30,18,
05/02/2003 06:45:00,6,45,18.4,
05/02/2003 07:00:00,7,0,19.2,
05/02/2003 07:15:00,7,15,19.4,
05/02/2003 07:30:00,7,30,19.7,
05/02/2003 07:45:00,7,45,19.8,
05/02/2003 08:00:00,8,0,20.3,
05/02/2003 08:15:00,8,15,20.5,
05/02/2003 08:30:00,8,30,21.1,
05/02/2003 08:45:00,8,45,21.3,
05/02/2003 09:00:00,9,0,22,
05/02/2003 09:15:00,9,15,22.6,
05/02/2003 09:30:00,9,30,24,
05/02/2003 09:45:00,9,45,25.4,
05/02/2003 10:00:00,10,0,26.8,
05/02/2003 10:15:00,10,15,28.2,
05/02/2003 10:30:00,10,30,29.9,
05/02/2003 10:45:00,10,45,30.9,
05/02/2003 11:00:00,11,0,31.6,
05/02/2003 11:15:00,11,15,31.9,
05/02/2003 11:30:00,11,30,32.1,
05/02/2003 11:45:00,11,45,32.3,
05/02/2003 12:00:00,12,0,32.4,
05/02/2003 12:15:00,12,15,32.4,
05/02/2003 12:30:00,12,30,32.9,
05/02/2003 12:45:00,12,45,32.5,
05/02/2003 13:00:00,13,0,32.2,
05/02/2003 13:15:00,13,15,32.7,
05/02/2003 13:30:00,13,30,32.4,
05/02/2003 13:45:00,13,45,32.3,
05/02/2003 14:00:00,14,0,32,
05/02/2003 14:15:00,14,15,32.1,
05/02/2003 14:30:00,14,30,32.4,
05/02/2003 14:45:00,14,45,32.5,
05/02/2003 15:00:00,15,0,32.2,
05/02/2003 15:15:00,15,15,31.7,
05/02/2003 15:30:00,15,30,31.9,
05/02/2003 15:45:00,15,45,31.8,
05/02/2003 16:00:00,16,0,32,
05/02/2003 16:15:00,16,15,31.8,
05/02/2003 16:30:00,16,30,32,
05/02/2003 16:45:00,16,45,31.8,
05/02/2003 17:00:00,17,0,31.5,
05/02/2003 17:15:00,17,15,30.4,
05/02/2003 17:30:00,17,30,30,
05/02/2003 17:45:00,17,45,29.5,
05/02/2003 18:00:00,18,0,30,
05/02/2003 18:15:00,18,15,30.5,
05/02/2003 18:30:00,18,30,30.8,
05/02/2003 18:45:00,18,45,30.7,
05/02/2003 19:00:00,19,0,30.6,
05/02/2003 19:15:00,19,15,31.3,
05/02/2003 19:30:00,19,30,31.5,
05/02/2003 19:45:00,19,45,30.7,
05/02/2003 20:00:00,20,0,29.9,
05/02/2003 20:15:00,20,15,29.4,
05/02/2003 20:30:00,20,30,28.8,
05/02/2003 20:45:00,20,45,27.6,
05/02/2003 21:00:00,21,0,26.7,
05/02/2003 21:15:00,21,15,26,
05/02/2003 21:30:00,21,30,25.4,
05/02/2003 21:45:00,21,45,25,
05/02/2003 22:00:00,22,0,24.3,
05/02/2003 22:15:00,22,15,23.6,
05/02/2003 22:30:00,22,30,22.7,
05/02/2003 22:45:00,22,45,21.7,
05/02/2003 23:00:00,23,0,20.8,
05/02/2003 23:15:00,23,15,20.1,
05/02/2003 23:30:00,23,30,19.4,
05/02/2003 23:45:00,23,45,18.7,
05/03/2003 00:00:00,0,0,18.1,
05/03/2003 00:15:00,0,15,17.6,
05/03/2003 00:30:00,0,30,17.2,
05/03/2003 00:45:00,0,45,16.8,
05/03/2003 01:00:00,1,0,16.4,
05/03/2003 01:15:00,1,15,16,
05/03/2003 01:30:00,1,30,15.8,
05/03/2003 01:45:00,1,45,15.5,
05/03/2003 02:00:00,2,0,15.2,
05/03/2003 02:15:00,2,15,14.9,
05/03/2003 02:30:00,2,30,14.7,
05/03/2003 02:45:00,2,45,14.6,
05/03/2003 03:00:00,3,0,14.4,
05/03/2003 03:15:00,3,15,14.1,
05/03/2003 03:30:00,3,30,13.9,
05/03/2003 03:45:00,3,45,13.7,
05/03/2003 04:00:00,4,0,13.6,
05/03/2003 04:15:00,4,15,13.5,
05/03/2003 04:30:00,4,30,13.3,
05/03/2003 04:45:00,4,45,13.8,
05/03/2003 05:00:00,5,0,14.7,
05/03/2003 05:15:00,5,15,15.2,
05/03/2003 05:30:00,5,30,17.2,
05/03/2003 05:45:00,5,45,18.6,
05/03/2003 06:00:00,6,0,19,
05/03/2003 06:15:00,6,15,19.2,
05/03/2003 06:30:00,6,30,20,
05/03/2003 06:45:00,6,45,20.4,
05/03/2003 07:00:00,7,0,20.5,
05/03/2003 07:15:00,7,15,20.1,
05/03/2003 07:30:00,7,30,19.3,
05/03/2003 07:45:00,7,45,19.5,
05/03/2003 08:00:00,8,0,19.2,
05/03/2003 08:15:00,8,15,19.2,
05/03/2003 08:30:00,8,30,20.1,
05/03/2003 08:45:00,8,45,20.9,
05/03/2003 09:00:00,9,0,21.9,
05/03/2003 09:15:00,9,15,22.6,
05/03/2003 09:30:00,9,30,23.8,
05/03/2003 09:45:00,9,45,25.2,
05/03/2003 10:00:00,10,0,25.6,
05/03/2003 10:15:00,10,15,27.1,
05/03/2003 10:30:00,10,30,29.5,
05/03/2003 10:45:00,10,45,31.4,
05/03/2003 11:00:00,11,0,32.1,
05/03/2003 11:15:00,11,15,32.5,
05/03/2003 11:30:00,11,30,32.8,
05/03/2003 11:45:00,11,45,32.3,
05/03/2003 12:00:00,12,0,32.3,
05/03/2003 12:15:00,12,15,32.8,
05/03/2003 12:30:00,12,30,32.6,
05/03/2003 12:45:00,12,45,32.1,
05/03/2003 13:00:00,13,0,32.2,
05/03/2003 13:15:00,13,15,32.6,
05/03/2003 13:30:00,13,30,32.6,
05/03/2003 13:45:00,13,45,32.9,
05/03/2003 14:00:00,14,0,32.7,
05/03/2003 14:15:00,14,15,32.5,
05/03/2003 14:30:00,14,30,32.8,
05/03/2003 14:45:00,14,45,32.4,
05/03/2003 15:00:00,15,0,32.5,
05/03/2003 15:15:00,15,15,32.3,
05/03/2003 15:30:00,15,30,32.1,
05/03/2003 15:45:00,15,45,32.3,
05/03/2003 16:00:00,16,0,32,
05/03/2003 16:15:00,16,15,32.3,
05/03/2003 16:30:00,16,30,32.5,
05/03/2003 16:45:00,16,45,32.1,
05/03/2003 17:00:00,17,0,32.4,
05/03/2003 17:15:00,17,15,32.3,
05/03/2003 17:30:00,17,30,32.1,
05/03/2003 17:45:00,17,45,32.4,
05/03/2003 18:00:00,18,0,32.5,
05/03/2003 18:15:00,18,15,32.6,
05/03/2003 18:30:00,18,30,32.4,
05/03/2003 18:45:00,18,45,32.6,
05/03/2003 19:00:00,19,0,32.3,
05/03/2003 19:15:00,19,15,31.1,
05/03/2003 19:30:00,19,30,31.5,
05/03/2003 19:45:00,19,45,31.2,
05/03/2003 20:00:00,20,0,30.7,
05/03/2003 20:15:00,20,15,29.4,
05/03/2003 20:30:00,20,30,27.4,
05/03/2003 20:45:00,20,45,26.1,
05/03/2003 21:00:00,21,0,25,
05/03/2003 21:15:00,21,15,24.8,
05/03/2003 21:30:00,21,30,24.7,
05/03/2003 21:45:00,21,45,24.3,
05/03/2003 22:00:00,22,0,23.9,
05/03/2003 22:15:00,22,15,23.6,
05/03/2003 22:30:00,22,30,22.8,
05/03/2003 22:45:00,22,45,21.8,
05/03/2003 23:00:00,23,0,20.9,
05/03/2003 23:15:00,23,15,20.1,
05/03/2003 23:30:00,23,30,19.4,
05/03/2003 23:45:00,23,45,18.8,
05/04/2003 00:00:00,0,0,18,
05/04/2003 00:15:00,0,15,17.1,
05/04/2003 00:30:00,0,30,16.4,
05/04/2003 00:45:00,0,45,15.9,
05/04/2003 01:00:00,1,0,15.7,
05/04/2003 01:15:00,1,15,15.5,
05/04/2003 01:30:00,1,30,15.2,
05/04/2003 01:45:00,1,45,15.1,
05/04/2003 02:00:00,2,0,15.1,
05/04/2003 02:15:00,2,15,15.4,
05/04/2003 02:30:00,2,30,17,
05/04/2003 02:45:00,2,45,17.5,
05/04/2003 03:00:00,3,0,17.6,
05/04/2003 03:15:00,3,15,17.5,
05/04/2003 03:30:00,3,30,17.5,
05/04/2003 03:45:00,3,45,16.7,
05/04/2003 04:00:00,4,0,14.9,
05/04/2003 04:15:00,4,15,14.2,
05/04/2003 04:30:00,4,30,14,
05/04/2003 04:45:00,4,45,14.1,
05/04/2003 05:00:00,5,0,15,
05/04/2003 05:15:00,5,15,15.6,
05/04/2003 05:30:00,5,30,16.2,
05/04/2003 05:45:00,5,45,16.6,
05/04/2003 06:00:00,6,0,16.9,
05/04/2003 06:15:00,6,15,17.6,
05/04/2003 06:30:00,6,30,18.5,
05/04/2003 06:45:00,6,45,19.2,
05/04/2003 07:00:00,7,0,19.2,
05/04/2003 07:15:00,7,15,19.1,
05/04/2003 07:30:00,7,30,19.9,
05/04/2003 07:45:00,7,45,20.2,
05/04/2003 08:00:00,8,0,20.5,
05/04/2003 08:15:00,8,15,21.1,
05/04/2003 08:30:00,8,30,21.6,
05/04/2003 08:45:00,8,45,22.7,
05/04/2003 09:00:00,9,0,23.6,
05/04/2003 09:15:00,9,15,24.8,
05/04/2003 09:30:00,9,30,25.4,
05/04/2003 09:45:00,9,45,26,
05/04/2003 10:00:00,10,0,27.1,
05/04/2003 10:15:00,10,15,28.5,
05/04/2003 10:30:00,10,30,30.2,
05/04/2003 10:45:00,10,45,31.4,
05/04/2003 11:00:00,11,0,32.1,
05/04/2003 11:15:00,11,15,32.3,
05/04/2003 11:30:00,11,30,32.4,
05/04/2003 11:45:00,11,45,32.4,
05/04/2003 12:00:00,12,0,32.5,
05/04/2003 12:15:00,12,15,32.9,
05/04/2003 12:30:00,12,30,32.6,
05/04/2003 12:45:00,12,45,33,
05/04/2003 13:00:00,13,0,32.7,
05/04/2003 13:15:00,13,15,32.5,
05/04/2003 13:30:00,13,30,32.3,
05/04/2003 13:45:00,13,45,31.9,
05/04/2003 14:00:00,14,0,32.3,
05/04/2003 14:15:00,14,15,32.6,
05/04/2003 14:30:00,14,30,33,
05/04/2003 14:45:00,14,45,33.1,
05/04/2003 15:00:00,15,0,32.6,
05/04/2003 15:15:00,15,15,32.6,
05/04/2003 15:30:00,15,30,32.4,
05/04/2003 15:45:00,15,45,32.2,
05/04/2003 16:00:00,16,0,31.7,
05/04/2003 16:15:00,16,15,31.3,
05/04/2003 16:30:00,16,30,31.1,
05/04/2003 16:45:00,16,45,30.7,
05/04/2003 17:00:00,17,0,30.5,
05/04/2003 17:15:00,17,15,30.3,
05/04/2003 17:30:00,17,30,30.6,
05/04/2003 17:45:00,17,45,30.5,
05/04/2003 18:00:00,18,0,30.2,
05/04/2003 18:15:00,18,15,30.4,
05/04/2003 18:30:00,18,30,30.4,
05/04/2003 18:45:00,18,45,29.6,
05/04/2003 19:00:00,19,0,29.2,
05/04/2003 19:15:00,19,15,28.7,
05/04/2003 19:30:00,19,30,28.6,
05/04/2003 19:45:00,19,45,28.4,
05/04/2003 20:00:00,20,0,28.5,
05/04/2003 20:15:00,20,15,28.7,
05/04/2003 20:30:00,20,30,28.7,
05/04/2003 20:45:00,20,45,28.3,
05/04/2003 21:00:00,21,0,26.5,
05/04/2003 21:15:00,21,15,25,
05/04/2003 21:30:00,21,30,24.8,
05/04/2003 21:45:00,21,45,25.1,
05/04/2003 22:00:00,22,0,25.1,
05/04/2003 22:15:00,22,15,24.4,
05/04/2003 22:30:00,22,30,23.1,
05/04/2003 22:45:00,22,45,22.4,
05/04/2003 23:00:00,23,0,21.9,
05/04/2003 23:15:00,23,15,21.3,
05/04/2003 23:30:00,23,30,20.8,
05/04/2003 23:45:00,23,45,20.1,
05/05/2003 00:00:00,0,0,19.2,
05/05/2003 00:15:00,0,15,18,
05/05/2003 00:30:00,0,30,17.2,
05/05/2003 00:45:00,0,45,16.7,
05/05/2003 01:00:00,1,0,16.5,
05/05/2003 01:15:00,1,15,16.2,
05/05/2003 01:30:00,1,30,15.9,
05/05/2003 01:45:00,1,45,15.6,
05/05/2003 02:00:00,2,0,15.2,
05/05/2003 02:15:00,2,15,15,
05/05/2003 02:30:00,2,30,15,
05/05/2003 02:45:00,2,45,16.1,
05/05/2003 03:00:00,3,0,17,
05/05/2003 03:15:00,3,15,17.1,
05/05/2003 03:30:00,3,30,17.2,
05/05/2003 03:45:00,3,45,17,
05/05/2003 04:00:00,4,0,16.9,
05/05/2003 04:15:00,4,15,15.3,
05/05/2003 04:30:00,4,30,15.1,
05/05/2003 04:45:00,4,45,15.8,
05/05/2003 05:00:00,5,0,16.3,
05/05/2003 05:15:00,5,15,17.1,
05/05/2003 05:30:00,5,30,17.8,
05/05/2003 05:45:00,5,45,18.5,
05/05/2003 06:00:00,6,0,18.9,
05/05/2003 06:15:00,6,15,19.5,
05/05/2003 06:30:00,6,30,20.5,
05/05/2003 06:45:00,6,45,21.1,
05/05/2003 07:00:00,7,0,21.4,
05/05/2003 07:15:00,7,15,21.7,
05/05/2003 07:30:00,7,30,22.1,
05/05/2003 07:45:00,7,45,22.3,
05/05/2003 08:00:00,8,0,23.2,
05/05/2003 08:15:00,8,15,24.5,
05/05/2003 08:30:00,8,30,25.3,
05/05/2003 08:45:00,8,45,25.8,
05/05/2003 09:00:00,9,0,26.2,
05/05/2003 09:15:00,9,15,26.3,
05/05/2003 09:30:00,9,30,26.6,
05/05/2003 09:45:00,9,45,27,
05/05/2003 10:00:00,10,0,27.7,
05/05/2003 10:15:00,10,15,28.2,
05/05/2003 10:30:00,10,30,28.5,
05/05/2003 10:45:00,10,45,29.5,
05/05/2003 11:00:00,11,0,30.4,
05/05/2003 11:15:00,11,15,31.1,
05/05/2003 11:30:00,11,30,31.2,
05/05/2003 11:45:00,11,45,30.3,
05/05/2003 12:00:00,12,0,30.6,
05/05/2003 12:15:00,12,15,31.5,
05/05/2003 12:30:00,12,30,31.2,
05/05/2003 12:45:00,12,45,29.3,
05/05/2003 13:00:00,13,0,29.2,
05/05/2003 13:15:00,13,15,29.6,
05/05/2003 13:30:00,13,30,30.7,
05/05/2003 13:45:00,13,45,31.2,
05/05/2003 14:00:00,14,0,31.3,
05/05/2003 14:15:00,14,15,31,
05/05/2003 14:30:00,14,30,30.5,
05/05/2003 14:45:00,14,45,31.5,
05/05/2003 15:00:00,15,0,31.7,
05/05/2003 15:15:00,15,15,31.3,
05/05/2003 15:30:00,15,30,31.6,
05/05/2003 15:45:00,15,45,31.7,
05/05/2003 16:00:00,16,0,31.9,
05/05/2003 16:15:00,16,15,31.8,
05/05/2003 16:30:00,16,30,32,
05/05/2003 16:45:00,16,45,32.1,
05/05/2003 17:00:00,17,0,32.1,
05/05/2003 17:15:00,17,15,32.5,
05/05/2003 17:30:00,17,30,32.3,
05/05/2003 17:45:00,17,45,32.1,
05/05/2003 18:00:00,18,0,32.2,
05/05/2003 18:15:00,18,15,32.2,
05/05/2003 18:30:00,18,30,31.7,
05/05/2003 18:45:00,18,45,31.6,
05/05/2003 19:00:00,19,0,31.5,
05/05/2003 19:15:00,19,15,30.8,
05/05/2003 19:30:00,19,30,30.4,
05/05/2003 19:45:00,19,45,30.3,
05/05/2003 20:00:00,20,0,29.7,
05/05/2003 20:15:00,20,15,29.8,
05/05/2003 20:30:00,20,30,29.7,
05/05/2003 20:45:00,20,45,29.8,
05/05/2003 21:00:00,21,0,28.9,
05/05/2003 21:15:00,21,15,27,
05/05/2003 21:30:00,21,30,26.3,
05/05/2003 21:45:00,21,45,25.9,
05/05/2003 22:00:00,22,0,25.9,
05/05/2003 22:15:00,22,15,25.6,
05/05/2003 22:30:00,22,30,24.6,
05/05/2003 22:45:00,22,45,23.7,
05/05/2003 23:00:00,23,0,23,
05/05/2003 23:15:00,23,15,22.5,
05/05/2003 23:30:00,23,30,21.7,
05/05/2003 23:45:00,23,45,20.6,
05/06/2003 00:00:00,0,0,19.4,
05/06/2003 00:15:00,0,15,18.5,
05/06/2003 00:30:00,0,30,17.9,
05/06/2003 00:45:00,0,45,17.5,
05/06/2003 01:00:00,1,0,17.2,
05/06/2003 01:15:00,1,15,16.9,
05/06/2003 01:30:00,1,30,16.7,
05/06/2003 01:45:00,1,45,16.5,
05/06/2003 02:00:00,2,0,16.4,
05/06/2003 02:15:00,2,15,17.8,
05/06/2003 02:30:00,2,30,18.2,
05/06/2003 02:45:00,2,45,18.1,
05/06/2003 03:00:00,3,0,18,
05/06/2003 03:15:00,3,15,17.7,
05/06/2003 03:30:00,3,30,16.9,
05/06/2003 03:45:00,3,45,15.2,
05/06/2003 04:00:00,4,0,14.6,
05/06/2003 04:15:00,4,15,14.4,
05/06/2003 04:30:00,4,30,14.8,
05/06/2003 04:45:00,4,45,15.2,
05/06/2003 05:00:00,5,0,16,
05/06/2003 05:15:00,5,15,16.8,
05/06/2003 05:30:00,5,30,17.4,
05/06/2003 05:45:00,5,45,17.8,
05/06/2003 06:00:00,6,0,18.3,
05/06/2003 06:15:00,6,15,19,
05/06/2003 06:30:00,6,30,20.2,
05/06/2003 06:45:00,6,45,20.8,
05/06/2003 07:00:00,7,0,20.9,
05/06/2003 07:15:00,7,15,21.3,
05/06/2003 07:30:00,7,30,21.8,
05/06/2003 07:45:00,7,45,22.5,
05/06/2003 08:00:00,8,0,23.8,
05/06/2003 08:15:00,8,15,24.7,
05/06/2003 08:30:00,8,30,25.7,
05/06/2003 08:45:00,8,45,26.5,
05/06/2003 09:00:00,9,0,26.8,
05/06/2003 09:15:00,9,15,27.1,
05/06/2003 09:30:00,9,30,27.6,
05/06/2003 09:45:00,9,45,27.5,
05/06/2003 10:00:00,10,0,28.5,
05/06/2003 10:15:00,10,15,30.2,
05/06/2003 10:30:00,10,30,31.8,
05/06/2003 10:45:00,10,45,32.3,
05/06/2003 11:00:00,11,0,32.7,
05/06/2003 11:15:00,11,15,32.5,
05/06/2003 11:30:00,11,30,32.6,
05/06/2003 11:45:00,11,45,32.3,
05/06/2003 12:00:00,12,0,32.2,
05/06/2003 12:15:00,12,15,32.5,
05/06/2003 12:30:00,12,30,32.8,
05/06/2003 12:45:00,12,45,33,
05/06/2003 13:00:00,13,0,32.5,
05/06/2003 13:15:00,13,15,32.3,
05/06/2003 13:30:00,13,30,31.9,
05/06/2003 13:45:00,13,45,31.9,
05/06/2003 14:00:00,14,0,32.4,
05/06/2003 14:15:00,14,15,33.4,
05/06/2003 14:30:00,14,30,33.8,
05/06/2003 14:45:00,14,45,33.8,
05/06/2003 15:00:00,15,0,33.5,
05/06/2003 15:15:00,15,15,33.7,
05/06/2003 15:30:00,15,30,33.8,
05/06/2003 15:45:00,15,45,33.9,
05/06/2003 16:00:00,16,0,33.8,
05/06/2003 16:15:00,16,15,33.7,
05/06/2003 16:30:00,16,30,33.8,
05/06/2003 16:45:00,16,45,33.7,
05/06/2003 17:00:00,17,0,33.5,
05/06/2003 17:15:00,17,15,32.7,
05/06/2003 17:30:00,17,30,32.7,
05/06/2003 17:45:00,17,45,32.7,
05/06/2003 18:00:00,18,0,31.1,
05/06/2003 18:15:00,18,15,30.5,
05/06/2003 18:30:00,18,30,30.6,
05/06/2003 18:45:00,18,45,29.5,
05/06/2003 19:00:00,19,0,28.7,
05/06/2003 19:15:00,19,15,28.9,
05/06/2003 19:30:00,19,30,29,
05/06/2003 19:45:00,19,45,28.6,
05/06/2003 20:00:00,20,0,28.8,
05/06/2003 20:15:00,20,15,29.2,
05/06/2003 20:30:00,20,30,30.1,
05/06/2003 20:45:00,20,45,30.7,
05/06/2003 21:00:00,21,0,30.6,
05/06/2003 21:15:00,21,15,30.3,
05/06/2003 21:30:00,21,30,29.9,
05/06/2003 21:45:00,21,45,29.4,
05/06/2003 22:00:00,22,0,29,
05/06/2003 22:15:00,22,15,28.3,
05/06/2003 22:30:00,22,30,27.5,
05/06/2003 22:45:00,22,45,26.7,
05/06/2003 23:00:00,23,0,25.8,
05/06/2003 23:15:00,23,15,24.4,
05/06/2003 23:30:00,23,30,21.7,
05/06/2003 23:45:00,23,45,20.3,
05/07/2003 00:00:00,0,0,19.3,
05/07/2003 00:15:00,0,15,18.4,
05/07/2003 00:30:00,0,30,17.8,
05/07/2003 00:45:00,0,45,17.3,
05/07/2003 01:00:00,1,0,17.1,
05/07/2003 01:15:00,1,15,16.7,
05/07/2003 01:30:00,1,30,16.3,
05/07/2003 01:45:00,1,45,16,
05/07/2003 02:00:00,2,0,15.9,
05/07/2003 02:15:00,2,15,15.5,
05/07/2003 02:30:00,2,30,15.3,
05/07/2003 02:45:00,2,45,15.3,
05/07/2003 03:00:00,3,0,15.3,
05/07/2003 03:15:00,3,15,15.2,
05/07/2003 03:30:00,3,30,15,
05/07/2003 03:45:00,3,45,14.8,
05/07/2003 04:00:00,4,0,14.8,
05/07/2003 04:15:00,4,15,14.7,
05/07/2003 04:30:00,4,30,14.9,
05/07/2003 04:45:00,4,45,15.5,
05/07/2003 05:00:00,5,0,16.2,
05/07/2003 05:15:00,5,15,17.1,
05/07/2003 05:30:00,5,30,17.6,
05/07/2003 05:45:00,5,45,18,
05/07/2003 06:00:00,6,0,18.7,
05/07/2003 06:15:00,6,15,20.9,
05/07/2003 06:30:00,6,30,22,
05/07/2003 06:45:00,6,45,22.3,
05/07/2003 07:00:00,7,0,22.2,
05/07/2003 07:15:00,7,15,22.3,
05/07/2003 07:30:00,7,30,22.6,
05/07/2003 07:45:00,7,45,22.6,
05/07/2003 08:00:00,8,0,23.6,
05/07/2003 08:15:00,8,15,23.8,
05/07/2003 08:30:00,8,30,23.8,
05/07/2003 08:45:00,8,45,24.2,
05/07/2003 09:00:00,9,0,25.1,
05/07/2003 09:15:00,9,15,25.8,
05/07/2003 09:30:00,9,30,26.3,
05/07/2003 09:45:00,9,45,26.8,
05/07/2003 10:00:00,10,0,27.8,
05/07/2003 10:15:00,10,15,28.6,
05/07/2003 10:30:00,10,30,28.2,
05/07/2003 10:45:00,10,45,29,
05/07/2003 11:00:00,11,0,31,
05/07/2003 11:15:00,11,15,31.5,
05/07/2003 11:30:00,11,30,31.4,
05/07/2003 11:45:00,11,45,31.6,
05/07/2003 12:00:00,12,0,31.3,
05/07/2003 12:15:00,12,15,31.6,
05/07/2003 12:30:00,12,30,31.7,
05/07/2003 12:45:00,12,45,31.4,
05/07/2003 13:00:00,13,0,30.9,
05/07/2003 13:15:00,13,15,31.2,
05/07/2003 13:30:00,13,30,31.4,
05/07/2003 13:45:00,13,45,32,
05/07/2003 14:00:00,14,0,32.6,
05/07/2003 14:15:00,14,15,31.8,
05/07/2003 14:30:00,14,30,32.5,
05/07/2003 14:45:00,14,45,33.5,
05/07/2003 15:00:00,15,0,33.4,
05/07/2003 15:15:00,15,15,33.9,
05/07/2003 15:30:00,15,30,33.4,
05/07/2003 15:45:00,15,45,33.5,
05/07/2003 16:00:00,16,0,33.5,
05/07/2003 16:15:00,16,15,33.3,
05/07/2003 16:30:00,16,30,33.4,
05/07/2003 16:45:00,16,45,33.4,
05/07/2003 17:00:00,17,0,33.1,
05/07/2003 17:15:00,17,15,33.5,
05/07/2003 17:30:00,17,30,34.7,
05/07/2003 17:45:00,17,45,34.8,
05/07/2003 18:00:00,18,0,34.9,
05/07/2003 18:15:00,18,15,35,
05/07/2003 18:30:00,18,30,34.8,
05/07/2003 18:45:00,18,45,34.8,
05/07/2003 19:00:00,19,0,35.1,
05/07/2003 19:15:00,19,15,35.2,
05/07/2003 19:30:00,19,30,35.5,
05/07/2003 19:45:00,19,45,35.9,
05/07/2003 20:00:00,20,0,35.1,
05/07/2003 20:15:00,20,15,32.1,
05/07/2003 20:30:00,20,30,31.3,
05/07/2003 20:45:00,20,45,30.3,
05/07/2003 21:00:00,21,0,29,
05/07/2003 21:15:00,21,15,26.9,
05/07/2003 21:30:00,21,30,26.1,
05/07/2003 21:45:00,21,45,25.4,
05/07/2003 22:00:00,22,0,24.8,
05/07/2003 22:15:00,22,15,24.2,
05/07/2003 22:30:00,22,30,23.6,
05/07/2003 22:45:00,22,45,23.2,
05/07/2003 23:00:00,23,0,22.7,
05/07/2003 23:15:00,23,15,22.2,
05/07/2003 23:30:00,23,30,21.6,
05/07/2003 23:45:00,23,45,20.7,
05/08/2003 00:00:00,0,0,19.6,
05/08/2003 00:15:00,0,15,18.6,
05/08/2003 00:30:00,0,30,17.8,
05/08/2003 00:45:00,0,45,17.2,
05/08/2003 01:00:00,1,0,16.8,
05/08/2003 01:15:00,1,15,16.3,
05/08/2003 01:30:00,1,30,15.9,
05/08/2003 01:45:00,1,45,15.6,
05/08/2003 02:00:00,2,0,15.2,
05/08/2003 02:15:00,2,15,15,
05/08/2003 02:30:00,2,30,14.7,
05/08/2003 02:45:00,2,45,14.7,
05/08/2003 03:00:00,3,0,16.1,
05/08/2003 03:15:00,3,15,16.7,
05/08/2003 03:30:00,3,30,17,
05/08/2003 03:45:00,3,45,17.1,
05/08/2003 04:00:00,4,0,17.7,
05/08/2003 04:15:00,4,15,17.2,
05/08/2003 04:30:00,4,30,15.9,
05/08/2003 04:45:00,4,45,16,
05/08/2003 05:00:00,5,0,16.5,
05/08/2003 05:15:00,5,15,17,
05/08/2003 05:30:00,5,30,17.6,
05/08/2003 05:45:00,5,45,18.5,
05/08/2003 06:00:00,6,0,19.3,
05/08/2003 06:15:00,6,15,20.1,
05/08/2003 06:30:00,6,30,21.3,
05/08/2003 06:45:00,6,45,21.9,
05/08/2003 07:00:00,7,0,22.1,
05/08/2003 07:15:00,7,15,22.2,
05/08/2003 07:30:00,7,30,22,
05/08/2003 07:45:00,7,45,22,
05/08/2003 08:00:00,8,0,22.3,
05/08/2003 08:15:00,8,15,23.4,
05/08/2003 08:30:00,8,30,23.9,
05/08/2003 08:45:00,8,45,24,
05/08/2003 09:00:00,9,0,24.2,
05/08/2003 09:15:00,9,15,24.4,
05/08/2003 09:30:00,9,30,24.8,
05/08/2003 09:45:00,9,45,25.2,
05/08/2003 10:00:00,10,0,26.8,
05/08/2003 10:15:00,10,15,28.6,
05/08/2003 10:30:00,10,30,30.5,
05/08/2003 10:45:00,10,45,31.3,
05/08/2003 11:00:00,11,0,31.4,
05/08/2003 11:15:00,11,15,31.4,
05/08/2003 11:30:00,11,30,31.7,
05/08/2003 11:45:00,11,45,32.1,
05/08/2003 12:00:00,12,0,32.3,
05/08/2003 12:15:00,12,15,32.3,
05/08/2003 12:30:00,12,30,32.4,
05/08/2003 12:45:00,12,45,33.8,
05/08/2003 13:00:00,13,0,34.8,
05/08/2003 13:15:00,13,15,35.1,
05/08/2003 13:30:00,13,30,35,
05/08/2003 13:45:00,13,45,35.1,
05/08/2003 14:00:00,14,0,35.3,
05/08/2003 14:15:00,14,15,35.6,
05/08/2003 14:30:00,14,30,36.1,
05/08/2003 14:45:00,14,45,36.3,
05/08/2003 15:00:00,15,0,36,
05/08/2003 15:15:00,15,15,35.5,
05/08/2003 15:30:00,15,30,35.1,
05/08/2003 15:45:00,15,45,34.5,
05/08/2003 16:00:00,16,0,34.5,
05/08/2003 16:15:00,16,15,34.3,
05/08/2003 16:30:00,16,30,34.2,
05/08/2003 16:45:00,16,45,34,
05/08/2003 17:00:00,17,0,33.8,
05/08/2003 17:15:00,17,15,33.8,
05/08/2003 17:30:00,17,30,33.7,
05/08/2003 17:45:00,17,45,33.6,
05/08/2003 18:00:00,18,0,33.5,
05/08/2003 18:15:00,18,15,33.3,
05/08/2003 18:30:00,18,30,30.8,
05/08/2003 18:45:00,18,45,30.1,
05/08/2003 19:00:00,19,0,30.1,
05/08/2003 19:15:00,19,15,29.6,
05/08/2003 19:30:00,19,30,29.4,
05/08/2003 19:45:00,19,45,29.2,
05/08/2003 20:00:00,20,0,28.9,
05/08/2003 20:15:00,20,15,28.7,
05/08/2003 20:30:00,20,30,26.7,
05/08/2003 20:45:00,20,45,25.5,
05/08/2003 21:00:00,21,0,24.5,
05/08/2003 21:15:00,21,15,23.8,
05/08/2003 21:30:00,21,30,23.3,
05/08/2003 21:45:00,21,45,22.9,
05/08/2003 22:00:00,22,0,22.4,
05/08/2003 22:15:00,22,15,22.1,
05/08/2003 22:30:00,22,30,21.6,
05/08/2003 22:45:00,22,45,21,
05/08/2003 23:00:00,23,0,20.4,
05/08/2003 23:15:00,23,15,19.8,
05/08/2003 23:30:00,23,30,19.2,
05/08/2003 23:45:00,23,45,18.8,
05/09/2003 00:00:00,0,0,18.3,
05/09/2003 00:15:00,0,15,17.3,
05/09/2003 00:30:00,0,30,16.5,
05/09/2003 00:45:00,0,45,16.6,
05/09/2003 01:00:00,1,0,16.8,
05/09/2003 01:15:00,1,15,16.6,
05/09/2003 01:30:00,1,30,16.6,
05/09/2003 01:45:00,1,45,16.4,
05/09/2003 02:00:00,2,0,17.1,
05/09/2003 02:15:00,2,15,18.2,
05/09/2003 02:30:00,2,30,18.4,
05/09/2003 02:45:00,2,45,18.3,
05/09/2003 03:00:00,3,0,18.3,
05/09/2003 03:15:00,3,15,18.3,
05/09/2003 03:30:00,3,30,17.2,
05/09/2003 03:45:00,3,45,15.8,
05/09/2003 04:00:00,4,0,15.3,
05/09/2003 04:15:00,4,15,15,
05/09/2003 04:30:00,4,30,15.3,
05/09/2003 04:45:00,4,45,16,
05/09/2003 05:00:00,5,0,16.6,
05/09/2003 05:15:00,5,15,16.8,
05/09/2003 05:30:00,5,30,17.4,
05/09/2003 05:45:00,5,45,18.5,
05/09/2003 06:00:00,6,0,19.4,
05/09/2003 06:15:00,6,15,20.4,
05/09/2003 06:30:00,6,30,21.3,
05/09/2003 06:45:00,6,45,21.5,
05/09/2003 07:00:00,7,0,22.2,
05/09/2003 07:15:00,7,15,22.2,
05/09/2003 07:30:00,7,30,22.1,
05/09/2003 07:45:00,7,45,22.1,
05/09/2003 08:00:00,8,0,23.1,
05/09/2003 08:15:00,8,15,23.7,
05/09/2003 08:30:00,8,30,23.4,
05/09/2003 08:45:00,8,45,23.3,
05/09/2003 09:00:00,9,0,23.3,
05/09/2003 09:15:00,9,15,23.4,
05/09/2003 09:30:00,9,30,23.8,
05/09/2003 09:45:00,9,45,24,
05/09/2003 10:00:00,10,0,24,
05/09/2003 10:15:00,10,15,22.7,
05/09/2003 10:30:00,10,30,22.6,
05/09/2003 10:45:00,10,45,22.8,
05/09/2003 11:00:00,11,0,22.9,
05/09/2003 11:15:00,11,15,22.7,
05/09/2003 11:30:00,11,30,22.8,
05/09/2003 11:45:00,11,45,22.7,
05/09/2003 12:00:00,12,0,22.8,
05/09/2003 12:15:00,12,15,22.7,
05/09/2003 12:30:00,12,30,22.3,
05/09/2003 12:45:00,12,45,22,
05/09/2003 13:00:00,13,0,21.8,
05/09/2003 13:15:00,13,15,22.1,
05/09/2003 13:30:00,13,30,22.1,
05/09/2003 13:45:00,13,45,23,
05/09/2003 14:00:00,14,0,23.6,
05/09/2003 14:15:00,14,15,23.8,
05/09/2003 14:30:00,14,30,24.1,
05/09/2003 14:45:00,14,45,24.4,
05/09/2003 15:00:00,15,0,24.7,
05/09/2003 15:15:00,15,15,24.7,
05/09/2003 15:30:00,15,30,24.7,
05/09/2003 15:45:00,15,45,24.6,
05/09/2003 16:00:00,16,0,22.1,
05/09/2003 16:15:00,16,15,21.9,
05/09/2003 16:30:00,16,30,22.2,
05/09/2003 16:45:00,16,45,22,
05/09/2003 17:00:00,17,0,21.9,
05/09/2003 17:15:00,17,15,22,
05/09/2003 17:30:00,17,30,21.9,
05/09/2003 17:45:00,17,45,21.8,
05/09/2003 18:00:00,18,0,21.9,
05/09/2003 18:15:00,18,15,21.8,
05/09/2003 18:30:00,18,30,21.8,
05/09/2003 18:45:00,18,45,22,
05/09/2003 19:00:00,19,0,21.9,
05/09/2003 19:15:00,19,15,22,
05/09/2003 19:30:00,19,30,21.9,
05/09/2003 19:45:00,19,45,22.4,
05/09/2003 20:00:00,20,0,22.6,
05/09/2003 20:15:00,20,15,22.7,
05/09/2003 20:30:00,20,30,22.6,
05/09/2003 20:45:00,20,45,22.3,
05/09/2003 21:00:00,21,0,22.2,
05/09/2003 21:15:00,21,15,22.1,
05/09/2003 21:30:00,21,30,22.1,
05/09/2003 21:45:00,21,45,21.2,
05/09/2003 22:00:00,22,0,21.1,
05/09/2003 22:15:00,22,15,20.8,
05/09/2003 22:30:00,22,30,20,
05/09/2003 22:45:00,22,45,19,
05/09/2003 23:00:00,23,0,18.4,
05/09/2003 23:15:00,23,15,17.8,
05/09/2003 23:30:00,23,30,17.5,
05/09/2003 23:45:00,23,45,17.2,
05/10/2003 00:00:00,0,0,16.8,
05/10/2003 09:30:00,9,30,22.5,
05/10/2003 09:45:00,9,45,22.5,
05/10/2003 10:00:00,10,0,22.3,
05/10/2003 10:15:00,10,15,22.4,
05/10/2003 10:30:00,10,30,23.6,
05/10/2003 10:45:00,10,45,24,
05/10/2003 11:00:00,11,0,24,
05/10/2003 11:15:00,11,15,23.9,
05/10/2003 11:30:00,11,30,24.3,
05/10/2003 11:45:00,11,45,24.6,
05/10/2003 12:00:00,12,0,24.7,
05/10/2003 12:15:00,12,15,25.2,
05/10/2003 12:30:00,12,30,25.9,
05/10/2003 12:45:00,12,45,26.5,
05/10/2003 13:00:00,13,0,25.6,
05/10/2003 13:15:00,13,15,24.1,
05/10/2003 13:30:00,13,30,23.7,
05/10/2003 13:45:00,13,45,24.2,
05/10/2003 14:00:00,14,0,25.3,
05/10/2003 14:15:00,14,15,25.6,
05/10/2003 14:30:00,14,30,25.3,
05/10/2003 14:45:00,14,45,24.6,
05/10/2003 15:00:00,15,0,23.5,
05/10/2003 15:15:00,15,15,23.2,
05/10/2003 15:30:00,15,30,23.6,
05/10/2003 15:45:00,15,45,24.4,
05/10/2003 16:00:00,16,0,25.1,
05/10/2003 16:15:00,16,15,26.3,
05/10/2003 16:30:00,16,30,26.9,
05/10/2003 16:45:00,16,45,27.1,
05/10/2003 17:00:00,17,0,27.7,
05/10/2003 17:15:00,17,15,28.4,
05/10/2003 17:30:00,17,30,28.2,
05/10/2003 17:45:00,17,45,27.5,
05/10/2003 18:00:00,18,0,27.1,
05/10/2003 18:15:00,18,15,26.7,
05/10/2003 18:30:00,18,30,26.6,
05/10/2003 18:45:00,18,45,26.8,
05/10/2003 19:00:00,19,0,27.8,
05/10/2003 19:15:00,19,15,27.5,
05/10/2003 19:30:00,19,30,25.6,
05/10/2003 19:45:00,19,45,24.7,
05/10/2003 20:00:00,20,0,23.9,
05/10/2003 20:15:00,20,15,23.3,
05/10/2003 20:30:00,20,30,22.9,
05/10/2003 20:45:00,20,45,22.8,
05/10/2003 21:00:00,21,0,22.7,
05/10/2003 21:15:00,21,15,22.4,
05/10/2003 21:30:00,21,30,22.2,
05/10/2003 21:45:00,21,45,22,
05/10/2003 22:00:00,22,0,22,
05/10/2003 22:15:00,22,15,21.7,
05/10/2003 22:30:00,22,30,20.9,
05/10/2003 22:45:00,22,45,20.3,
05/10/2003 23:00:00,23,0,19.8,
05/10/2003 23:15:00,23,15,19.4,
05/10/2003 23:30:00,23,30,19.2,
05/10/2003 23:45:00,23,45,19,
05/11/2003 00:00:00,0,0,19.7,
05/11/2003 00:15:00,0,15,19.1,
05/11/2003 00:30:00,0,30,18.3,
05/11/2003 00:45:00,0,45,17.8,
05/11/2003 01:00:00,1,0,17.3,
05/11/2003 01:15:00,1,15,16,
05/11/2003 01:30:00,1,30,14.7,
05/11/2003 01:45:00,1,45,14.6,
05/11/2003 02:00:00,2,0,14.7,
05/11/2003 02:15:00,2,15,14.7,
05/11/2003 02:30:00,2,30,14.7,
05/11/2003 02:45:00,2,45,14.6,
05/11/2003 03:00:00,3,0,14.9,
05/11/2003 03:15:00,3,15,15.1,
05/11/2003 03:30:00,3,30,15.3,
05/11/2003 03:45:00,3,45,15.4,
05/11/2003 04:00:00,4,0,15.4,
05/11/2003 04:15:00,4,15,15.4,
05/11/2003 04:30:00,4,30,15.7,
05/11/2003 04:45:00,4,45,16.2,
05/11/2003 05:00:00,5,0,16.6,
05/11/2003 05:15:00,5,15,17,
05/11/2003 05:30:00,5,30,17.6,
05/11/2003 05:45:00,5,45,18.7,
05/11/2003 06:00:00,6,0,19.8,
05/11/2003 06:15:00,6,15,20.7,
05/11/2003 06:30:00,6,30,22,
05/11/2003 06:45:00,6,45,22.9,
05/11/2003 07:00:00,7,0,23.5,
05/11/2003 07:15:00,7,15,23.4,
05/11/2003 07:30:00,7,30,23.2,
05/11/2003 07:45:00,7,45,23.1,
05/11/2003 08:00:00,8,0,23.1,
05/11/2003 08:15:00,8,15,22.9,
05/11/2003 08:30:00,8,30,22.8,
05/11/2003 08:45:00,8,45,22.4,
05/11/2003 09:00:00,9,0,21.9,
05/11/2003 09:15:00,9,15,22.2,
05/11/2003 09:30:00,9,30,21.9,
05/11/2003 09:45:00,9,45,21.9,
05/11/2003 10:00:00,10,0,21.8,
05/11/2003 10:15:00,10,15,21.9,
05/11/2003 10:30:00,10,30,22,
05/11/2003 10:45:00,10,45,21.7,
05/11/2003 11:00:00,11,0,21.7,
05/11/2003 11:15:00,11,15,22.3,
05/11/2003 11:30:00,11,30,22,
05/11/2003 11:45:00,11,45,22.2,
05/11/2003 12:00:00,12,0,22.2,
05/11/2003 12:15:00,12,15,21.9,
05/11/2003 12:30:00,12,30,22.6,
05/11/2003 12:45:00,12,45,23,
05/11/2003 13:00:00,13,0,22.5,
05/11/2003 13:15:00,13,15,22.1,
05/11/2003 13:30:00,13,30,22.1,
05/11/2003 13:45:00,13,45,22,
05/11/2003 14:00:00,14,0,22.2,
05/11/2003 14:15:00,14,15,21.4,
05/11/2003 14:30:00,14,30,20.9,
05/11/2003 14:45:00,14,45,21,
05/11/2003 15:00:00,15,0,21.1,
05/11/2003 15:15:00,15,15,21.3,
05/11/2003 15:30:00,15,30,21.3,
05/11/2003 15:45:00,15,45,21.1,
05/11/2003 16:00:00,16,0,21.3,
05/11/2003 16:15:00,16,15,21.3,
05/11/2003 16:30:00,16,30,21.4,
05/11/2003 16:45:00,16,45,21.9,
05/11/2003 17:00:00,17,0,22.1,
05/11/2003 17:15:00,17,15,22.1,
05/11/2003 17:30:00,17,30,22,
05/11/2003 17:45:00,17,45,22.2,
05/11/2003 18:00:00,18,0,22.6,
05/11/2003 18:15:00,18,15,23.2,
05/11/2003 18:30:00,18,30,23.3,
05/11/2003 18:45:00,18,45,23.2,
05/11/2003 19:00:00,19,0,23.2,
05/11/2003 19:15:00,19,15,23,
05/11/2003 19:30:00,19,30,22.9,
05/11/2003 19:45:00,19,45,22.5,
05/11/2003 20:00:00,20,0,21.5,
05/11/2003 20:15:00,20,15,21.8,
05/11/2003 20:30:00,20,30,22.1,
05/11/2003 20:45:00,20,45,22.1,
05/11/2003 21:00:00,21,0,21.9,
05/11/2003 21:15:00,21,15,21.8,
05/11/2003 21:30:00,21,30,21.6,
05/11/2003 21:45:00,21,45,21.4,
05/11/2003 22:00:00,22,0,21.4,
05/11/2003 22:15:00,22,15,20.9,
05/11/2003 22:30:00,22,30,19.9,
05/11/2003 22:45:00,22,45,18.8,
05/11/2003 23:00:00,23,0,18.1,
05/11/2003 23:15:00,23,15,17.5,
05/11/2003 23:30:00,23,30,17.1,
05/11/2003 23:45:00,23,45,16.8,
05/12/2003 00:00:00,0,0,16.5,
05/12/2003 00:15:00,0,15,16.1,
05/12/2003 00:30:00,0,30,15.7,
05/12/2003 00:45:00,0,45,15.5,
05/12/2003 01:00:00,1,0,15.5,
05/12/2003 01:15:00,1,15,15.7,
05/12/2003 01:30:00,1,30,16.8,
05/12/2003 01:45:00,1,45,17.2,
05/12/2003 02:00:00,2,0,17.4,
05/12/2003 02:15:00,2,15,17.2,
05/12/2003 02:30:00,2,30,17.1,
05/12/2003 02:45:00,2,45,16.2,
05/12/2003 03:00:00,3,0,15,
05/12/2003 03:15:00,3,15,14.7,
05/12/2003 03:30:00,3,30,14.5,
05/12/2003 03:45:00,3,45,14.5,
05/12/2003 04:00:00,4,0,14.6,
05/12/2003 04:15:00,4,15,14.7,
05/12/2003 04:30:00,4,30,15.1,
05/12/2003 04:45:00,4,45,15.6,
05/12/2003 05:00:00,5,0,15.8,
05/12/2003 05:15:00,5,15,16.1,
05/12/2003 05:30:00,5,30,16.9,
05/12/2003 05:45:00,5,45,17.7,
05/12/2003 06:00:00,6,0,18.2,
05/12/2003 06:15:00,6,15,19.1,
05/12/2003 06:30:00,6,30,19.9,
05/12/2003 06:45:00,6,45,20.6,
05/12/2003 07:00:00,7,0,20.7,
05/12/2003 07:15:00,7,15,20.7,
05/12/2003 07:30:00,7,30,20.9,
05/12/2003 07:45:00,7,45,21.2,
05/12/2003 08:00:00,8,0,22.1,
05/12/2003 08:15:00,8,15,22.8,
05/12/2003 08:30:00,8,30,23,
05/12/2003 08:45:00,8,45,23.2,
05/12/2003 09:00:00,9,0,23.1,
05/12/2003 09:15:00,9,15,23.2,
05/12/2003 09:30:00,9,30,23.2,
05/12/2003 09:45:00,9,45,22.9,
05/12/2003 10:00:00,10,0,22,
05/12/2003 10:15:00,10,15,22.9,
05/12/2003 10:30:00,10,30,24.1,
05/12/2003 10:45:00,10,45,24.9,
05/12/2003 11:00:00,11,0,25.8,
05/12/2003 11:15:00,11,15,26.5,
05/12/2003 11:30:00,11,30,27,
05/12/2003 11:45:00,11,45,27.7,
05/12/2003 12:00:00,12,0,29.3,
05/12/2003 12:15:00,12,15,31.5,
05/12/2003 12:30:00,12,30,32.2,
05/12/2003 12:45:00,12,45,32.8,
05/12/2003 13:00:00,13,0,32.7,
05/12/2003 13:15:00,13,15,33.2,
05/12/2003 13:30:00,13,30,34.9,
05/12/2003 13:45:00,13,45,35.3,
05/12/2003 14:00:00,14,0,35.4,
05/12/2003 14:15:00,14,15,35.1,
05/12/2003 14:30:00,14,30,34.6,
05/12/2003 14:45:00,14,45,34.5,
05/12/2003 15:00:00,15,0,34.5,
05/12/2003 15:15:00,15,15,34.3,
05/12/2003 15:30:00,15,30,34.1,
05/12/2003 15:45:00,15,45,34.1,
05/12/2003 16:00:00,16,0,34.1,
05/12/2003 16:15:00,16,15,34.1,
05/12/2003 16:30:00,16,30,34.1,
05/12/2003 16:45:00,16,45,34.1,
05/12/2003 17:00:00,17,0,34.1,
05/12/2003 17:15:00,17,15,34.2,
05/12/2003 17:30:00,17,30,34.3,
05/12/2003 17:45:00,17,45,34.4,
05/12/2003 18:00:00,18,0,34.5,
05/12/2003 18:15:00,18,15,34.3,
05/12/2003 18:30:00,18,30,34.2,
05/12/2003 18:45:00,18,45,34.1,
05/12/2003 19:00:00,19,0,34.2,
05/12/2003 19:15:00,19,15,32.6,
05/12/2003 19:30:00,19,30,30.5,
05/12/2003 19:45:00,19,45,30.2,
05/12/2003 20:00:00,20,0,29.8,
05/12/2003 20:15:00,20,15,29.5,
05/12/2003 20:30:00,20,30,28.6,
05/12/2003 20:45:00,20,45,28,
05/12/2003 21:00:00,21,0,27.2,
05/12/2003 21:15:00,21,15,26.3,
05/12/2003 21:30:00,21,30,25.4,
05/12/2003 21:45:00,21,45,24.8,
05/12/2003 22:00:00,22,0,24.3,
05/12/2003 22:15:00,22,15,23.8,
05/12/2003 22:30:00,22,30,23,
05/12/2003 22:45:00,22,45,22.3,
05/12/2003 23:00:00,23,0,21.7,
05/12/2003 23:15:00,23,15,21.2,
05/12/2003 23:30:00,23,30,20.8,
05/12/2003 23:45:00,23,45,20.1,
05/13/2003 00:00:00,0,0,18.9,
05/13/2003 00:15:00,0,15,17.9,
05/13/2003 00:30:00,0,30,17,
05/13/2003 00:45:00,0,45,16.3,
05/13/2003 01:00:00,1,0,16.3,
05/13/2003 01:15:00,1,15,17.2,
05/13/2003 01:30:00,1,30,17.5,
05/13/2003 01:45:00,1,45,17.6,
05/13/2003 02:00:00,2,0,17.4,
05/13/2003 02:15:00,2,15,17.2,
05/13/2003 02:30:00,2,30,16.1,
05/13/2003 02:45:00,2,45,14.8,
05/13/2003 03:00:00,3,0,14.4,
05/13/2003 03:15:00,3,15,14.4,
05/13/2003 03:30:00,3,30,14.5,
05/13/2003 03:45:00,3,45,14.3,
05/13/2003 04:00:00,4,0,14.3,
05/13/2003 04:15:00,4,15,14.5,
05/13/2003 04:30:00,4,30,14.8,
05/13/2003 04:45:00,4,45,15.1,
05/13/2003 05:00:00,5,0,15.4,
05/13/2003 05:15:00,5,15,16.1,
05/13/2003 05:30:00,5,30,17,
05/13/2003 05:45:00,5,45,18,
05/13/2003 06:00:00,6,0,18.5,
05/13/2003 06:15:00,6,15,19.2,
05/13/2003 06:30:00,6,30,20,
05/13/2003 06:45:00,6,45,20.8,
05/13/2003 07:00:00,7,0,21.2,
05/13/2003 07:15:00,7,15,21.4,
05/13/2003 07:30:00,7,30,21.7,
05/13/2003 07:45:00,7,45,22.4,
05/13/2003 08:00:00,8,0,23.3,
05/13/2003 08:15:00,8,15,23.5,
05/13/2003 08:30:00,8,30,23.5,
05/13/2003 08:45:00,8,45,23.5,
05/13/2003 09:00:00,9,0,23.8,
05/13/2003 09:15:00,9,15,24.4,
05/13/2003 09:30:00,9,30,25.2,
05/13/2003 09:45:00,9,45,26.4,
05/13/2003 10:00:00,10,0,28.2,
05/13/2003 10:15:00,10,15,30.2,
05/13/2003 10:30:00,10,30,30.1,
05/13/2003 10:45:00,10,45,30.9,
05/13/2003 11:00:00,11,0,31.6,
05/13/2003 11:15:00,11,15,31.8,
05/13/2003 11:30:00,11,30,31.8,
05/13/2003 11:45:00,11,45,32.2,
05/13/2003 12:00:00,12,0,33.2,
05/13/2003 12:15:00,12,15,33.7,
05/13/2003 12:30:00,12,30,36,
05/13/2003 12:45:00,12,45,37.2,
05/13/2003 13:00:00,13,0,38,
05/13/2003 13:15:00,13,15,38.7,
05/13/2003 13:30:00,13,30,39.2,
05/13/2003 13:45:00,13,45,39.7,
05/13/2003 14:00:00,14,0,40.3,
05/13/2003 14:15:00,14,15,40.5,
05/13/2003 14:30:00,14,30,40.9,
05/13/2003 14:45:00,14,45,41.3,
05/13/2003 15:00:00,15,0,41.6,
05/13/2003 15:15:00,15,15,41.9,
05/13/2003 15:30:00,15,30,42,
05/13/2003 15:45:00,15,45,42.2,
05/13/2003 16:00:00,16,0,42.4,
05/13/2003 16:15:00,16,15,41.6,
05/13/2003 16:30:00,16,30,41.3,
05/13/2003 16:45:00,16,45,41.5,
05/13/2003 17:00:00,17,0,41.5,
05/13/2003 17:15:00,17,15,39.4,
05/13/2003 17:30:00,17,30,38.9,
05/13/2003 17:45:00,17,45,38.1,
05/13/2003 18:00:00,18,0,37.6,
05/13/2003 18:15:00,18,15,38,
05/13/2003 18:30:00,18,30,37.6,
05/13/2003 18:45:00,18,45,36.9,
05/13/2003 19:00:00,19,0,36.7,
05/13/2003 19:15:00,19,15,36.8,
05/13/2003 19:30:00,19,30,35.8,
05/13/2003 19:45:00,19,45,35,
05/13/2003 20:00:00,20,0,34.7,
05/13/2003 20:15:00,20,15,34.6,
05/13/2003 20:30:00,20,30,33.7,
05/13/2003 20:45:00,20,45,32.6,
05/13/2003 21:00:00,21,0,31.5,
05/13/2003 21:15:00,21,15,30.3,
05/13/2003 21:30:00,21,30,29.1,
05/13/2003 21:45:00,21,45,28.6,
05/13/2003 22:00:00,22,0,28.1,
05/13/2003 22:15:00,22,15,27.7,
05/13/2003 22:30:00,22,30,27.3,
05/13/2003 22:45:00,22,45,26.8,
05/13/2003 23:00:00,23,0,26.2,
05/13/2003 23:15:00,23,15,25.2,
05/13/2003 23:30:00,23,30,24.2,
05/13/2003 23:45:00,23,45,22.1,
05/14/2003 00:00:00,0,0,20.9,
05/14/2003 00:15:00,0,15,19.8,
05/14/2003 00:30:00,0,30,19.1,
05/14/2003 00:45:00,0,45,18.4,
05/14/2003 01:00:00,1,0,18,
05/14/2003 01:15:00,1,15,17.7,
05/14/2003 01:30:00,1,30,17.5,
05/14/2003 01:45:00,1,45,17.2,
05/14/2003 02:00:00,2,0,17,
05/14/2003 02:15:00,2,15,16.8,
05/14/2003 02:30:00,2,30,16.3,
05/14/2003 02:45:00,2,45,16.2,
05/14/2003 03:00:00,3,0,16,
05/14/2003 03:15:00,3,15,15.7,
05/14/2003 03:30:00,3,30,15.3,
05/14/2003 03:45:00,3,45,15.2,
05/14/2003 04:00:00,4,0,15.1,
05/14/2003 04:15:00,4,15,15.1,
05/14/2003 04:30:00,4,30,15.3,
05/14/2003 04:45:00,4,45,16.1,
05/14/2003 05:00:00,5,0,16.6,
05/14/2003 05:15:00,5,15,16.9,
05/14/2003 05:30:00,5,30,18.8,
05/14/2003 05:45:00,5,45,20.7,
05/14/2003 06:00:00,6,0,22,
05/14/2003 06:15:00,6,15,24.1,
05/14/2003 06:30:00,6,30,24,
05/14/2003 06:45:00,6,45,23.2,
05/14/2003 07:00:00,7,0,22.8,
05/14/2003 07:15:00,7,15,22.8,
05/14/2003 07:30:00,7,30,22.7,
05/14/2003 07:45:00,7,45,22.4,
05/14/2003 08:00:00,8,0,23.3,
05/14/2003 08:15:00,8,15,22.2,
05/14/2003 08:30:00,8,30,21.8,
05/14/2003 08:45:00,8,45,22.1,
05/14/2003 09:00:00,9,0,22.2,
05/14/2003 09:15:00,9,15,22.8,
05/14/2003 09:30:00,9,30,23.6,
05/14/2003 09:45:00,9,45,24.6,
05/14/2003 10:00:00,10,0,26,
05/14/2003 10:15:00,10,15,27.6,
05/14/2003 10:30:00,10,30,29.8,
05/14/2003 10:45:00,10,45,32,
05/14/2003 11:00:00,11,0,32.8,
05/14/2003 11:15:00,11,15,32.9,
05/14/2003 11:30:00,11,30,32.4,
05/14/2003 11:45:00,11,45,31.7,
05/14/2003 12:00:00,12,0,33.5,
05/14/2003 12:15:00,12,15,34.4,
05/14/2003 12:30:00,12,30,34.4,
05/14/2003 12:45:00,12,45,34.3,
05/14/2003 13:00:00,13,0,34.5,
05/14/2003 13:15:00,13,15,34.7,
05/14/2003 13:30:00,13,30,35,
05/14/2003 13:45:00,13,45,34.6,
05/14/2003 14:00:00,14,0,34.1,
05/14/2003 14:15:00,14,15,34.4,
05/14/2003 14:30:00,14,30,34.7,
05/14/2003 14:45:00,14,45,35.8,
05/14/2003 15:00:00,15,0,37.1,
05/14/2003 15:15:00,15,15,37.7,
05/14/2003 15:30:00,15,30,37.9,
05/14/2003 15:45:00,15,45,38,
05/14/2003 16:00:00,16,0,37.9,
05/14/2003 16:15:00,16,15,37.8,
05/14/2003 16:30:00,16,30,37.6,
05/14/2003 16:45:00,16,45,37.4,
05/14/2003 17:00:00,17,0,37.3,
05/14/2003 17:15:00,17,15,37.1,
05/14/2003 17:30:00,17,30,37.1,
05/14/2003 17:45:00,17,45,37,
05/14/2003 18:00:00,18,0,36.6,
05/14/2003 18:15:00,18,15,36.1,
05/14/2003 18:30:00,18,30,35.7,
05/14/2003 18:45:00,18,45,35,
05/14/2003 19:00:00,19,0,34.1,
05/14/2003 19:15:00,19,15,34.4,
05/14/2003 19:30:00,19,30,34.5,
05/14/2003 19:45:00,19,45,34.7,
05/14/2003 20:00:00,20,0,35,
05/14/2003 20:15:00,20,15,34,
05/14/2003 20:30:00,20,30,31.7,
05/14/2003 20:45:00,20,45,31.4,
05/14/2003 21:00:00,21,0,30.6,
05/14/2003 21:15:00,21,15,29.9,
05/14/2003 21:30:00,21,30,29.1,
05/14/2003 21:45:00,21,45,27.7,
05/14/2003 22:00:00,22,0,26.2,
05/14/2003 22:15:00,22,15,25.5,
05/14/2003 22:30:00,22,30,24.9,
05/14/2003 22:45:00,22,45,24.3,
05/14/2003 23:00:00,23,0,23.8,
05/14/2003 23:15:00,23,15,23.1,
05/14/2003 23:30:00,23,30,22.2,
05/14/2003 23:45:00,23,45,21.2,
05/15/2003 00:00:00,0,0,20.1,
05/15/2003 00:15:00,0,15,19.4,
05/15/2003 00:30:00,0,30,18.8,
05/15/2003 00:45:00,0,45,18.3,
05/15/2003 01:00:00,1,0,17.8,
05/15/2003 01:15:00,1,15,17.5,
05/15/2003 01:30:00,1,30,17.1,
05/15/2003 01:45:00,1,45,16.9,
05/15/2003 02:00:00,2,0,16.5,
05/15/2003 02:15:00,2,15,16.2,
05/15/2003 02:30:00,2,30,15.8,
05/15/2003 02:45:00,2,45,15.4,
05/15/2003 03:00:00,3,0,15.2,
05/15/2003 03:15:00,3,15,15,
05/15/2003 03:30:00,3,30,14.8,
05/15/2003 03:45:00,3,45,14.7,
05/15/2003 04:00:00,4,0,15.7,
05/15/2003 04:15:00,4,15,16.1,
05/15/2003 04:30:00,4,30,16.7,
05/15/2003 04:45:00,4,45,17.4,
05/15/2003 05:00:00,5,0,18.1,
05/15/2003 05:15:00,5,15,18.3,
05/15/2003 05:30:00,5,30,17.5,
05/15/2003 05:45:00,5,45,20.2,
05/15/2003 06:00:00,6,0,22.2,
05/15/2003 06:15:00,6,15,23.1,
05/15/2003 06:30:00,6,30,22.4,
05/15/2003 06:45:00,6,45,23,
05/15/2003 07:00:00,7,0,22.4,
05/15/2003 07:15:00,7,15,23,
05/15/2003 07:30:00,7,30,22.4,
05/15/2003 07:45:00,7,45,22.9,
05/15/2003 08:00:00,8,0,22.1,
05/15/2003 08:15:00,8,15,22.8,
05/15/2003 08:30:00,8,30,23.9,
05/15/2003 08:45:00,8,45,24.3,
05/15/2003 09:00:00,9,0,24.8,
05/15/2003 09:15:00,9,15,25.5,
05/15/2003 09:30:00,9,30,26.3,
05/15/2003 09:45:00,9,45,27.3,
05/15/2003 10:00:00,10,0,29.1,
05/15/2003 10:15:00,10,15,30.9,
05/15/2003 10:30:00,10,30,31.9,
05/15/2003 10:45:00,10,45,32.2,
05/15/2003 11:00:00,11,0,32.3,
05/15/2003 11:15:00,11,15,32.2,
05/15/2003 11:30:00,11,30,31.8,
05/15/2003 11:45:00,11,45,32.8,
05/15/2003 12:00:00,12,0,34.1,
05/15/2003 12:15:00,12,15,34.3,
05/15/2003 12:30:00,12,30,33.7,
05/15/2003 12:45:00,12,45,33.8,
05/15/2003 13:00:00,13,0,34.3,
05/15/2003 13:15:00,13,15,34.4,
05/15/2003 13:30:00,13,30,34.6,
05/15/2003 13:45:00,13,45,34.7,
05/15/2003 14:00:00,14,0,35.7,
05/15/2003 14:15:00,14,15,37.1,
05/15/2003 14:30:00,14,30,37.9,
05/15/2003 14:45:00,14,45,38.3,
05/15/2003 15:00:00,15,0,38.8,
05/15/2003 15:15:00,15,15,38.9,
05/15/2003 15:30:00,15,30,39.4,
05/15/2003 15:45:00,15,45,39.4,
05/15/2003 16:00:00,16,0,39.3,
05/15/2003 16:15:00,16,15,39,
05/15/2003 16:30:00,16,30,38.3,
05/15/2003 16:45:00,16,45,38.1,
05/15/2003 17:00:00,17,0,38,
05/15/2003 17:15:00,17,15,37.7,
05/15/2003 17:30:00,17,30,37.3,
05/15/2003 17:45:00,17,45,36.8,
05/15/2003 18:00:00,18,0,36.2,
05/15/2003 18:15:00,18,15,35.1,
05/15/2003 18:30:00,18,30,34.4,
05/15/2003 18:45:00,18,45,34.3,
05/15/2003 19:00:00,19,0,34.3,
05/15/2003 19:15:00,19,15,34.5,
05/15/2003 19:30:00,19,30,34.6,
05/15/2003 19:45:00,19,45,34.7,
05/15/2003 20:00:00,20,0,34.9,
05/15/2003 20:15:00,20,15,33.8,
05/15/2003 20:30:00,20,30,31.4,
05/15/2003 20:45:00,20,45,31.1,
05/15/2003 21:00:00,21,0,30.3,
05/15/2003 21:15:00,21,15,28.3,
05/15/2003 21:30:00,21,30,26.9,
05/15/2003 21:45:00,21,45,26.2,
05/15/2003 22:00:00,22,0,25.7,
05/15/2003 22:15:00,22,15,25.1,
05/15/2003 22:30:00,22,30,24.6,
05/15/2003 22:45:00,22,45,24.2,
05/15/2003 23:00:00,23,0,23.8,
05/15/2003 23:15:00,23,15,23.2,
05/15/2003 23:30:00,23,30,22.2,
05/15/2003 23:45:00,23,45,21,
05/16/2003 00:00:00,0,0,20,
05/16/2003 00:15:00,0,15,19.2,
05/16/2003 00:30:00,0,30,18.8,
05/16/2003 00:45:00,0,45,18.2,
05/16/2003 01:00:00,1,0,17.9,
05/16/2003 01:15:00,1,15,17.6,
05/16/2003 01:30:00,1,30,17.3,
05/16/2003 01:45:00,1,45,17,
05/16/2003 02:00:00,2,0,16.6,
05/16/2003 02:15:00,2,15,16.4,
05/16/2003 02:30:00,2,30,16.6,
05/16/2003 02:45:00,2,45,17.6,
05/16/2003 03:00:00,3,0,17.8,
05/16/2003 03:15:00,3,15,17.7,
05/16/2003 03:30:00,3,30,17.6,
05/16/2003 03:45:00,3,45,17.3,
05/16/2003 04:00:00,4,0,16.8,
05/16/2003 04:15:00,4,15,15.4,
05/16/2003 04:30:00,4,30,15.3,
05/16/2003 04:45:00,4,45,15.8,
05/16/2003 05:00:00,5,0,16.4,
05/16/2003 05:15:00,5,15,16.7,
05/16/2003 05:30:00,5,30,17.7,
05/16/2003 05:45:00,5,45,20,
05/16/2003 06:00:00,6,0,21.8,
05/16/2003 06:15:00,6,15,23.5,
05/16/2003 06:30:00,6,30,22.1,
05/16/2003 06:45:00,6,45,23.5,
05/16/2003 07:00:00,7,0,22.2,
05/16/2003 07:15:00,7,15,23.9,
05/16/2003 07:30:00,7,30,22.9,
05/16/2003 07:45:00,7,45,23,
05/16/2003 08:00:00,8,0,23.2,
05/16/2003 08:15:00,8,15,23.3,
05/16/2003 08:30:00,8,30,23.7,
05/16/2003 08:45:00,8,45,24.2,
05/16/2003 09:00:00,9,0,24.7,
05/16/2003 09:15:00,9,15,25.2,
05/16/2003 09:30:00,9,30,25.8,
05/16/2003 09:45:00,9,45,26.4,
05/16/2003 10:00:00,10,0,28,
05/16/2003 10:15:00,10,15,31.5,
05/16/2003 10:30:00,10,30,32.2,
05/16/2003 10:45:00,10,45,30.8,
05/16/2003 11:00:00,11,0,28.9,
05/16/2003 11:15:00,11,15,29.7,
05/16/2003 11:30:00,11,30,31.8,
05/16/2003 11:45:00,11,45,31.5,
05/16/2003 12:00:00,12,0,30.8,
05/16/2003 12:15:00,12,15,30.6,
05/16/2003 12:30:00,12,30,30.8,
05/16/2003 12:45:00,12,45,31.5,
05/16/2003 13:00:00,13,0,34.3,
05/16/2003 13:15:00,13,15,35,
05/16/2003 13:30:00,13,30,35.3,
05/16/2003 13:45:00,13,45,35.2,
05/16/2003 14:00:00,14,0,35,
05/16/2003 14:15:00,14,15,35.1,
05/16/2003 14:30:00,14,30,35.7,
05/16/2003 14:45:00,14,45,36.9,
05/16/2003 15:00:00,15,0,37.7,
05/16/2003 15:15:00,15,15,38.3,
05/16/2003 15:30:00,15,30,38.4,
05/16/2003 15:45:00,15,45,38.4,
05/16/2003 16:00:00,16,0,38.4,
05/16/2003 16:15:00,16,15,38.3,
05/16/2003 16:30:00,16,30,37.9,
05/16/2003 16:45:00,16,45,37.6,
05/16/2003 17:00:00,17,0,37.1,
05/16/2003 17:15:00,17,15,36.6,
05/16/2003 17:30:00,17,30,35.3,
05/16/2003 17:45:00,17,45,34.9,
05/16/2003 18:00:00,18,0,34.9,
05/16/2003 18:15:00,18,15,35.1,
05/16/2003 18:30:00,18,30,35.1,
05/16/2003 18:45:00,18,45,35.1,
05/16/2003 19:00:00,19,0,35.1,
05/16/2003 19:15:00,19,15,35.6,
05/16/2003 19:30:00,19,30,35.7,
05/16/2003 19:45:00,19,45,35.4,
05/16/2003 20:00:00,20,0,34.7,
05/16/2003 20:15:00,20,15,31.7,
05/16/2003 20:30:00,20,30,30.9,
05/16/2003 20:45:00,20,45,30.6,
05/16/2003 21:00:00,21,0,29.8,
05/16/2003 21:15:00,21,15,28.8,
05/16/2003 21:30:00,21,30,28.3,
05/16/2003 21:45:00,21,45,27.9,
05/16/2003 22:00:00,22,0,27.6,
05/16/2003 22:15:00,22,15,26.4,
05/16/2003 22:30:00,22,30,24.6,
05/16/2003 22:45:00,22,45,23.7,
05/16/2003 23:00:00,23,0,23.1,
05/16/2003 23:15:00,23,15,22.6,
05/16/2003 23:30:00,23,30,21.6,
05/16/2003 23:45:00,23,45,20.6,
05/17/2003 00:00:00,0,0,19.5,
05/17/2003 00:15:00,0,15,18.7,
05/17/2003 00:30:00,0,30,18,
05/17/2003 00:45:00,0,45,17.4,
05/17/2003 01:00:00,1,0,17.1,
05/17/2003 01:15:00,1,15,16.9,
05/17/2003 01:30:00,1,30,17,
05/17/2003 01:45:00,1,45,16.8,
05/17/2003 02:00:00,2,0,16.6,
05/17/2003 02:15:00,2,15,16.6,
05/17/2003 02:30:00,2,30,16.6,
05/17/2003 02:45:00,2,45,16.3,
05/17/2003 03:00:00,3,0,16.1,
05/17/2003 03:15:00,3,15,15.8,
05/17/2003 03:30:00,3,30,15.6,
05/17/2003 03:45:00,3,45,15.5,
05/17/2003 04:00:00,4,0,15.4,
05/17/2003 04:15:00,4,15,15.4,
05/17/2003 04:30:00,4,30,16.4,
05/17/2003 04:45:00,4,45,18.4,
05/17/2003 05:00:00,5,0,19.6,
05/17/2003 05:15:00,5,15,20.7,
05/17/2003 05:30:00,5,30,21.7,
05/17/2003 05:45:00,5,45,22.3,
05/17/2003 06:00:00,6,0,22.6,
05/17/2003 06:15:00,6,15,22.9,
05/17/2003 06:30:00,6,30,23.5,
05/17/2003 06:45:00,6,45,22.2,
05/17/2003 07:00:00,7,0,21.7,
05/17/2003 07:15:00,7,15,22.2,
05/17/2003 07:30:00,7,30,22,
05/17/2003 07:45:00,7,45,22,
05/17/2003 08:00:00,8,0,22.1,
05/17/2003 08:15:00,8,15,22.4,
05/17/2003 08:30:00,8,30,22.7,
05/17/2003 08:45:00,8,45,23.2,
05/17/2003 09:00:00,9,0,23.5,
05/17/2003 09:15:00,9,15,24,
05/17/2003 09:30:00,9,30,23.8,
05/17/2003 09:45:00,9,45,24.5,
05/17/2003 10:00:00,10,0,25.6,
05/17/2003 10:15:00,10,15,26.3,
05/17/2003 10:30:00,10,30,27,
05/17/2003 10:45:00,10,45,27.6,
05/17/2003 11:00:00,11,0,28.4,
05/17/2003 11:15:00,11,15,28.9,
05/17/2003 11:30:00,11,30,29.3,
05/17/2003 11:45:00,11,45,29.7,
05/17/2003 12:00:00,12,0,30.3,
05/17/2003 12:15:00,12,15,30.4,
05/17/2003 12:30:00,12,30,30.6,
05/17/2003 12:45:00,12,45,30.8,
05/17/2003 13:00:00,13,0,31.9,
05/17/2003 13:15:00,13,15,33.1,
05/17/2003 13:30:00,13,30,32.9,
05/17/2003 13:45:00,13,45,34,
05/17/2003 14:00:00,14,0,35.6,
05/17/2003 14:15:00,14,15,35.8,
05/17/2003 14:30:00,14,30,35.9,
05/17/2003 14:45:00,14,45,35.8,
05/17/2003 15:00:00,15,0,35.5,
05/17/2003 15:15:00,15,15,35.6,
05/17/2003 15:30:00,15,30,35.8,
05/17/2003 15:45:00,15,45,36,
05/17/2003 16:00:00,16,0,36.1,
05/17/2003 16:15:00,16,15,36.1,
05/17/2003 16:30:00,16,30,35.9,
05/17/2003 16:45:00,16,45,35.7,
05/17/2003 17:00:00,17,0,35.5,
05/17/2003 17:15:00,17,15,35.4,
05/17/2003 17:30:00,17,30,34.7,
05/17/2003 17:45:00,17,45,35.1,
05/17/2003 18:00:00,18,0,35.2,
05/17/2003 18:15:00,18,15,35.3,
05/17/2003 18:30:00,18,30,35.4,
05/17/2003 18:45:00,18,45,33.2,
05/17/2003 19:00:00,19,0,31.7,
05/17/2003 19:15:00,19,15,30.1,
05/17/2003 19:30:00,19,30,27.1,
05/17/2003 19:45:00,19,45,26.4,
05/17/2003 20:00:00,20,0,26.5,
05/17/2003 20:15:00,20,15,26.3,
05/17/2003 20:30:00,20,30,26,
05/17/2003 20:45:00,20,45,25.7,
05/17/2003 21:00:00,21,0,25.6,
05/17/2003 21:15:00,21,15,25.5,
05/17/2003 21:30:00,21,30,25.3,
05/17/2003 21:45:00,21,45,25,
05/17/2003 22:00:00,22,0,24.8,
05/17/2003 22:15:00,22,15,24.4,
05/17/2003 22:30:00,22,30,24.3,
05/17/2003 22:45:00,22,45,25,
05/17/2003 23:00:00,23,0,24.8,
05/17/2003 23:15:00,23,15,24.2,
05/17/2003 23:30:00,23,30,23.1,
05/17/2003 23:45:00,23,45,21.8,
05/18/2003 00:00:00,0,0,20.8,
05/18/2003 00:15:00,0,15,20.3,
05/18/2003 00:30:00,0,30,18.8,
05/18/2003 00:45:00,0,45,17.9,
05/18/2003 01:00:00,1,0,17.4,
05/18/2003 01:15:00,1,15,17.3,
05/18/2003 01:30:00,1,30,17.1,
05/18/2003 01:45:00,1,45,16.9,
05/18/2003 02:00:00,2,0,16.8,
05/18/2003 02:15:00,2,15,16.6,
05/18/2003 02:30:00,2,30,16.4,
05/18/2003 02:45:00,2,45,16.4,
05/18/2003 03:00:00,3,0,16.1,
05/18/2003 03:15:00,3,15,15.8,
05/18/2003 03:30:00,3,30,15.7,
05/18/2003 03:45:00,3,45,15.6,
05/18/2003 04:00:00,4,0,15.5,
05/18/2003 04:15:00,4,15,15.4,
05/18/2003 04:30:00,4,30,15.7,
05/18/2003 04:45:00,4,45,16.5,
05/18/2003 05:00:00,5,0,17.3,
05/18/2003 05:15:00,5,15,17.8,
05/18/2003 05:30:00,5,30,18,
05/18/2003 05:45:00,5,45,19.5,
05/18/2003 06:00:00,6,0,22.2,
05/18/2003 06:15:00,6,15,23.2,
05/18/2003 06:30:00,6,30,23.4,
05/18/2003 06:45:00,6,45,23.5,
05/18/2003 07:00:00,7,0,23.4,
05/18/2003 07:15:00,7,15,23.6,
05/18/2003 07:30:00,7,30,23.8,
05/18/2003 07:45:00,7,45,23.9,
05/18/2003 08:00:00,8,0,24.1,
05/18/2003 08:15:00,8,15,24.2,
05/18/2003 08:30:00,8,30,22.8,
05/18/2003 08:45:00,8,45,22.6,
05/18/2003 09:00:00,9,0,22.6,
05/18/2003 09:15:00,9,15,22.9,
05/18/2003 09:30:00,9,30,23.4,
05/18/2003 09:45:00,9,45,24.1,
05/18/2003 10:00:00,10,0,24.9,
05/18/2003 10:15:00,10,15,25.1,
05/18/2003 10:30:00,10,30,25.8,
05/18/2003 10:45:00,10,45,27.2,
05/18/2003 11:00:00,11,0,30.4,
05/18/2003 11:15:00,11,15,32.2,
05/18/2003 11:30:00,11,30,31.9,
05/18/2003 11:45:00,11,45,31.6,
05/18/2003 12:00:00,12,0,31.5,
05/18/2003 12:15:00,12,15,31.3,
05/18/2003 12:30:00,12,30,31.5,
05/18/2003 12:45:00,12,45,31.6,
05/18/2003 13:00:00,13,0,31.2,
05/18/2003 13:15:00,13,15,31.2,
05/18/2003 13:30:00,13,30,33.5,
05/18/2003 13:45:00,13,45,33.8,
05/18/2003 14:00:00,14,0,33.5,
05/18/2003 14:15:00,14,15,33.6,
05/18/2003 14:30:00,14,30,34,
05/18/2003 14:45:00,14,45,33.6,
05/18/2003 15:00:00,15,0,33.8,
05/18/2003 15:15:00,15,15,34,
05/18/2003 15:30:00,15,30,33.9,
05/18/2003 15:45:00,15,45,33.9,
05/18/2003 16:00:00,16,0,33.7,
05/18/2003 16:15:00,16,15,33.5,
05/18/2003 16:30:00,16,30,33.6,
05/18/2003 16:45:00,16,45,34,
05/18/2003 17:00:00,17,0,33.5,
05/18/2003 17:15:00,17,15,31.1,
05/18/2003 17:30:00,17,30,30.4,
05/18/2003 17:45:00,17,45,30.2,
05/18/2003 18:00:00,18,0,29.6,
05/18/2003 18:15:00,18,15,28.3,
05/18/2003 18:30:00,18,30,27.8,
05/18/2003 18:45:00,18,45,27.5,
05/18/2003 19:00:00,19,0,27.6,
05/18/2003 19:15:00,19,15,27.6,
05/18/2003 19:30:00,19,30,28.4,
05/18/2003 19:45:00,19,45,28.7,
05/18/2003 20:00:00,20,0,28.2,
05/18/2003 20:15:00,20,15,27.8,
05/18/2003 20:30:00,20,30,27.7,
05/18/2003 20:45:00,20,45,28.4,
05/18/2003 21:00:00,21,0,28.5,
05/18/2003 21:15:00,21,15,28.4,
05/18/2003 21:30:00,21,30,28.3,
05/18/2003 21:45:00,21,45,28,
05/18/2003 22:00:00,22,0,27.9,
05/18/2003 22:15:00,22,15,27.6,
05/18/2003 22:30:00,22,30,27,
05/18/2003 22:45:00,22,45,26.6,
05/18/2003 23:00:00,23,0,26,
05/18/2003 23:15:00,23,15,24.6,
05/18/2003 23:30:00,23,30,22.4,
05/18/2003 23:45:00,23,45,21.2,
05/19/2003 00:00:00,0,0,20.6,
05/19/2003 00:15:00,0,15,20,
05/19/2003 00:30:00,0,30,19.8,
05/19/2003 00:45:00,0,45,19.6,
05/19/2003 01:00:00,1,0,19.4,
05/19/2003 01:15:00,1,15,19.2,
05/19/2003 01:30:00,1,30,19,
05/19/2003 01:45:00,1,45,18.7,
05/19/2003 02:00:00,2,0,18.4,
05/19/2003 02:15:00,2,15,18.2,
05/19/2003 02:30:00,2,30,18.1,
05/19/2003 02:45:00,2,45,17.7,
05/19/2003 03:00:00,3,0,17.5,
05/19/2003 03:15:00,3,15,17.4,
05/19/2003 03:30:00,3,30,17.1,
05/19/2003 03:45:00,3,45,17,
05/19/2003 04:00:00,4,0,16.8,
05/19/2003 04:15:00,4,15,16.8,
05/19/2003 04:30:00,4,30,16.9,
05/19/2003 04:45:00,4,45,17.4,
05/19/2003 05:00:00,5,0,19.2,
05/19/2003 05:15:00,5,15,21.1,
05/19/2003 05:30:00,5,30,22,
05/19/2003 05:45:00,5,45,22.7,
05/19/2003 06:00:00,6,0,22.9,
05/19/2003 06:15:00,6,15,23.3,
05/19/2003 06:30:00,6,30,23.8,
05/19/2003 06:45:00,6,45,24.2,
05/19/2003 07:00:00,7,0,24.4,
05/19/2003 07:15:00,7,15,23.8,
05/19/2003 07:30:00,7,30,22.4,
05/19/2003 07:45:00,7,45,22.3,
05/19/2003 08:00:00,8,0,22.3,
05/19/2003 08:15:00,8,15,22.6,
05/19/2003 08:30:00,8,30,22.9,
05/19/2003 08:45:00,8,45,23,
05/19/2003 09:00:00,9,0,23.3,
05/19/2003 09:15:00,9,15,23.9,
05/19/2003 09:30:00,9,30,25.1,
05/19/2003 09:45:00,9,45,26.3,
05/19/2003 10:00:00,10,0,27.4,
05/19/2003 10:15:00,10,15,29,
05/19/2003 10:30:00,10,30,30.8,
05/19/2003 10:45:00,10,45,31.4,
05/19/2003 11:00:00,11,0,31.7,
05/19/2003 11:15:00,11,15,31.2,
05/19/2003 11:30:00,11,30,30.7,
05/19/2003 11:45:00,11,45,30.9,
05/19/2003 12:00:00,12,0,31.6,
05/19/2003 12:15:00,12,15,31.1,
05/19/2003 12:30:00,12,30,32.4,
05/19/2003 12:45:00,12,45,31.7,
05/19/2003 13:00:00,13,0,30.1,
05/19/2003 13:15:00,13,15,30.2,
05/19/2003 13:30:00,13,30,30.2,
05/19/2003 13:45:00,13,45,30.2,
05/19/2003 14:00:00,14,0,30,
05/19/2003 14:15:00,14,15,29.1,
05/19/2003 14:30:00,14,30,28.2,
05/19/2003 14:45:00,14,45,26.1,
05/19/2003 15:00:00,15,0,25.4,
05/19/2003 15:15:00,15,15,25.3,
05/19/2003 15:30:00,15,30,25.5,
05/19/2003 15:45:00,15,45,25.9,
05/19/2003 16:00:00,16,0,25.6,
05/19/2003 16:15:00,16,15,24.8,
05/19/2003 16:30:00,16,30,24,
05/19/2003 16:45:00,16,45,23.7,
05/19/2003 17:00:00,17,0,23.6,
05/19/2003 17:15:00,17,15,23.8,
05/19/2003 17:30:00,17,30,24,
05/19/2003 17:45:00,17,45,25.3,
05/19/2003 18:00:00,18,0,26.1,
05/19/2003 18:15:00,18,15,26.4,
05/19/2003 18:30:00,18,30,26.4,
05/19/2003 18:45:00,18,45,26,
05/19/2003 19:00:00,19,0,25.5,
05/19/2003 19:15:00,19,15,25.2,
05/19/2003 19:30:00,19,30,25.1,
05/19/2003 19:45:00,19,45,25.2,
05/19/2003 20:00:00,20,0,25.1,
05/19/2003 20:15:00,20,15,23.7,
05/19/2003 20:30:00,20,30,23.1,
05/19/2003 20:45:00,20,45,22.8,
05/19/2003 21:00:00,21,0,22.7,
05/19/2003 21:15:00,21,15,22.6,
05/19/2003 21:30:00,21,30,22.4,
05/19/2003 21:45:00,21,45,22.4,
05/19/2003 22:00:00,22,0,22.3,
05/19/2003 22:15:00,22,15,22.1,
05/19/2003 22:30:00,22,30,21.5,
05/19/2003 22:45:00,22,45,20.8,
05/19/2003 23:00:00,23,0,20.2,
05/19/2003 23:15:00,23,15,19.5,
05/19/2003 23:30:00,23,30,19.1,
05/19/2003 23:45:00,23,45,18.7,
05/20/2003 00:00:00,0,0,18.1,
05/20/2003 00:15:00,0,15,17.2,
05/20/2003 00:30:00,0,30,16.7,
05/20/2003 00:45:00,0,45,17,
05/20/2003 01:00:00,1,0,17.7,
05/20/2003 01:15:00,1,15,17.9,
05/20/2003 01:30:00,1,30,18,
05/20/2003 01:45:00,1,45,17.9,
05/20/2003 02:00:00,2,0,18.1,
05/20/2003 02:15:00,2,15,17.8,
05/20/2003 02:30:00,2,30,16.4,
05/20/2003 02:45:00,2,45,15.7,
05/20/2003 03:00:00,3,0,15.2,
05/20/2003 03:15:00,3,15,14.9,
05/20/2003 03:30:00,3,30,14.6,
05/20/2003 03:45:00,3,45,14.4,
05/20/2003 04:00:00,4,0,14.3,
05/20/2003 04:15:00,4,15,14.2,
05/20/2003 04:30:00,4,30,14.6,
05/20/2003 04:45:00,4,45,15,
05/20/2003 05:00:00,5,0,15.1,
05/20/2003 05:15:00,5,15,15.9,
05/20/2003 05:30:00,5,30,17.9,
05/20/2003 05:45:00,5,45,20.5,
05/20/2003 06:00:00,6,0,21.8,
05/20/2003 06:15:00,6,15,22.6,
05/20/2003 06:30:00,6,30,22.8,
05/20/2003 06:45:00,6,45,22.5,
05/20/2003 07:00:00,7,0,22.5,
05/20/2003 07:15:00,7,15,23.2,
05/20/2003 07:30:00,7,30,22.7,
05/20/2003 07:45:00,7,45,22.4,
05/20/2003 08:00:00,8,0,22.5,
05/20/2003 08:15:00,8,15,22.5,
05/20/2003 08:30:00,8,30,22.5,
05/20/2003 08:45:00,8,45,22.6,
05/20/2003 09:00:00,9,0,22.9,
05/20/2003 09:15:00,9,15,22.5,
05/20/2003 09:30:00,9,30,22,
05/20/2003 09:45:00,9,45,22.4,
05/20/2003 10:00:00,10,0,22.1,
05/20/2003 10:15:00,10,15,22.2,
05/20/2003 10:30:00,10,30,22.6,
05/20/2003 10:45:00,10,45,22.6,
05/20/2003 11:00:00,11,0,22.9,
05/20/2003 11:15:00,11,15,22.7,
05/20/2003 11:30:00,11,30,22,
05/20/2003 11:45:00,11,45,21.3,
05/20/2003 12:00:00,12,0,23.2,
05/20/2003 12:15:00,12,15,27.6,
05/20/2003 12:30:00,12,30,28.7,
05/20/2003 12:45:00,12,45,30.6,
05/20/2003 13:00:00,13,0,31.1,
05/20/2003 13:15:00,13,15,30.7,
05/20/2003 13:30:00,13,30,30.4,
05/20/2003 13:45:00,13,45,31.1,
05/20/2003 14:00:00,14,0,32,
05/20/2003 14:15:00,14,15,31.6,
05/20/2003 14:30:00,14,30,31.4,
05/20/2003 14:45:00,14,45,29.5,
05/20/2003 15:00:00,15,0,30.7,
05/20/2003 15:15:00,15,15,30.5,
05/20/2003 15:30:00,15,30,31.7,
05/20/2003 15:45:00,15,45,31.8,
05/20/2003 16:00:00,16,0,31.4,
05/20/2003 16:15:00,16,15,31.2,
05/20/2003 16:30:00,16,30,31.6,
05/20/2003 16:45:00,16,45,31.7,
05/20/2003 17:00:00,17,0,33.5,
05/20/2003 17:15:00,17,15,34.6,
05/20/2003 17:30:00,17,30,34.7,
05/20/2003 17:45:00,17,45,34.6,
05/20/2003 18:00:00,18,0,34.2,
05/20/2003 18:15:00,18,15,34.2,
05/20/2003 18:30:00,18,30,34.2,
05/20/2003 18:45:00,18,45,34.1,
05/20/2003 19:00:00,19,0,33.8,
05/20/2003 19:15:00,19,15,31.4,
05/20/2003 19:30:00,19,30,29.9,
05/20/2003 19:45:00,19,45,28.2,
05/20/2003 20:00:00,20,0,28,
05/20/2003 20:15:00,20,15,27.9,
05/20/2003 20:30:00,20,30,27.6,
05/20/2003 20:45:00,20,45,27.1,
05/20/2003 21:00:00,21,0,26.1,
05/20/2003 21:15:00,21,15,25.1,
05/20/2003 21:30:00,21,30,24.3,
05/20/2003 21:45:00,21,45,23.6,
05/20/2003 22:00:00,22,0,23.1,
05/20/2003 22:15:00,22,15,22.6,
05/20/2003 22:30:00,22,30,22.1,
05/20/2003 22:45:00,22,45,21.6,
05/20/2003 23:00:00,23,0,21,
05/20/2003 23:15:00,23,15,20.5,
05/20/2003 23:30:00,23,30,20.8,
05/20/2003 23:45:00,23,45,21,
05/21/2003 00:00:00,0,0,20.2,
05/21/2003 00:15:00,0,15,19.2,
05/21/2003 00:30:00,0,30,18.5,
05/21/2003 00:45:00,0,45,18,
05/21/2003 01:00:00,1,0,16.5,
05/21/2003 01:15:00,1,15,15.1,
05/21/2003 01:30:00,1,30,14.5,
05/21/2003 01:45:00,1,45,14.4,
05/21/2003 02:00:00,2,0,14.3,
05/21/2003 02:15:00,2,15,14.3,
05/21/2003 02:30:00,2,30,14.6,
05/21/2003 02:45:00,2,45,14.7,
05/21/2003 03:00:00,3,0,14.8,
05/21/2003 03:15:00,3,15,14.9,
05/21/2003 03:30:00,3,30,15.1,
05/21/2003 03:45:00,3,45,15.1,
05/21/2003 04:00:00,4,0,15,
05/21/2003 04:15:00,4,15,14.9,
05/21/2003 04:30:00,4,30,15,
05/21/2003 04:45:00,4,45,14.9,
05/21/2003 05:00:00,5,0,15,
05/21/2003 05:15:00,5,15,16.3,
05/21/2003 05:30:00,5,30,18.4,
05/21/2003 05:45:00,5,45,20.4,
05/21/2003 06:00:00,6,0,22.2,
05/21/2003 06:15:00,6,15,23,
05/21/2003 06:30:00,6,30,22.4,
05/21/2003 06:45:00,6,45,23.7,
05/21/2003 07:00:00,7,0,23,
05/21/2003 07:15:00,7,15,22.5,
05/21/2003 07:30:00,7,30,22.8,
05/21/2003 07:45:00,7,45,22.3,
05/21/2003 08:00:00,8,0,22.1,
05/21/2003 08:15:00,8,15,22.4,
05/21/2003 08:30:00,8,30,22.9,
05/21/2003 08:45:00,8,45,22.2,
05/21/2003 09:00:00,9,0,22.1,
05/21/2003 09:15:00,9,15,22.7,
05/21/2003 09:30:00,9,30,22.6,
05/21/2003 09:45:00,9,45,23.4,
05/21/2003 10:00:00,10,0,23.4,
05/21/2003 10:15:00,10,15,25,
05/21/2003 10:30:00,10,30,27.1,
05/21/2003 10:45:00,10,45,29,
05/21/2003 11:00:00,11,0,30.2,
05/21/2003 11:15:00,11,15,32,
05/21/2003 11:30:00,11,30,32.9,
05/21/2003 11:45:00,11,45,32.9,
05/21/2003 12:00:00,12,0,32.5,
05/21/2003 12:15:00,12,15,31.6,
05/21/2003 12:30:00,12,30,32.5,
05/21/2003 12:45:00,12,45,34,
05/21/2003 13:00:00,13,0,34.1,
05/21/2003 13:15:00,13,15,33.5,
05/21/2003 13:30:00,13,30,32.1,
05/21/2003 13:45:00,13,45,32.7,
05/21/2003 14:00:00,14,0,33.4,
05/21/2003 14:15:00,14,15,33.3,
05/21/2003 14:30:00,14,30,33.6,
05/21/2003 14:45:00,14,45,33.1,
05/21/2003 15:00:00,15,0,34.4,
05/21/2003 15:15:00,15,15,33.7,
05/21/2003 15:30:00,15,30,32.7,
05/21/2003 15:45:00,15,45,33,
05/21/2003 16:00:00,16,0,33.4,
05/21/2003 16:15:00,16,15,34.6,
05/21/2003 16:30:00,16,30,35.5,
05/21/2003 16:45:00,16,45,35.8,
05/21/2003 17:00:00,17,0,35.9,
05/21/2003 17:15:00,17,15,35.7,
05/21/2003 17:30:00,17,30,35.3,
05/21/2003 17:45:00,17,45,34.5,
05/21/2003 18:00:00,18,0,33,
05/21/2003 18:15:00,18,15,33.2,
05/21/2003 18:30:00,18,30,33.4,
05/21/2003 18:45:00,18,45,33.5,
05/21/2003 19:00:00,19,0,33.6,
05/21/2003 19:15:00,19,15,33.7,
05/21/2003 19:30:00,19,30,33,
05/21/2003 19:45:00,19,45,33.3,
05/21/2003 20:00:00,20,0,32.9,
05/21/2003 20:15:00,20,15,29.5,
05/21/2003 20:30:00,20,30,28.3,
05/21/2003 20:45:00,20,45,28.1,
05/21/2003 21:00:00,21,0,27.5,
05/21/2003 21:15:00,21,15,26.7,
05/21/2003 21:30:00,21,30,25.9,
05/21/2003 21:45:00,21,45,25.1,
05/21/2003 22:00:00,22,0,24.1,
05/21/2003 22:15:00,22,15,23.4,
05/21/2003 22:30:00,22,30,22.8,
05/21/2003 22:45:00,22,45,22.3,
05/21/2003 23:00:00,23,0,22,
05/21/2003 23:15:00,23,15,21.6,
05/21/2003 23:30:00,23,30,21.2,
05/21/2003 23:45:00,23,45,20.4,
05/22/2003 00:00:00,0,0,19.3,
05/22/2003 00:15:00,0,15,18.5,
05/22/2003 00:30:00,0,30,19.1,
05/22/2003 00:45:00,0,45,19.1,
05/22/2003 01:00:00,1,0,18.9,
05/22/2003 01:15:00,1,15,18.7,
05/22/2003 01:30:00,1,30,18.4,
05/22/2003 01:45:00,1,45,17.7,
05/22/2003 02:00:00,2,0,16,
05/22/2003 02:15:00,2,15,15.2,
05/22/2003 02:30:00,2,30,14.9,
05/22/2003 02:45:00,2,45,14.8,
05/22/2003 03:00:00,3,0,14.6,
05/22/2003 03:15:00,3,15,14.6,
05/22/2003 03:30:00,3,30,14.5,
05/22/2003 03:45:00,3,45,14.7,
05/22/2003 04:00:00,4,0,14.8,
05/22/2003 04:15:00,4,15,15,
05/22/2003 04:30:00,4,30,15.4,
05/22/2003 04:45:00,4,45,15.8,
05/22/2003 05:00:00,5,0,15.9,
05/22/2003 05:15:00,5,15,16,
05/22/2003 05:30:00,5,30,17.7,
05/22/2003 05:45:00,5,45,20,
05/22/2003 06:00:00,6,0,21.6,
05/22/2003 06:15:00,6,15,23,
05/22/2003 06:30:00,6,30,22.3,
05/22/2003 06:45:00,6,45,22.5,
05/22/2003 07:00:00,7,0,23.3,
05/22/2003 07:15:00,7,15,22.6,
05/22/2003 07:30:00,7,30,22.2,
05/22/2003 07:45:00,7,45,22.6,
05/22/2003 08:00:00,8,0,22.4,
05/22/2003 08:15:00,8,15,22.6,
05/22/2003 08:30:00,8,30,23,
05/22/2003 08:45:00,8,45,23.6,
05/22/2003 09:00:00,9,0,23.7,
05/22/2003 09:15:00,9,15,23,
05/22/2003 09:30:00,9,30,23.9,
05/22/2003 09:45:00,9,45,24.9,
05/22/2003 10:00:00,10,0,26.2,
05/22/2003 10:15:00,10,15,27.1,
05/22/2003 10:30:00,10,30,27.9,
05/22/2003 10:45:00,10,45,29.5,
05/22/2003 11:00:00,11,0,30.4,
05/22/2003 11:15:00,11,15,31.7,
05/22/2003 11:30:00,11,30,32,
05/22/2003 11:45:00,11,45,31.8,
05/22/2003 12:00:00,12,0,31.8,
05/22/2003 12:15:00,12,15,31.4,
05/22/2003 12:30:00,12,30,31,
05/22/2003 12:45:00,12,45,31.5,
05/22/2003 13:00:00,13,0,31.7,
05/22/2003 13:15:00,13,15,34.1,
05/22/2003 13:30:00,13,30,35.3,
05/22/2003 13:45:00,13,45,35.4,
05/22/2003 14:00:00,14,0,35.1,
05/22/2003 14:15:00,14,15,35.5,
05/22/2003 14:30:00,14,30,35.5,
05/22/2003 14:45:00,14,45,35.3,
05/22/2003 15:00:00,15,0,35.7,
05/22/2003 15:15:00,15,15,36.1,
05/22/2003 15:30:00,15,30,35.5,
05/22/2003 15:45:00,15,45,35.6,
05/22/2003 16:00:00,16,0,35.9,
05/22/2003 16:15:00,16,15,35.8,
05/22/2003 16:30:00,16,30,35.3,
05/22/2003 16:45:00,16,45,33.1,
05/22/2003 17:00:00,17,0,34.3,
05/22/2003 17:15:00,17,15,34.5,
05/22/2003 17:30:00,17,30,34.7,
05/22/2003 17:45:00,17,45,34.6,
05/22/2003 18:00:00,18,0,34.4,
05/22/2003 18:15:00,18,15,34.3,
05/22/2003 18:30:00,18,30,33.9,
05/22/2003 18:45:00,18,45,31.1,
05/22/2003 19:00:00,19,0,30.2,
05/22/2003 19:15:00,19,15,30.6,
05/22/2003 19:30:00,19,30,30.5,
05/22/2003 19:45:00,19,45,30.7,
05/22/2003 20:00:00,20,0,28.8,
05/22/2003 20:15:00,20,15,27,
05/22/2003 20:30:00,20,30,26.3,
05/22/2003 20:45:00,20,45,25.6,
05/22/2003 21:00:00,21,0,25,
05/22/2003 21:15:00,21,15,24.3,
05/22/2003 21:30:00,21,30,23.7,
05/22/2003 21:45:00,21,45,23.2,
05/22/2003 22:00:00,22,0,22.8,
05/22/2003 22:15:00,22,15,22.4,
05/22/2003 22:30:00,22,30,22,
05/22/2003 22:45:00,22,45,21.5,
05/22/2003 23:00:00,23,0,21,
05/22/2003 23:15:00,23,15,20.6,
05/22/2003 23:30:00,23,30,20.1,
05/22/2003 23:45:00,23,45,19.4,
05/23/2003 00:00:00,0,0,18.3,
05/23/2003 00:15:00,0,15,17.1,
05/23/2003 00:30:00,0,30,17.2,
05/23/2003 00:45:00,0,45,17.4,
05/23/2003 01:00:00,1,0,17.2,
05/23/2003 01:15:00,1,15,17.1,
05/23/2003 01:30:00,1,30,16.8,
05/23/2003 01:45:00,1,45,16.1,
05/23/2003 02:00:00,2,0,14.4,
05/23/2003 02:15:00,2,15,13.8,
05/23/2003 02:30:00,2,30,13.6,
05/23/2003 02:45:00,2,45,13.8,
05/23/2003 03:00:00,3,0,14,
05/23/2003 03:15:00,3,15,14.2,
05/23/2003 03:30:00,3,30,14.4,
05/23/2003 03:45:00,3,45,14.5,
05/23/2003 04:00:00,4,0,14.5,
05/23/2003 04:15:00,4,15,14.5,
05/23/2003 04:30:00,4,30,14.5,
05/23/2003 04:45:00,4,45,14.5,
05/23/2003 05:00:00,5,0,14.6,
05/23/2003 05:15:00,5,15,15.8,
05/23/2003 05:30:00,5,30,18,
05/23/2003 05:45:00,5,45,20.3,
05/23/2003 06:00:00,6,0,21,
05/23/2003 06:15:00,6,15,23,
05/23/2003 06:30:00,6,30,23.1,
05/23/2003 06:45:00,6,45,23.4,
05/23/2003 07:00:00,7,0,23.1,
05/23/2003 07:15:00,7,15,22.7,
05/23/2003 07:30:00,7,30,22.2,
05/23/2003 07:45:00,7,45,22.9,
05/23/2003 08:00:00,8,0,22.3,
05/23/2003 08:15:00,8,15,22.1,
05/23/2003 08:30:00,8,30,22.1,
05/23/2003 08:45:00,8,45,21.2,
05/23/2003 09:00:00,9,0,21.3,
05/23/2003 09:15:00,9,15,21.8,
05/23/2003 09:30:00,9,30,22.2,
05/23/2003 09:45:00,9,45,22.7,
05/23/2003 10:00:00,10,0,23.7,
05/23/2003 10:15:00,10,15,25.1,
05/23/2003 10:30:00,10,30,26.6,
05/23/2003 10:45:00,10,45,28,
05/23/2003 11:00:00,11,0,29.9,
05/23/2003 11:15:00,11,15,32,
05/23/2003 11:30:00,11,30,33,
05/23/2003 11:45:00,11,45,33,
05/23/2003 12:00:00,12,0,33.3,
05/23/2003 12:15:00,12,15,34.4,
05/23/2003 12:30:00,12,30,34.4,
05/23/2003 12:45:00,12,45,34.6,
05/23/2003 13:00:00,13,0,34.7,
05/23/2003 13:15:00,13,15,34.8,
05/23/2003 13:30:00,13,30,35.1,
05/23/2003 13:45:00,13,45,35.3,
05/23/2003 14:00:00,14,0,35.4,
05/23/2003 14:15:00,14,15,35.1,
05/23/2003 14:30:00,14,30,35.1,
05/23/2003 14:45:00,14,45,35.3,
05/23/2003 15:00:00,15,0,36.1,
05/23/2003 15:15:00,15,15,37.5,
05/23/2003 15:30:00,15,30,38.1,
05/23/2003 15:45:00,15,45,38.4,
05/23/2003 16:00:00,16,0,38.3,
05/23/2003 16:15:00,16,15,38.2,
05/23/2003 16:30:00,16,30,38.2,
05/23/2003 16:45:00,16,45,38.2,
05/23/2003 17:00:00,17,0,38.1,
05/23/2003 17:15:00,17,15,37.5,
05/23/2003 17:30:00,17,30,37.1,
05/23/2003 17:45:00,17,45,36.6,
05/23/2003 18:00:00,18,0,35.3,
05/23/2003 18:15:00,18,15,34.9,
05/23/2003 18:30:00,18,30,34.7,
05/23/2003 18:45:00,18,45,34.7,
05/23/2003 19:00:00,19,0,34.9,
05/23/2003 19:15:00,19,15,35.3,
05/23/2003 19:30:00,19,30,35.4,
05/23/2003 19:45:00,19,45,35.2,
05/23/2003 20:00:00,20,0,35.3,
05/23/2003 20:15:00,20,15,33.1,
05/23/2003 20:30:00,20,30,32.5,
05/23/2003 20:45:00,20,45,32,
05/23/2003 21:00:00,21,0,31.1,
05/23/2003 21:15:00,21,15,30.2,
05/23/2003 21:30:00,21,30,29.4,
05/23/2003 21:45:00,21,45,28.6,
05/23/2003 22:00:00,22,0,26.5,
05/23/2003 22:15:00,22,15,25.5,
05/23/2003 22:30:00,22,30,24.7,
05/23/2003 22:45:00,22,45,24.1,
05/23/2003 23:00:00,23,0,23.6,
05/23/2003 23:15:00,23,15,23,
05/23/2003 23:30:00,23,30,22.1,
05/23/2003 23:45:00,23,45,21,
05/24/2003 00:00:00,0,0,19.9,
05/24/2003 00:15:00,0,15,18.9,
05/24/2003 00:30:00,0,30,18.1,
05/24/2003 00:45:00,0,45,17.5,
05/24/2003 01:00:00,1,0,17.1,
05/24/2003 01:15:00,1,15,16.8,
05/24/2003 01:30:00,1,30,16.5,
05/24/2003 01:45:00,1,45,16.1,
05/24/2003 02:00:00,2,0,15.8,
05/24/2003 02:15:00,2,15,15.6,
05/24/2003 02:30:00,2,30,15.4,
05/24/2003 02:45:00,2,45,15.2,
05/24/2003 03:00:00,3,0,14.9,
05/24/2003 03:15:00,3,15,14.7,
05/24/2003 03:30:00,3,30,14.6,
05/24/2003 03:45:00,3,45,14.9,
05/24/2003 04:00:00,4,0,14.8,
05/24/2003 04:15:00,4,15,14.9,
05/24/2003 04:30:00,4,30,16.1,
05/24/2003 04:45:00,4,45,17.7,
05/24/2003 05:00:00,5,0,18.3,
05/24/2003 05:15:00,5,15,18.6,
05/24/2003 05:30:00,5,30,18.8,
05/24/2003 05:45:00,5,45,20.3,
05/24/2003 06:00:00,6,0,21.2,
05/24/2003 06:15:00,6,15,22.7,
05/24/2003 06:30:00,6,30,23,
05/24/2003 06:45:00,6,45,22.7,
05/24/2003 07:00:00,7,0,22.6,
05/24/2003 07:15:00,7,15,22.5,
05/24/2003 07:30:00,7,30,22.3,
05/24/2003 07:45:00,7,45,22.2,
05/24/2003 08:00:00,8,0,22.9,
05/24/2003 08:15:00,8,15,21.8,
05/24/2003 08:30:00,8,30,22.1,
05/24/2003 08:45:00,8,45,21.8,
05/24/2003 09:00:00,9,0,22.3,
05/24/2003 09:15:00,9,15,23.1,
05/24/2003 09:30:00,9,30,24.9,
05/24/2003 09:45:00,9,45,26.4,
05/24/2003 10:00:00,10,0,28.5,
05/24/2003 10:15:00,10,15,30.6,
05/24/2003 10:30:00,10,30,32,
05/24/2003 10:45:00,10,45,33.1,
05/24/2003 11:00:00,11,0,33.5,
05/24/2003 11:15:00,11,15,34.6,
05/24/2003 11:30:00,11,30,34.9,
05/24/2003 11:45:00,11,45,34.6,
05/24/2003 12:00:00,12,0,34.4,
05/24/2003 12:15:00,12,15,34.4,
05/24/2003 12:30:00,12,30,34.8,
05/24/2003 12:45:00,12,45,35.4,
05/24/2003 13:00:00,13,0,36.7,
05/24/2003 13:15:00,13,15,37.7,
05/24/2003 13:30:00,13,30,38.4,
05/24/2003 13:45:00,13,45,39.1,
05/24/2003 14:00:00,14,0,39.7,
05/24/2003 14:15:00,14,15,40.3,
05/24/2003 14:30:00,14,30,40.8,
05/24/2003 14:45:00,14,45,41.2,
05/24/2003 15:00:00,15,0,41.4,
05/24/2003 15:15:00,15,15,41.7,
05/24/2003 15:30:00,15,30,41.9,
05/24/2003 15:45:00,15,45,42,
05/24/2003 16:00:00,16,0,42.2,
05/24/2003 16:15:00,16,15,42.2,
05/24/2003 16:30:00,16,30,42,
05/24/2003 16:45:00,16,45,41.9,
05/24/2003 17:00:00,17,0,41.7,
05/24/2003 17:15:00,17,15,41.4,
05/24/2003 17:30:00,17,30,40.9,
05/24/2003 17:45:00,17,45,40,
05/24/2003 18:00:00,18,0,39.1,
05/24/2003 18:15:00,18,15,38.5,
05/24/2003 18:30:00,18,30,38.1,
05/24/2003 18:45:00,18,45,37.7,
05/24/2003 19:00:00,19,0,37.4,
05/24/2003 19:15:00,19,15,37,
05/24/2003 19:30:00,19,30,36.5,
05/24/2003 19:45:00,19,45,35.2,
05/24/2003 20:00:00,20,0,35.1,
05/24/2003 20:15:00,20,15,35.4,
05/24/2003 20:30:00,20,30,34.1,
05/24/2003 20:45:00,20,45,33.4,
05/24/2003 21:00:00,21,0,32.9,
05/24/2003 21:15:00,21,15,32.2,
05/24/2003 21:30:00,21,30,31.3,
05/24/2003 21:45:00,21,45,30.5,
05/24/2003 22:00:00,22,0,29.9,
05/24/2003 22:15:00,22,15,29.4,
05/24/2003 22:30:00,22,30,28.6,
05/24/2003 22:45:00,22,45,28,
05/24/2003 23:00:00,23,0,27.2,
05/24/2003 23:15:00,23,15,26.1,
05/24/2003 23:30:00,23,30,24.6,
05/24/2003 23:45:00,23,45,23.9,
05/25/2003 00:00:00,0,0,23.1,
05/25/2003 00:15:00,0,15,22.3,
05/25/2003 00:30:00,0,30,21.7,
05/25/2003 00:45:00,0,45,21.3,
05/25/2003 01:00:00,1,0,21.2,
05/25/2003 01:15:00,1,15,20.9,
05/25/2003 01:30:00,1,30,20.6,
05/25/2003 01:45:00,1,45,20.5,
05/25/2003 02:00:00,2,0,20.2,
05/25/2003 02:15:00,2,15,20.1,
05/25/2003 02:30:00,2,30,19.9,
05/25/2003 02:45:00,2,45,19.8,
05/25/2003 03:00:00,3,0,19.7,
05/25/2003 03:15:00,3,15,19.7,
05/25/2003 03:30:00,3,30,18.5,
05/25/2003 03:45:00,3,45,17.1,
05/25/2003 04:00:00,4,0,16.2,
05/25/2003 04:15:00,4,15,16.2,
05/25/2003 04:30:00,4,30,17.5,
05/25/2003 04:45:00,4,45,18.3,
05/25/2003 05:00:00,5,0,19.1,
05/25/2003 05:15:00,5,15,20,
05/25/2003 05:30:00,5,30,20.7,
05/25/2003 05:45:00,5,45,21.2,
05/25/2003 06:00:00,6,0,21.5,
05/25/2003 06:15:00,6,15,22.9,
05/25/2003 06:30:00,6,30,22.1,
05/25/2003 06:45:00,6,45,22.8,
05/25/2003 07:00:00,7,0,22.1,
05/25/2003 07:15:00,7,15,22.9,
05/25/2003 07:30:00,7,30,22.5,
05/25/2003 07:45:00,7,45,22.1,
05/25/2003 08:00:00,8,0,22,
05/25/2003 08:15:00,8,15,22.2,
05/25/2003 08:30:00,8,30,22.4,
05/25/2003 08:45:00,8,45,22.7,
05/25/2003 09:00:00,9,0,23.7,
05/25/2003 09:15:00,9,15,26.1,
05/25/2003 09:30:00,9,30,27.6,
05/25/2003 09:45:00,9,45,28.7,
05/25/2003 10:00:00,10,0,30.4,
05/25/2003 10:15:00,10,15,32,
05/25/2003 10:30:00,10,30,32.8,
05/25/2003 10:45:00,10,45,33.1,
05/25/2003 11:00:00,11,0,34.2,
05/25/2003 11:15:00,11,15,34.5,
05/25/2003 11:30:00,11,30,34.3,
05/25/2003 11:45:00,11,45,34.2,
05/25/2003 12:00:00,12,0,34.5,
05/25/2003 12:15:00,12,15,34.9,
05/25/2003 12:30:00,12,30,36.1,
05/25/2003 12:45:00,12,45,37,
05/25/2003 13:00:00,13,0,37.8,
05/25/2003 13:15:00,13,15,38.5,
05/25/2003 13:30:00,13,30,39.2,
05/25/2003 13:45:00,13,45,39.8,
05/25/2003 14:00:00,14,0,40,
05/25/2003 14:15:00,14,15,40.2,
05/25/2003 14:30:00,14,30,40.9,
05/25/2003 14:45:00,14,45,41.5,
05/25/2003 15:00:00,15,0,41.8,
05/25/2003 15:15:00,15,15,41.5,
05/25/2003 15:30:00,15,30,41.7,
05/25/2003 15:45:00,15,45,42,
05/25/2003 16:00:00,16,0,42,
05/25/2003 16:15:00,16,15,40.6,
05/25/2003 16:30:00,16,30,40.2,
05/25/2003 16:45:00,16,45,39.1,
05/25/2003 17:00:00,17,0,40.3,
05/25/2003 17:15:00,17,15,40.5,
05/25/2003 17:30:00,17,30,40.4,
05/25/2003 17:45:00,17,45,39.4,
05/25/2003 18:00:00,18,0,39.2,
05/25/2003 18:15:00,18,15,39,
05/25/2003 18:30:00,18,30,38.6,
05/25/2003 18:45:00,18,45,36.4,
05/25/2003 19:00:00,19,0,36,
05/25/2003 19:15:00,19,15,36.2,
05/25/2003 19:30:00,19,30,35.6,
05/25/2003 19:45:00,19,45,34.8,
05/25/2003 20:00:00,20,0,35.1,
05/25/2003 20:15:00,20,15,34.9,
05/25/2003 20:30:00,20,30,33.5,
05/25/2003 20:45:00,20,45,32.8,
05/25/2003 21:00:00,21,0,32.6,
05/25/2003 21:15:00,21,15,31.9,
05/25/2003 21:30:00,21,30,31.3,
05/25/2003 21:45:00,21,45,30.7,
05/25/2003 22:00:00,22,0,30,
05/25/2003 22:15:00,22,15,29.4,
05/25/2003 22:30:00,22,30,28.9,
05/25/2003 22:45:00,22,45,28.1,
05/25/2003 23:00:00,23,0,27.4,
05/25/2003 23:15:00,23,15,26,
05/25/2003 23:30:00,23,30,24.4,
05/25/2003 23:45:00,23,45,23.8,
05/26/2003 00:00:00,0,0,23.2,
05/26/2003 00:15:00,0,15,22.4,
05/26/2003 00:30:00,0,30,21.9,
05/26/2003 00:45:00,0,45,21.5,
05/26/2003 01:00:00,1,0,21.2,
05/26/2003 01:15:00,1,15,21.1,
05/26/2003 01:30:00,1,30,21,
05/26/2003 01:45:00,1,45,20.8,
05/26/2003 02:00:00,2,0,20.5,
05/26/2003 02:15:00,2,15,20.4,
05/26/2003 02:30:00,2,30,20.2,
05/26/2003 02:45:00,2,45,20,
05/26/2003 03:00:00,3,0,19.9,
05/26/2003 03:15:00,3,15,19.8,
05/26/2003 03:30:00,3,30,19.7,
05/26/2003 03:45:00,3,45,20.2,
05/26/2003 04:00:00,4,0,21.1,
05/26/2003 04:15:00,4,15,21,
05/26/2003 04:30:00,4,30,20.1,
05/26/2003 04:45:00,4,45,19.7,
05/26/2003 05:00:00,5,0,20,
05/26/2003 05:15:00,5,15,20.4,
05/26/2003 05:30:00,5,30,19.4,
05/26/2003 05:45:00,5,45,19.8,
05/26/2003 06:00:00,6,0,21.4,
05/26/2003 06:15:00,6,15,22.4,
05/26/2003 06:30:00,6,30,22.7,
05/26/2003 06:45:00,6,45,22.4,
05/26/2003 07:00:00,7,0,22.2,
05/26/2003 07:15:00,7,15,22.1,
05/26/2003 07:30:00,7,30,22.1,
05/26/2003 07:45:00,7,45,21.9,
05/26/2003 08:00:00,8,0,22,
05/26/2003 08:15:00,8,15,22.2,
05/26/2003 08:30:00,8,30,22.4,
05/26/2003 08:45:00,8,45,23.9,
05/26/2003 09:00:00,9,0,25.7,
05/26/2003 09:15:00,9,15,26.8,
05/26/2003 09:30:00,9,30,27.6,
05/26/2003 09:45:00,9,45,28.2,
05/26/2003 10:00:00,10,0,29.8,
05/26/2003 10:15:00,10,15,31.2,
05/26/2003 10:30:00,10,30,32.5,
05/26/2003 10:45:00,10,45,33,
05/26/2003 11:00:00,11,0,33.7,
05/26/2003 11:15:00,11,15,34.6,
05/26/2003 11:30:00,11,30,34.4,
05/26/2003 11:45:00,11,45,34.2,
05/26/2003 12:00:00,12,0,34.8,
05/26/2003 12:15:00,12,15,36.1,
05/26/2003 12:30:00,12,30,37,
05/26/2003 12:45:00,12,45,37.6,
05/26/2003 13:00:00,13,0,38.3,
05/26/2003 13:15:00,13,15,38.8,
05/26/2003 13:30:00,13,30,39.3,
05/26/2003 13:45:00,13,45,39.8,
05/26/2003 14:00:00,14,0,40.1,
05/26/2003 14:15:00,14,15,40.8,
05/26/2003 14:30:00,14,30,41.5,
05/26/2003 14:45:00,14,45,42.1,
05/26/2003 15:00:00,15,0,42,
05/26/2003 15:15:00,15,15,42.3,
05/26/2003 15:30:00,15,30,42.2,
05/26/2003 15:45:00,15,45,42.4,
05/26/2003 16:00:00,16,0,42.5,
05/26/2003 16:15:00,16,15,42.1,
05/26/2003 16:30:00,16,30,41.8,
05/26/2003 16:45:00,16,45,41.5,
05/26/2003 17:00:00,17,0,41.4,
05/26/2003 17:15:00,17,15,41.3,
05/26/2003 17:30:00,17,30,41.1,
05/26/2003 17:45:00,17,45,40.6,
05/26/2003 18:00:00,18,0,40.4,
05/26/2003 18:15:00,18,15,39.5,
05/26/2003 18:30:00,18,30,39.1,
05/26/2003 18:45:00,18,45,38.7,
05/26/2003 19:00:00,19,0,38.1,
05/26/2003 19:15:00,19,15,37.9,
05/26/2003 19:30:00,19,30,37.6,
05/26/2003 19:45:00,19,45,36.5,
05/26/2003 20:00:00,20,0,35.2,
05/26/2003 20:15:00,20,15,35.2,
05/26/2003 20:30:00,20,30,33.8,
05/26/2003 20:45:00,20,45,32.5,
05/26/2003 21:00:00,21,0,32.5,
05/26/2003 21:15:00,21,15,31.9,
05/26/2003 21:30:00,21,30,31.2,
05/26/2003 21:45:00,21,45,30.7,
05/26/2003 22:00:00,22,0,30.4,
05/26/2003 22:15:00,22,15,30.1,
05/26/2003 22:30:00,22,30,29.7,
05/26/2003 22:45:00,22,45,28.8,
05/26/2003 23:00:00,23,0,27.6,
05/26/2003 23:15:00,23,15,27.4,
05/26/2003 23:30:00,23,30,26.9,
05/26/2003 23:45:00,23,45,24.8,
05/27/2003 00:00:00,0,0,23.2,
05/27/2003 00:15:00,0,15,22.5,
05/27/2003 00:30:00,0,30,22,
05/27/2003 00:45:00,0,45,21.7,
05/27/2003 01:00:00,1,0,21.5,
05/27/2003 01:15:00,1,15,21.3,
05/27/2003 01:30:00,1,30,21.2,
05/27/2003 01:45:00,1,45,21,
05/27/2003 02:00:00,2,0,20.9,
05/27/2003 02:15:00,2,15,20.8,
05/27/2003 02:30:00,2,30,20.7,
05/27/2003 02:45:00,2,45,20.6,
05/27/2003 03:00:00,3,0,20.4,
05/27/2003 03:15:00,3,15,20.2,
05/27/2003 03:30:00,3,30,20.1,
05/27/2003 03:45:00,3,45,20,
05/27/2003 04:00:00,4,0,20.8,
05/27/2003 04:15:00,4,15,21.6,
05/27/2003 04:30:00,4,30,21.1,
05/27/2003 04:45:00,4,45,20.2,
05/27/2003 05:00:00,5,0,20.1,
05/27/2003 05:15:00,5,15,20.6,
05/27/2003 05:30:00,5,30,21.6,
05/27/2003 05:45:00,5,45,21.1,
05/27/2003 06:00:00,6,0,21,
05/27/2003 06:15:00,6,15,22.2,
05/27/2003 06:30:00,6,30,23,
05/27/2003 06:45:00,6,45,22.4,
05/27/2003 07:00:00,7,0,22.1,
05/27/2003 07:15:00,7,15,22,
05/27/2003 07:30:00,7,30,22.1,
05/27/2003 07:45:00,7,45,22.2,
05/27/2003 08:00:00,8,0,22.3,
05/27/2003 08:15:00,8,15,22.6,
05/27/2003 08:30:00,8,30,23.1,
05/27/2003 08:45:00,8,45,23.9,
05/27/2003 09:00:00,9,0,26.2,
05/27/2003 09:15:00,9,15,27.9,
05/27/2003 09:30:00,9,30,28.8,
05/27/2003 09:45:00,9,45,29.9,
05/27/2003 10:00:00,10,0,31.2,
05/27/2003 10:15:00,10,15,32.3,
05/27/2003 10:30:00,10,30,32.9,
05/27/2003 10:45:00,10,45,33.7,
05/27/2003 11:00:00,11,0,34.1,
05/27/2003 11:15:00,11,15,34.1,
05/27/2003 11:30:00,11,30,35.4,
05/27/2003 11:45:00,11,45,36.8,
05/27/2003 12:00:00,12,0,37.9,
05/27/2003 12:15:00,12,15,38.9,
05/27/2003 12:30:00,12,30,39.7,
05/27/2003 12:45:00,12,45,40.6,
05/27/2003 13:00:00,13,0,41.5,
05/27/2003 13:15:00,13,15,42.1,
05/27/2003 13:30:00,13,30,42.7,
05/27/2003 13:45:00,13,45,43.2,
05/27/2003 14:00:00,14,0,43.6,
05/27/2003 14:15:00,14,15,43.8,
05/27/2003 14:30:00,14,30,44.2,
05/27/2003 14:45:00,14,45,44.4,
05/27/2003 15:00:00,15,0,44.6,
05/27/2003 15:15:00,15,15,44.8,
05/27/2003 15:30:00,15,30,44.9,
05/27/2003 15:45:00,15,45,44.9,
05/27/2003 16:00:00,16,0,44.8,
05/27/2003 16:15:00,16,15,44.8,
05/27/2003 16:30:00,16,30,44.7,
05/27/2003 16:45:00,16,45,44.5,
05/27/2003 17:00:00,17,0,44.1,
05/27/2003 17:15:00,17,15,43.8,
05/27/2003 17:30:00,17,30,43.6,
05/27/2003 17:45:00,17,45,43.1,
05/27/2003 18:00:00,18,0,42.5,
05/27/2003 18:15:00,18,15,42.1,
05/27/2003 18:30:00,18,30,41.2,
05/27/2003 18:45:00,18,45,39.7,
05/27/2003 19:00:00,19,0,38.9,
05/27/2003 19:15:00,19,15,38.5,
05/27/2003 19:30:00,19,30,38.5,
05/27/2003 19:45:00,19,45,37.3,
05/27/2003 20:00:00,20,0,35.9,
05/27/2003 20:15:00,20,15,33.4,
05/27/2003 20:30:00,20,30,32.6,
05/27/2003 20:45:00,20,45,32,
05/27/2003 21:00:00,21,0,32.2,
05/27/2003 21:15:00,21,15,32,
05/27/2003 21:30:00,21,30,31.5,
05/27/2003 21:45:00,21,45,31.1,
05/27/2003 22:00:00,22,0,30.6,
05/27/2003 22:15:00,22,15,30.5,
05/27/2003 22:30:00,22,30,30.2,
05/27/2003 22:45:00,22,45,29.7,
05/27/2003 23:00:00,23,0,29.7,
05/27/2003 23:15:00,23,15,29.3,
05/27/2003 23:30:00,23,30,28.8,
05/27/2003 23:45:00,23,45,28.1,
05/28/2003 00:00:00,0,0,27,
05/28/2003 00:15:00,0,15,25.6,
05/28/2003 00:30:00,0,30,24.4,
05/28/2003 00:45:00,0,45,23,
05/28/2003 01:00:00,1,0,22.8,
05/28/2003 01:15:00,1,15,22.8,
05/28/2003 01:30:00,1,30,22.9,
05/28/2003 01:45:00,1,45,22.8,
05/28/2003 02:00:00,2,0,22.6,
05/28/2003 02:15:00,2,15,22.4,
05/28/2003 02:30:00,2,30,22.3,
05/28/2003 02:45:00,2,45,22.2,
05/28/2003 03:00:00,3,0,22.4,
05/28/2003 03:15:00,3,15,22.5,
05/28/2003 03:30:00,3,30,22.5,
05/28/2003 03:45:00,3,45,22.4,
05/28/2003 04:00:00,4,0,22.8,
05/28/2003 04:15:00,4,15,24,
05/28/2003 04:30:00,4,30,24.5,
05/28/2003 04:45:00,4,45,24.8,
05/28/2003 05:00:00,5,0,25,
05/28/2003 05:15:00,5,15,24.4,
05/28/2003 05:30:00,5,30,24.4,
05/28/2003 05:45:00,5,45,24.9,
05/28/2003 06:00:00,6,0,25.4,
05/28/2003 06:15:00,6,15,25.8,
05/28/2003 06:30:00,6,30,25.6,
05/28/2003 06:45:00,6,45,24.6,
05/28/2003 07:00:00,7,0,24.5,
05/28/2003 07:15:00,7,15,24.5,
05/28/2003 07:30:00,7,30,24.3,
05/28/2003 07:45:00,7,45,24.3,
05/28/2003 08:00:00,8,0,24.4,
05/28/2003 08:15:00,8,15,24.4,
05/28/2003 08:30:00,8,30,24.4,
05/28/2003 08:45:00,8,45,24.5,
05/28/2003 09:00:00,9,0,24.5,
05/28/2003 09:15:00,9,15,24.4,
05/28/2003 09:30:00,9,30,25.5,
05/28/2003 09:45:00,9,45,26.9,
05/28/2003 10:00:00,10,0,27.3,
05/28/2003 10:15:00,10,15,26.9,
05/28/2003 10:30:00,10,30,27.1,
05/28/2003 10:45:00,10,45,27.3,
05/28/2003 11:00:00,11,0,27.7,
05/28/2003 11:15:00,11,15,28.2,
05/28/2003 11:30:00,11,30,28.2,
05/28/2003 11:45:00,11,45,27.8,
05/28/2003 12:00:00,12,0,27.6,
05/28/2003 12:15:00,12,15,28,
05/28/2003 12:30:00,12,30,28.7,
05/28/2003 12:45:00,12,45,29.1,
05/28/2003 13:00:00,13,0,29.4,
05/28/2003 13:15:00,13,15,30,
05/28/2003 13:30:00,13,30,29.3,
05/28/2003 13:45:00,13,45,28,
05/28/2003 14:00:00,14,0,27.6,
05/28/2003 14:15:00,14,15,26.9,
05/28/2003 14:30:00,14,30,26.5,
05/28/2003 14:45:00,14,45,26.2,
05/28/2003 15:00:00,15,0,25.7,
05/28/2003 15:15:00,15,15,25,
05/28/2003 15:30:00,15,30,24.9,
05/28/2003 15:45:00,15,45,25.2,
05/28/2003 16:00:00,16,0,26.2,
05/28/2003 16:15:00,16,15,28.3,
05/28/2003 16:30:00,16,30,30.3,
05/28/2003 16:45:00,16,45,31,
05/28/2003 17:00:00,17,0,31.2,
05/28/2003 17:15:00,17,15,31,
05/28/2003 17:30:00,17,30,30.6,
05/28/2003 17:45:00,17,45,30.4,
05/28/2003 18:00:00,18,0,30.8,
05/28/2003 18:15:00,18,15,30.7,
05/28/2003 18:30:00,18,30,30.7,
05/28/2003 18:45:00,18,45,30.8,
05/28/2003 19:00:00,19,0,30.8,
05/28/2003 19:15:00,19,15,30.8,
05/28/2003 19:30:00,19,30,30,
05/28/2003 19:45:00,19,45,29.8,
05/28/2003 20:00:00,20,0,30.3,
05/28/2003 20:15:00,20,15,30.8,
05/28/2003 20:30:00,20,30,31.1,
05/28/2003 20:45:00,20,45,31.1,
05/28/2003 21:00:00,21,0,30.8,
05/28/2003 21:15:00,21,15,30.3,
05/28/2003 21:30:00,21,30,29,
05/28/2003 21:45:00,21,45,27.9,
05/28/2003 22:00:00,22,0,27.5,
05/28/2003 22:15:00,22,15,26.8,
05/28/2003 22:30:00,22,30,25.8,
05/28/2003 22:45:00,22,45,25.1,
05/28/2003 23:00:00,23,0,24.4,
05/28/2003 23:15:00,23,15,23.6,
05/28/2003 23:30:00,23,30,22.5,
05/28/2003 23:45:00,23,45,21.5,
05/29/2003 00:00:00,0,0,20.6,
05/29/2003 00:15:00,0,15,19.9,
05/29/2003 00:30:00,0,30,19.3,
05/29/2003 00:45:00,0,45,18.9,
05/29/2003 01:00:00,1,0,18.8,
05/29/2003 01:15:00,1,15,18.5,
05/29/2003 01:30:00,1,30,18,
05/29/2003 01:45:00,1,45,17.7,
05/29/2003 02:00:00,2,0,17.4,
05/29/2003 02:15:00,2,15,17.4,
05/29/2003 02:30:00,2,30,18.5,
05/29/2003 02:45:00,2,45,18.9,
05/29/2003 03:00:00,3,0,18.7,
05/29/2003 03:15:00,3,15,18.4,
05/29/2003 03:30:00,3,30,18.1,
05/29/2003 03:45:00,3,45,17.6,
05/29/2003 04:00:00,4,0,16,
05/29/2003 04:15:00,4,15,15.4,
05/29/2003 04:30:00,4,30,15.6,
05/29/2003 04:45:00,4,45,16.3,
05/29/2003 05:00:00,5,0,16.9,
05/29/2003 05:15:00,5,15,17.2,
05/29/2003 05:30:00,5,30,17.7,
05/29/2003 05:45:00,5,45,19.9,
05/29/2003 06:00:00,6,0,21.8,
05/29/2003 06:15:00,6,15,22.4,
05/29/2003 06:30:00,6,30,23,
05/29/2003 06:45:00,6,45,22.4,
05/29/2003 07:00:00,7,0,22.5,
05/29/2003 07:15:00,7,15,22.6,
05/29/2003 07:30:00,7,30,22.7,
05/29/2003 07:45:00,7,45,23.1,
05/29/2003 08:00:00,8,0,24.2,
05/29/2003 08:15:00,8,15,24.7,
05/29/2003 08:30:00,8,30,24.9,
05/29/2003 08:45:00,8,45,25.3,
05/29/2003 09:00:00,9,0,26,
05/29/2003 09:15:00,9,15,27.1,
05/29/2003 09:30:00,9,30,28,
05/29/2003 09:45:00,9,45,28.7,
05/29/2003 10:00:00,10,0,30.5,
05/29/2003 10:15:00,10,15,31.8,
05/29/2003 10:30:00,10,30,32.4,
05/29/2003 10:45:00,10,45,31.5,
05/29/2003 11:00:00,11,0,31.7,
05/29/2003 11:15:00,11,15,33.3,
05/29/2003 11:30:00,11,30,34.6,
05/29/2003 11:45:00,11,45,34.6,
05/29/2003 12:00:00,12,0,35.3,
05/29/2003 12:15:00,12,15,37,
05/29/2003 12:30:00,12,30,37.4,
05/29/2003 12:45:00,12,45,36,
05/29/2003 13:00:00,13,0,35.8,
05/29/2003 13:15:00,13,15,37.7,
05/29/2003 13:30:00,13,30,37.2,
05/29/2003 13:45:00,13,45,37.6,
05/29/2003 14:00:00,14,0,38.6,
05/29/2003 14:15:00,14,15,38.8,
05/29/2003 14:30:00,14,30,40.2,
05/29/2003 14:45:00,14,45,41.5,
05/29/2003 15:00:00,15,0,40.2,
05/29/2003 15:15:00,15,15,38.8,
05/29/2003 15:30:00,15,30,38.9,
05/29/2003 15:45:00,15,45,39.3,
05/29/2003 16:00:00,16,0,41.2,
05/29/2003 16:15:00,16,15,39.6,
05/29/2003 16:30:00,16,30,40.7,
05/29/2003 16:45:00,16,45,40.5,
05/29/2003 17:00:00,17,0,40.8,
05/29/2003 17:15:00,17,15,38.9,
05/29/2003 17:30:00,17,30,34.3,
05/29/2003 17:45:00,17,45,31.1,
05/29/2003 18:00:00,18,0,30.3,
05/29/2003 18:15:00,18,15,29.7,
05/29/2003 18:30:00,18,30,30.4,
05/29/2003 18:45:00,18,45,30.5,
05/29/2003 19:00:00,19,0,31,
05/29/2003 19:15:00,19,15,30.5,
05/29/2003 19:30:00,19,30,30.5,
05/29/2003 19:45:00,19,45,29.5,
05/29/2003 20:00:00,20,0,28.5,
05/29/2003 20:15:00,20,15,28.3,
05/29/2003 20:30:00,20,30,28.4,
05/29/2003 20:45:00,20,45,28.4,
05/29/2003 21:00:00,21,0,28.4,
05/29/2003 21:15:00,21,15,28.2,
05/29/2003 21:30:00,21,30,27.5,
05/29/2003 21:45:00,21,45,26.8,
05/29/2003 22:00:00,22,0,26.5,
05/29/2003 22:15:00,22,15,26.1,
05/29/2003 22:30:00,22,30,26.6,
05/29/2003 22:45:00,22,45,27,
05/29/2003 23:00:00,23,0,26.4,
05/29/2003 23:15:00,23,15,25.7,
05/29/2003 23:30:00,23,30,25.2,
05/29/2003 23:45:00,23,45,24.7,
05/30/2003 00:00:00,0,0,25.2,
05/30/2003 00:15:00,0,15,25.3,
05/30/2003 00:30:00,0,30,25.3,
05/30/2003 00:45:00,0,45,24.3,
05/30/2003 01:00:00,1,0,22.9,
05/30/2003 01:15:00,1,15,22.6,
05/30/2003 01:30:00,1,30,21.9,
05/30/2003 01:45:00,1,45,20.6,
05/30/2003 02:00:00,2,0,19.7,
05/30/2003 02:15:00,2,15,18.8,
05/30/2003 02:30:00,2,30,18.4,
05/30/2003 02:45:00,2,45,18.4,
05/30/2003 03:00:00,3,0,18.3,
05/30/2003 03:15:00,3,15,18.2,
05/30/2003 03:30:00,3,30,18.3,
05/30/2003 03:45:00,3,45,18.4,
05/30/2003 04:00:00,4,0,18.4,
05/30/2003 04:15:00,4,15,18.2,
05/30/2003 04:30:00,4,30,18.1,
05/30/2003 04:45:00,4,45,18.1,
05/30/2003 05:00:00,5,0,18.5,
05/30/2003 05:15:00,5,15,19,
05/30/2003 05:30:00,5,30,20.3,
05/30/2003 05:45:00,5,45,21.7,
05/30/2003 06:00:00,6,0,22.2,
05/30/2003 06:15:00,6,15,22.5,
05/30/2003 06:30:00,6,30,23.1,
05/30/2003 06:45:00,6,45,23.3,
05/30/2003 07:00:00,7,0,23.4,
05/30/2003 07:15:00,7,15,23.5,
05/30/2003 07:30:00,7,30,22.9,
05/30/2003 07:45:00,7,45,22.2,
05/30/2003 08:00:00,8,0,22.3,
05/30/2003 08:15:00,8,15,21.9,
05/30/2003 08:30:00,8,30,22.4,
05/30/2003 08:45:00,8,45,22.2,
05/30/2003 09:00:00,9,0,22.1,
05/30/2003 09:15:00,9,15,22,
05/30/2003 09:30:00,9,30,22,
05/30/2003 09:45:00,9,45,22,
05/30/2003 10:00:00,10,0,22,
05/30/2003 10:15:00,10,15,22,
05/30/2003 10:30:00,10,30,22.1,
05/30/2003 10:45:00,10,45,22.1,
05/30/2003 11:00:00,11,0,22.9,
05/30/2003 11:15:00,11,15,24.4,
05/30/2003 11:30:00,11,30,25,
05/30/2003 11:45:00,11,45,25.4,
05/30/2003 12:00:00,12,0,25.5,
05/30/2003 12:15:00,12,15,25.8,
05/30/2003 12:30:00,12,30,26.3,
05/30/2003 12:45:00,12,45,26.7,
05/30/2003 13:00:00,13,0,27,
05/30/2003 13:15:00,13,15,27.5,
05/30/2003 13:30:00,13,30,28.7,
05/30/2003 13:45:00,13,45,30.8,
05/30/2003 14:00:00,14,0,30.3,
05/30/2003 14:15:00,14,15,29.2,
05/30/2003 14:30:00,14,30,28.2,
05/30/2003 14:45:00,14,45,27.9,
05/30/2003 15:00:00,15,0,25.7,
05/30/2003 15:15:00,15,15,24.4,
05/30/2003 15:30:00,15,30,23.7,
05/30/2003 15:45:00,15,45,23.5,
05/30/2003 16:00:00,16,0,23.7,
05/30/2003 16:15:00,16,15,24.1,
05/30/2003 16:30:00,16,30,24.5,
05/30/2003 16:45:00,16,45,24.4,
05/30/2003 17:00:00,17,0,24.2,
05/30/2003 17:15:00,17,15,23.4,
05/30/2003 17:30:00,17,30,23,
05/30/2003 17:45:00,17,45,22.8,
05/30/2003 18:00:00,18,0,23,
05/30/2003 18:15:00,18,15,22.8,
05/30/2003 18:30:00,18,30,22.8,
05/30/2003 18:45:00,18,45,24.3,
05/30/2003 19:00:00,19,0,24.9,
05/30/2003 19:15:00,19,15,25.2,
05/30/2003 19:30:00,19,30,25.6,
05/30/2003 19:45:00,19,45,26.1,
05/30/2003 20:00:00,20,0,27,
05/30/2003 20:15:00,20,15,27.8,
05/30/2003 20:30:00,20,30,27.6,
05/30/2003 20:45:00,20,45,27.2,
05/30/2003 21:00:00,21,0,26.9,
05/30/2003 21:15:00,21,15,26.3,
05/30/2003 21:30:00,21,30,24.1,
05/30/2003 21:45:00,21,45,23.1,
05/30/2003 22:00:00,22,0,22.6,
05/30/2003 22:15:00,22,15,22,
05/30/2003 22:30:00,22,30,21.1,
05/30/2003 22:45:00,22,45,20.5,
05/30/2003 23:00:00,23,0,20,
05/30/2003 23:15:00,23,15,19.7,
05/30/2003 23:30:00,23,30,19.4,
05/30/2003 23:45:00,23,45,18.9,
05/31/2003 00:00:00,0,0,18.2,
06/01/2003 00:15:00,0,15,18.3,
06/01/2003 00:30:00,0,30,17.4,
06/01/2003 00:45:00,0,45,16.6,
06/01/2003 01:00:00,1,0,16.1,
06/01/2003 01:15:00,1,15,15.7,
06/01/2003 01:30:00,1,30,15.4,
06/01/2003 01:45:00,1,45,15.2,
06/01/2003 02:00:00,2,0,15,
06/01/2003 02:15:00,2,15,14.7,
06/01/2003 02:30:00,2,30,14.5,
06/01/2003 02:45:00,2,45,14.7,
06/01/2003 03:00:00,3,0,14.7,
06/01/2003 03:15:00,3,15,14.7,
06/01/2003 03:30:00,3,30,15.8,
06/01/2003 03:45:00,3,45,16.6,
06/01/2003 04:00:00,4,0,17,
06/01/2003 04:15:00,4,15,17.1,
06/01/2003 04:30:00,4,30,17.4,
06/01/2003 04:45:00,4,45,17.2,
06/01/2003 05:00:00,5,0,16.5,
06/01/2003 05:15:00,5,15,16.8,
06/01/2003 05:30:00,5,30,18.6,
06/01/2003 05:45:00,5,45,19.8,
06/01/2003 06:00:00,6,0,21.9,
06/01/2003 06:15:00,6,15,23.1,
06/01/2003 06:30:00,6,30,22.5,
06/01/2003 06:45:00,6,45,22.7,
06/01/2003 07:00:00,7,0,22.5,
06/01/2003 07:15:00,7,15,22.7,
06/01/2003 07:30:00,7,30,22.4,
06/01/2003 07:45:00,7,45,22.5,
06/01/2003 08:00:00,8,0,22.6,
06/01/2003 08:15:00,8,15,23.6,
06/01/2003 08:30:00,8,30,24.5,
06/01/2003 08:45:00,8,45,25.2,
06/01/2003 09:00:00,9,0,25.9,
06/01/2003 09:15:00,9,15,26.9,
06/01/2003 09:30:00,9,30,27.5,
06/01/2003 09:45:00,9,45,27.9,
06/01/2003 10:00:00,10,0,29.4,
06/01/2003 10:15:00,10,15,31.1,
06/01/2003 10:30:00,10,30,32.1,
06/01/2003 10:45:00,10,45,32.7,
06/01/2003 11:00:00,11,0,33,
06/01/2003 11:15:00,11,15,34.3,
06/01/2003 11:30:00,11,30,35.2,
06/01/2003 11:45:00,11,45,35.1,
06/01/2003 12:00:00,12,0,35.2,
06/01/2003 12:15:00,12,15,36.2,
06/01/2003 12:30:00,12,30,37,
06/01/2003 12:45:00,12,45,37.5,
06/01/2003 13:00:00,13,0,38.2,
06/01/2003 13:15:00,13,15,38.5,
06/01/2003 13:30:00,13,30,38.7,
06/01/2003 13:45:00,13,45,38.4,
06/01/2003 14:00:00,14,0,38.6,
06/01/2003 14:15:00,14,15,37,
06/01/2003 14:30:00,14,30,36.6,
06/01/2003 14:45:00,14,45,36.5,
06/01/2003 15:00:00,15,0,38.6,
06/01/2003 15:15:00,15,15,39.9,
06/01/2003 15:30:00,15,30,40.6,
06/01/2003 15:45:00,15,45,40.6,
06/01/2003 16:00:00,16,0,39,
06/01/2003 16:15:00,16,15,36.3,
06/01/2003 16:30:00,16,30,34.6,
06/01/2003 16:45:00,16,45,35.1,
06/01/2003 17:00:00,17,0,35.4,
06/01/2003 17:15:00,17,15,34.6,
06/01/2003 17:30:00,17,30,34.7,
06/01/2003 17:45:00,17,45,34.4,
06/01/2003 18:00:00,18,0,34.7,
06/01/2003 18:15:00,18,15,35.1,
06/01/2003 18:30:00,18,30,35.1,
06/01/2003 18:45:00,18,45,34.4,
06/01/2003 19:00:00,19,0,34.5,
06/01/2003 19:15:00,19,15,33.3,
06/01/2003 19:30:00,19,30,32.8,
06/01/2003 19:45:00,19,45,33.5,
06/01/2003 20:00:00,20,0,34.3,
06/01/2003 20:15:00,20,15,34.7,
06/01/2003 20:30:00,20,30,32.5,
06/01/2003 20:45:00,20,45,32.3,
06/01/2003 21:00:00,21,0,31.9,
06/01/2003 21:15:00,21,15,30.8,
06/01/2003 21:30:00,21,30,28.6,
06/01/2003 21:45:00,21,45,27.6,
06/01/2003 22:00:00,22,0,27.1,
06/01/2003 22:15:00,22,15,26.7,
06/01/2003 22:30:00,22,30,26.2,
06/01/2003 22:45:00,22,45,25.7,
06/01/2003 23:00:00,23,0,25,
06/01/2003 23:15:00,23,15,24.1,
06/01/2003 23:30:00,23,30,23.1,
06/01/2003 23:45:00,23,45,22,
06/02/2003 00:00:00,0,0,21.1,
06/02/2003 00:15:00,0,15,20.2,
06/02/2003 00:30:00,0,30,19.8,
06/02/2003 00:45:00,0,45,19.1,
06/02/2003 01:00:00,1,0,18.4,
06/02/2003 01:15:00,1,15,17.9,
06/02/2003 01:30:00,1,30,17.8,
06/02/2003 01:45:00,1,45,17.4,
06/02/2003 02:00:00,2,0,17.8,
06/02/2003 02:15:00,2,15,18.7,
06/02/2003 02:30:00,2,30,18.9,
06/02/2003 02:45:00,2,45,18.8,
06/02/2003 03:00:00,3,0,18.5,
06/02/2003 03:15:00,3,15,18.7,
06/02/2003 03:30:00,3,30,18.2,
06/02/2003 03:45:00,3,45,16.6,
06/02/2003 04:00:00,4,0,16,
06/02/2003 04:15:00,4,15,15.7,
06/02/2003 04:30:00,4,30,15.8,
06/02/2003 04:45:00,4,45,16.5,
06/02/2003 05:00:00,5,0,17.1,
06/02/2003 05:15:00,5,15,17.6,
06/02/2003 05:30:00,5,30,18.1,
06/02/2003 05:45:00,5,45,19.7,
06/02/2003 06:00:00,6,0,21.3,
06/02/2003 06:15:00,6,15,22.6,
06/02/2003 06:30:00,6,30,22.7,
06/02/2003 06:45:00,6,45,22.2,
06/02/2003 07:00:00,7,0,22.5,
06/02/2003 07:15:00,7,15,22.4,
06/02/2003 07:30:00,7,30,23.3,
06/02/2003 07:45:00,7,45,24.1,
06/02/2003 08:00:00,8,0,24.2,
06/02/2003 08:15:00,8,15,24.6,
06/02/2003 08:30:00,8,30,24.8,
06/02/2003 08:45:00,8,45,25.5,
06/02/2003 09:00:00,9,0,26.4,
06/02/2003 09:15:00,9,15,27.4,
06/02/2003 09:30:00,9,30,28.2,
06/02/2003 09:45:00,9,45,28.5,
06/02/2003 10:00:00,10,0,30,
06/02/2003 10:15:00,10,15,31.5,
06/02/2003 10:30:00,10,30,31.4,
06/02/2003 10:45:00,10,45,30.6,
06/02/2003 11:00:00,11,0,31.3,
06/02/2003 11:15:00,11,15,31.9,
06/02/2003 11:30:00,11,30,32.3,
06/02/2003 11:45:00,11,45,33.4,
06/02/2003 12:00:00,12,0,34,
06/02/2003 12:15:00,12,15,34.6,
06/02/2003 12:30:00,12,30,35.4,
06/02/2003 12:45:00,12,45,35.6,
06/02/2003 13:00:00,13,0,35.4,
06/02/2003 13:15:00,13,15,36.4,
06/02/2003 13:30:00,13,30,37.9,
06/02/2003 13:45:00,13,45,38.8,
06/02/2003 14:00:00,14,0,39.5,
06/02/2003 14:15:00,14,15,40.2,
06/02/2003 14:30:00,14,30,40.5,
06/02/2003 14:45:00,14,45,40.7,
06/02/2003 15:00:00,15,0,41,
06/02/2003 15:15:00,15,15,41.1,
06/02/2003 15:30:00,15,30,41.2,
06/02/2003 15:45:00,15,45,41.3,
06/02/2003 16:00:00,16,0,41.4,
06/02/2003 16:15:00,16,15,41.4,
06/02/2003 16:30:00,16,30,41.1,
06/02/2003 16:45:00,16,45,40.6,
06/02/2003 17:00:00,17,0,40.2,
06/02/2003 17:15:00,17,15,39.9,
06/02/2003 17:30:00,17,30,39.1,
06/02/2003 17:45:00,17,45,38.7,
06/02/2003 18:00:00,18,0,38.4,
06/02/2003 18:15:00,18,15,37.9,
06/02/2003 18:30:00,18,30,37.5,
06/02/2003 18:45:00,18,45,37.2,
06/02/2003 19:00:00,19,0,36.8,
06/02/2003 19:15:00,19,15,35.8,
06/02/2003 19:30:00,19,30,35.8,
06/02/2003 19:45:00,19,45,35.6,
06/02/2003 20:00:00,20,0,36,
06/02/2003 20:15:00,20,15,36.4,
06/02/2003 20:30:00,20,30,34.3,
06/02/2003 20:45:00,20,45,33.5,
06/02/2003 21:00:00,21,0,32.7,
06/02/2003 21:15:00,21,15,31.6,
06/02/2003 21:30:00,21,30,30.6,
06/02/2003 21:45:00,21,45,30,
06/02/2003 22:00:00,22,0,29.4,
06/02/2003 22:15:00,22,15,28.8,
06/02/2003 22:30:00,22,30,28.3,
06/02/2003 22:45:00,22,45,27.4,
06/02/2003 23:00:00,23,0,26.6,
06/02/2003 23:15:00,23,15,25.6,
06/02/2003 23:30:00,23,30,23.2,
06/02/2003 23:45:00,23,45,21.9,
06/03/2003 00:00:00,0,0,20.4,
06/03/2003 00:15:00,0,15,19.7,
06/03/2003 00:30:00,0,30,19.1,
06/03/2003 00:45:00,0,45,18.6,
06/03/2003 01:00:00,1,0,18.1,
06/03/2003 01:15:00,1,15,17.8,
06/03/2003 01:30:00,1,30,17.5,
06/03/2003 01:45:00,1,45,17.2,
06/03/2003 02:00:00,2,0,16.9,
06/03/2003 02:15:00,2,15,16.7,
06/03/2003 02:30:00,2,30,16.4,
06/03/2003 02:45:00,2,45,16.3,
06/03/2003 03:00:00,3,0,15.9,
06/03/2003 03:15:00,3,15,15.6,
06/03/2003 03:30:00,3,30,15.4,
06/03/2003 03:45:00,3,45,15.1,
06/03/2003 04:00:00,4,0,14.9,
06/03/2003 04:15:00,4,15,15,
06/03/2003 04:30:00,4,30,15.3,
06/03/2003 04:45:00,4,45,16.1,
06/03/2003 05:00:00,5,0,16.8,
06/03/2003 05:15:00,5,15,17.1,
06/03/2003 05:30:00,5,30,17.9,
06/03/2003 05:45:00,5,45,20.2,
06/03/2003 06:00:00,6,0,21.4,
06/03/2003 06:15:00,6,15,23,
06/03/2003 06:30:00,6,30,22.8,
06/03/2003 06:45:00,6,45,22.6,
06/03/2003 07:00:00,7,0,22.6,
06/03/2003 07:15:00,7,15,22.7,
06/03/2003 07:30:00,7,30,22.6,
06/03/2003 07:45:00,7,45,22.1,
06/03/2003 08:00:00,8,0,22.1,
06/03/2003 08:15:00,8,15,21.8,
06/03/2003 08:30:00,8,30,22.1,
06/03/2003 08:45:00,8,45,22.5,
06/03/2003 09:00:00,9,0,23.1,
06/03/2003 09:15:00,9,15,23.7,
06/03/2003 09:30:00,9,30,24.7,
06/03/2003 09:45:00,9,45,25.5,
06/03/2003 10:00:00,10,0,27.4,
06/03/2003 10:15:00,10,15,29.7,
06/03/2003 10:30:00,10,30,32.7,
06/03/2003 10:45:00,10,45,33.6,
06/03/2003 11:00:00,11,0,34.6,
06/03/2003 11:15:00,11,15,35.4,
06/03/2003 11:30:00,11,30,35.4,
06/03/2003 11:45:00,11,45,34.9,
06/03/2003 12:00:00,12,0,35.1,
06/03/2003 12:15:00,12,15,35.3,
06/03/2003 12:30:00,12,30,35.9,
06/03/2003 12:45:00,12,45,37.4,
06/03/2003 13:00:00,13,0,38.4,
06/03/2003 13:15:00,13,15,39.1,
06/03/2003 13:30:00,13,30,39.8,
06/03/2003 13:45:00,13,45,40.2,
06/03/2003 14:00:00,14,0,40.6,
06/03/2003 14:15:00,14,15,40.9,
06/03/2003 14:30:00,14,30,41.5,
06/03/2003 14:45:00,14,45,41.8,
06/03/2003 15:00:00,15,0,41.9,
06/03/2003 15:15:00,15,15,42.2,
06/03/2003 15:30:00,15,30,42,
06/03/2003 15:45:00,15,45,41.6,
06/03/2003 16:00:00,16,0,41.6,
06/03/2003 16:15:00,16,15,41.8,
06/03/2003 16:30:00,16,30,41.6,
06/03/2003 16:45:00,16,45,41.4,
06/03/2003 17:00:00,17,0,41.1,
06/03/2003 17:15:00,17,15,40.6,
06/03/2003 17:30:00,17,30,40.3,
06/03/2003 17:45:00,17,45,40.1,
06/03/2003 18:00:00,18,0,39.4,
06/03/2003 18:15:00,18,15,38.6,
06/03/2003 18:30:00,18,30,36.7,
06/03/2003 18:45:00,18,45,36,
06/03/2003 19:00:00,19,0,35.7,
06/03/2003 19:15:00,19,15,35.5,
06/03/2003 19:30:00,19,30,34.7,
06/03/2003 19:45:00,19,45,34.7,
06/03/2003 20:00:00,20,0,34.6,
06/03/2003 20:15:00,20,15,34.6,
06/03/2003 20:30:00,20,30,33,
06/03/2003 20:45:00,20,45,31.1,
06/03/2003 21:00:00,21,0,30.2,
06/03/2003 21:15:00,21,15,30.6,
06/03/2003 21:30:00,21,30,30.1,
06/03/2003 21:45:00,21,45,29.4,
06/03/2003 22:00:00,22,0,29,
06/03/2003 22:15:00,22,15,28.5,
06/03/2003 22:30:00,22,30,27.9,
06/03/2003 22:45:00,22,45,27.2,
06/03/2003 23:00:00,23,0,25.8,
06/03/2003 23:15:00,23,15,23.4,
06/03/2003 23:30:00,23,30,22.1,
06/03/2003 23:45:00,23,45,21.2,
06/04/2003 00:00:00,0,0,20.4,
06/04/2003 00:15:00,0,15,19.5,
06/04/2003 00:30:00,0,30,18.9,
06/04/2003 00:45:00,0,45,18.5,
06/04/2003 01:00:00,1,0,18,
06/04/2003 01:15:00,1,15,17.3,
06/04/2003 01:30:00,1,30,17,
06/04/2003 01:45:00,1,45,16.6,
06/04/2003 02:00:00,2,0,16.3,
06/04/2003 02:15:00,2,15,16,
06/04/2003 02:30:00,2,30,15.7,
06/04/2003 02:45:00,2,45,15.4,
06/04/2003 03:00:00,3,0,15.2,
06/04/2003 03:15:00,3,15,15.1,
06/04/2003 03:30:00,3,30,14.8,
06/04/2003 03:45:00,3,45,14.7,
06/04/2003 04:00:00,4,0,14.6,
06/04/2003 04:15:00,4,15,14.6,
06/04/2003 04:30:00,4,30,15,
06/04/2003 04:45:00,4,45,15.5,
06/04/2003 05:00:00,5,0,15.8,
06/04/2003 05:15:00,5,15,16.1,
06/04/2003 05:30:00,5,30,16.1,
06/04/2003 05:45:00,5,45,15.7,
06/04/2003 06:00:00,6,0,15.6,
06/04/2003 06:15:00,6,15,16.6,
06/04/2003 06:30:00,6,30,17,
06/04/2003 06:45:00,6,45,17.3,
06/04/2003 07:00:00,7,0,17.8,
06/04/2003 07:15:00,7,15,18.1,
06/04/2003 07:30:00,7,30,18.4,
06/04/2003 07:45:00,7,45,18.7,
06/04/2003 08:00:00,8,0,18.4,
06/04/2003 08:15:00,8,15,18.4,
06/04/2003 08:30:00,8,30,18.8,
06/04/2003 08:45:00,8,45,19.6,
06/04/2003 09:00:00,9,0,20.3,
06/04/2003 09:15:00,9,15,20.9,
06/04/2003 09:30:00,9,30,21.6,
06/04/2003 09:45:00,9,45,22.5,
06/04/2003 10:00:00,10,0,24.1,
06/04/2003 10:15:00,10,15,26,
06/04/2003 10:30:00,10,30,28,
06/04/2003 10:45:00,10,45,30.2,
06/04/2003 11:00:00,11,0,31.9,
06/04/2003 11:15:00,11,15,32,
06/04/2003 11:30:00,11,30,31.8,
06/04/2003 11:45:00,11,45,32.5,
06/04/2003 12:00:00,12,0,33.4,
06/04/2003 12:15:00,12,15,33.7,
06/04/2003 12:30:00,12,30,33.9,
06/04/2003 12:45:00,12,45,35.2,
06/04/2003 13:00:00,13,0,36.1,
06/04/2003 13:15:00,13,15,36.9,
06/04/2003 13:30:00,13,30,37.2,
06/04/2003 13:45:00,13,45,37.6,
06/04/2003 14:00:00,14,0,38.3,
06/04/2003 14:15:00,14,15,39,
06/04/2003 14:30:00,14,30,39.4,
06/04/2003 14:45:00,14,45,39.6,
06/04/2003 15:00:00,15,0,40,
06/04/2003 15:15:00,15,15,40.3,
06/04/2003 15:30:00,15,30,40.3,
06/04/2003 15:45:00,15,45,40.1,
06/04/2003 16:00:00,16,0,40,
06/04/2003 16:15:00,16,15,40.2,
06/04/2003 16:30:00,16,30,40.4,
06/04/2003 16:45:00,16,45,40.3,
06/04/2003 17:00:00,17,0,40.1,
06/04/2003 17:15:00,17,15,39.7,
06/04/2003 17:30:00,17,30,39.2,
06/04/2003 17:45:00,17,45,38.9,
06/04/2003 18:00:00,18,0,38.6,
06/04/2003 18:15:00,18,15,38.1,
06/04/2003 18:30:00,18,30,37.7,
06/04/2003 18:45:00,18,45,37.3,
06/04/2003 19:00:00,19,0,36.8,
06/04/2003 19:15:00,19,15,36.2,
06/04/2003 19:30:00,19,30,35.7,
06/04/2003 19:45:00,19,45,34.4,
06/04/2003 20:00:00,20,0,34.2,
06/04/2003 20:15:00,20,15,34.1,
06/04/2003 20:30:00,20,30,32.8,
06/04/2003 20:45:00,20,45,30.7,
06/04/2003 21:00:00,21,0,30.5,
06/04/2003 21:15:00,21,15,30.5,
06/04/2003 21:30:00,21,30,29.5,
06/04/2003 21:45:00,21,45,29.2,
06/04/2003 22:00:00,22,0,28.6,
06/04/2003 22:15:00,22,15,28.2,
06/04/2003 22:30:00,22,30,27.6,
06/04/2003 22:45:00,22,45,27,
06/04/2003 23:00:00,23,0,24.8,
06/04/2003 23:15:00,23,15,22.9,
06/04/2003 23:30:00,23,30,21.9,
06/04/2003 23:45:00,23,45,21.1,
06/05/2003 00:00:00,0,0,20.2,
06/05/2003 00:15:00,0,15,19.2,
06/05/2003 00:30:00,0,30,18.9,
06/05/2003 00:45:00,0,45,18.5,
06/05/2003 01:00:00,1,0,17.9,
06/05/2003 01:15:00,1,15,17.3,
06/05/2003 01:30:00,1,30,16.9,
06/05/2003 01:45:00,1,45,16.6,
06/05/2003 02:00:00,2,0,16.3,
06/05/2003 02:15:00,2,15,16.1,
06/05/2003 02:30:00,2,30,15.8,
06/05/2003 02:45:00,2,45,15.7,
06/05/2003 03:00:00,3,0,15.5,
06/05/2003 03:15:00,3,15,15,
06/05/2003 03:30:00,3,30,14.8,
06/05/2003 03:45:00,3,45,14.9,
06/05/2003 04:00:00,4,0,14.8,
06/05/2003 04:15:00,4,15,14.7,
06/05/2003 04:30:00,4,30,15.1,
06/05/2003 04:45:00,4,45,15.7,
06/05/2003 05:00:00,5,0,16.1,
06/05/2003 05:15:00,5,15,16.4,
06/05/2003 05:30:00,5,30,17.4,
06/05/2003 05:45:00,5,45,18.2,
06/05/2003 06:00:00,6,0,18,
06/05/2003 06:15:00,6,15,17.6,
06/05/2003 06:30:00,6,30,18,
06/05/2003 06:45:00,6,45,18.4,
06/05/2003 07:00:00,7,0,18.6,
06/05/2003 07:15:00,7,15,18.4,
06/05/2003 07:30:00,7,30,18.2,
06/05/2003 07:45:00,7,45,18.3,
06/05/2003 08:00:00,8,0,18.4,
06/05/2003 08:15:00,8,15,18.7,
06/05/2003 08:30:00,8,30,19.1,
06/05/2003 08:45:00,8,45,19.8,
06/05/2003 09:00:00,9,0,20.6,
06/05/2003 09:15:00,9,15,21.2,
06/05/2003 09:30:00,9,30,22.2,
06/05/2003 09:45:00,9,45,22.6,
06/05/2003 10:00:00,10,0,24.4,
06/05/2003 10:15:00,10,15,26.8,
06/05/2003 10:30:00,10,30,29.8,
06/05/2003 10:45:00,10,45,31.4,
06/05/2003 11:00:00,11,0,32,
06/05/2003 11:15:00,11,15,32.5,
06/05/2003 11:30:00,11,30,33.7,
06/05/2003 11:45:00,11,45,34.6,
06/05/2003 12:00:00,12,0,36,
06/05/2003 12:15:00,12,15,36.3,
06/05/2003 12:30:00,12,30,36.1,
06/05/2003 12:45:00,12,45,36.4,
06/05/2003 13:00:00,13,0,36.7,
06/05/2003 13:15:00,13,15,37,
06/05/2003 13:30:00,13,30,37.2,
06/05/2003 13:45:00,13,45,37.5,
06/05/2003 14:00:00,14,0,37.6,
06/05/2003 14:15:00,14,15,38,
06/05/2003 14:30:00,14,30,38.1,
06/05/2003 14:45:00,14,45,38.8,
06/05/2003 15:00:00,15,0,39.3,
06/05/2003 15:15:00,15,15,39.6,
06/05/2003 15:30:00,15,30,40,
06/05/2003 15:45:00,15,45,40.5,
06/05/2003 16:00:00,16,0,40.6,
06/05/2003 16:15:00,16,15,41,
06/05/2003 16:30:00,16,30,41.1,
06/05/2003 16:45:00,16,45,40.8,
06/05/2003 17:00:00,17,0,40.5,
06/05/2003 17:15:00,17,15,40.7,
06/05/2003 17:30:00,17,30,40.3,
06/05/2003 17:45:00,17,45,40,
06/05/2003 18:00:00,18,0,39.5,
06/05/2003 18:15:00,18,15,38.7,
06/05/2003 18:30:00,18,30,37.8,
06/05/2003 18:45:00,18,45,37.6,
06/05/2003 19:00:00,19,0,37.3,
06/05/2003 19:15:00,19,15,37,
06/05/2003 19:30:00,19,30,36.6,
06/05/2003 19:45:00,19,45,35.1,
06/05/2003 20:00:00,20,0,34.3,
06/05/2003 20:15:00,20,15,34.5,
06/05/2003 20:30:00,20,30,31.1,
06/05/2003 20:45:00,20,45,30.3,
06/05/2003 21:00:00,21,0,30.1,
06/05/2003 21:15:00,21,15,30,
06/05/2003 21:30:00,21,30,29.7,
06/05/2003 21:45:00,21,45,29.4,
06/05/2003 22:00:00,22,0,29.1,
06/05/2003 22:15:00,22,15,28.6,
06/05/2003 22:30:00,22,30,28,
06/05/2003 22:45:00,22,45,27.4,
06/05/2003 23:00:00,23,0,26.6,
06/05/2003 23:15:00,23,15,24.6,
06/05/2003 23:30:00,23,30,23.3,
06/05/2003 23:45:00,23,45,22.7,
06/06/2003 00:00:00,0,0,22.3,
06/06/2003 00:15:00,0,15,22.6,
06/06/2003 00:30:00,0,30,22.6,
06/06/2003 00:45:00,0,45,22.4,
06/06/2003 01:00:00,1,0,22.1,
06/06/2003 01:15:00,1,15,21.8,
06/06/2003 01:30:00,1,30,21.6,
06/06/2003 01:45:00,1,45,21.4,
06/06/2003 02:00:00,2,0,21.1,
06/06/2003 02:15:00,2,15,19.6,
06/06/2003 02:30:00,2,30,18.8,
06/06/2003 02:45:00,2,45,18.5,
06/06/2003 03:00:00,3,0,18.2,
06/06/2003 03:15:00,3,15,17.8,
06/06/2003 03:30:00,3,30,17.5,
06/06/2003 03:45:00,3,45,17.4,
06/06/2003 04:00:00,4,0,18.4,
06/06/2003 04:15:00,4,15,19.1,
06/06/2003 04:30:00,4,30,19.5,
06/06/2003 04:45:00,4,45,20,
06/06/2003 05:00:00,5,0,20.6,
06/06/2003 05:15:00,5,15,21,
06/06/2003 05:30:00,5,30,21.1,
06/06/2003 05:45:00,5,45,20.1,
06/06/2003 06:00:00,6,0,19.9,
06/06/2003 06:15:00,6,15,19.6,
06/06/2003 06:30:00,6,30,19.7,
06/06/2003 06:45:00,6,45,19.8,
06/06/2003 07:00:00,7,0,19.9,
06/06/2003 07:15:00,7,15,19.8,
06/06/2003 07:30:00,7,30,20.1,
06/06/2003 07:45:00,7,45,20.3,
06/06/2003 08:00:00,8,0,20.5,
06/06/2003 08:15:00,8,15,20.9,
06/06/2003 08:30:00,8,30,21.5,
06/06/2003 08:45:00,8,45,22.1,
06/06/2003 09:00:00,9,0,23.5,
06/06/2003 09:15:00,9,15,25.5,
06/06/2003 09:30:00,9,30,26.8,
06/06/2003 09:45:00,9,45,26.8,
06/06/2003 10:00:00,10,0,27.7,
06/06/2003 10:15:00,10,15,29.1,
06/06/2003 10:30:00,10,30,30.1,
06/06/2003 10:45:00,10,45,30.7,
06/06/2003 11:00:00,11,0,30.7,
06/06/2003 11:15:00,11,15,31.4,
06/06/2003 11:30:00,11,30,32,
06/06/2003 11:45:00,11,45,32.1,
06/06/2003 12:00:00,12,0,32.3,
06/06/2003 12:15:00,12,15,33.6,
06/06/2003 12:30:00,12,30,33.8,
06/06/2003 12:45:00,12,45,33.9,
06/06/2003 13:00:00,13,0,34.3,
06/06/2003 13:15:00,13,15,34,
06/06/2003 13:30:00,13,30,33.8,
06/06/2003 13:45:00,13,45,34.1,
06/06/2003 14:00:00,14,0,33.9,
06/06/2003 14:15:00,14,15,33.4,
06/06/2003 14:30:00,14,30,33.3,
06/06/2003 14:45:00,14,45,33.5,
06/06/2003 15:00:00,15,0,33.6,
06/06/2003 15:15:00,15,15,33.1,
06/06/2003 15:30:00,15,30,32.7,
06/06/2003 15:45:00,15,45,32.9,
06/06/2003 16:00:00,16,0,32.9,
06/06/2003 16:15:00,16,15,33.2,
06/06/2003 16:30:00,16,30,33,
06/06/2003 16:45:00,16,45,33.1,
06/06/2003 17:00:00,17,0,33.4,
06/06/2003 17:15:00,17,15,32.4,
06/06/2003 17:30:00,17,30,32,
06/06/2003 17:45:00,17,45,31.8,
06/06/2003 18:00:00,18,0,31.6,
06/06/2003 18:15:00,18,15,31.5,
06/06/2003 18:30:00,18,30,31.5,
06/06/2003 18:45:00,18,45,31.7,
06/06/2003 19:00:00,19,0,32.3,
06/06/2003 19:15:00,19,15,33.4,
06/06/2003 19:30:00,19,30,33.8,
06/06/2003 19:45:00,19,45,31.2,
06/06/2003 20:00:00,20,0,29.3,
06/06/2003 20:15:00,20,15,29.2,
06/06/2003 20:30:00,20,30,29.4,
06/06/2003 20:45:00,20,45,29.1,
06/06/2003 21:00:00,21,0,28.7,
06/06/2003 21:15:00,21,15,28.5,
06/06/2003 21:30:00,21,30,28.3,
06/06/2003 21:45:00,21,45,27.7,
06/06/2003 22:00:00,22,0,27.2,
06/06/2003 22:15:00,22,15,25.9,
06/06/2003 22:30:00,22,30,24.2,
06/06/2003 22:45:00,22,45,23.4,
06/06/2003 23:00:00,23,0,23,
06/06/2003 23:15:00,23,15,22.6,
06/06/2003 23:30:00,23,30,21.8,
06/06/2003 23:45:00,23,45,20.9,
06/07/2003 00:00:00,0,0,19.7,
06/07/2003 00:15:00,0,15,18.3,
06/07/2003 00:30:00,0,30,17.7,
06/07/2003 00:45:00,0,45,17.2,
06/07/2003 01:00:00,1,0,16.9,
06/07/2003 01:15:00,1,15,16.6,
06/07/2003 01:30:00,1,30,16.1,
06/07/2003 01:45:00,1,45,15.8,
06/07/2003 02:00:00,2,0,15.6,
06/07/2003 02:15:00,2,15,15.1,
06/07/2003 02:30:00,2,30,14.7,
06/07/2003 02:45:00,2,45,14.5,
06/07/2003 03:00:00,3,0,14.3,
06/07/2003 03:15:00,3,15,14.3,
06/07/2003 03:30:00,3,30,14.4,
06/07/2003 03:45:00,3,45,14.7,
06/07/2003 04:00:00,4,0,14.8,
06/07/2003 04:15:00,4,15,15.2,
06/07/2003 04:30:00,4,30,16.1,
06/07/2003 04:45:00,4,45,18.1,
06/07/2003 05:00:00,5,0,19.1,
06/07/2003 05:15:00,5,15,19.4,
06/07/2003 05:30:00,5,30,19.6,
06/07/2003 05:45:00,5,45,19.7,
06/07/2003 06:00:00,6,0,20,
06/07/2003 06:15:00,6,15,19.5,
06/07/2003 06:30:00,6,30,19.1,
06/07/2003 06:45:00,6,45,19.2,
06/07/2003 07:00:00,7,0,19.1,
06/07/2003 07:15:00,7,15,19.2,
06/07/2003 07:30:00,7,30,19.4,
06/07/2003 07:45:00,7,45,19.8,
06/07/2003 08:00:00,8,0,20.4,
06/07/2003 08:15:00,8,15,20.8,
06/07/2003 08:30:00,8,30,21.1,
06/07/2003 08:45:00,8,45,21.7,
06/07/2003 09:00:00,9,0,22.3,
06/07/2003 09:15:00,9,15,22.8,
06/07/2003 09:30:00,9,30,24.2,
06/07/2003 09:45:00,9,45,25.5,
06/07/2003 10:00:00,10,0,26.8,
06/07/2003 10:15:00,10,15,26.6,
06/07/2003 10:30:00,10,30,26.5,
06/07/2003 10:45:00,10,45,26.9,
06/07/2003 11:00:00,11,0,27.6,
06/07/2003 11:15:00,11,15,27.7,
06/07/2003 11:30:00,11,30,28.2,
06/07/2003 11:45:00,11,45,30.2,
06/07/2003 12:00:00,12,0,31.9,
06/07/2003 12:15:00,12,15,32.2,
06/07/2003 12:30:00,12,30,31.6,
06/07/2003 12:45:00,12,45,32.9,
06/07/2003 13:00:00,13,0,34.3,
06/07/2003 13:15:00,13,15,34.6,
06/07/2003 13:30:00,13,30,34.5,
06/07/2003 13:45:00,13,45,34.6,
06/07/2003 14:00:00,14,0,34.8,
06/07/2003 14:15:00,14,15,34.9,
06/07/2003 14:30:00,14,30,34.9,
06/07/2003 14:45:00,14,45,34.6,
06/07/2003 15:00:00,15,0,34.2,
06/07/2003 15:15:00,15,15,34.4,
06/07/2003 15:30:00,15,30,34.3,
06/07/2003 15:45:00,15,45,34.2,
06/07/2003 16:00:00,16,0,34.1,
06/07/2003 16:15:00,16,15,34.6,
06/07/2003 16:30:00,16,30,34.6,
06/07/2003 16:45:00,16,45,34.2,
06/07/2003 17:00:00,17,0,33.5,
06/07/2003 17:15:00,17,15,33.5,
06/07/2003 17:30:00,17,30,33.9,
06/07/2003 17:45:00,17,45,33.9,
06/07/2003 18:00:00,18,0,33.9,
06/07/2003 18:15:00,18,15,33.9,
06/07/2003 18:30:00,18,30,33.7,
06/07/2003 18:45:00,18,45,33.8,
06/07/2003 19:00:00,19,0,34.1,
06/07/2003 19:15:00,19,15,33.9,
06/07/2003 19:30:00,19,30,30.1,
06/07/2003 19:45:00,19,45,28.6,
06/07/2003 20:00:00,20,0,28.1,
06/07/2003 20:15:00,20,15,28,
06/07/2003 20:30:00,20,30,28.3,
06/07/2003 20:45:00,20,45,28.3,
06/07/2003 21:00:00,21,0,27.9,
06/07/2003 21:15:00,21,15,27.4,
06/07/2003 21:30:00,21,30,26.9,
06/07/2003 21:45:00,21,45,26.4,
06/07/2003 22:00:00,22,0,26,
06/07/2003 22:15:00,22,15,26.2,
06/07/2003 22:30:00,22,30,26.1,
06/07/2003 22:45:00,22,45,25.4,
06/07/2003 23:00:00,23,0,24.9,
06/07/2003 23:15:00,23,15,24.2,
06/07/2003 23:30:00,23,30,23.5,
06/07/2003 23:45:00,23,45,22.6,
06/08/2003 00:00:00,0,0,21.5,
06/08/2003 00:15:00,0,15,18.6,
06/08/2003 00:30:00,0,30,17.3,
06/08/2003 00:45:00,0,45,16.6,
06/08/2003 01:00:00,1,0,16.2,
06/08/2003 01:15:00,1,15,15.7,
06/08/2003 01:30:00,1,30,15.2,
06/08/2003 01:45:00,1,45,14.8,
06/08/2003 02:00:00,2,0,14.5,
06/08/2003 02:15:00,2,15,14.2,
06/08/2003 02:30:00,2,30,14,
06/08/2003 02:45:00,2,45,14.2,
06/08/2003 03:00:00,3,0,14.4,
06/08/2003 03:15:00,3,15,14.5,
06/08/2003 03:30:00,3,30,14.6,
06/08/2003 03:45:00,3,45,14.9,
06/08/2003 04:00:00,4,0,15.1,
06/08/2003 04:15:00,4,15,15.1,
06/08/2003 04:30:00,4,30,15.4,
06/08/2003 04:45:00,4,45,15.5,
06/08/2003 05:00:00,5,0,15.6,
06/08/2003 05:15:00,5,15,15.9,
06/08/2003 05:30:00,5,30,15.9,
06/08/2003 05:45:00,5,45,15.8,
06/08/2003 06:00:00,6,0,15.5,
06/08/2003 06:15:00,6,15,15.4,
06/08/2003 06:30:00,6,30,15.9,
06/08/2003 06:45:00,6,45,16.1,
06/08/2003 07:00:00,7,0,16.3,
06/08/2003 07:15:00,7,15,16.4,
06/08/2003 07:30:00,7,30,16.8,
06/08/2003 07:45:00,7,45,17.7,
06/08/2003 08:00:00,8,0,18.3,
06/08/2003 08:15:00,8,15,19.1,
06/08/2003 08:30:00,8,30,19.6,
06/08/2003 08:45:00,8,45,20.7,
06/08/2003 09:00:00,9,0,21.7,
06/08/2003 09:15:00,9,15,23.2,
06/08/2003 09:30:00,9,30,23.8,
06/08/2003 09:45:00,9,45,23.4,
06/08/2003 10:00:00,10,0,24.5,
06/08/2003 10:15:00,10,15,26,
06/08/2003 10:30:00,10,30,27,
06/08/2003 10:45:00,10,45,28.2,
06/08/2003 11:00:00,11,0,29.4,
06/08/2003 11:15:00,11,15,30.7,
06/08/2003 11:30:00,11,30,31.9,
06/08/2003 11:45:00,11,45,32.8,
06/08/2003 12:00:00,12,0,32.9,
06/08/2003 12:15:00,12,15,32.7,
06/08/2003 12:30:00,12,30,33.1,
06/08/2003 12:45:00,12,45,33.2,
06/08/2003 13:00:00,13,0,33,
06/08/2003 13:15:00,13,15,33,
06/08/2003 13:30:00,13,30,31.3,
06/08/2003 13:45:00,13,45,30.4,
06/08/2003 14:00:00,14,0,30.3,
06/08/2003 14:15:00,14,15,31.7,
06/08/2003 14:30:00,14,30,33.3,
06/08/2003 14:45:00,14,45,33.3,
06/08/2003 15:00:00,15,0,32.9,
06/08/2003 15:15:00,15,15,33,
06/08/2003 15:30:00,15,30,32.8,
06/08/2003 15:45:00,15,45,32.5,
06/08/2003 16:00:00,16,0,32.5,
06/08/2003 16:15:00,16,15,32.4,
06/08/2003 16:30:00,16,30,33.4,
06/08/2003 16:45:00,16,45,35.1,
06/08/2003 17:00:00,17,0,35.8,
06/08/2003 17:15:00,17,15,35.8,
06/08/2003 17:30:00,17,30,35.7,
06/08/2003 17:45:00,17,45,35.5,
06/08/2003 18:00:00,18,0,35.2,
06/08/2003 18:15:00,18,15,34.5,
06/08/2003 18:30:00,18,30,33.1,
06/08/2003 18:45:00,18,45,32.8,
06/08/2003 19:00:00,19,0,32.1,
06/08/2003 19:15:00,19,15,30.1,
06/08/2003 19:30:00,19,30,28.2,
06/08/2003 19:45:00,19,45,27.2,
06/08/2003 20:00:00,20,0,27.2,
06/08/2003 20:15:00,20,15,27.2,
06/08/2003 20:30:00,20,30,26.6,
06/08/2003 20:45:00,20,45,25.8,
06/08/2003 21:00:00,21,0,25.3,
06/08/2003 21:15:00,21,15,25.1,
06/08/2003 21:30:00,21,30,25.1,
06/08/2003 21:45:00,21,45,25.1,
06/08/2003 22:00:00,22,0,25,
06/08/2003 22:15:00,22,15,25.1,
06/08/2003 22:30:00,22,30,25.6,
06/08/2003 22:45:00,22,45,25.4,
06/08/2003 23:00:00,23,0,25,
06/08/2003 23:15:00,23,15,24.3,
06/08/2003 23:30:00,23,30,23.3,
06/08/2003 23:45:00,23,45,22.5,
06/09/2003 00:00:00,0,0,21.5,
06/09/2003 00:15:00,0,15,19.3,
06/09/2003 00:30:00,0,30,17.7,
06/09/2003 00:45:00,0,45,17.1,
06/09/2003 01:00:00,1,0,16.9,
06/09/2003 01:15:00,1,15,16.7,
06/09/2003 01:30:00,1,30,16.4,
06/09/2003 01:45:00,1,45,16.1,
06/09/2003 02:00:00,2,0,16,
06/09/2003 02:15:00,2,15,15.8,
06/09/2003 02:30:00,2,30,15.8,
06/09/2003 02:45:00,2,45,15.9,
06/09/2003 03:00:00,3,0,15.8,
06/09/2003 03:15:00,3,15,15.6,
06/09/2003 03:30:00,3,30,15.6,
06/09/2003 03:45:00,3,45,15.4,
06/09/2003 04:00:00,4,0,15.4,
06/09/2003 04:15:00,4,15,15.4,
06/09/2003 04:30:00,4,30,15.6,
06/09/2003 04:45:00,4,45,16.3,
06/09/2003 05:00:00,5,0,17,
06/09/2003 05:15:00,5,15,17.4,
06/09/2003 05:30:00,5,30,17.8,
06/09/2003 05:45:00,5,45,18,
06/09/2003 06:00:00,6,0,17.8,
06/09/2003 06:15:00,6,15,17.7,
06/09/2003 06:30:00,6,30,18.8,
06/09/2003 06:45:00,6,45,19.4,
06/09/2003 07:00:00,7,0,20.3,
06/09/2003 07:15:00,7,15,20.7,
06/09/2003 07:30:00,7,30,20.9,
06/09/2003 07:45:00,7,45,21.1,
06/09/2003 08:00:00,8,0,21.3,
06/09/2003 08:15:00,8,15,21.6,
06/09/2003 08:30:00,8,30,21.5,
06/09/2003 08:45:00,8,45,21.5,
06/09/2003 09:00:00,9,0,21.6,
06/09/2003 09:15:00,9,15,22.1,
06/09/2003 09:30:00,9,30,22.5,
06/09/2003 09:45:00,9,45,23.8,
06/09/2003 10:00:00,10,0,24.6,
06/09/2003 10:15:00,10,15,25.7,
06/09/2003 10:30:00,10,30,27.4,
06/09/2003 10:45:00,10,45,27.5,
06/09/2003 11:00:00,11,0,28.3,
06/09/2003 11:15:00,11,15,29.1,
06/09/2003 11:30:00,11,30,29.6,
06/09/2003 11:45:00,11,45,30.7,
06/09/2003 12:00:00,12,0,31.5,
06/09/2003 12:15:00,12,15,31.5,
06/09/2003 12:30:00,12,30,31.3,
06/09/2003 12:45:00,12,45,30.8,
06/09/2003 13:00:00,13,0,29.7,
06/09/2003 13:15:00,13,15,30.4,
06/09/2003 13:30:00,13,30,29.5,
06/09/2003 13:45:00,13,45,29.3,
06/09/2003 14:00:00,14,0,30.3,
06/09/2003 14:15:00,14,15,31.3,
06/09/2003 14:30:00,14,30,30.2,
06/09/2003 14:45:00,14,45,29.8,
06/09/2003 15:00:00,15,0,30.3,
06/09/2003 15:15:00,15,15,30.4,
06/09/2003 15:30:00,15,30,29.4,
06/09/2003 15:45:00,15,45,28.7,
06/09/2003 16:00:00,16,0,28.6,
06/09/2003 16:15:00,16,15,28.9,
06/09/2003 16:30:00,16,30,29.1,
06/09/2003 16:45:00,16,45,28.5,
06/09/2003 17:00:00,17,0,27.5,
06/09/2003 17:15:00,17,15,26.5,
06/09/2003 17:30:00,17,30,26.1,
06/09/2003 17:45:00,17,45,26.3,
06/09/2003 18:00:00,18,0,26.7,
06/09/2003 18:15:00,18,15,27.9,
06/09/2003 18:30:00,18,30,29.9,
06/09/2003 18:45:00,18,45,31.6,
06/09/2003 19:00:00,19,0,32.5,
06/09/2003 19:15:00,19,15,32.4,
06/09/2003 19:30:00,19,30,32.2,
06/09/2003 19:45:00,19,45,30.7,
06/09/2003 20:00:00,20,0,29.3,
06/09/2003 20:15:00,20,15,28.9,
06/09/2003 20:30:00,20,30,28.5,
06/09/2003 20:45:00,20,45,27.9,
06/09/2003 21:00:00,21,0,27.3,
06/09/2003 21:15:00,21,15,26.6,
06/09/2003 21:30:00,21,30,25.9,
06/09/2003 21:45:00,21,45,24.4,
06/09/2003 22:00:00,22,0,23.2,
06/09/2003 22:15:00,22,15,22.7,
06/09/2003 22:30:00,22,30,22.3,
06/09/2003 22:45:00,22,45,21.9,
06/09/2003 23:00:00,23,0,21.5,
06/09/2003 23:15:00,23,15,21.1,
06/09/2003 23:30:00,23,30,20.7,
06/09/2003 23:45:00,23,45,20.1,
06/10/2003 00:00:00,0,0,19.1,
06/10/2003 00:15:00,0,15,18.3,
06/10/2003 00:30:00,0,30,17.6,
06/10/2003 00:45:00,0,45,16.9,
06/10/2003 01:00:00,1,0,16.5,
06/10/2003 01:15:00,1,15,16.1,
06/10/2003 01:30:00,1,30,15.7,
06/10/2003 01:45:00,1,45,15.4,
06/10/2003 02:00:00,2,0,15.3,
06/10/2003 02:15:00,2,15,15.2,
06/10/2003 02:30:00,2,30,15,
06/10/2003 02:45:00,2,45,14.9,
06/10/2003 03:00:00,3,0,14.9,
06/10/2003 03:15:00,3,15,14.8,
06/10/2003 03:30:00,3,30,14.8,
06/10/2003 03:45:00,3,45,14.8,
06/10/2003 04:00:00,4,0,15.8,
06/10/2003 04:15:00,4,15,17.2,
06/10/2003 04:30:00,4,30,17.7,
06/10/2003 04:45:00,4,45,18.1,
06/10/2003 05:00:00,5,0,18.6,
06/10/2003 05:15:00,5,15,19,
06/10/2003 05:30:00,5,30,18.3,
06/10/2003 05:45:00,5,45,17.4,
06/10/2003 06:00:00,6,0,16.7,
06/10/2003 06:15:00,6,15,16.5,
06/10/2003 06:30:00,6,30,16.7,
06/10/2003 06:45:00,6,45,17,
06/10/2003 07:00:00,7,0,17.2,
06/10/2003 07:15:00,7,15,17.5,
06/10/2003 07:30:00,7,30,17.9,
06/10/2003 07:45:00,7,45,18.2,
06/10/2003 08:00:00,8,0,18.6,
06/10/2003 08:15:00,8,15,18.9,
06/10/2003 08:30:00,8,30,19.3,
06/10/2003 08:45:00,8,45,19.6,
06/10/2003 09:00:00,9,0,19.8,
06/10/2003 09:15:00,9,15,20.2,
06/10/2003 09:30:00,9,30,20.9,
06/10/2003 09:45:00,9,45,22,
06/10/2003 10:00:00,10,0,23.1,
06/10/2003 10:15:00,10,15,24,
06/10/2003 10:30:00,10,30,24.8,
06/10/2003 10:45:00,10,45,25.4,
06/10/2003 11:00:00,11,0,25.9,
06/10/2003 11:15:00,11,15,26.2,
06/10/2003 11:30:00,11,30,26.2,
06/10/2003 11:45:00,11,45,26.3,
06/10/2003 12:00:00,12,0,26.6,
06/10/2003 12:15:00,12,15,26.6,
06/10/2003 12:30:00,12,30,26.5,
06/10/2003 12:45:00,12,45,26.2,
06/10/2003 13:00:00,13,0,26.3,
06/10/2003 13:15:00,13,15,26.8,
06/10/2003 13:30:00,13,30,27.2,
06/10/2003 13:45:00,13,45,27.6,
06/10/2003 14:00:00,14,0,27.8,
06/10/2003 14:15:00,14,15,28.8,
06/10/2003 14:30:00,14,30,30.5,
06/10/2003 14:45:00,14,45,30.2,
06/10/2003 15:00:00,15,0,30.3,
06/10/2003 15:15:00,15,15,31,
06/10/2003 15:30:00,15,30,30.6,
06/10/2003 15:45:00,15,45,30.1,
06/10/2003 16:00:00,16,0,30.1,
06/10/2003 16:15:00,16,15,30.2,
06/10/2003 16:30:00,16,30,30.6,
06/10/2003 16:45:00,16,45,31.1,
06/10/2003 17:00:00,17,0,31.3,
06/10/2003 17:15:00,17,15,30.8,
06/10/2003 17:30:00,17,30,30.9,
06/10/2003 17:45:00,17,45,30.9,
06/10/2003 18:00:00,18,0,29.8,
06/10/2003 18:15:00,18,15,29.6,
06/10/2003 18:30:00,18,30,29.9,
06/10/2003 18:45:00,18,45,30.1,
06/10/2003 19:00:00,19,0,30.3,
06/10/2003 19:15:00,19,15,30.5,
06/10/2003 19:30:00,19,30,31.2,
06/10/2003 19:45:00,19,45,30.9,
06/10/2003 20:00:00,20,0,28.7,
06/10/2003 20:15:00,20,15,27.5,
06/10/2003 20:30:00,20,30,27.8,
06/10/2003 20:45:00,20,45,28,
06/10/2003 21:00:00,21,0,28,
06/10/2003 21:15:00,21,15,27,
06/10/2003 21:30:00,21,30,25.7,
06/10/2003 21:45:00,21,45,24.7,
06/10/2003 22:00:00,22,0,23.7,
06/10/2003 22:15:00,22,15,22.9,
06/10/2003 22:30:00,22,30,22.2,
06/10/2003 22:45:00,22,45,21.5,
06/10/2003 23:00:00,23,0,21,
06/10/2003 23:15:00,23,15,20.4,
06/10/2003 23:30:00,23,30,20,
06/10/2003 23:45:00,23,45,20,
06/11/2003 00:00:00,0,0,20.2,
06/11/2003 00:15:00,0,15,19.8,
06/11/2003 00:30:00,0,30,19.6,
06/11/2003 00:45:00,0,45,19.4,
06/11/2003 01:00:00,1,0,19,
06/11/2003 01:15:00,1,15,17.9,
06/11/2003 01:30:00,1,30,16.2,
06/11/2003 01:45:00,1,45,15.5,
06/11/2003 02:00:00,2,0,15,
06/11/2003 02:15:00,2,15,14.7,
06/11/2003 02:30:00,2,30,14.5,
06/11/2003 02:45:00,2,45,14.4,
06/11/2003 03:00:00,3,0,14.4,
06/11/2003 03:15:00,3,15,14.2,
06/11/2003 03:30:00,3,30,14.3,
06/11/2003 03:45:00,3,45,14.3,
06/11/2003 04:00:00,4,0,14.5,
06/11/2003 04:15:00,4,15,14.6,
06/11/2003 04:30:00,4,30,14.7,
06/11/2003 04:45:00,4,45,14.7,
06/11/2003 05:00:00,5,0,14.6,
06/11/2003 05:15:00,5,15,14.8,
06/11/2003 05:30:00,5,30,14.5,
06/11/2003 05:45:00,5,45,14.2,
06/11/2003 06:00:00,6,0,14,
06/11/2003 06:15:00,6,15,14,
06/11/2003 06:30:00,6,30,14.3,
06/11/2003 06:45:00,6,45,14.6,
06/11/2003 07:00:00,7,0,14.8,
06/11/2003 07:15:00,7,15,15,
06/11/2003 07:30:00,7,30,15.4,
06/11/2003 07:45:00,7,45,15.8,
06/11/2003 08:00:00,8,0,16.4,
06/11/2003 08:15:00,8,15,16.9,
06/11/2003 08:30:00,8,30,18,
06/11/2003 08:45:00,8,45,19.8,
06/11/2003 09:00:00,9,0,21.5,
06/11/2003 09:15:00,9,15,22.6,
06/11/2003 09:30:00,9,30,23.4,
06/11/2003 09:45:00,9,45,24.3,
06/11/2003 10:00:00,10,0,25.2,
06/11/2003 10:15:00,10,15,26.1,
06/11/2003 10:30:00,10,30,27.2,
06/11/2003 10:45:00,10,45,28.1,
06/11/2003 11:00:00,11,0,29.5,
06/11/2003 11:15:00,11,15,30.9,
06/11/2003 11:30:00,11,30,31.7,
06/11/2003 11:45:00,11,45,31.9,
06/11/2003 12:00:00,12,0,31.8,
06/11/2003 12:15:00,12,15,30.9,
06/11/2003 12:30:00,12,30,30.3,
06/11/2003 12:45:00,12,45,31.5,
06/11/2003 13:00:00,13,0,33.2,
06/11/2003 13:15:00,13,15,32.8,
06/11/2003 13:30:00,13,30,33.1,
06/11/2003 13:45:00,13,45,33.6,
06/11/2003 14:00:00,14,0,34.5,
06/11/2003 14:15:00,14,15,35.9,
06/11/2003 14:30:00,14,30,36.4,
06/11/2003 14:45:00,14,45,36.7,
06/11/2003 15:00:00,15,0,36.8,
06/11/2003 15:15:00,15,15,36.8,
06/11/2003 15:30:00,15,30,36.9,
06/11/2003 15:45:00,15,45,36.9,
06/11/2003 16:00:00,16,0,36.9,
06/11/2003 16:15:00,16,15,36.9,
06/11/2003 16:30:00,16,30,36.5,
06/11/2003 16:45:00,16,45,36.3,
06/11/2003 17:00:00,17,0,36.1,
06/11/2003 17:15:00,17,15,35.7,
06/11/2003 17:30:00,17,30,35,
06/11/2003 17:45:00,17,45,33.8,
06/11/2003 18:00:00,18,0,33.9,
06/11/2003 18:15:00,18,15,33.7,
06/11/2003 18:30:00,18,30,33.5,
06/11/2003 18:45:00,18,45,33.5,
06/11/2003 19:00:00,19,0,33.5,
06/11/2003 19:15:00,19,15,33.6,
06/11/2003 19:30:00,19,30,33.7,
06/11/2003 19:45:00,19,45,33.9,
06/11/2003 20:00:00,20,0,33.7,
06/11/2003 20:15:00,20,15,30.9,
06/11/2003 20:30:00,20,30,30.7,
06/11/2003 20:45:00,20,45,30.7,
06/11/2003 21:00:00,21,0,30.3,
06/11/2003 21:15:00,21,15,29.7,
06/11/2003 21:30:00,21,30,28.7,
06/11/2003 21:45:00,21,45,28.1,
06/11/2003 22:00:00,22,0,27.2,
06/11/2003 22:15:00,22,15,25.4,
06/11/2003 22:30:00,22,30,24.4,
06/11/2003 22:45:00,22,45,23.6,
06/11/2003 23:00:00,23,0,23,
06/11/2003 23:15:00,23,15,22.3,
06/11/2003 23:30:00,23,30,21.5,
06/11/2003 23:45:00,23,45,20.6,
06/12/2003 00:00:00,0,0,19.4,
06/12/2003 00:15:00,0,15,17.9,
06/12/2003 00:30:00,0,30,16.7,
06/12/2003 00:45:00,0,45,15.8,
06/12/2003 01:00:00,1,0,15.3,
06/12/2003 01:15:00,1,15,15,
06/12/2003 01:30:00,1,30,14.8,
06/12/2003 01:45:00,1,45,14.7,
06/12/2003 02:00:00,2,0,14.3,
06/12/2003 02:15:00,2,15,14.3,
06/12/2003 02:30:00,2,30,14.4,
06/12/2003 02:45:00,2,45,14.3,
06/12/2003 03:00:00,3,0,14.5,
06/12/2003 03:15:00,3,15,14.6,
06/12/2003 03:30:00,3,30,14.7,
06/12/2003 03:45:00,3,45,14.8,
06/12/2003 04:00:00,4,0,14.9,
06/12/2003 04:15:00,4,15,14.9,
06/12/2003 04:30:00,4,30,15,
06/12/2003 04:45:00,4,45,15.1,
06/12/2003 05:00:00,5,0,16.3,
06/12/2003 05:15:00,5,15,17.6,
06/12/2003 05:30:00,5,30,18.1,
06/12/2003 05:45:00,5,45,18.2,
06/12/2003 06:00:00,6,0,17.6,
06/12/2003 06:15:00,6,15,17.5,
06/12/2003 06:30:00,6,30,18.1,
06/12/2003 06:45:00,6,45,17.8,
06/12/2003 07:00:00,7,0,17.7,
06/12/2003 07:15:00,7,15,17.8,
06/12/2003 07:30:00,7,30,18,
06/12/2003 07:45:00,7,45,18.2,
06/12/2003 08:00:00,8,0,18.4,
06/12/2003 08:15:00,8,15,18.6,
06/12/2003 08:30:00,8,30,19,
06/12/2003 08:45:00,8,45,19.7,
06/12/2003 09:00:00,9,0,20.6,
06/12/2003 09:15:00,9,15,21.6,
06/12/2003 09:30:00,9,30,21.7,
06/12/2003 09:45:00,9,45,22.6,
06/12/2003 10:00:00,10,0,24.4,
06/12/2003 10:15:00,10,15,26.6,
06/12/2003 10:30:00,10,30,28.5,
06/12/2003 10:45:00,10,45,29.4,
06/12/2003 11:00:00,11,0,30.3,
06/12/2003 11:15:00,11,15,30.9,
06/12/2003 11:30:00,11,30,31.5,
06/12/2003 11:45:00,11,45,31.7,
06/12/2003 12:00:00,12,0,31.8,
06/12/2003 12:15:00,12,15,31.8,
06/12/2003 12:30:00,12,30,31.8,
06/12/2003 12:45:00,12,45,33.4,
06/12/2003 13:00:00,13,0,34.2,
06/12/2003 13:15:00,13,15,34.1,
06/12/2003 13:30:00,13,30,32.9,
06/12/2003 13:45:00,13,45,31.4,
06/12/2003 14:00:00,14,0,33.7,
06/12/2003 14:15:00,14,15,34.7,
06/12/2003 14:30:00,14,30,34.3,
06/12/2003 14:45:00,14,45,33.7,
06/12/2003 15:00:00,15,0,33.3,
06/12/2003 15:15:00,15,15,31.3,
06/12/2003 15:30:00,15,30,30.6,
06/12/2003 15:45:00,15,45,29.4,
06/12/2003 16:00:00,16,0,27.4,
06/12/2003 16:15:00,16,15,26.9,
06/12/2003 16:30:00,16,30,26.6,
06/12/2003 16:45:00,16,45,26.8,
06/12/2003 17:00:00,17,0,27.3,
06/12/2003 17:15:00,17,15,30.5,
06/12/2003 17:30:00,17,30,31.9,
06/12/2003 17:45:00,17,45,32.3,
06/12/2003 18:00:00,18,0,32.8,
06/12/2003 18:15:00,18,15,31.5,
06/12/2003 18:30:00,18,30,29.9,
06/12/2003 18:45:00,18,45,29.4,
06/12/2003 19:00:00,19,0,29.6,
06/12/2003 19:15:00,19,15,29.4,
06/12/2003 19:30:00,19,30,29.4,
06/12/2003 19:45:00,19,45,29.4,
06/12/2003 20:00:00,20,0,28.9,
06/12/2003 20:15:00,20,15,28.6,
06/12/2003 20:30:00,20,30,28.2,
06/12/2003 20:45:00,20,45,27.7,
06/12/2003 21:00:00,21,0,27.2,
06/12/2003 21:15:00,21,15,25.8,
06/12/2003 21:30:00,21,30,25,
06/12/2003 21:45:00,21,45,24.3,
06/12/2003 22:00:00,22,0,23.8,
06/12/2003 22:15:00,22,15,23.4,
06/12/2003 22:30:00,22,30,23,
06/12/2003 22:45:00,22,45,22.7,
06/12/2003 23:00:00,23,0,22.5,
06/12/2003 23:15:00,23,15,22.2,
06/12/2003 23:30:00,23,30,21.7,
06/12/2003 23:45:00,23,45,21.1,
06/13/2003 00:00:00,0,0,20.2,
06/13/2003 00:15:00,0,15,19.5,
06/13/2003 00:30:00,0,30,19.3,
06/13/2003 00:45:00,0,45,19.1,
06/13/2003 01:00:00,1,0,19,
06/13/2003 01:15:00,1,15,18.9,
06/13/2003 01:30:00,1,30,19.1,
06/13/2003 01:45:00,1,45,20.2,
06/13/2003 02:00:00,2,0,20.6,
06/13/2003 02:15:00,2,15,20.6,
06/13/2003 02:30:00,2,30,20.5,
06/13/2003 02:45:00,2,45,19.8,
06/13/2003 03:00:00,3,0,19.3,
06/13/2003 03:15:00,3,15,17.9,
06/13/2003 03:30:00,3,30,17,
06/13/2003 03:45:00,3,45,16.7,
06/13/2003 04:00:00,4,0,16.6,
06/13/2003 04:15:00,4,15,16.4,
06/13/2003 04:30:00,4,30,16.3,
06/13/2003 04:45:00,4,45,16.9,
06/13/2003 05:00:00,5,0,17.5,
06/13/2003 05:15:00,5,15,17.9,
06/13/2003 05:30:00,5,30,18.1,
06/13/2003 05:45:00,5,45,18.3,
06/13/2003 06:00:00,6,0,18.1,
06/13/2003 06:15:00,6,15,18,
06/13/2003 06:30:00,6,30,18.3,
06/13/2003 06:45:00,6,45,18.6,
06/13/2003 07:00:00,7,0,19,
06/13/2003 07:15:00,7,15,19.3,
06/13/2003 07:30:00,7,30,19.5,
06/13/2003 07:45:00,7,45,19.8,
06/13/2003 08:00:00,8,0,20.7,
06/13/2003 08:15:00,8,15,21.7,
06/13/2003 08:30:00,8,30,22.6,
06/13/2003 08:45:00,8,45,23.7,
06/13/2003 09:00:00,9,0,24.4,
06/13/2003 09:15:00,9,15,25.1,
06/13/2003 09:30:00,9,30,25.7,
06/13/2003 09:45:00,9,45,26.2,
06/13/2003 10:00:00,10,0,26.5,
06/13/2003 10:15:00,10,15,26.8,
06/13/2003 10:30:00,10,30,27.3,
06/13/2003 10:45:00,10,45,27.5,
06/13/2003 11:00:00,11,0,27.6,
06/13/2003 11:15:00,11,15,28.3,
06/13/2003 11:30:00,11,30,28.4,
06/13/2003 11:45:00,11,45,28.7,
06/13/2003 12:00:00,12,0,29.1,
06/13/2003 12:15:00,12,15,30.2,
06/13/2003 12:30:00,12,30,32.3,
06/13/2003 12:45:00,12,45,34.4,
06/13/2003 13:00:00,13,0,35.8,
06/13/2003 13:15:00,13,15,36.3,
06/13/2003 13:30:00,13,30,36.4,
06/13/2003 13:45:00,13,45,37.2,
06/13/2003 14:00:00,14,0,38.2,
06/13/2003 14:15:00,14,15,36.6,
06/13/2003 14:30:00,14,30,35.6,
06/13/2003 14:45:00,14,45,35.8,
06/13/2003 15:00:00,15,0,36.1,
06/13/2003 15:15:00,15,15,36.7,
06/13/2003 15:30:00,15,30,36.8,
06/13/2003 15:45:00,15,45,35.7,
06/13/2003 16:00:00,16,0,36.2,
06/13/2003 16:15:00,16,15,33.6,
06/13/2003 16:30:00,16,30,32.6,
06/13/2003 16:45:00,16,45,35.6,
06/13/2003 17:00:00,17,0,35.1,
06/13/2003 17:15:00,17,15,33.2,
06/13/2003 17:30:00,17,30,34.6,
06/13/2003 17:45:00,17,45,32.5,
06/13/2003 18:00:00,18,0,32,
06/13/2003 18:15:00,18,15,29.9,
06/13/2003 18:30:00,18,30,29.5,
06/13/2003 18:45:00,18,45,29.8,
06/13/2003 19:00:00,19,0,30.2,
06/13/2003 19:15:00,19,15,33.4,
06/13/2003 19:30:00,19,30,31.8,
06/13/2003 19:45:00,19,45,30.5,
06/13/2003 20:00:00,20,0,31.3,
06/13/2003 20:15:00,20,15,30.4,
06/13/2003 20:30:00,20,30,29.5,
06/13/2003 20:45:00,20,45,29.3,
06/13/2003 21:00:00,21,0,28.9,
06/13/2003 21:15:00,21,15,28.9,
06/13/2003 21:30:00,21,30,27.8,
06/13/2003 21:45:00,21,45,27.6,
06/13/2003 22:00:00,22,0,27.5,
06/13/2003 22:15:00,22,15,26.9,
06/13/2003 22:30:00,22,30,26,
06/13/2003 22:45:00,22,45,25.2,
06/13/2003 23:00:00,23,0,24.5,
06/13/2003 23:15:00,23,15,23.8,
06/13/2003 23:30:00,23,30,23,
06/13/2003 23:45:00,23,45,21.7,
06/14/2003 00:00:00,0,0,20.6,
06/14/2003 00:15:00,0,15,20.2,
06/14/2003 00:30:00,0,30,19.9,
06/14/2003 00:45:00,0,45,19.5,
06/14/2003 01:00:00,1,0,19.2,
06/14/2003 01:15:00,1,15,20.1,
06/14/2003 01:30:00,1,30,20.5,
06/14/2003 01:45:00,1,45,20.4,
06/14/2003 02:00:00,2,0,20.1,
06/14/2003 02:15:00,2,15,19.8,
06/14/2003 02:30:00,2,30,19.5,
06/14/2003 02:45:00,2,45,18.6,
06/14/2003 03:00:00,3,0,17.2,
06/14/2003 03:15:00,3,15,16.8,
06/14/2003 03:30:00,3,30,16.5,
06/14/2003 03:45:00,3,45,16.1,
06/14/2003 04:00:00,4,0,15.9,
06/14/2003 04:15:00,4,15,15.8,
06/14/2003 04:30:00,4,30,15.9,
06/14/2003 04:45:00,4,45,16.5,
06/14/2003 05:00:00,5,0,17.1,
06/14/2003 05:15:00,5,15,17.4,
06/14/2003 05:30:00,5,30,17.5,
06/14/2003 05:45:00,5,45,17.5,
06/14/2003 06:00:00,6,0,17.4,
06/14/2003 06:15:00,6,15,17.4,
06/14/2003 06:30:00,6,30,17.9,
06/14/2003 06:45:00,6,45,18.1,
06/14/2003 07:00:00,7,0,18.4,
06/14/2003 07:15:00,7,15,18.5,
06/14/2003 07:30:00,7,30,18.7,
06/14/2003 07:45:00,7,45,19,
06/14/2003 08:00:00,8,0,19.9,
06/14/2003 08:15:00,8,15,20.6,
06/14/2003 08:30:00,8,30,21.5,
06/14/2003 08:45:00,8,45,22.4,
06/14/2003 09:00:00,9,0,23.3,
06/14/2003 09:15:00,9,15,24.3,
06/14/2003 09:30:00,9,30,25.3,
06/14/2003 09:45:00,9,45,26.2,
06/14/2003 10:00:00,10,0,27.9,
06/14/2003 10:15:00,10,15,29.6,
06/14/2003 10:30:00,10,30,31.1,
06/14/2003 10:45:00,10,45,30.8,
06/14/2003 11:00:00,11,0,30.8,
06/14/2003 11:15:00,11,15,31.4,
06/14/2003 11:30:00,11,30,32,
06/14/2003 11:45:00,11,45,33.2,
06/14/2003 12:00:00,12,0,33.5,
06/14/2003 12:15:00,12,15,33.9,
06/14/2003 12:30:00,12,30,35.5,
06/14/2003 12:45:00,12,45,36.6,
06/14/2003 13:00:00,13,0,37.3,
06/14/2003 13:15:00,13,15,37.9,
06/14/2003 13:30:00,13,30,38.3,
06/14/2003 13:45:00,13,45,38.7,
06/14/2003 14:00:00,14,0,39.4,
06/14/2003 14:15:00,14,15,39.8,
06/14/2003 14:30:00,14,30,40.2,
06/14/2003 14:45:00,14,45,40.3,
06/14/2003 15:00:00,15,0,40.6,
06/14/2003 15:15:00,15,15,40.1,
06/14/2003 15:30:00,15,30,39,
06/14/2003 15:45:00,15,45,37.7,
06/14/2003 16:00:00,16,0,39,
06/14/2003 16:15:00,16,15,40.3,
06/14/2003 16:30:00,16,30,40.5,
06/14/2003 16:45:00,16,45,40,
06/14/2003 17:00:00,17,0,39.3,
06/14/2003 17:15:00,17,15,39.2,
06/14/2003 17:30:00,17,30,39.3,
06/14/2003 17:45:00,17,45,39,
06/14/2003 18:00:00,18,0,38.7,
06/14/2003 18:15:00,18,15,38.1,
06/14/2003 18:30:00,18,30,37.6,
06/14/2003 18:45:00,18,45,37.2,
06/14/2003 19:00:00,19,0,36.9,
06/14/2003 19:15:00,19,15,36.3,
06/14/2003 19:30:00,19,30,36,
06/14/2003 19:45:00,19,45,35,
06/14/2003 20:00:00,20,0,34,
06/14/2003 20:15:00,20,15,33.9,
06/14/2003 20:30:00,20,30,32.6,
06/14/2003 20:45:00,20,45,30.4,
06/14/2003 21:00:00,21,0,30,
06/14/2003 21:15:00,21,15,30.7,
06/14/2003 21:30:00,21,30,30.1,
06/14/2003 21:45:00,21,45,29.8,
06/14/2003 22:00:00,22,0,29.4,
06/14/2003 22:15:00,22,15,29,
06/14/2003 22:30:00,22,30,28.6,
06/14/2003 22:45:00,22,45,27.7,
06/14/2003 23:00:00,23,0,26.9,
06/14/2003 23:15:00,23,15,26.2,
06/14/2003 23:30:00,23,30,25.1,
06/14/2003 23:45:00,23,45,22.6,
06/15/2003 00:00:00,0,0,21.1,
06/15/2003 00:15:00,0,15,20.6,
06/15/2003 00:30:00,0,30,20.4,
06/15/2003 00:45:00,0,45,19.7,
06/15/2003 01:00:00,1,0,18.9,
06/15/2003 01:15:00,1,15,18.3,
06/15/2003 01:30:00,1,30,17.8,
06/15/2003 01:45:00,1,45,17.4,
06/15/2003 02:00:00,2,0,17.1,
06/15/2003 02:15:00,2,15,17,
06/15/2003 02:30:00,2,30,16.9,
06/15/2003 02:45:00,2,45,16.7,
06/15/2003 03:00:00,3,0,16.7,
06/15/2003 03:15:00,3,15,16.5,
06/15/2003 03:30:00,3,30,16.1,
06/15/2003 03:45:00,3,45,15.7,
06/15/2003 04:00:00,4,0,15.5,
06/15/2003 04:15:00,4,15,15.3,
06/15/2003 04:30:00,4,30,15.3,
06/15/2003 04:45:00,4,45,16.1,
06/15/2003 05:00:00,5,0,16.8,
06/15/2003 05:15:00,5,15,17.2,
06/15/2003 05:30:00,5,30,18.7,
06/15/2003 05:45:00,5,45,19.3,
06/15/2003 06:00:00,6,0,18.5,
06/15/2003 06:15:00,6,15,18.2,
06/15/2003 06:30:00,6,30,18.5,
06/15/2003 06:45:00,6,45,18.9,
06/15/2003 07:00:00,7,0,19.1,
06/15/2003 07:15:00,7,15,19.1,
06/15/2003 07:30:00,7,30,18.9,
06/15/2003 07:45:00,7,45,18.9,
06/15/2003 08:00:00,8,0,19.1,
06/15/2003 08:15:00,8,15,19.4,
06/15/2003 08:30:00,8,30,19.8,
06/15/2003 08:45:00,8,45,20.4,
06/15/2003 09:00:00,9,0,21,
06/15/2003 09:15:00,9,15,21.7,
06/15/2003 09:30:00,9,30,22.5,
06/15/2003 09:45:00,9,45,23.1,
06/15/2003 10:00:00,10,0,24.9,
06/15/2003 10:15:00,10,15,27.5,
06/15/2003 10:30:00,10,30,30,
06/15/2003 10:45:00,10,45,31.2,
06/15/2003 11:00:00,11,0,31.8,
06/15/2003 11:15:00,11,15,32.2,
06/15/2003 11:30:00,11,30,32.9,
06/15/2003 11:45:00,11,45,33.9,
06/15/2003 12:00:00,12,0,34,
06/15/2003 12:15:00,12,15,34.3,
06/15/2003 12:30:00,12,30,34.3,
06/15/2003 12:45:00,12,45,34.4,
06/15/2003 13:00:00,13,0,34.1,
06/15/2003 13:15:00,13,15,34.1,
06/15/2003 13:30:00,13,30,33.7,
06/15/2003 13:45:00,13,45,33.9,
06/15/2003 14:00:00,14,0,34.5,
06/15/2003 14:15:00,14,15,34.7,
06/15/2003 14:30:00,14,30,34.8,
06/15/2003 14:45:00,14,45,34.8,
06/15/2003 15:00:00,15,0,34.9,
06/15/2003 15:15:00,15,15,36,
06/15/2003 15:30:00,15,30,36.7,
06/15/2003 15:45:00,15,45,37.2,
06/15/2003 16:00:00,16,0,37.5,
06/15/2003 16:15:00,16,15,37.9,
06/15/2003 16:30:00,16,30,38.2,
06/15/2003 16:45:00,16,45,38.3,
06/15/2003 17:00:00,17,0,38.5,
06/15/2003 17:15:00,17,15,38.8,
06/15/2003 17:30:00,17,30,39,
06/15/2003 17:45:00,17,45,39,
06/15/2003 18:00:00,18,0,38.8,
06/15/2003 18:15:00,18,15,37.8,
06/15/2003 18:30:00,18,30,36.2,
06/15/2003 18:45:00,18,45,35.4,
06/15/2003 19:00:00,19,0,35,
06/15/2003 19:15:00,19,15,34.2,
06/15/2003 19:30:00,19,30,33.1,
06/15/2003 19:45:00,19,45,33.3,
06/15/2003 20:00:00,20,0,33.6,
06/15/2003 20:15:00,20,15,32,
06/15/2003 20:30:00,20,30,31.2,
06/15/2003 20:45:00,20,45,30.8,
06/15/2003 21:00:00,21,0,30.3,
06/15/2003 21:15:00,21,15,29.4,
06/15/2003 21:30:00,21,30,29,
06/15/2003 21:45:00,21,45,28.7,
06/15/2003 22:00:00,22,0,27.9,
06/15/2003 22:15:00,22,15,26.1,
06/15/2003 22:30:00,22,30,25.1,
06/15/2003 22:45:00,22,45,24.5,
06/15/2003 23:00:00,23,0,23.9,
06/15/2003 23:15:00,23,15,23.2,
06/15/2003 23:30:00,23,30,22.4,
06/15/2003 23:45:00,23,45,21.2,
06/16/2003 00:00:00,0,0,20,
06/16/2003 00:15:00,0,15,,
06/16/2003 00:30:00,0,30,,
06/16/2003 00:45:00,0,45,,
06/16/2003 01:00:00,1,0,,
06/16/2003 01:15:00,1,15,,
06/16/2003 01:30:00,1,30,,
06/16/2003 01:45:00,1,45,,
06/16/2003 02:00:00,2,0,,
06/16/2003 02:15:00,2,15,,
06/16/2003 02:30:00,2,30,,
06/16/2003 02:45:00,2,45,,
06/16/2003 03:00:00,3,0,,
06/16/2003 03:15:00,3,15,,
06/16/2003 03:30:00,3,30,,
06/16/2003 03:45:00,3,45,,
06/16/2003 04:00:00,4,0,,
06/16/2003 04:15:00,4,15,,
06/16/2003 04:30:00,4,30,,
06/16/2003 04:45:00,4,45,,
06/16/2003 05:00:00,5,0,,
06/16/2003 05:15:00,5,15,,
06/16/2003 05:30:00,5,30,,
06/16/2003 05:45:00,5,45,,
06/16/2003 06:00:00,6,0,,
06/16/2003 06:15:00,6,15,,
06/16/2003 06:30:00,6,30,,
06/16/2003 06:45:00,6,45,,
06/16/2003 07:00:00,7,0,,
06/16/2003 07:15:00,7,15,,
06/16/2003 07:30:00,7,30,,
06/16/2003 07:45:00,7,45,,
06/16/2003 08:00:00,8,0,,
06/16/2003 08:15:00,8,15,,
06/16/2003 08:30:00,8,30,,
06/16/2003 08:45:00,8,45,,
06/16/2003 09:00:00,9,0,,
06/16/2003 09:15:00,9,15,,
06/16/2003 09:30:00,9,30,25.2,
06/16/2003 09:45:00,9,45,27.6,
06/16/2003 10:00:00,10,0,29.3,
06/16/2003 10:15:00,10,15,30.6,
06/16/2003 10:30:00,10,30,31.6,
06/16/2003 10:45:00,10,45,32.1,
06/16/2003 11:00:00,11,0,32.4,
06/16/2003 11:15:00,11,15,33.4,
06/16/2003 11:30:00,11,30,34.2,
06/16/2003 11:45:00,11,45,34.3,
06/16/2003 12:00:00,12,0,34.3,
06/16/2003 12:15:00,12,15,34.4,
06/16/2003 12:30:00,12,30,34.5,
06/16/2003 12:45:00,12,45,34.7,
06/16/2003 13:00:00,13,0,35.3,
06/16/2003 13:15:00,13,15,35.9,
06/16/2003 13:30:00,13,30,36.5,
06/16/2003 13:45:00,13,45,36.9,
06/16/2003 14:00:00,14,0,37.1,
06/16/2003 14:15:00,14,15,37.5,
06/16/2003 14:30:00,14,30,37.8,
06/16/2003 14:45:00,14,45,37.5,
06/16/2003 15:00:00,15,0,37.5,
06/16/2003 15:15:00,15,15,37.7,
06/16/2003 15:30:00,15,30,37.8,
06/16/2003 15:45:00,15,45,37.9,
06/16/2003 16:00:00,16,0,37.5,
06/16/2003 16:15:00,16,15,36.7,
06/16/2003 16:30:00,16,30,36.6,
06/16/2003 16:45:00,16,45,36.1,
06/16/2003 17:00:00,17,0,35.8,
06/16/2003 17:15:00,17,15,35.4,
06/16/2003 17:30:00,17,30,35,
06/16/2003 17:45:00,17,45,34.6,
06/16/2003 18:00:00,18,0,33.7,
06/16/2003 18:15:00,18,15,33.7,
06/16/2003 18:30:00,18,30,34.1,
06/16/2003 18:45:00,18,45,34.3,
06/16/2003 19:00:00,19,0,31.8,
06/16/2003 19:15:00,19,15,30.3,
06/16/2003 19:30:00,19,30,30.7,
06/16/2003 19:45:00,19,45,30.2,
06/16/2003 20:00:00,20,0,29.1,
06/16/2003 20:15:00,20,15,29.3,
06/16/2003 20:30:00,20,30,29.9,
06/16/2003 20:45:00,20,45,28.5,
06/16/2003 21:00:00,21,0,27.4,
06/16/2003 21:15:00,21,15,26.7,
06/16/2003 21:30:00,21,30,26.1,
06/16/2003 21:45:00,21,45,25.5,
06/16/2003 22:00:00,22,0,25,
06/16/2003 22:15:00,22,15,24.5,
06/16/2003 22:30:00,22,30,23.7,
06/16/2003 22:45:00,22,45,23.1,
06/16/2003 23:00:00,23,0,22.7,
06/16/2003 23:15:00,23,15,22.3,
06/16/2003 23:30:00,23,30,21.8,
06/16/2003 23:45:00,23,45,21.2,
06/17/2003 00:00:00,0,0,20.5,
06/18/2003 00:15:00,0,15,21.2,
06/18/2003 00:30:00,0,30,20.5,
06/18/2003 00:45:00,0,45,20,
06/18/2003 01:00:00,1,0,19.5,
06/18/2003 01:15:00,1,15,17.9,
06/18/2003 01:30:00,1,30,17.4,
06/18/2003 01:45:00,1,45,17.1,
06/18/2003 02:00:00,2,0,16.9,
06/18/2003 02:15:00,2,15,16.5,
06/18/2003 02:30:00,2,30,16.3,
06/18/2003 02:45:00,2,45,16,
06/18/2003 03:00:00,3,0,15.9,
06/18/2003 03:15:00,3,15,15.9,
06/18/2003 03:30:00,3,30,15.6,
06/18/2003 03:45:00,3,45,15.5,
06/18/2003 04:00:00,4,0,15.4,
06/18/2003 04:15:00,4,15,15.3,
06/18/2003 04:30:00,4,30,15.4,
06/18/2003 04:45:00,4,45,15.8,
06/18/2003 05:00:00,5,0,16.4,
06/18/2003 05:15:00,5,15,16.6,
06/18/2003 05:30:00,5,30,16.9,
06/18/2003 05:45:00,5,45,16.9,
06/18/2003 06:00:00,6,0,16.7,
06/18/2003 06:15:00,6,15,16.8,
06/18/2003 06:30:00,6,30,17.2,
06/18/2003 06:45:00,6,45,17.7,
06/18/2003 07:00:00,7,0,18.6,
06/18/2003 07:15:00,7,15,19.5,
06/18/2003 07:30:00,7,30,20.3,
06/18/2003 07:45:00,7,45,21.2,
06/18/2003 08:00:00,8,0,21.9,
06/18/2003 08:15:00,8,15,22.4,
06/18/2003 08:30:00,8,30,23.1,
06/18/2003 08:45:00,8,45,24.6,
06/18/2003 09:00:00,9,0,25.8,
06/18/2003 09:15:00,9,15,25.9,
06/18/2003 09:30:00,9,30,25.6,
06/18/2003 09:45:00,9,45,26.2,
06/18/2003 10:00:00,10,0,27.2,
06/18/2003 10:15:00,10,15,28.6,
06/18/2003 10:30:00,10,30,29.7,
06/18/2003 10:45:00,10,45,30.8,
06/18/2003 11:00:00,11,0,31.4,
06/18/2003 11:15:00,11,15,31.8,
06/18/2003 11:30:00,11,30,33.2,
06/18/2003 11:45:00,11,45,34.1,
06/18/2003 12:00:00,12,0,34.5,
06/18/2003 12:15:00,12,15,34.9,
06/18/2003 12:30:00,12,30,35.2,
06/18/2003 12:45:00,12,45,35.6,
06/18/2003 13:00:00,13,0,36.3,
06/18/2003 13:15:00,13,15,36.9,
06/18/2003 13:30:00,13,30,37.7,
06/18/2003 13:45:00,13,45,37.5,
06/18/2003 14:00:00,14,0,37.4,
06/18/2003 14:15:00,14,15,35.9,
06/18/2003 14:30:00,14,30,34.4,
06/18/2003 14:45:00,14,45,34.6,
06/18/2003 15:00:00,15,0,34.8,
06/18/2003 15:15:00,15,15,35.9,
06/18/2003 15:30:00,15,30,36,
06/18/2003 15:45:00,15,45,35.7,
06/18/2003 16:00:00,16,0,34.9,
06/18/2003 16:15:00,16,15,35,
06/18/2003 16:30:00,16,30,35.9,
06/18/2003 16:45:00,16,45,34.5,
06/18/2003 17:00:00,17,0,35.2,
06/18/2003 17:15:00,17,15,34.9,
06/18/2003 17:30:00,17,30,33.7,
06/18/2003 17:45:00,17,45,34.8,
06/18/2003 18:00:00,18,0,35.8,
06/18/2003 18:15:00,18,15,36,
06/18/2003 18:30:00,18,30,35.4,
06/18/2003 18:45:00,18,45,35.5,
06/18/2003 19:00:00,19,0,34.6,
06/18/2003 19:15:00,19,15,34.8,
06/18/2003 19:30:00,19,30,34.8,
06/18/2003 19:45:00,19,45,34.8,
06/18/2003 20:00:00,20,0,34.3,
06/18/2003 20:15:00,20,15,33.9,
06/18/2003 20:30:00,20,30,32,
06/18/2003 20:45:00,20,45,30.5,
06/18/2003 21:00:00,21,0,29.1,
06/18/2003 21:15:00,21,15,28.6,
06/18/2003 21:30:00,21,30,28,
06/18/2003 21:45:00,21,45,26.1,
06/18/2003 22:00:00,22,0,25,
06/18/2003 22:15:00,22,15,24.4,
06/18/2003 22:30:00,22,30,23.8,
06/18/2003 22:45:00,22,45,23.2,
06/18/2003 23:00:00,23,0,22.7,
06/18/2003 23:15:00,23,15,22.2,
06/18/2003 23:30:00,23,30,21.7,
06/18/2003 23:45:00,23,45,21,
06/19/2003 00:00:00,0,0,20.3,
06/19/2003 00:15:00,0,15,19.1,
06/19/2003 00:30:00,0,30,18.3,
06/19/2003 00:45:00,0,45,17.1,
06/19/2003 01:00:00,1,0,16.4,
06/19/2003 01:15:00,1,15,15.8,
06/19/2003 01:30:00,1,30,15.2,
06/19/2003 01:45:00,1,45,14.8,
06/19/2003 02:00:00,2,0,14.3,
06/19/2003 02:15:00,2,15,14,
06/19/2003 02:30:00,2,30,14,
06/19/2003 02:45:00,2,45,14.3,
06/19/2003 03:00:00,3,0,14.9,
06/19/2003 03:15:00,3,15,15.1,
06/19/2003 03:30:00,3,30,15,
06/19/2003 03:45:00,3,45,15,
06/19/2003 04:00:00,4,0,15,
06/19/2003 04:15:00,4,15,15,
06/19/2003 04:30:00,4,30,16.4,
06/19/2003 04:45:00,4,45,17.4,
06/19/2003 05:00:00,5,0,17.6,
06/19/2003 05:15:00,5,15,17.6,
06/19/2003 05:30:00,5,30,17.3,
06/19/2003 05:45:00,5,45,16.5,
06/19/2003 06:00:00,6,0,15.5,
06/19/2003 06:15:00,6,15,14.9,
06/19/2003 06:30:00,6,30,15.1,
06/19/2003 06:45:00,6,45,15.2,
06/19/2003 07:00:00,7,0,15.4,
06/19/2003 07:15:00,7,15,15.6,
06/19/2003 07:30:00,7,30,15.7,
06/19/2003 07:45:00,7,45,15.8,
06/19/2003 08:00:00,8,0,16.3,
06/19/2003 08:15:00,8,15,16.9,
06/19/2003 08:30:00,8,30,17.6,
06/19/2003 08:45:00,8,45,18.3,
06/19/2003 09:00:00,9,0,18.9,
06/19/2003 09:15:00,9,15,19.7,
06/19/2003 09:30:00,9,30,21.3,
06/19/2003 09:45:00,9,45,22.9,
06/19/2003 10:00:00,10,0,24.8,
06/19/2003 10:15:00,10,15,27.2,
06/19/2003 10:30:00,10,30,29.5,
06/19/2003 10:45:00,10,45,31.2,
06/19/2003 11:00:00,11,0,32.2,
06/19/2003 11:15:00,11,15,32.5,
06/19/2003 11:30:00,11,30,33,
06/19/2003 11:45:00,11,45,34,
06/19/2003 12:00:00,12,0,34.7,
06/19/2003 12:15:00,12,15,34.5,
06/19/2003 12:30:00,12,30,34.5,
06/19/2003 12:45:00,12,45,34.8,
06/19/2003 13:00:00,13,0,35,
06/19/2003 13:15:00,13,15,35.3,
06/19/2003 13:30:00,13,30,35.8,
06/19/2003 13:45:00,13,45,36,
06/19/2003 14:00:00,14,0,36.2,
06/19/2003 14:15:00,14,15,36.5,
06/19/2003 14:30:00,14,30,36.6,
06/19/2003 14:45:00,14,45,36.4,
06/19/2003 15:00:00,15,0,36.6,
06/19/2003 15:15:00,15,15,36.6,
06/19/2003 15:30:00,15,30,36.6,
06/19/2003 15:45:00,15,45,36.7,
06/19/2003 16:00:00,16,0,36.7,
06/19/2003 16:15:00,16,15,36.4,
06/19/2003 16:30:00,16,30,36.1,
06/19/2003 16:45:00,16,45,36,
06/19/2003 17:00:00,17,0,35.6,
06/19/2003 17:15:00,17,15,34.5,
06/19/2003 17:30:00,17,30,34.2,
06/19/2003 17:45:00,17,45,33.9,
06/19/2003 18:00:00,18,0,33.5,
06/19/2003 18:15:00,18,15,33.5,
06/19/2003 18:30:00,18,30,33.7,
06/19/2003 18:45:00,18,45,34,
06/19/2003 19:00:00,19,0,34,
06/19/2003 19:15:00,19,15,34.5,
06/19/2003 19:30:00,19,30,34.6,
06/19/2003 19:45:00,19,45,34.1,
06/19/2003 20:00:00,20,0,32.1,
06/19/2003 20:15:00,20,15,31,
06/19/2003 20:30:00,20,30,30.3,
06/19/2003 20:45:00,20,45,29.6,
06/19/2003 21:00:00,21,0,28.4,
06/19/2003 21:15:00,21,15,26.3,
06/19/2003 21:30:00,21,30,25.2,
06/19/2003 21:45:00,21,45,24.5,
06/19/2003 22:00:00,22,0,23.8,
06/19/2003 22:15:00,22,15,23.2,
06/19/2003 22:30:00,22,30,22.6,
06/19/2003 22:45:00,22,45,22,
06/19/2003 23:00:00,23,0,21.5,
06/19/2003 23:15:00,23,15,21,
06/19/2003 23:30:00,23,30,20.5,
06/19/2003 23:45:00,23,45,19.7,
06/20/2003 00:00:00,0,0,18.9,
06/20/2003 00:15:00,0,15,18.1,
06/20/2003 00:30:00,0,30,17.4,
06/20/2003 00:45:00,0,45,16.9,
06/20/2003 01:00:00,1,0,16.5,
06/20/2003 01:15:00,1,15,16,
06/20/2003 01:30:00,1,30,15.6,
06/20/2003 01:45:00,1,45,15.2,
06/20/2003 02:00:00,2,0,14.9,
06/20/2003 02:15:00,2,15,14.6,
06/20/2003 02:30:00,2,30,14.3,
06/20/2003 02:45:00,2,45,14.1,
06/20/2003 03:00:00,3,0,13.9,
06/20/2003 03:15:00,3,15,13.8,
06/20/2003 03:30:00,3,30,13.8,
06/20/2003 03:45:00,3,45,14,
06/20/2003 04:00:00,4,0,14.1,
06/20/2003 04:15:00,4,15,15.4,
06/20/2003 04:30:00,4,30,16.3,
06/20/2003 04:45:00,4,45,16.6,
06/20/2003 05:00:00,5,0,16.6,
06/20/2003 05:15:00,5,15,16.5,
06/20/2003 05:30:00,5,30,16.1,
06/20/2003 05:45:00,5,45,14.7,
06/20/2003 06:00:00,6,0,14.1,
06/20/2003 06:15:00,6,15,14,
06/20/2003 06:30:00,6,30,14.3,
06/20/2003 06:45:00,6,45,14.7,
06/20/2003 07:00:00,7,0,14.9,
06/20/2003 07:15:00,7,15,15.1,
06/20/2003 07:30:00,7,30,15.4,
06/20/2003 07:45:00,7,45,15.8,
06/20/2003 08:00:00,8,0,16.3,
06/20/2003 08:15:00,8,15,17,
06/20/2003 08:30:00,8,30,17.6,
06/20/2003 08:45:00,8,45,18,
06/20/2003 09:00:00,9,0,18.6,
06/20/2003 09:15:00,9,15,19.5,
06/20/2003 09:30:00,9,30,21.1,
06/20/2003 09:45:00,9,45,22.8,
06/20/2003 10:00:00,10,0,25.7,
06/20/2003 10:15:00,10,15,28.4,
06/20/2003 10:30:00,10,30,30.5,
06/20/2003 10:45:00,10,45,31.7,
06/20/2003 11:00:00,11,0,32.3,
06/20/2003 11:15:00,11,15,32.5,
06/20/2003 11:30:00,11,30,33.3,
06/20/2003 11:45:00,11,45,34.1,
06/20/2003 12:00:00,12,0,34.5,
06/20/2003 12:15:00,12,15,34.7,
06/20/2003 12:30:00,12,30,35,
06/20/2003 12:45:00,12,45,35,
06/20/2003 13:00:00,13,0,35.1,
06/20/2003 13:15:00,13,15,35.8,
06/20/2003 13:30:00,13,30,36.6,
06/20/2003 13:45:00,13,45,37.2,
06/20/2003 14:00:00,14,0,37.2,
06/20/2003 14:15:00,14,15,37.2,
06/20/2003 14:30:00,14,30,37.3,
06/20/2003 14:45:00,14,45,37.8,
06/20/2003 15:00:00,15,0,38.6,
06/20/2003 15:15:00,15,15,39.2,
06/20/2003 15:30:00,15,30,39.5,
06/20/2003 15:45:00,15,45,39.5,
06/20/2003 16:00:00,16,0,39.4,
06/20/2003 16:15:00,16,15,39.4,
06/20/2003 16:30:00,16,30,39.1,
06/20/2003 16:45:00,16,45,38.9,
06/20/2003 17:00:00,17,0,38.5,
06/20/2003 17:15:00,17,15,38.4,
06/20/2003 17:30:00,17,30,38.3,
06/20/2003 17:45:00,17,45,37.7,
06/20/2003 18:00:00,18,0,36.2,
06/20/2003 18:15:00,18,15,35.7,
06/20/2003 18:30:00,18,30,36.2,
06/20/2003 18:45:00,18,45,36.2,
06/20/2003 19:00:00,19,0,36.1,
06/20/2003 19:15:00,19,15,36,
06/20/2003 19:30:00,19,30,35.1,
06/20/2003 19:45:00,19,45,34.3,
06/20/2003 20:00:00,20,0,33.9,
06/20/2003 20:15:00,20,15,33.8,
06/20/2003 20:30:00,20,30,32.4,
06/20/2003 20:45:00,20,45,30.5,
06/20/2003 21:00:00,21,0,29.8,
06/20/2003 21:15:00,21,15,29.8,
06/20/2003 21:30:00,21,30,28.8,
06/20/2003 21:45:00,21,45,28.2,
06/20/2003 22:00:00,22,0,27.7,
06/20/2003 22:15:00,22,15,27.4,
06/20/2003 22:30:00,22,30,26,
06/20/2003 22:45:00,22,45,24.5,
06/20/2003 23:00:00,23,0,23.8,
06/20/2003 23:15:00,23,15,23.1,
06/20/2003 23:30:00,23,30,22.5,
06/20/2003 23:45:00,23,45,21.7,
06/21/2003 00:00:00,0,0,20.8,
06/21/2003 08:45:00,8,45,18.7,
06/21/2003 09:00:00,9,0,19.8,
06/21/2003 09:15:00,9,15,21.3,
06/21/2003 09:30:00,9,30,23.1,
06/21/2003 09:45:00,9,45,25.1,
06/21/2003 10:00:00,10,0,26.9,
06/21/2003 10:15:00,10,15,28.4,
06/21/2003 10:30:00,10,30,29.7,
06/21/2003 10:45:00,10,45,30.8,
06/21/2003 11:00:00,11,0,32.2,
06/21/2003 11:15:00,11,15,33.6,
06/21/2003 11:30:00,11,30,34.7,
06/21/2003 11:45:00,11,45,35.7,
06/21/2003 12:00:00,12,0,36.7,
06/21/2003 12:15:00,12,15,37.5,
06/21/2003 12:30:00,12,30,38.1,
06/21/2003 12:45:00,12,45,38.7,
06/21/2003 13:00:00,13,0,39.4,
06/21/2003 13:15:00,13,15,40.1,
06/21/2003 13:30:00,13,30,40.7,
06/21/2003 13:45:00,13,45,41,
06/21/2003 14:00:00,14,0,41.4,
06/21/2003 14:15:00,14,15,41.8,
06/21/2003 14:30:00,14,30,42.3,
06/21/2003 14:45:00,14,45,42.9,
06/21/2003 15:00:00,15,0,43.6,
06/21/2003 15:15:00,15,15,42.7,
06/21/2003 15:30:00,15,30,42.5,
06/21/2003 15:45:00,15,45,43,
06/21/2003 16:00:00,16,0,41.9,
06/21/2003 16:15:00,16,15,41.4,
06/21/2003 16:30:00,16,30,40.6,
06/21/2003 16:45:00,16,45,40,
06/21/2003 17:00:00,17,0,39.5,
06/21/2003 17:15:00,17,15,39,
06/21/2003 17:30:00,17,30,38.4,
06/21/2003 17:45:00,17,45,38.1,
06/21/2003 18:00:00,18,0,37.8,
06/21/2003 18:15:00,18,15,37.5,
06/21/2003 18:30:00,18,30,37,
06/21/2003 18:45:00,18,45,36.4,
06/21/2003 19:00:00,19,0,36.2,
06/21/2003 19:15:00,19,15,35.5,
06/21/2003 19:30:00,19,30,32.9,
06/21/2003 19:45:00,19,45,31.6,
06/21/2003 20:00:00,20,0,30.9,
06/21/2003 20:15:00,20,15,30.2,
06/21/2003 20:30:00,20,30,30.2,
06/21/2003 20:45:00,20,45,29.6,
06/21/2003 21:00:00,21,0,28.9,
06/21/2003 21:15:00,21,15,28.4,
06/21/2003 21:30:00,21,30,27.9,
06/21/2003 21:45:00,21,45,27.4,
06/21/2003 22:00:00,22,0,27.1,
06/21/2003 22:15:00,22,15,26.7,
06/21/2003 22:30:00,22,30,26.3,
06/21/2003 22:45:00,22,45,25.9,
06/21/2003 23:00:00,23,0,25.4,
06/21/2003 23:15:00,23,15,24.8,
06/21/2003 23:30:00,23,30,24.1,
06/21/2003 23:45:00,23,45,23.7,
06/22/2003 00:00:00,0,0,23.2,
06/22/2003 00:15:00,0,15,22.7,
06/22/2003 00:30:00,0,30,22.2,
06/22/2003 00:45:00,0,45,20.8,
06/22/2003 01:00:00,1,0,19.6,
06/22/2003 01:15:00,1,15,19.1,
06/22/2003 01:30:00,1,30,17.4,
06/22/2003 01:45:00,1,45,16.1,
06/22/2003 02:00:00,2,0,15.8,
06/22/2003 02:15:00,2,15,15.5,
06/22/2003 02:30:00,2,30,15.1,
06/22/2003 02:45:00,2,45,14.6,
06/22/2003 03:00:00,3,0,14.2,
06/22/2003 03:15:00,3,15,14.1,
06/22/2003 03:30:00,3,30,14.2,
06/22/2003 03:45:00,3,45,14.3,
06/22/2003 04:00:00,4,0,14.7,
06/22/2003 04:15:00,4,15,15.1,
06/22/2003 04:30:00,4,30,15.6,
06/22/2003 04:45:00,4,45,15.8,
06/22/2003 05:00:00,5,0,15.9,
06/22/2003 05:15:00,5,15,15.9,
06/22/2003 05:30:00,5,30,16,
06/22/2003 05:45:00,5,45,15.9,
06/22/2003 06:00:00,6,0,15.9,
06/22/2003 06:15:00,6,15,16.1,
06/22/2003 06:30:00,6,30,16.7,
06/22/2003 06:45:00,6,45,17.2,
06/22/2003 07:00:00,7,0,17.6,
06/22/2003 07:15:00,7,15,18.1,
06/22/2003 07:30:00,7,30,19.3,
06/22/2003 07:45:00,7,45,21,
06/22/2003 08:00:00,8,0,21.9,
06/22/2003 08:15:00,8,15,22.5,
06/22/2003 08:30:00,8,30,22.9,
06/22/2003 08:45:00,8,45,23.6,
06/22/2003 09:00:00,9,0,24.2,
06/22/2003 09:15:00,9,15,24.9,
06/22/2003 09:30:00,9,30,25.4,
06/22/2003 09:45:00,9,45,27.2,
06/22/2003 10:00:00,10,0,28.8,
06/22/2003 10:15:00,10,15,29.8,
06/22/2003 10:30:00,10,30,30.8,
06/22/2003 10:45:00,10,45,31.6,
06/22/2003 11:00:00,11,0,32.1,
06/22/2003 11:15:00,11,15,32,
06/22/2003 11:30:00,11,30,32,
06/22/2003 11:45:00,11,45,33.1,
06/22/2003 12:00:00,12,0,33.9,
06/22/2003 12:15:00,12,15,34,
06/22/2003 12:30:00,12,30,34,
06/22/2003 12:45:00,12,45,34.4,
06/22/2003 13:00:00,13,0,34.5,
06/22/2003 13:15:00,13,15,34,
06/22/2003 13:30:00,13,30,33.9,
06/22/2003 13:45:00,13,45,33.1,
06/22/2003 14:00:00,14,0,32.7,
06/22/2003 14:15:00,14,15,31,
06/22/2003 14:30:00,14,30,31.7,
06/22/2003 14:45:00,14,45,31.5,
06/22/2003 15:00:00,15,0,32.1,
06/22/2003 15:15:00,15,15,32.8,
06/22/2003 15:30:00,15,30,33.4,
06/22/2003 15:45:00,15,45,33.9,
06/22/2003 16:00:00,16,0,34.2,
06/22/2003 16:15:00,16,15,34.2,
06/22/2003 16:30:00,16,30,34.7,
06/22/2003 16:45:00,16,45,35.5,
06/22/2003 17:00:00,17,0,36.1,
06/22/2003 17:15:00,17,15,36.3,
06/22/2003 17:30:00,17,30,36.5,
06/22/2003 17:45:00,17,45,35.9,
06/22/2003 18:00:00,18,0,35.6,
06/22/2003 18:15:00,18,15,34.9,
06/22/2003 18:30:00,18,30,33.8,
06/22/2003 18:45:00,18,45,33.1,
06/22/2003 19:00:00,19,0,33.4,
06/22/2003 19:15:00,19,15,32.7,
06/22/2003 19:30:00,19,30,31.5,
06/22/2003 19:45:00,19,45,30.6,
06/22/2003 20:00:00,20,0,30,
06/22/2003 20:15:00,20,15,29.6,
06/22/2003 20:30:00,20,30,29.6,
06/22/2003 20:45:00,20,45,29,
06/22/2003 21:00:00,21,0,28.5,
06/22/2003 21:15:00,21,15,28.1,
06/22/2003 21:30:00,21,30,27.8,
06/22/2003 21:45:00,21,45,27.4,
06/22/2003 22:00:00,22,0,27,
06/22/2003 22:15:00,22,15,25.4,
06/22/2003 22:30:00,22,30,24.4,
06/22/2003 22:45:00,22,45,24,
06/22/2003 23:00:00,23,0,23.8,
06/22/2003 23:15:00,23,15,23.4,
06/22/2003 23:30:00,23,30,22.9,
06/22/2003 23:45:00,23,45,22.3,
06/23/2003 00:00:00,0,0,21.8,
06/23/2003 15:00:00,15,0,32.3,
06/23/2003 15:15:00,15,15,33.2,
06/23/2003 15:30:00,15,30,31.6,
06/23/2003 15:45:00,15,45,31,
06/23/2003 16:00:00,16,0,30.7,
06/23/2003 16:15:00,16,15,31,
06/23/2003 16:30:00,16,30,31.2,
06/23/2003 16:45:00,16,45,30.2,
06/23/2003 17:00:00,17,0,31.4,
06/23/2003 17:15:00,17,15,32.9,
06/23/2003 17:30:00,17,30,33.1,
06/23/2003 17:45:00,17,45,33.2,
06/23/2003 18:00:00,18,0,33.1,
06/23/2003 18:15:00,18,15,33.1,
06/23/2003 18:30:00,18,30,33.1,
06/23/2003 18:45:00,18,45,32.4,
06/23/2003 19:00:00,19,0,33,
06/23/2003 19:15:00,19,15,31.5,
06/23/2003 19:30:00,19,30,30.3,
06/23/2003 19:45:00,19,45,29.4,
06/23/2003 20:00:00,20,0,29,
06/23/2003 20:15:00,20,15,28.9,
06/23/2003 20:30:00,20,30,29.1,
06/23/2003 20:45:00,20,45,29.4,
06/23/2003 21:00:00,21,0,29.3,
06/23/2003 21:15:00,21,15,29,
06/23/2003 21:30:00,21,30,27.4,
06/23/2003 21:45:00,21,45,26.5,
06/23/2003 22:00:00,22,0,26,
06/23/2003 22:15:00,22,15,25.3,
06/23/2003 22:30:00,22,30,24.6,
06/23/2003 22:45:00,22,45,24.2,
06/23/2003 23:00:00,23,0,23.9,
06/23/2003 23:15:00,23,15,23.5,
06/23/2003 23:30:00,23,30,23.1,
06/23/2003 23:45:00,23,45,22.3,
06/24/2003 00:00:00,0,0,21.5,
06/24/2003 00:15:00,0,15,21,
06/24/2003 00:30:00,0,30,20.9,
06/24/2003 00:45:00,0,45,20.8,
06/24/2003 01:00:00,1,0,20.7,
06/24/2003 01:15:00,1,15,20.5,
06/24/2003 01:30:00,1,30,20.5,
06/24/2003 01:45:00,1,45,20.1,
06/24/2003 02:00:00,2,0,19.7,
06/24/2003 02:15:00,2,15,19.4,
06/24/2003 02:30:00,2,30,19.1,
06/24/2003 02:45:00,2,45,18.7,
06/24/2003 03:00:00,3,0,18.5,
06/24/2003 03:15:00,3,15,19.7,
06/24/2003 03:30:00,3,30,20.3,
06/24/2003 03:45:00,3,45,20.6,
06/24/2003 04:00:00,4,0,20.6,
06/24/2003 04:15:00,4,15,20.3,
06/24/2003 04:30:00,4,30,20.5,
06/24/2003 04:45:00,4,45,20.8,
06/24/2003 05:00:00,5,0,20.3,
06/24/2003 05:15:00,5,15,19.1,
06/24/2003 05:30:00,5,30,19,
06/24/2003 05:45:00,5,45,19.1,
06/24/2003 06:00:00,6,0,19.4,
06/24/2003 06:15:00,6,15,19.6,
06/24/2003 06:30:00,6,30,20.1,
06/24/2003 06:45:00,6,45,20.6,
06/24/2003 07:00:00,7,0,21,
06/24/2003 07:15:00,7,15,21.4,
06/24/2003 07:30:00,7,30,21.8,
06/24/2003 07:45:00,7,45,22.2,
06/24/2003 08:00:00,8,0,22.4,
06/24/2003 08:15:00,8,15,22.7,
06/24/2003 08:30:00,8,30,23.3,
06/24/2003 08:45:00,8,45,24.1,
06/24/2003 09:00:00,9,0,24.8,
06/24/2003 09:15:00,9,15,26.8,
06/24/2003 09:30:00,9,30,28,
06/24/2003 09:45:00,9,45,28.3,
06/24/2003 10:00:00,10,0,29,
06/24/2003 10:15:00,10,15,29.9,
06/24/2003 10:30:00,10,30,30.7,
06/24/2003 10:45:00,10,45,31.3,
06/24/2003 11:00:00,11,0,30.9,
06/24/2003 11:15:00,11,15,30.3,
06/24/2003 11:30:00,11,30,29.8,
06/24/2003 11:45:00,11,45,28.9,
06/24/2003 12:00:00,12,0,28.4,
06/24/2003 12:15:00,12,15,28.3,
06/24/2003 12:30:00,12,30,27.5,
06/24/2003 12:45:00,12,45,25.7,
06/24/2003 13:00:00,13,0,24.5,
06/24/2003 13:15:00,13,15,24,
06/24/2003 13:30:00,13,30,23.5,
06/24/2003 13:45:00,13,45,23.3,
06/24/2003 14:00:00,14,0,23.4,
06/24/2003 14:15:00,14,15,25,
06/24/2003 14:30:00,14,30,26.8,
06/24/2003 14:45:00,14,45,28.3,
06/24/2003 15:00:00,15,0,28.6,
06/24/2003 15:15:00,15,15,28.1,
06/24/2003 15:30:00,15,30,27.6,
06/24/2003 15:45:00,15,45,27.3,
06/24/2003 16:00:00,16,0,27.6,
06/24/2003 16:15:00,16,15,28.1,
06/24/2003 16:30:00,16,30,29.1,
06/24/2003 16:45:00,16,45,30.2,
06/24/2003 17:00:00,17,0,30.8,
06/24/2003 17:15:00,17,15,29.9,
06/24/2003 17:30:00,17,30,29.2,
06/24/2003 17:45:00,17,45,28.1,
06/24/2003 18:00:00,18,0,26.7,
06/24/2003 18:15:00,18,15,26.2,
06/24/2003 18:30:00,18,30,26.9,
06/24/2003 18:45:00,18,45,27.2,
06/24/2003 19:00:00,19,0,26.9,
06/24/2003 19:15:00,19,15,26.9,
06/24/2003 19:30:00,19,30,27.1,
06/24/2003 19:45:00,19,45,26.6,
06/24/2003 20:00:00,20,0,25.8,
06/24/2003 20:15:00,20,15,25.3,
06/24/2003 20:30:00,20,30,25.2,
06/24/2003 20:45:00,20,45,25.3,
06/24/2003 21:00:00,21,0,26.3,
06/24/2003 21:15:00,21,15,26.8,
06/24/2003 21:30:00,21,30,26.7,
06/24/2003 21:45:00,21,45,26.6,
06/24/2003 22:00:00,22,0,26.3,
06/24/2003 22:15:00,22,15,25.9,
06/24/2003 22:30:00,22,30,25.3,
06/24/2003 22:45:00,22,45,24.8,
06/24/2003 23:00:00,23,0,24.4,
06/24/2003 23:15:00,23,15,22.4,
06/24/2003 23:30:00,23,30,21.4,
06/24/2003 23:45:00,23,45,20.7,
06/25/2003 00:00:00,0,0,19.9,
06/25/2003 00:15:00,0,15,19.4,
06/25/2003 00:30:00,0,30,19.1,
06/25/2003 00:45:00,0,45,19,
06/25/2003 01:00:00,1,0,18.9,
06/25/2003 01:15:00,1,15,18.6,
06/25/2003 01:30:00,1,30,18.6,
06/25/2003 01:45:00,1,45,18.6,
06/25/2003 02:00:00,2,0,18.7,
06/25/2003 02:15:00,2,15,18.7,
06/25/2003 02:30:00,2,30,18.5,
06/25/2003 02:45:00,2,45,18.5,
06/25/2003 03:00:00,3,0,18.4,
06/25/2003 03:15:00,3,15,18.2,
06/25/2003 03:30:00,3,30,17.9,
06/25/2003 03:45:00,3,45,18.1,
06/25/2003 04:00:00,4,0,18.1,
06/25/2003 04:15:00,4,15,17.9,
06/25/2003 04:30:00,4,30,17.9,
06/25/2003 04:45:00,4,45,17.7,
06/25/2003 05:00:00,5,0,17.7,
06/25/2003 05:15:00,5,15,18,
06/25/2003 05:30:00,5,30,18.3,
06/25/2003 05:45:00,5,45,19.9,
06/25/2003 06:00:00,6,0,21.3,
06/25/2003 06:15:00,6,15,22.1,
06/25/2003 06:30:00,6,30,22.7,
06/25/2003 06:45:00,6,45,22.8,
06/25/2003 07:00:00,7,0,22.9,
06/25/2003 07:15:00,7,15,23.4,
06/25/2003 07:30:00,7,30,23.4,
06/25/2003 07:45:00,7,45,22.3,
06/25/2003 08:00:00,8,0,22,
06/25/2003 08:15:00,8,15,21.8,
06/25/2003 08:30:00,8,30,21.7,
06/25/2003 08:45:00,8,45,21.7,
06/25/2003 09:00:00,9,0,21.7,
06/25/2003 09:15:00,9,15,21.9,
06/25/2003 09:30:00,9,30,22.1,
06/25/2003 09:45:00,9,45,22.3,
06/25/2003 10:00:00,10,0,22.6,
06/25/2003 10:15:00,10,15,22.8,
06/25/2003 10:30:00,10,30,22.9,
06/25/2003 10:45:00,10,45,22.7,
06/25/2003 11:00:00,11,0,22.3,
06/25/2003 11:15:00,11,15,22.7,
06/25/2003 11:30:00,11,30,24.6,
06/25/2003 11:45:00,11,45,25.8,
06/25/2003 12:00:00,12,0,26.7,
06/25/2003 12:15:00,12,15,27.5,
06/25/2003 12:30:00,12,30,28.6,
06/25/2003 12:45:00,12,45,29.9,
06/25/2003 13:00:00,13,0,30.8,
06/25/2003 13:15:00,13,15,31.8,
06/25/2003 13:30:00,13,30,32.1,
06/25/2003 13:45:00,13,45,32.9,
06/25/2003 14:00:00,14,0,33.9,
06/25/2003 14:15:00,14,15,34.2,
06/25/2003 14:30:00,14,30,34,
06/25/2003 14:45:00,14,45,33.1,
06/25/2003 15:00:00,15,0,30.8,
06/25/2003 15:15:00,15,15,29.7,
06/25/2003 15:30:00,15,30,29.7,
06/25/2003 15:45:00,15,45,29.8,
06/25/2003 16:00:00,16,0,30,
06/25/2003 16:15:00,16,15,31.5,
06/25/2003 16:30:00,16,30,32.4,
06/25/2003 16:45:00,16,45,32.1,
06/25/2003 17:00:00,17,0,32,
06/25/2003 17:15:00,17,15,31.4,
06/25/2003 17:30:00,17,30,31.1,
06/25/2003 17:45:00,17,45,32.1,
06/25/2003 18:00:00,18,0,32.5,
06/25/2003 18:15:00,18,15,32.6,
06/25/2003 18:30:00,18,30,32.3,
06/25/2003 18:45:00,18,45,31.7,
06/25/2003 19:00:00,19,0,29.8,
06/25/2003 19:15:00,19,15,28.9,
06/25/2003 19:30:00,19,30,28.8,
06/25/2003 19:45:00,19,45,29,
06/25/2003 20:00:00,20,0,29.1,
06/25/2003 20:15:00,20,15,28.7,
06/25/2003 20:30:00,20,30,28.1,
06/25/2003 20:45:00,20,45,28,
06/25/2003 21:00:00,21,0,27.9,
06/25/2003 21:15:00,21,15,26.4,
06/25/2003 21:30:00,21,30,25.6,
06/25/2003 21:45:00,21,45,25.1,
06/25/2003 22:00:00,22,0,24.8,
06/25/2003 22:15:00,22,15,24.2,
06/25/2003 22:30:00,22,30,23.5,
06/25/2003 22:45:00,22,45,23.1,
06/25/2003 23:00:00,23,0,22.9,
06/25/2003 23:15:00,23,15,22.6,
06/25/2003 23:30:00,23,30,22,
06/25/2003 23:45:00,23,45,21.3,
06/26/2003 00:00:00,0,0,20.7,
06/26/2003 00:15:00,0,15,20.5,
06/26/2003 00:30:00,0,30,20.4,
06/26/2003 00:45:00,0,45,20.3,
06/26/2003 01:00:00,1,0,20.3,
06/26/2003 01:15:00,1,15,20.4,
06/26/2003 01:30:00,1,30,20.3,
06/26/2003 01:45:00,1,45,20.3,
06/26/2003 02:00:00,2,0,20.3,
06/26/2003 02:15:00,2,15,20.2,
06/26/2003 02:30:00,2,30,20.1,
06/26/2003 02:45:00,2,45,20,
06/26/2003 03:00:00,3,0,19.8,
06/26/2003 03:15:00,3,15,19.8,
06/26/2003 03:30:00,3,30,19.7,
06/26/2003 03:45:00,3,45,19.5,
06/26/2003 04:00:00,4,0,20.1,
06/26/2003 04:15:00,4,15,21.3,
06/26/2003 04:30:00,4,30,21.6,
06/26/2003 04:45:00,4,45,21.8,
06/26/2003 05:00:00,5,0,21.9,
06/26/2003 05:15:00,5,15,22.1,
06/26/2003 05:30:00,5,30,22.5,
06/26/2003 05:45:00,5,45,23.2,
06/26/2003 06:00:00,6,0,22.7,
06/26/2003 06:15:00,6,15,21.6,
06/26/2003 06:30:00,6,30,21.7,
06/26/2003 06:45:00,6,45,21.8,
06/26/2003 07:00:00,7,0,21.8,
06/26/2003 07:15:00,7,15,21.9,
06/26/2003 07:30:00,7,30,21.9,
06/26/2003 07:45:00,7,45,21.9,
06/26/2003 08:00:00,8,0,22.1,
06/26/2003 08:15:00,8,15,22.4,
06/26/2003 08:30:00,8,30,22.8,
06/26/2003 08:45:00,8,45,23.2,
06/26/2003 09:00:00,9,0,23.6,
06/26/2003 09:15:00,9,15,23.8,
06/26/2003 09:30:00,9,30,24.2,
06/26/2003 09:45:00,9,45,24.6,
06/26/2003 10:00:00,10,0,25.1,
06/26/2003 10:15:00,10,15,24.9,
06/26/2003 10:30:00,10,30,25.5,
06/26/2003 10:45:00,10,45,27.3,
06/26/2003 11:00:00,11,0,27.5,
06/26/2003 11:15:00,11,15,27.1,
06/26/2003 11:30:00,11,30,26.7,
06/26/2003 11:45:00,11,45,26.9,
06/26/2003 12:00:00,12,0,27.5,
06/26/2003 12:15:00,12,15,27.5,
06/26/2003 12:30:00,12,30,27.6,
06/26/2003 12:45:00,12,45,27.8,
06/26/2003 13:00:00,13,0,27.7,
06/26/2003 13:15:00,13,15,27.7,
06/26/2003 13:30:00,13,30,28.1,
06/26/2003 13:45:00,13,45,28.3,
06/26/2003 14:00:00,14,0,26.2,
06/26/2003 14:15:00,14,15,25.8,
06/26/2003 14:30:00,14,30,26.8,
06/26/2003 14:45:00,14,45,27.6,
06/26/2003 15:00:00,15,0,27,
06/26/2003 15:15:00,15,15,26.6,
06/26/2003 15:30:00,15,30,30,
06/26/2003 15:45:00,15,45,29.4,
06/26/2003 16:00:00,16,0,27.8,
06/26/2003 16:15:00,16,15,26.1,
06/26/2003 16:30:00,16,30,26.6,
06/26/2003 16:45:00,16,45,25.7,
06/26/2003 17:00:00,17,0,24.4,
06/26/2003 17:15:00,17,15,25.3,
06/26/2003 17:30:00,17,30,25.8,
06/26/2003 17:45:00,17,45,26.1,
06/26/2003 18:00:00,18,0,27.1,
06/26/2003 18:15:00,18,15,28.6,
06/26/2003 18:30:00,18,30,29.1,
06/26/2003 18:45:00,18,45,29.1,
06/26/2003 19:00:00,19,0,28.7,
06/26/2003 19:15:00,19,15,28.3,
06/26/2003 19:30:00,19,30,27.7,
06/26/2003 19:45:00,19,45,27.5,
06/26/2003 20:00:00,20,0,27.3,
06/26/2003 20:15:00,20,15,27.1,
06/26/2003 20:30:00,20,30,26.2,
06/26/2003 20:45:00,20,45,24.1,
06/26/2003 21:00:00,21,0,23.3,
06/26/2003 21:15:00,21,15,23.1,
06/26/2003 21:30:00,21,30,23,
06/26/2003 21:45:00,21,45,22.8,
06/26/2003 22:00:00,22,0,22.6,
06/26/2003 22:15:00,22,15,22.2,
06/26/2003 22:30:00,22,30,21.5,
06/26/2003 22:45:00,22,45,21.1,
06/26/2003 23:00:00,23,0,20.7,
06/26/2003 23:15:00,23,15,20.4,
06/26/2003 23:30:00,23,30,20.1,
06/26/2003 23:45:00,23,45,19.6,
06/27/2003 00:00:00,0,0,18.9,
06/27/2003 00:15:00,0,15,18.4,
06/27/2003 00:30:00,0,30,18.1,
06/27/2003 00:45:00,0,45,17.9,
06/27/2003 01:00:00,1,0,17.6,
06/27/2003 01:15:00,1,15,17.3,
06/27/2003 01:30:00,1,30,17,
06/27/2003 01:45:00,1,45,16.8,
06/27/2003 02:00:00,2,0,16.7,
06/27/2003 02:15:00,2,15,16.7,
06/27/2003 02:30:00,2,30,16.7,
06/27/2003 02:45:00,2,45,16.5,
06/27/2003 03:00:00,3,0,16.3,
06/27/2003 03:15:00,3,15,16.2,
06/27/2003 03:30:00,3,30,16.1,
06/27/2003 03:45:00,3,45,15.9,
06/27/2003 04:00:00,4,0,15.8,
06/27/2003 04:15:00,4,15,15.6,
06/27/2003 04:30:00,4,30,15.5,
06/27/2003 04:45:00,4,45,15.6,
06/27/2003 05:00:00,5,0,16.1,
06/27/2003 05:15:00,5,15,16.4,
06/27/2003 05:30:00,5,30,16.7,
06/27/2003 05:45:00,5,45,16.7,
06/27/2003 06:00:00,6,0,16.7,
06/27/2003 06:15:00,6,15,16.9,
06/27/2003 06:30:00,6,30,17.4,
06/27/2003 06:45:00,6,45,17.8,
06/27/2003 07:00:00,7,0,18.1,
06/27/2003 07:15:00,7,15,18.7,
06/27/2003 07:30:00,7,30,20.5,
06/27/2003 07:45:00,7,45,21.5,
06/27/2003 08:00:00,8,0,22.3,
06/27/2003 08:15:00,8,15,22.2,
06/27/2003 08:30:00,8,30,22,
06/27/2003 08:45:00,8,45,22.1,
06/27/2003 09:00:00,9,0,22.1,
06/27/2003 09:15:00,9,15,21,
06/27/2003 09:30:00,9,30,19.8,
06/27/2003 09:45:00,9,45,19.9,
06/27/2003 10:00:00,10,0,18.9,
06/27/2003 10:15:00,10,15,18.1,
06/27/2003 10:30:00,10,30,17.5,
06/27/2003 10:45:00,10,45,17.5,
06/27/2003 11:00:00,11,0,18.3,
06/27/2003 11:15:00,11,15,19.3,
06/27/2003 11:30:00,11,30,20.2,
06/27/2003 11:45:00,11,45,21.4,
06/27/2003 12:00:00,12,0,20.9,
06/27/2003 12:15:00,12,15,21.1,
06/27/2003 12:30:00,12,30,21.4,
06/27/2003 12:45:00,12,45,21.5,
06/27/2003 13:00:00,13,0,21.6,
06/27/2003 13:15:00,13,15,22.1,
06/27/2003 13:30:00,13,30,22.4,
06/27/2003 13:45:00,13,45,23.1,
06/27/2003 14:00:00,14,0,23.9,
06/27/2003 14:15:00,14,15,25.9,
06/27/2003 14:30:00,14,30,26,
06/27/2003 14:45:00,14,45,27.7,
06/27/2003 15:00:00,15,0,28.5,
06/27/2003 15:15:00,15,15,28.4,
06/27/2003 15:30:00,15,30,28.9,
06/27/2003 15:45:00,15,45,27.6,
06/27/2003 16:00:00,16,0,28.5,
06/27/2003 16:15:00,16,15,28.2,
06/27/2003 16:30:00,16,30,28.1,
06/27/2003 16:45:00,16,45,27.3,
06/27/2003 17:00:00,17,0,26.9,
06/27/2003 17:15:00,17,15,29.1,
06/27/2003 17:30:00,17,30,28.9,
06/27/2003 17:45:00,17,45,26.8,
06/27/2003 18:00:00,18,0,26.5,
06/27/2003 18:15:00,18,15,27.5,
06/27/2003 18:30:00,18,30,29,
06/27/2003 18:45:00,18,45,29.1,
06/27/2003 19:00:00,19,0,27,
06/27/2003 19:15:00,19,15,25.6,
06/27/2003 19:30:00,19,30,25.3,
06/27/2003 19:45:00,19,45,25.1,
06/27/2003 20:00:00,20,0,24.8,
06/27/2003 20:15:00,20,15,24.6,
06/27/2003 20:30:00,20,30,24.6,
06/27/2003 20:45:00,20,45,24.3,
06/27/2003 21:00:00,21,0,23.8,
06/27/2003 21:15:00,21,15,23.5,
06/27/2003 21:30:00,21,30,23.2,
06/27/2003 21:45:00,21,45,23.9,
06/27/2003 22:00:00,22,0,24.5,
06/27/2003 22:15:00,22,15,24.2,
06/27/2003 22:30:00,22,30,23.4,
06/27/2003 22:45:00,22,45,22.7,
06/27/2003 23:00:00,23,0,22.2,
06/27/2003 23:15:00,23,15,21.8,
06/27/2003 23:30:00,23,30,20.4,
06/27/2003 23:45:00,23,45,18.6,
06/28/2003 00:00:00,0,0,17.5,
06/28/2003 00:15:00,0,15,16.6,
06/28/2003 00:30:00,0,30,15.9,
06/28/2003 00:45:00,0,45,15.5,
06/28/2003 01:00:00,1,0,15,
06/28/2003 01:15:00,1,15,14.6,
06/28/2003 01:30:00,1,30,14.5,
06/28/2003 01:45:00,1,45,14.5,
06/28/2003 02:00:00,2,0,14.6,
06/28/2003 02:15:00,2,15,14.6,
06/28/2003 02:30:00,2,30,14.6,
06/28/2003 02:45:00,2,45,14.6,
06/28/2003 03:00:00,3,0,14.5,
06/28/2003 03:15:00,3,15,14.4,
06/28/2003 03:30:00,3,30,14.2,
06/28/2003 03:45:00,3,45,14.1,
06/28/2003 04:00:00,4,0,14,
06/28/2003 04:15:00,4,15,13.8,
06/28/2003 04:30:00,4,30,13.7,
06/28/2003 04:45:00,4,45,13.5,
06/28/2003 05:00:00,5,0,13.7,
06/28/2003 05:15:00,5,15,13.6,
06/28/2003 05:30:00,5,30,13.5,
06/28/2003 05:45:00,5,45,13.4,
06/28/2003 06:00:00,6,0,13.2,
06/28/2003 06:15:00,6,15,13.3,
06/28/2003 06:30:00,6,30,14,
06/28/2003 06:45:00,6,45,14.6,
06/28/2003 07:00:00,7,0,14.9,
06/28/2003 07:15:00,7,15,15.1,
06/28/2003 07:30:00,7,30,15.4,
06/28/2003 07:45:00,7,45,15.8,
06/28/2003 08:00:00,8,0,16.4,
06/28/2003 08:15:00,8,15,17.2,
06/28/2003 08:30:00,8,30,18,
06/28/2003 08:45:00,8,45,18.6,
06/28/2003 09:00:00,9,0,19.2,
06/28/2003 09:15:00,9,15,20.1,
06/28/2003 09:30:00,9,30,21,
06/28/2003 09:45:00,9,45,22.1,
06/28/2003 10:00:00,10,0,23.7,
06/28/2003 10:15:00,10,15,26.3,
06/28/2003 10:30:00,10,30,28.2,
06/28/2003 10:45:00,10,45,29.6,
06/28/2003 11:00:00,11,0,31,
06/28/2003 11:15:00,11,15,31.6,
06/28/2003 11:30:00,11,30,31.7,
06/28/2003 11:45:00,11,45,31.7,
06/28/2003 12:00:00,12,0,32.1,
06/28/2003 12:15:00,12,15,33,
06/28/2003 12:30:00,12,30,33.6,
06/28/2003 12:45:00,12,45,33.4,
06/28/2003 13:00:00,13,0,34.2,
06/28/2003 13:15:00,13,15,33.6,
06/28/2003 13:30:00,13,30,34.5,
06/28/2003 13:45:00,13,45,34.2,
06/28/2003 14:00:00,14,0,34.3,
06/28/2003 14:15:00,14,15,33.9,
06/28/2003 14:30:00,14,30,33.9,
06/28/2003 14:45:00,14,45,33.5,
06/28/2003 15:00:00,15,0,34,
06/28/2003 15:15:00,15,15,33.6,
06/28/2003 15:30:00,15,30,33.5,
06/28/2003 15:45:00,15,45,32.5,
06/28/2003 16:00:00,16,0,30,
06/28/2003 16:15:00,16,15,27.9,
06/28/2003 16:30:00,16,30,28.2,
06/28/2003 16:45:00,16,45,28.1,
06/28/2003 17:00:00,17,0,28.1,
06/28/2003 17:15:00,17,15,28.2,
06/28/2003 17:30:00,17,30,27.9,
06/28/2003 17:45:00,17,45,27.1,
06/28/2003 18:00:00,18,0,26.6,
06/28/2003 18:15:00,18,15,26.3,
06/28/2003 18:30:00,18,30,26,
06/28/2003 18:45:00,18,45,25.8,
06/28/2003 19:00:00,19,0,25.5,
06/28/2003 19:15:00,19,15,25.1,
06/28/2003 19:30:00,19,30,24.8,
06/28/2003 19:45:00,19,45,25.5,
06/28/2003 20:00:00,20,0,27.3,
06/28/2003 20:15:00,20,15,27.5,
06/28/2003 20:30:00,20,30,27.4,
06/28/2003 20:45:00,20,45,27,
06/28/2003 21:00:00,21,0,26.7,
06/28/2003 21:15:00,21,15,26.7,
06/28/2003 21:30:00,21,30,26.5,
06/28/2003 21:45:00,21,45,26.3,
06/28/2003 22:00:00,22,0,25.4,
06/28/2003 22:15:00,22,15,22.7,
06/28/2003 22:30:00,22,30,21.2,
06/28/2003 22:45:00,22,45,20.6,
06/28/2003 23:00:00,23,0,20.2,
06/28/2003 23:15:00,23,15,19.9,
06/28/2003 23:30:00,23,30,19.6,
06/28/2003 23:45:00,23,45,19.2,
06/29/2003 00:00:00,0,0,18.8,
06/29/2003 00:15:00,0,15,18,
06/29/2003 00:30:00,0,30,17.4,
06/29/2003 00:45:00,0,45,17,
06/29/2003 01:00:00,1,0,16.6,
06/29/2003 01:15:00,1,15,16.3,
06/29/2003 01:30:00,1,30,16.1,
06/29/2003 01:45:00,1,45,15.9,
06/29/2003 02:00:00,2,0,15.7,
06/29/2003 02:15:00,2,15,15.7,
06/29/2003 02:30:00,2,30,15.5,
06/29/2003 02:45:00,2,45,15.4,
06/29/2003 03:00:00,3,0,15.2,
06/29/2003 03:15:00,3,15,15.1,
06/29/2003 03:30:00,3,30,15.1,
06/29/2003 03:45:00,3,45,15.1,
06/29/2003 04:00:00,4,0,15.1,
06/29/2003 04:15:00,4,15,15.1,
06/29/2003 04:30:00,4,30,15.2,
06/29/2003 04:45:00,4,45,15.6,
06/29/2003 05:00:00,5,0,16,
06/29/2003 05:15:00,5,15,16.3,
06/29/2003 05:30:00,5,30,16.5,
06/29/2003 05:45:00,5,45,16.4,
06/29/2003 06:00:00,6,0,16.1,
06/29/2003 06:15:00,6,15,16.4,
06/29/2003 06:30:00,6,30,17.2,
06/29/2003 06:45:00,6,45,17.7,
06/29/2003 07:00:00,7,0,18.1,
06/29/2003 07:15:00,7,15,18.4,
06/29/2003 07:30:00,7,30,18.9,
06/29/2003 07:45:00,7,45,21.3,
06/29/2003 08:00:00,8,0,22.5,
06/29/2003 08:15:00,8,15,23,
06/29/2003 08:30:00,8,30,23.6,
06/29/2003 08:45:00,8,45,24.1,
06/29/2003 09:00:00,9,0,24.6,
06/29/2003 09:15:00,9,15,25.2,
06/29/2003 09:30:00,9,30,24.4,
06/29/2003 09:45:00,9,45,22.5,
06/29/2003 10:00:00,10,0,22.4,
06/29/2003 10:15:00,10,15,22.4,
06/29/2003 10:30:00,10,30,22.5,
06/29/2003 10:45:00,10,45,22.9,
06/29/2003 11:00:00,11,0,23.1,
06/29/2003 11:15:00,11,15,23.2,
06/29/2003 11:30:00,11,30,23.8,
06/29/2003 11:45:00,11,45,24.8,
06/29/2003 12:00:00,12,0,24.9,
06/29/2003 12:15:00,12,15,24.9,
06/29/2003 12:30:00,12,30,24.6,
06/29/2003 12:45:00,12,45,23.8,
06/29/2003 13:00:00,13,0,24.9,
06/29/2003 13:15:00,13,15,28.6,
06/29/2003 13:30:00,13,30,30.5,
06/29/2003 13:45:00,13,45,31.8,
06/29/2003 14:00:00,14,0,34.7,
06/29/2003 14:15:00,14,15,35.4,
06/29/2003 14:30:00,14,30,35.8,
06/29/2003 14:45:00,14,45,35.2,
06/29/2003 15:00:00,15,0,35,
06/29/2003 15:15:00,15,15,35.4,
06/29/2003 15:30:00,15,30,34.4,
06/29/2003 15:45:00,15,45,35,
06/29/2003 16:00:00,16,0,34.2,
06/29/2003 16:15:00,16,15,33.8,
06/29/2003 16:30:00,16,30,33,
06/29/2003 16:45:00,16,45,32.2,
06/29/2003 17:00:00,17,0,31.6,
06/29/2003 17:15:00,17,15,32,
06/29/2003 17:30:00,17,30,32.2,
06/29/2003 17:45:00,17,45,31.8,
06/29/2003 18:00:00,18,0,31.9,
06/29/2003 18:15:00,18,15,31.9,
06/29/2003 18:30:00,18,30,32.3,
06/29/2003 18:45:00,18,45,33,
06/29/2003 19:00:00,19,0,32.2,
06/29/2003 19:15:00,19,15,32.8,
06/29/2003 19:30:00,19,30,33,
06/29/2003 19:45:00,19,45,33,
06/29/2003 20:00:00,20,0,33,
06/29/2003 20:15:00,20,15,31.7,
06/29/2003 20:30:00,20,30,29.5,
06/29/2003 20:45:00,20,45,27.6,
06/29/2003 21:00:00,21,0,26.7,
06/29/2003 21:15:00,21,15,25.8,
06/29/2003 21:30:00,21,30,25.1,
06/29/2003 21:45:00,21,45,24.5,
06/29/2003 22:00:00,22,0,24,
06/29/2003 22:15:00,22,15,23.5,
06/29/2003 22:30:00,22,30,23.1,
06/29/2003 22:45:00,22,45,22.7,
06/29/2003 23:00:00,23,0,22.4,
06/29/2003 23:15:00,23,15,22.2,
06/29/2003 23:30:00,23,30,21.8,
06/29/2003 23:45:00,23,45,21.2,
06/30/2003 00:00:00,0,0,21,
06/30/2003 00:15:00,0,15,22.9,
06/30/2003 00:30:00,0,30,23.5,
06/30/2003 00:45:00,0,45,23.5,
06/30/2003 01:00:00,1,0,23.3,
06/30/2003 01:15:00,1,15,23.1,
06/30/2003 01:30:00,1,30,22.2,
06/30/2003 01:45:00,1,45,19.1,
06/30/2003 02:00:00,2,0,18,
06/30/2003 02:15:00,2,15,17.5,
06/30/2003 02:30:00,2,30,17.1,
06/30/2003 02:45:00,2,45,16.8,
06/30/2003 03:00:00,3,0,16.7,
06/30/2003 03:15:00,3,15,16.5,
06/30/2003 03:30:00,3,30,16.3,
06/30/2003 03:45:00,3,45,16.3,
06/30/2003 04:00:00,4,0,16.1,
06/30/2003 04:15:00,4,15,16.1,
06/30/2003 04:30:00,4,30,16.2,
06/30/2003 04:45:00,4,45,16.5,
06/30/2003 05:00:00,5,0,16.8,
06/30/2003 05:15:00,5,15,17,
06/30/2003 05:30:00,5,30,17.1,
06/30/2003 05:45:00,5,45,17.2,
06/30/2003 06:00:00,6,0,17.1,
06/30/2003 06:15:00,6,15,17.3,
06/30/2003 06:30:00,6,30,18.1,
06/30/2003 06:45:00,6,45,18.6,
06/30/2003 07:00:00,7,0,19,
06/30/2003 07:15:00,7,15,19.3,
06/30/2003 07:30:00,7,30,19.8,
06/30/2003 07:45:00,7,45,22.3,
06/30/2003 08:00:00,8,0,23.4,
06/30/2003 08:15:00,8,15,24.3,
06/30/2003 08:30:00,8,30,25.1,
06/30/2003 08:45:00,8,45,25.4,
06/30/2003 09:00:00,9,0,25.9,
06/30/2003 09:15:00,9,15,26.8,
06/30/2003 09:30:00,9,30,28.3,
06/30/2003 09:45:00,9,45,29,
06/30/2003 10:00:00,10,0,29.3,
06/30/2003 10:15:00,10,15,30.7,
06/30/2003 10:30:00,10,30,31.4,
06/30/2003 10:45:00,10,45,31.8,
06/30/2003 11:00:00,11,0,32.5,
06/30/2003 11:15:00,11,15,32.8,
06/30/2003 11:30:00,11,30,34.7,
06/30/2003 11:45:00,11,45,36.5,
06/30/2003 12:00:00,12,0,37.4,
06/30/2003 12:15:00,12,15,37.8,
06/30/2003 12:30:00,12,30,38.7,
06/30/2003 12:45:00,12,45,39.6,
06/30/2003 13:00:00,13,0,40.1,
06/30/2003 13:15:00,13,15,39.3,
06/30/2003 13:30:00,13,30,37.1,
06/30/2003 13:45:00,13,45,38.2,
06/30/2003 14:00:00,14,0,38.9,
06/30/2003 14:15:00,14,15,39.8,
06/30/2003 14:30:00,14,30,41.1,
06/30/2003 14:45:00,14,45,41.8,
06/30/2003 15:00:00,15,0,43,
06/30/2003 15:15:00,15,15,43.4,
06/30/2003 15:30:00,15,30,43.6,
06/30/2003 15:45:00,15,45,41.8,
06/30/2003 16:00:00,16,0,39.1,
06/30/2003 16:15:00,16,15,39.3,
06/30/2003 16:30:00,16,30,41.6,
06/30/2003 16:45:00,16,45,42.3,
06/30/2003 17:00:00,17,0,43.1,
06/30/2003 17:15:00,17,15,42.8,
06/30/2003 17:30:00,17,30,42.3,
06/30/2003 17:45:00,17,45,41.7,
06/30/2003 18:00:00,18,0,41.4,
06/30/2003 18:15:00,18,15,41,
06/30/2003 18:30:00,18,30,40.7,
06/30/2003 18:45:00,18,45,39.9,
06/30/2003 19:00:00,19,0,39.4,
06/30/2003 19:15:00,19,15,38.9,
06/30/2003 19:30:00,19,30,37.3,
06/30/2003 19:45:00,19,45,36.3,
06/30/2003 20:00:00,20,0,34.6,
06/30/2003 20:15:00,20,15,34.1,
06/30/2003 20:30:00,20,30,33.4,
06/30/2003 20:45:00,20,45,31.4,
06/30/2003 21:00:00,21,0,30.8,
06/30/2003 21:15:00,21,15,31.1,
06/30/2003 21:30:00,21,30,31.1,
06/30/2003 21:45:00,21,45,30.6,
06/30/2003 22:00:00,22,0,30.2,
06/30/2003 22:15:00,22,15,29.6,
06/30/2003 22:30:00,22,30,28.9,
06/30/2003 22:45:00,22,45,28.2,
06/30/2003 23:00:00,23,0,25.1,
06/30/2003 23:15:00,23,15,23.8,
06/30/2003 23:30:00,23,30,23,
06/30/2003 23:45:00,23,45,22.5,
07/01/2003 00:00:00,0,0,22.3,
07/01/2003 14:45:00,14,45,42.9,
07/01/2003 15:00:00,15,0,43.6,
07/01/2003 15:15:00,15,15,42.7,
07/01/2003 15:30:00,15,30,42.5,
07/01/2003 15:45:00,15,45,43,
07/01/2003 16:00:00,16,0,41.9,
07/01/2003 16:15:00,16,15,41.4,
07/01/2003 16:30:00,16,30,40.6,
07/01/2003 16:45:00,16,45,40,
07/01/2003 17:00:00,17,0,39.5,
07/01/2003 17:15:00,17,15,39,
07/01/2003 17:30:00,17,30,38.4,
07/01/2003 17:45:00,17,45,38.1,
07/01/2003 18:00:00,18,0,37.8,
07/01/2003 18:15:00,18,15,37.5,
07/01/2003 18:30:00,18,30,37,
07/01/2003 18:45:00,18,45,36.4,
07/01/2003 19:00:00,19,0,36.2,
07/01/2003 19:15:00,19,15,35.5,
07/01/2003 19:30:00,19,30,32.9,
07/01/2003 19:45:00,19,45,31.6,
07/01/2003 20:00:00,20,0,30.9,
07/01/2003 20:15:00,20,15,30.2,
07/01/2003 20:30:00,20,30,30.2,
07/01/2003 20:45:00,20,45,29.6,
07/01/2003 21:00:00,21,0,28.9,
07/01/2003 21:15:00,21,15,28.4,
07/01/2003 21:30:00,21,30,27.9,
07/01/2003 21:45:00,21,45,27.4,
07/01/2003 22:00:00,22,0,27.1,
07/01/2003 22:15:00,22,15,26.7,
07/01/2003 22:30:00,22,30,26.3,
07/01/2003 22:45:00,22,45,25.9,
07/01/2003 23:00:00,23,0,25.4,
07/01/2003 23:15:00,23,15,24.8,
07/01/2003 23:30:00,23,30,24.1,
07/01/2003 23:45:00,23,45,23.7,
07/02/2003 00:00:00,0,0,23.2,
07/02/2003 00:15:00,0,15,19.2,
07/02/2003 00:30:00,0,30,18.9,
07/02/2003 00:45:00,0,45,18.8,
07/02/2003 01:00:00,1,0,18.6,
07/02/2003 01:15:00,1,15,18.3,
07/02/2003 01:30:00,1,30,18.1,
07/02/2003 01:45:00,1,45,18,
07/02/2003 02:00:00,2,0,18,
07/02/2003 02:15:00,2,15,17.9,
07/02/2003 02:30:00,2,30,17.8,
07/02/2003 02:45:00,2,45,17.7,
07/02/2003 03:00:00,3,0,17.7,
07/02/2003 03:15:00,3,15,17.6,
07/02/2003 03:30:00,3,30,17.7,
07/02/2003 03:45:00,3,45,17.7,
07/02/2003 04:00:00,4,0,17.5,
07/02/2003 04:15:00,4,15,17.4,
07/02/2003 04:30:00,4,30,17.4,
07/02/2003 04:45:00,4,45,17.4,
07/02/2003 05:00:00,5,0,17.8,
07/02/2003 05:15:00,5,15,18.2,
07/02/2003 05:30:00,5,30,18.4,
07/02/2003 05:45:00,5,45,19.5,
07/02/2003 06:00:00,6,0,21.6,
07/02/2003 06:15:00,6,15,22.7,
07/02/2003 06:30:00,6,30,23.8,
07/02/2003 06:45:00,6,45,24.3,
07/02/2003 07:00:00,7,0,24.2,
07/02/2003 07:15:00,7,15,24.5,
07/02/2003 07:30:00,7,30,24.7,
07/02/2003 07:45:00,7,45,22.8,
07/02/2003 08:00:00,8,0,21.5,
07/02/2003 08:15:00,8,15,21.5,
07/02/2003 08:30:00,8,30,21.5,
07/02/2003 08:45:00,8,45,21.7,
07/02/2003 09:00:00,9,0,22,
07/02/2003 09:15:00,9,15,22.3,
07/02/2003 09:30:00,9,30,22.4,
07/02/2003 09:45:00,9,45,22.8,
07/02/2003 10:00:00,10,0,24,
07/02/2003 10:15:00,10,15,25.3,
07/02/2003 10:30:00,10,30,26.2,
07/02/2003 10:45:00,10,45,27.5,
07/02/2003 11:00:00,11,0,30.3,
07/02/2003 11:15:00,11,15,32,
07/02/2003 11:30:00,11,30,32.7,
07/02/2003 11:45:00,11,45,33.6,
07/02/2003 12:00:00,12,0,34.6,
07/02/2003 12:15:00,12,15,35,
07/02/2003 12:30:00,12,30,35.5,
07/02/2003 12:45:00,12,45,36.2,
07/02/2003 13:00:00,13,0,36.9,
07/02/2003 13:15:00,13,15,37.1,
07/02/2003 13:30:00,13,30,38.3,
07/02/2003 13:45:00,13,45,39.1,
07/02/2003 14:00:00,14,0,39.8,
07/02/2003 14:15:00,14,15,40.3,
07/02/2003 14:30:00,14,30,40.7,
07/02/2003 14:45:00,14,45,41.2,
07/02/2003 15:00:00,15,0,41.5,
07/02/2003 15:15:00,15,15,41.7,
07/02/2003 15:30:00,15,30,41.6,
07/02/2003 15:45:00,15,45,41,
07/02/2003 16:00:00,16,0,40.6,
07/02/2003 16:15:00,16,15,40.2,
07/02/2003 16:30:00,16,30,39.7,
07/02/2003 16:45:00,16,45,39.3,
07/02/2003 17:00:00,17,0,38.8,
07/02/2003 17:15:00,17,15,38.5,
07/02/2003 17:30:00,17,30,37.9,
07/02/2003 17:45:00,17,45,35.9,
07/02/2003 18:00:00,18,0,35.5,
07/02/2003 18:15:00,18,15,35.9,
07/02/2003 18:30:00,18,30,35,
07/02/2003 18:45:00,18,45,34.3,
07/02/2003 19:00:00,19,0,33.8,
07/02/2003 19:15:00,19,15,31.3,
07/02/2003 19:30:00,19,30,30.3,
07/02/2003 19:45:00,19,45,30.9,
07/02/2003 20:00:00,20,0,29.6,
07/02/2003 20:15:00,20,15,29.5,
07/02/2003 20:30:00,20,30,29,
07/02/2003 20:45:00,20,45,29.2,
07/02/2003 21:00:00,21,0,29.2,
07/02/2003 21:15:00,21,15,29.8,
07/02/2003 21:30:00,21,30,30.1,
07/02/2003 21:45:00,21,45,29.9,
07/02/2003 22:00:00,22,0,27.5,
07/02/2003 22:15:00,22,15,24.8,
07/02/2003 22:30:00,22,30,23.8,
07/02/2003 22:45:00,22,45,23.5,
07/02/2003 23:00:00,23,0,23.2,
07/02/2003 23:15:00,23,15,23,
07/02/2003 23:30:00,23,30,22.4,
07/02/2003 23:45:00,23,45,21.5,
07/03/2003 00:00:00,0,0,20.9,
07/03/2003 00:15:00,0,15,20.7,
07/03/2003 00:30:00,0,30,20.4,
07/03/2003 00:45:00,0,45,20.2,
07/03/2003 01:00:00,1,0,20,
07/03/2003 01:15:00,1,15,20,
07/03/2003 01:30:00,1,30,20,
07/03/2003 01:45:00,1,45,19.9,
07/03/2003 02:00:00,2,0,19.8,
07/03/2003 02:15:00,2,15,19.8,
07/03/2003 02:30:00,2,30,22.2,
07/03/2003 02:45:00,2,45,23.7,
07/03/2003 03:00:00,3,0,24,
07/03/2003 03:15:00,3,15,23.9,
07/03/2003 03:30:00,3,30,23.8,
07/03/2003 03:45:00,3,45,23.8,
07/03/2003 04:00:00,4,0,23.7,
07/03/2003 04:15:00,4,15,21,
07/03/2003 04:30:00,4,30,19.2,
07/03/2003 04:45:00,4,45,18.9,
07/03/2003 05:00:00,5,0,19,
07/03/2003 05:15:00,5,15,19.3,
07/03/2003 05:30:00,5,30,19.6,
07/03/2003 05:45:00,5,45,19.8,
07/03/2003 06:00:00,6,0,20.2,
07/03/2003 06:15:00,6,15,20.4,
07/03/2003 06:30:00,6,30,21,
07/03/2003 06:45:00,6,45,21.5,
07/03/2003 07:00:00,7,0,21.8,
07/03/2003 07:15:00,7,15,22.2,
07/03/2003 07:30:00,7,30,22.3,
07/03/2003 07:45:00,7,45,22.3,
07/03/2003 08:00:00,8,0,22.6,
07/03/2003 08:15:00,8,15,24.9,
07/03/2003 08:30:00,8,30,26.8,
07/03/2003 08:45:00,8,45,27.6,
07/03/2003 09:00:00,9,0,28.1,
07/03/2003 09:15:00,9,15,28.3,
07/03/2003 09:30:00,9,30,29.5,
07/03/2003 09:45:00,9,45,31,
07/03/2003 10:00:00,10,0,32,
07/03/2003 10:15:00,10,15,32.3,
07/03/2003 10:30:00,10,30,32.9,
07/03/2003 10:45:00,10,45,34.1,
07/03/2003 11:00:00,11,0,34.6,
07/03/2003 11:15:00,11,15,34.4,
07/03/2003 11:30:00,11,30,34.8,
07/03/2003 11:45:00,11,45,34.7,
07/03/2003 12:00:00,12,0,34.4,
07/03/2003 12:15:00,12,15,34.5,
07/03/2003 12:30:00,12,30,34.6,
07/03/2003 12:45:00,12,45,35,
07/03/2003 13:00:00,13,0,35.2,
07/03/2003 13:15:00,13,15,36,
07/03/2003 13:30:00,13,30,37.3,
07/03/2003 13:45:00,13,45,38.1,
07/03/2003 14:00:00,14,0,38.6,
07/03/2003 14:15:00,14,15,38.8,
07/03/2003 14:30:00,14,30,38.8,
07/03/2003 14:45:00,14,45,38.9,
07/03/2003 15:00:00,15,0,39,
07/03/2003 15:15:00,15,15,39,
07/03/2003 15:30:00,15,30,39.1,
07/03/2003 15:45:00,15,45,39.2,
07/03/2003 16:00:00,16,0,39,
07/03/2003 16:15:00,16,15,38.9,
07/03/2003 16:30:00,16,30,38.6,
07/03/2003 16:45:00,16,45,38.2,
07/03/2003 17:00:00,17,0,38,
07/03/2003 17:15:00,17,15,37.9,
07/03/2003 17:30:00,17,30,37.5,
07/03/2003 17:45:00,17,45,36.9,
07/03/2003 18:00:00,18,0,35.5,
07/03/2003 18:15:00,18,15,34.8,
07/03/2003 18:30:00,18,30,35.2,
07/03/2003 18:45:00,18,45,35,
07/03/2003 19:00:00,19,0,35.1,
07/03/2003 19:15:00,19,15,35.1,
07/03/2003 19:30:00,19,30,35.1,
07/03/2003 19:45:00,19,45,33.2,
07/03/2003 20:00:00,20,0,32.7,
07/03/2003 20:15:00,20,15,32.1,
07/03/2003 20:30:00,20,30,31,
07/03/2003 20:45:00,20,45,28.9,
07/03/2003 21:00:00,21,0,27.4,
07/03/2003 21:15:00,21,15,27,
07/03/2003 21:30:00,21,30,26.7,
07/03/2003 21:45:00,21,45,26.3,
07/03/2003 22:00:00,22,0,25.7,
07/03/2003 22:15:00,22,15,25.3,
07/03/2003 22:30:00,22,30,24.9,
07/03/2003 22:45:00,22,45,24.5,
07/03/2003 23:00:00,23,0,24.1,
07/03/2003 23:15:00,23,15,23.7,
07/03/2003 23:30:00,23,30,23.1,
07/03/2003 23:45:00,23,45,22.4,
07/04/2003 00:00:00,0,0,21.7,
07/04/2003 00:15:00,0,15,22,
07/04/2003 00:30:00,0,30,24.4,
07/04/2003 00:45:00,0,45,25,
07/04/2003 01:00:00,1,0,24.9,
07/04/2003 01:15:00,1,15,24.8,
07/04/2003 01:30:00,1,30,24.7,
07/04/2003 01:45:00,1,45,24.7,
07/04/2003 02:00:00,2,0,24.9,
07/04/2003 02:15:00,2,15,24,
07/04/2003 02:30:00,2,30,21.6,
07/04/2003 02:45:00,2,45,20.6,
07/04/2003 03:00:00,3,0,20,
07/04/2003 03:15:00,3,15,19.5,
07/04/2003 03:30:00,3,30,19.6,
07/04/2003 03:45:00,3,45,19.7,
07/04/2003 04:00:00,4,0,19.7,
07/04/2003 04:15:00,4,15,19.7,
07/04/2003 04:30:00,4,30,19.6,
07/04/2003 04:45:00,4,45,19.6,
07/04/2003 05:00:00,5,0,19.7,
07/04/2003 05:15:00,5,15,20,
07/04/2003 05:30:00,5,30,20.3,
07/04/2003 05:45:00,5,45,20.4,
07/04/2003 06:00:00,6,0,20.4,
07/04/2003 06:15:00,6,15,20.7,
07/04/2003 06:30:00,6,30,21.6,
07/04/2003 06:45:00,6,45,24,
07/04/2003 07:00:00,7,0,25.6,
07/04/2003 07:15:00,7,15,26.5,
07/04/2003 07:30:00,7,30,27.1,
07/04/2003 07:45:00,7,45,27.8,
07/04/2003 08:00:00,8,0,28.2,
07/04/2003 08:15:00,8,15,28.7,
07/04/2003 08:30:00,8,30,28.9,
07/04/2003 08:45:00,8,45,29.1,
07/04/2003 09:00:00,9,0,29,
07/04/2003 09:15:00,9,15,29.1,
07/04/2003 09:30:00,9,30,29.6,
07/04/2003 09:45:00,9,45,30.5,
07/04/2003 10:00:00,10,0,31.2,
07/04/2003 10:15:00,10,15,31.4,
07/04/2003 10:30:00,10,30,32.8,
07/04/2003 10:45:00,10,45,34,
07/04/2003 11:00:00,11,0,34.4,
07/04/2003 11:15:00,11,15,35.4,
07/04/2003 11:30:00,11,30,36.9,
07/04/2003 11:45:00,11,45,37.2,
07/04/2003 12:00:00,12,0,37.3,
07/04/2003 12:15:00,12,15,37.1,
07/04/2003 12:30:00,12,30,36.4,
07/04/2003 12:45:00,12,45,36.3,
07/04/2003 13:00:00,13,0,36.8,
07/04/2003 13:15:00,13,15,36.9,
07/04/2003 13:30:00,13,30,37.4,
07/04/2003 13:45:00,13,45,38.7,
07/04/2003 14:00:00,14,0,39.7,
07/04/2003 14:15:00,14,15,40.5,
07/04/2003 14:30:00,14,30,41.2,
07/04/2003 14:45:00,14,45,41.4,
07/04/2003 15:00:00,15,0,41.9,
07/04/2003 15:15:00,15,15,42,
07/04/2003 15:30:00,15,30,41.6,
07/04/2003 15:45:00,15,45,38.7,
07/04/2003 16:00:00,16,0,33.8,
07/04/2003 16:15:00,16,15,33.8,
07/04/2003 16:30:00,16,30,33.5,
07/04/2003 16:45:00,16,45,33.4,
07/04/2003 17:00:00,17,0,33.1,
07/04/2003 17:15:00,17,15,33.3,
07/04/2003 17:30:00,17,30,33.2,
07/04/2003 17:45:00,17,45,33.3,
07/04/2003 18:00:00,18,0,32.9,
07/04/2003 18:15:00,18,15,36.1,
07/04/2003 18:30:00,18,30,36.5,
07/04/2003 18:45:00,18,45,36.2,
07/04/2003 19:00:00,19,0,35.8,
07/04/2003 19:15:00,19,15,34.8,
07/04/2003 19:30:00,19,30,34.3,
07/04/2003 19:45:00,19,45,34.2,
07/04/2003 20:00:00,20,0,33.5,
07/04/2003 20:15:00,20,15,32.7,
07/04/2003 20:30:00,20,30,31.8,
07/04/2003 20:45:00,20,45,30.4,
07/04/2003 21:00:00,21,0,29.3,
07/04/2003 21:15:00,21,15,27.8,
07/04/2003 21:30:00,21,30,27.4,
07/04/2003 21:45:00,21,45,27.2,
07/04/2003 22:00:00,22,0,26.9,
07/04/2003 22:15:00,22,15,26.5,
07/04/2003 22:30:00,22,30,26.2,
07/04/2003 22:45:00,22,45,25.9,
07/04/2003 23:00:00,23,0,25.4,
07/04/2003 23:15:00,23,15,24.9,
07/04/2003 23:30:00,23,30,24.5,
07/04/2003 23:45:00,23,45,24,
07/05/2003 00:00:00,0,0,23.4,
07/05/2003 00:15:00,0,15,23.2,
07/05/2003 00:30:00,0,30,23,
07/05/2003 00:45:00,0,45,22.8,
07/05/2003 01:00:00,1,0,23.9,
07/05/2003 01:15:00,1,15,25.2,
07/05/2003 01:30:00,1,30,25.4,
07/05/2003 01:45:00,1,45,25.2,
07/05/2003 02:00:00,2,0,25.1,
07/05/2003 02:15:00,2,15,25,
07/05/2003 02:30:00,2,30,24.6,
07/05/2003 02:45:00,2,45,24.4,
07/05/2003 03:00:00,3,0,22,
07/05/2003 03:15:00,3,15,20,
07/05/2003 03:30:00,3,30,19.3,
07/05/2003 03:45:00,3,45,19.1,
07/05/2003 04:00:00,4,0,18.6,
07/05/2003 04:15:00,4,15,18.4,
07/05/2003 04:30:00,4,30,18.2,
07/05/2003 04:45:00,4,45,18.5,
07/05/2003 05:00:00,5,0,18.8,
07/05/2003 05:15:00,5,15,19.4,
07/05/2003 05:30:00,5,30,19.7,
07/05/2003 05:45:00,5,45,19.8,
07/05/2003 06:00:00,6,0,19.8,
07/05/2003 06:15:00,6,15,20,
07/05/2003 06:30:00,6,30,20.7,
07/05/2003 06:45:00,6,45,21.2,
07/05/2003 07:00:00,7,0,21.6,
07/05/2003 07:15:00,7,15,22,
07/05/2003 07:30:00,7,30,22.3,
07/05/2003 07:45:00,7,45,23.5,
07/05/2003 08:00:00,8,0,25.6,
07/05/2003 08:15:00,8,15,26.8,
07/05/2003 08:30:00,8,30,27.7,
07/05/2003 08:45:00,8,45,28.3,
07/05/2003 09:00:00,9,0,29,
07/05/2003 09:15:00,9,15,30.3,
07/05/2003 09:30:00,9,30,30.8,
07/05/2003 09:45:00,9,45,31.5,
07/05/2003 10:00:00,10,0,31.6,
07/05/2003 10:15:00,10,15,30.9,
07/05/2003 10:30:00,10,30,30.5,
07/05/2003 10:45:00,10,45,31.2,
07/05/2003 11:00:00,11,0,32,
07/05/2003 11:15:00,11,15,32.3,
07/05/2003 11:30:00,11,30,33,
07/05/2003 11:45:00,11,45,33.4,
07/05/2003 12:00:00,12,0,33.7,
07/05/2003 12:15:00,12,15,35.1,
07/05/2003 12:30:00,12,30,37.1,
07/05/2003 12:45:00,12,45,37.1,
07/05/2003 13:00:00,13,0,38.1,
07/05/2003 13:15:00,13,15,40.6,
07/05/2003 13:30:00,13,30,40.3,
07/05/2003 13:45:00,13,45,38.3,
07/05/2003 14:00:00,14,0,38.6,
07/05/2003 14:15:00,14,15,39.3,
07/05/2003 14:30:00,14,30,37.8,
07/05/2003 14:45:00,14,45,35.7,
07/05/2003 15:00:00,15,0,33.1,
07/05/2003 15:15:00,15,15,29.9,
07/05/2003 15:30:00,15,30,29.3,
07/05/2003 15:45:00,15,45,29,
07/05/2003 16:00:00,16,0,28.4,
07/05/2003 16:15:00,16,15,28,
07/05/2003 16:30:00,16,30,27.3,
07/05/2003 16:45:00,16,45,26.9,
07/05/2003 17:00:00,17,0,26.9,
07/05/2003 17:15:00,17,15,26.9,
07/05/2003 17:30:00,17,30,27.3,
07/05/2003 17:45:00,17,45,28.8,
07/05/2003 18:00:00,18,0,31.4,
07/05/2003 18:15:00,18,15,31.9,
07/05/2003 18:30:00,18,30,32.9,
07/05/2003 18:45:00,18,45,32.7,
07/05/2003 19:00:00,19,0,31.2,
07/05/2003 19:15:00,19,15,30.3,
07/05/2003 19:30:00,19,30,30.1,
07/05/2003 19:45:00,19,45,30.1,
07/05/2003 20:00:00,20,0,30.7,
07/05/2003 20:15:00,20,15,30.4,
07/05/2003 20:30:00,20,30,29.8,
07/05/2003 20:45:00,20,45,29.8,
07/05/2003 21:00:00,21,0,30.4,
07/05/2003 21:15:00,21,15,31.1,
07/05/2003 21:30:00,21,30,31.2,
07/05/2003 21:45:00,21,45,30.9,
07/05/2003 22:00:00,22,0,30.6,
07/05/2003 22:15:00,22,15,29.7,
07/05/2003 22:30:00,22,30,25.9,
07/05/2003 22:45:00,22,45,24.4,
07/05/2003 23:00:00,23,0,23.3,
07/05/2003 23:15:00,23,15,22.7,
07/05/2003 23:30:00,23,30,22.2,
07/05/2003 23:45:00,23,45,21.8,
07/06/2003 00:00:00,0,0,21.4,
07/06/2003 00:15:00,0,15,21.3,
07/06/2003 00:30:00,0,30,21.3,
07/06/2003 00:45:00,0,45,21.2,
07/06/2003 01:00:00,1,0,21.1,
07/06/2003 01:15:00,1,15,21,
07/06/2003 01:30:00,1,30,20.8,
07/06/2003 01:45:00,1,45,20.6,
07/06/2003 02:00:00,2,0,20.4,
07/06/2003 02:15:00,2,15,20.3,
07/06/2003 02:30:00,2,30,20.2,
07/06/2003 02:45:00,2,45,19.9,
07/06/2003 03:00:00,3,0,20.5,
07/06/2003 03:15:00,3,15,22.5,
07/06/2003 03:30:00,3,30,22.7,
07/06/2003 03:45:00,3,45,22.7,
07/06/2003 04:00:00,4,0,22.6,
07/06/2003 04:15:00,4,15,22.4,
07/06/2003 04:30:00,4,30,22.4,
07/06/2003 04:45:00,4,45,20.8,
07/06/2003 05:00:00,5,0,18.5,
07/06/2003 05:15:00,5,15,18.6,
07/06/2003 05:30:00,5,30,18.7,
07/06/2003 05:45:00,5,45,18.7,
07/06/2003 06:00:00,6,0,18.8,
07/06/2003 06:15:00,6,15,19,
07/06/2003 06:30:00,6,30,19.8,
07/06/2003 06:45:00,6,45,20.3,
07/06/2003 07:00:00,7,0,20.5,
07/06/2003 07:15:00,7,15,20.7,
07/06/2003 07:30:00,7,30,21.1,
07/06/2003 07:45:00,7,45,21.5,
07/06/2003 08:00:00,8,0,22,
07/06/2003 08:15:00,8,15,22.4,
07/06/2003 08:30:00,8,30,22.9,
07/06/2003 08:45:00,8,45,22.9,
07/06/2003 09:00:00,9,0,24.3,
07/06/2003 09:15:00,9,15,26.9,
07/06/2003 09:30:00,9,30,28.7,
07/06/2003 09:45:00,9,45,30.8,
07/06/2003 10:00:00,10,0,31.7,
07/06/2003 10:15:00,10,15,31.2,
07/06/2003 10:30:00,10,30,32.1,
07/06/2003 10:45:00,10,45,33.5,
07/06/2003 11:00:00,11,0,34.4,
07/06/2003 11:15:00,11,15,34.5,
07/06/2003 11:30:00,11,30,34.7,
07/06/2003 11:45:00,11,45,34.7,
07/06/2003 12:00:00,12,0,34.7,
07/06/2003 12:15:00,12,15,34.6,
07/06/2003 12:30:00,12,30,35,
07/06/2003 12:45:00,12,45,34.7,
07/06/2003 13:00:00,13,0,35.1,
07/06/2003 13:15:00,13,15,34.2,
07/06/2003 13:30:00,13,30,34.3,
07/06/2003 13:45:00,13,45,35.8,
07/06/2003 14:00:00,14,0,37,
07/06/2003 14:15:00,14,15,37,
07/06/2003 14:30:00,14,30,37.8,
07/06/2003 14:45:00,14,45,37.3,
07/06/2003 15:00:00,15,0,37.3,
07/06/2003 15:15:00,15,15,36.7,
07/06/2003 15:30:00,15,30,37.9,
07/06/2003 15:45:00,15,45,38.3,
07/06/2003 16:00:00,16,0,37.1,
07/06/2003 16:15:00,16,15,35.7,
07/06/2003 16:30:00,16,30,36.3,
07/06/2003 16:45:00,16,45,37.1,
07/06/2003 17:00:00,17,0,37.1,
07/06/2003 17:15:00,17,15,37.1,
07/06/2003 17:30:00,17,30,37.1,
07/06/2003 17:45:00,17,45,35.8,
07/06/2003 18:00:00,18,0,35.2,
07/06/2003 18:15:00,18,15,35.3,
07/06/2003 18:30:00,18,30,33.8,
07/06/2003 18:45:00,18,45,31,
07/06/2003 19:00:00,19,0,29.1,
07/06/2003 19:15:00,19,15,28.8,
07/06/2003 19:30:00,19,30,28.4,
07/06/2003 19:45:00,19,45,28.2,
07/06/2003 20:00:00,20,0,28,
07/06/2003 20:15:00,20,15,27.6,
07/06/2003 20:30:00,20,30,27.2,
07/06/2003 20:45:00,20,45,26.9,
07/06/2003 21:00:00,21,0,26.7,
07/06/2003 21:15:00,21,15,26.9,
07/06/2003 21:30:00,21,30,27.8,
07/06/2003 21:45:00,21,45,29.6,
07/06/2003 22:00:00,22,0,29.9,
07/06/2003 22:15:00,22,15,29.5,
07/06/2003 22:30:00,22,30,28.9,
07/06/2003 22:45:00,22,45,28.3,
07/06/2003 23:00:00,23,0,27.5,
07/06/2003 23:15:00,23,15,27,
07/06/2003 23:30:00,23,30,26.8,
07/06/2003 23:45:00,23,45,26.5,
07/07/2003 00:00:00,0,0,23.4,
07/07/2003 00:15:00,0,15,22.1,
07/07/2003 00:30:00,0,30,21.5,
07/07/2003 00:45:00,0,45,21.1,
07/07/2003 01:00:00,1,0,20.9,
07/07/2003 01:15:00,1,15,20.7,
07/07/2003 01:30:00,1,30,20.5,
07/07/2003 01:45:00,1,45,20.2,
07/07/2003 02:00:00,2,0,20.2,
07/07/2003 02:15:00,2,15,20.3,
07/07/2003 02:30:00,2,30,20.2,
07/07/2003 02:45:00,2,45,20,
07/07/2003 03:00:00,3,0,19.7,
07/07/2003 03:15:00,3,15,19.6,
07/07/2003 03:30:00,3,30,19.6,
07/07/2003 03:45:00,3,45,19.7,
07/07/2003 04:00:00,4,0,19.4,
07/07/2003 04:15:00,4,15,19.3,
07/07/2003 04:30:00,4,30,19.4,
07/07/2003 04:45:00,4,45,20,
07/07/2003 05:00:00,5,0,22.9,
07/07/2003 05:15:00,5,15,24.1,
07/07/2003 05:30:00,5,30,24.5,
07/07/2003 05:45:00,5,45,24.7,
07/07/2003 06:00:00,6,0,25,
07/07/2003 06:15:00,6,15,25.5,
07/07/2003 06:30:00,6,30,26.2,
07/07/2003 06:45:00,6,45,26.4,
07/07/2003 07:00:00,7,0,25.5,
07/07/2003 07:15:00,7,15,23.5,
07/07/2003 07:30:00,7,30,23.4,
07/07/2003 07:45:00,7,45,23.4,
07/07/2003 08:00:00,8,0,23.7,
07/07/2003 08:15:00,8,15,24.3,
07/07/2003 08:30:00,8,30,24.8,
07/07/2003 08:45:00,8,45,25.3,
07/07/2003 09:00:00,9,0,26,
07/07/2003 09:15:00,9,15,26.8,
07/07/2003 09:30:00,9,30,27.7,
07/07/2003 09:45:00,9,45,30.1,
07/07/2003 10:00:00,10,0,31.2,
07/07/2003 10:15:00,10,15,31.7,
07/07/2003 10:30:00,10,30,34.1,
07/07/2003 10:45:00,10,45,35.5,
07/07/2003 11:00:00,11,0,35.9,
07/07/2003 11:15:00,11,15,34.5,
07/07/2003 11:30:00,11,30,32.8,
07/07/2003 11:45:00,11,45,32.6,
07/07/2003 12:00:00,12,0,34,
07/07/2003 12:15:00,12,15,36.3,
07/07/2003 12:30:00,12,30,37.6,
07/07/2003 12:45:00,12,45,37.3,
07/07/2003 13:00:00,13,0,37.4,
07/07/2003 13:15:00,13,15,38.4,
07/07/2003 13:30:00,13,30,39,
07/07/2003 13:45:00,13,45,39.9,
07/07/2003 14:00:00,14,0,40.6,
07/07/2003 14:15:00,14,15,40.7,
07/07/2003 14:30:00,14,30,41,
07/07/2003 14:45:00,14,45,41,
07/07/2003 15:00:00,15,0,41.1,
07/07/2003 15:15:00,15,15,41.4,
07/07/2003 15:30:00,15,30,41.4,
07/07/2003 15:45:00,15,45,41.5,
07/07/2003 16:00:00,16,0,41.6,
07/07/2003 16:15:00,16,15,41.6,
07/07/2003 16:30:00,16,30,41.6,
07/07/2003 16:45:00,16,45,41.6,
07/07/2003 17:00:00,17,0,41.2,
07/07/2003 17:15:00,17,15,40.6,
07/07/2003 17:30:00,17,30,40.1,
07/07/2003 17:45:00,17,45,39.3,
07/07/2003 18:00:00,18,0,39,
07/07/2003 18:15:00,18,15,36.5,
07/07/2003 18:30:00,18,30,35,
07/07/2003 18:45:00,18,45,34.8,
07/07/2003 19:00:00,19,0,35.3,
07/07/2003 19:15:00,19,15,35,
07/07/2003 19:30:00,19,30,34.2,
07/07/2003 19:45:00,19,45,33.2,
07/07/2003 20:00:00,20,0,31.8,
07/07/2003 20:15:00,20,15,32,
07/07/2003 20:30:00,20,30,32,
07/07/2003 20:45:00,20,45,31.3,
07/07/2003 21:00:00,21,0,30.4,
07/07/2003 21:15:00,21,15,31.3,
07/07/2003 21:30:00,21,30,31.2,
07/07/2003 21:45:00,21,45,29.3,
07/07/2003 22:00:00,22,0,27.4,
07/07/2003 22:15:00,22,15,26.6,
07/07/2003 22:30:00,22,30,25.7,
07/07/2003 22:45:00,22,45,25,
07/07/2003 23:00:00,23,0,24.5,
07/07/2003 23:15:00,23,15,23.8,
07/07/2003 23:30:00,23,30,23.2,
07/07/2003 23:45:00,23,45,22.7,
07/08/2003 00:00:00,0,0,22.1,
07/08/2003 00:15:00,0,15,21.6,
07/08/2003 00:30:00,0,30,21.5,
07/08/2003 00:45:00,0,45,21.2,
07/08/2003 01:00:00,1,0,20.8,
07/08/2003 01:15:00,1,15,20.5,
07/08/2003 01:30:00,1,30,20.3,
07/08/2003 01:45:00,1,45,20,
07/08/2003 02:00:00,2,0,19.7,
07/08/2003 02:15:00,2,15,19.5,
07/08/2003 02:30:00,2,30,20.9,
07/08/2003 02:45:00,2,45,22.8,
07/08/2003 03:00:00,3,0,23.4,
07/08/2003 03:15:00,3,15,23.5,
07/08/2003 03:30:00,3,30,23.6,
07/08/2003 03:45:00,3,45,23.6,
07/08/2003 04:00:00,4,0,23.4,
07/08/2003 04:15:00,4,15,20.3,
07/08/2003 04:30:00,4,30,19.1,
07/08/2003 04:45:00,4,45,18.8,
07/08/2003 05:00:00,5,0,18.7,
07/08/2003 05:15:00,5,15,18.9,
07/08/2003 05:30:00,5,30,19,
07/08/2003 05:45:00,5,45,19,
07/08/2003 06:00:00,6,0,19,
07/08/2003 06:15:00,6,15,19.1,
07/08/2003 06:30:00,6,30,20.1,
07/08/2003 06:45:00,6,45,20.4,
07/08/2003 07:00:00,7,0,20.6,
07/08/2003 07:15:00,7,15,20.7,
07/08/2003 07:30:00,7,30,20.9,
07/08/2003 07:45:00,7,45,21.1,
07/08/2003 08:00:00,8,0,21.4,
07/08/2003 08:15:00,8,15,21.9,
07/08/2003 08:30:00,8,30,22.4,
07/08/2003 08:45:00,8,45,22.3,
07/08/2003 09:00:00,9,0,24.6,
07/08/2003 09:15:00,9,15,26.3,
07/08/2003 09:30:00,9,30,27.6,
07/08/2003 09:45:00,9,45,29.2,
07/08/2003 10:00:00,10,0,30.7,
07/08/2003 10:15:00,10,15,31.6,
07/08/2003 10:30:00,10,30,31.6,
07/08/2003 10:45:00,10,45,32.1,
07/08/2003 11:00:00,11,0,33.2,
07/08/2003 11:15:00,11,15,32.6,
07/08/2003 11:30:00,11,30,29.6,
07/08/2003 11:45:00,11,45,28.2,
07/08/2003 12:00:00,12,0,28.1,
07/08/2003 12:15:00,12,15,28.3,
07/08/2003 12:30:00,12,30,28.3,
07/08/2003 12:45:00,12,45,28.4,
07/08/2003 13:00:00,13,0,29.6,
07/08/2003 13:15:00,13,15,30.5,
07/08/2003 13:30:00,13,30,32.3,
07/08/2003 13:45:00,13,45,36,
07/08/2003 14:00:00,14,0,36.5,
07/08/2003 14:15:00,14,15,36.2,
07/08/2003 14:30:00,14,30,35.1,
07/08/2003 14:45:00,14,45,33,
07/08/2003 15:00:00,15,0,32.3,
07/08/2003 15:15:00,15,15,29.8,
07/08/2003 15:30:00,15,30,30.2,
07/08/2003 15:45:00,15,45,32.6,
07/08/2003 16:00:00,16,0,33.8,
07/08/2003 16:15:00,16,15,31.4,
07/08/2003 16:30:00,16,30,30,
07/08/2003 16:45:00,16,45,29,
07/08/2003 17:00:00,17,0,28.6,
07/08/2003 17:15:00,17,15,29.4,
07/08/2003 17:30:00,17,30,29.2,
07/08/2003 17:45:00,17,45,28.7,
07/08/2003 18:00:00,18,0,29.6,
07/08/2003 18:15:00,18,15,29.7,
07/08/2003 18:30:00,18,30,29.3,
07/08/2003 18:45:00,18,45,28.6,
07/08/2003 19:00:00,19,0,28.4,
07/08/2003 19:15:00,19,15,28.4,
07/08/2003 19:30:00,19,30,28.5,
07/08/2003 19:45:00,19,45,28.9,
07/08/2003 20:00:00,20,0,30.2,
07/08/2003 20:15:00,20,15,30.7,
07/08/2003 20:30:00,20,30,30.3,
07/08/2003 20:45:00,20,45,30.4,
07/08/2003 21:00:00,21,0,29.9,
07/08/2003 21:15:00,21,15,30,
07/08/2003 21:30:00,21,30,30,
07/08/2003 21:45:00,21,45,29.9,
07/08/2003 22:00:00,22,0,29.7,
07/08/2003 22:15:00,22,15,29.1,
07/08/2003 22:30:00,22,30,28.1,
07/08/2003 22:45:00,22,45,25.2,
07/08/2003 23:00:00,23,0,23.4,
07/08/2003 23:15:00,23,15,22.9,
07/08/2003 23:30:00,23,30,22.4,
07/08/2003 23:45:00,23,45,21.8,
07/09/2003 00:00:00,0,0,21.1,
07/09/2003 00:15:00,0,15,,
07/09/2003 00:30:00,0,30,20.1,
07/09/2003 00:45:00,0,45,19.8,
07/09/2003 01:00:00,1,0,19.5,
07/09/2003 01:15:00,1,15,19.2,
07/09/2003 01:30:00,1,30,18.9,
07/09/2003 01:45:00,1,45,18.5,
07/09/2003 02:00:00,2,0,18.1,
07/09/2003 02:15:00,2,15,17.7,
07/09/2003 02:30:00,2,30,17.5,
07/09/2003 02:45:00,2,45,17.3,
07/09/2003 03:00:00,3,0,17.1,
07/09/2003 03:15:00,3,15,16.9,
07/09/2003 03:30:00,3,30,16.7,
07/09/2003 03:45:00,3,45,16.4,
07/09/2003 04:00:00,4,0,16.2,
07/09/2003 04:15:00,4,15,15.9,
07/09/2003 04:30:00,4,30,15.7,
07/09/2003 04:45:00,4,45,15.9,
07/09/2003 05:00:00,5,0,16.4,
07/09/2003 05:15:00,5,15,16.5,
07/09/2003 05:30:00,5,30,16.8,
07/09/2003 05:45:00,5,45,16.8,
07/09/2003 06:00:00,6,0,16.7,
07/09/2003 06:15:00,6,15,16.9,
07/09/2003 06:30:00,6,30,17.6,
07/09/2003 06:45:00,6,45,18,
07/09/2003 07:00:00,7,0,18.3,
07/09/2003 07:15:00,7,15,18.7,
07/09/2003 07:30:00,7,30,21.1,
07/09/2003 07:45:00,7,45,22.4,
07/09/2003 08:00:00,8,0,22.6,
07/09/2003 08:15:00,8,15,23.2,
07/09/2003 08:30:00,8,30,23.8,
07/09/2003 08:45:00,8,45,24.3,
07/09/2003 09:00:00,9,0,24.7,
07/09/2003 09:15:00,9,15,24.8,
07/09/2003 09:30:00,9,30,23.8,
07/09/2003 09:45:00,9,45,25,
07/09/2003 10:00:00,10,0,26.5,
07/09/2003 10:15:00,10,15,27.8,
07/09/2003 10:30:00,10,30,29,
07/09/2003 10:45:00,10,45,30.3,
07/09/2003 11:00:00,11,0,31.3,
07/09/2003 11:15:00,11,15,31.2,
07/09/2003 11:30:00,11,30,30.8,
07/09/2003 11:45:00,11,45,32.9,
07/09/2003 12:00:00,12,0,34.3,
07/09/2003 12:15:00,12,15,34.3,
07/09/2003 12:30:00,12,30,33.6,
07/09/2003 12:45:00,12,45,33.2,
07/09/2003 13:00:00,13,0,33.6,
07/09/2003 13:15:00,13,15,33.6,
07/09/2003 13:30:00,13,30,33.5,
07/09/2003 13:45:00,13,45,33.6,
07/09/2003 14:00:00,14,0,33.8,
07/09/2003 14:15:00,14,15,34.3,
07/09/2003 14:30:00,14,30,34.8,
07/09/2003 14:45:00,14,45,35.3,
07/09/2003 15:00:00,15,0,34.8,
07/09/2003 15:15:00,15,15,33.8,
07/09/2003 15:30:00,15,30,33.9,
07/09/2003 15:45:00,15,45,33.8,
07/09/2003 16:00:00,16,0,34.6,
07/09/2003 16:15:00,16,15,34.5,
07/09/2003 16:30:00,16,30,33.7,
07/09/2003 16:45:00,16,45,33.6,
07/09/2003 17:00:00,17,0,32.8,
07/09/2003 17:15:00,17,15,31.3,
07/09/2003 17:30:00,17,30,31.2,
07/09/2003 17:45:00,17,45,31,
07/09/2003 18:00:00,18,0,31,
07/09/2003 18:15:00,18,15,29.9,
07/09/2003 18:30:00,18,30,28.1,
07/09/2003 18:45:00,18,45,28.1,
07/09/2003 19:00:00,19,0,27.9,
07/09/2003 19:15:00,19,15,27.7,
07/09/2003 19:30:00,19,30,27.4,
07/09/2003 19:45:00,19,45,27.6,
07/09/2003 20:00:00,20,0,29.4,
07/09/2003 20:15:00,20,15,29.8,
07/09/2003 20:30:00,20,30,29.7,
07/09/2003 20:45:00,20,45,29.4,
07/09/2003 21:00:00,21,0,29.3,
07/09/2003 21:15:00,21,15,29.6,
07/09/2003 21:30:00,21,30,29.4,
07/09/2003 21:45:00,21,45,29.3,
07/09/2003 22:00:00,22,0,29.1,
07/09/2003 22:15:00,22,15,28.6,
07/09/2003 22:30:00,22,30,27.2,
07/09/2003 22:45:00,22,45,24.4,
07/09/2003 23:00:00,23,0,23.6,
07/09/2003 23:15:00,23,15,22.9,
07/09/2003 23:30:00,23,30,22.2,
07/09/2003 23:45:00,23,45,21.6,
07/10/2003 00:00:00,0,0,20.9,
07/10/2003 00:15:00,0,15,20.7,
07/10/2003 00:30:00,0,30,20.6,
07/10/2003 00:45:00,0,45,20,
07/10/2003 01:00:00,1,0,19.4,
07/10/2003 01:15:00,1,15,19.2,
07/10/2003 01:30:00,1,30,19.1,
07/10/2003 01:45:00,1,45,18.9,
07/10/2003 02:00:00,2,0,18.7,
07/10/2003 02:15:00,2,15,18.3,
07/10/2003 02:30:00,2,30,18.2,
07/10/2003 02:45:00,2,45,18.1,
07/10/2003 03:00:00,3,0,17.9,
07/10/2003 03:15:00,3,15,17.7,
07/10/2003 03:30:00,3,30,17.6,
07/10/2003 03:45:00,3,45,17.6,
07/10/2003 04:00:00,4,0,17.5,
07/10/2003 04:15:00,4,15,17.4,
07/10/2003 04:30:00,4,30,17.5,
07/10/2003 04:45:00,4,45,17.6,
07/10/2003 05:00:00,5,0,18,
07/10/2003 05:15:00,5,15,18.3,
07/10/2003 05:30:00,5,30,19.7,
07/10/2003 05:45:00,5,45,21.5,
07/10/2003 06:00:00,6,0,22.1,
07/10/2003 06:15:00,6,15,22.6,
07/10/2003 06:30:00,6,30,23.4,
07/10/2003 06:45:00,6,45,23.6,
07/10/2003 07:00:00,7,0,23.8,
07/10/2003 07:15:00,7,15,22,
07/10/2003 07:30:00,7,30,21.3,
07/10/2003 07:45:00,7,45,21.4,
07/10/2003 08:00:00,8,0,21.6,
07/10/2003 08:15:00,8,15,21.8,
07/10/2003 08:30:00,8,30,22,
07/10/2003 08:45:00,8,45,22.1,
07/10/2003 09:00:00,9,0,22.3,
07/10/2003 09:15:00,9,15,22.4,
07/10/2003 09:30:00,9,30,22.4,
07/10/2003 09:45:00,9,45,22.4,
07/10/2003 10:00:00,10,0,22,
07/10/2003 10:15:00,10,15,21.9,
07/10/2003 10:30:00,10,30,21.9,
07/10/2003 10:45:00,10,45,21.9,
07/10/2003 11:00:00,11,0,22,
07/10/2003 11:15:00,11,15,23.4,
07/10/2003 11:30:00,11,30,25.5,
07/10/2003 11:45:00,11,45,26.5,
07/10/2003 12:00:00,12,0,26.4,
07/10/2003 12:15:00,12,15,26.6,
07/10/2003 12:30:00,12,30,26.8,
07/10/2003 12:45:00,12,45,26.7,
07/10/2003 13:00:00,13,0,26.4,
07/10/2003 13:15:00,13,15,26.3,
07/10/2003 13:30:00,13,30,26.2,
07/10/2003 13:45:00,13,45,23.7,
07/10/2003 14:00:00,14,0,23,
07/10/2003 14:15:00,14,15,23,
07/10/2003 14:30:00,14,30,23.2,
07/10/2003 14:45:00,14,45,23.3,
07/10/2003 15:00:00,15,0,23.4,
07/10/2003 15:15:00,15,15,23.7,
07/10/2003 15:30:00,15,30,23.8,
07/10/2003 15:45:00,15,45,23.7,
07/10/2003 16:00:00,16,0,24.2,
07/10/2003 16:15:00,16,15,24.2,
07/10/2003 16:30:00,16,30,23.9,
07/10/2003 16:45:00,16,45,23.7,
07/10/2003 17:00:00,17,0,23.6,
07/10/2003 17:15:00,17,15,25.3,
07/10/2003 17:30:00,17,30,26.1,
07/10/2003 17:45:00,17,45,26.3,
07/10/2003 18:00:00,18,0,26.2,
07/10/2003 18:15:00,18,15,26,
07/10/2003 18:30:00,18,30,25.9,
07/10/2003 18:45:00,18,45,25.9,
07/10/2003 19:00:00,19,0,26.1,
07/10/2003 19:15:00,19,15,26.4,
07/10/2003 19:30:00,19,30,25.7,
07/10/2003 19:45:00,19,45,23.3,
07/10/2003 20:00:00,20,0,22.8,
07/10/2003 20:15:00,20,15,22.7,
07/10/2003 20:30:00,20,30,22.5,
07/10/2003 20:45:00,20,45,22.2,
07/10/2003 21:00:00,21,0,22.2,
07/10/2003 21:15:00,21,15,22.5,
07/10/2003 21:30:00,21,30,22.6,
07/10/2003 21:45:00,21,45,22.6,
07/10/2003 22:00:00,22,0,22.5,
07/10/2003 22:15:00,22,15,22.1,
07/10/2003 22:30:00,22,30,21.3,
07/10/2003 22:45:00,22,45,20.8,
07/10/2003 23:00:00,23,0,20.4,
07/10/2003 23:15:00,23,15,20.2,
07/10/2003 23:30:00,23,30,20,
07/10/2003 23:45:00,23,45,19.7,
07/11/2003 00:00:00,0,0,19.2,
07/11/2003 00:15:00,0,15,18.7,
07/11/2003 00:30:00,0,30,18.6,
07/11/2003 00:45:00,0,45,18.5,
07/11/2003 01:00:00,1,0,18.4,
07/11/2003 01:15:00,1,15,18.7,
07/11/2003 01:30:00,1,30,20.9,
07/11/2003 01:45:00,1,45,21.5,
07/11/2003 02:00:00,2,0,21.4,
07/11/2003 02:15:00,2,15,21.2,
07/11/2003 02:30:00,2,30,21,
07/11/2003 02:45:00,2,45,20.2,
07/11/2003 03:00:00,3,0,17.7,
07/11/2003 03:15:00,3,15,17.2,
07/11/2003 03:30:00,3,30,17,
07/11/2003 03:45:00,3,45,16.9,
07/11/2003 04:00:00,4,0,16.8,
07/11/2003 04:15:00,4,15,16.7,
07/11/2003 04:30:00,4,30,16.8,
07/11/2003 04:45:00,4,45,17,
07/11/2003 05:00:00,5,0,17.4,
07/11/2003 05:15:00,5,15,17.7,
07/11/2003 05:30:00,5,30,17.9,
07/11/2003 05:45:00,5,45,18.2,
07/11/2003 06:00:00,6,0,18.1,
07/11/2003 06:15:00,6,15,18.3,
07/11/2003 06:30:00,6,30,19,
07/11/2003 06:45:00,6,45,19.4,
07/11/2003 07:00:00,7,0,19.7,
07/11/2003 07:15:00,7,15,20,
07/11/2003 07:30:00,7,30,20.2,
07/11/2003 07:45:00,7,45,20.5,
07/11/2003 08:00:00,8,0,20.7,
07/11/2003 08:15:00,8,15,20.8,
07/11/2003 08:30:00,8,30,20.9,
07/11/2003 08:45:00,8,45,22.1,
07/11/2003 09:00:00,9,0,23.9,
07/11/2003 09:15:00,9,15,24.1,
07/11/2003 09:30:00,9,30,24.1,
07/11/2003 09:45:00,9,45,24.2,
07/11/2003 10:00:00,10,0,24.5,
07/11/2003 10:15:00,10,15,24.8,
07/11/2003 10:30:00,10,30,24.8,
07/11/2003 10:45:00,10,45,24.1,
07/11/2003 11:00:00,11,0,22.8,
07/11/2003 11:15:00,11,15,22.9,
07/11/2003 11:30:00,11,30,23.4,
07/11/2003 11:45:00,11,45,23.5,
07/11/2003 12:00:00,12,0,23.8,
07/11/2003 12:15:00,12,15,24.7,
07/11/2003 12:30:00,12,30,24.9,
07/11/2003 12:45:00,12,45,25.2,
07/11/2003 13:00:00,13,0,25.4,
07/11/2003 13:15:00,13,15,25.6,
07/11/2003 13:30:00,13,30,26.5,
07/11/2003 13:45:00,13,45,28.8,
07/11/2003 14:00:00,14,0,29.5,
07/11/2003 14:15:00,14,15,29.3,
07/11/2003 14:30:00,14,30,29.3,
07/11/2003 14:45:00,14,45,30,
07/11/2003 15:00:00,15,0,30.5,
07/11/2003 15:15:00,15,15,30.7,
07/11/2003 15:30:00,15,30,30.8,
07/11/2003 15:45:00,15,45,31.5,
07/11/2003 16:00:00,16,0,31.1,
07/11/2003 16:15:00,16,15,31,
07/11/2003 16:30:00,16,30,30.9,
07/11/2003 16:45:00,16,45,30.9,
07/11/2003 17:00:00,17,0,30.9,
07/11/2003 17:15:00,17,15,30.6,
07/11/2003 17:30:00,17,30,28.4,
07/11/2003 17:45:00,17,45,28.2,
07/11/2003 18:00:00,18,0,28.3,
07/11/2003 18:15:00,18,15,28.4,
07/11/2003 18:30:00,18,30,29.1,
07/11/2003 18:45:00,18,45,29.2,
07/11/2003 19:00:00,19,0,28.5,
07/11/2003 19:15:00,19,15,28.9,
07/11/2003 19:30:00,19,30,29.9,
07/11/2003 19:45:00,19,45,30.8,
07/11/2003 20:00:00,20,0,31,
07/11/2003 20:15:00,20,15,30.8,
07/11/2003 20:30:00,20,30,30.7,
07/11/2003 20:45:00,20,45,30.3,
07/11/2003 21:00:00,21,0,29.9,
07/11/2003 21:15:00,21,15,30.3,
07/11/2003 21:30:00,21,30,30.1,
07/11/2003 21:45:00,21,45,29.7,
07/11/2003 22:00:00,22,0,29.4,
07/11/2003 22:15:00,22,15,28.8,
07/11/2003 22:30:00,22,30,26.2,
07/11/2003 22:45:00,22,45,24.1,
07/11/2003 23:00:00,23,0,23.5,
07/11/2003 23:15:00,23,15,23.2,
07/11/2003 23:30:00,23,30,22.8,
07/11/2003 23:45:00,23,45,22.3,
07/12/2003 00:00:00,0,0,21.6,
07/12/2003 00:15:00,0,15,21.1,
07/12/2003 00:30:00,0,30,21.3,
07/12/2003 00:45:00,0,45,21.4,
07/12/2003 01:00:00,1,0,21.3,
07/12/2003 01:15:00,1,15,21.3,
07/12/2003 01:30:00,1,30,21.3,
07/12/2003 01:45:00,1,45,21.2,
07/12/2003 02:00:00,2,0,21,
07/12/2003 02:15:00,2,15,20.8,
07/12/2003 02:30:00,2,30,20.3,
07/12/2003 02:45:00,2,45,19.9,
07/12/2003 03:00:00,3,0,19.5,
07/12/2003 03:15:00,3,15,19.2,
07/12/2003 03:30:00,3,30,18.9,
07/12/2003 03:45:00,3,45,18.6,
07/12/2003 04:00:00,4,0,18.4,
07/12/2003 04:15:00,4,15,19.3,
07/12/2003 04:30:00,4,30,21.5,
07/12/2003 04:45:00,4,45,22,
07/12/2003 05:00:00,5,0,22,
07/12/2003 05:15:00,5,15,22,
07/12/2003 05:30:00,5,30,21.9,
07/12/2003 05:45:00,5,45,21.5,
07/12/2003 06:00:00,6,0,19.4,
07/12/2003 06:15:00,6,15,18.8,
07/12/2003 06:30:00,6,30,19.2,
07/12/2003 06:45:00,6,45,19.4,
07/12/2003 07:00:00,7,0,19.6,
07/12/2003 07:15:00,7,15,19.8,
07/12/2003 07:30:00,7,30,20,
07/12/2003 07:45:00,7,45,20.2,
07/12/2003 08:00:00,8,0,20.5,
07/12/2003 08:15:00,8,15,21,
07/12/2003 08:30:00,8,30,21.5,
07/12/2003 08:45:00,8,45,22.2,
07/12/2003 09:00:00,9,0,22.6,
07/12/2003 09:15:00,9,15,23.3,
07/12/2003 09:30:00,9,30,25.1,
07/12/2003 09:45:00,9,45,28.3,
07/12/2003 10:00:00,10,0,31.3,
07/12/2003 10:15:00,10,15,32.7,
07/12/2003 10:30:00,10,30,33.9,
07/12/2003 10:45:00,10,45,34.7,
07/12/2003 11:00:00,11,0,35.1,
07/12/2003 11:15:00,11,15,35.9,
07/12/2003 11:30:00,11,30,36.9,
07/12/2003 11:45:00,11,45,38,
07/12/2003 12:00:00,12,0,39,
07/12/2003 12:15:00,12,15,40.1,
07/12/2003 12:30:00,12,30,36.6,
07/12/2003 12:45:00,12,45,36.9,
07/12/2003 13:00:00,13,0,39.2,
07/12/2003 13:15:00,13,15,41,
07/12/2003 13:30:00,13,30,40.4,
07/12/2003 13:45:00,13,45,40.3,
07/12/2003 14:00:00,14,0,39.3,
07/12/2003 14:15:00,14,15,39.6,
07/12/2003 14:30:00,14,30,41.4,
07/12/2003 14:45:00,14,45,42.4,
07/12/2003 15:00:00,15,0,43.8,
07/12/2003 15:15:00,15,15,44.5,
07/12/2003 15:30:00,15,30,42.2,
07/12/2003 15:45:00,15,45,40.6,
07/12/2003 16:00:00,16,0,36.4,
07/12/2003 16:15:00,16,15,31.7,
07/12/2003 16:30:00,16,30,30,
07/12/2003 16:45:00,16,45,32.8,
07/12/2003 17:00:00,17,0,33.2,
07/12/2003 17:15:00,17,15,33.7,
07/12/2003 17:30:00,17,30,34,
07/12/2003 17:45:00,17,45,37.3,
07/12/2003 18:00:00,18,0,38.6,
07/12/2003 18:15:00,18,15,39,
07/12/2003 18:30:00,18,30,38.7,
07/12/2003 18:45:00,18,45,37.4,
07/12/2003 19:00:00,19,0,34.8,
07/12/2003 19:15:00,19,15,32.2,
07/12/2003 19:30:00,19,30,31.3,
07/12/2003 19:45:00,19,45,29.8,
07/12/2003 20:00:00,20,0,29.1,
07/12/2003 20:15:00,20,15,29,
07/12/2003 20:30:00,20,30,28.5,
07/12/2003 20:45:00,20,45,26.1,
07/12/2003 21:00:00,21,0,25.5,
07/12/2003 21:15:00,21,15,25.9,
07/12/2003 21:30:00,21,30,25.9,
07/12/2003 21:45:00,21,45,25.8,
07/12/2003 22:00:00,22,0,25.7,
07/12/2003 22:15:00,22,15,25.3,
07/12/2003 22:30:00,22,30,24.2,
07/12/2003 22:45:00,22,45,23.6,
07/12/2003 23:00:00,23,0,23.2,
07/12/2003 23:15:00,23,15,22.8,
07/12/2003 23:30:00,23,30,22.2,
07/12/2003 23:45:00,23,45,21.5,
07/13/2003 00:00:00,0,0,20.8,
07/13/2003 00:15:00,0,15,20.2,
07/13/2003 00:30:00,0,30,19.9,
07/13/2003 00:45:00,0,45,21.5,
07/13/2003 01:00:00,1,0,23,
07/13/2003 01:15:00,1,15,23.5,
07/13/2003 01:30:00,1,30,23.6,
07/13/2003 01:45:00,1,45,23.7,
07/13/2003 02:00:00,2,0,23.5,
07/13/2003 02:15:00,2,15,23.4,
07/13/2003 02:30:00,2,30,21,
07/13/2003 02:45:00,2,45,18.7,
07/13/2003 03:00:00,3,0,18,
07/13/2003 03:15:00,3,15,17.7,
07/13/2003 03:30:00,3,30,17.5,
07/13/2003 03:45:00,3,45,17.3,
07/13/2003 04:00:00,4,0,17.1,
07/13/2003 04:15:00,4,15,17.1,
07/13/2003 04:30:00,4,30,17,
07/13/2003 04:45:00,4,45,17.1,
07/13/2003 05:00:00,5,0,17.6,
07/13/2003 05:15:00,5,15,17.9,
07/13/2003 05:30:00,5,30,18,
07/13/2003 05:45:00,5,45,18.2,
07/13/2003 06:00:00,6,0,18.1,
07/13/2003 06:15:00,6,15,18.2,
07/13/2003 06:30:00,6,30,18.9,
07/13/2003 06:45:00,6,45,19.4,
07/13/2003 07:00:00,7,0,19.9,
07/13/2003 07:15:00,7,15,20.2,
07/13/2003 07:30:00,7,30,20.4,
07/13/2003 07:45:00,7,45,20.7,
07/13/2003 08:00:00,8,0,21.1,
07/13/2003 08:15:00,8,15,21.8,
07/13/2003 08:30:00,8,30,24.1,
07/13/2003 08:45:00,8,45,25.4,
07/13/2003 09:00:00,9,0,26,
07/13/2003 09:15:00,9,15,26.9,
07/13/2003 09:30:00,9,30,28.5,
07/13/2003 09:45:00,9,45,30.5,
07/13/2003 10:00:00,10,0,32.1,
07/13/2003 10:15:00,10,15,33,
07/13/2003 10:30:00,10,30,34.2,
07/13/2003 10:45:00,10,45,35.3,
07/13/2003 11:00:00,11,0,34.2,
07/13/2003 11:15:00,11,15,34.5,
07/13/2003 11:30:00,11,30,35.3,
07/13/2003 11:45:00,11,45,36.2,
07/13/2003 12:00:00,12,0,37,
07/13/2003 12:15:00,12,15,37.6,
07/13/2003 12:30:00,12,30,38.2,
07/13/2003 12:45:00,12,45,38.7,
07/13/2003 13:00:00,13,0,39.3,
07/13/2003 13:15:00,13,15,40.4,
07/13/2003 13:30:00,13,30,40.4,
07/13/2003 13:45:00,13,45,41.5,
07/13/2003 14:00:00,14,0,42.4,
07/13/2003 14:15:00,14,15,43.2,
07/13/2003 14:30:00,14,30,43.6,
07/13/2003 14:45:00,14,45,43.7,
07/13/2003 15:00:00,15,0,43.7,
07/13/2003 15:15:00,15,15,43.7,
07/13/2003 15:30:00,15,30,43.8,
07/13/2003 15:45:00,15,45,43.8,
07/13/2003 16:00:00,16,0,43.7,
07/13/2003 16:15:00,16,15,43.4,
07/13/2003 16:30:00,16,30,43.3,
07/13/2003 16:45:00,16,45,42.8,
07/13/2003 17:00:00,17,0,42.8,
07/13/2003 17:15:00,17,15,42.5,
07/13/2003 17:30:00,17,30,42.1,
07/13/2003 17:45:00,17,45,41.8,
07/13/2003 18:00:00,18,0,41.2,
07/13/2003 18:15:00,18,15,39.4,
07/13/2003 18:30:00,18,30,39,
07/13/2003 18:45:00,18,45,38.1,
07/13/2003 19:00:00,19,0,37.4,
07/13/2003 19:15:00,19,15,37.4,
07/13/2003 19:30:00,19,30,36.6,
07/13/2003 19:45:00,19,45,35.8,
07/13/2003 20:00:00,20,0,35.4,
07/13/2003 20:15:00,20,15,33.7,
07/13/2003 20:30:00,20,30,34,
07/13/2003 20:45:00,20,45,33.2,
07/13/2003 21:00:00,21,0,32.7,
07/13/2003 21:15:00,21,15,33.2,
07/13/2003 21:30:00,21,30,32.4,
07/13/2003 21:45:00,21,45,31.6,
07/13/2003 22:00:00,22,0,31.1,
07/13/2003 22:15:00,22,15,30.7,
07/13/2003 22:30:00,22,30,30.4,
07/13/2003 22:45:00,22,45,30.5,
07/13/2003 23:00:00,23,0,29.1,
07/13/2003 23:15:00,23,15,26.9,
07/13/2003 23:30:00,23,30,26.1,
07/13/2003 23:45:00,23,45,25.1,
07/14/2003 00:00:00,0,0,24.5,
07/14/2003 00:15:00,0,15,24,
07/14/2003 00:30:00,0,30,23.6,
07/14/2003 00:45:00,0,45,23,
07/14/2003 01:00:00,1,0,22.7,
07/14/2003 01:15:00,1,15,22.4,
07/14/2003 01:30:00,1,30,22,
07/14/2003 01:45:00,1,45,21.6,
07/14/2003 02:00:00,2,0,21.4,
07/14/2003 02:15:00,2,15,21.2,
07/14/2003 02:30:00,2,30,21,
07/14/2003 02:45:00,2,45,21,
07/14/2003 03:00:00,3,0,20.9,
07/14/2003 03:15:00,3,15,20.8,
07/14/2003 03:30:00,3,30,20.8,
07/14/2003 03:45:00,3,45,20.9,
07/14/2003 04:00:00,4,0,22.8,
07/14/2003 04:15:00,4,15,23.2,
07/14/2003 04:30:00,4,30,24,
07/14/2003 04:45:00,4,45,24.6,
07/14/2003 05:00:00,5,0,24.6,
07/14/2003 05:15:00,5,15,24.2,
07/14/2003 05:30:00,5,30,24.1,
07/14/2003 05:45:00,5,45,22,
07/14/2003 06:00:00,6,0,20.8,
07/14/2003 06:15:00,6,15,21.3,
07/14/2003 06:30:00,6,30,22.3,
07/14/2003 06:45:00,6,45,22.3,
07/14/2003 07:00:00,7,0,22.4,
07/14/2003 07:15:00,7,15,22.7,
07/14/2003 07:30:00,7,30,23,
07/14/2003 07:45:00,7,45,23.5,
07/14/2003 08:00:00,8,0,23.8,
07/14/2003 08:15:00,8,15,24.3,
07/14/2003 08:30:00,8,30,24.8,
07/14/2003 08:45:00,8,45,25.3,
07/14/2003 09:00:00,9,0,26.1,
07/14/2003 09:15:00,9,15,27.9,
07/14/2003 09:30:00,9,30,29,
07/14/2003 09:45:00,9,45,29,
07/14/2003 10:00:00,10,0,29.9,
07/14/2003 10:15:00,10,15,31.1,
07/14/2003 10:30:00,10,30,30.5,
07/14/2003 10:45:00,10,45,30,
07/14/2003 11:00:00,11,0,30,
07/14/2003 11:15:00,11,15,31,
07/14/2003 11:30:00,11,30,32.1,
07/14/2003 11:45:00,11,45,34.9,
07/14/2003 12:00:00,12,0,35.9,
07/14/2003 12:15:00,12,15,36.9,
07/14/2003 12:30:00,12,30,37.9,
07/14/2003 12:45:00,12,45,40.8,
07/14/2003 13:00:00,13,0,42.3,
07/14/2003 13:15:00,13,15,41.9,
07/14/2003 13:30:00,13,30,39.7,
07/14/2003 13:45:00,13,45,40.2,
07/14/2003 14:00:00,14,0,40.5,
07/14/2003 14:15:00,14,15,40.1,
07/14/2003 14:30:00,14,30,36.9,
07/14/2003 14:45:00,14,45,34.7,
07/14/2003 15:00:00,15,0,35.3,
07/14/2003 15:15:00,15,15,34.6,
07/14/2003 15:30:00,15,30,33.1,
07/14/2003 15:45:00,15,45,31.2,
07/14/2003 16:00:00,16,0,31.1,
07/14/2003 16:15:00,16,15,31.2,
07/14/2003 16:30:00,16,30,30.9,
07/14/2003 16:45:00,16,45,31.1,
07/14/2003 17:00:00,17,0,30.7,
07/14/2003 17:15:00,17,15,31.9,
07/14/2003 17:30:00,17,30,33.2,
07/14/2003 17:45:00,17,45,32.9,
07/14/2003 18:00:00,18,0,33,
07/14/2003 18:15:00,18,15,36.9,
07/14/2003 18:30:00,18,30,37.4,
07/14/2003 18:45:00,18,45,36.9,
07/14/2003 19:00:00,19,0,35.4,
07/14/2003 19:15:00,19,15,34,
07/14/2003 19:30:00,19,30,33.4,
07/14/2003 19:45:00,19,45,31.8,
07/14/2003 20:00:00,20,0,31.6,
07/14/2003 20:15:00,20,15,30.7,
07/14/2003 20:30:00,20,30,30.4,
07/14/2003 20:45:00,20,45,28,
07/14/2003 21:00:00,21,0,27.8,
07/14/2003 21:15:00,21,15,28.3,
07/14/2003 21:30:00,21,30,28.4,
07/14/2003 21:45:00,21,45,27.8,
07/14/2003 22:00:00,22,0,26.4,
07/14/2003 22:15:00,22,15,25.4,
07/14/2003 22:30:00,22,30,24.5,
07/14/2003 22:45:00,22,45,24,
07/14/2003 23:00:00,23,0,23.6,
07/14/2003 23:15:00,23,15,23.3,
07/14/2003 23:30:00,23,30,22.7,
07/14/2003 23:45:00,23,45,22.2,
07/15/2003 00:00:00,0,0,21.7,
07/15/2003 00:15:00,0,15,23.4,
07/15/2003 00:30:00,0,30,25,
07/15/2003 00:45:00,0,45,24.9,
07/15/2003 01:00:00,1,0,24.9,
07/15/2003 01:15:00,1,15,24.8,
07/15/2003 01:30:00,1,30,24.6,
07/15/2003 01:45:00,1,45,24.5,
07/15/2003 02:00:00,2,0,24.7,
07/15/2003 02:15:00,2,15,22.2,
07/15/2003 02:30:00,2,30,20.8,
07/15/2003 02:45:00,2,45,20.3,
07/15/2003 03:00:00,3,0,20.2,
07/15/2003 03:15:00,3,15,20.1,
07/15/2003 03:30:00,3,30,20.1,
07/15/2003 03:45:00,3,45,20,
07/15/2003 04:00:00,4,0,20,
07/15/2003 04:15:00,4,15,19.9,
07/15/2003 04:30:00,4,30,19.8,
07/15/2003 04:45:00,4,45,19.8,
07/15/2003 05:00:00,5,0,19.9,
07/15/2003 05:15:00,5,15,20.2,
07/15/2003 05:30:00,5,30,20.5,
07/15/2003 05:45:00,5,45,20.7,
07/15/2003 06:00:00,6,0,20.7,
07/15/2003 06:15:00,6,15,21,
07/15/2003 06:30:00,6,30,21.4,
07/15/2003 06:45:00,6,45,22.1,
07/15/2003 07:00:00,7,0,24.1,
07/15/2003 07:15:00,7,15,25.2,
07/15/2003 07:30:00,7,30,25.7,
07/15/2003 07:45:00,7,45,25.9,
07/15/2003 08:00:00,8,0,26.1,
07/15/2003 08:15:00,8,15,26.5,
07/15/2003 08:30:00,8,30,27.1,
07/15/2003 08:45:00,8,45,27.5,
07/15/2003 09:00:00,9,0,29,
07/15/2003 09:15:00,9,15,29.6,
07/15/2003 09:30:00,9,30,30.2,
07/15/2003 09:45:00,9,45,30.8,
07/15/2003 10:00:00,10,0,29,
07/15/2003 10:15:00,10,15,28.5,
07/15/2003 10:30:00,10,30,30.3,
07/15/2003 10:45:00,10,45,30.8,
07/15/2003 11:00:00,11,0,31.5,
07/15/2003 11:15:00,11,15,31.6,
07/15/2003 11:30:00,11,30,30.7,
07/15/2003 11:45:00,11,45,30.6,
07/15/2003 12:00:00,12,0,33.5,
07/15/2003 12:15:00,12,15,34.6,
07/15/2003 12:30:00,12,30,34.4,
07/15/2003 12:45:00,12,45,34.6,
07/15/2003 13:00:00,13,0,35.4,
07/15/2003 13:15:00,13,15,35,
07/15/2003 13:30:00,13,30,35.5,
07/15/2003 13:45:00,13,45,36,
07/15/2003 14:00:00,14,0,35.8,
07/15/2003 14:15:00,14,15,36.1,
07/15/2003 14:30:00,14,30,38.3,
07/15/2003 14:45:00,14,45,38.7,
07/15/2003 15:00:00,15,0,38.8,
07/15/2003 15:15:00,15,15,38.1,
07/15/2003 15:30:00,15,30,38.3,
07/15/2003 15:45:00,15,45,37.2,
07/15/2003 16:00:00,16,0,37.2,
07/15/2003 16:15:00,16,15,37.7,
07/15/2003 16:30:00,16,30,37.5,
07/15/2003 16:45:00,16,45,37,
07/15/2003 17:00:00,17,0,38.2,
07/15/2003 17:15:00,17,15,37.5,
07/15/2003 17:30:00,17,30,37.6,
07/15/2003 17:45:00,17,45,37.3,
07/15/2003 18:00:00,18,0,37.6,
07/15/2003 18:15:00,18,15,37.8,
07/15/2003 18:30:00,18,30,37.6,
07/15/2003 18:45:00,18,45,37.5,
07/15/2003 19:00:00,19,0,37.1,
07/15/2003 19:15:00,19,15,36.6,
07/15/2003 19:30:00,19,30,35.4,
07/15/2003 19:45:00,19,45,35,
07/15/2003 20:00:00,20,0,34.9,
07/15/2003 20:15:00,20,15,32,
07/15/2003 20:30:00,20,30,30.4,
07/15/2003 20:45:00,20,45,29.4,
07/15/2003 21:00:00,21,0,29.6,
07/15/2003 21:15:00,21,15,30.6,
07/15/2003 21:30:00,21,30,27.3,
07/15/2003 21:45:00,21,45,25.8,
07/15/2003 22:00:00,22,0,25.1,
07/15/2003 22:15:00,22,15,24.6,
07/15/2003 22:30:00,22,30,24.1,
07/15/2003 22:45:00,22,45,23.7,
07/15/2003 23:00:00,23,0,23.4,
07/15/2003 23:15:00,23,15,22.9,
07/15/2003 23:30:00,23,30,22.2,
07/15/2003 23:45:00,23,45,21.5,
07/16/2003 00:00:00,0,0,20.7,
07/16/2003 00:15:00,0,15,19.9,
07/16/2003 00:30:00,0,30,19.5,
07/16/2003 00:45:00,0,45,19.1,
07/16/2003 01:00:00,1,0,18.7,
07/16/2003 01:15:00,1,15,18.4,
07/16/2003 01:30:00,1,30,17.9,
07/16/2003 01:45:00,1,45,17.6,
07/16/2003 02:00:00,2,0,17.4,
07/16/2003 02:15:00,2,15,17.2,
07/16/2003 02:30:00,2,30,17,
07/16/2003 02:45:00,2,45,16.8,
07/16/2003 03:00:00,3,0,16.6,
07/16/2003 03:15:00,3,15,16.4,
07/16/2003 03:30:00,3,30,16.3,
07/16/2003 03:45:00,3,45,16.2,
07/16/2003 04:00:00,4,0,16.1,
07/16/2003 04:15:00,4,15,16,
07/16/2003 04:30:00,4,30,15.8,
07/16/2003 04:45:00,4,45,16,
07/16/2003 05:00:00,5,0,16.5,
07/16/2003 05:15:00,5,15,18.9,
07/16/2003 05:30:00,5,30,20.8,
07/16/2003 05:45:00,5,45,21.3,
07/16/2003 06:00:00,6,0,21.5,
07/16/2003 06:15:00,6,15,21.9,
07/16/2003 06:30:00,6,30,22.3,
07/16/2003 06:45:00,6,45,20.4,
07/16/2003 07:00:00,7,0,19.5,
07/16/2003 07:15:00,7,15,19.5,
07/16/2003 07:30:00,7,30,19.6,
07/16/2003 07:45:00,7,45,20,
07/16/2003 08:00:00,8,0,20.4,
07/16/2003 08:15:00,8,15,21,
07/16/2003 08:30:00,8,30,21.4,
07/16/2003 08:45:00,8,45,22.1,
07/16/2003 09:00:00,9,0,23,
07/16/2003 09:15:00,9,15,23.7,
07/16/2003 09:30:00,9,30,24.8,
07/16/2003 09:45:00,9,45,26.5,
07/16/2003 10:00:00,10,0,29.2,
07/16/2003 10:15:00,10,15,32.4,
07/16/2003 10:30:00,10,30,33.9,
07/16/2003 10:45:00,10,45,34.5,
07/16/2003 11:00:00,11,0,35.1,
07/16/2003 11:15:00,11,15,36.3,
07/16/2003 11:30:00,11,30,37.5,
07/16/2003 11:45:00,11,45,38.5,
07/16/2003 12:00:00,12,0,37.9,
07/16/2003 12:15:00,12,15,38.1,
07/16/2003 12:30:00,12,30,40,
07/16/2003 12:45:00,12,45,38.3,
07/16/2003 13:00:00,13,0,37.5,
07/16/2003 13:15:00,13,15,40,
07/16/2003 13:30:00,13,30,38.8,
07/16/2003 13:45:00,13,45,37.8,
07/16/2003 14:00:00,14,0,40.2,
07/16/2003 14:15:00,14,15,41.3,
07/16/2003 14:30:00,14,30,42.8,
07/16/2003 14:45:00,14,45,43.5,
07/16/2003 15:00:00,15,0,43.7,
07/16/2003 15:15:00,15,15,43.9,
07/16/2003 15:30:00,15,30,44.1,
07/16/2003 15:45:00,15,45,44,
07/16/2003 16:00:00,16,0,44.1,
07/16/2003 16:15:00,16,15,43.9,
07/16/2003 16:30:00,16,30,43.4,
07/16/2003 16:45:00,16,45,43.1,
07/16/2003 17:00:00,17,0,41.1,
07/16/2003 17:15:00,17,15,39.6,
07/16/2003 17:30:00,17,30,39.3,
07/16/2003 17:45:00,17,45,37.5,
07/16/2003 18:00:00,18,0,37.3,
07/16/2003 18:15:00,18,15,38.9,
07/16/2003 18:30:00,18,30,39.4,
07/16/2003 18:45:00,18,45,39.3,
07/16/2003 19:00:00,19,0,39.2,
07/16/2003 19:15:00,19,15,38.8,
07/16/2003 19:30:00,19,30,38.1,
07/16/2003 19:45:00,19,45,36.6,
07/16/2003 20:00:00,20,0,36.6,
07/16/2003 20:15:00,20,15,36.1,
07/16/2003 20:30:00,20,30,36,
07/16/2003 20:45:00,20,45,34.4,
07/16/2003 21:00:00,21,0,33.6,
07/16/2003 21:15:00,21,15,33.7,
07/16/2003 21:30:00,21,30,33.3,
07/16/2003 21:45:00,21,45,32.6,
07/16/2003 22:00:00,22,0,31.9,
07/16/2003 22:15:00,22,15,31,
07/16/2003 22:30:00,22,30,30.6,
07/16/2003 22:45:00,22,45,30,
07/16/2003 23:00:00,23,0,29.6,
07/16/2003 23:15:00,23,15,26.9,
07/16/2003 23:30:00,23,30,25.8,
07/16/2003 23:45:00,23,45,25.1,
07/17/2003 00:00:00,0,0,24.4,
07/17/2003 00:15:00,0,15,23.8,
07/17/2003 00:30:00,0,30,23.2,
07/17/2003 00:45:00,0,45,22.9,
07/17/2003 01:00:00,1,0,22.5,
07/17/2003 01:15:00,1,15,22.2,
07/17/2003 01:30:00,1,30,21.8,
07/17/2003 01:45:00,1,45,21.6,
07/17/2003 02:00:00,2,0,21.4,
07/17/2003 02:15:00,2,15,21.1,
07/17/2003 02:30:00,2,30,20.8,
07/17/2003 02:45:00,2,45,20.5,
07/17/2003 03:00:00,3,0,20.3,
07/17/2003 03:15:00,3,15,20.1,
07/17/2003 03:30:00,3,30,19.9,
07/17/2003 03:45:00,3,45,19.2,
07/17/2003 04:00:00,4,0,18.2,
07/17/2003 04:15:00,4,15,17.8,
07/17/2003 04:30:00,4,30,17.6,
07/17/2003 04:45:00,4,45,17.5,
07/17/2003 05:00:00,5,0,17.7,
07/17/2003 05:15:00,5,15,20,
07/17/2003 05:30:00,5,30,21.8,
07/17/2003 05:45:00,5,45,22.3,
07/17/2003 06:00:00,6,0,22.4,
07/17/2003 06:15:00,6,15,22.5,
07/17/2003 06:30:00,6,30,23.1,
07/17/2003 06:45:00,6,45,21.8,
07/17/2003 07:00:00,7,0,20.7,
07/17/2003 07:15:00,7,15,20.6,
07/17/2003 07:30:00,7,30,20.6,
07/17/2003 07:45:00,7,45,20.8,
07/17/2003 08:00:00,8,0,21,
07/17/2003 08:15:00,8,15,21.2,
07/17/2003 08:30:00,8,30,21.6,
07/17/2003 08:45:00,8,45,21.9,
07/17/2003 09:00:00,9,0,21.7,
07/17/2003 09:15:00,9,15,22.2,
07/17/2003 09:30:00,9,30,23.3,
07/17/2003 09:45:00,9,45,25.3,
07/17/2003 10:00:00,10,0,27.8,
07/17/2003 10:15:00,10,15,31.1,
07/17/2003 10:30:00,10,30,32.1,
07/17/2003 10:45:00,10,45,32.5,
07/17/2003 11:00:00,11,0,34,
07/17/2003 11:15:00,11,15,34.8,
07/17/2003 11:30:00,11,30,35.2,
07/17/2003 11:45:00,11,45,35.9,
07/17/2003 12:00:00,12,0,36.7,
07/17/2003 12:15:00,12,15,37.2,
07/17/2003 12:30:00,12,30,37.2,
07/17/2003 12:45:00,12,45,37.4,
07/17/2003 13:00:00,13,0,37.8,
07/17/2003 13:15:00,13,15,38.9,
07/17/2003 13:30:00,13,30,39.5,
07/17/2003 13:45:00,13,45,40.2,
07/17/2003 14:00:00,14,0,41,
07/17/2003 14:15:00,14,15,41.2,
07/17/2003 14:30:00,14,30,41.1,
07/17/2003 14:45:00,14,45,41.6,
07/17/2003 15:00:00,15,0,42.1,
07/17/2003 15:15:00,15,15,42.3,
07/17/2003 15:30:00,15,30,42.1,
07/17/2003 15:45:00,15,45,42.2,
07/17/2003 16:00:00,16,0,42.2,
07/17/2003 16:15:00,16,15,42.1,
07/17/2003 16:30:00,16,30,42.1,
07/17/2003 16:45:00,16,45,41.9,
07/17/2003 17:00:00,17,0,41.7,
07/17/2003 17:15:00,17,15,41.4,
07/17/2003 17:30:00,17,30,41.1,
07/17/2003 17:45:00,17,45,40.6,
07/17/2003 18:00:00,18,0,40.1,
07/17/2003 18:15:00,18,15,39.6,
07/17/2003 18:30:00,18,30,39.2,
07/17/2003 18:45:00,18,45,38.8,
07/17/2003 19:00:00,19,0,38.3,
07/17/2003 19:15:00,19,15,37.5,
07/17/2003 19:30:00,19,30,36.8,
07/17/2003 19:45:00,19,45,35.9,
07/17/2003 20:00:00,20,0,35.6,
07/17/2003 20:15:00,20,15,35.6,
07/17/2003 20:30:00,20,30,35.3,
07/17/2003 20:45:00,20,45,33.1,
07/17/2003 21:00:00,21,0,31.8,
07/17/2003 21:15:00,21,15,31.5,
07/17/2003 21:30:00,21,30,30.7,
07/17/2003 21:45:00,21,45,29.9,
07/17/2003 22:00:00,22,0,27.7,
07/17/2003 22:15:00,22,15,25.6,
07/17/2003 22:30:00,22,30,24.9,
07/17/2003 22:45:00,22,45,24.5,
07/17/2003 23:00:00,23,0,24,
07/17/2003 23:15:00,23,15,23.4,
07/17/2003 23:30:00,23,30,22.5,
07/17/2003 23:45:00,23,45,21.8,
07/18/2003 00:00:00,0,0,21.1,
07/18/2003 00:15:00,0,15,20.5,
07/18/2003 00:30:00,0,30,20,
07/18/2003 00:45:00,0,45,19.7,
07/18/2003 01:00:00,1,0,19.4,
07/18/2003 01:15:00,1,15,19.1,
07/18/2003 01:30:00,1,30,18.7,
07/18/2003 01:45:00,1,45,18.2,
07/18/2003 02:00:00,2,0,17.9,
07/18/2003 02:15:00,2,15,17.6,
07/18/2003 02:30:00,2,30,17.2,
07/18/2003 02:45:00,2,45,16.9,
07/18/2003 03:00:00,3,0,16.8,
07/18/2003 03:15:00,3,15,16.6,
07/18/2003 03:30:00,3,30,16.3,
07/18/2003 03:45:00,3,45,16.1,
07/18/2003 04:00:00,4,0,15.9,
07/18/2003 04:15:00,4,15,15.8,
07/18/2003 04:30:00,4,30,15.8,
07/18/2003 04:45:00,4,45,16.1,
07/18/2003 05:00:00,5,0,16.6,
07/18/2003 05:15:00,5,15,16.8,
07/18/2003 05:30:00,5,30,17,
07/18/2003 05:45:00,5,45,17.1,
07/18/2003 06:00:00,6,0,17,
07/18/2003 06:15:00,6,15,17.9,
07/18/2003 06:30:00,6,30,21,
07/18/2003 06:45:00,6,45,22.2,
07/18/2003 07:00:00,7,0,22.3,
07/18/2003 07:15:00,7,15,22.5,
07/18/2003 07:30:00,7,30,22.7,
07/18/2003 07:45:00,7,45,23,
07/18/2003 08:00:00,8,0,22.3,
07/18/2003 08:15:00,8,15,21.1,
07/18/2003 08:30:00,8,30,21.2,
07/18/2003 08:45:00,8,45,21.5,
07/18/2003 09:00:00,9,0,21.3,
07/18/2003 09:15:00,9,15,21.8,
07/18/2003 09:30:00,9,30,23,
07/18/2003 09:45:00,9,45,25.1,
07/18/2003 10:00:00,10,0,27,
07/18/2003 10:15:00,10,15,28.8,
07/18/2003 10:30:00,10,30,30.5,
07/18/2003 10:45:00,10,45,32,
07/18/2003 11:00:00,11,0,34.1,
07/18/2003 11:15:00,11,15,34.9,
07/18/2003 11:30:00,11,30,35.1,
07/18/2003 11:45:00,11,45,35.4,
07/18/2003 12:00:00,12,0,35.9,
07/18/2003 12:15:00,12,15,37.2,
07/18/2003 12:30:00,12,30,38.3,
07/18/2003 12:45:00,12,45,39,
07/18/2003 13:00:00,13,0,39.5,
07/18/2003 13:15:00,13,15,40,
07/18/2003 13:30:00,13,30,40.6,
07/18/2003 13:45:00,13,45,41.2,
07/18/2003 14:00:00,14,0,41.7,
07/18/2003 14:15:00,14,15,42.3,
07/18/2003 14:30:00,14,30,42.5,
07/18/2003 14:45:00,14,45,42.8,
07/18/2003 15:00:00,15,0,43.2,
07/18/2003 15:15:00,15,15,43,
07/18/2003 15:30:00,15,30,42.6,
07/18/2003 15:45:00,15,45,42.9,
07/18/2003 16:00:00,16,0,42.8,
07/18/2003 16:15:00,16,15,43.1,
07/18/2003 16:30:00,16,30,43.3,
07/18/2003 16:45:00,16,45,43.4,
07/18/2003 17:00:00,17,0,43.1,
07/18/2003 17:15:00,17,15,42.2,
07/18/2003 17:30:00,17,30,41.9,
07/18/2003 17:45:00,17,45,40.9,
07/18/2003 18:00:00,18,0,40.5,
07/18/2003 18:15:00,18,15,40.1,
07/18/2003 18:30:00,18,30,39.2,
07/18/2003 18:45:00,18,45,38.2,
07/18/2003 19:00:00,19,0,38.8,
07/18/2003 19:15:00,19,15,38.5,
07/18/2003 19:30:00,19,30,37.8,
07/18/2003 19:45:00,19,45,36.8,
07/18/2003 20:00:00,20,0,36,
07/18/2003 20:15:00,20,15,34.9,
07/18/2003 20:30:00,20,30,33.4,
07/18/2003 20:45:00,20,45,32,
07/18/2003 21:00:00,21,0,32,
07/18/2003 21:15:00,21,15,31.8,
07/18/2003 21:30:00,21,30,31.1,
07/18/2003 21:45:00,21,45,30.5,
07/18/2003 22:00:00,22,0,29.7,
07/18/2003 22:15:00,22,15,29.2,
07/18/2003 22:30:00,22,30,28.7,
07/18/2003 22:45:00,22,45,25.6,
07/18/2003 23:00:00,23,0,24,
07/18/2003 23:15:00,23,15,23.2,
07/18/2003 23:30:00,23,30,22.6,
07/18/2003 23:45:00,23,45,22,
07/19/2003 00:00:00,0,0,21.8,
07/19/2003 00:15:00,0,15,21.4,
07/19/2003 00:30:00,0,30,21,
07/19/2003 00:45:00,0,45,20.7,
07/19/2003 01:00:00,1,0,20.5,
07/19/2003 01:15:00,1,15,20.4,
07/19/2003 01:30:00,1,30,20.2,
07/19/2003 01:45:00,1,45,20.2,
07/19/2003 02:00:00,2,0,20.2,
07/19/2003 02:15:00,2,15,20,
07/19/2003 02:30:00,2,30,19.7,
07/19/2003 02:45:00,2,45,19.6,
07/19/2003 03:00:00,3,0,19.5,
07/19/2003 03:15:00,3,15,19.5,
07/19/2003 03:30:00,3,30,19.5,
07/19/2003 03:45:00,3,45,19.4,
07/19/2003 04:00:00,4,0,19.4,
07/19/2003 04:15:00,4,15,19.2,
07/19/2003 04:30:00,4,30,18.5,
07/19/2003 04:45:00,4,45,18.3,
07/19/2003 05:00:00,5,0,20.7,
07/19/2003 05:15:00,5,15,22.2,
07/19/2003 05:30:00,5,30,22.9,
07/19/2003 05:45:00,5,45,23.3,
07/19/2003 06:00:00,6,0,23.3,
07/19/2003 06:15:00,6,15,23.6,
07/19/2003 06:30:00,6,30,24.3,
07/19/2003 06:45:00,6,45,22.4,
07/19/2003 07:00:00,7,0,21.9,
07/19/2003 07:15:00,7,15,21.8,
07/19/2003 07:30:00,7,30,21.9,
07/19/2003 07:45:00,7,45,22.2,
07/19/2003 08:00:00,8,0,22.5,
07/19/2003 08:15:00,8,15,22.9,
07/19/2003 08:30:00,8,30,23.6,
07/19/2003 08:45:00,8,45,24.3,
07/19/2003 09:00:00,9,0,24.6,
07/19/2003 09:15:00,9,15,24.7,
07/19/2003 09:30:00,9,30,26.1,
07/19/2003 09:45:00,9,45,28.5,
07/19/2003 10:00:00,10,0,31.7,
07/19/2003 10:15:00,10,15,33.7,
07/19/2003 10:30:00,10,30,34.7,
07/19/2003 10:45:00,10,45,35.2,
07/19/2003 11:00:00,11,0,36.5,
07/19/2003 11:15:00,11,15,37.8,
07/19/2003 11:30:00,11,30,37.9,
07/19/2003 11:45:00,11,45,38.4,
07/19/2003 12:00:00,12,0,38.5,
07/19/2003 12:15:00,12,15,38.8,
07/19/2003 12:30:00,12,30,39.4,
07/19/2003 12:45:00,12,45,40.8,
07/19/2003 13:00:00,13,0,41.9,
07/19/2003 13:15:00,13,15,42.8,
07/19/2003 13:30:00,13,30,43.5,
07/19/2003 13:45:00,13,45,42.7,
07/19/2003 14:00:00,14,0,43.3,
07/19/2003 14:15:00,14,15,43.8,
07/19/2003 14:30:00,14,30,44.1,
07/19/2003 14:45:00,14,45,42,
07/19/2003 15:00:00,15,0,43.1,
07/19/2003 15:15:00,15,15,44.2,
07/19/2003 15:30:00,15,30,40.9,
07/19/2003 15:45:00,15,45,38.2,
07/19/2003 16:00:00,16,0,38.2,
07/19/2003 16:15:00,16,15,40.7,
07/19/2003 16:30:00,16,30,42.5,
07/19/2003 16:45:00,16,45,42,
07/19/2003 17:00:00,17,0,42.1,
07/19/2003 17:15:00,17,15,40.8,
07/19/2003 17:30:00,17,30,40.7,
07/19/2003 17:45:00,17,45,39.4,
07/19/2003 18:00:00,18,0,37.4,
07/19/2003 18:15:00,18,15,36.1,
07/19/2003 18:30:00,18,30,35.7,
07/19/2003 18:45:00,18,45,33.4,
07/19/2003 19:00:00,19,0,32.4,
07/19/2003 19:15:00,19,15,33,
07/19/2003 19:30:00,19,30,34.5,
07/19/2003 19:45:00,19,45,34.7,
07/19/2003 20:00:00,20,0,33.8,
07/19/2003 20:15:00,20,15,33.3,
07/19/2003 20:30:00,20,30,32.6,
07/19/2003 20:45:00,20,45,31.7,
07/19/2003 21:00:00,21,0,31.9,
07/19/2003 21:15:00,21,15,32.6,
07/19/2003 21:30:00,21,30,32.2,
07/19/2003 21:45:00,21,45,31.7,
07/19/2003 22:00:00,22,0,31.3,
07/19/2003 22:15:00,22,15,30.7,
07/19/2003 22:30:00,22,30,29.9,
07/19/2003 22:45:00,22,45,29.1,
07/19/2003 23:00:00,23,0,25.9,
07/19/2003 23:15:00,23,15,24.6,
07/19/2003 23:30:00,23,30,24,
07/19/2003 23:45:00,23,45,23.8,
07/20/2003 00:00:00,0,0,23.3,
07/20/2003 00:15:00,0,15,22.5,
07/20/2003 00:30:00,0,30,21.8,
07/20/2003 00:45:00,0,45,21.3,
07/20/2003 01:00:00,1,0,21.1,
07/20/2003 01:15:00,1,15,21,
07/20/2003 01:30:00,1,30,21,
07/20/2003 01:45:00,1,45,21,
07/20/2003 02:00:00,2,0,20.9,
07/20/2003 02:15:00,2,15,20.9,
07/20/2003 02:30:00,2,30,20.8,
07/20/2003 02:45:00,2,45,20.7,
07/20/2003 03:00:00,3,0,20.7,
07/20/2003 03:15:00,3,15,20.7,
07/20/2003 03:30:00,3,30,20.7,
07/20/2003 03:45:00,3,45,20.7,
07/20/2003 04:00:00,4,0,21.1,
07/20/2003 04:15:00,4,15,23.3,
07/20/2003 04:30:00,4,30,23.8,
07/20/2003 04:45:00,4,45,24.1,
07/20/2003 05:00:00,5,0,24.2,
07/20/2003 05:15:00,5,15,24.1,
07/20/2003 05:30:00,5,30,24.2,
07/20/2003 05:45:00,5,45,24.4,
07/20/2003 06:00:00,6,0,22.5,
07/20/2003 06:15:00,6,15,21.7,
07/20/2003 06:30:00,6,30,22.4,
07/20/2003 06:45:00,6,45,22.6,
07/20/2003 07:00:00,7,0,23.3,
07/20/2003 07:15:00,7,15,23.8,
07/20/2003 07:30:00,7,30,24.1,
07/20/2003 07:45:00,7,45,24.1,
07/20/2003 08:00:00,8,0,24.2,
07/20/2003 08:15:00,8,15,24.2,
07/20/2003 08:30:00,8,30,24.3,
07/20/2003 08:45:00,8,45,24.4,
07/20/2003 09:00:00,9,0,24.6,
07/20/2003 09:15:00,9,15,24.7,
07/20/2003 09:30:00,9,30,26.8,
07/20/2003 09:45:00,9,45,28.5,
07/20/2003 10:00:00,10,0,29.6,
07/20/2003 10:15:00,10,15,30.1,
07/20/2003 10:30:00,10,30,30.5,
07/20/2003 10:45:00,10,45,30.5,
07/20/2003 11:00:00,11,0,30.2,
07/20/2003 11:15:00,11,15,30.2,
07/20/2003 11:30:00,11,30,30.4,
07/20/2003 11:45:00,11,45,30.7,
07/20/2003 12:00:00,12,0,30.8,
07/20/2003 12:15:00,12,15,31.1,
07/20/2003 12:30:00,12,30,31.5,
07/20/2003 12:45:00,12,45,31.3,
07/20/2003 13:00:00,13,0,31.8,
07/20/2003 13:15:00,13,15,32.4,
07/20/2003 13:30:00,13,30,33.4,
07/20/2003 13:45:00,13,45,35.1,
07/20/2003 14:00:00,14,0,37.4,
07/20/2003 14:15:00,14,15,38.7,
07/20/2003 14:30:00,14,30,39.5,
07/20/2003 14:45:00,14,45,39.8,
07/20/2003 15:00:00,15,0,39.8,
07/20/2003 15:15:00,15,15,36.5,
07/20/2003 15:30:00,15,30,34.8,
07/20/2003 15:45:00,15,45,32.1,
07/20/2003 16:00:00,16,0,29.5,
07/20/2003 16:15:00,16,15,27.3,
07/20/2003 16:30:00,16,30,27.2,
07/20/2003 16:45:00,16,45,26.9,
07/20/2003 17:00:00,17,0,26.5,
07/20/2003 17:15:00,17,15,26,
07/20/2003 17:30:00,17,30,25.5,
07/20/2003 17:45:00,17,45,25.1,
07/20/2003 18:00:00,18,0,24.5,
07/20/2003 18:15:00,18,15,24.2,
07/20/2003 18:30:00,18,30,24.1,
07/20/2003 18:45:00,18,45,24.1,
07/20/2003 19:00:00,19,0,23.9,
07/20/2003 19:15:00,19,15,23.8,
07/20/2003 19:30:00,19,30,23.8,
07/20/2003 19:45:00,19,45,25.8,
07/20/2003 20:00:00,20,0,27,
07/20/2003 20:15:00,20,15,27.3,
07/20/2003 20:30:00,20,30,27.3,
07/20/2003 20:45:00,20,45,26.9,
07/20/2003 21:00:00,21,0,27.4,
07/20/2003 21:15:00,21,15,27.6,
07/20/2003 21:30:00,21,30,27.8,
07/20/2003 21:45:00,21,45,27.7,
07/20/2003 22:00:00,22,0,27.7,
07/20/2003 22:15:00,22,15,26,
07/20/2003 22:30:00,22,30,23.4,
07/20/2003 22:45:00,22,45,22.6,
07/20/2003 23:00:00,23,0,22.2,
07/20/2003 23:15:00,23,15,22,
07/20/2003 23:30:00,23,30,21.8,
07/20/2003 23:45:00,23,45,21.4,
07/21/2003 00:00:00,0,0,20.8,
07/21/2003 00:15:00,0,15,20.4,
07/21/2003 00:30:00,0,30,20.2,
07/21/2003 00:45:00,0,45,20,
07/21/2003 01:00:00,1,0,19.9,
07/21/2003 01:15:00,1,15,19.8,
07/21/2003 01:30:00,1,30,19.7,
07/21/2003 01:45:00,1,45,19.6,
07/21/2003 02:00:00,2,0,19.6,
07/21/2003 02:15:00,2,15,19.5,
07/21/2003 02:30:00,2,30,19.5,
07/21/2003 02:45:00,2,45,19.6,
07/21/2003 03:00:00,3,0,19.6,
07/21/2003 03:15:00,3,15,19.6,
07/21/2003 03:30:00,3,30,19.4,
07/21/2003 03:45:00,3,45,20.6,
07/21/2003 04:00:00,4,0,22.6,
07/21/2003 04:15:00,4,15,23.6,
07/21/2003 04:30:00,4,30,23.6,
07/21/2003 04:45:00,4,45,23.5,
07/21/2003 05:00:00,5,0,23.5,
07/21/2003 05:15:00,5,15,23.6,
07/21/2003 05:30:00,5,30,23.5,
07/21/2003 05:45:00,5,45,21.7,
07/21/2003 06:00:00,6,0,20.5,
07/21/2003 06:15:00,6,15,20.7,
07/21/2003 06:30:00,6,30,21.4,
07/21/2003 06:45:00,6,45,21.7,
07/21/2003 07:00:00,7,0,22,
07/21/2003 07:15:00,7,15,22.3,
07/21/2003 07:30:00,7,30,22.4,
07/21/2003 07:45:00,7,45,22.4,
07/21/2003 08:00:00,8,0,22.5,
07/21/2003 08:15:00,8,15,22.2,
07/21/2003 08:30:00,8,30,22.4,
07/21/2003 08:45:00,8,45,22.8,
07/21/2003 09:00:00,9,0,22.6,
07/21/2003 09:15:00,9,15,22.8,
07/21/2003 09:30:00,9,30,24.1,
07/21/2003 09:45:00,9,45,27.4,
07/21/2003 10:00:00,10,0,28.4,
07/21/2003 10:15:00,10,15,29.1,
07/21/2003 10:30:00,10,30,29,
07/21/2003 10:45:00,10,45,29.2,
07/21/2003 11:00:00,11,0,29.8,
07/21/2003 11:15:00,11,15,31,
07/21/2003 11:30:00,11,30,31.2,
07/21/2003 11:45:00,11,45,31.2,
07/21/2003 12:00:00,12,0,30.8,
07/21/2003 12:15:00,12,15,30.1,
07/21/2003 12:30:00,12,30,29.8,
07/21/2003 12:45:00,12,45,30,
07/21/2003 13:00:00,13,0,31.1,
07/21/2003 13:15:00,13,15,30.3,
07/21/2003 13:30:00,13,30,28.3,
07/21/2003 13:45:00,13,45,28.6,
07/21/2003 14:00:00,14,0,29.1,
07/21/2003 14:15:00,14,15,29.1,
07/21/2003 14:30:00,14,30,29.3,
07/21/2003 14:45:00,14,45,29.5,
07/21/2003 15:00:00,15,0,29.6,
07/21/2003 15:15:00,15,15,30.3,
07/21/2003 15:30:00,15,30,30,
07/21/2003 15:45:00,15,45,30.6,
07/21/2003 16:00:00,16,0,32.4,
07/21/2003 16:15:00,16,15,33,
07/21/2003 16:30:00,16,30,33.1,
07/21/2003 16:45:00,16,45,32.2,
07/21/2003 17:00:00,17,0,31.2,
07/21/2003 17:15:00,17,15,30.8,
07/21/2003 17:30:00,17,30,30.1,
07/21/2003 17:45:00,17,45,30.1,
07/21/2003 18:00:00,18,0,30.1,
07/21/2003 18:15:00,18,15,29.6,
07/21/2003 18:30:00,18,30,29.8,
07/21/2003 18:45:00,18,45,30.2,
07/21/2003 19:00:00,19,0,30.7,
07/21/2003 19:15:00,19,15,30.5,
07/21/2003 19:30:00,19,30,28.1,
07/21/2003 19:45:00,19,45,28,
07/21/2003 20:00:00,20,0,27.8,
07/21/2003 20:15:00,20,15,27.7,
07/21/2003 20:30:00,20,30,27.3,
07/21/2003 20:45:00,20,45,26.8,
07/21/2003 21:00:00,21,0,26.6,
07/21/2003 21:15:00,21,15,26.5,
07/21/2003 21:30:00,21,30,26.3,
07/21/2003 21:45:00,21,45,26.1,
07/21/2003 22:00:00,22,0,25.9,
07/21/2003 22:15:00,22,15,25.2,
07/21/2003 22:30:00,22,30,24.1,
07/21/2003 22:45:00,22,45,23.5,
07/21/2003 23:00:00,23,0,25.2,
07/21/2003 23:15:00,23,15,25.4,
07/21/2003 23:30:00,23,30,25,
07/21/2003 23:45:00,23,45,24.7,
07/22/2003 00:00:00,0,0,24.7,
07/22/2003 00:15:00,0,15,24.6,
07/22/2003 00:30:00,0,30,24.6,
07/22/2003 00:45:00,0,45,23.8,
07/22/2003 01:00:00,1,0,21,
07/22/2003 01:15:00,1,15,20.3,
07/22/2003 01:30:00,1,30,20,
07/22/2003 01:45:00,1,45,19.9,
07/22/2003 02:00:00,2,0,19.8,
07/22/2003 02:15:00,2,15,19.7,
07/22/2003 02:30:00,2,30,19.6,
07/22/2003 02:45:00,2,45,19.6,
07/22/2003 03:00:00,3,0,19.5,
07/22/2003 03:15:00,3,15,19.3,
07/22/2003 03:30:00,3,30,19.3,
07/22/2003 03:45:00,3,45,19.2,
07/22/2003 04:00:00,4,0,19.1,
07/22/2003 04:15:00,4,15,19,
07/22/2003 04:30:00,4,30,19,
07/22/2003 04:45:00,4,45,19,
07/22/2003 05:00:00,5,0,19.1,
07/22/2003 05:15:00,5,15,19.5,
07/22/2003 05:30:00,5,30,19.6,
07/22/2003 05:45:00,5,45,19.5,
07/22/2003 06:00:00,6,0,19.4,
07/22/2003 06:15:00,6,15,19.5,
07/22/2003 06:30:00,6,30,20.2,
07/22/2003 06:45:00,6,45,20.6,
07/22/2003 07:00:00,7,0,20.9,
07/22/2003 07:15:00,7,15,23,
07/22/2003 07:30:00,7,30,24,
07/22/2003 07:45:00,7,45,24.6,
07/22/2003 08:00:00,8,0,25,
07/22/2003 08:15:00,8,15,25.3,
07/22/2003 08:30:00,8,30,25.7,
07/22/2003 08:45:00,8,45,26.1,
07/22/2003 09:00:00,9,0,26.1,
07/22/2003 09:15:00,9,15,25.8,
07/22/2003 09:30:00,9,30,24.9,
07/22/2003 09:45:00,9,45,26.7,
07/22/2003 10:00:00,10,0,29.1,
07/22/2003 10:15:00,10,15,30.9,
07/22/2003 10:30:00,10,30,31.3,
07/22/2003 10:45:00,10,45,31.1,
07/22/2003 11:00:00,11,0,31.7,
07/22/2003 11:15:00,11,15,31,
07/22/2003 11:30:00,11,30,30.7,
07/22/2003 11:45:00,11,45,31.6,
07/22/2003 12:00:00,12,0,32.4,
07/22/2003 12:15:00,12,15,33.6,
07/22/2003 12:30:00,12,30,34.5,
07/22/2003 12:45:00,12,45,34.3,
07/22/2003 13:00:00,13,0,36,
07/22/2003 13:15:00,13,15,37.4,
07/22/2003 13:30:00,13,30,39.2,
07/22/2003 13:45:00,13,45,38.9,
07/22/2003 14:00:00,14,0,39.4,
07/22/2003 14:15:00,14,15,41,
07/22/2003 14:30:00,14,30,41.5,
07/22/2003 14:45:00,14,45,41,
07/22/2003 15:00:00,15,0,38.2,
07/22/2003 15:15:00,15,15,37.5,
07/22/2003 15:30:00,15,30,38.3,
07/22/2003 15:45:00,15,45,39.6,
07/22/2003 16:00:00,16,0,40.5,
07/22/2003 16:15:00,16,15,40.6,
07/22/2003 16:30:00,16,30,40.1,
07/22/2003 16:45:00,16,45,39.6,
07/22/2003 17:00:00,17,0,39.2,
07/22/2003 17:15:00,17,15,39.1,
07/22/2003 17:30:00,17,30,39,
07/22/2003 17:45:00,17,45,38.8,
07/22/2003 18:00:00,18,0,38.4,
07/22/2003 18:15:00,18,15,38.3,
07/22/2003 18:30:00,18,30,36.7,
07/22/2003 18:45:00,18,45,34.8,
07/22/2003 19:00:00,19,0,33.4,
07/22/2003 19:15:00,19,15,34.5,
07/22/2003 19:30:00,19,30,34.7,
07/22/2003 19:45:00,19,45,34.7,
07/22/2003 20:00:00,20,0,35.1,
07/22/2003 20:15:00,20,15,33.9,
07/22/2003 20:30:00,20,30,32,
07/22/2003 20:45:00,20,45,30.4,
07/22/2003 21:00:00,21,0,31,
07/22/2003 21:15:00,21,15,30.8,
07/22/2003 21:30:00,21,30,30.1,
07/22/2003 21:45:00,21,45,26.8,
07/22/2003 22:00:00,22,0,25.6,
07/22/2003 22:15:00,22,15,25.1,
07/22/2003 22:30:00,22,30,24.6,
07/22/2003 22:45:00,22,45,24.2,
07/22/2003 23:00:00,23,0,23.8,
07/22/2003 23:15:00,23,15,23.3,
07/22/2003 23:30:00,23,30,22.5,
07/22/2003 23:45:00,23,45,21.8,
07/23/2003 00:00:00,0,0,21,
07/23/2003 00:15:00,0,15,20.4,
07/23/2003 00:30:00,0,30,19.9,
07/23/2003 00:45:00,0,45,19.5,
07/23/2003 01:00:00,1,0,19.1,
07/23/2003 01:15:00,1,15,18.9,
07/23/2003 01:30:00,1,30,18.7,
07/23/2003 01:45:00,1,45,18.5,
07/23/2003 02:00:00,2,0,18.2,
07/23/2003 02:15:00,2,15,17.9,
07/23/2003 02:30:00,2,30,17.6,
07/23/2003 02:45:00,2,45,17.4,
07/23/2003 03:00:00,3,0,17.2,
07/23/2003 03:15:00,3,15,17,
07/23/2003 03:30:00,3,30,16.9,
07/23/2003 03:45:00,3,45,16.8,
07/23/2003 04:00:00,4,0,16.7,
07/23/2003 04:15:00,4,15,16.7,
07/23/2003 04:30:00,4,30,16.8,
07/23/2003 04:45:00,4,45,16.8,
07/23/2003 05:00:00,5,0,18.8,
07/23/2003 05:15:00,5,15,20.9,
07/23/2003 05:30:00,5,30,21.5,
07/23/2003 05:45:00,5,45,21.6,
07/23/2003 06:00:00,6,0,21.6,
07/23/2003 06:15:00,6,15,21.9,
07/23/2003 06:30:00,6,30,22,
07/23/2003 06:45:00,6,45,20.3,
07/23/2003 07:00:00,7,0,20,
07/23/2003 07:15:00,7,15,20,
07/23/2003 07:30:00,7,30,20.2,
07/23/2003 07:45:00,7,45,20.3,
07/23/2003 08:00:00,8,0,20.5,
07/23/2003 08:15:00,8,15,20.9,
07/23/2003 08:30:00,8,30,21.4,
07/23/2003 08:45:00,8,45,22.1,
07/23/2003 09:00:00,9,0,22.2,
07/23/2003 09:15:00,9,15,22.5,
07/23/2003 09:30:00,9,30,23.6,
07/23/2003 09:45:00,9,45,24.8,
07/23/2003 10:00:00,10,0,27.1,
07/23/2003 10:15:00,10,15,30.6,
07/23/2003 10:30:00,10,30,33.1,
07/23/2003 10:45:00,10,45,33,
07/23/2003 11:00:00,11,0,34.3,
07/23/2003 11:15:00,11,15,35,
07/23/2003 11:30:00,11,30,36,
07/23/2003 11:45:00,11,45,36.8,
07/23/2003 12:00:00,12,0,37.3,
07/23/2003 12:15:00,12,15,38.4,
07/23/2003 12:30:00,12,30,39.1,
07/23/2003 12:45:00,12,45,39.7,
07/23/2003 13:00:00,13,0,40.2,
07/23/2003 13:15:00,13,15,40.8,
07/23/2003 13:30:00,13,30,41.4,
07/23/2003 13:45:00,13,45,42.3,
07/23/2003 14:00:00,14,0,42.8,
07/23/2003 14:15:00,14,15,40.2,
07/23/2003 14:30:00,14,30,37.3,
07/23/2003 14:45:00,14,45,35.7,
07/23/2003 15:00:00,15,0,35.1,
07/23/2003 15:15:00,15,15,36.3,
07/23/2003 15:30:00,15,30,39.8,
07/23/2003 15:45:00,15,45,41.5,
07/23/2003 16:00:00,16,0,41.7,
07/23/2003 16:15:00,16,15,41.5,
07/23/2003 16:30:00,16,30,41.3,
07/23/2003 16:45:00,16,45,40.8,
07/23/2003 17:00:00,17,0,40.5,
07/23/2003 17:15:00,17,15,40.2,
07/23/2003 17:30:00,17,30,39.8,
07/23/2003 17:45:00,17,45,39.7,
07/23/2003 18:00:00,18,0,39.1,
07/23/2003 18:15:00,18,15,38.1,
07/23/2003 18:30:00,18,30,37.7,
07/23/2003 18:45:00,18,45,37.4,
07/23/2003 19:00:00,19,0,37.1,
07/23/2003 19:15:00,19,15,36.6,
07/23/2003 19:30:00,19,30,35.4,
07/23/2003 19:45:00,19,45,35,
07/23/2003 20:00:00,20,0,34.4,
07/23/2003 20:15:00,20,15,33.1,
07/23/2003 20:30:00,20,30,32.2,
07/23/2003 20:45:00,20,45,31.2,
07/23/2003 21:00:00,21,0,30.9,
07/23/2003 21:15:00,21,15,30.8,
07/23/2003 21:30:00,21,30,30.3,
07/23/2003 21:45:00,21,45,29.3,
07/23/2003 22:00:00,22,0,26.4,
07/23/2003 22:15:00,22,15,25.5,
07/23/2003 22:30:00,22,30,25,
07/23/2003 22:45:00,22,45,24.6,
07/23/2003 23:00:00,23,0,24.2,
07/23/2003 23:15:00,23,15,23.6,
07/23/2003 23:30:00,23,30,22.8,
07/23/2003 23:45:00,23,45,22.1,
07/24/2003 00:00:00,0,0,21.6,
07/24/2003 00:15:00,0,15,21,
07/24/2003 00:30:00,0,30,20.8,
07/24/2003 00:45:00,0,45,20.4,
07/24/2003 01:00:00,1,0,20.1,
07/24/2003 01:15:00,1,15,19.8,
07/24/2003 01:30:00,1,30,19.7,
07/24/2003 01:45:00,1,45,19.7,
07/24/2003 02:00:00,2,0,19.5,
07/24/2003 02:15:00,2,15,19.5,
07/24/2003 02:30:00,2,30,19.4,
07/24/2003 02:45:00,2,45,19.3,
07/24/2003 03:00:00,3,0,19.1,
07/24/2003 03:15:00,3,15,19.1,
07/24/2003 03:30:00,3,30,19.5,
07/24/2003 03:45:00,3,45,21.8,
07/24/2003 04:00:00,4,0,22.6,
07/24/2003 04:15:00,4,15,23.1,
07/24/2003 04:30:00,4,30,23,
07/24/2003 04:45:00,4,45,22.7,
07/24/2003 05:00:00,5,0,22.5,
07/24/2003 05:15:00,5,15,20.3,
07/24/2003 05:30:00,5,30,19.2,
07/24/2003 05:45:00,5,45,19.2,
07/24/2003 06:00:00,6,0,19.4,
07/24/2003 06:15:00,6,15,19.9,
07/24/2003 06:30:00,6,30,20.9,
07/24/2003 06:45:00,6,45,21.5,
07/24/2003 07:00:00,7,0,22,
07/24/2003 07:15:00,7,15,22.3,
07/24/2003 07:30:00,7,30,22.3,
07/24/2003 07:45:00,7,45,22.2,
07/24/2003 08:00:00,8,0,22.3,
07/24/2003 08:15:00,8,15,22.4,
07/24/2003 08:30:00,8,30,22.9,
07/24/2003 08:45:00,8,45,23.4,
07/24/2003 09:00:00,9,0,23.7,
07/24/2003 09:15:00,9,15,25.9,
07/24/2003 09:30:00,9,30,29,
07/24/2003 09:45:00,9,45,31.6,
07/24/2003 10:00:00,10,0,32.2,
07/24/2003 10:15:00,10,15,32.8,
07/24/2003 10:30:00,10,30,33.5,
07/24/2003 10:45:00,10,45,34.4,
07/24/2003 11:00:00,11,0,34.7,
07/24/2003 11:15:00,11,15,35.8,
07/24/2003 11:30:00,11,30,36.8,
07/24/2003 11:45:00,11,45,37.4,
07/24/2003 12:00:00,12,0,37.8,
07/24/2003 12:15:00,12,15,38.4,
07/24/2003 12:30:00,12,30,39,
07/24/2003 12:45:00,12,45,39.5,
07/24/2003 13:00:00,13,0,39.3,
07/24/2003 13:15:00,13,15,39.4,
07/24/2003 13:30:00,13,30,39.4,
07/24/2003 13:45:00,13,45,37.9,
07/24/2003 14:00:00,14,0,39.3,
07/24/2003 14:15:00,14,15,40,
07/24/2003 14:30:00,14,30,41.4,
07/24/2003 14:45:00,14,45,42,
07/24/2003 15:00:00,15,0,42.7,
07/24/2003 15:15:00,15,15,41.7,
07/24/2003 15:30:00,15,30,41.4,
07/24/2003 15:45:00,15,45,42.1,
07/24/2003 16:00:00,16,0,42.5,
07/24/2003 16:15:00,16,15,41.5,
07/24/2003 16:30:00,16,30,39.4,
07/24/2003 16:45:00,16,45,38.7,
07/24/2003 17:00:00,17,0,36.5,
07/24/2003 17:15:00,17,15,37.3,
07/24/2003 17:30:00,17,30,36.6,
07/24/2003 17:45:00,17,45,35.1,
07/24/2003 18:00:00,18,0,34.7,
07/24/2003 18:15:00,18,15,34.7,
07/24/2003 18:30:00,18,30,34.8,
07/24/2003 18:45:00,18,45,34.5,
07/24/2003 19:00:00,19,0,34.4,
07/24/2003 19:15:00,19,15,35.7,
07/24/2003 19:30:00,19,30,35.2,
07/24/2003 19:45:00,19,45,33.2,
07/24/2003 20:00:00,20,0,32.3,
07/24/2003 20:15:00,20,15,32,
07/24/2003 20:30:00,20,30,31.4,
07/24/2003 20:45:00,20,45,31,
07/24/2003 21:00:00,21,0,31.7,
07/24/2003 21:15:00,21,15,29.6,
07/24/2003 21:30:00,21,30,28.5,
07/24/2003 21:45:00,21,45,28.3,
07/24/2003 22:00:00,22,0,28.1,
07/24/2003 22:15:00,22,15,27.7,
07/24/2003 22:30:00,22,30,26.9,
07/24/2003 22:45:00,22,45,26.4,
07/24/2003 23:00:00,23,0,25.9,
07/24/2003 23:15:00,23,15,25.4,
07/24/2003 23:30:00,23,30,24.9,
07/24/2003 23:45:00,23,45,24.3,
07/25/2003 00:00:00,0,0,24,
07/25/2003 00:15:00,0,15,23.6,
07/25/2003 00:30:00,0,30,23.4,
07/25/2003 00:45:00,0,45,23.6,
07/25/2003 01:00:00,1,0,25.6,
07/25/2003 01:15:00,1,15,25.9,
07/25/2003 01:30:00,1,30,25.8,
07/25/2003 01:45:00,1,45,25.3,
07/25/2003 02:00:00,2,0,25.1,
07/25/2003 02:15:00,2,15,24.9,
07/25/2003 02:30:00,2,30,24.5,
07/25/2003 02:45:00,2,45,24.4,
07/25/2003 03:00:00,3,0,22.2,
07/25/2003 03:15:00,3,15,20.6,
07/25/2003 03:30:00,3,30,20,
07/25/2003 03:45:00,3,45,19.7,
07/25/2003 04:00:00,4,0,19.4,
07/25/2003 04:15:00,4,15,19.3,
07/25/2003 04:30:00,4,30,19.2,
07/25/2003 04:45:00,4,45,19.1,
07/25/2003 05:00:00,5,0,19.3,
07/25/2003 05:15:00,5,15,19.8,
07/25/2003 05:30:00,5,30,20.1,
07/25/2003 05:45:00,5,45,20.3,
07/25/2003 06:00:00,6,0,20.4,
07/25/2003 06:15:00,6,15,20.9,
07/25/2003 06:30:00,6,30,21.7,
07/25/2003 06:45:00,6,45,22.1,
07/25/2003 07:00:00,7,0,22.4,
07/25/2003 07:15:00,7,15,22.3,
07/25/2003 07:30:00,7,30,22.5,
07/25/2003 07:45:00,7,45,23,
07/25/2003 08:00:00,8,0,24.6,
07/25/2003 08:15:00,8,15,27,
07/25/2003 08:30:00,8,30,28.3,
07/25/2003 08:45:00,8,45,29.1,
07/25/2003 09:00:00,9,0,29.7,
07/25/2003 09:15:00,9,15,30.7,
07/25/2003 09:30:00,9,30,31.6,
07/25/2003 09:45:00,9,45,32.3,
07/25/2003 10:00:00,10,0,32.2,
07/25/2003 10:15:00,10,15,32.8,
07/25/2003 10:30:00,10,30,32.8,
07/25/2003 10:45:00,10,45,32.8,
07/25/2003 11:00:00,11,0,33.2,
07/25/2003 11:15:00,11,15,33.1,
07/25/2003 11:30:00,11,30,33.1,
07/25/2003 11:45:00,11,45,33.3,
07/25/2003 12:00:00,12,0,34,
07/25/2003 12:15:00,12,15,34,
07/25/2003 12:30:00,12,30,35.6,
07/25/2003 12:45:00,12,45,36.1,
07/25/2003 13:00:00,13,0,35.6,
07/25/2003 13:15:00,13,15,36.3,
07/25/2003 13:30:00,13,30,37.1,
07/25/2003 13:45:00,13,45,37.2,
07/25/2003 14:00:00,14,0,38.5,
07/25/2003 14:15:00,14,15,39.5,
07/25/2003 14:30:00,14,30,39.5,
07/25/2003 14:45:00,14,45,39.4,
07/25/2003 15:00:00,15,0,38.9,
07/25/2003 15:15:00,15,15,37.7,
07/25/2003 15:30:00,15,30,35.8,
07/25/2003 15:45:00,15,45,36.4,
07/25/2003 16:00:00,16,0,37.3,
07/25/2003 16:15:00,16,15,37.6,
07/25/2003 16:30:00,16,30,36.9,
07/25/2003 16:45:00,16,45,36.8,
07/25/2003 17:00:00,17,0,36.6,
07/25/2003 17:15:00,17,15,36.5,
07/25/2003 17:30:00,17,30,36.5,
07/25/2003 17:45:00,17,45,36,
07/25/2003 18:00:00,18,0,34.7,
07/25/2003 18:15:00,18,15,33.9,
07/25/2003 18:30:00,18,30,33.7,
07/25/2003 18:45:00,18,45,29.6,
07/25/2003 19:00:00,19,0,28.9,
07/25/2003 19:15:00,19,15,29.3,
07/25/2003 19:30:00,19,30,29.7,
07/25/2003 19:45:00,19,45,29.8,
07/25/2003 20:00:00,20,0,29.7,
07/25/2003 20:15:00,20,15,29.6,
07/25/2003 20:30:00,20,30,29.7,
07/25/2003 20:45:00,20,45,29.6,
07/25/2003 21:00:00,21,0,29.7,
07/25/2003 21:15:00,21,15,31.4,
07/25/2003 21:30:00,21,30,31.9,
07/25/2003 21:45:00,21,45,31.8,
07/25/2003 22:00:00,22,0,31.5,
07/25/2003 22:15:00,22,15,31.1,
07/25/2003 22:30:00,22,30,30.3,
07/25/2003 22:45:00,22,45,29.7,
07/25/2003 23:00:00,23,0,29.3,
07/25/2003 23:15:00,23,15,29.1,
07/25/2003 23:30:00,23,30,28.9,
07/25/2003 23:45:00,23,45,28.3,
07/26/2003 00:00:00,0,0,27.5,
07/26/2003 00:15:00,0,15,26,
07/26/2003 00:30:00,0,30,23.8,
07/26/2003 00:45:00,0,45,23.5,
07/26/2003 01:00:00,1,0,23.5,
07/26/2003 01:15:00,1,15,23.4,
07/26/2003 01:30:00,1,30,23.4,
07/26/2003 01:45:00,1,45,23.4,
07/26/2003 02:00:00,2,0,23.7,
07/26/2003 02:15:00,2,15,23.9,
07/26/2003 02:30:00,2,30,24,
07/26/2003 02:45:00,2,45,24,
07/26/2003 03:00:00,3,0,24,
07/26/2003 03:15:00,3,15,24,
07/26/2003 03:30:00,3,30,24,
07/26/2003 03:45:00,3,45,23.9,
07/26/2003 04:00:00,4,0,25.1,
07/26/2003 04:15:00,4,15,26.7,
07/26/2003 04:30:00,4,30,27,
07/26/2003 04:45:00,4,45,26.8,
07/26/2003 05:00:00,5,0,26.8,
07/26/2003 05:15:00,5,15,26.6,
07/26/2003 05:30:00,5,30,26.6,
07/26/2003 05:45:00,5,45,26.5,
07/26/2003 06:00:00,6,0,26.7,
07/26/2003 06:15:00,6,15,27.6,
07/26/2003 06:30:00,6,30,26.7,
07/26/2003 06:45:00,6,45,25.5,
07/26/2003 07:00:00,7,0,25.5,
07/26/2003 07:15:00,7,15,25.6,
07/26/2003 07:30:00,7,30,25.9,
07/26/2003 07:45:00,7,45,26.1,
07/26/2003 08:00:00,8,0,26.5,
07/26/2003 08:15:00,8,15,26.9,
07/26/2003 08:30:00,8,30,27.2,
07/26/2003 08:45:00,8,45,27.6,
07/26/2003 09:00:00,9,0,28.4,
07/26/2003 09:15:00,9,15,30.6,
07/26/2003 09:30:00,9,30,31.7,
07/26/2003 09:45:00,9,45,32.3,
07/26/2003 10:00:00,10,0,33.2,
07/26/2003 10:15:00,10,15,34.2,
07/26/2003 10:30:00,10,30,34.5,
07/26/2003 10:45:00,10,45,34.5,
07/26/2003 11:00:00,11,0,35.4,
07/26/2003 11:15:00,11,15,34.9,
07/26/2003 11:30:00,11,30,35.5,
07/26/2003 11:45:00,11,45,36.5,
07/26/2003 12:00:00,12,0,38,
07/26/2003 12:15:00,12,15,39,
07/26/2003 12:30:00,12,30,39.2,
07/26/2003 12:45:00,12,45,40,
07/26/2003 13:00:00,13,0,40.5,
07/26/2003 13:15:00,13,15,41.2,
07/26/2003 13:30:00,13,30,40.5,
07/26/2003 13:45:00,13,45,40.9,
07/26/2003 14:00:00,14,0,41.2,
07/26/2003 14:15:00,14,15,41.3,
07/26/2003 14:30:00,14,30,41.3,
07/26/2003 14:45:00,14,45,41.3,
07/26/2003 15:00:00,15,0,41.3,
07/26/2003 15:15:00,15,15,42,
07/26/2003 15:30:00,15,30,42.3,
07/26/2003 15:45:00,15,45,42.2,
07/26/2003 16:00:00,16,0,42.1,
07/26/2003 16:15:00,16,15,42.2,
07/26/2003 16:30:00,16,30,39.3,
07/26/2003 16:45:00,16,45,36,
07/26/2003 17:00:00,17,0,34.4,
07/26/2003 17:15:00,17,15,36.2,
07/26/2003 17:30:00,17,30,37.6,
07/26/2003 17:45:00,17,45,38.6,
07/26/2003 18:00:00,18,0,38.6,
07/26/2003 18:15:00,18,15,38.2,
07/26/2003 18:30:00,18,30,37,
07/26/2003 18:45:00,18,45,35,
07/26/2003 19:00:00,19,0,32.7,
07/26/2003 19:15:00,19,15,33.3,
07/26/2003 19:30:00,19,30,34.3,
07/26/2003 19:45:00,19,45,34,
07/26/2003 20:00:00,20,0,33.1,
07/26/2003 20:15:00,20,15,32.4,
07/26/2003 20:30:00,20,30,32.6,
07/26/2003 20:45:00,20,45,33.1,
07/26/2003 21:00:00,21,0,33.9,
07/26/2003 21:15:00,21,15,34.1,
07/26/2003 21:30:00,21,30,34,
07/26/2003 21:45:00,21,45,33.4,
07/26/2003 22:00:00,22,0,32.8,
07/26/2003 22:15:00,22,15,32.4,
07/26/2003 22:30:00,22,30,31.4,
07/26/2003 22:45:00,22,45,30.8,
07/26/2003 23:00:00,23,0,30.5,
07/26/2003 23:15:00,23,15,29.9,
07/26/2003 23:30:00,23,30,27.8,
07/26/2003 23:45:00,23,45,25.4,
07/27/2003 00:00:00,0,0,24.6,
07/27/2003 00:15:00,0,15,24.1,
07/27/2003 00:30:00,0,30,23.8,
07/27/2003 00:45:00,0,45,23.5,
07/27/2003 01:00:00,1,0,23.2,
07/27/2003 01:15:00,1,15,22.9,
07/27/2003 01:30:00,1,30,22.7,
07/27/2003 01:45:00,1,45,22.4,
07/27/2003 02:00:00,2,0,22.2,
07/27/2003 02:15:00,2,15,22,
07/27/2003 02:30:00,2,30,21.8,
07/27/2003 02:45:00,2,45,21.6,
07/27/2003 03:00:00,3,0,21.4,
07/27/2003 03:15:00,3,15,21.4,
07/27/2003 03:30:00,3,30,21.4,
07/27/2003 03:45:00,3,45,21.3,
07/27/2003 04:00:00,4,0,21.2,
07/27/2003 04:15:00,4,15,23.4,
07/27/2003 04:30:00,4,30,24.5,
07/27/2003 04:45:00,4,45,24.8,
07/27/2003 05:00:00,5,0,24.5,
07/27/2003 05:15:00,5,15,24.4,
07/27/2003 05:30:00,5,30,24.3,
07/27/2003 05:45:00,5,45,24.3,
07/27/2003 06:00:00,6,0,24.6,
07/27/2003 06:15:00,6,15,22.3,
07/27/2003 06:30:00,6,30,22.2,
07/27/2003 06:45:00,6,45,22.6,
07/27/2003 07:00:00,7,0,22.9,
07/27/2003 07:15:00,7,15,23.3,
07/27/2003 07:30:00,7,30,23.6,
07/27/2003 07:45:00,7,45,24,
07/27/2003 08:00:00,8,0,24.5,
07/27/2003 08:15:00,8,15,25.2,
07/27/2003 08:30:00,8,30,25.6,
07/27/2003 08:45:00,8,45,25.5,
07/27/2003 09:00:00,9,0,25.9,
07/27/2003 09:15:00,9,15,27.5,
07/27/2003 09:30:00,9,30,30.6,
07/27/2003 09:45:00,9,45,31.8,
07/27/2003 10:00:00,10,0,32.2,
07/27/2003 10:15:00,10,15,32.7,
07/27/2003 10:30:00,10,30,34,
07/27/2003 10:45:00,10,45,34.5,
07/27/2003 11:00:00,11,0,35,
07/27/2003 11:15:00,11,15,35.3,
07/27/2003 11:30:00,11,30,36.5,
07/27/2003 11:45:00,11,45,37.5,
07/27/2003 12:00:00,12,0,38.4,
07/27/2003 12:15:00,12,15,39.1,
07/27/2003 12:30:00,12,30,39.3,
07/27/2003 12:45:00,12,45,38.8,
07/27/2003 13:00:00,13,0,40.4,
07/27/2003 13:15:00,13,15,39.5,
07/27/2003 13:30:00,13,30,39.6,
07/27/2003 13:45:00,13,45,41.6,
07/27/2003 14:00:00,14,0,40.3,
07/27/2003 14:15:00,14,15,41.3,
07/27/2003 14:30:00,14,30,41.8,
07/27/2003 14:45:00,14,45,42.6,
07/27/2003 15:00:00,15,0,41.4,
07/27/2003 15:15:00,15,15,39.3,
07/27/2003 15:30:00,15,30,40.9,
07/27/2003 15:45:00,15,45,42.5,
07/27/2003 16:00:00,16,0,43,
07/27/2003 16:15:00,16,15,42.8,
07/27/2003 16:30:00,16,30,42.5,
07/27/2003 16:45:00,16,45,41.8,
07/27/2003 17:00:00,17,0,40.4,
07/27/2003 17:15:00,17,15,41.2,
07/27/2003 17:30:00,17,30,41.4,
07/27/2003 17:45:00,17,45,40.5,
07/27/2003 18:00:00,18,0,40.3,
07/27/2003 18:15:00,18,15,39.6,
07/27/2003 18:30:00,18,30,37.8,
07/27/2003 18:45:00,18,45,37,
07/27/2003 19:00:00,19,0,36.7,
07/27/2003 19:15:00,19,15,36.2,
07/27/2003 19:30:00,19,30,35.1,
07/27/2003 19:45:00,19,45,35.6,
07/27/2003 20:00:00,20,0,35.2,
07/27/2003 20:15:00,20,15,34,
07/27/2003 20:30:00,20,30,32.2,
07/27/2003 20:45:00,20,45,31.4,
07/27/2003 21:00:00,21,0,31.7,
07/27/2003 21:15:00,21,15,31.3,
07/27/2003 21:30:00,21,30,30.9,
07/27/2003 21:45:00,21,45,30.3,
07/27/2003 22:00:00,22,0,28.9,
07/27/2003 22:15:00,22,15,26,
07/27/2003 22:30:00,22,30,25.3,
07/27/2003 22:45:00,22,45,24.8,
07/27/2003 23:00:00,23,0,24.3,
07/27/2003 23:15:00,23,15,23.6,
07/27/2003 23:30:00,23,30,23,
07/27/2003 23:45:00,23,45,22.4,
07/28/2003 00:00:00,0,0,21.7,
07/28/2003 00:15:00,0,15,21.1,
07/28/2003 00:30:00,0,30,20.8,
07/28/2003 00:45:00,0,45,20.4,
07/28/2003 01:00:00,1,0,20,
07/28/2003 01:15:00,1,15,19.7,
07/28/2003 01:30:00,1,30,19.4,
07/28/2003 01:45:00,1,45,19.2,
07/28/2003 02:00:00,2,0,18.9,
07/28/2003 02:15:00,2,15,18.7,
07/28/2003 02:30:00,2,30,18.5,
07/28/2003 02:45:00,2,45,18.4,
07/28/2003 03:00:00,3,0,18.3,
07/28/2003 03:15:00,3,15,18.1,
07/28/2003 03:30:00,3,30,17.8,
07/28/2003 03:45:00,3,45,17.5,
07/28/2003 04:00:00,4,0,17.3,
07/28/2003 04:15:00,4,15,17.7,
07/28/2003 04:30:00,4,30,20.1,
07/28/2003 04:45:00,4,45,20.9,
07/28/2003 05:00:00,5,0,21.4,
07/28/2003 05:15:00,5,15,21.7,
07/28/2003 05:30:00,5,30,22.1,
07/28/2003 05:45:00,5,45,22.2,
07/28/2003 06:00:00,6,0,19.4,
07/28/2003 06:15:00,6,15,19,
07/28/2003 06:30:00,6,30,19.7,
07/28/2003 06:45:00,6,45,20.1,
07/28/2003 07:00:00,7,0,20.5,
07/28/2003 07:15:00,7,15,20.8,
07/28/2003 07:30:00,7,30,21.1,
07/28/2003 07:45:00,7,45,21.3,
07/28/2003 08:00:00,8,0,21.6,
07/28/2003 08:15:00,8,15,22,
07/28/2003 08:30:00,8,30,22.3,
07/28/2003 08:45:00,8,45,22.3,
07/28/2003 09:00:00,9,0,22.7,
07/28/2003 09:15:00,9,15,22.9,
07/28/2003 09:30:00,9,30,24.8,
07/28/2003 09:45:00,9,45,28.6,
07/28/2003 10:00:00,10,0,31.1,
07/28/2003 10:15:00,10,15,32.7,
07/28/2003 10:30:00,10,30,33.5,
07/28/2003 10:45:00,10,45,34.3,
07/28/2003 11:00:00,11,0,35,
07/28/2003 11:15:00,11,15,35.7,
07/28/2003 11:30:00,11,30,36.8,
07/28/2003 11:45:00,11,45,38,
07/28/2003 12:00:00,12,0,38.8,
07/28/2003 12:15:00,12,15,39.4,
07/28/2003 12:30:00,12,30,37.8,
07/28/2003 12:45:00,12,45,39.5,
07/28/2003 13:00:00,13,0,39,
07/28/2003 13:15:00,13,15,37.4,
07/28/2003 13:30:00,13,30,38.5,
07/28/2003 13:45:00,13,45,40.6,
07/28/2003 14:00:00,14,0,36,
07/28/2003 14:15:00,14,15,29.6,
07/28/2003 14:30:00,14,30,29,
07/28/2003 14:45:00,14,45,29.4,
07/28/2003 15:00:00,15,0,30,
07/28/2003 15:15:00,15,15,32.1,
07/28/2003 15:30:00,15,30,35.8,
07/28/2003 15:45:00,15,45,37.6,
07/28/2003 16:00:00,16,0,36.3,
07/28/2003 16:15:00,16,15,34.8,
07/28/2003 16:30:00,16,30,34.4,
07/28/2003 16:45:00,16,45,32.8,
07/28/2003 17:00:00,17,0,32.1,
07/28/2003 17:15:00,17,15,33.1,
07/28/2003 17:30:00,17,30,35,
07/28/2003 17:45:00,17,45,35.2,
07/28/2003 18:00:00,18,0,34.6,
07/28/2003 18:15:00,18,15,33.8,
07/28/2003 18:30:00,18,30,30.5,
07/28/2003 18:45:00,18,45,28,
07/28/2003 19:00:00,19,0,26.9,
07/28/2003 19:15:00,19,15,28.1,
07/28/2003 19:30:00,19,30,29.5,
07/28/2003 19:45:00,19,45,30.8,
07/28/2003 20:00:00,20,0,31.6,
07/28/2003 20:15:00,20,15,30.9,
07/28/2003 20:30:00,20,30,30.1,
07/28/2003 20:45:00,20,45,29.7,
07/28/2003 21:00:00,21,0,30.6,
07/28/2003 21:15:00,21,15,30.5,
07/28/2003 21:30:00,21,30,30.3,
07/28/2003 21:45:00,21,45,30.2,
07/28/2003 22:00:00,22,0,30.1,
07/28/2003 22:15:00,22,15,29.5,
07/28/2003 22:30:00,22,30,28.6,
07/28/2003 22:45:00,22,45,28,
07/28/2003 23:00:00,23,0,27.6,
07/28/2003 23:15:00,23,15,26.5,
07/28/2003 23:30:00,23,30,23.3,
07/28/2003 23:45:00,23,45,22.3,
07/29/2003 00:00:00,0,0,21.6,
07/29/2003 00:15:00,0,15,20.9,
07/29/2003 00:30:00,0,30,20.6,
07/29/2003 00:45:00,0,45,20.5,
07/29/2003 01:00:00,1,0,20.4,
07/29/2003 01:15:00,1,15,20.2,
07/29/2003 01:30:00,1,30,20,
07/29/2003 01:45:00,1,45,19.7,
07/29/2003 02:00:00,2,0,19.6,
07/29/2003 02:15:00,2,15,19.5,
07/29/2003 02:30:00,2,30,19.3,
07/29/2003 02:45:00,2,45,19.1,
07/29/2003 03:00:00,3,0,19.1,
07/29/2003 03:15:00,3,15,19,
07/29/2003 03:30:00,3,30,19,
07/29/2003 03:45:00,3,45,19,
07/29/2003 04:00:00,4,0,19.1,
07/29/2003 04:15:00,4,15,19.1,
07/29/2003 04:30:00,4,30,19.1,
07/29/2003 04:45:00,4,45,20.8,
07/29/2003 05:00:00,5,0,22.9,
07/29/2003 05:15:00,5,15,23.5,
07/29/2003 05:30:00,5,30,23.7,
07/29/2003 05:45:00,5,45,24,
07/29/2003 06:00:00,6,0,24.4,
07/29/2003 06:15:00,6,15,24.8,
07/29/2003 06:30:00,6,30,25.5,
07/29/2003 06:45:00,6,45,25.8,
07/29/2003 07:00:00,7,0,25.5,
07/29/2003 07:15:00,7,15,23.5,
07/29/2003 07:30:00,7,30,23.1,
07/29/2003 07:45:00,7,45,23.1,
07/29/2003 08:00:00,8,0,23.3,
07/29/2003 08:15:00,8,15,23.5,
07/29/2003 08:30:00,8,30,23.8,
07/29/2003 08:45:00,8,45,24.2,
07/29/2003 09:00:00,9,0,24.7,
07/29/2003 09:15:00,9,15,25.1,
07/29/2003 09:30:00,9,30,25.8,
07/29/2003 09:45:00,9,45,27.1,
07/29/2003 10:00:00,10,0,29.2,
07/29/2003 10:15:00,10,15,32.4,
07/29/2003 10:30:00,10,30,33.6,
07/29/2003 10:45:00,10,45,34.6,
07/29/2003 11:00:00,11,0,34.9,
07/29/2003 11:15:00,11,15,35,
07/29/2003 11:30:00,11,30,35.2,
07/29/2003 11:45:00,11,45,35.8,
07/29/2003 12:00:00,12,0,36.5,
07/29/2003 12:15:00,12,15,37.3,
07/29/2003 12:30:00,12,30,38.2,
07/29/2003 12:45:00,12,45,38.9,
07/29/2003 13:00:00,13,0,39.3,
07/29/2003 13:15:00,13,15,39.8,
07/29/2003 13:30:00,13,30,40.2,
07/29/2003 13:45:00,13,45,40.6,
07/29/2003 14:00:00,14,0,40.9,
07/29/2003 14:15:00,14,15,41.1,
07/29/2003 14:30:00,14,30,41.2,
07/29/2003 14:45:00,14,45,41.2,
07/29/2003 15:00:00,15,0,41.2,
07/29/2003 15:15:00,15,15,41.3,
07/29/2003 15:30:00,15,30,41,
07/29/2003 15:45:00,15,45,40.8,
07/29/2003 16:00:00,16,0,40.7,
07/29/2003 16:15:00,16,15,40.6,
07/29/2003 16:30:00,16,30,40.5,
07/29/2003 16:45:00,16,45,40.3,
07/29/2003 17:00:00,17,0,40.1,
07/29/2003 17:15:00,17,15,39.6,
07/29/2003 17:30:00,17,30,39.3,
07/29/2003 17:45:00,17,45,38.6,
07/29/2003 18:00:00,18,0,38.1,
07/29/2003 18:15:00,18,15,37.4,
07/29/2003 18:30:00,18,30,36.3,
07/29/2003 18:45:00,18,45,35.1,
07/29/2003 19:00:00,19,0,34.4,
07/29/2003 19:15:00,19,15,33.8,
07/29/2003 19:30:00,19,30,34.4,
07/29/2003 19:45:00,19,45,34.7,
07/29/2003 20:00:00,20,0,31.9,
07/29/2003 20:15:00,20,15,30.3,
07/29/2003 20:30:00,20,30,29.8,
07/29/2003 20:45:00,20,45,30.1,
07/29/2003 21:00:00,21,0,30.7,
07/29/2003 21:15:00,21,15,30,
07/29/2003 21:30:00,21,30,29.5,
07/29/2003 21:45:00,21,45,29,
07/29/2003 22:00:00,22,0,28.8,
07/29/2003 22:15:00,22,15,28.7,
07/29/2003 22:30:00,22,30,28.5,
07/29/2003 22:45:00,22,45,28.1,
07/29/2003 23:00:00,23,0,25.4,
07/29/2003 23:15:00,23,15,23.6,
07/29/2003 23:30:00,23,30,23,
07/29/2003 23:45:00,23,45,22.5,
07/30/2003 00:00:00,0,0,22.3,
07/30/2003 00:15:00,0,15,22.3,
07/30/2003 00:30:00,0,30,22.2,
07/30/2003 00:45:00,0,45,22.2,
07/30/2003 01:00:00,1,0,22.2,
07/30/2003 01:15:00,1,15,22.2,
07/30/2003 01:30:00,1,30,22.1,
07/30/2003 01:45:00,1,45,22.2,
07/30/2003 02:00:00,2,0,22.2,
07/30/2003 02:15:00,2,15,22.2,
07/30/2003 02:30:00,2,30,22.1,
07/30/2003 02:45:00,2,45,21.5,
07/30/2003 03:00:00,3,0,21.3,
07/30/2003 03:15:00,3,15,21.8,
07/30/2003 03:30:00,3,30,23.5,
07/30/2003 03:45:00,3,45,23.7,
07/30/2003 04:00:00,4,0,23.7,
07/30/2003 04:15:00,4,15,23.8,
07/30/2003 04:30:00,4,30,24.1,
07/30/2003 04:45:00,4,45,24.6,
07/30/2003 05:00:00,5,0,24.1,
07/30/2003 05:15:00,5,15,24.2,
07/30/2003 05:30:00,5,30,23,
07/30/2003 05:45:00,5,45,21.1,
07/30/2003 06:00:00,6,0,21,
07/30/2003 06:15:00,6,15,21.6,
07/30/2003 06:30:00,6,30,22.4,
07/30/2003 06:45:00,6,45,22.3,
07/30/2003 07:00:00,7,0,22.5,
07/30/2003 07:15:00,7,15,22.6,
07/30/2003 07:30:00,7,30,22.9,
07/30/2003 07:45:00,7,45,23.1,
07/30/2003 08:00:00,8,0,23.4,
07/30/2003 08:15:00,8,15,23.9,
07/30/2003 08:30:00,8,30,24.7,
07/30/2003 08:45:00,8,45,24.8,
07/30/2003 09:00:00,9,0,26.1,
07/30/2003 09:15:00,9,15,27.8,
07/30/2003 09:30:00,9,30,28.1,
07/30/2003 09:45:00,9,45,28.7,
07/30/2003 10:00:00,10,0,28.5,
07/30/2003 10:15:00,10,15,28.2,
07/30/2003 10:30:00,10,30,27.4,
07/30/2003 10:45:00,10,45,26.7,
07/30/2003 11:00:00,11,0,26.9,
07/30/2003 11:15:00,11,15,26.8,
07/30/2003 11:30:00,11,30,26.2,
07/30/2003 11:45:00,11,45,26.5,
07/30/2003 12:00:00,12,0,26.9,
07/30/2003 12:15:00,12,15,26.8,
07/30/2003 12:30:00,12,30,27,
07/30/2003 12:45:00,12,45,26.8,
07/30/2003 13:00:00,13,0,26.2,
07/30/2003 13:15:00,13,15,27.9,
07/30/2003 13:30:00,13,30,29.9,
07/30/2003 13:45:00,13,45,29.4,
07/30/2003 14:00:00,14,0,29.4,
07/30/2003 14:15:00,14,15,29.3,
07/30/2003 14:30:00,14,30,28.9,
07/30/2003 14:45:00,14,45,27.2,
07/30/2003 15:00:00,15,0,26.5,
07/30/2003 15:15:00,15,15,27.1,
07/30/2003 15:30:00,15,30,28.4,
07/30/2003 15:45:00,15,45,28.6,
07/30/2003 16:00:00,16,0,28.6,
07/30/2003 16:15:00,16,15,28.3,
07/30/2003 16:30:00,16,30,28.6,
07/30/2003 16:45:00,16,45,29.2,
07/30/2003 17:00:00,17,0,28.9,
07/30/2003 17:15:00,17,15,28.2,
07/30/2003 17:30:00,17,30,27.9,
07/30/2003 17:45:00,17,45,28,
07/30/2003 18:00:00,18,0,27.9,
07/30/2003 18:15:00,18,15,27.8,
07/30/2003 18:30:00,18,30,27.5,
07/30/2003 18:45:00,18,45,27.4,
07/30/2003 19:00:00,19,0,27.2,
07/30/2003 19:15:00,19,15,27.2,
07/30/2003 19:30:00,19,30,26.3,
07/30/2003 19:45:00,19,45,25.9,
07/30/2003 20:00:00,20,0,25.5,
07/30/2003 20:15:00,20,15,25.2,
07/30/2003 20:30:00,20,30,24.8,
07/30/2003 20:45:00,20,45,24.7,
07/30/2003 21:00:00,21,0,24.8,
07/30/2003 21:15:00,21,15,24.8,
07/30/2003 21:30:00,21,30,24.7,
07/30/2003 21:45:00,21,45,24.6,
07/30/2003 22:00:00,22,0,24.6,
07/30/2003 22:15:00,22,15,24.1,
07/30/2003 22:30:00,22,30,23.2,
07/30/2003 22:45:00,22,45,22.5,
07/30/2003 23:00:00,23,0,22.5,
07/30/2003 23:15:00,23,15,24.6,
07/30/2003 23:30:00,23,30,25,
07/30/2003 23:45:00,23,45,24.9,
07/31/2003 00:00:00,0,0,24.8,
07/31/2003 00:15:00,0,15,24.8,
07/31/2003 00:30:00,0,30,24.7,
07/31/2003 00:45:00,0,45,24.5,
07/31/2003 01:00:00,1,0,24.4,
07/31/2003 01:15:00,1,15,24.3,
07/31/2003 01:30:00,1,30,23.1,
07/31/2003 01:45:00,1,45,19.9,
07/31/2003 02:00:00,2,0,19.2,
07/31/2003 02:15:00,2,15,19.1,
07/31/2003 02:30:00,2,30,19.2,
07/31/2003 02:45:00,2,45,19.1,
07/31/2003 03:00:00,3,0,19.1,
07/31/2003 03:15:00,3,15,19,
07/31/2003 03:30:00,3,30,19,
07/31/2003 03:45:00,3,45,19,
07/31/2003 04:00:00,4,0,18.9,
07/31/2003 04:15:00,4,15,18.9,
07/31/2003 04:30:00,4,30,18.9,
07/31/2003 04:45:00,4,45,19.1,
07/31/2003 05:00:00,5,0,19.3,
07/31/2003 05:15:00,5,15,19.8,
07/31/2003 05:30:00,5,30,20.1,
07/31/2003 05:45:00,5,45,20.2,
07/31/2003 06:00:00,6,0,20.3,
07/31/2003 06:15:00,6,15,20.7,
07/31/2003 06:30:00,6,30,21.5,
07/31/2003 06:45:00,6,45,22.4,
07/31/2003 07:00:00,7,0,24.4,
07/31/2003 07:15:00,7,15,25.2,
07/31/2003 07:30:00,7,30,25.7,
07/31/2003 07:45:00,7,45,26,
07/31/2003 08:00:00,8,0,26.1,
07/31/2003 08:15:00,8,15,26.4,
07/31/2003 08:30:00,8,30,26.7,
07/31/2003 08:45:00,8,45,26.9,
07/31/2003 09:00:00,9,0,27.1,
07/31/2003 09:15:00,9,15,27.5,
07/31/2003 09:30:00,9,30,27.9,
07/31/2003 09:45:00,9,45,26,
07/31/2003 10:00:00,10,0,25,
07/31/2003 10:15:00,10,15,24.7,
07/31/2003 10:30:00,10,30,24.2,
07/31/2003 10:45:00,10,45,23.7,
07/31/2003 11:00:00,11,0,23.6,
07/31/2003 11:15:00,11,15,23.7,
07/31/2003 11:30:00,11,30,23.9,
07/31/2003 11:45:00,11,45,24.3,
07/31/2003 12:00:00,12,0,24.6,
07/31/2003 12:15:00,12,15,25.5,
07/31/2003 12:30:00,12,30,26,
07/31/2003 12:45:00,12,45,27.1,
07/31/2003 13:00:00,13,0,29.2,
07/31/2003 13:15:00,13,15,29.8,
07/31/2003 13:30:00,13,30,30.3,
07/31/2003 13:45:00,13,45,30.2,
07/31/2003 14:00:00,14,0,30.1,
07/31/2003 14:15:00,14,15,30.3,
07/31/2003 14:30:00,14,30,30.2,
07/31/2003 14:45:00,14,45,30.4,
07/31/2003 15:00:00,15,0,30.7,
07/31/2003 15:15:00,15,15,31.1,
07/31/2003 15:30:00,15,30,32.3,
07/31/2003 15:45:00,15,45,32.8,
07/31/2003 16:00:00,16,0,32.3,
07/31/2003 16:15:00,16,15,31.7,
07/31/2003 16:30:00,16,30,31.2,
07/31/2003 16:45:00,16,45,30.5,
07/31/2003 17:00:00,17,0,29.9,
07/31/2003 17:15:00,17,15,29.9,
07/31/2003 17:30:00,17,30,29.6,
07/31/2003 17:45:00,17,45,30,
07/31/2003 18:00:00,18,0,29.6,
07/31/2003 18:15:00,18,15,29,
07/31/2003 18:30:00,18,30,29.4,
07/31/2003 18:45:00,18,45,30.3,
07/31/2003 19:00:00,19,0,29.5,
07/31/2003 19:15:00,19,15,27.1,
07/31/2003 19:30:00,19,30,27.2,
07/31/2003 19:45:00,19,45,26.7,
07/31/2003 20:00:00,20,0,26.4,
07/31/2003 20:15:00,20,15,26.2,
07/31/2003 20:30:00,20,30,26.2,
07/31/2003 20:45:00,20,45,26.2,
07/31/2003 21:00:00,21,0,26.1,
07/31/2003 21:15:00,21,15,25.8,
07/31/2003 21:30:00,21,30,25.6,
07/31/2003 21:45:00,21,45,25.4,
07/31/2003 22:00:00,22,0,25.3,
07/31/2003 22:15:00,22,15,24.7,
07/31/2003 22:30:00,22,30,24.1,
07/31/2003 22:45:00,22,45,25.8,
07/31/2003 23:00:00,23,0,26.3,
07/31/2003 23:15:00,23,15,26.1,
07/31/2003 23:30:00,23,30,25.8,
07/31/2003 23:45:00,23,45,25.4,
08/01/2003 00:00:00,0,0,25.4,
08/01/2003 00:15:00,0,15,25.1,
08/01/2003 00:30:00,0,30,24.8,
08/01/2003 00:45:00,0,45,24.6,
08/01/2003 01:00:00,1,0,21.8,
08/01/2003 01:15:00,1,15,20.6,
08/01/2003 01:30:00,1,30,20.2,
08/01/2003 01:45:00,1,45,20,
08/01/2003 02:00:00,2,0,19.8,
08/01/2003 02:15:00,2,15,19.7,
08/01/2003 02:30:00,2,30,19.7,
08/01/2003 02:45:00,2,45,19.6,
08/01/2003 03:00:00,3,0,19.6,
08/01/2003 03:15:00,3,15,19.5,
08/01/2003 03:30:00,3,30,19.3,
08/01/2003 03:45:00,3,45,19.2,
08/01/2003 04:00:00,4,0,19,
08/01/2003 04:15:00,4,15,18.9,
08/01/2003 04:30:00,4,30,18.8,
08/01/2003 04:45:00,4,45,19,
08/01/2003 05:00:00,5,0,19.2,
08/01/2003 05:15:00,5,15,19.6,
08/01/2003 05:30:00,5,30,19.9,
08/01/2003 05:45:00,5,45,20,
08/01/2003 06:00:00,6,0,21.1,
08/01/2003 06:15:00,6,15,23.4,
08/01/2003 06:30:00,6,30,24.7,
08/01/2003 06:45:00,6,45,25.3,
08/01/2003 07:00:00,7,0,25.6,
08/01/2003 07:15:00,7,15,25.8,
08/01/2003 07:30:00,7,30,26,
08/01/2003 07:45:00,7,45,26.3,
08/01/2003 08:00:00,8,0,26.3,
08/01/2003 08:15:00,8,15,26.3,
08/01/2003 08:30:00,8,30,26.8,
08/01/2003 08:45:00,8,45,26.1,
08/01/2003 09:00:00,9,0,25.1,
08/01/2003 09:15:00,9,15,25.2,
08/01/2003 09:30:00,9,30,25.2,
08/01/2003 09:45:00,9,45,25,
08/01/2003 10:00:00,10,0,25.1,
08/01/2003 10:15:00,10,15,25.2,
08/01/2003 10:30:00,10,30,25.3,
08/01/2003 10:45:00,10,45,25.4,
08/01/2003 11:00:00,11,0,25.8,
08/01/2003 11:15:00,11,15,25.7,
08/01/2003 11:30:00,11,30,25.8,
08/01/2003 11:45:00,11,45,28,
08/01/2003 12:00:00,12,0,29.1,
08/01/2003 12:15:00,12,15,29.9,
08/01/2003 12:30:00,12,30,30.9,
08/01/2003 12:45:00,12,45,32.3,
08/01/2003 13:00:00,13,0,30.9,
08/01/2003 13:15:00,13,15,30.6,
08/01/2003 13:30:00,13,30,30.4,
08/01/2003 13:45:00,13,45,31,
08/01/2003 14:00:00,14,0,30.8,
08/01/2003 14:15:00,14,15,30.5,
08/01/2003 14:30:00,14,30,31.4,
08/01/2003 14:45:00,14,45,32.1,
08/01/2003 15:00:00,15,0,33.1,
08/01/2003 15:15:00,15,15,34.1,
08/01/2003 15:30:00,15,30,35.6,
08/01/2003 15:45:00,15,45,37.5,
08/01/2003 16:00:00,16,0,37.6,
08/01/2003 16:15:00,16,15,37.8,
08/01/2003 16:30:00,16,30,37.5,
08/01/2003 16:45:00,16,45,37.5,
08/01/2003 17:00:00,17,0,37.1,
08/01/2003 17:15:00,17,15,36.9,
08/01/2003 17:30:00,17,30,37,
08/01/2003 17:45:00,17,45,36.8,
08/01/2003 18:00:00,18,0,36.3,
08/01/2003 18:15:00,18,15,35.9,
08/01/2003 18:30:00,18,30,35,
08/01/2003 18:45:00,18,45,34.1,
08/01/2003 19:00:00,19,0,31.7,
08/01/2003 19:15:00,19,15,30.6,
08/01/2003 19:30:00,19,30,31,
08/01/2003 19:45:00,19,45,30.9,
08/01/2003 20:00:00,20,0,30.2,
08/01/2003 20:15:00,20,15,30.6,
08/01/2003 20:30:00,20,30,30,
08/01/2003 20:45:00,20,45,30.5,
08/01/2003 21:00:00,21,0,30.1,
08/01/2003 21:15:00,21,15,27.3,
08/01/2003 21:30:00,21,30,26.6,
08/01/2003 21:45:00,21,45,26.4,
08/01/2003 22:00:00,22,0,26.3,
08/01/2003 22:15:00,22,15,25.7,
08/01/2003 22:30:00,22,30,24.8,
08/01/2003 22:45:00,22,45,24.2,
08/01/2003 23:00:00,23,0,23.9,
08/01/2003 23:15:00,23,15,23.5,
08/01/2003 23:30:00,23,30,22.9,
08/01/2003 23:45:00,23,45,22.2,
08/02/2003 00:00:00,0,0,21.5,
08/02/2003 00:15:00,0,15,21.1,
08/02/2003 00:30:00,0,30,20.8,
08/02/2003 00:45:00,0,45,20.5,
08/02/2003 01:00:00,1,0,21,
08/02/2003 01:15:00,1,15,23.5,
08/02/2003 01:30:00,1,30,24.3,
08/02/2003 01:45:00,1,45,24.5,
08/02/2003 02:00:00,2,0,24.5,
08/02/2003 02:15:00,2,15,24.4,
08/02/2003 02:30:00,2,30,24.3,
08/02/2003 02:45:00,2,45,24.3,
08/02/2003 03:00:00,3,0,24.2,
08/02/2003 03:15:00,3,15,22.6,
08/02/2003 03:30:00,3,30,20.3,
08/02/2003 03:45:00,3,45,19.9,
08/02/2003 04:00:00,4,0,19.7,
08/02/2003 04:15:00,4,15,19.6,
08/02/2003 04:30:00,4,30,19.5,
08/02/2003 04:45:00,4,45,19.6,
08/02/2003 05:00:00,5,0,19.7,
08/02/2003 05:15:00,5,15,20,
08/02/2003 05:30:00,5,30,20.4,
08/02/2003 05:45:00,5,45,20.5,
08/02/2003 06:00:00,6,0,20.7,
08/02/2003 06:15:00,6,15,21.3,
08/02/2003 06:30:00,6,30,22.2,
08/02/2003 06:45:00,6,45,22.3,
08/02/2003 07:00:00,7,0,22.3,
08/02/2003 07:15:00,7,15,22.4,
08/02/2003 07:30:00,7,30,24,
08/02/2003 07:45:00,7,45,25.4,
08/02/2003 08:00:00,8,0,25.8,
08/02/2003 08:15:00,8,15,25.8,
08/02/2003 08:30:00,8,30,26.1,
08/02/2003 08:45:00,8,45,26.4,
08/02/2003 09:00:00,9,0,26.8,
08/02/2003 09:15:00,9,15,27.4,
08/02/2003 09:30:00,9,30,28.1,
08/02/2003 09:45:00,9,45,28.5,
08/02/2003 10:00:00,10,0,28.7,
08/02/2003 10:15:00,10,15,29.7,
08/02/2003 10:30:00,10,30,30.3,
08/02/2003 10:45:00,10,45,30.4,
08/02/2003 11:00:00,11,0,30.6,
08/02/2003 11:15:00,11,15,31,
08/02/2003 11:30:00,11,30,30.2,
08/02/2003 11:45:00,11,45,28.5,
08/02/2003 12:00:00,12,0,28.7,
08/02/2003 12:15:00,12,15,29.3,
08/02/2003 12:30:00,12,30,29.2,
08/02/2003 12:45:00,12,45,28.8,
08/02/2003 13:00:00,13,0,28.5,
08/02/2003 13:15:00,13,15,27.9,
08/02/2003 13:30:00,13,30,27.7,
08/02/2003 13:45:00,13,45,27.6,
08/02/2003 14:00:00,14,0,29.7,
08/02/2003 14:15:00,14,15,31.7,
08/02/2003 14:30:00,14,30,31.7,
08/02/2003 14:45:00,14,45,31.7,
08/02/2003 15:00:00,15,0,32.2,
08/02/2003 15:15:00,15,15,33.5,
08/02/2003 15:30:00,15,30,33.3,
08/02/2003 15:45:00,15,45,33.2,
08/02/2003 16:00:00,16,0,33.5,
08/02/2003 16:15:00,16,15,33.6,
08/02/2003 16:30:00,16,30,34.2,
08/02/2003 16:45:00,16,45,35.3,
08/02/2003 17:00:00,17,0,36,
08/02/2003 17:15:00,17,15,35.9,
08/02/2003 17:30:00,17,30,35.8,
08/02/2003 17:45:00,17,45,35.8,
08/02/2003 18:00:00,18,0,35.8,
08/02/2003 18:15:00,18,15,35.2,
08/02/2003 18:30:00,18,30,34.8,
08/02/2003 18:45:00,18,45,34.6,
08/02/2003 19:00:00,19,0,35,
08/02/2003 19:15:00,19,15,35,
08/02/2003 19:30:00,19,30,33.7,
08/02/2003 19:45:00,19,45,31.8,
08/02/2003 20:00:00,20,0,31.5,
08/02/2003 20:15:00,20,15,30.8,
08/02/2003 20:30:00,20,30,29.7,
08/02/2003 20:45:00,20,45,30,
08/02/2003 21:00:00,21,0,29.4,
08/02/2003 21:15:00,21,15,28.5,
08/02/2003 21:30:00,21,30,25.4,
08/02/2003 21:45:00,21,45,24.4,
08/02/2003 22:00:00,22,0,23.9,
08/02/2003 22:15:00,22,15,23.5,
08/02/2003 22:30:00,22,30,23.2,
08/02/2003 22:45:00,22,45,22.9,
08/02/2003 23:00:00,23,0,22.6,
08/02/2003 23:15:00,23,15,22.3,
08/02/2003 23:30:00,23,30,21.8,
08/02/2003 23:45:00,23,45,21.3,
08/03/2003 00:00:00,0,0,20.7,
08/03/2003 00:15:00,0,15,,
08/03/2003 00:30:00,0,30,,
08/03/2003 00:45:00,0,45,,
08/03/2003 01:00:00,1,0,,
08/03/2003 01:15:00,1,15,19.2,
08/03/2003 01:30:00,1,30,19,
08/03/2003 01:45:00,1,45,18.9,
08/03/2003 02:00:00,2,0,18.8,
08/03/2003 02:15:00,2,15,21.1,
08/03/2003 02:30:00,2,30,22.1,
08/03/2003 02:45:00,2,45,23,
08/03/2003 03:00:00,3,0,23.5,
08/03/2003 03:15:00,3,15,23.7,
08/03/2003 03:30:00,3,30,23.8,
08/03/2003 03:45:00,3,45,23.9,
08/03/2003 04:00:00,4,0,23.9,
08/03/2003 04:15:00,4,15,21.7,
08/03/2003 04:30:00,4,30,19.8,
08/03/2003 04:45:00,4,45,19.4,
08/03/2003 05:00:00,5,0,19.6,
08/03/2003 05:15:00,5,15,20.1,
08/03/2003 05:30:00,5,30,20.4,
08/03/2003 05:45:00,5,45,20.6,
08/03/2003 06:00:00,6,0,20.7,
08/03/2003 06:15:00,6,15,21.1,
08/03/2003 06:30:00,6,30,21.9,
08/03/2003 06:45:00,6,45,22.3,
08/03/2003 07:00:00,7,0,22.4,
08/03/2003 07:15:00,7,15,22.2,
08/03/2003 07:30:00,7,30,22.5,
08/03/2003 07:45:00,7,45,22.9,
08/03/2003 08:00:00,8,0,23.5,
08/03/2003 08:15:00,8,15,25.9,
08/03/2003 08:30:00,8,30,27,
08/03/2003 08:45:00,8,45,27.4,
08/03/2003 09:00:00,9,0,27.8,
08/03/2003 09:15:00,9,15,28.1,
08/03/2003 09:30:00,9,30,28.4,
08/03/2003 09:45:00,9,45,28.8,
08/03/2003 10:00:00,10,0,29.4,
08/03/2003 10:15:00,10,15,30.5,
08/03/2003 10:30:00,10,30,31,
08/03/2003 10:45:00,10,45,31.2,
08/03/2003 11:00:00,11,0,31.3,
08/03/2003 11:15:00,11,15,31.2,
08/03/2003 11:30:00,11,30,31,
08/03/2003 11:45:00,11,45,32.3,
08/03/2003 12:00:00,12,0,33.4,
08/03/2003 12:15:00,12,15,35.2,
08/03/2003 12:30:00,12,30,36.9,
08/03/2003 12:45:00,12,45,38.1,
08/03/2003 13:00:00,13,0,38.8,
08/03/2003 13:15:00,13,15,39.5,
08/03/2003 13:30:00,13,30,39.9,
08/03/2003 13:45:00,13,45,39.9,
08/03/2003 14:00:00,14,0,40.1,
08/03/2003 14:15:00,14,15,40.4,
08/03/2003 14:30:00,14,30,40.1,
08/03/2003 14:45:00,14,45,40.3,
08/03/2003 15:00:00,15,0,40.7,
08/03/2003 15:15:00,15,15,41.2,
08/03/2003 15:30:00,15,30,41.4,
08/03/2003 15:45:00,15,45,41.2,
08/03/2003 16:00:00,16,0,41.1,
08/03/2003 16:15:00,16,15,40.8,
08/03/2003 16:30:00,16,30,39.2,
08/03/2003 16:45:00,16,45,38.2,
08/03/2003 17:00:00,17,0,37.9,
08/03/2003 17:15:00,17,15,37.5,
08/03/2003 17:30:00,17,30,37.1,
08/03/2003 17:45:00,17,45,35.6,
08/03/2003 18:00:00,18,0,34.2,
08/03/2003 18:15:00,18,15,33.9,
08/03/2003 18:30:00,18,30,34.9,
08/03/2003 18:45:00,18,45,35.9,
08/03/2003 19:00:00,19,0,35.8,
08/03/2003 19:15:00,19,15,35.4,
08/03/2003 19:30:00,19,30,35.4,
08/03/2003 19:45:00,19,45,35.6,
08/03/2003 20:00:00,20,0,35.3,
08/03/2003 20:15:00,20,15,33.3,
08/03/2003 20:30:00,20,30,32.4,
08/03/2003 20:45:00,20,45,32.2,
08/03/2003 21:00:00,21,0,31.6,
08/03/2003 21:15:00,21,15,30.9,
08/03/2003 21:30:00,21,30,30.3,
08/03/2003 21:45:00,21,45,29.8,
08/03/2003 22:00:00,22,0,29.3,
08/03/2003 22:15:00,22,15,29.1,
08/03/2003 22:30:00,22,30,28.7,
08/03/2003 22:45:00,22,45,28.1,
08/03/2003 23:00:00,23,0,27.5,
08/03/2003 23:15:00,23,15,27.3,
08/03/2003 23:30:00,23,30,27.1,
08/03/2003 23:45:00,23,45,26.6,
08/04/2003 00:00:00,0,0,25.7,
08/04/2003 00:15:00,0,15,25.3,
08/04/2003 00:30:00,0,30,24.1,
08/04/2003 00:45:00,0,45,21.9,
08/04/2003 01:00:00,1,0,21.5,
08/04/2003 01:15:00,1,15,21.3,
08/04/2003 01:30:00,1,30,21.2,
08/04/2003 01:45:00,1,45,21.2,
08/04/2003 02:00:00,2,0,21,
08/04/2003 02:15:00,2,15,20.8,
08/04/2003 02:30:00,2,30,20.6,
08/04/2003 02:45:00,2,45,20.5,
08/04/2003 03:00:00,3,0,20.5,
08/04/2003 03:15:00,3,15,20.4,
08/04/2003 03:30:00,3,30,20.3,
08/04/2003 03:45:00,3,45,20.2,
08/04/2003 04:00:00,4,0,20.1,
08/04/2003 04:15:00,4,15,19.9,
08/04/2003 04:30:00,4,30,19.3,
08/04/2003 04:45:00,4,45,18.9,
08/04/2003 05:00:00,5,0,19,
08/04/2003 05:15:00,5,15,19.4,
08/04/2003 05:30:00,5,30,21.8,
08/04/2003 05:45:00,5,45,23.2,
08/04/2003 06:00:00,6,0,23.6,
08/04/2003 06:15:00,6,15,24,
08/04/2003 06:30:00,6,30,24.7,
08/04/2003 06:45:00,6,45,25,
08/04/2003 07:00:00,7,0,25.2,
08/04/2003 07:15:00,7,15,25.5,
08/04/2003 07:30:00,7,30,25.7,
08/04/2003 07:45:00,7,45,24.7,
08/04/2003 08:00:00,8,0,23.1,
08/04/2003 08:15:00,8,15,23.1,
08/04/2003 08:30:00,8,30,23.4,
08/04/2003 08:45:00,8,45,23.8,
08/04/2003 09:00:00,9,0,24.5,
08/04/2003 09:15:00,9,15,25.1,
08/04/2003 09:30:00,9,30,25.7,
08/04/2003 09:45:00,9,45,27.2,
08/04/2003 10:00:00,10,0,29.2,
08/04/2003 10:15:00,10,15,30.8,
08/04/2003 10:30:00,10,30,32.7,
08/04/2003 10:45:00,10,45,33.9,
08/04/2003 11:00:00,11,0,34.8,
08/04/2003 11:15:00,11,15,35.5,
08/04/2003 11:30:00,11,30,36.9,
08/04/2003 11:45:00,11,45,36.6,
08/04/2003 12:00:00,12,0,36.7,
08/04/2003 12:15:00,12,15,36.4,
08/04/2003 12:30:00,12,30,37.3,
08/04/2003 12:45:00,12,45,39.9,
08/04/2003 13:00:00,13,0,41.4,
08/04/2003 13:15:00,13,15,40.5,
08/04/2003 13:30:00,13,30,41.3,
08/04/2003 13:45:00,13,45,39.1,
08/04/2003 14:00:00,14,0,38.5,
08/04/2003 14:15:00,14,15,41.4,
08/04/2003 14:30:00,14,30,38.2,
08/04/2003 14:45:00,14,45,39.8,
08/04/2003 15:00:00,15,0,42.7,
08/04/2003 15:15:00,15,15,41.1,
08/04/2003 15:30:00,15,30,42,
08/04/2003 15:45:00,15,45,41.4,
08/04/2003 16:00:00,16,0,42.7,
08/04/2003 16:15:00,16,15,43,
08/04/2003 16:30:00,16,30,39.7,
08/04/2003 16:45:00,16,45,37.7,
08/04/2003 17:00:00,17,0,40,
08/04/2003 17:15:00,17,15,41.5,
08/04/2003 17:30:00,17,30,41.6,
08/04/2003 17:45:00,17,45,41.2,
08/04/2003 18:00:00,18,0,40.8,
08/04/2003 18:15:00,18,15,40.2,
08/04/2003 18:30:00,18,30,39.4,
08/04/2003 18:45:00,18,45,37.8,
08/04/2003 19:00:00,19,0,36.3,
08/04/2003 19:15:00,19,15,35.8,
08/04/2003 19:30:00,19,30,32.8,
08/04/2003 19:45:00,19,45,33,
08/04/2003 20:00:00,20,0,33.1,
08/04/2003 20:15:00,20,15,32.9,
08/04/2003 20:30:00,20,30,32.8,
08/04/2003 20:45:00,20,45,33.1,
08/04/2003 21:00:00,21,0,33.2,
08/04/2003 21:15:00,21,15,32.8,
08/04/2003 21:30:00,21,30,32.3,
08/04/2003 21:45:00,21,45,31.8,
08/04/2003 22:00:00,22,0,31.5,
08/04/2003 22:15:00,22,15,30.8,
08/04/2003 22:30:00,22,30,30.1,
08/04/2003 22:45:00,22,45,29.4,
08/04/2003 23:00:00,23,0,29.2,
08/04/2003 23:15:00,23,15,29,
08/04/2003 23:30:00,23,30,28.3,
08/04/2003 23:45:00,23,45,27.5,
08/05/2003 00:00:00,0,0,27,
08/05/2003 00:15:00,0,15,26.6,
08/05/2003 00:30:00,0,30,24.1,
08/05/2003 00:45:00,0,45,22.9,
08/05/2003 01:00:00,1,0,22.6,
08/05/2003 01:15:00,1,15,22.4,
08/05/2003 01:30:00,1,30,22.3,
08/05/2003 01:45:00,1,45,22.1,
08/05/2003 02:00:00,2,0,21.9,
08/05/2003 02:15:00,2,15,21.9,
08/05/2003 02:30:00,2,30,21.7,
08/05/2003 02:45:00,2,45,21.6,
08/05/2003 03:00:00,3,0,21.4,
08/05/2003 03:15:00,3,15,21.3,
08/05/2003 03:30:00,3,30,21.1,
08/05/2003 03:45:00,3,45,21,
08/05/2003 04:00:00,4,0,21,
08/05/2003 04:15:00,4,15,21,
08/05/2003 04:30:00,4,30,21.2,
08/05/2003 04:45:00,4,45,23.3,
08/05/2003 05:00:00,5,0,24,
08/05/2003 05:15:00,5,15,24.1,
08/05/2003 05:30:00,5,30,24.2,
08/05/2003 05:45:00,5,45,24.5,
08/05/2003 06:00:00,6,0,24.7,
08/05/2003 06:15:00,6,15,25,
08/05/2003 06:30:00,6,30,25.8,
08/05/2003 06:45:00,6,45,26.1,
08/05/2003 07:00:00,7,0,25.3,
08/05/2003 07:15:00,7,15,23.4,
08/05/2003 07:30:00,7,30,23.2,
08/05/2003 07:45:00,7,45,23.4,
08/05/2003 08:00:00,8,0,23.5,
08/05/2003 08:15:00,8,15,23.8,
08/05/2003 08:30:00,8,30,24.3,
08/05/2003 08:45:00,8,45,24.7,
08/05/2003 09:00:00,9,0,25.3,
08/05/2003 09:15:00,9,15,26.1,
08/05/2003 09:30:00,9,30,26.7,
08/05/2003 09:45:00,9,45,28.2,
08/05/2003 10:00:00,10,0,31.7,
08/05/2003 10:15:00,10,15,33.5,
08/05/2003 10:30:00,10,30,34.7,
08/05/2003 10:45:00,10,45,35.2,
08/05/2003 11:00:00,11,0,35.6,
08/05/2003 11:15:00,11,15,36.7,
08/05/2003 11:30:00,11,30,38.4,
08/05/2003 11:45:00,11,45,39.8,
08/05/2003 12:00:00,12,0,40.6,
08/05/2003 12:15:00,12,15,41.3,
08/05/2003 12:30:00,12,30,42.5,
08/05/2003 12:45:00,12,45,42.8,
08/05/2003 13:00:00,13,0,43.2,
08/05/2003 13:15:00,13,15,42.7,
08/05/2003 13:30:00,13,30,42.8,
08/05/2003 13:45:00,13,45,42.5,
08/05/2003 14:00:00,14,0,40.6,
08/05/2003 14:15:00,14,15,40,
08/05/2003 14:30:00,14,30,41,
08/05/2003 14:45:00,14,45,42.2,
08/05/2003 15:00:00,15,0,43,
08/05/2003 15:15:00,15,15,41.5,
08/05/2003 15:30:00,15,30,39.2,
08/05/2003 15:45:00,15,45,41.5,
08/05/2003 16:00:00,16,0,38.8,
08/05/2003 16:15:00,16,15,39.4,
08/05/2003 16:30:00,16,30,40,
08/05/2003 16:45:00,16,45,37,
08/05/2003 17:00:00,17,0,36.1,
08/05/2003 17:15:00,17,15,36.4,
08/05/2003 17:30:00,17,30,35.4,
08/05/2003 17:45:00,17,45,37.6,
08/05/2003 18:00:00,18,0,38.1,
08/05/2003 18:15:00,18,15,37,
08/05/2003 18:30:00,18,30,34.5,
08/05/2003 18:45:00,18,45,34,
08/05/2003 19:00:00,19,0,33.3,
08/05/2003 19:15:00,19,15,30.7,
08/05/2003 19:30:00,19,30,29.9,
08/05/2003 19:45:00,19,45,30.6,
08/05/2003 20:00:00,20,0,31.1,
08/05/2003 20:15:00,20,15,30.7,
08/05/2003 20:30:00,20,30,30.7,
08/05/2003 20:45:00,20,45,31.5,
08/05/2003 21:00:00,21,0,31.6,
08/05/2003 21:15:00,21,15,31.6,
08/05/2003 21:30:00,21,30,31.4,
08/05/2003 21:45:00,21,45,31.3,
08/05/2003 22:00:00,22,0,31.2,
08/05/2003 22:15:00,22,15,30.7,
08/05/2003 22:30:00,22,30,29.9,
08/05/2003 22:45:00,22,45,29.3,
08/05/2003 23:00:00,23,0,29,
08/05/2003 23:15:00,23,15,28.7,
08/05/2003 23:30:00,23,30,28.2,
08/05/2003 23:45:00,23,45,27.3,
08/06/2003 00:00:00,0,0,26.9,
08/06/2003 00:15:00,0,15,25.2,
08/06/2003 00:30:00,0,30,23.4,
08/06/2003 00:45:00,0,45,23.1,
08/06/2003 01:00:00,1,0,22.9,
08/06/2003 01:15:00,1,15,22.8,
08/06/2003 01:30:00,1,30,22.5,
08/06/2003 01:45:00,1,45,22.4,
08/06/2003 02:00:00,2,0,22.3,
08/06/2003 02:15:00,2,15,22.1,
08/06/2003 02:30:00,2,30,22.1,
08/06/2003 02:45:00,2,45,21.9,
08/06/2003 03:00:00,3,0,21.8,
08/06/2003 03:15:00,3,15,21.8,
08/06/2003 03:30:00,3,30,21.8,
08/06/2003 03:45:00,3,45,21.9,
08/06/2003 04:00:00,4,0,23.9,
08/06/2003 04:15:00,4,15,24.7,
08/06/2003 04:30:00,4,30,25.1,
08/06/2003 04:45:00,4,45,25.4,
08/06/2003 05:00:00,5,0,25.9,
08/06/2003 05:15:00,5,15,25.9,
08/06/2003 05:30:00,5,30,25.6,
08/06/2003 05:45:00,5,45,25.8,
08/06/2003 06:00:00,6,0,25.9,
08/06/2003 06:15:00,6,15,26.6,
08/06/2003 06:30:00,6,30,27.4,
08/06/2003 06:45:00,6,45,27.7,
08/06/2003 07:00:00,7,0,25.6,
08/06/2003 07:15:00,7,15,24.7,
08/06/2003 07:30:00,7,30,24.6,
08/06/2003 07:45:00,7,45,24.7,
08/06/2003 08:00:00,8,0,24.9,
08/06/2003 08:15:00,8,15,25.2,
08/06/2003 08:30:00,8,30,26.1,
08/06/2003 08:45:00,8,45,26.8,
08/06/2003 09:00:00,9,0,27.7,
08/06/2003 09:15:00,9,15,28.8,
08/06/2003 09:30:00,9,30,31.8,
08/06/2003 09:45:00,9,45,32.9,
08/06/2003 10:00:00,10,0,32.8,
08/06/2003 10:15:00,10,15,33.5,
08/06/2003 10:30:00,10,30,33.8,
08/06/2003 10:45:00,10,45,34.5,
08/06/2003 11:00:00,11,0,35.4,
08/06/2003 11:15:00,11,15,36.5,
08/06/2003 11:30:00,11,30,35.5,
08/06/2003 11:45:00,11,45,36,
08/06/2003 12:00:00,12,0,38,
08/06/2003 12:15:00,12,15,40.1,
08/06/2003 12:30:00,12,30,41.1,
08/06/2003 12:45:00,12,45,38.1,
08/06/2003 13:00:00,13,0,35.6,
08/06/2003 13:15:00,13,15,35.9,
08/06/2003 13:30:00,13,30,40,
08/06/2003 13:45:00,13,45,43.1,
08/06/2003 14:00:00,14,0,42.9,
08/06/2003 14:15:00,14,15,41.9,
08/06/2003 14:30:00,14,30,40,
08/06/2003 14:45:00,14,45,40.3,
08/06/2003 15:00:00,15,0,42.7,
08/06/2003 15:15:00,15,15,43.9,
08/06/2003 15:30:00,15,30,44.2,
08/06/2003 15:45:00,15,45,44.3,
08/06/2003 16:00:00,16,0,44.1,
08/06/2003 16:15:00,16,15,44.1,
08/06/2003 16:30:00,16,30,42.4,
08/06/2003 16:45:00,16,45,42,
08/06/2003 17:00:00,17,0,40.6,
08/06/2003 17:15:00,17,15,39.2,
08/06/2003 17:30:00,17,30,39.5,
08/06/2003 17:45:00,17,45,39.4,
08/06/2003 18:00:00,18,0,38.8,
08/06/2003 18:15:00,18,15,37.4,
08/06/2003 18:30:00,18,30,38.9,
08/06/2003 18:45:00,18,45,39.2,
08/06/2003 19:00:00,19,0,39.3,
08/06/2003 19:15:00,19,15,38,
08/06/2003 19:30:00,19,30,36.7,
08/06/2003 19:45:00,19,45,36.5,
08/06/2003 20:00:00,20,0,35.4,
08/06/2003 20:15:00,20,15,35.8,
08/06/2003 20:30:00,20,30,35.4,
08/06/2003 20:45:00,20,45,35.1,
08/06/2003 21:00:00,21,0,34.3,
08/06/2003 21:15:00,21,15,33.6,
08/06/2003 21:30:00,21,30,33,
08/06/2003 21:45:00,21,45,32.4,
08/06/2003 22:00:00,22,0,31.8,
08/06/2003 22:15:00,22,15,31.1,
08/06/2003 22:30:00,22,30,30.7,
08/06/2003 22:45:00,22,45,30.4,
08/06/2003 23:00:00,23,0,30.4,
08/06/2003 23:15:00,23,15,30.2,
08/06/2003 23:30:00,23,30,29.6,
08/06/2003 23:45:00,23,45,29.1,
08/07/2003 00:00:00,0,0,28.6,
08/07/2003 00:15:00,0,15,28.2,
08/07/2003 00:30:00,0,30,28,
08/07/2003 00:45:00,0,45,28,
08/07/2003 01:00:00,1,0,27.8,
08/07/2003 01:15:00,1,15,26.6,
08/07/2003 01:30:00,1,30,24.7,
08/07/2003 01:45:00,1,45,24.3,
08/07/2003 02:00:00,2,0,24,
08/07/2003 02:15:00,2,15,23.9,
08/07/2003 02:30:00,2,30,23.8,
08/07/2003 02:45:00,2,45,23.9,
08/07/2003 03:00:00,3,0,23.7,
08/07/2003 03:15:00,3,15,23.6,
08/07/2003 03:30:00,3,30,23.5,
08/07/2003 03:45:00,3,45,23.3,
08/07/2003 04:00:00,4,0,23.2,
08/07/2003 04:15:00,4,15,23.2,
08/07/2003 04:30:00,4,30,23.2,
08/07/2003 04:45:00,4,45,24.8,
08/07/2003 05:00:00,5,0,26.7,
08/07/2003 05:15:00,5,15,27.1,
08/07/2003 05:30:00,5,30,27,
08/07/2003 05:45:00,5,45,26.9,
08/07/2003 06:00:00,6,0,26.8,
08/07/2003 06:15:00,6,15,27,
08/07/2003 06:30:00,6,30,27.7,
08/07/2003 06:45:00,6,45,28.2,
08/07/2003 07:00:00,7,0,28.5,
08/07/2003 07:15:00,7,15,28.6,
08/07/2003 07:30:00,7,30,28.8,
08/07/2003 07:45:00,7,45,29.2,
08/07/2003 08:00:00,8,0,29.5,
08/07/2003 08:15:00,8,15,29.7,
08/07/2003 08:30:00,8,30,30,
08/07/2003 08:45:00,8,45,30.5,
08/07/2003 09:00:00,9,0,30.6,
08/07/2003 09:15:00,9,15,29.4,
08/07/2003 09:30:00,9,30,28.2,
08/07/2003 09:45:00,9,45,29.2,
08/07/2003 10:00:00,10,0,30.8,
08/07/2003 10:15:00,10,15,30.5,
08/07/2003 10:30:00,10,30,30.7,
08/07/2003 10:45:00,10,45,31.1,
08/07/2003 11:00:00,11,0,31.1,
08/07/2003 11:15:00,11,15,33.4,
08/07/2003 11:30:00,11,30,35.9,
08/07/2003 11:45:00,11,45,37.5,
08/07/2003 12:00:00,12,0,38.6,
08/07/2003 12:15:00,12,15,39.2,
08/07/2003 12:30:00,12,30,39.9,
08/07/2003 12:45:00,12,45,40.6,
08/07/2003 13:00:00,13,0,41.1,
08/07/2003 13:15:00,13,15,41.2,
08/07/2003 13:30:00,13,30,41.8,
08/07/2003 13:45:00,13,45,42.4,
08/07/2003 14:00:00,14,0,42.9,
08/07/2003 14:15:00,14,15,43,
08/07/2003 14:30:00,14,30,43.1,
08/07/2003 14:45:00,14,45,43.4,
08/07/2003 15:00:00,15,0,43.4,
08/07/2003 15:15:00,15,15,43.5,
08/07/2003 15:30:00,15,30,43.4,
08/07/2003 15:45:00,15,45,43.5,
08/07/2003 16:00:00,16,0,43.6,
08/07/2003 16:15:00,16,15,43.5,
08/07/2003 16:30:00,16,30,43.4,
08/07/2003 16:45:00,16,45,42.9,
08/07/2003 17:00:00,17,0,40.6,
08/07/2003 17:15:00,17,15,38.7,
08/07/2003 17:30:00,17,30,38.4,
08/07/2003 17:45:00,17,45,39.8,
08/07/2003 18:00:00,18,0,39.6,
08/07/2003 18:15:00,18,15,39.4,
08/07/2003 18:30:00,18,30,39.1,
08/07/2003 18:45:00,18,45,38.7,
08/07/2003 19:00:00,19,0,38.1,
08/07/2003 19:15:00,19,15,36.8,
08/07/2003 19:30:00,19,30,36.6,
08/07/2003 19:45:00,19,45,36.5,
08/07/2003 20:00:00,20,0,35.4,
08/07/2003 20:15:00,20,15,33.6,
08/07/2003 20:30:00,20,30,33.1,
08/07/2003 20:45:00,20,45,32.9,
08/07/2003 21:00:00,21,0,32.3,
08/07/2003 21:15:00,21,15,31.8,
08/07/2003 21:30:00,21,30,31.3,
08/07/2003 21:45:00,21,45,30.9,
08/07/2003 22:00:00,22,0,30.5,
08/07/2003 22:15:00,22,15,30.2,
08/07/2003 22:30:00,22,30,29.9,
08/07/2003 22:45:00,22,45,29.3,
08/07/2003 23:00:00,23,0,29.2,
08/07/2003 23:15:00,23,15,28.9,
08/07/2003 23:30:00,23,30,28.3,
08/07/2003 23:45:00,23,45,27.1,
08/08/2003 00:00:00,0,0,26.5,
08/08/2003 00:15:00,0,15,25.8,
08/08/2003 00:30:00,0,30,25.3,
08/08/2003 00:45:00,0,45,23.5,
08/08/2003 01:00:00,1,0,22.9,
08/08/2003 01:15:00,1,15,22.6,
08/08/2003 01:30:00,1,30,22.6,
08/08/2003 01:45:00,1,45,22.5,
08/08/2003 02:00:00,2,0,22.2,
08/08/2003 02:15:00,2,15,21.9,
08/08/2003 02:30:00,2,30,21.6,
08/08/2003 02:45:00,2,45,21.4,
08/08/2003 03:00:00,3,0,21.2,
08/08/2003 03:15:00,3,15,21.2,
08/08/2003 03:30:00,3,30,21,
08/08/2003 03:45:00,3,45,20.9,
08/08/2003 04:00:00,4,0,20.7,
08/08/2003 04:15:00,4,15,20.7,
08/08/2003 04:30:00,4,30,20.6,
08/08/2003 04:45:00,4,45,20.1,
08/08/2003 05:00:00,5,0,21,
08/08/2003 05:15:00,5,15,23,
08/08/2003 05:30:00,5,30,23.7,
08/08/2003 05:45:00,5,45,24.3,
08/08/2003 06:00:00,6,0,24.7,
08/08/2003 06:15:00,6,15,25,
08/08/2003 06:30:00,6,30,25.5,
08/08/2003 06:45:00,6,45,25.8,
08/08/2003 07:00:00,7,0,26,
08/08/2003 07:15:00,7,15,26,
08/08/2003 07:30:00,7,30,23.6,
08/08/2003 07:45:00,7,45,22.9,
08/08/2003 08:00:00,8,0,22.9,
08/08/2003 08:15:00,8,15,23.2,
08/08/2003 08:30:00,8,30,23.5,
08/08/2003 08:45:00,8,45,23.9,
08/08/2003 09:00:00,9,0,24.3,
08/08/2003 09:15:00,9,15,24.8,
08/08/2003 09:30:00,9,30,25.5,
08/08/2003 09:45:00,9,45,26.8,
08/08/2003 10:00:00,10,0,28.6,
08/08/2003 10:15:00,10,15,31.5,
08/08/2003 10:30:00,10,30,33.5,
08/08/2003 10:45:00,10,45,34.7,
08/08/2003 11:00:00,11,0,34.6,
08/08/2003 11:15:00,11,15,34.6,
08/08/2003 11:30:00,11,30,34.5,
08/08/2003 11:45:00,11,45,35.5,
08/08/2003 12:00:00,12,0,37.1,
08/08/2003 12:15:00,12,15,38.1,
08/08/2003 12:30:00,12,30,38.9,
08/08/2003 12:45:00,12,45,39.5,
08/08/2003 13:00:00,13,0,40.1,
08/08/2003 13:15:00,13,15,40.6,
08/08/2003 13:30:00,13,30,41,
08/08/2003 13:45:00,13,45,41.3,
08/08/2003 14:00:00,14,0,41.6,
08/08/2003 14:15:00,14,15,41.9,
08/08/2003 14:30:00,14,30,42.1,
08/08/2003 14:45:00,14,45,42.3,
08/08/2003 15:00:00,15,0,42.3,
08/08/2003 15:15:00,15,15,42.4,
08/08/2003 15:30:00,15,30,42.4,
08/08/2003 15:45:00,15,45,42.3,
08/08/2003 16:00:00,16,0,42.1,
08/08/2003 16:15:00,16,15,41.9,
08/08/2003 16:30:00,16,30,41.6,
08/08/2003 16:45:00,16,45,41.3,
08/08/2003 17:00:00,17,0,40.9,
08/08/2003 17:15:00,17,15,39.9,
08/08/2003 17:30:00,17,30,37.5,
08/08/2003 17:45:00,17,45,37,
08/08/2003 18:00:00,18,0,36.8,
08/08/2003 18:15:00,18,15,37,
08/08/2003 18:30:00,18,30,36.2,
08/08/2003 18:45:00,18,45,35.2,
08/08/2003 19:00:00,19,0,35.1,
08/08/2003 19:15:00,19,15,35.5,
08/08/2003 19:30:00,19,30,35.5,
08/08/2003 19:45:00,19,45,35.2,
08/08/2003 20:00:00,20,0,33.6,
08/08/2003 20:15:00,20,15,31.5,
08/08/2003 20:30:00,20,30,31.9,
08/08/2003 20:45:00,20,45,32.3,
08/08/2003 21:00:00,21,0,31.7,
08/08/2003 21:15:00,21,15,31.1,
08/08/2003 21:30:00,21,30,30.5,
08/08/2003 21:45:00,21,45,29.9,
08/08/2003 22:00:00,22,0,29.4,
08/08/2003 22:15:00,22,15,29,
08/08/2003 22:30:00,22,30,28.7,
08/08/2003 22:45:00,22,45,28.3,
08/08/2003 23:00:00,23,0,27.7,
08/08/2003 23:15:00,23,15,27.6,
08/08/2003 23:30:00,23,30,27.1,
08/08/2003 23:45:00,23,45,26.3,
08/09/2003 00:00:00,0,0,25.4,
08/09/2003 00:15:00,0,15,23.5,
08/09/2003 00:30:00,0,30,22.2,
08/09/2003 00:45:00,0,45,21.9,
08/09/2003 01:00:00,1,0,21.7,
08/09/2003 01:15:00,1,15,21.6,
08/09/2003 01:30:00,1,30,21.5,
08/09/2003 01:45:00,1,45,21.3,
08/09/2003 02:00:00,2,0,21.3,
08/09/2003 02:15:00,2,15,21.2,
08/09/2003 02:30:00,2,30,21.1,
08/09/2003 02:45:00,2,45,21,
08/09/2003 03:00:00,3,0,20.9,
08/09/2003 03:15:00,3,15,20.8,
08/09/2003 03:30:00,3,30,20.7,
08/09/2003 03:45:00,3,45,20.6,
08/09/2003 04:00:00,4,0,20.6,
08/09/2003 04:15:00,4,15,20.7,
08/09/2003 04:30:00,4,30,21,
08/09/2003 04:45:00,4,45,22.1,
08/09/2003 05:00:00,5,0,22.6,
08/09/2003 05:15:00,5,15,23,
08/09/2003 05:30:00,5,30,23.4,
08/09/2003 05:45:00,5,45,23.8,
08/09/2003 06:00:00,6,0,24,
08/09/2003 06:15:00,6,15,24.4,
08/09/2003 06:30:00,6,30,25.2,
08/09/2003 06:45:00,6,45,24.4,
08/09/2003 07:00:00,7,0,22.6,
08/09/2003 07:15:00,7,15,22.4,
08/09/2003 07:30:00,7,30,22.4,
08/09/2003 07:45:00,7,45,22.6,
08/09/2003 08:00:00,8,0,22.8,
08/09/2003 08:15:00,8,15,23.1,
08/09/2003 08:30:00,8,30,23.5,
08/09/2003 08:45:00,8,45,24,
08/09/2003 09:00:00,9,0,24.1,
08/09/2003 09:15:00,9,15,24.2,
08/09/2003 09:30:00,9,30,24.8,
08/09/2003 09:45:00,9,45,27.1,
08/09/2003 10:00:00,10,0,30.6,
08/09/2003 10:15:00,10,15,32.4,
08/09/2003 10:30:00,10,30,33.1,
08/09/2003 10:45:00,10,45,33.6,
08/09/2003 11:00:00,11,0,33.5,
08/09/2003 11:15:00,11,15,34.7,
08/09/2003 11:30:00,11,30,36.4,
08/09/2003 11:45:00,11,45,37.7,
08/09/2003 12:00:00,12,0,38.7,
08/09/2003 12:15:00,12,15,39.6,
08/09/2003 12:30:00,12,30,40.8,
08/09/2003 12:45:00,12,45,41.8,
08/09/2003 13:00:00,13,0,42.5,
08/09/2003 13:15:00,13,15,43.2,
08/09/2003 13:30:00,13,30,42.8,
08/09/2003 13:45:00,13,45,41.8,
08/09/2003 14:00:00,14,0,39.6,
08/09/2003 14:15:00,14,15,40.1,
08/09/2003 14:30:00,14,30,42.4,
08/09/2003 14:45:00,14,45,43,
08/09/2003 15:00:00,15,0,41.8,
08/09/2003 15:15:00,15,15,40.9,
08/09/2003 15:30:00,15,30,41.3,
08/09/2003 15:45:00,15,45,41.2,
08/09/2003 16:00:00,16,0,39.5,
08/09/2003 16:15:00,16,15,36.8,
08/09/2003 16:30:00,16,30,33.6,
08/09/2003 16:45:00,16,45,29.1,
08/09/2003 17:00:00,17,0,29.8,
08/09/2003 17:15:00,17,15,32.1,
08/09/2003 17:30:00,17,30,33.8,
08/09/2003 17:45:00,17,45,34.2,
08/09/2003 18:00:00,18,0,34.5,
08/09/2003 18:15:00,18,15,35.5,
08/09/2003 18:30:00,18,30,35.8,
08/09/2003 18:45:00,18,45,35.6,
08/09/2003 19:00:00,19,0,35.2,
08/09/2003 19:15:00,19,15,35.5,
08/09/2003 19:30:00,19,30,35.4,
08/09/2003 19:45:00,19,45,32.9,
08/09/2003 20:00:00,20,0,30.9,
08/09/2003 20:15:00,20,15,30.6,
08/09/2003 20:30:00,20,30,32.4,
08/09/2003 20:45:00,20,45,33,
08/09/2003 21:00:00,21,0,31.9,
08/09/2003 21:15:00,21,15,31.7,
08/09/2003 21:30:00,21,30,31.9,
08/09/2003 21:45:00,21,45,31.5,
08/09/2003 22:00:00,22,0,31.1,
08/09/2003 22:15:00,22,15,29.9,
08/09/2003 22:30:00,22,30,29.1,
08/09/2003 22:45:00,22,45,28.7,
08/09/2003 23:00:00,23,0,28.9,
08/09/2003 23:15:00,23,15,28.4,
08/09/2003 23:30:00,23,30,27.3,
08/09/2003 23:45:00,23,45,26.5,
08/10/2003 00:00:00,0,0,25.7,
08/10/2003 00:15:00,0,15,25.2,
08/10/2003 00:30:00,0,30,25.1,
08/10/2003 00:45:00,0,45,24.8,
08/10/2003 01:00:00,1,0,24.7,
08/10/2003 01:15:00,1,15,24.5,
08/10/2003 01:30:00,1,30,23.6,
08/10/2003 01:45:00,1,45,22.9,
08/10/2003 02:00:00,2,0,22.9,
08/10/2003 02:15:00,2,15,23,
08/10/2003 02:30:00,2,30,23.1,
08/10/2003 02:45:00,2,45,22.9,
08/10/2003 03:00:00,3,0,22.6,
08/10/2003 03:15:00,3,15,22.4,
08/10/2003 03:30:00,3,30,22.3,
08/10/2003 03:45:00,3,45,22.1,
08/10/2003 04:00:00,4,0,21.9,
08/10/2003 04:15:00,4,15,21.9,
08/10/2003 04:30:00,4,30,22.1,
08/10/2003 04:45:00,4,45,22.2,
08/10/2003 05:00:00,5,0,23.5,
08/10/2003 05:15:00,5,15,24.4,
08/10/2003 05:30:00,5,30,25,
08/10/2003 05:45:00,5,45,25.6,
08/10/2003 06:00:00,6,0,26.2,
08/10/2003 06:15:00,6,15,27.1,
08/10/2003 06:30:00,6,30,27.4,
08/10/2003 06:45:00,6,45,26.6,
08/10/2003 07:00:00,7,0,26.6,
08/10/2003 07:15:00,7,15,26.7,
08/10/2003 07:30:00,7,30,26.9,
08/10/2003 07:45:00,7,45,27.2,
08/10/2003 08:00:00,8,0,27.6,
08/10/2003 08:15:00,8,15,27.9,
08/10/2003 08:30:00,8,30,28.6,
08/10/2003 08:45:00,8,45,29.5,
08/10/2003 09:00:00,9,0,30,
08/10/2003 09:15:00,9,15,30.3,
08/10/2003 09:30:00,9,30,30.7,
08/10/2003 09:45:00,9,45,31.1,
08/10/2003 10:00:00,10,0,31.3,
08/10/2003 10:15:00,10,15,31.6,
08/10/2003 10:30:00,10,30,33.8,
08/10/2003 10:45:00,10,45,34.7,
08/10/2003 11:00:00,11,0,36,
08/10/2003 11:15:00,11,15,36.7,
08/10/2003 11:30:00,11,30,37,
08/10/2003 11:45:00,11,45,38,
08/10/2003 12:00:00,12,0,38.9,
08/10/2003 12:15:00,12,15,38.3,
08/10/2003 12:30:00,12,30,36.9,
08/10/2003 12:45:00,12,45,37.4,
08/10/2003 13:00:00,13,0,37.5,
08/10/2003 13:15:00,13,15,36.2,
08/10/2003 13:30:00,13,30,37.9,
08/10/2003 13:45:00,13,45,36.7,
08/10/2003 14:00:00,14,0,37.6,
08/10/2003 14:15:00,14,15,39.2,
08/10/2003 14:30:00,14,30,37.4,
08/10/2003 14:45:00,14,45,40.5,
08/10/2003 15:00:00,15,0,42.1,
08/10/2003 15:15:00,15,15,39.9,
08/10/2003 15:30:00,15,30,41,
08/10/2003 15:45:00,15,45,42.6,
08/10/2003 16:00:00,16,0,41.2,
08/10/2003 16:15:00,16,15,42.6,
08/10/2003 16:30:00,16,30,42.9,
08/10/2003 16:45:00,16,45,42.8,
08/10/2003 17:00:00,17,0,42.4,
08/10/2003 17:15:00,17,15,41.8,
08/10/2003 17:30:00,17,30,41.5,
08/10/2003 17:45:00,17,45,40.8,
08/10/2003 18:00:00,18,0,39.4,
08/10/2003 18:15:00,18,15,38.4,
08/10/2003 18:30:00,18,30,38.2,
08/10/2003 18:45:00,18,45,38,
08/10/2003 19:00:00,19,0,35.9,
08/10/2003 19:15:00,19,15,35.9,
08/10/2003 19:30:00,19,30,35.8,
08/10/2003 19:45:00,19,45,35.1,
08/10/2003 20:00:00,20,0,34.5,
08/10/2003 20:15:00,20,15,32.6,
08/10/2003 20:30:00,20,30,32.7,
08/10/2003 20:45:00,20,45,33,
08/10/2003 21:00:00,21,0,32.4,
08/10/2003 21:15:00,21,15,31.8,
08/10/2003 21:30:00,21,30,31.1,
08/10/2003 21:45:00,21,45,30.5,
08/10/2003 22:00:00,22,0,30,
08/10/2003 22:15:00,22,15,29.3,
08/10/2003 22:30:00,22,30,28.9,
08/10/2003 22:45:00,22,45,28.7,
08/10/2003 23:00:00,23,0,28.4,
08/10/2003 23:15:00,23,15,28.1,
08/10/2003 23:30:00,23,30,27.2,
08/10/2003 23:45:00,23,45,26.3,
08/11/2003 00:00:00,0,0,25.2,
08/11/2003 00:15:00,0,15,23.5,
08/11/2003 00:30:00,0,30,22.9,
08/11/2003 00:45:00,0,45,22.6,
08/11/2003 01:00:00,1,0,22.3,
08/11/2003 01:15:00,1,15,22.2,
08/11/2003 01:30:00,1,30,22.1,
08/11/2003 01:45:00,1,45,21.9,
08/11/2003 02:00:00,2,0,21.7,
08/11/2003 02:15:00,2,15,21.6,
08/11/2003 02:30:00,2,30,21.4,
08/11/2003 02:45:00,2,45,21.2,
08/11/2003 03:00:00,3,0,21.1,
08/11/2003 03:15:00,3,15,21.1,
08/11/2003 03:30:00,3,30,21,
08/11/2003 03:45:00,3,45,20.9,
08/11/2003 04:00:00,4,0,20.7,
08/11/2003 04:15:00,4,15,20.6,
08/11/2003 04:30:00,4,30,20.9,
08/11/2003 04:45:00,4,45,22.9,
08/11/2003 05:00:00,5,0,23.6,
08/11/2003 05:15:00,5,15,23.6,
08/11/2003 05:30:00,5,30,23.6,
08/11/2003 05:45:00,5,45,23.8,
08/11/2003 06:00:00,6,0,24.4,
08/11/2003 06:15:00,6,15,24.8,
08/11/2003 06:30:00,6,30,25,
08/11/2003 06:45:00,6,45,24,
08/11/2003 07:00:00,7,0,23.2,
08/11/2003 07:15:00,7,15,22.4,
08/11/2003 07:30:00,7,30,22.2,
08/11/2003 07:45:00,7,45,22.2,
08/11/2003 08:00:00,8,0,22.3,
08/11/2003 08:15:00,8,15,22.4,
08/11/2003 08:30:00,8,30,22.5,
08/11/2003 08:45:00,8,45,22.8,
08/11/2003 09:00:00,9,0,23.1,
08/11/2003 09:15:00,9,15,23.6,
08/11/2003 09:30:00,9,30,24.4,
08/11/2003 09:45:00,9,45,26,
08/11/2003 10:00:00,10,0,27.9,
08/11/2003 10:15:00,10,15,30.1,
08/11/2003 10:30:00,10,30,31.5,
08/11/2003 10:45:00,10,45,31.9,
08/11/2003 11:00:00,11,0,32.6,
08/11/2003 11:15:00,11,15,33.1,
08/11/2003 11:30:00,11,30,33.8,
08/11/2003 11:45:00,11,45,34,
08/11/2003 12:00:00,12,0,33.6,
08/11/2003 12:15:00,12,15,32.8,
08/11/2003 12:30:00,12,30,32.8,
08/11/2003 12:45:00,12,45,33.4,
08/11/2003 13:00:00,13,0,34.9,
08/11/2003 13:15:00,13,15,38.1,
08/11/2003 13:30:00,13,30,39.5,
08/11/2003 13:45:00,13,45,40.1,
08/11/2003 14:00:00,14,0,40.3,
08/11/2003 14:15:00,14,15,40.6,
08/11/2003 14:30:00,14,30,41.1,
08/11/2003 14:45:00,14,45,40.6,
08/11/2003 15:00:00,15,0,40.4,
08/11/2003 15:15:00,15,15,40.6,
08/11/2003 15:30:00,15,30,40.8,
08/11/2003 15:45:00,15,45,40.7,
08/11/2003 16:00:00,16,0,40.5,
08/11/2003 16:15:00,16,15,40.4,
08/11/2003 16:30:00,16,30,40,
08/11/2003 16:45:00,16,45,39.9,
08/11/2003 17:00:00,17,0,39.2,
08/11/2003 17:15:00,17,15,38.6,
08/11/2003 17:30:00,17,30,38.7,
08/11/2003 17:45:00,17,45,38.6,
08/11/2003 18:00:00,18,0,38.1,
08/11/2003 18:15:00,18,15,37.5,
08/11/2003 18:30:00,18,30,37.3,
08/11/2003 18:45:00,18,45,37.3,
08/11/2003 19:00:00,19,0,36.9,
08/11/2003 19:15:00,19,15,35,
08/11/2003 19:30:00,19,30,34.7,
08/11/2003 19:45:00,19,45,34.8,
08/11/2003 20:00:00,20,0,33.7,
08/11/2003 20:15:00,20,15,31.7,
08/11/2003 20:30:00,20,30,32.2,
08/11/2003 20:45:00,20,45,31.5,
08/11/2003 21:00:00,21,0,30.7,
08/11/2003 21:15:00,21,15,29.9,
08/11/2003 21:30:00,21,30,29.4,
08/11/2003 21:45:00,21,45,29,
08/11/2003 22:00:00,22,0,28.7,
08/11/2003 22:15:00,22,15,28.5,
08/11/2003 22:30:00,22,30,28.1,
08/11/2003 22:45:00,22,45,24.7,
08/11/2003 23:00:00,23,0,23.2,
08/11/2003 23:15:00,23,15,22.5,
08/11/2003 23:30:00,23,30,21.7,
08/11/2003 23:45:00,23,45,21,
08/12/2003 00:00:00,0,0,20.4,
08/12/2003 00:15:00,0,15,19.5,
08/12/2003 00:30:00,0,30,18.7,
08/12/2003 00:45:00,0,45,18.2,
08/12/2003 01:00:00,1,0,17.9,
08/12/2003 01:15:00,1,15,17.4,
08/12/2003 01:30:00,1,30,17.1,
08/12/2003 01:45:00,1,45,16.8,
08/12/2003 02:00:00,2,0,16.5,
08/12/2003 02:15:00,2,15,16.2,
08/12/2003 02:30:00,2,30,15.8,
08/12/2003 02:45:00,2,45,15.7,
08/12/2003 03:00:00,3,0,15.5,
08/12/2003 03:15:00,3,15,15,
08/12/2003 03:30:00,3,30,14.9,
08/12/2003 03:45:00,3,45,15.2,
08/12/2003 04:00:00,4,0,15.4,
08/12/2003 04:15:00,4,15,15.3,
08/12/2003 04:30:00,4,30,15.3,
08/12/2003 04:45:00,4,45,15.8,
08/12/2003 05:00:00,5,0,15.9,
08/12/2003 05:15:00,5,15,16,
08/12/2003 05:30:00,5,30,16.2,
08/12/2003 05:45:00,5,45,16.2,
08/12/2003 06:00:00,6,0,16.1,
08/12/2003 06:15:00,6,15,16.3,
08/12/2003 06:30:00,6,30,16.9,
08/12/2003 06:45:00,6,45,17.1,
08/12/2003 07:00:00,7,0,17.6,
08/12/2003 07:15:00,7,15,20.1,
08/12/2003 07:30:00,7,30,21.1,
08/12/2003 07:45:00,7,45,21.7,
08/12/2003 08:00:00,8,0,22,
08/12/2003 08:15:00,8,15,22.4,
08/12/2003 08:30:00,8,30,22.4,
08/12/2003 08:45:00,8,45,22.9,
08/12/2003 09:00:00,9,0,21.2,
08/12/2003 09:15:00,9,15,21.6,
08/12/2003 09:30:00,9,30,21.9,
08/12/2003 09:45:00,9,45,22.7,
08/12/2003 10:00:00,10,0,24.2,
08/12/2003 10:15:00,10,15,25.4,
08/12/2003 10:30:00,10,30,25.8,
08/12/2003 10:45:00,10,45,26.9,
08/12/2003 11:00:00,11,0,28.8,
08/12/2003 11:15:00,11,15,31,
08/12/2003 11:30:00,11,30,32.7,
08/12/2003 11:45:00,11,45,33.5,
08/12/2003 12:00:00,12,0,34.3,
08/12/2003 12:15:00,12,15,34.6,
08/12/2003 12:30:00,12,30,35.9,
08/12/2003 12:45:00,12,45,37.1,
08/12/2003 13:00:00,13,0,38,
08/12/2003 13:15:00,13,15,38.7,
08/12/2003 13:30:00,13,30,39,
08/12/2003 13:45:00,13,45,39.2,
08/12/2003 14:00:00,14,0,39.2,
08/12/2003 14:15:00,14,15,39.5,
08/12/2003 14:30:00,14,30,39.6,
08/12/2003 14:45:00,14,45,40.5,
08/12/2003 15:00:00,15,0,41,
08/12/2003 15:15:00,15,15,40.7,
08/12/2003 15:30:00,15,30,40.5,
08/12/2003 15:45:00,15,45,39.4,
08/12/2003 16:00:00,16,0,40,
08/12/2003 16:15:00,16,15,39.4,
08/12/2003 16:30:00,16,30,38.8,
08/12/2003 16:45:00,16,45,38.3,
08/12/2003 17:00:00,17,0,38.5,
08/12/2003 17:15:00,17,15,38.4,
08/12/2003 17:30:00,17,30,38.2,
08/12/2003 17:45:00,17,45,37.6,
08/12/2003 18:00:00,18,0,37.2,
08/12/2003 18:15:00,18,15,36.2,
08/12/2003 18:30:00,18,30,34,
08/12/2003 18:45:00,18,45,34.2,
08/12/2003 19:00:00,19,0,34.6,
08/12/2003 19:15:00,19,15,34.7,
08/12/2003 19:30:00,19,30,34.5,
08/12/2003 19:45:00,19,45,33.3,
08/12/2003 20:00:00,20,0,31,
08/12/2003 20:15:00,20,15,29.7,
08/12/2003 20:30:00,20,30,31,
08/12/2003 20:45:00,20,45,30.8,
08/12/2003 21:00:00,21,0,30.1,
08/12/2003 21:15:00,21,15,29.4,
08/12/2003 21:30:00,21,30,28.9,
08/12/2003 21:45:00,21,45,28.7,
08/12/2003 22:00:00,22,0,28.6,
08/12/2003 22:15:00,22,15,27.9,
08/12/2003 22:30:00,22,30,25.1,
08/12/2003 22:45:00,22,45,24.3,
08/12/2003 23:00:00,23,0,23.8,
08/12/2003 23:15:00,23,15,23.3,
08/12/2003 23:30:00,23,30,22.4,
08/12/2003 23:45:00,23,45,21.7,
08/13/2003 00:00:00,0,0,21.1,
08/13/2003 00:15:00,0,15,20.5,
08/13/2003 00:30:00,0,30,20,
08/13/2003 00:45:00,0,45,19.5,
08/13/2003 01:00:00,1,0,19.2,
08/13/2003 01:15:00,1,15,18.8,
08/13/2003 01:30:00,1,30,18.5,
08/13/2003 01:45:00,1,45,18.4,
08/13/2003 02:00:00,2,0,18.1,
08/13/2003 02:15:00,2,15,17.9,
08/13/2003 02:30:00,2,30,17.5,
08/13/2003 02:45:00,2,45,17.3,
08/13/2003 03:00:00,3,0,17.1,
08/13/2003 03:15:00,3,15,16.9,
08/13/2003 03:30:00,3,30,16.8,
08/13/2003 03:45:00,3,45,16.8,
08/13/2003 04:00:00,4,0,16.6,
08/13/2003 04:15:00,4,15,16.4,
08/13/2003 04:30:00,4,30,16.4,
08/13/2003 04:45:00,4,45,18.6,
08/13/2003 05:00:00,5,0,20.2,
08/13/2003 05:15:00,5,15,21.1,
08/13/2003 05:30:00,5,30,21.5,
08/13/2003 05:45:00,5,45,21.6,
08/13/2003 06:00:00,6,0,21.6,
08/13/2003 06:15:00,6,15,21.6,
08/13/2003 06:30:00,6,30,19.9,
08/13/2003 06:45:00,6,45,19.7,
08/13/2003 07:00:00,7,0,19.7,
08/13/2003 07:15:00,7,15,19.8,
08/13/2003 07:30:00,7,30,19.9,
08/13/2003 07:45:00,7,45,20.1,
08/13/2003 08:00:00,8,0,20.3,
08/13/2003 08:15:00,8,15,20.6,
08/13/2003 08:30:00,8,30,20.9,
08/13/2003 08:45:00,8,45,21.3,
08/13/2003 09:00:00,9,0,21.8,
08/13/2003 09:15:00,9,15,22.4,
08/13/2003 09:30:00,9,30,22.7,
08/13/2003 09:45:00,9,45,23.5,
08/13/2003 10:00:00,10,0,25.4,
08/13/2003 10:15:00,10,15,29.2,
08/13/2003 10:30:00,10,30,31.5,
08/13/2003 10:45:00,10,45,32.5,
08/13/2003 11:00:00,11,0,33.4,
08/13/2003 11:15:00,11,15,34.3,
08/13/2003 11:30:00,11,30,34.6,
08/13/2003 11:45:00,11,45,36.3,
08/13/2003 12:00:00,12,0,37.3,
08/13/2003 12:15:00,12,15,37.6,
08/13/2003 12:30:00,12,30,38.2,
08/13/2003 12:45:00,12,45,38.9,
08/13/2003 13:00:00,13,0,39.9,
08/13/2003 13:15:00,13,15,40.8,
08/13/2003 13:30:00,13,30,41.2,
08/13/2003 13:45:00,13,45,41.6,
08/13/2003 14:00:00,14,0,41.8,
08/13/2003 14:15:00,14,15,42.1,
08/13/2003 14:30:00,14,30,42.1,
08/13/2003 14:45:00,14,45,42,
08/13/2003 15:00:00,15,0,42,
08/13/2003 15:15:00,15,15,42.1,
08/13/2003 15:30:00,15,30,42.3,
08/13/2003 15:45:00,15,45,42.4,
08/13/2003 16:00:00,16,0,42.4,
08/13/2003 16:15:00,16,15,42.3,
08/13/2003 16:30:00,16,30,42.1,
08/13/2003 16:45:00,16,45,41.8,
08/13/2003 17:00:00,17,0,41.4,
08/13/2003 17:15:00,17,15,41.1,
08/13/2003 17:30:00,17,30,40.8,
08/13/2003 17:45:00,17,45,40.3,
08/13/2003 18:00:00,18,0,39.6,
08/13/2003 18:15:00,18,15,38.4,
08/13/2003 18:30:00,18,30,37.7,
08/13/2003 18:45:00,18,45,36.1,
08/13/2003 19:00:00,19,0,35.2,
08/13/2003 19:15:00,19,15,35.2,
08/13/2003 19:30:00,19,30,34.8,
08/13/2003 19:45:00,19,45,33.4,
08/13/2003 20:00:00,20,0,33,
08/13/2003 20:15:00,20,15,33.3,
08/13/2003 20:30:00,20,30,34,
08/13/2003 20:45:00,20,45,33.9,
08/13/2003 21:00:00,21,0,33.5,
08/13/2003 21:15:00,21,15,32.8,
08/13/2003 21:30:00,21,30,32.4,
08/13/2003 21:45:00,21,45,32,
08/13/2003 22:00:00,22,0,31.5,
08/13/2003 22:15:00,22,15,30.6,
08/13/2003 22:30:00,22,30,29.7,
08/13/2003 22:45:00,22,45,28.9,
08/13/2003 23:00:00,23,0,28.5,
08/13/2003 23:15:00,23,15,28.5,
08/13/2003 23:30:00,23,30,27.5,
08/13/2003 23:45:00,23,45,26.5,
08/14/2003 00:00:00,0,0,25.6,
08/14/2003 00:15:00,0,15,24.9,
08/14/2003 00:30:00,0,30,23.7,
08/14/2003 00:45:00,0,45,22.1,
08/14/2003 01:00:00,1,0,21.9,
08/14/2003 01:15:00,1,15,21.6,
08/14/2003 01:30:00,1,30,21.3,
08/14/2003 01:45:00,1,45,21.2,
08/14/2003 02:00:00,2,0,21.1,
08/14/2003 02:15:00,2,15,20.9,
08/14/2003 02:30:00,2,30,20.9,
08/14/2003 02:45:00,2,45,20.8,
08/14/2003 03:00:00,3,0,20.7,
08/14/2003 03:15:00,3,15,20.6,
08/14/2003 03:30:00,3,30,20.5,
08/14/2003 03:45:00,3,45,20.4,
08/14/2003 04:00:00,4,0,20.4,
08/14/2003 04:15:00,4,15,20.4,
08/14/2003 04:30:00,4,30,19.9,
08/14/2003 04:45:00,4,45,19.4,
08/14/2003 05:00:00,5,0,19.3,
08/14/2003 05:15:00,5,15,20,
08/14/2003 05:30:00,5,30,23.1,
08/14/2003 05:45:00,5,45,24.2,
08/14/2003 06:00:00,6,0,24.6,
08/14/2003 06:15:00,6,15,24.9,
08/14/2003 06:30:00,6,30,25.5,
08/14/2003 06:45:00,6,45,25.8,
08/14/2003 07:00:00,7,0,26,
08/14/2003 07:15:00,7,15,26.2,
08/14/2003 07:30:00,7,30,26.3,
08/14/2003 07:45:00,7,45,25.1,
08/14/2003 08:00:00,8,0,23.4,
08/14/2003 08:15:00,8,15,23.1,
08/14/2003 08:30:00,8,30,23.3,
08/14/2003 08:45:00,8,45,23.6,
08/14/2003 09:00:00,9,0,24.1,
08/14/2003 09:15:00,9,15,24.9,
08/14/2003 09:30:00,9,30,25.7,
08/14/2003 09:45:00,9,45,26.9,
08/14/2003 10:00:00,10,0,28.8,
08/14/2003 10:15:00,10,15,31.2,
08/14/2003 10:30:00,10,30,34.2,
08/14/2003 10:45:00,10,45,34.1,
08/14/2003 11:00:00,11,0,34.5,
08/14/2003 11:15:00,11,15,35.2,
08/14/2003 11:30:00,11,30,35.9,
08/14/2003 11:45:00,11,45,36.8,
08/14/2003 12:00:00,12,0,37.7,
08/14/2003 12:15:00,12,15,38.7,
08/14/2003 12:30:00,12,30,39.3,
08/14/2003 12:45:00,12,45,40.4,
08/14/2003 13:00:00,13,0,41.4,
08/14/2003 13:15:00,13,15,41.9,
08/14/2003 13:30:00,13,30,42.8,
08/14/2003 13:45:00,13,45,43.6,
08/14/2003 14:00:00,14,0,44,
08/14/2003 14:15:00,14,15,44.3,
08/14/2003 14:30:00,14,30,44.3,
08/14/2003 14:45:00,14,45,44.2,
08/14/2003 15:00:00,15,0,44.5,
08/14/2003 15:15:00,15,15,44.6,
08/14/2003 15:30:00,15,30,44.4,
08/14/2003 15:45:00,15,45,44.2,
08/14/2003 16:00:00,16,0,44,
08/14/2003 16:15:00,16,15,43.8,
08/14/2003 16:30:00,16,30,43.6,
08/14/2003 16:45:00,16,45,43.4,
08/14/2003 17:00:00,17,0,43.1,
08/14/2003 17:15:00,17,15,42.8,
08/14/2003 17:30:00,17,30,42.4,
08/14/2003 17:45:00,17,45,42,
08/14/2003 18:00:00,18,0,41.5,
08/14/2003 18:15:00,18,15,41,
08/14/2003 18:30:00,18,30,40.4,
08/14/2003 18:45:00,18,45,39.7,
08/14/2003 19:00:00,19,0,38.1,
08/14/2003 19:15:00,19,15,35.7,
08/14/2003 19:30:00,19,30,35.6,
08/14/2003 19:45:00,19,45,35.9,
08/14/2003 20:00:00,20,0,34.7,
08/14/2003 20:15:00,20,15,34.2,
08/14/2003 20:30:00,20,30,35.4,
08/14/2003 20:45:00,20,45,35.4,
08/14/2003 21:00:00,21,0,35.2,
08/14/2003 21:15:00,21,15,34.9,
08/14/2003 21:30:00,21,30,34.6,
08/14/2003 21:45:00,21,45,34.2,
08/14/2003 22:00:00,22,0,34.2,
08/14/2003 22:15:00,22,15,33.9,
08/14/2003 22:30:00,22,30,33.1,
08/14/2003 22:45:00,22,45,32.6,
08/14/2003 23:00:00,23,0,32.3,
08/14/2003 23:15:00,23,15,31.6,
08/14/2003 23:30:00,23,30,30.7,
08/14/2003 23:45:00,23,45,29.9,
08/15/2003 00:00:00,0,0,29.3,
,,,25.2448952125,(General average)
,,,7.672668698,(SD)
