"country","state","locality","date","sex","life_stage","genus","order","family","geometry"
"United States","North Carolina","Murphy Township","18-Mar-54","male","adult","Ochrotomys","Rodentia","Cricetidae",c(-84.03, 35.08)
"United States","North Carolina","4.5 mi SE Andrews","12-Feb-46","male","","Plecotus","Chiroptera","Vespertilionidae",c(-83.7687, 35.1529)
"United States","North Carolina","Chattahoochie National Forest, 3.5 mi N Georgia state line","10/17/88","female","","Blarina","Soricomorpha","Soricidae",c(-83.749418, 35.042773)
"United States","North Carolina","Chattahoochie National Forest, 3.5 mi N Georgia state line","10/17/87","female","","Blarina","Soricomorpha","Soricidae",c(-83.749418, 35.042773)
"United States","North Carolina","Rocky Point of Thunderhead Mountain, Great Smoky Mountains National Park","[transcribed directly into formatted date fields]","male","","Microtus","Rodentia","Cricetidae",c(-83.707393, 35.566756)
"United States","North Carolina","Laurel Top of Thunderhead Mountain, Great Smoky Mountains National Park","Apr 24 1933","male","","Peromyscus","Rodentia","Cricetidae",c(-83.707393, 35.566756)
"United States","North Carolina","Hewitt","8-Jan-46","male","","Myotis","Chiroptera","Vespertilionidae",c(-83.6477, 35.309)
"United States","North Carolina","Hewitt","8-Jan-46","male","","Myotis","Chiroptera","Vespertilionidae",c(-83.6477, 35.309)
"United States","North Carolina","Hewitt","12-Jan-46","female","","Myotis","Chiroptera","Vespertilionidae",c(-83.6477, 35.309)
"United States","North Carolina","Hewitt","8-Jan-46","female","","Myotis","Chiroptera","Vespertilionidae",c(-83.6477, 35.309)
"United States","North Carolina","Hewitt","8-Jan-46","male","","Myotis","Chiroptera","Vespertilionidae",c(-83.6477, 35.309)
"United States","North Carolina","Hewitt","8-Jan-46","female","","Myotis","Chiroptera","Vespertilionidae",c(-83.6477, 35.309)
"United States","North Carolina","Hewitt","8-Jan-46","male","","Perimyotis","Chiroptera","Vespertilionidae",c(-83.6477, 35.309)
"United States","North Carolina","Hewitt","8-Jan-46","male","","Perimyotis","Chiroptera","Vespertilionidae",c(-83.6477, 35.309)
"United States","North Carolina","Hewitt","8-Jan-46","male","","Perimyotis","Chiroptera","Vespertilionidae",c(-83.6477, 35.309)
"United States","North Carolina","Hewitt","8-Jan-46","male","","Perimyotis","Chiroptera","Vespertilionidae",c(-83.6477, 35.309)
"United States","North Carolina","Hewitt","8-Jan-46","male","","Perimyotis","Chiroptera","Vespertilionidae",c(-83.6477, 35.309)
"United States","North Carolina","Hewitt","8-Jan-46","male","","Perimyotis","Chiroptera","Vespertilionidae",c(-83.6477, 35.309)
"United States","North Carolina","Hewitt","8-Jan-46","female","","Perimyotis","Chiroptera","Vespertilionidae",c(-83.6477, 35.309)
"United States","North Carolina","Hewitt","8-Jan-46","female","","Perimyotis","Chiroptera","Vespertilionidae",c(-83.6477, 35.309)
"United States","North Carolina","Hewitt","8-Jan-46","female","","Perimyotis","Chiroptera","Vespertilionidae",c(-83.6477, 35.309)
"United States","North Carolina","Hewitt","8-Jan-46","female","","Perimyotis","Chiroptera","Vespertilionidae",c(-83.6477, 35.309)
"United States","North Carolina","Hewitt","8-Jan-46","male","","Perimyotis","Chiroptera","Vespertilionidae",c(-83.6477, 35.309)
"United States","North Carolina","Hewitt","8-Jan-46","male","","Perimyotis","Chiroptera","Vespertilionidae",c(-83.6477, 35.309)
"United States","North Carolina","Hewitt","8-Jan-46","male","","Perimyotis","Chiroptera","Vespertilionidae",c(-83.6477, 35.309)
"United States","North Carolina","Hewitt","8-Jan-46","male","","Perimyotis","Chiroptera","Vespertilionidae",c(-83.6477, 35.309)
"United States","North Carolina","Hewitt","8-Jan-46","female","","Perimyotis","Chiroptera","Vespertilionidae",c(-83.6477, 35.309)
"United States","North Carolina","Hewitt","8-Jan-46","female","","Perimyotis","Chiroptera","Vespertilionidae",c(-83.6477, 35.309)
"United States","North Carolina","Hewitt","8-Jan-46","male","","Perimyotis","Chiroptera","Vespertilionidae",c(-83.6477, 35.309)
"United States","North Carolina","Hewitt","8-Jan-46","male","","Perimyotis","Chiroptera","Vespertilionidae",c(-83.6477, 35.309)
"United States","North Carolina","Hewitt","8-Jan-46","male","","Perimyotis","Chiroptera","Vespertilionidae",c(-83.6477, 35.309)
"United States","North Carolina","Hewitt","8-Jan-46","male","","Perimyotis","Chiroptera","Vespertilionidae",c(-83.6477, 35.309)
"United States","North Carolina","Hewitt","8-Jan-46","female","","Perimyotis","Chiroptera","Vespertilionidae",c(-83.6477, 35.309)
"United States","North Carolina","Hewitt","8-Jan-46","female","","Perimyotis","Chiroptera","Vespertilionidae",c(-83.6477, 35.309)
"United States","North Carolina","Hewitt","8-Jan-46","male","","Perimyotis","Chiroptera","Vespertilionidae",c(-83.6477, 35.309)
"United States","North Carolina","Hewitt","8-Jan-46","male","","Perimyotis","Chiroptera","Vespertilionidae",c(-83.6477, 35.309)
"United States","North Carolina","Hewitt","8-Jan-46","male","","Perimyotis","Chiroptera","Vespertilionidae",c(-83.6477, 35.309)
"United States","North Carolina","Hewitt","8-Jan-46","male","","Perimyotis","Chiroptera","Vespertilionidae",c(-83.6477, 35.309)
"United States","North Carolina","Hewitt","8-Jan-46","female","","Perimyotis","Chiroptera","Vespertilionidae",c(-83.6477, 35.309)
"United States","North Carolina","Hewitt","8-Jan-46","male","","Perimyotis","Chiroptera","Vespertilionidae",c(-83.6477, 35.309)
"United States","North Carolina","Hewitt","8-Jan-46","male","","Perimyotis","Chiroptera","Vespertilionidae",c(-83.6477, 35.309)
"United States","North Carolina","Hewitt","8-Jan-46","male","","Perimyotis","Chiroptera","Vespertilionidae",c(-83.6477, 35.309)
"United States","North Carolina","Hewitt","8-Jan-46","male","","Perimyotis","Chiroptera","Vespertilionidae",c(-83.6477, 35.309)
"United States","North Carolina","Hewitt","12-Jan-46","male","","Perimyotis","Chiroptera","Vespertilionidae",c(-83.6477, 35.309)
"United States","North Carolina","Hewitt","12-Jan-46","male","","Perimyotis","Chiroptera","Vespertilionidae",c(-83.6477, 35.309)
"United States","North Carolina","Hewitt","12-Jan-46","male","","Perimyotis","Chiroptera","Vespertilionidae",c(-83.6477, 35.309)
"United States","North Carolina","Hewitt","12-Jan-46","female","","Eptesicus","Chiroptera","Vespertilionidae",c(-83.6477, 35.309)
"United States","North Carolina","Hewitt","8-Jan-46","female","","Eptesicus","Chiroptera","Vespertilionidae",c(-83.6477, 35.309)
"United States","North Carolina","Hewitt","8-Jan-46","male","","Eptesicus","Chiroptera","Vespertilionidae",c(-83.6477, 35.309)
"United States","North Carolina","Hewitt","8-Jan-46","male","","Eptesicus","Chiroptera","Vespertilionidae",c(-83.6477, 35.309)
"United States","North Carolina","Hewitt","8-Jan-46","male","","Plecotus","Chiroptera","Vespertilionidae",c(-83.6477, 35.309)
"United States","North Carolina","Hewitt","8-Jan-46","male","","Plecotus","Chiroptera","Vespertilionidae",c(-83.6477, 35.309)
"United States","North Carolina","Hewitt","8-Jan-46","female","","Plecotus","Chiroptera","Vespertilionidae",c(-83.6477, 35.309)
"United States","North Carolina","Hewitt","8-Jan-46","female","","Plecotus","Chiroptera","Vespertilionidae",c(-83.6477, 35.309)
"United States","North Carolina","Hewitt","12-Jan-46","female","","Plecotus","Chiroptera","Vespertilionidae",c(-83.6477, 35.309)
"United States","North Carolina","Hewitt","12-Jan-46","male","","Plecotus","Chiroptera","Vespertilionidae",c(-83.6477, 35.309)
"United States","North Carolina","Hewitt","12-Jan-46","male","","Plecotus","Chiroptera","Vespertilionidae",c(-83.6477, 35.309)
"United States","North Carolina","Hewitt","12-Jan-46","female","","Plecotus","Chiroptera","Vespertilionidae",c(-83.6477, 35.309)
"United States","North Carolina","Hewitt","12-Jan-46","male","","Plecotus","Chiroptera","Vespertilionidae",c(-83.6477, 35.309)
"United States","North Carolina","Hewitt","12-Feb-46","male","","Myotis","Chiroptera","Vespertilionidae",c(-83.6477, 35.309)
"United States","North Carolina","Hewitt","12-Feb-46","female","","Myotis","Chiroptera","Vespertilionidae",c(-83.6477, 35.309)
"United States","North Carolina","Hewitt Station","12-Feb-46","male","","Myotis","Chiroptera","Vespertilionidae",c(-83.6477, 35.309)
"United States","North Carolina","Hewitt","12-Feb-46","male","","Myotis","Chiroptera","Vespertilionidae",c(-83.6477, 35.309)
"United States","North Carolina","Hewitt","12-Feb-46","male","","Plecotus","Chiroptera","Vespertilionidae",c(-83.6477, 35.309)
"United States","North Carolina","Silers Bald, Great Smoky Mountains National Park","[transcribed directly into formatted date fields]","male","","Microtus","Rodentia","Cricetidae",c(-83.565443, 35.565648)
"United States","North Carolina","Silers Bald, Great Smoky Mountains National Park","[transcribed directly into formatted date fields]","male","","Microtus","Rodentia","Cricetidae",c(-83.565443, 35.565648)
"United States","North Carolina","Silers Bald, Great Smoky Mountains National Park","[transcribed directly into formatted date fields]","male","","Microtus","Rodentia","Cricetidae",c(-83.565443, 35.565648)
"United States","North Carolina","Silers Bald, Great Smoky Mountains National Park","[transcribed directly into formatted date fields]","male","","Peromyscus","Rodentia","Cricetidae",c(-83.565443, 35.565648)
"United States","North Carolina","Silers Bald, Great Smoky Mountains National Park","[transcribed directly into formatted date fields]","male","","Synaptomys","Rodentia","Cricetidae",c(-83.565443, 35.565648)
"United States","North Carolina","Silers Bald, Great Smoky Mountains National Park","[transcribed directly into formatted date fields]","male","","Synaptomys","Rodentia","Cricetidae",c(-83.565443, 35.565648)
"United States","North Carolina","Silers Bald, Great Smoky Mountains National Park","[transcribed directly into formatted date fields]","male","","Peromyscus","Rodentia","Cricetidae",c(-83.565443, 35.565648)
"United States","North Carolina","Silers Bald, Great Smoky Mountains National Park","[transcribed directly into formatted date fields]","male","","Peromyscus","Rodentia","Cricetidae",c(-83.565443, 35.565648)
"United States","North Carolina","Silers Bald, Great Smoky Mountains National Park","[transcribed directly into formatted date fields]","male","","Peromyscus","Rodentia","Cricetidae",c(-83.565443, 35.565648)
"United States","North Carolina","Silers Bald, Great Smoky Mountains National Park","[transcribed directly into formatted date fields]","female","","Peromyscus","Rodentia","Cricetidae",c(-83.565443, 35.565648)
"United States","North Carolina","Silers Bald, Great Smoky Mountains National Park","[transcribed directly into formatted date fields]","female","","Peromyscus","Rodentia","Cricetidae",c(-83.565443, 35.565648)
"United States","North Carolina","Silers Bald, Great Smoky Mountains National Park","[transcribed directly into formatted date fields]","female","","Blarina","Soricomorpha","Soricidae",c(-83.565443, 35.565648)
"United States","North Carolina","Silers Bald, Great Smoky Mountains National Park","[transcribed directly into formatted date fields]","female","","Peromyscus","Rodentia","Cricetidae",c(-83.565443, 35.565648)
"United States","North Carolina","Silers Bald, Great Smoky Mountains National Park","[transcribed directly into formatted date fields]","female","","Peromyscus","Rodentia","Cricetidae",c(-83.565443, 35.565648)
"United States","North Carolina","Silers Bald, Great Smoky Mountains National Park","[transcribed directly into formatted date fields]","male","","Peromyscus","Rodentia","Cricetidae",c(-83.565443, 35.565648)
"United States","North Carolina","Silers Bald, Great Smoky Mountains National Park","[transcribed directly into formatted date fields]","male","","Blarina","Soricomorpha","Soricidae",c(-83.565443, 35.565648)
"United States","North Carolina","Silers Bald, Great Smoky Mountains National Park","[transcribed directly into formatted date fields]","female","","Blarina","Soricomorpha","Soricidae",c(-83.565443, 35.565648)
"United States","North Carolina","Clingmans Dome, Great Smoky Mountains National Park","[transcribed directly into formatted date fields]","female","","Myodes","Rodentia","Cricetidae",c(-83.498496, 35.562872)
"United States","North Carolina","Clingmans Dome, Great Smoky Mountains National Park","[transcribed directly into formatted date fields]","female","","Peromyscus","Rodentia","Cricetidae",c(-83.498496, 35.562872)
"United States","North Carolina","Clingmans Dome, Great Smoky Mountains National Park","[transcribed directly into formatted date fields]","female","","Peromyscus","Rodentia","Cricetidae",c(-83.498496, 35.562872)
"United States","North Carolina","Clingmans Dome, Great Smoky Mountains National Park","[transcribed directly into formatted date fields]","unknown","","Blarina","Soricomorpha","Soricidae",c(-83.498496, 35.562872)
"United States","North Carolina","Clingmans Dome, Great Smoky Mountains National Park","[transcribed directly into formatted date fields]","female","","Blarina","Soricomorpha","Soricidae",c(-83.498496, 35.562872)
"United States","North Carolina","Clingmans Dome, Great Smoky Mountains National Park","[transcribed directly into formatted date fields]","unknown","","Blarina","Soricomorpha","Soricidae",c(-83.498496, 35.562872)
"United States","North Carolina","Mount Collins, Great Smoky Mountains National Park","[transcribed directly into formatted date fields]","female","","Sorex","Soricomorpha","Soricidae",c(-83.472939, 35.586206)
"United States","North Carolina","Mount Collins, Great Smoky Mountains National Park","[transcribed directly into formatted date fields]","male","","Peromyscus","Rodentia","Cricetidae",c(-83.472939, 35.586206)
"United States","North Carolina","Mount Collins, Great Smoky Mountains National Park","[transcribed directly into formatted date fields]","female","","Peromyscus","Rodentia","Cricetidae",c(-83.472939, 35.586206)
"United States","North Carolina","Nantahala National Forest, Coweeta Hydrological Laboratory, 6.3 km ENE Frog Mountain, along FR 751","13-Oct-25","female","adult","Blarina","Soricomorpha","Soricidae",c(-83.46309696, 35.05764596)
"United States","North Carolina","Nantahala National Forest, Coweeta Hydrological Laboratory, 6.3 km ENE Frog Mountain, along FR 751","29-Jan-26","male","adult","Sorex","Soricomorpha","Soricidae",c(-83.46299102, 35.05767404)
"United States","North Carolina","Nantahala National Forest, Coweeta Hydrological Laboratory, 6.3 km ENE Frog Mountain, along FR 751","14-Oct-25","female","adult","Sorex","Soricomorpha","Soricidae",c(-83.46297299, 35.05776901)
"United States","North Carolina","Nantahala National Forest, Coweeta Hydrological Laboratory, 6.3 km ENE Frog Mountain, along FR 751","","male","adult","Sorex","Soricomorpha","Soricidae",c(-83.46295598, 35.05771201)
"United States","North Carolina","Nantahala National Forest, Coweeta Hydrological Laboratory, 6.3 km ENE Frog Mountain, along FR 751","30-Jan-26","female","subadult","Sorex","Soricomorpha","Soricidae",c(-83.462916, 35.057436)
"United States","North Carolina","Nantahala National Forest, Coweeta Hydrological Laboratory, 6.3 km ENE Frog Mountain, along FR 751","14-Oct-25","male","adult","Sorex","Soricomorpha","Soricidae",c(-83.46258298, 35.05777798)
"United States","North Carolina","Nantahala National Forest, Coweeta Hydrological Laboratory, 6.3 km ENE Frog Mountain, along FR 751","","male","adult","Blarina","Soricomorpha","Soricidae",c(-83.46253797, 35.05775602)
"United States","North Carolina","Nantahala National Forest, Coweeta Hydrological Laboratory, 6.3 km ENE Frog Mountain, along FR 751","","male","adult","Blarina","Soricomorpha","Soricidae",c(-83.46248098, 35.05780597)
"United States","North Carolina","Nantahala National Forest, Coweeta Hydrological Laboratory, 6.3 km ENE Frog Mountain, along FR 751","13-Oct-25","male","adult","Sorex","Soricomorpha","Soricidae",c(-83.46233102, 35.05774302)
"United States","North Carolina","Nantahala National Forest, Coweeta Hydrological Laboratory, 6.3 km ENE Frog Mountain, along FR 751","14-Oct-25","female","adult","Blarina","Soricomorpha","Soricidae",c(-83.46228903, 35.05804804)
"United States","North Carolina","Nantahala National Forest, Coweeta Hydrological Laboratory, 6.3 km ENE Frog Mountain, along FR 751","14-Oct-25","female","adult","Blarina","Soricomorpha","Soricidae",c(-83.462283, 35.05804997)
"United States","North Carolina","Nantahala National Forest, Coweeta Hydrological Laboratory, 6.3 km ENE Frog Mountain, along FR 751","14-Oct-25","male","adult","Sorex","Soricomorpha","Soricidae",c(-83.46224, 35.05757698)
"United States","North Carolina","Nantahala National Forest, Coweeta Hydrological Laboratory, 2.72 km ESE Albert Mountain, along Ball Creek Road","12-Oct-25","male","adult","Blarina","Soricomorpha","Soricidae",c(-83.45303399, 35.03903897)
"United States","North Carolina","Nantahala National Forest, Coweeta Hydrological Laboratory, 2.72 km ESE Albert Mountain, along Ball Creek Road","11-Oct-25","female","juvenile","Peromyscus","Rodentia","Cricetidae",c(-83.45277197, 35.03910997)
"United States","North Carolina","Nantahala National Forest, Coweeta Hydrological Laboratory, 2.72 km ESE Albert Mountain, along Ball Creek Road","19-Apr-25","male","adult","Peromyscus","Rodentia","Cricetidae",c(-83.45256401, 35.03891802)
"United States","North Carolina","Nantahala National Forest, Coweeta Hydrological Laboratory, 2.72 km ESE Albert Mountain, along Ball Creek Road","19-Apr-25","male","subadult","Peromyscus","Rodentia","Cricetidae",c(-83.45252696, 35.03893998)
"United States","North Carolina","Nantahala National Forest, Coweeta Hydrological Laboratory, 2.72 km ESE Albert Mountain, along Ball Creek Road","23-Apr-25","female","juvenile","Peromyscus","Rodentia","Cricetidae",c(-83.45251297, 35.03898097)
"United States","North Carolina","Nantahala National Forest, Coweeta Hydrological Laboratory, 2.72 km ESE Albert Mountain, along Ball Creek Road","22-Apr-25","male","adult","Blarina","Soricomorpha","Soricidae",c(-83.45248598, 35.038396)
"United States","North Carolina","Nantahala National Forest, Coweeta Hydrological Laboratory, 2.72 km ESE Albert Mountain, along Ball Creek Road","23-Apr-25","male","subadult","Peromyscus","Rodentia","Cricetidae",c(-83.45248003, 35.03907904)
"United States","North Carolina","Nantahala National Forest, Coweeta Hydrological Laboratory, 2.57 km ENE Albert Mountain, along FR 751","11-Oct-25","female","adult","Peromyscus","Rodentia","Cricetidae",c(-83.45247097, 35.03871401)
"United States","North Carolina","Nantahala National Forest, Coweeta Hydrological Laboratory, 2.72 km ESE Albert Mountain, along Ball Creek Road","1-Aug-25","female","adult","Peromyscus","Rodentia","Cricetidae",c(-83.452462, 35.038871)
"United States","North Carolina","Nantahala National Forest, Coweeta Hydrological Laboratory, 2.72 km ESE Albert Mountain, along Ball Creek Road","21-Apr-25","male","adult","Sorex","Soricomorpha","Soricidae",c(-83.45245698, 35.03830296)
"United States","North Carolina","Nantahala National Forest, Coweeta Hydrological Laboratory, 2.72 km ESE Albert Mountain, along Ball Creek Road","22-Apr-25","male","adult","Sorex","Soricomorpha","Soricidae",c(-83.45245698, 35.03830296)
"United States","North Carolina","Nantahala National Forest, Coweeta Hydrological Laboratory, 2.72 km ESE Albert Mountain, along Ball Creek Road","1-Aug-25","female","adult","Peromyscus","Rodentia","Cricetidae",c(-83.45245597, 35.03905599)
"United States","North Carolina","Nantahala National Forest, Coweeta Hydrological Laboratory, 2.72 km ESE Albert Mountain, along Ball Creek Road","30-Jul-25","female","adult","Sorex","Soricomorpha","Soricidae",c(-83.45245002, 35.03854704)
"United States","North Carolina","Nantahala National Forest, Coweeta Hydrological Laboratory, 2.72 km ESE Albert Mountain, along Ball Creek Road","2-Aug-25","male","adult","Peromyscus","Rodentia","Cricetidae",c(-83.45240098, 35.03906404)
"United States","North Carolina","Nantahala National Forest, Coweeta Hydrological Laboratory, 2.72 km ESE Albert Mountain, along Ball Creek Road","24-Apr-25","male","adult","Napeozapus","Rodentia","Dipodidae",c(-83.45239897, 35.03856397)
"United States","North Carolina","Nantahala National Forest, Coweeta Hydrological Laboratory, 2.72 km ESE Albert Mountain, along Ball Creek Road","31-Jul-25","female","subadult","Peromyscus","Rodentia","Cricetidae",c(-83.45238296, 35.03890998)
"United States","North Carolina","Nantahala National Forest, Coweeta Hydrological Laboratory, 2.72 km ESE Albert Mountain, along Ball Creek Road","21-Apr-25","male","adult","Peromyscus","Rodentia","Cricetidae",c(-83.45236704, 35.038799)
"United States","North Carolina","Nantahala National Forest, Coweeta Hydrological Laboratory, 2.72 km ESE Albert Mountain, along Ball Creek Road","24-Apr-25","male","adult","Napeozapus","Rodentia","Dipodidae",c(-83.45236201, 35.03831101)
"United States","North Carolina","Nantahala National Forest, Coweeta Hydrological Laboratory, 2.72 km ESE Albert Mountain, along Ball Creek Road","30-Jul-25","male","adult","Peromyscus","Rodentia","Cricetidae",c(-83.45234902, 35.03900503)
"United States","North Carolina","Nantahala National Forest, Coweeta Hydrological Laboratory, 2.72 km ESE Albert Mountain, along Ball Creek Road","19-Apr-25","male","adult","Blarina","Soricomorpha","Soricidae",c(-83.45233301, 35.03827698)
"United States","North Carolina","Nantahala National Forest, Coweeta Hydrological Laboratory, 2.72 km ESE Albert Mountain, along Ball Creek Road","11-Oct-25","female","adult","Sorex","Soricomorpha","Soricidae",c(-83.45231599, 35.03913503)
"United States","North Carolina","Nantahala National Forest, Coweeta Hydrological Laboratory, 2.72 km ESE Albert Mountain, along Ball Creek Road","31-Jul-25","male","adult","Peromyscus","Rodentia","Cricetidae",c(-83.45231398, 35.03909396)
"United States","North Carolina","Nantahala National Forest, Coweeta Hydrological Laboratory, 2.72 km ESE Albert Mountain, along Ball Creek Road","19-Apr-25","female","adult","Peromyscus","Rodentia","Cricetidae",c(-83.45231197, 35.03879598)
"United States","North Carolina","Nantahala National Forest, Coweeta Hydrological Laboratory, 2.72 km ESE Albert Mountain, along Ball Creek Road","19-Apr-25","male","adult","Peromyscus","Rodentia","Cricetidae",c(-83.45229596, 35.038827)
"United States","North Carolina","Nantahala National Forest, Coweeta Hydrological Laboratory, 2.72 km ESE Albert Mountain, along Ball Creek Road","24-Apr-25","female","adult","Blarina","Soricomorpha","Soricidae",c(-83.45229596, 35.03924198)
"United States","North Carolina","Nantahala National Forest, Coweeta Hydrological Laboratory, 2.72 km ESE Albert Mountain, along Ball Creek Road","21-May-25","unknown","adult","Sorex","Soricomorpha","Soricidae",c(-83.45229403, 35.03840002)
"United States","North Carolina","Nantahala National Forest, Coweeta Hydrological Laboratory, 2.72 km ESE Albert Mountain, along Ball Creek Road","25-May-25","male","adult","Sorex","Soricomorpha","Soricidae",c(-83.45228498, 35.03827698)
"United States","North Carolina","Nantahala National Forest, Coweeta Hydrological Laboratory, 2.72 km ESE Albert Mountain, along Ball Creek Road","24-Apr-25","male","adult","Napeozapus","Rodentia","Dipodidae",c(-83.45228297, 35.03839499)
"United States","North Carolina","Nantahala National Forest, Coweeta Hydrological Laboratory, 2.72 km ESE Albert Mountain, along Ball Creek Road","2-Aug-25","male","adult","Peromyscus","Rodentia","Cricetidae",c(-83.45224902, 35.03902799)
"United States","North Carolina","Nantahala National Forest, Coweeta Hydrological Laboratory, 2.72 km ESE Albert Mountain, along Ball Creek Road","31-Jul-25","male","adult","Sorex","Soricomorpha","Soricidae",c(-83.45224701, 35.03907502)
"United States","North Carolina","Nantahala National Forest, Coweeta Hydrological Laboratory, 2.72 km ESE Albert Mountain, along Ball Creek Road","13-Oct-25","female","subadult","Peromyscus","Rodentia","Cricetidae",c(-83.452245, 35.03892104)
"United States","North Carolina","Nantahala National Forest, Coweeta Hydrological Laboratory, 2.72 km ESE Albert Mountain, along Ball Creek Road","11-Oct-25","male","adult","Blarina","Soricomorpha","Soricidae",c(-83.452245, 35.039116)
"United States","North Carolina","Nantahala National Forest, Coweeta Hydrological Laboratory, 2.72 km ESE Albert Mountain, along Ball Creek Road","23-Apr-25","female","subadult","Peromyscus","Rodentia","Cricetidae",c(-83.45224399, 35.03850899)
"United States","North Carolina","Nantahala National Forest, Coweeta Hydrological Laboratory, 2.72 km ESE Albert Mountain, along Ball Creek Road","24-Apr-25","female","juvenile","Peromyscus","Rodentia","Cricetidae",c(-83.45224399, 35.03850899)
"United States","North Carolina","Nantahala National Forest, Coweeta Hydrological Laboratory, 2.72 km ESE Albert Mountain, along Ball Creek Road","22-May-25","male","adult","Blarina","Soricomorpha","Soricidae",c(-83.45224399, 35.03850899)
"United States","North Carolina","Nantahala National Forest, Coweeta Hydrological Laboratory, 2.72 km ESE Albert Mountain, along Ball Creek Road","22-May-25","male","adult","Blarina","Soricomorpha","Soricidae",c(-83.45224399, 35.03850899)
"United States","North Carolina","Nantahala National Forest, Coweeta Hydrological Laboratory, 2.72 km ESE Albert Mountain, along Ball Creek Road","24-Apr-25","male","adult","Napeozapus","Rodentia","Dipodidae",c(-83.45224399, 35.03850899)
"United States","North Carolina","Nantahala National Forest, Coweeta Hydrological Laboratory, 2.72 km ESE Albert Mountain, along Ball Creek Road","1-Aug-25","male","adult","Peromyscus","Rodentia","Cricetidae",c(-83.45224399, 35.03850899)
"United States","North Carolina","Nantahala National Forest, Coweeta Hydrological Laboratory, 2.72 km ESE Albert Mountain, along Ball Creek Road","10-Oct-25","female","adult","Peromyscus","Rodentia","Cricetidae",c(-83.45224399, 35.03850899)
"United States","North Carolina","Nantahala National Forest, Coweeta Hydrological Laboratory, 2.72 km ESE Albert Mountain, along Ball Creek Road","10-Oct-25","male","adult","Napaeozapus","Rodentia","Dipodidae",c(-83.45224399, 35.03850899)
"United States","North Carolina","Nantahala National Forest, Coweeta Hydrological Laboratory, 2.72 km ESE Albert Mountain, along Ball Creek Road","14-Oct-25","female","adult","Sorex","Soricomorpha","Soricidae",c(-83.45224399, 35.03850899)
"United States","North Carolina","Nantahala National Forest, Coweeta Hydrological Laboratory, 2.72 km ESE Albert Mountain, along Ball Creek Road","10-Oct-25","female","adult","Peromyscus","Rodentia","Cricetidae",c(-83.45224399, 35.03850899)
"United States","North Carolina","Nantahala National Forest, Coweeta Hydrological Laboratory, 2.72 km ESE Albert Mountain, along Ball Creek Road","10-Oct-25","male","adult","Peromyscus","Rodentia","Cricetidae",c(-83.45224399, 35.03850899)
"United States","North Carolina","Nantahala National Forest, Coweeta Hydrological Laboratory, 2.72 km ESE Albert Mountain, along Ball Creek Road","2-Aug-25","female","adult","Napaeozapus","Rodentia","Dipodidae",c(-83.45224399, 35.03850899)
"United States","North Carolina","Nantahala National Forest, Coweeta Hydrological Laboratory, 2.72 km ESE Albert Mountain, along Ball Creek Road","30-Jul-25","male","adult","Peromyscus","Rodentia","Cricetidae",c(-83.45224198, 35.03864796)
"United States","North Carolina","Nantahala National Forest, Coweeta Hydrological Laboratory, 2.72 km ESE Albert Mountain, along Ball Creek Road","30-Jul-25","male","adult","Peromyscus","Rodentia","Cricetidae",c(-83.45224097, 35.038655)
"United States","North Carolina","Nantahala National Forest, Coweeta Hydrological Laboratory, 2.72 km ESE Albert Mountain, along Ball Creek Road","23-Apr-25","female","juvenile","Peromyscus","Rodentia","Cricetidae",c(-83.45223301, 35.03838896)
"United States","North Carolina","Nantahala National Forest, Coweeta Hydrological Laboratory, 2.72 km ESE Albert Mountain, along Ball Creek Road","20-Apr-25","female","adult","Peromyscus","Rodentia","Cricetidae",c(-83.45221298, 35.03898198)
"United States","North Carolina","Nantahala National Forest, Coweeta Hydrological Laboratory, 2.72 km ESE Albert Mountain, along Ball Creek Road","22-Apr-25","male","subadult","Peromyscus","Rodentia","Cricetidae",c(-83.45221097, 35.03880998)
"United States","North Carolina","Nantahala National Forest, Coweeta Hydrological Laboratory, 2.72 km ESE Albert Mountain, along Ball Creek Road","1-Aug-25","male","adult","Peromyscus","Rodentia","Cricetidae",c(-83.45219504, 35.03891098)
"United States","North Carolina","Nantahala National Forest, Coweeta Hydrological Laboratory, 2.72 km ESE Albert Mountain, along Ball Creek Road","24-Apr-25","male","adult","Sorex","Soricomorpha","Soricidae",c(-83.45219303, 35.03834504)
"United States","North Carolina","Nantahala National Forest, Coweeta Hydrological Laboratory, 2.72 km ESE Albert Mountain, along Ball Creek Road","21-Apr-25","male","adult","Blarina","Soricomorpha","Soricidae",c(-83.45218599, 35.03903504)
"United States","North Carolina","Nantahala National Forest, Coweeta Hydrological Laboratory, 2.72 km ESE Albert Mountain, along Ball Creek Road","21-Apr-25","male","adult","Blarina","Soricomorpha","Soricidae",c(-83.45218599, 35.03903504)
"United States","North Carolina","Nantahala National Forest, Coweeta Hydrological Laboratory, 2.72 km ESE Albert Mountain, along Ball Creek Road","23-Apr-25","male","adult","Sorex","Soricomorpha","Soricidae",c(-83.45218197, 35.03837798)
"United States","North Carolina","Nantahala National Forest, Coweeta Hydrological Laboratory, 2.72 km ESE Albert Mountain, along Ball Creek Road","23-Apr-25","male","adult","Sorex","Soricomorpha","Soricidae",c(-83.45218197, 35.03837798)
"United States","North Carolina","Nantahala National Forest, Coweeta Hydrological Laboratory, 2.72 km ESE Albert Mountain, along Ball Creek Road","23-Apr-25","male","adult","Blarina","Soricomorpha","Soricidae",c(-83.45218197, 35.03837798)
"United States","North Carolina","Nantahala National Forest, Coweeta Hydrological Laboratory, 2.72 km ESE Albert Mountain, along Ball Creek Road","19-Apr-25","male","adult","Peromyscus","Rodentia","Cricetidae",c(-83.45216797, 35.03897502)
"United States","North Carolina","Nantahala National Forest, Coweeta Hydrological Laboratory, 2.72 km ESE Albert Mountain, along Ball Creek Road","24-Apr-25","male","adult","Sorex","Soricomorpha","Soricidae",c(-83.45215799, 35.03834202)
"United States","North Carolina","Nantahala National Forest, Coweeta Hydrological Laboratory, 2.72 km ESE Albert Mountain, along Ball Creek Road","1-Aug-25","male","adult","Peromyscus","Rodentia","Cricetidae",c(-83.45215498, 35.03896899)
"United States","North Carolina","Nantahala National Forest, Coweeta Hydrological Laboratory, 2.72 km ESE Albert Mountain, along Ball Creek Road","21-Apr-25","male","adult","Peromyscus","Rodentia","Cricetidae",c(-83.45214299, 35.039274)
"United States","North Carolina","Nantahala National Forest, Coweeta Hydrological Laboratory, 2.72 km ESE Albert Mountain, along Ball Creek Road","24-Apr-25","male","juvenile","Peromyscus","Rodentia","Cricetidae",c(-83.45213301, 35.03915104)
"United States","North Carolina","Nantahala National Forest, Coweeta Hydrological Laboratory, 2.72 km ESE Albert Mountain, along Ball Creek Road","24-Apr-25","female","subadult","Peromyscus","Rodentia","Cricetidae",c(-83.45212899, 35.038683)
"United States","North Carolina","Nantahala National Forest, Coweeta Hydrological Laboratory, 2.72 km ESE Albert Mountain, along Ball Creek Road","21-Apr-25","male","adult","Sorex","Soricomorpha","Soricidae",c(-83.45212899, 35.03891802)
"United States","North Carolina","Nantahala National Forest, Coweeta Hydrological Laboratory, 2.72 km ESE Albert Mountain, along Ball Creek Road","31-Jul-25","female","adult","Sorex","Soricomorpha","Soricidae",c(-83.45212304, 35.03916504)
"United States","North Carolina","Nantahala National Forest, Coweeta Hydrological Laboratory, 2.72 km ESE Albert Mountain, along Ball Creek Road","31-Jul-25","male","adult","Peromyscus","Rodentia","Cricetidae",c(-83.452116, 35.03924098)
"United States","North Carolina","Nantahala National Forest, Coweeta Hydrological Laboratory, 2.72 km ESE Albert Mountain, along Ball Creek Road","24-Apr-25","male","adult","Blarina","Soricomorpha","Soricidae",c(-83.45209798, 35.03860999)
"United States","North Carolina","Nantahala National Forest, Coweeta Hydrological Laboratory, 2.72 km ESE Albert Mountain, along Ball Creek Road","22-Apr-25","male","subadult","Peromyscus","Rodentia","Cricetidae",c(-83.45209597, 35.03878802)
"United States","North Carolina","Nantahala National Forest, Coweeta Hydrological Laboratory, 2.72 km ESE Albert Mountain, along Ball Creek Road","14-Oct-25","male","juvenile","Peromyscus","Rodentia","Cricetidae",c(-83.45209496, 35.03872801)
"United States","North Carolina","Nantahala National Forest, Coweeta Hydrological Laboratory, 2.72 km ESE Albert Mountain, along Ball Creek Road","30-Jul-25","female","adult","Sorex","Soricomorpha","Soricidae",c(-83.45209496, 35.03910896)
"United States","North Carolina","Nantahala National Forest, Coweeta Hydrological Laboratory, 2.72 km ESE Albert Mountain, along Ball Creek Road","30-Jul-25","male","adult","Sorex","Soricomorpha","Soricidae",c(-83.45209496, 35.03910896)
"United States","North Carolina","Nantahala National Forest, Coweeta Hydrological Laboratory, 2.72 km ESE Albert Mountain, along Ball Creek Road","10-Oct-25","female","adult","Blarina","Soricomorpha","Soricidae",c(-83.45209303, 35.03867797)
"United States","North Carolina","Nantahala National Forest, Coweeta Hydrological Laboratory, 2.72 km ESE Albert Mountain, along Ball Creek Road","2-Aug-25","male","adult","Blarina","Soricomorpha","Soricidae",c(-83.45206596, 35.03906404)
"United States","North Carolina","Nantahala National Forest, Coweeta Hydrological Laboratory, 2.72 km ESE Albert Mountain, along Ball Creek Road","11-Oct-25","male","adult","Blarina","Soricomorpha","Soricidae",c(-83.45204802, 35.03878299)
"United States","North Carolina","Nantahala National Forest, Coweeta Hydrological Laboratory, 2.72 km ESE Albert Mountain, along Ball Creek Road","10-Oct-25","female","adult","Peromyscus","Rodentia","Cricetidae",c(-83.45204702, 35.03888399)
"United States","North Carolina","Nantahala National Forest, Coweeta Hydrological Laboratory, 2.72 km ESE Albert Mountain, along Ball Creek Road","31-Jul-25","male","adult","Napaeozapus","Rodentia","Dipodidae",c(-83.45204098, 35.038899)
"United States","North Carolina","Nantahala National Forest, Coweeta Hydrological Laboratory, 2.72 km 980.764526ESE Albert Mountain, along Ball Creek Road","30-Jul-25","male","adult","Blarina","Soricomorpha","Soricidae",c(-83.45203796, 35.03913101)
"United States","North Carolina","Nantahala National Forest, Coweeta Hydrological Laboratory, 2.72 km ESE Albert Mountain, along Ball Creek Road","24-Apr-25","male","juvenile","Peromyscus","Rodentia","Cricetidae",c(-83.45203402, 35.03823599)
"United States","North Carolina","Nantahala National Forest, Coweeta Hydrological Laboratory, 2.72 km ESE Albert Mountain, along Ball Creek Road","24-Apr-25","female","subadult","Peromyscus","Rodentia","Cricetidae",c(-83.45203402, 35.03879397)
"United States","North Carolina","Nantahala National Forest, Coweeta Hydrological Laboratory, 2.72 km ESE Albert Mountain, along Ball Creek Road","31-Jul-25","female","adult","Blarina","Soricomorpha","Soricidae",c(-83.45202397, 35.03907803)
"United States","North Carolina","Nantahala National Forest, Coweeta Hydrological Laboratory, 2.72 km ESE Albert Mountain, along Ball Creek Road","10-Oct-25","male","subadult","Sorex","Soricomorpha","Soricidae",c(-83.45202204, 35.03849901)
"United States","North Carolina","Nantahala National Forest, Coweeta Hydrological Laboratory, 2.72 km ESE Albert Mountain, along Ball Creek Road","10-Oct-25","female","subadult","Sorex","Soricomorpha","Soricidae",c(-83.45202103, 35.03859499)
"United States","North Carolina","Nantahala National Forest, Coweeta Hydrological Laboratory, 2.72 km ESE Albert Mountain, along Ball Creek Road","26-May-25","male","adult","Blarina","Soricomorpha","Soricidae",c(-83.45201902, 35.03922799)
"United States","North Carolina","Nantahala National Forest, Coweeta Hydrological Laboratory, 2.72 km ESE Albert Mountain, along Ball Creek Road","13-Oct-25","male","adult","Blarina","Soricomorpha","Soricidae",c(-83.452016, 35.03859197)
"United States","North Carolina","Nantahala National Forest, Coweeta Hydrological Laboratory, 2.72 km ESE Albert Mountain, along Ball Creek Road","26-May-25","male","adult","Blarina","Soricomorpha","Soricidae",c(-83.45199496, 35.03921399)
"United States","North Carolina","Nantahala National Forest, Coweeta Hydrological Laboratory, 2.72 km ESE Albert Mountain, along Ball Creek Road","25-May-25","male","adult","Sorex","Soricomorpha","Soricidae",c(-83.45199304, 35.03867403)
"United States","North Carolina","Nantahala National Forest, Coweeta Hydrological Laboratory, 2.72 km ESE Albert Mountain, along Ball Creek Road","25-May-25","male","adult","Sorex","Soricomorpha","Soricidae",c(-83.45199304, 35.03867403)
"United States","North Carolina","Nantahala National Forest, Coweeta Hydrological Laboratory, 2.72 km ESE Albert Mountain, along Ball Creek Road","30-Jul-25","male","adult","Sorex","Soricomorpha","Soricidae",c(-83.45198298, 35.03868501)
"United States","North Carolina","Nantahala National Forest, Coweeta Hydrological Laboratory, 2.72 km ESE Albert Mountain, along Ball Creek Road","31-Jul-25","male","adult","Napaeozapus","Rodentia","Dipodidae",c(-83.45197602, 35.03872499)
"United States","North Carolina","Nantahala National Forest, Coweeta Hydrological Laboratory, 2.72 km ESE Albert Mountain, along Ball Creek Road","3-Aug-25","male","adult","Blarina","Soricomorpha","Soricidae",c(-83.45196898, 35.039115)
"United States","North Carolina","Nantahala National Forest, Coweeta Hydrological Laboratory, 2.72 km ESE Albert Mountain, along Ball Creek Road","3-Aug-25","female","adult","Sorex","Soricomorpha","Soricidae",c(-83.45196898, 35.039115)
"United States","North Carolina","Nantahala National Forest, Coweeta Hydrological Laboratory, 2.72 km ESE Albert Mountain, along Ball Creek Road","30-Jul-25","female","adult","Peromyscus","Rodentia","Cricetidae",c(-83.45196504, 35.03929999)
"United States","North Carolina","Nantahala National Forest, Coweeta Hydrological Laboratory, 2.72 km ESE Albert Mountain, along Ball Creek Road","19-Apr-25","female","adult","Sorex","Soricomorpha","Soricidae",c(-83.45196404, 35.03826197)
"United States","North Carolina","Nantahala National Forest, Coweeta Hydrological Laboratory, 2.72 km ESE Albert Mountain, along Ball Creek Road","31-Jul-25","female","adult","Peromyscus","Rodentia","Cricetidae",c(-83.45196404, 35.03932597)
"United States","North Carolina","Nantahala National Forest, Coweeta Hydrological Laboratory, 2.72 km ESE Albert Mountain, along Ball Creek Road","22-May-25","male","adult","Blarina","Soricomorpha","Soricidae",c(-83.45194199, 35.03899296)
"United States","North Carolina","Nantahala National Forest, Coweeta Hydrological Laboratory, 2.72 km ESE Albert Mountain, along Ball Creek Road","30-Jul-25","male","adult","Sorex","Soricomorpha","Soricidae",c(-83.45193897, 35.03864704)
"United States","North Carolina","Nantahala National Forest, Coweeta Hydrological Laboratory, 2.72 km ESE Albert Mountain, along Ball Creek Road","24-Apr-25","female","juvenile","Peromyscus","Rodentia","Cricetidae",c(-83.45193202, 35.03877201)
"United States","North Carolina","Nantahala National Forest, Coweeta Hydrological Laboratory, 2.72 km ESE Albert Mountain, along Ball Creek Road","11-Oct-25","male","adult","Sorex","Soricomorpha","Soricidae",c(-83.45192799, 35.03874603)
"United States","North Carolina","Nantahala National Forest, Coweeta Hydrological Laboratory, 2.72 km ESE Albert Mountain, along Ball Creek Road","21-Apr-25","female","adult","Sorex","Soricomorpha","Soricidae",c(-83.45192799, 35.03893898)
"United States","North Carolina","Nantahala National Forest, Coweeta Hydrological Laboratory, 2.72 km ESE Albert Mountain, along Ball Creek Road","20-Apr-25","female","adult","Sorex","Soricomorpha","Soricidae",c(-83.45192196, 35.03864796)
"United States","North Carolina","Nantahala National Forest, Coweeta Hydrological Laboratory, 2.72 km ESE Albert Mountain, along Ball Creek Road","24-May-25","female","adult","Blarina","Soricomorpha","Soricidae",c(-83.45192196, 35.03903504)
"United States","North Carolina","Nantahala National Forest, Coweeta Hydrological Laboratory, 2.72 km ESE Albert Mountain, along Ball Creek Road","24-Apr-25","male","adult","Napeozapus","Rodentia","Dipodidae",c(-83.45192003, 35.03869498)
"United States","North Carolina","Nantahala National Forest, Coweeta Hydrological Laboratory, 2.72 km ESE Albert Mountain, along Ball Creek Road","31-Jul-25","male","adult","Napaeozapus","Rodentia","Dipodidae",c(-83.45191701, 35.03859599)
"United States","North Carolina","Nantahala National Forest, Coweeta Hydrological Laboratory, 3.84 km SE Albert Mountain, along FR 421-2","22-May-25","male","adult","Sorex","Soricomorpha","Soricidae",c(-83.451915, 35.03875097)
"United States","North Carolina","Nantahala National Forest, Coweeta Hydrological Laboratory, 2.72 km ESE Albert Mountain, along Ball Creek Road","24-Apr-25","male","juvenile","Peromyscus","Rodentia","Cricetidae",c(-83.45190897, 35.03947701)
"United States","North Carolina","Nantahala National Forest, Coweeta Hydrological Laboratory, 2.72 km ESE Albert Mountain, along Ball Creek Road","24-Apr-25","male","juvenile","Peromyscus","Rodentia","Cricetidae",c(-83.45190201, 35.03867604)
"United States","North Carolina","Nantahala National Forest, Coweeta Hydrological Laboratory, 2.72 km ESE Albert Mountain, along Ball Creek Road","24-Apr-25","female","juvenile","Peromyscus","Rodentia","Cricetidae",c(-83.45189396, 35.03842399)
"United States","North Carolina","Nantahala National Forest, Coweeta Hydrological Laboratory, 2.72 km ESE Albert Mountain, along Ball Creek Road","20-Apr-25","male","adult","Sorex","Soricomorpha","Soricidae",c(-83.45187603, 35.03876497)
"United States","North Carolina","Nantahala National Forest, Coweeta Hydrological Laboratory, 2.72 km ESE Albert Mountain, along Ball Creek Road","21-Apr-25","male","adult","Sorex","Soricomorpha","Soricidae",c(-83.45186496, 35.03845702)
"United States","North Carolina","Nantahala National Forest, Coweeta Hydrological Laboratory, 2.72 km ESE Albert Mountain, along Ball Creek Road","24-Apr-25","male","juvenile","Peromyscus","Rodentia","Cricetidae",c(-83.45186404, 35.03827396)
"United States","North Carolina","Nantahala National Forest, Coweeta Hydrological Laboratory, 2.72 km ESE Albert Mountain, along Ball Creek Road","26-May-25","female","adult","Sorex","Soricomorpha","Soricidae",c(-83.45185298, 35.03876698)
"United States","North Carolina","Nantahala National Forest, Coweeta Hydrological Laboratory, 2.72 km ESE Albert Mountain, along Ball Creek Road","29-Jan-26","unknown","adult","Sorex","Soricomorpha","Soricidae",c(-83.45183797, 35.03876799)
"United States","North Carolina","Nantahala National Forest, Coweeta Hydrological Laboratory, 2.72 km ESE Albert Mountain, along Ball Creek Road","10-Oct-25","male","subadult","Peromyscus","Rodentia","Cricetidae",c(-83.45182003, 35.03880302)
"United States","North Carolina","Nantahala National Forest, Coweeta Hydrological Laboratory, 2.72 km ESE Albert Mountain, along Ball Creek Road","24-Apr-25","female","adult","Napeozapus","Rodentia","Dipodidae",c(-83.45181601, 35.03849398)
"United States","North Carolina","Nantahala National Forest, Coweeta Hydrological Laboratory, 3.84 km SE Albert Mountain, along FR 421-2","24-Apr-25","male","juvenile","Peromyscus","Rodentia","Cricetidae",c(-83.45181601, 35.03849398)
"United States","North Carolina","Nantahala National Forest, Coweeta Hydrological Laboratory, 3.84 km SE Albert Mountain, along FR 421-2","24-Apr-25","female","juvenile","Peromyscus","Rodentia","Cricetidae",c(-83.45181601, 35.03849398)
"United States","North Carolina","Nantahala National Forest, Coweeta Hydrological Laboratory, 2.72 km ESE Albert Mountain, along Ball Creek Road","30-Jul-25","female","adult","Peromyscus","Rodentia","Cricetidae",c(-83.45176203, 35.03937098)
"United States","North Carolina","Nantahala National Forest, Coweeta Hydrological Laboratory, 2.72 km ESE Albert Mountain, along Ball Creek Road","2-Aug-25","male","adult","Peromyscus","Rodentia","Cricetidae",c(-83.45164703, 35.03919496)
"United States","North Carolina","Nantahala National Forest, Coweeta Hydrological Laboratory, 2.72 km ESE Albert Mountain, along Ball Creek Road","30-Jul-25","male","adult","Peromyscus","Rodentia","Cricetidae",c(-83.45164502, 35.039533)
"United States","North Carolina","Nantahala National Forest, Coweeta Hydrological Laboratory, 2.72 km ESE Albert Mountain, along Ball Creek Road","30-Jul-25","male","adult","Peromyscus","Rodentia","Cricetidae",c(-83.45164502, 35.03953401)
"United States","North Carolina","Nantahala National Forest, Coweeta Hydrological Laboratory, 3.36 km SE Albert Mountain, along FR 421-2","2-Aug-25","male","adult","Ochrotomys","Rodentia","Cricetidae",c(-83.45157696, 35.03009498)
"United States","North Carolina","Nantahala National Forest, Coweeta Hydrological Laboratory, 3.36 km SE Albert Mountain, along FR 421-2","2-Aug-25","male","adult","Peromyscus","Rodentia","Cricetidae",c(-83.45154896, 35.03005902)
"United States","North Carolina","Nantahala National Forest, Coweeta Hydrological Laboratory, 2.72 km ESE Albert Mountain, along Ball Creek Road","31-Jul-25","female","adult","Peromyscus","Rodentia","Cricetidae",c(-83.45154301, 35.03945799)
"United States","North Carolina","Nantahala National Forest, Coweeta Hydrological Laboratory, 3.36 km SE Albert Mountain, along FR 421-2","2-Aug-25","female","adult","Peromyscus","Rodentia","Cricetidae",c(-83.45143598, 35.030185)
"United States","North Carolina","Nantahala National Forest, Coweeta Hydrological Laboratory, 2.72 km ESE Albert Mountain, along Ball Creek Road","29-Jan-26","male","adult","Blarina","Soricomorpha","Soricidae",c(-83.45140597, 35.03816298)
"United States","North Carolina","Nantahala National Forest, Coweeta Hydrological Laboratory, 3.36 km SE Albert Mountain, along FR 421-2","1-Aug-25","female","adult","Sorex","Soricomorpha","Soricidae",c(-83.45138401, 35.02949199)
"United States","North Carolina","Nantahala National Forest, Coweeta Hydrological Laboratory, 2.57 km ENE Albert Mountain, along FR 751","29-Jan-25","female","adult","Blarina","Soricomorpha","Soricidae",c(-83.45135501, 35.05996297)
"United States","North Carolina","Nantahala National Forest, Coweeta Hydrological Laboratory, 3.36 km SE Albert Mountain, along FR 421-2","3-Aug-25","male","adult","Sorex","Soricomorpha","Soricidae",c(-83.45133204, 35.02983104)
"United States","North Carolina","Nantahala National Forest, Coweeta Hydrological Laboratory, 3.36 km SE Albert Mountain, along FR 421-2","2-Aug-25","female","adult","Peromyscus","Rodentia","Cricetidae",c(-83.45133003, 35.029451)
"United States","North Carolina","Nantahala National Forest, Coweeta Hydrological Laboratory, 3.36 km SE Albert Mountain, along FR 421-2","2-Aug-25","female","adult","Peromyscus","Rodentia","Cricetidae",c(-83.45132198, 35.02966197)
"United States","North Carolina","Nantahala National Forest, Coweeta Hydrological Laboratory, 2.57 km ENE Albert Mountain, along FR 751","28-Jan-25","male","adult","Blarina","Soricomorpha","Soricidae",c(-83.45128099, 35.06002198)
"United States","North Carolina","Nantahala National Forest, Coweeta Hydrological Laboratory, 2.72 km ESE Albert Mountain, along Ball Creek Road","30-Jan-26","female","adult","Blarina","Soricomorpha","Soricidae",c(-83.45126398, 35.03804304)
"United States","North Carolina","Nantahala National Forest, Coweeta Hydrological Laboratory, 3.36 km SE Albert Mountain, along FR 421-2","3-Aug-25","female","adult","Sorex","Soricomorpha","Soricidae",c(-83.45124403, 35.02962803)
"United States","North Carolina","Nantahala National Forest, Coweeta Hydrological Laboratory, 3.36 km SE Albert Mountain, along FR 421-2","1-Aug-25","unknown","adult","Peromyscus","Rodentia","Cricetidae",c(-83.451239, 35.02935704)
"United States","North Carolina","Nantahala National Forest, Coweeta Hydrological Laboratory, 3.36 km SE Albert Mountain, along FR 421-2","2-Aug-25","female","adult","Peromyscus","Rodentia","Cricetidae",c(-83.45123003, 35.02974696)
"United States","North Carolina","Nantahala National Forest, Coweeta Hydrological Laboratory, 2.57 km ENE Albert Mountain, along FR 751","27-Jan-25","male","adult","Sorex","Soricomorpha","Soricidae",c(-83.45122299, 35.06000597)
"United States","North Carolina","Nantahala National Forest, Coweeta Hydrological Laboratory, 3.36 km SE Albert Mountain, along FR 421-2","31-Jul-25","female","adult","Sorex","Soricomorpha","Soricidae",c(-83.45122098, 35.02949299)
"United States","North Carolina","Nantahala National Forest, Coweeta Hydrological Laboratory, 3.36 km SE Albert Mountain, along FR 421-2","2-Aug-25","female","adult","Napaeozapus","Rodentia","Dipodidae",c(-83.45121704, 35.02993103)
"United States","North Carolina","Nantahala National Forest, Coweeta Hydrological Laboratory, 3.36 km SE Albert Mountain, along FR 421-2","3-Aug-25","female","subadult","Peromyscus","Rodentia","Cricetidae",c(-83.45121201, 35.02939099)
"United States","North Carolina","Nantahala National Forest, Coweeta Hydrological Laboratory, 3.36 km SE Albert Mountain, along FR 421-2","2-Aug-25","female","adult","Peromyscus","Rodentia","Cricetidae",c(-83.45121201, 35.02993103)
"United States","North Carolina","Nantahala National Forest, Coweeta Hydrological Laboratory, 3.36 km SE Albert Mountain, along FR 421-2","2-Aug-25","female","adult","Ochrotomys","Rodentia","Cricetidae",c(-83.45116901, 35.02966398)
"United States","North Carolina","Nantahala National Forest, Coweeta Hydrological Laboratory, 3.36 km SE Albert Mountain, along FR 421-2","2-Aug-25","female","adult","Sorex","Soricomorpha","Soricidae",c(-83.45116097, 35.02951001)
"United States","North Carolina","Nantahala National Forest, Coweeta Hydrological Laboratory, 3.36 km SE Albert Mountain, along FR 421-2","3-Aug-25","female","adult","Sorex","Soricomorpha","Soricidae",c(-83.45114898, 35.02950297)
"United States","North Carolina","Nantahala National Forest, Coweeta Hydrological Laboratory, 3.36 km SE Albert Mountain, along FR 421-2","4-Aug-25","male","adult","Sorex","Soricomorpha","Soricidae",c(-83.451124, 35.029235)
"United States","North Carolina","Nantahala National Forest, Coweeta Hydrological Laboratory, 3.36 km SE Albert Mountain, along FR 421-2","3-Aug-25","female","adult","Sorex","Soricomorpha","Soricidae",c(-83.45111604, 35.02946399)
"United States","North Carolina","Nantahala National Forest, Coweeta Hydrological Laboratory, 3.36 km SE Albert Mountain, along FR 421-2","1-Aug-25","male","adult","Blarina","Soricomorpha","Soricidae",c(-83.45110397, 35.02958603)
"United States","North Carolina","Nantahala National Forest, Coweeta Hydrological Laboratory, 3.36 km SE Albert Mountain, along FR 421-2","1-Aug-25","male","adult","Sorex","Soricomorpha","Soricidae",c(-83.45110397, 35.02958603)
"United States","North Carolina","Nantahala National Forest, Coweeta Hydrological Laboratory, 3.36 km SE Albert Mountain, along FR 421-2","3-Aug-25","female","adult","Sorex","Soricomorpha","Soricidae",c(-83.45109098, 35.02949802)
"United States","North Carolina","Nantahala National Forest, Coweeta Hydrological Laboratory, 3.36 km SE Albert Mountain, along FR 421-2","11-Oct-25","female","adult","Sorex","Soricomorpha","Soricidae",c(-83.45108, 35.02879604)
"United States","North Carolina","Nantahala National Forest, Coweeta Hydrological Laboratory, 3.36 km SE Albert Mountain, along FR 421-2","3-Aug-25","male","adult","Napaeozapus","Rodentia","Dipodidae",c(-83.45102803, 35.02946097)
"United States","North Carolina","Nantahala National Forest, Coweeta Hydrological Laboratory, 3.36 km SE Albert Mountain, along FR 421-2","3-Aug-25","male","adult","Sorex","Soricomorpha","Soricidae",c(-83.45102803, 35.02946097)
"United States","North Carolina","Nantahala National Forest, Coweeta Hydrological Laboratory, 3.36 km SE Albert Mountain, along FR 421-2","3-Aug-25","female","juvenile","Napaeozapus","Rodentia","Dipodidae",c(-83.45101302, 35.02950498)
"United States","North Carolina","Nantahala National Forest, Coweeta Hydrological Laboratory, 3.36 km SE Albert Mountain, along FR 421-2","11-Oct-25","unknown","","Sorex","Soricomorpha","Soricidae",c(-83.45101302, 35.02951202)
"United States","North Carolina","Nantahala National Forest, Coweeta Hydrological Laboratory, 3.36 km SE Albert Mountain, along FR 421-2","11-Oct-25","female","adult","Blarina","Soricomorpha","Soricidae",c(-83.45101302, 35.02951202)
"United States","North Carolina","Nantahala National Forest, Coweeta Hydrological Laboratory, 3.36 km SE Albert Mountain, along FR 421-2","31-Jul-25","female","adult","Sorex","Soricomorpha","Soricidae",c(-83.45100297, 35.02948503)
"United States","North Carolina","Nantahala National Forest, Coweeta Hydrological Laboratory, 3.36 km SE Albert Mountain, along FR 421-2","31-Jul-25","male","adult","Peromyscus","Rodentia","Cricetidae",c(-83.45100297, 35.02948503)
"United States","North Carolina","Nantahala National Forest, Coweeta Hydrological Laboratory, 3.36 km SE Albert Mountain, along FR 421-2","31-Jul-25","female","adult","Sorex","Soricomorpha","Soricidae",c(-83.45094002, 35.02937104)
"United States","North Carolina","Nantahala National Forest, Coweeta Hydrological Laboratory, 3.36 km SE Albert Mountain, along FR 421-2","10-Oct-25","female","adult","Blarina","Soricomorpha","Soricidae",c(-83.45093097, 35.02876)
"United States","North Carolina","Nantahala National Forest, Coweeta Hydrological Laboratory, 3.36 km SE Albert Mountain, along FR 421-2","31-Jul-25","male","adult","Sorex","Soricomorpha","Soricidae",c(-83.45091898, 35.02885798)
"United States","North Carolina","Nantahala National Forest, Coweeta Hydrological Laboratory, 2.57 km ENE Albert Mountain, along FR 751","27-Jan-25","female","adult","Peromyscus","Rodentia","Cricetidae",c(-83.45088797, 35.05902998)
"United States","North Carolina","Nantahala National Forest, Coweeta Hydrological Laboratory, 3.36 km SE Albert Mountain, along FR 421-2","2-Aug-25","female","adult","Sorex","Soricomorpha","Soricidae",c(-83.45087799, 35.02955602)
"United States","North Carolina","Nantahala National Forest, Coweeta Hydrological Laboratory, 3.36 km SE Albert Mountain, along FR 421-2","1-Aug-25","male","adult","Sorex","Soricomorpha","Soricidae",c(-83.45087003, 35.02887902)
"United States","North Carolina","Nantahala National Forest, Coweeta Hydrological Laboratory, 3.36 km SE Albert Mountain, along FR 421-2","31-Jul-25","male","adult","Sorex","Soricomorpha","Soricidae",c(-83.450865, 35.028804)
"United States","North Carolina","Nantahala National Forest, Coweeta Hydrological Laboratory, 3.36 km SE Albert Mountain, along FR 421-2","1-Aug-25","male","adult","Sorex","Soricomorpha","Soricidae",c(-83.45086299, 35.029379)
"United States","North Carolina","Nantahala National Forest, Coweeta Hydrological Laboratory, 3.36 km SE Albert Mountain, along FR 421-2","1-Aug-25","female","adult","Sorex","Soricomorpha","Soricidae",c(-83.45086299, 35.029379)
"United States","North Carolina","Nantahala National Forest, Coweeta Hydrological Laboratory, 3.36 km SE Albert Mountain, along FR 421-2","2-Aug-25","male","adult","Sorex","Soricomorpha","Soricidae",c(-83.45086198, 35.02894498)
"United States","North Carolina","Nantahala National Forest, Coweeta Hydrological Laboratory, 3.36 km SE Albert Mountain, along FR 421-2","3-Aug-25","male","adult","Blarina","Soricomorpha","Soricidae",c(-83.45085897, 35.02897499)
"United States","North Carolina","Nantahala National Forest, Coweeta Hydrological Laboratory, 3.36 km SE Albert Mountain, along FR 421-2","2-Aug-25","male","adult","Peromyscus","Rodentia","Cricetidae",c(-83.450837, 35.02905403)
"United States","North Carolina","Nantahala National Forest, Coweeta Hydrological Laboratory, 3.36 km SE Albert Mountain, along FR 421-2","31-Jul-25","male","adult","Sorex","Soricomorpha","Soricidae",c(-83.45082502, 35.02907901)
"United States","North Carolina","Nantahala National Forest, Coweeta Hydrological Laboratory, 3.36 km SE Albert Mountain, along FR 421-2","31-Jul-25","female","subadult","Napaeozapus","Rodentia","Dipodidae",c(-83.450822, 35.02907599)
"United States","North Carolina","Nantahala National Forest, Coweeta Hydrological Laboratory, 3.36 km SE Albert Mountain, along FR 421-2","31-Jul-25","male","adult","Sorex","Soricomorpha","Soricidae",c(-83.45081303, 35.02907599)
"United States","North Carolina","Nantahala National Forest, Coweeta Hydrological Laboratory, 3.36 km SE Albert Mountain, along FR 421-2","3-Aug-25","female","adult","Sorex","Soricomorpha","Soricidae",c(-83.45075201, 35.02963599)
"United States","North Carolina","Nantahala National Forest, Coweeta Hydrological Laboratory, 3.36 km SE Albert Mountain, along FR 421-2","31-Jul-25","female","adult","Napaeozapus","Rodentia","Dipodidae",c(-83.45075201, 35.02963599)
"United States","North Carolina","Nantahala National Forest, Coweeta Hydrological Laboratory, 3.36 km SE Albert Mountain, along FR 421-2","3-Aug-25","male","adult","Sorex","Soricomorpha","Soricidae",c(-83.45075201, 35.02963599)
"United States","North Carolina","Nantahala National Forest, Coweeta Hydrological Laboratory, 3.36 km SE Albert Mountain, along FR 421-2","31-Jul-25","female","adult","Sorex","Soricomorpha","Soricidae",c(-83.45075201, 35.02963599)
"United States","North Carolina","Nantahala National Forest, Coweeta Hydrological Laboratory, 3.36 km SE Albert Mountain, along FR 421-2","13-Oct-25","female","adult","Sorex","Soricomorpha","Soricidae",c(-83.45075201, 35.02963599)
"United States","North Carolina","Nantahala National Forest, Coweeta Hydrological Laboratory, 3.36 km SE Albert Mountain, along FR 421-2","11-Oct-25","female","adult","Blarina","Soricomorpha","Soricidae",c(-83.45075201, 35.02963599)
"United States","North Carolina","Nantahala National Forest, Coweeta Hydrological Laboratory, 3.36 km SE Albert Mountain, along FR 421-2","10-Oct-25","female","adult","Blarina","Soricomorpha","Soricidae",c(-83.45075201, 35.02963599)
"United States","North Carolina","Nantahala National Forest, Coweeta Hydrological Laboratory, 3.36 km SE Albert Mountain, along FR 421-2","1-Aug-25","male","adult","Peromyscus","Rodentia","Cricetidae",c(-83.45073399, 35.02874298)
"United States","North Carolina","Nantahala National Forest, Coweeta Hydrological Laboratory, 3.36 km SE Albert Mountain, along FR 421-2","31-Jul-25","male","adult","Sorex","Soricomorpha","Soricidae",c(-83.450706, 35.02910801)
"United States","North Carolina","Nantahala National Forest, Coweeta Hydrological Laboratory, 3.36 km SE Albert Mountain, along FR 421-2","3-Aug-25","male","adult","Peromyscus","Rodentia","Cricetidae",c(-83.45063098, 35.02885203)
"United States","North Carolina","Nantahala National Forest, Coweeta Hydrological Laboratory, 3.36 km SE Albert Mountain, along FR 421-2","3-Aug-25","female","adult","Peromyscus","Rodentia","Cricetidae",c(-83.45062704, 35.02884801)
"United States","North Carolina","Nantahala National Forest, Coweeta Hydrological Laboratory, 3.36 km SE Albert Mountain, along FR 421-2","3-Aug-25","female","adult","Peromyscus","Rodentia","Cricetidae",c(-83.45062603, 35.02872596)
"United States","North Carolina","Nantahala National Forest, Coweeta Hydrological Laboratory, 2.57 km ENE Albert Mountain, along FR 751","26-Jan-25","female","adult","Sorex","Soricomorpha","Soricidae",c(-83.45061597, 35.06014301)
"United States","North Carolina","Nantahala National Forest, Coweeta Hydrological Laboratory, 2.57 km ENE Albert Mountain, along FR 751","28-Jan-25","female","adult","Myodes","Rodentia","Cricetidae",c(-83.450534, 35.06020697)
"United States","North Carolina","Nantahala National Forest, Coweeta Hydrological Laboratory, 2.57 km ENE Albert Mountain, along FR 751","25-Jan-25","unknown","adult","Sorex","Soricomorpha","Soricidae",c(-83.45027701, 35.0604)
"United States","North Carolina","Nantahala National Forest, Coweeta Hydrological Laboratory, 2.72 km ESE Albert Mountain, along Ball Creek Road","11-Oct-25","female","adult","Peromyscus","Rodentia","Cricetidae",c(-83.45025203, 35.06009096)
"United States","North Carolina","Nantahala National Forest, Coweeta Hydrological Laboratory, 2.72 km ESE Albert Mountain, along Ball Creek Road","11-Oct-25","male","adult","Peromyscus","Rodentia","Cricetidae",c(-83.45025203, 35.06009096)
"United States","North Carolina","Nantahala National Forest, Coweeta Hydrological Laboratory, 2.57 km ENE Albert Mountain, along FR 751","24-Apr-25","female","adult","Sorex","Soricomorpha","Soricidae",c(-83.45024499, 35.06044904)
"United States","North Carolina","Nantahala National Forest, Coweeta Hydrological Laboratory, 2.57 km ENE Albert Mountain, along FR 751","24-May-25","female","adult","Blarina","Soricomorpha","Soricidae",c(-83.450232, 35.05985099)
"United States","North Carolina","Nantahala National Forest, Coweeta Hydrological Laboratory, 2.57 km ENE Albert Mountain, along FR 751","20-Apr-25","male","adult","Blarina","Soricomorpha","Soricidae",c(-83.450232, 35.05991201)
"United States","North Carolina","Nantahala National Forest, Coweeta Hydrological Laboratory, 2.57 km ENE Albert Mountain, along FR 751","20-Apr-25","male","adult","Blarina","Soricomorpha","Soricidae",c(-83.450232, 35.05991201)
"United States","North Carolina","Nantahala National Forest, Coweeta Hydrological Laboratory, 2.57 km ENE Albert Mountain, along FR 751","20-Apr-25","unknown","adult","Sorex","Soricomorpha","Soricidae",c(-83.450232, 35.05991201)
"United States","North Carolina","Nantahala National Forest, Coweeta Hydrological Laboratory, 2.57 km ENE Albert Mountain, along FR 751","26-May-25","male","adult","Sorex","Soricomorpha","Soricidae",c(-83.45021297, 35.06007596)
"United States","North Carolina","Nantahala National Forest, Coweeta Hydrological Laboratory, 2.57 km ENE Albert Mountain, along FR 751","24-Apr-25","male","juvenile","Peromyscus","Rodentia","Cricetidae",c(-83.45019503, 35.06051299)
"United States","North Carolina","Nantahala National Forest, Coweeta Hydrological Laboratory, 2.57 km ENE Albert Mountain, along FR 751","14-Oct-25","female","adult","Sorex","Soricomorpha","Soricidae",c(-83.45016402, 35.05996004)
"United States","North Carolina","Nantahala National Forest, Coweeta Hydrological Laboratory, 2.57 km ENE Albert Mountain, along FR 751","23-Apr-25","male","subadult","Microtus","Rodentia","Cricetidae",c(-83.450117, 35.06026598)
"United States","North Carolina","Nantahala National Forest, Coweeta Hydrological Laboratory, 2.57 km ENE Albert Mountain, along FR 751","12-Oct-25","female","subadult","Sorex","Soricomorpha","Soricidae",c(-83.45008196, 35.06040897)
"United States","North Carolina","GREAT SMOKY MTS. NATL PARK.  35D37'N, 83D27'W.  EL; 35D37'N 83D27'W","2-Jun-94","female","","Peromyscus","Rodentia","Cricetidae",c(-83.45, 35.6167)
"United States","North Carolina","GREAT SMOKY MT. NATL PK.  35D37'N, 83D27'W.  ELEV.; 35D37'N 83D27'W","2-Jun-94","male","","Myodes","Rodentia","Cricetidae",c(-83.45, 35.6167)
"United States","North Carolina","GREAT SMOKY MT. NATL PK.  35D37'N, 83D27'W.  ELEV.; 35D37'N 83D27'W","2-Jun-94","female","","Myodes","Rodentia","Cricetidae",c(-83.45, 35.6167)
"United States","North Carolina","GREAT SMOKY MT. NATL PK.  35D37'N, 83D27'W.  ELEV.; 35D37'N 83D27'W","2-Jun-94","male","","Myodes","Rodentia","Cricetidae",c(-83.45, 35.6167)
"United States","North Carolina","GREAT SMOKY MT. NATL PK.  35D37'N, 83D27'W.  ELEV.; 35D37'N 83D27'W","2-Jun-94","female","","Myodes","Rodentia","Cricetidae",c(-83.45, 35.6167)
"United States","North Carolina","GREAT SMOKY MT. NATL PK.  35D37'N, 83D27'W.  ELEV.; 35D37'N 83D27'W","2-Jun-94","male","","Myodes","Rodentia","Cricetidae",c(-83.45, 35.6167)
"United States","North Carolina","GREAT SMOKY MT. NATL PK.  35D37'N, 83D27'W.  ELEV.; 35D37'N 83D27'W","2-Jun-94","male","","Myodes","Rodentia","Cricetidae",c(-83.45, 35.6167)
"United States","North Carolina","GREAT SMOKY MT. NATL PK.  35D37'N, 83D27'W.  ELEV.; 35D37'N 83D27'W","2-Jun-94","female","","Myodes","Rodentia","Cricetidae",c(-83.45, 35.6167)
"United States","North Carolina","Nantahala National Forest, Coweeta Hydrological Laboratory, 2.57 km ENE Albert Mountain, along FR 751","23-Apr-25","male","subadult","Peromyscus","Rodentia","Cricetidae",c(-83.44996101, 35.06004503)
"United States","North Carolina","Nantahala National Forest, Coweeta Hydrological Laboratory, 2.57 km ENE Albert Mountain, along FR 751","10-Oct-25","female","adult","Sorex","Soricomorpha","Soricidae",c(-83.44984802, 35.05985501)
"United States","North Carolina","Nantahala National Forest, Coweeta Hydrological Laboratory, 2.57 km ENE Albert Mountain, along FR 751","27-Jan-25","male","subadult","Peromyscus","Rodentia","Cricetidae",c(-83.44980896, 35.06033303)
"United States","North Carolina","Nantahala National Forest, Coweeta Hydrological Laboratory, 2.57 km ENE Albert Mountain, along FR 751","20-Apr-25","female","subadult","Microtus","Rodentia","Cricetidae",c(-83.44978197, 35.05989902)
"United States","North Carolina","Nantahala National Forest, Coweeta Hydrological Laboratory, 2.57 km ENE Albert Mountain, along FR 751","22-Apr-25","female","adult","Sorex","Soricomorpha","Soricidae",c(-83.44978197, 35.05989902)
"United States","North Carolina","Nantahala National Forest, Coweeta Hydrological Laboratory, 2.57 km ENE Albert Mountain, along FR 751","10-Oct-25","female","adult","Peromyscus","Rodentia","Cricetidae",c(-83.44978197, 35.05989902)
"United States","North Carolina","Nantahala National Forest, Coweeta Hydrological Laboratory, 2.57 km ENE Albert Mountain, along FR 751","26-Jan-25","unknown","adult","Sorex","Soricomorpha","Soricidae",c(-83.44976496, 35.06007403)
"United States","North Carolina","Nantahala National Forest, Coweeta Hydrological Laboratory, 2.57 km ENE Albert Mountain, along FR 751","22-Apr-25","female","adult","Blarina","Soricomorpha","Soricidae",c(-83.44973998, 35.06031099)
"United States","North Carolina","Nantahala National Forest, Coweeta Hydrological Laboratory, 2.57 km ENE Albert Mountain, along FR 751","14-Oct-25","female","adult","Blarina","Soricomorpha","Soricidae",c(-83.44973001, 35.059924)
"United States","North Carolina","Nantahala National Forest, Coweeta Hydrological Laboratory, 2.57 km ENE Albert Mountain, along FR 751","14-Oct-25","unknown","adult","Blarina","Soricomorpha","Soricidae",c(-83.44973001, 35.059924)
"United States","North Carolina","Nantahala National Forest, Coweeta Hydrological Laboratory, 2.57 km ENE Albert Mountain, along FR 751","14-Oct-25","male","adult","Blarina","Soricomorpha","Soricidae",c(-83.44973001, 35.059924)
"United States","North Carolina","Nantahala National Forest, Coweeta Hydrological Laboratory, 2.57 km ENE Albert Mountain, along FR 751","27-Jan-25","male","juvenile","Peromyscus","Rodentia","Cricetidae",c(-83.44972196, 35.060098)
"United States","North Carolina","Nantahala National Forest, Coweeta Hydrological Laboratory, 2.57 km ENE Albert Mountain, along FR 751","10-Oct-25","male","subadult","Sorex","Soricomorpha","Soricidae",c(-83.44967703, 35.06031501)
"United States","North Carolina","Nantahala National Forest, Coweeta Hydrological Laboratory, 2.57 km ENE Albert Mountain, along FR 751","29-Jan-26","male","adult","Blarina","Soricomorpha","Soricidae",c(-83.44964996, 35.05998502)
"United States","North Carolina","Nantahala National Forest, Coweeta Hydrological Laboratory, 2.57 km ENE Albert Mountain, along FR 751","1-Feb-26","male","adult","Microtus","Rodentia","Cricetidae",c(-83.44963999, 35.06028299)
"United States","North Carolina","Nantahala National Forest, Coweeta Hydrological Laboratory, 2.57 km ENE Albert Mountain, along FR 751","23-Apr-25","female","adult","Blarina","Soricomorpha","Soricidae",c(-83.44963102, 35.06000597)
"United States","North Carolina","Nantahala National Forest, Coweeta Hydrological Laboratory, 2.57 km ENE Albert Mountain, along FR 751","23-Apr-25","male","adult","Blarina","Soricomorpha","Soricidae",c(-83.44963102, 35.06000597)
"United States","North Carolina","Nantahala National Forest, Coweeta Hydrological Laboratory, 2.57 km ENE Albert Mountain, along FR 751","29-Jan-26","male","subadult","Sorex","Soricomorpha","Soricidae",c(-83.44959296, 35.05992802)
"United States","North Carolina","Nantahala National Forest, Coweeta Hydrological Laboratory, 2.57 km ENE Albert Mountain, along FR 751","29-Jan-26","female","adult","Sorex","Soricomorpha","Soricidae",c(-83.44959296, 35.05992802)
"United States","North Carolina","Nantahala National Forest, Coweeta Hydrological Laboratory, 2.57 km ENE Albert Mountain, along FR 751","23-Apr-25","male","adult","Sorex","Soricomorpha","Soricidae",c(-83.44954502, 35.06012298)
"United States","North Carolina","Nantahala National Forest, Coweeta Hydrological Laboratory, 2.57 km ENE Albert Mountain, along FR 751","20-Apr-25","male","adult","Blarina","Soricomorpha","Soricidae",c(-83.44951803, 35.05987203)
"United States","North Carolina","Nantahala National Forest, Coweeta Hydrological Laboratory, 3.38 km E Albert Mountain, along Ball Creek Road","29-Jan-26","male","adult","Sorex","Soricomorpha","Soricidae",c(-83.44950898, 35.060183)
"United States","North Carolina","Nantahala National Forest, Coweeta Hydrological Laboratory, 2.57 km ENE Albert Mountain, along FR 751","14-Oct-25","male","adult","Sorex","Soricomorpha","Soricidae",c(-83.44950898, 35.060183)
"United States","North Carolina","Nantahala National Forest, Coweeta Hydrological Laboratory, 2.57 km ENE Albert Mountain, along FR 751","30-Jul-25","female","subadult","Peromyscus","Rodentia","Cricetidae",c(-83.44949196, 35.06023404)
"United States","North Carolina","Nantahala National Forest, Coweeta Hydrological Laboratory, 2.57 km ENE Albert Mountain, along FR 751","22-Apr-25","female","adult","Sorex","Soricomorpha","Soricidae",c(-83.44946497, 35.06014603)
"United States","North Carolina","Nantahala National Forest, Coweeta Hydrological Laboratory, 3.84 km SE Albert Mountain, along FR 421-2","23-Apr-25","male","subadult","Microtus","Rodentia","Cricetidae",c(-83.449427, 35.02658799)
"United States","North Carolina","Nantahala National Forest, Coweeta Hydrological Laboratory, 2.57 km ENE Albert Mountain, along FR 751","11-Oct-25","male","adult","Peromyscus","Rodentia","Cricetidae",c(-83.44936003, 35.05989097)
"United States","North Carolina","Nantahala National Forest, Coweeta Hydrological Laboratory, 3.84 km SE Albert Mountain, along FR 421-2","23-May-25","male","subadult","Peromyscus","Rodentia","Cricetidae",c(-83.44935802, 35.02718101)
"United States","North Carolina","Nantahala National Forest, Coweeta Hydrological Laboratory, 2.57 km ENE Albert Mountain, along FR 751","29-Jan-25","unknown","adult","Sorex","Soricomorpha","Soricidae",c(-83.44933597, 35.06006104)
"United States","North Carolina","Nantahala National Forest, Coweeta Hydrological Laboratory, 2.57 km ENE Albert Mountain, along FR 751","11-Oct-25","female","adult","Peromyscus","Rodentia","Cricetidae",c(-83.44933002, 35.05972803)
"United States","North Carolina","Nantahala National Forest, Coweeta Hydrological Laboratory, 2.57 km ENE Albert Mountain, along FR 751","19-Apr-25","female","adult","Peromyscus","Rodentia","Cricetidae",c(-83.44932298, 35.05946701)
"United States","North Carolina","Nantahala National Forest, Coweeta Hydrological Laboratory, 2.57 km ENE Albert Mountain, along FR 751","13-Oct-25","male","adult","Peromyscus","Rodentia","Cricetidae",c(-83.44931896, 35.05961797)
"United States","North Carolina","Nantahala National Forest, Coweeta Hydrological Laboratory, 2.57 km ENE Albert Mountain, along FR 751","28-Jan-25","male","adult","Peromyscus","Rodentia","Cricetidae",c(-83.44931896, 35.06020504)
"United States","North Carolina","Nantahala National Forest, Coweeta Hydrological Laboratory, 3.84 km SE Albert Mountain, along FR 421-2","23-May-25","male","adult","Peromyscus","Rodentia","Cricetidae",c(-83.44929004, 35.02720004)
"United States","North Carolina","Nantahala National Forest, Coweeta Hydrological Laboratory, 3.84 km SE Albert Mountain, along FR 421-2","13-Oct-25","female","adult","Peromyscus","Rodentia","Cricetidae",c(-83.44927504, 35.02687499)
"United States","North Carolina","Nantahala National Forest, Coweeta Hydrological Laboratory, 2.57 km ENE Albert Mountain, along FR 751","24-Apr-25","male","subadult","Peromyscus","Rodentia","Cricetidae",c(-83.44927504, 35.05987404)
"United States","North Carolina","Nantahala National Forest, Coweeta Hydrological Laboratory, 3.84 km SE Albert Mountain, along FR 421-2","24-May-25","female","adult","Peromyscus","Rodentia","Cricetidae",c(-83.44927101, 35.02725896)
"United States","North Carolina","Nantahala National Forest, Coweeta Hydrological Laboratory, 2.57 km ENE Albert Mountain, along FR 751","27-Jan-25","female","adult","Ochrotomys","Rodentia","Cricetidae",c(-83.44926397, 35.06020999)
"United States","North Carolina","Nantahala National Forest, Coweeta Hydrological Laboratory, 2.57 km ENE Albert Mountain, along FR 751","24-May-25","male","adult","Sorex","Soricomorpha","Soricidae",c(-83.44917504, 35.02643402)
"United States","North Carolina","Nantahala National Forest, Coweeta Hydrological Laboratory, 2.57 km ENE Albert Mountain, along FR 751","27-Jan-25","female","adult","Peromyscus","Rodentia","Cricetidae",c(-83.44916901, 35.05940298)
"United States","North Carolina","Nantahala National Forest, Coweeta Hydrological Laboratory, 2.57 km ENE Albert Mountain, along FR 751","10-Oct-25","male","adult","Peromyscus","Rodentia","Cricetidae",c(-83.44915903, 35.05965502)
"United States","North Carolina","Nantahala National Forest, Coweeta Hydrological Laboratory, 2.57 km ENE Albert Mountain, along FR 751","2-Aug-25","male","adult","Peromyscus","Rodentia","Cricetidae",c(-83.44915199, 35.05961898)
"United States","North Carolina","Nantahala National Forest, Coweeta Hydrological Laboratory, 2.57 km ENE Albert Mountain, along FR 751","10-Oct-25","male","adult","Peromyscus","Rodentia","Cricetidae",c(-83.44914696, 35.05969601)
"United States","North Carolina","Nantahala National Forest, Coweeta Hydrological Laboratory, 3.84 km SE Albert Mountain, along FR 421-2","24-May-25","female","adult","Ochrotomys","Rodentia","Cricetidae",c(-83.44914101, 35.02715402)
"United States","North Carolina","Nantahala National Forest, Coweeta Hydrological Laboratory, 2.57 km ENE Albert Mountain, along FR 751","10-Oct-25","female","adult","Peromyscus","Rodentia","Cricetidae",c(-83.44914, 35.05973297)
"United States","North Carolina","Nantahala National Forest, Coweeta Hydrological Laboratory, 2.57 km ENE Albert Mountain, along FR 751","19-Apr-25","male","subadult","Peromyscus","Rodentia","Cricetidae",c(-83.44912601, 35.05945402)
"United States","North Carolina","Nantahala National Forest, Coweeta Hydrological Laboratory, 3.84 km SE Albert Mountain, along FR 421-2","23-May-25","unknown","adult","Sorex","Soricomorpha","Soricidae",c(-83.44910899, 35.02472302)
"United States","North Carolina","Nantahala National Forest, Coweeta Hydrological Laboratory, 3.84 km SE Albert Mountain, along FR 421-2","30-Jul-25","female","adult","Peromyscus","Rodentia","Cricetidae",c(-83.44910799, 35.02690097)
"United States","North Carolina","Nantahala National Forest, Coweeta Hydrological Laboratory, 2.57 km ENE Albert Mountain, along FR 751","20-Apr-25","female","adult","Ochrotomys","Rodentia","Cricetidae",c(-83.44910799, 35.05953197)
"United States","North Carolina","Nantahala National Forest, Coweeta Hydrological Laboratory, 3.84 km SE Albert Mountain, along FR 421-2","23-May-25","female","adult","Peromyscus","Rodentia","Cricetidae",c(-83.44910103, 35.02703902)
"United States","North Carolina","Nantahala National Forest, Coweeta Hydrological Laboratory, 3.84 km SE Albert Mountain, along FR 421-2","30-Jul-25","female","adult","Peromyscus","Rodentia","Cricetidae",c(-83.44908401, 35.02685697)
"United States","North Carolina","Nantahala National Forest, Coweeta Hydrological Laboratory, 2.57 km ENE Albert Mountain, along FR 751","27-Jan-25","female","adult","Peromyscus","Rodentia","Cricetidae",c(-83.44907898, 35.05991997)
"United States","North Carolina","Nantahala National Forest, Coweeta Hydrological Laboratory, 2.57 km ENE Albert Mountain, along FR 751","27-Jan-25","male","adult","Peromyscus","Rodentia","Cricetidae",c(-83.44907898, 35.05991997)
"United States","North Carolina","Nantahala National Forest, Coweeta Hydrological Laboratory, 2.57 km ENE Albert Mountain, along FR 751","31-Jul-25","male","adult","Peromyscus","Rodentia","Cricetidae",c(-83.44907404, 35.05968201)
"United States","North Carolina","Nantahala National Forest, Coweeta Hydrological Laboratory, 2.57 km ENE Albert Mountain, along FR 751","1-Aug-25","female","adult","Peromyscus","Rodentia","Cricetidae",c(-83.44906901, 35.05947104)
"United States","North Carolina","Nantahala National Forest, Coweeta Hydrological Laboratory, 3.84 km SE Albert Mountain, along FR 421-2","22-Apr-25","female","adult","Blarina","Soricomorpha","Soricidae",c(-83.44905702, 35.02654198)
"United States","North Carolina","Nantahala National Forest, Coweeta Hydrological Laboratory, 2.57 km ENE Albert Mountain, along FR 751","1-Aug-25","male","adult","Peromyscus","Rodentia","Cricetidae",c(-83.44905702, 35.05946802)
"United States","North Carolina","Nantahala National Forest, Coweeta Hydrological Laboratory, 2.57 km ENE Albert Mountain, along FR 751","19-Apr-25","male","adult","Peromyscus","Rodentia","Cricetidae",c(-83.44903699, 35.05958101)
"United States","North Carolina","Nantahala National Forest, Coweeta Hydrological Laboratory, 3.84 km SE Albert Mountain, along FR 421-2","19-Apr-25","male","adult","Blarina","Soricomorpha","Soricidae",c(-83.44902903, 35.02655698)
"United States","North Carolina","Nantahala National Forest, Coweeta Hydrological Laboratory, 2.57 km ENE Albert Mountain, along FR 751","2-Aug-25","female","adult","Peromyscus","Rodentia","Cricetidae",c(-83.44902702, 35.05979701)
"United States","North Carolina","Nantahala National Forest, Coweeta Hydrological Laboratory, 3.84 km SE Albert Mountain, along FR 421-2","24-Apr-25","male","juvenile","Peromyscus","Rodentia","Cricetidae",c(-83.44901696, 35.02671598)
"United States","North Carolina","Nantahala National Forest, Coweeta Hydrological Laboratory, 2.57 km ENE Albert Mountain, along FR 751","29-Jan-25","female","adult","Peromyscus","Rodentia","Cricetidae",c(-83.44901503, 35.05971998)
"United States","North Carolina","Nantahala National Forest, Coweeta Hydrological Laboratory, 3.84 km SE Albert Mountain, along FR 421-2","24-Apr-25","male","juvenile","Peromyscus","Rodentia","Cricetidae",c(-83.44900799, 35.026574)
"United States","North Carolina","Nantahala National Forest, Coweeta Hydrological Laboratory, 3.84 km SE Albert Mountain, along FR 421-2","22-May-25","female","adult","Blarina","Soricomorpha","Soricidae",c(-83.44900698, 35.026373)
"United States","North Carolina","Nantahala National Forest, Coweeta Hydrological Laboratory, 3.84 km SE Albert Mountain, along FR 421-2","30-Jul-25","male","adult","Peromyscus","Rodentia","Cricetidae",c(-83.44900698, 35.02666603)
"United States","North Carolina","Nantahala National Forest, Coweeta Hydrological Laboratory, 3.84 km SE Albert Mountain, along FR 421-2","24-Apr-25","female","adult","Peromyscus","Rodentia","Cricetidae",c(-83.44899299, 35.02644399)
"United States","North Carolina","Nantahala National Forest, Coweeta Hydrological Laboratory, 3.84 km SE Albert Mountain, along FR 421-2","19-Apr-25","male","adult","Sorex","Soricomorpha","Soricidae",c(-83.44898896, 35.026402)
"United States","North Carolina","Nantahala National Forest, Coweeta Hydrological Laboratory, 3.84 km SE Albert Mountain, along FR 421-2","1-Aug-25","female","adult","Sorex","Soricomorpha","Soricidae",c(-83.44898301, 35.02657601)
"United States","North Carolina","Nantahala National Forest, Coweeta Hydrological Laboratory, 3.84 km SE Albert Mountain, along FR 421-2","26-May-25","female","adult","Microtus","Rodentia","Cricetidae",c(-83.44898201, 35.02663602)
"United States","North Carolina","Nantahala National Forest, Coweeta Hydrological Laboratory, 2.57 km ENE Albert Mountain, along FR 751","2-Aug-25","female","adult","Napaeozapus","Rodentia","Dipodidae",c(-83.44896097, 35.05961797)
"United States","North Carolina","Nantahala National Forest, Coweeta Hydrological Laboratory, 3.84 km SE Albert Mountain, along FR 421-2","31-Jul-25","unknown","adult","Sorex","Soricomorpha","Soricidae",c(-83.44893901, 35.02669302)
"United States","North Carolina","Nantahala National Forest, Coweeta Hydrological Laboratory, 3.84 km SE Albert Mountain, along FR 421-2","26-May-25","male","adult","Sorex","Soricomorpha","Soricidae",c(-83.44893197, 35.02633402)
"United States","North Carolina","Nantahala National Forest, Coweeta Hydrological Laboratory, 3.84 km SE Albert Mountain, along FR 421-2","25-May-25","male","adult","Blarina","Soricomorpha","Soricidae",c(-83.44893197, 35.02636302)
"United States","North Carolina","Nantahala National Forest, Coweeta Hydrological Laboratory, 3.84 km SE Albert Mountain, along FR 421-2","26-May-25","male","adult","Blarina","Soricomorpha","Soricidae",c(-83.44893096, 35.02633603)
"United States","North Carolina","Nantahala National Forest, Coweeta Hydrological Laboratory, 3.84 km SE Albert Mountain, along FR 421-2","21-Apr-25","female","adult","Sorex","Soricomorpha","Soricidae",c(-83.44893004, 35.02634601)
"United States","North Carolina","Nantahala National Forest, Coweeta Hydrological Laboratory, 3.84 km SE Albert Mountain, along FR 421-2","23-May-25","male","adult","Sorex","Soricomorpha","Soricidae",c(-83.44892501, 35.02626001)
"United States","North Carolina","Nantahala National Forest, Coweeta Hydrological Laboratory, 3.36 km SE Albert Mountain, along FR 421-2","1-Aug-25","female","adult","Sorex","Soricomorpha","Soricidae",c(-83.44891998, 35.02623503)
"United States","North Carolina","Nantahala National Forest, Coweeta Hydrological Laboratory, 3.84 km SE Albert Mountain, along FR 421-2","31-Jul-25","female","subadult","Napaeozapus","Rodentia","Dipodidae",c(-83.44891503, 35.02650803)
"United States","North Carolina","Nantahala National Forest, Coweeta Hydrological Laboratory, 3.84 km SE Albert Mountain, along FR 421-2","31-Jul-25","female","adult","Sorex","Soricomorpha","Soricidae",c(-83.44890598, 35.026229)
"United States","North Carolina","Nantahala National Forest, Coweeta Hydrological Laboratory, 3.84 km SE Albert Mountain, along FR 421-2","31-Jul-25","male","adult","Sorex","Soricomorpha","Soricidae",c(-83.44890598, 35.026229)
"United States","North Carolina","Nantahala National Forest, Coweeta Hydrological Laboratory, 2.72 km ESE Albert Mountain, along Ball Creek Road","23-Apr-25","female","juvenile","Peromyscus","Rodentia","Cricetidae",c(-83.44890598, 35.026474)
"United States","North Carolina","Nantahala National Forest, Coweeta Hydrological Laboratory, 3.84 km SE Albert Mountain, along FR 421-2","22-May-25","female","adult","Blarina","Soricomorpha","Soricidae",c(-83.44890104, 35.02624501)
"United States","North Carolina","Nantahala National Forest, Coweeta Hydrological Laboratory, 2.57 km ENE Albert Mountain, along FR 751","13-Oct-25","female","adult","Peromyscus","Rodentia","Cricetidae",c(-83.44889802, 35.05980204)
"United States","North Carolina","Nantahala National Forest, Coweeta Hydrological Laboratory, 3.84 km SE Albert Mountain, along FR 421-2","31-Jul-25","male","adult","Peromyscus","Rodentia","Cricetidae",c(-83.44889701, 35.02680198)
"United States","North Carolina","Nantahala National Forest, Coweeta Hydrological Laboratory, 3.84 km SE Albert Mountain, along FR 421-2","25-May-25","male","adult","Peromyscus","Rodentia","Cricetidae",c(-83.44889098, 35.02682604)
"United States","North Carolina","Nantahala National Forest, Coweeta Hydrological Laboratory, 4.51 km ENE Albert Mountain, along Ball Creek Road","29-Jan-25","male","adult","Peromyscus","Rodentia","Cricetidae",c(-83.44888402, 35.05965896)
"United States","North Carolina","Nantahala National Forest, Coweeta Hydrological Laboratory, 3.84 km SE Albert Mountain, along FR 421-2","26-May-25","male","subadult","Peromyscus","Rodentia","Cricetidae",c(-83.44887304, 35.02650401)
"United States","North Carolina","Nantahala National Forest, Coweeta Hydrological Laboratory, 3.84 km SE Albert Mountain, along FR 421-2","1-Aug-25","male","adult","Peromyscus","Rodentia","Cricetidae",c(-83.44887103, 35.02678002)
"United States","North Carolina","Nantahala National Forest, Coweeta Hydrological Laboratory, 3.84 km SE Albert Mountain, along FR 421-2","23-May-25","male","adult","Peromyscus","Rodentia","Cricetidae",c(-83.44886499, 35.02671699)
"United States","North Carolina","Nantahala National Forest, Coweeta Hydrological Laboratory, 3.84 km SE Albert Mountain, along FR 421-2","1-Aug-25","female","adult","Microtus","Rodentia","Cricetidae",c(-83.44885301, 35.02634098)
"United States","North Carolina","Nantahala National Forest, Coweeta Hydrological Laboratory, 3.84 km SE Albert Mountain, along FR 421-2","26-May-25","female","adult","Sorex","Soricomorpha","Soricidae",c(-83.44884697, 35.02620704)
"United States","North Carolina","Nantahala National Forest, Coweeta Hydrological Laboratory, 3.84 km SE Albert Mountain, along FR 421-2","31-Jul-25","female","adult","Peromyscus","Rodentia","Cricetidae",c(-83.44884597, 35.02629798)
"United States","North Carolina","Nantahala National Forest, Coweeta Hydrological Laboratory, 3.84 km SE Albert Mountain, along FR 421-2","30-Jul-25","male","adult","Blarina","Soricomorpha","Soricidae",c(-83.44884203, 35.02625397)
"United States","North Carolina","Nantahala National Forest, Coweeta Hydrological Laboratory, 2.57 km ENE Albert Mountain, along FR 751","19-Apr-25","female","adult","Peromyscus","Rodentia","Cricetidae",c(-83.448837, 35.059594)
"United States","North Carolina","Nantahala National Forest, Coweeta Hydrological Laboratory, 3.84 km SE Albert Mountain, along FR 421-2","26-May-25","male","adult","Sorex","Soricomorpha","Soricidae",c(-83.44883298, 35.02621802)
"United States","North Carolina","Nantahala National Forest, Coweeta Hydrological Laboratory, 2.57 km ENE Albert Mountain, along FR 751","1-Aug-25","female","adult","Peromyscus","Rodentia","Cricetidae",c(-83.44882904, 35.059637)
"United States","North Carolina","Nantahala National Forest, Coweeta Hydrological Laboratory, 3.84 km SE Albert Mountain, along FR 421-2","24-Apr-25","female","adult","Peromyscus","Rodentia","Cricetidae",c(-83.44882401, 35.02727003)
"United States","North Carolina","Nantahala National Forest, Coweeta Hydrological Laboratory, 3.84 km SE Albert Mountain, along FR 421-2","31-Jul-25","female","adult","Peromyscus","Rodentia","Cricetidae",c(-83.44881202, 35.02641398)
"United States","North Carolina","Nantahala National Forest, Coweeta Hydrological Laboratory, 3.84 km SE Albert Mountain, along FR 421-2","25-May-25","male","adult","Myodes","Rodentia","Cricetidae",c(-83.448808, 35.02627602)
"United States","North Carolina","Nantahala National Forest, Coweeta Hydrological Laboratory, 2.72 km ESE Albert Mountain, along Ball Creek Road","23-Apr-25","female","juvenile","Peromyscus","Rodentia","Cricetidae",c(-83.448808, 35.02639001)
"United States","North Carolina","Nantahala National Forest, Coweeta Hydrological Laboratory, 2.72 km ESE Albert Mountain, along Ball Creek Road","23-Apr-25","male","adult","Sorex","Soricomorpha","Soricidae",c(-83.44880003, 35.02653703)
"United States","North Carolina","Nantahala National Forest, Coweeta Hydrological Laboratory, 3.84 km SE Albert Mountain, along FR 421-2","23-May-25","male","adult","Peromyscus","Rodentia","Cricetidae",c(-83.448765, 35.02662797)
"United States","North Carolina","Nantahala National Forest, Coweeta Hydrological Laboratory, 2.57 km ENE Albert Mountain, along FR 751","1-Aug-25","male","adult","Peromyscus","Rodentia","Cricetidae",c(-83.44875301, 35.05964798)
"United States","North Carolina","Nantahala National Forest, Coweeta Hydrological Laboratory, 3.84 km SE Albert Mountain, along FR 421-2","19-Apr-25","female","adult","Blarina","Soricomorpha","Soricidae",c(-83.44874698, 35.02627803)
"United States","North Carolina","Nantahala National Forest, Coweeta Hydrological Laboratory, 3.84 km SE Albert Mountain, along FR 421-2","11-Oct-25","male","adult","Peromyscus","Rodentia","Cricetidae",c(-83.44874698, 35.02627803)
"United States","North Carolina","Nantahala National Forest, Coweeta Hydrological Laboratory, 3.84 km SE Albert Mountain, along FR 421-2","11-Oct-25","female","adult","Peromyscus","Rodentia","Cricetidae",c(-83.44874698, 35.02627803)
"United States","North Carolina","Nantahala National Forest, Coweeta Hydrological Laboratory, 3.84 km SE Albert Mountain, along FR 421-2","12-Oct-25","male","adult","Blarina","Soricomorpha","Soricidae",c(-83.44874698, 35.02627803)
"United States","North Carolina","Nantahala National Forest, Coweeta Hydrological Laboratory, 3.84 km SE Albert Mountain, along FR 421-2","12-Oct-25","female","adult","Peromyscus","Rodentia","Cricetidae",c(-83.44874698, 35.02627803)
"United States","North Carolina","Nantahala National Forest, Coweeta Hydrological Laboratory, 2.72 km ESE Albert Mountain, along Ball Creek Road","23-Apr-25","male","subadult","Peromyscus","Rodentia","Cricetidae",c(-83.448736, 35.02627099)
"United States","North Carolina","Nantahala National Forest, Coweeta Hydrological Laboratory, 2.57 km ENE Albert Mountain, along FR 751","26-Jan-25","female","adult","Ochrotomys","Rodentia","Cricetidae",c(-83.44873298, 35.05998996)
"United States","North Carolina","Nantahala National Forest, Coweeta Hydrological Laboratory, 3.84 km SE Albert Mountain, along FR 421-2","24-Apr-25","male","adult","Blarina","Soricomorpha","Soricidae",c(-83.448707, 35.02624299)
"United States","North Carolina","Nantahala National Forest, Coweeta Hydrological Laboratory, 3.84 km SE Albert Mountain, along FR 421-2","24-Apr-25","female","juvenile","Peromyscus","Rodentia","Cricetidae",c(-83.44870004, 35.02597502)
"United States","North Carolina","Nantahala National Forest, Coweeta Hydrological Laboratory, 2.72 km ESE Albert Mountain, along Ball Creek Road","11-Oct-25","female","adult","Peromyscus","Rodentia","Cricetidae",c(-83.44863801, 35.02636797)
"United States","North Carolina","Nantahala National Forest, Coweeta Hydrological Laboratory, 2.72 km ESE Albert Mountain, along Ball Creek Road","13-Oct-25","female","adult","Peromyscus","Rodentia","Cricetidae",c(-83.44863801, 35.061148)
"United States","North Carolina","Nantahala National Forest, Coweeta Hydrological Laboratory, 3.84 km SE Albert Mountain, along FR 421-2","30-Jul-25","male","subadult","Peromyscus","Rodentia","Cricetidae",c(-83.448621, 35.026748)
"United States","North Carolina","Nantahala National Forest, Coweeta Hydrological Laboratory, 3.84 km SE Albert Mountain, along FR 421-2","24-Apr-25","male","subadult","Peromyscus","Rodentia","Cricetidae",c(-83.44861899, 35.02636403)
"United States","North Carolina","Nantahala National Forest, Coweeta Hydrological Laboratory, 2.57 km ENE Albert Mountain, along FR 751","1-Aug-25","female","adult","Peromyscus","Rodentia","Cricetidae",c(-83.44861496, 35.05959802)
"United States","North Carolina","Nantahala National Forest, Coweeta Hydrological Laboratory, 2.57 km ENE Albert Mountain, along FR 751","23-Apr-25","male","subadult","Microtus","Rodentia","Cricetidae",c(-83.44861002, 35.05988996)
"United States","North Carolina","Nantahala National Forest, Coweeta Hydrological Laboratory, 2.57 km ENE Albert Mountain, along FR 751","29-Jan-25","female","adult","Peromyscus","Rodentia","Cricetidae",c(-83.44858697, 35.05993598)
"United States","North Carolina","Nantahala National Forest, Coweeta Hydrological Laboratory, 2.72 km ESE Albert Mountain, along Ball Creek Road","24-Apr-25","male","adult","Peromyscus","Rodentia","Cricetidae",c(-83.44858303, 35.02559901)
"United States","North Carolina","Nantahala National Forest, Coweeta Hydrological Laboratory, 3.84 km SE Albert Mountain, along FR 421-2","23-May-25","male","subadult","Peromyscus","Rodentia","Cricetidae",c(-83.44858102, 35.02668799)
"United States","North Carolina","Nantahala National Forest, Coweeta Hydrological Laboratory, 3.84 km SE Albert Mountain, along FR 421-2","1-Aug-25","male","adult","Peromyscus","Rodentia","Cricetidae",c(-83.44855302, 35.02667198)
"United States","North Carolina","Nantahala National Forest, Coweeta Hydrological Laboratory, 2.57 km ENE Albert Mountain, along FR 751","2-Aug-25","male","adult","Peromyscus","Rodentia","Cricetidae",c(-83.44855101, 35.05967304)
"United States","North Carolina","Nantahala National Forest, Coweeta Hydrological Laboratory, 2.57 km ENE Albert Mountain, along FR 751","29-Jan-25","male","adult","Peromyscus","Rodentia","Cricetidae",c(-83.44854598, 35.06013497)
"United States","North Carolina","Nantahala National Forest, Coweeta Hydrological Laboratory, 3.84 km SE Albert Mountain, along FR 421-2","24-Apr-25","male","subadult","Peromyscus","Rodentia","Cricetidae",c(-83.44851103, 35.02544403)
"United States","North Carolina","Nantahala National Forest, Coweeta Hydrological Laboratory, 3.84 km SE Albert Mountain, along FR 421-2","11-Oct-25","male","adult","Peromyscus","Rodentia","Cricetidae",c(-83.44838304, 35.02624199)
"United States","North Carolina","Nantahala National Forest, Coweeta Hydrological Laboratory, 3.84 km SE Albert Mountain, along FR 421-2","25-May-25","male","subadult","Microtus","Rodentia","Cricetidae",c(-83.44834699, 35.02655203)
"United States","North Carolina","Nantahala National Forest, Coweeta Hydrological Laboratory, 3.84 km SE Albert Mountain, along FR 421-2","24-Apr-25","female","subadult","Peromyscus","Rodentia","Cricetidae",c(-83.44833098, 35.02633704)
"United States","North Carolina","Nantahala National Forest, Coweeta Hydrological Laboratory, 2.57 km ENE Albert Mountain, along FR 751","28-Jan-25","female","adult","Peromyscus","Rodentia","Cricetidae",c(-83.44830198, 35.05980003)
"United States","North Carolina","Nantahala National Forest, Coweeta Hydrological Laboratory, 2.57 km ENE Albert Mountain, along FR 751","25-Jan-25","male","adult","Sorex","Soricomorpha","Soricidae",c(-83.44824096, 35.05997797)
"United States","North Carolina","Nantahala National Forest, Coweeta Hydrological Laboratory, 2.57 km ENE Albert Mountain, along FR 751","28-Jan-25","male","adult","Blarina","Soricomorpha","Soricidae",c(-83.44706699, 35.06274099)
"United States","North Carolina","Nantahala National Forest, Coweeta Hydrological Laboratory, 2.57 km ENE Albert Mountain, along FR 751","30-Jan-26","unknown","subadult","Sorex","Soricomorpha","Soricidae",c(-83.43919303, 35.06393499)
"United States","North Carolina","Nantahala National Forest, Coweeta Hydrological Laboratory, 2.57 km ENE Albert Mountain, along FR 751","1-Aug-25","female","adult","Sorex","Soricomorpha","Soricidae",c(-83.43843799, 35.04997803)
"United States","North Carolina","Nantahala National Forest, Coweeta Hydrological Laboratory, 4.18 km ENE Albert Mountain, along FR 751","27-Jan-25","male","adult","Peromyscus","Rodentia","Cricetidae",c(-83.438052, 35.06319797)
"United States","North Carolina","Nantahala National Forest, Coweeta Hydrological Laboratory, 3.38 km E Albert Mountain, along Ball Creek Road","27-Jan-25","female","adult","Sorex","Soricomorpha","Soricidae",c(-83.43679799, 35.05218901)
"United States","North Carolina","Nantahala National Forest, Coweeta Hydrological Laboratory, 3.38 km E Albert Mountain, along Ball Creek Road","27-Jan-25","male","adult","Blarina","Soricomorpha","Soricidae",c(-83.43679799, 35.05225598)
"United States","North Carolina","Nantahala National Forest, Coweeta Hydrological Laboratory, 3.38 km E Albert Mountain, along Ball Creek Road","27-Jan-25","female","adult","Sorex","Soricomorpha","Soricidae",c(-83.43673504, 35.05215397)
"United States","North Carolina","Nantahala National Forest, Coweeta Hydrological Laboratory, 3.38 km E Albert Mountain, along Ball Creek Road","27-Jan-25","male","adult","Sorex","Soricomorpha","Soricidae",c(-83.43652801, 35.05198499)
"United States","North Carolina","Nantahala National Forest, Coweeta Hydrological Laboratory, 3.38 km E Albert Mountain, along Ball Creek Road","27-Jan-25","male","adult","Blarina","Soricomorpha","Soricidae",c(-83.43646104, 35.05283098)
"United States","North Carolina","Nantahala National Forest, Coweeta Hydrological Laboratory, 3.38 km E Albert Mountain, along Ball Creek Road","27-Jan-25","male","adult","Sorex","Soricomorpha","Soricidae",c(-83.43644201, 35.05193101)
"United States","North Carolina","Nantahala National Forest, Coweeta Hydrological Laboratory, 2.57 km ENE Albert Mountain, along FR 751","24-Apr-25","male","adult","Sorex","Soricomorpha","Soricidae",c(-83.43639096, 35.052993)
"United States","North Carolina","Nantahala National Forest, Coweeta Hydrological Laboratory, 3.38 km E Albert Mountain, along Ball Creek Road","22-May-25","female","adult","Sorex","Soricomorpha","Soricidae",c(-83.43631804, 35.053224)
"United States","North Carolina","Nantahala National Forest, Coweeta Hydrological Laboratory, 3.38 km E Albert Mountain, along Ball Creek Road","3-Aug-25","female","adult","Ochrotomys","Rodentia","Cricetidae",c(-83.43631804, 35.053224)
"United States","North Carolina","Nantahala National Forest, Coweeta Hydrological Laboratory, 3.38 km E Albert Mountain, along Ball Creek Road","1-Aug-25","female","adult","Peromyscus","Rodentia","Cricetidae",c(-83.43631804, 35.053224)
"United States","North Carolina","Nantahala National Forest, Coweeta Hydrological Laboratory, 3.38 km E Albert Mountain, along Ball Creek Road","24-May-25","male","adult","Blarina","Soricomorpha","Soricidae",c(-83.43630203, 35.05275797)
"United States","North Carolina","Nantahala National Forest, Coweeta Hydrological Laboratory, 3.38 km E Albert Mountain, along Ball Creek Road","30-Jul-25","female","adult","Sorex","Soricomorpha","Soricidae",c(-83.43627303, 35.05269402)
"United States","North Carolina","Nantahala National Forest, Coweeta Hydrological Laboratory, 3.38 km E Albert Mountain, along Ball Creek Road","27-Jan-25","female","adult","Sorex","Soricomorpha","Soricidae",c(-83.43623498, 35.05280097)
"United States","North Carolina","Nantahala National Forest, Coweeta Hydrological Laboratory, 3.38 km E Albert Mountain, along Ball Creek Road","29-Jan-25","male","adult","Blarina","Soricomorpha","Soricidae",c(-83.43623296, 35.05198801)
"United States","North Carolina","Nantahala National Forest, Coweeta Hydrological Laboratory, 3.38 km E Albert Mountain, along Ball Creek Road","26-Jan-25","male","adult","Sorex","Soricomorpha","Soricidae",c(-83.43621201, 35.05204501)
"United States","North Carolina","Nantahala National Forest, Coweeta Hydrological Laboratory, 3.38 km E Albert Mountain, along Ball Creek Road","29-Jan-25","female","adult","Peromyscus","Rodentia","Cricetidae",c(-83.43617404, 35.05274003)
"United States","North Carolina","Nantahala National Forest, Coweeta Hydrological Laboratory, 3.38 km E Albert Mountain, along Ball Creek Road","29-Jan-25","female","adult","Peromyscus","Rodentia","Cricetidae",c(-83.43617002, 35.05278102)
"United States","North Carolina","Nantahala National Forest, Coweeta Hydrological Laboratory, 3.38 km E Albert Mountain, along Ball Creek Road","26-May-25","unknown","adult","Sorex","Soricomorpha","Soricidae",c(-83.43608201, 35.052965)
"United States","North Carolina","Nantahala National Forest, Coweeta Hydrological Laboratory, 3.38 km E Albert Mountain, along Ball Creek Road","25-Jan-25","female","adult","Sorex","Soricomorpha","Soricidae",c(-83.43604999, 35.05318897)
"United States","North Carolina","Nantahala National Forest, Coweeta Hydrological Laboratory, 3.38 km E Albert Mountain, along Ball Creek Road","27-Jan-25","female","adult","Sorex","Soricomorpha","Soricidae",c(-83.43593197, 35.05288001)
"United States","North Carolina","Nantahala National Forest, Coweeta Hydrological Laboratory, 3.38 km E Albert Mountain, along Ball Creek Road","23-Apr-25","female","adult","Microtus","Rodentia","Cricetidae",c(-83.43581001, 35.05285403)
"United States","North Carolina","Nantahala National Forest, Coweeta Hydrological Laboratory, 3.38 km E Albert Mountain, along Ball Creek Road","24-Apr-25","female","juvenile","Peromyscus","Rodentia","Cricetidae",c(-83.43576198, 35.05305503)
"United States","North Carolina","Nantahala National Forest, Coweeta Hydrological Laboratory, 3.38 km E Albert Mountain, along Ball Creek Road","24-Apr-25","male","adult","Blarina","Soricomorpha","Soricidae",c(-83.43573399, 35.05331998)
"United States","North Carolina","Nantahala National Forest, Coweeta Hydrological Laboratory, 3.38 km E Albert Mountain, along Ball Creek Road","27-Jan-25","male","adult","Sorex","Soricomorpha","Soricidae",c(-83.43564103, 35.05336097)
"United States","North Carolina","Nantahala National Forest, Coweeta Hydrological Laboratory, 3.38 km E Albert Mountain, along Ball Creek Road","24-May-25","female","adult","Microtus","Rodentia","Cricetidae",c(-83.43561203, 35.05298202)
"United States","North Carolina","Nantahala National Forest, Coweeta Hydrological Laboratory, 3.38 km E Albert Mountain, along Ball Creek Road","23-May-25","male","subadult","Sorex","Soricomorpha","Soricidae",c(-83.43558496, 35.05318101)
"United States","North Carolina","Nantahala National Forest, Coweeta Hydrological Laboratory, 3.38 km E Albert Mountain, along Ball Creek Road","23-Apr-25","male","adult","Sorex","Soricomorpha","Soricidae",c(-83.43556903, 35.05336499)
"United States","North Carolina","Nantahala National Forest, Coweeta Hydrological Laboratory, 3.38 km E Albert Mountain, along Ball Creek Road","22-May-25","male","adult","Sorex","Soricomorpha","Soricidae",c(-83.43554699, 35.05319903)
"United States","North Carolina","Nantahala National Forest, Coweeta Hydrological Laboratory, 3.38 km E Albert Mountain, along Ball Creek Road","22-Apr-25","female","subadult","Sorex","Soricomorpha","Soricidae",c(-83.435534, 35.053267)
"United States","North Carolina","Nantahala National Forest, Coweeta Hydrological Laboratory, 3.38 km E Albert Mountain, along Ball Creek Road","27-Jan-25","female","adult","Blarina","Soricomorpha","Soricidae",c(-83.43550902, 35.05324303)
"United States","North Carolina","Nantahala National Forest, Coweeta Hydrological Laboratory, 3.38 km E Albert Mountain, along Ball Creek Road","29-Jan-26","male","adult","Sorex","Soricomorpha","Soricidae",c(-83.435419, 35.05323901)
"United States","North Carolina","Nantahala National Forest, Coweeta Hydrological Laboratory, 3.38 km E Albert Mountain, along Ball Creek Road","26-May-25","male","adult","Sorex","Soricomorpha","Soricidae",c(-83.43539402, 35.05331897)
"United States","North Carolina","Nantahala National Forest, Coweeta Hydrological Laboratory, 3.38 km E Albert Mountain, along Ball Creek Road","27-Jan-25","male","subadult","Peromyscus","Rodentia","Cricetidae",c(-83.43538899, 35.05329601)
"United States","North Carolina","Nantahala National Forest, Coweeta Hydrological Laboratory, 3.38 km E Albert Mountain, along Ball Creek Road","27-Jan-25","male","subadult","Peromyscus","Rodentia","Cricetidae",c(-83.43538203, 35.05335803)
"United States","North Carolina","Nantahala National Forest, Coweeta Hydrological Laboratory, 3.38 km E Albert Mountain, along Ball Creek Road","12-Oct-25","male","adult","Blarina","Soricomorpha","Soricidae",c(-83.43534498, 35.05323197)
"United States","North Carolina","Nantahala National Forest, Coweeta Hydrological Laboratory, 3.38 km E Albert Mountain, along Ball Creek Road","26-Jan-25","female","adult","Sorex","Soricomorpha","Soricidae",c(-83.43532998, 35.05341603)
"United States","North Carolina","Nantahala National Forest, Coweeta Hydrological Laboratory, 3.38 km E Albert Mountain, along Ball Creek Road","26-Jan-25","male","adult","Sorex","Soricomorpha","Soricidae",c(-83.43532001, 35.05340002)
"United States","North Carolina","Nantahala National Forest, Coweeta Hydrological Laboratory, 3.38 km E Albert Mountain, along Ball Creek Road","25-May-25","male","adult","Sorex","Soricomorpha","Soricidae",c(-83.43523501, 35.05330296)
"United States","North Carolina","Nantahala National Forest, Coweeta Hydrological Laboratory, 4.18 km ENE Albert Mountain, along FR 751","26-Jan-25","male","adult","Blarina","Soricomorpha","Soricidae",c(-83.43398703, 35.06197496)
"United States","North Carolina","Nantahala National Forest, Coweeta Hydrological Laboratory, 4.18 km ENE Albert Mountain, along FR 751","29-Jan-25","female","subadult","Rattus","Rodentia","Muridae",c(-83.43398703, 35.06197496)
"United States","North Carolina","Nantahala National Forest, Coweeta Hydrological Laboratory, 4.18 km ENE Albert Mountain, along FR 751","27-Jan-25","female","adult","Blarina","Soricomorpha","Soricidae",c(-83.43387497, 35.06165603)
"United States","North Carolina","Nantahala National Forest, Coweeta Hydrological Laboratory, 4.18 km ENE Albert Mountain, along FR 751","27-Jan-25","male","adult","Sorex","Soricomorpha","Soricidae",c(-83.43364396, 35.06170297)
"United States","North Carolina","Nantahala National Forest, Coweeta Hydrological Laboratory, 2.57 km ENE Albert Mountain, along FR 751","28-Jan-25","male","adult","Ochrotomys","Rodentia","Cricetidae",c(-83.43363902, 35.06151798)
"United States","North Carolina","Nantahala National Forest, Coweeta Hydrological Laboratory, 4.18 km ENE Albert Mountain, along FR 751","24-May-25","male","adult","Blarina","Soricomorpha","Soricidae",c(-83.43351999, 35.06147901)
"United States","North Carolina","Nantahala National Forest, Coweeta Hydrological Laboratory, 4.18 km ENE Albert Mountain, along FR 751","28-Jan-25","male","adult","Rattus","Rodentia","Muridae",c(-83.43343399, 35.06142503)
"United States","North Carolina","NEWFOUNDLAND GAP RD, DEEP CREEK; 35D36'N 83D25'W 4720FT","2-Jun-94","female","","Peromyscus","Rodentia","Cricetidae",c(-83.4316, 35.5052)
"United States","North Carolina","NEWFOUNDLAND GAP RD, DEEP CREEK; 35D36'N 83D25'W 4720FT","2-Jun-94","female","","Peromyscus","Rodentia","Cricetidae",c(-83.4316, 35.5052)
"United States","North Carolina","NEWFOUNDLAND GAP RD, DEEP CREEK; 35D36'N 83D25'W 4720FT","2-Jun-94","female","","Peromyscus","Rodentia","Cricetidae",c(-83.4316, 35.5052)
"United States","North Carolina","NEWFOUNDLAND GAP RD. DEEP CREEK, LINE 8; 35D36'N 83D25'W 4720FT","2-Jun-94","male","","Peromyscus","Rodentia","Cricetidae",c(-83.4316, 35.5052)
"United States","North Carolina","NEWFOUNDLAND GAP RD. DEEP CREEK, LINE 7; 35D36'N 83D25'W 4720FT","2-Jun-94","male","","Peromyscus","Rodentia","Cricetidae",c(-83.4316, 35.5052)
"United States","North Carolina","NEWFOUNDLAND GAP RD. DEEP CREEK, LINE 8; 35D36'N 83D25'W 4720FT","2-Jun-94","female","","Peromyscus","Rodentia","Cricetidae",c(-83.4316, 35.5052)
"United States","North Carolina","Nantahala National Forest, Coweeta Hydrological Laboratory, 4.51 km ENE Albert Mountain, along Ball Creek Road","22-Apr-25","male","adult","Peromyscus","Rodentia","Cricetidae",c(-83.43042498, 35.06105999)
"United States","North Carolina","Coweeta Hydrological Laboratory, 4.51 km ENE Albert Mountain, along Ball Creek Road","27-Jan-25","male","adult","Peromyscus","Rodentia","Cricetidae",c(-83.43042498, 35.06105999)
"United States","North Carolina","Nantahala National Forest, Coweeta Hydrological Laboratory, 4.51 km ENE Albert Mountain, along Ball Creek Road","12-Oct-25","female","adult","Ochrotomys","Rodentia","Cricetidae",c(-83.43042498, 35.06105999)
"United States","North Carolina","Nantahala National Forest, Coweeta Hydrological Laboratory, 4.51 km ENE Albert Mountain, along Ball Creek Road","11-Oct-25","female","adult","Blarina","Soricomorpha","Soricidae",c(-83.43042498, 35.06105999)
"United States","North Carolina","Nantahala National Forest, Coweeta Hydrological Laboratory, 4.51 km ENE Albert Mountain, along Ball Creek Road","11-Oct-25","male","adult","Blarina","Soricomorpha","Soricidae",c(-83.43042498, 35.06105999)
"United States","North Carolina","Nantahala National Forest, Coweeta Hydrological Laboratory, 4.51 km ENE Albert Mountain, along Ball Creek Road","11-Oct-25","male","adult","Peromyscus","Rodentia","Cricetidae",c(-83.43042498, 35.06105999)
"United States","North Carolina","Nantahala National Forest, Coweeta Hydrological Laboratory, 2.72 km ESE Albert Mountain, along Ball Creek Road","10-Oct-25","male","adult","Peromyscus","Rodentia","Cricetidae",c(-83.43040704, 35.06112898)
"United States","North Carolina","Nantahala National Forest, Coweeta Hydrological Laboratory, 2.72 km ESE Albert Mountain, along Ball Creek Road","10-Oct-25","male","adult","Peromyscus","Rodentia","Cricetidae",c(-83.43040704, 35.06112898)
"United States","North Carolina","Nantahala National Forest, Coweeta Hydrological Laboratory, 2.72 km ESE Albert Mountain, along Ball Creek Road","10-Oct-25","female","adult","Napaeozapus","Rodentia","Dipodidae",c(-83.43040704, 35.06112898)
"United States","North Carolina","Nantahala National Forest, Coweeta Hydrological Laboratory, 2.57 km ENE Albert Mountain, along FR 751","10-Oct-25","male","adult","Peromyscus","Rodentia","Cricetidae",c(-83.43040704, 35.06112898)
"United States","North Carolina","Nantahala National Forest, Coweeta Hydrological Laboratory, 2.57 km ENE Albert Mountain, along FR 751","10-Oct-25","male","adult","Peromyscus","Rodentia","Cricetidae",c(-83.43040704, 35.06112898)
"United States","North Carolina","Nantahala National Forest, Coweeta Hydrological Laboratory, 3.84 km SE Albert Mountain, along FR 421-2","24-Apr-25","male","subadult","Peromyscus","Rodentia","Cricetidae",c(-83.4304, 35.06125404)
"United States","North Carolina","Nantahala National Forest, Coweeta Hydrological Laboratory, 3.84 km SE Albert Mountain, along FR 421-2","12-Oct-25","unknown","","Sorex","Soricomorpha","Soricidae",c(-83.43029003, 35.06103401)
"United States","North Carolina","Nantahala National Forest, Coweeta Hydrological Laboratory, 3.84 km SE Albert Mountain, along FR 421-2","12-Oct-25","male","adult","Blarina","Soricomorpha","Soricidae",c(-83.43029003, 35.06103401)
"United States","North Carolina","Nantahala National Forest, Coweeta Hydrological Laboratory, 3.84 km SE Albert Mountain, along FR 421-2","23-Apr-25","female","adult","Peromyscus","Rodentia","Cricetidae",c(-83.43023596, 35.06124004)
"United States","North Carolina","Nantahala National Forest, Coweeta Hydrological Laboratory, 4.51 km ENE Albert Mountain, along Ball Creek Road","13-Oct-25","female","adult","Peromyscus","Rodentia","Cricetidae",c(-83.43020797, 35.06070703)
"United States","North Carolina","Nantahala National Forest, Coweeta Hydrological Laboratory, 2.72 km ESE Albert Mountain, along Ball Creek Road","13-Oct-25","male","juvenile","Peromyscus","Rodentia","Cricetidae",c(-83.43020503, 35.061148)
"United States","North Carolina","Nantahala National Forest, Coweeta Hydrological Laboratory, 2.72 km ESE Albert Mountain, along Ball Creek Road","13-Oct-25","male","adult","Peromyscus","Rodentia","Cricetidae",c(-83.43020503, 35.061148)
"United States","North Carolina","Nantahala National Forest, Coweeta Hydrological Laboratory, 2.72 km ESE Albert Mountain, along Ball Creek Road","13-Oct-25","male","subadult","Peromyscus","Rodentia","Cricetidae",c(-83.43020503, 35.076276)
"United States","North Carolina","Nantahala National Forest, Coweeta Hydrological Laboratory, 2.57 km ENE Albert Mountain, along FR 751","13-Oct-25","female","juvenile","Peromyscus","Rodentia","Cricetidae",c(-83.43020503, 35.09574297)
"United States","North Carolina","Nantahala National Forest, Coweeta Hydrological Laboratory, 2.72 km ESE Albert Mountain, along Ball Creek Road","2-Aug-25","male","adult","Peromyscus","Rodentia","Cricetidae",c(-83.43019699, 35.06117298)
"United States","North Carolina","Nantahala National Forest, Coweeta Hydrological Laboratory, 2.57 km ENE Albert Mountain, along FR 751","22-Apr-25","female","adult","Sorex","Soricomorpha","Soricidae",c(-83.43017997, 35.06115303)
"United States","North Carolina","Nantahala National Forest, Coweeta Hydrological Laboratory, 2.57 km ENE Albert Mountain, along FR 751","29-Jan-25","male","adult","Peromyscus","Rodentia","Cricetidae",c(-83.43017796, 35.06120802)
"United States","North Carolina","Nantahala National Forest, Coweeta Hydrological Laboratory, 4.51 km ENE Albert Mountain, along Ball Creek Road","13-Oct-25","female","subadult","Blarina","Soricomorpha","Soricidae",c(-83.43009196, 35.060342)
"United States","North Carolina","Nantahala National Forest, Coweeta Hydrological Laboratory, 4.51 km ENE Albert Mountain, along Ball Creek Road","2-Aug-25","male","adult","Peromyscus","Rodentia","Cricetidae",c(-83.43006698, 35.06030596)
"United States","North Carolina","Nantahala National Forest, Coweeta Hydrological Laboratory, 4.51 km ENE Albert Mountain, along Ball Creek Road","1-Aug-25","male","adult","Peromyscus","Rodentia","Cricetidae",c(-83.42999901, 35.06022298)
"United States","North Carolina","Nantahala National Forest, Coweeta Hydrological Laboratory, 2.57 km ENE Albert Mountain, along FR 751","27-Jan-25","female","adult","Blarina","Soricomorpha","Soricidae",c(-83.42996598, 35.06074098)
"United States","North Carolina","Nantahala National Forest, Coweeta Hydrological Laboratory, 4.51 km ENE Albert Mountain, along Ball Creek Road","2-Aug-25","male","adult","Peromyscus","Rodentia","Cricetidae",c(-83.429912, 35.06023798)
"United States","North Carolina","Nantahala National Forest, Coweeta Hydrological Laboratory, 4.51 km ENE Albert Mountain, along Ball Creek Road","12-Oct-25","female","adult","Ochrotomys","Rodentia","Cricetidae",c(-83.42984696, 35.06027101)
"United States","North Carolina","Nantahala National Forest, Coweeta Hydrological Laboratory, 4.51 km ENE Albert Mountain, along Ball Creek Road","2-Aug-25","male","adult","Sigmodon","Rodentia","Cricetidae",c(-83.42980999, 35.06019004)
"United States","North Carolina","Nantahala National Forest, Coweeta Hydrological Laboratory, 4.51 km ENE Albert Mountain, along Ball Creek Road","29-Jan-25","female","adult","Peromyscus","Rodentia","Cricetidae",c(-83.42965996, 35.06019096)
"United States","North Carolina","Nantahala National Forest, Coweeta Hydrological Laboratory, 4.51 km ENE Albert Mountain, along Ball Creek Road","19-Apr-25","male","juvenile","Peromyscus","Rodentia","Cricetidae",c(-83.42961403, 35.06019297)
"United States","North Carolina","Nantahala National Forest, Coweeta Hydrological Laboratory, 4.51 km ENE Albert Mountain, along Ball Creek Road","13-Oct-25","male","adult","Rattus","Rodentia","Muridae",c(-83.42955996, 35.06027302)
"United States","North Carolina","Nantahala National Forest, Coweeta Hydrological Laboratory, 3.84 km SE Albert Mountain, along FR 421-2","31-Jul-25","female","subadult","Peromyscus","Rodentia","Cricetidae",c(-83.42947204, 35.06026296)
"United States","North Carolina","Nantahala National Forest, Coweeta Hydrological Laboratory, 4.51 km ENE Albert Mountain, along Ball Creek Road","13-Oct-25","female","adult","Ochrotomys","Rodentia","Cricetidae",c(-83.42944597, 35.06032297)
"United States","North Carolina","Nantahala National Forest, Coweeta Hydrological Laboratory, 4.51 km ENE Albert Mountain, along Ball Creek Road","1-Aug-25","male","adult","Peromyscus","Rodentia","Cricetidae",c(-83.42944102, 35.06015902)
"United States","North Carolina","Nantahala National Forest, Coweeta Hydrological Laboratory, 4.51 km ENE Albert Mountain, along Ball Creek Road","2-Aug-25","female","adult","Peromyscus","Rodentia","Cricetidae",c(-83.42943599, 35.06011996)
"United States","North Carolina","Nantahala National Forest, Coweeta Hydrological Laboratory, 4.51 km ENE Albert Mountain, along Ball Creek Road","2-Aug-25","female","adult","Peromyscus","Rodentia","Cricetidae",c(-83.42941797, 35.06019196)
"United States","North Carolina","Nantahala National Forest, Coweeta Hydrological Laboratory, 4.51 km ENE Albert Mountain, along Ball Creek Road","27-Jan-25","male","adult","Peromyscus","Rodentia","Cricetidae",c(-83.42934396, 35.060212)
"United States","North Carolina","Nantahala National Forest, Coweeta Hydrological Laboratory, 4.51 km ENE Albert Mountain, along Ball Creek Road","28-Jan-25","male","adult","Peromyscus","Rodentia","Cricetidae",c(-83.42932502, 35.06015601)
"United States","North Carolina","Nantahala National Forest, Coweeta Hydrological Laboratory, 4.51 km ENE Albert Mountain, along Ball Creek Road","27-Jan-25","male","adult","Peromyscus","Rodentia","Cricetidae",c(-83.42924204, 35.06085799)
"United States","North Carolina","Nantahala National Forest, Coweeta Hydrological Laboratory, 4.51 km ENE Albert Mountain, along Ball Creek Road","28-Jan-25","male","adult","Peromyscus","Rodentia","Cricetidae",c(-83.429135, 35.06011602)
"United States","North Carolina","Nantahala National Forest, Coweeta Hydrological Laboratory, 4.51 km ENE Albert Mountain, along Ball Creek Road","23-Apr-25","female","adult","Peromyscus","Rodentia","Cricetidae",c(-83.429107, 35.06059002)
"United States","North Carolina","Nantahala National Forest, Coweeta Hydrological Laboratory, 4.51 km ENE Albert Mountain, along Ball Creek Road","27-Jan-25","female","adult","Peromyscus","Rodentia","Cricetidae",c(-83.42909896, 35.06080401)
"United States","North Carolina","GREAT SMOKY MTS. NATL PARK.  35D36'N, 83D25'W.; 35D36'N 83D25'W","2-Jun-94","female","","Peromyscus","Rodentia","Cricetidae",c(-83.4167, 35.6)
"United States","North Carolina","Great Smoky Mt. Natl Pk.  35D36'N, 83D25'W.","2-Jun-94","female","","Sorex","Soricomorpha","Soricidae",c(-83.4167, 35.6)
"United States","North Carolina","Great Smoky Mt. Natl Pk.  35D36'N, 83D25'W.","2-Jun-94","male","","Napaeozapus","Rodentia","Dipodidae",c(-83.4167, 35.6)
"United States","North Carolina","Mount Kephart, Great Smoky Mountains National Park","[transcribed directly into formatted date fields]","male","","Sorex","Soricomorpha","Soricidae",c(-83.389602, 35.630929)
"United States","North Carolina","Mount Kephart, Great Smoky Mountains National Park","[transcribed directly into formatted date fields]","male","","Peromyscus","Rodentia","Cricetidae",c(-83.389602, 35.630929)
"United States","North Carolina","Mount Kephart, Great Smoky Mountains National Park","[transcribed directly into formatted date fields]","female","","Sorex","Soricomorpha","Soricidae",c(-83.389602, 35.630929)
"United States","North Carolina","Mount Kephart, Great Smoky Mountains National Park","[transcribed directly into formatted date fields]","male","","Myodes","Rodentia","Cricetidae",c(-83.389602, 35.630929)
"United States","North Carolina","Mount Kephart, Great Smoky Mountains National Park","[transcribed directly into formatted date fields]","male","","Blarina","Soricomorpha","Soricidae",c(-83.389602, 35.630929)
"United States","North Carolina","7 miles above Smokemont on Bradley Fork, Great Smoky Mountains National Park","[transcribed directly into formatted date fields]","male","","Microtus","Rodentia","Cricetidae",c(-83.327964, 35.641144)
"United States","North Carolina","7 miles above Smokemont, Great Smoky Mountains National Park","[transcribed directly into formatted date fields]","female","","Microtus","Rodentia","Cricetidae",c(-83.327964, 35.641144)
"United States","North Carolina","along Oconaluftee River, Dry Sluice Trail, Smokemont, Great Smoky Mountains National Park","[transcribed directly into formatted date fields]","male","","Blarina","Soricomorpha","Soricidae",c(-83.309634, 35.553314)
"United States","North Carolina","near Smokemont, Oconaluftee River, Great Smoky Mountains National Park","[transcribed directly into formatted date fields]","male","","Tamiasciurus","Rodentia","Sciuridae",c(-83.309634, 35.553314)
"United States","North Carolina","Dry Sluice Trail, Greenbrier, Great Smoky Mountains National Park","[transcribed directly into formatted date fields]","male","","Sorex","Soricomorpha","Soricidae",c(-83.309634, 35.553314)
"United States","North Carolina","Dry Sluice Trail, Greenbrier, Great Smoky Mountains National Park","[transcribed directly into formatted date fields]","female","","Blarina","Soricomorpha","Soricidae",c(-83.309634, 35.553314)
"United States","North Carolina","Dry Sluice Trail, Greenbrier, Great Smoky Mountains National Park","[transcribed directly into formatted date fields]","female","","Sorex","Soricomorpha","Soricidae",c(-83.309634, 35.553314)
"United States","North Carolina","Smokemont, Great Smoky Mountains National Park","[transcribed directly into formatted date fields]","male","","Peromyscus","Rodentia","Cricetidae",c(-83.308486, 35.553432)
"United States","North Carolina","Smokemont, Great Smoky Mountains National Park","[transcribed directly into formatted date fields]","male","","Peromyscus","Rodentia","Cricetidae",c(-83.308486, 35.553432)
"United States","North Carolina","Smokemont, Great Smoky Mountains National Park","[transcribed directly into formatted date fields]","male","","Peromyscus","Rodentia","Cricetidae",c(-83.308486, 35.553432)
"United States","North Carolina","Smokemont, Great Smoky Mountains National Park","[transcribed directly into formatted date fields]","male","","Peromyscus","Rodentia","Cricetidae",c(-83.308486, 35.553432)
"United States","North Carolina","Smokemont, Great Smoky Mountains National Park","[transcribed directly into formatted date fields]","male","","Peromyscus","Rodentia","Cricetidae",c(-83.308486, 35.553432)
"United States","North Carolina","Smokemont, Great Smoky Mountains National Park","[transcribed directly into formatted date fields]","male","","Tamiasciurus","Rodentia","Sciuridae",c(-83.308486, 35.553432)
"United States","North Carolina","Smokemont, Great Smoky Mountains National Park","[transcribed directly into formatted date fields]","female","","Microtus","Rodentia","Cricetidae",c(-83.308486, 35.553432)
"United States","North Carolina","Smokemont, Great Smoky Mountains National Park","[transcribed directly into formatted date fields]","female","","Microtus","Rodentia","Cricetidae",c(-83.308486, 35.553432)
"United States","North Carolina","Smokemont, Great Smoky Mountains National Park","[transcribed directly into formatted date fields]","female","","Sorex","Soricomorpha","Soricidae",c(-83.308486, 35.553432)
"United States","North Carolina","Smokemont, Great Smoky Mountains National Park","[transcribed directly into formatted date fields]","unknown","","Tamias","Rodentia","Sciuridae",c(-83.308486, 35.553432)
"United States","North Carolina","Smokemont, Great Smoky Mountains National Park","[transcribed directly into formatted date fields]","unknown","","Tamiasciurus","Rodentia","Sciuridae",c(-83.308486, 35.553432)
"United States","North Carolina","GREAT SMOKY MTNS. PRONG TRAIL; 35D37'N 83D27'W 5272FT","2-Jun-94","male","","Peromyscus","Rodentia","Cricetidae",c(-83.2803, 35.6377)
"United States","North Carolina","GREAT SMOKY MTNS. PRONG TRAIL; 35D37'N 83D27'W 5272FT","2-Jun-94","male","","Peromyscus","Rodentia","Cricetidae",c(-83.2803, 35.6377)
"United States","North Carolina","GREAT SMOKY MTN PRONG TRAIL, LINE 9; 35D37'N 83D27'W 5272FT","2-Jun-94","female","","Peromyscus","Rodentia","Cricetidae",c(-83.2803, 35.6377)
"United States","North Carolina","GREAT SMOKY MTN PRONG TRAIL, LINE 10; 35D37'N 83D27'W 5272FT","2-Jun-94","female","","Peromyscus","Rodentia","Cricetidae",c(-83.2803, 35.6377)
"United States","North Carolina","GREAT SMOKY MTN PRONG TRAIL, LINE 9; 35D37'N 83D27'W 5272FT","2-Jun-94","male","","Peromyscus","Rodentia","Cricetidae",c(-83.2803, 35.6377)
"United States","North Carolina","GREAT SMOKY MTN PRONG TRAIL, LINE 9; 35D37'N 83D27'W 5272FT","2-Jun-94","female","","Peromyscus","Rodentia","Cricetidae",c(-83.2803, 35.6377)
"United States","North Carolina","GREAT SMOKY MTN PRONG TRAIL, LINE 9; 35D37'N 83D27'W 5272FT","2-Jun-94","male","","Peromyscus","Rodentia","Cricetidae",c(-83.2803, 35.6377)
"United States","North Carolina","Nantahala National Forest, 1.77 km SW of Keene Mountain, along FR 57A","26-Apr-25","male","juvenile","Peromyscus","Rodentia","Cricetidae",c(-83.25134704, 35.07939801)
"United States","North Carolina","Nantahala National Forest, 1.77 km SW of Keene Mountain, along FR 57A","26-Apr-25","female","adult","Peromyscus","Rodentia","Cricetidae",c(-83.25133396, 35.07940597)
"United States","North Carolina","Nantahala National Forest, 1.77 km SW of Keene Mountain, along FR 57A","26-Apr-25","female","adult","Peromyscus","Rodentia","Cricetidae",c(-83.25131502, 35.08074598)
"United States","North Carolina","Nantahala National Forest, 1.77 km SW of Keene Mountain, along FR 57A","26-Apr-25","female","juvenile","Peromyscus","Rodentia","Cricetidae",c(-83.25123698, 35.07911604)
"United States","North Carolina","Nantahala National Forest, 1.77 km SW of Keene Mountain, along FR 57A","26-Apr-25","female","adult","Peromyscus","Rodentia","Cricetidae",c(-83.25093498, 35.080346)
"United States","North Carolina","Nantahala National Forest, 1.77 km SW of Keene Mountain, along FR 57A","26-Apr-25","male","subadult","Microtus","Rodentia","Cricetidae",c(-83.25078403, 35.07969397)
"United States","North Carolina","Nantahala National Forest, 1.77 km SW of Keene Mountain, along FR 57A","26-Apr-25","female","subadult","Peromyscus","Rodentia","Cricetidae",c(-83.25049804, 35.08010703)
"United States","North Carolina","Nantahala National Forest, 1.77 km SW of Keene Mountain, along FR 57A","26-Apr-25","male","adult","Sorex","Soricomorpha","Soricidae",c(-83.25043299, 35.07990796)
"United States","North Carolina","Nantahala National Forest, 1.77 km SW of Keene Mountain, along FR 57A","27-Apr-25","male","adult","Sorex","Soricomorpha","Soricidae",c(-83.25022596, 35.08035002)
"United States","North Carolina","Nantahala National Forest, 1.77 km SW of Keene Mountain, along FR 57A","26-Apr-25","female","adult","Sorex","Soricomorpha","Soricidae",c(-83.25009696, 35.08029898)
"United States","North Carolina","Sylva, Little Canada, Charles Creek Rd.","14-Nov-95","male","","Blarina","Soricomorpha","Soricidae",c(-83.2261, 35.3736)
"United States","North Carolina","Sylva, Little Canada, Charles Creek Rd.","14-Nov-95","female","","Blarina","Soricomorpha","Soricidae",c(-83.2261, 35.3736)
"United States","North Carolina","Sylva, Little Canada, Charles Creek Rd.","14-Nov-95","male","","Peromyscus","Rodentia","Cricetidae",c(-83.2261, 35.3736)
"United States","North Carolina","Sylva, Little Canada, Charles Creek Rd.","14-Nov-95","female","","Peromyscus","Rodentia","Cricetidae",c(-83.2261, 35.3736)
"United States","North Carolina","Sylva, Little Canada, Charles Creek Rd.","14-Nov-95","male","","Peromyscus","Rodentia","Cricetidae",c(-83.2261, 35.3736)
"United States","North Carolina","Sylva, Little Canada, Charles Creek Rd.","14-Nov-95","male","","Peromyscus","Rodentia","Cricetidae",c(-83.2261, 35.3736)
"United States","North Carolina","Sylva, Little Canada, Charles Creek Rd.","14-Nov-95","female","","Peromyscus","Rodentia","Cricetidae",c(-83.2261, 35.3736)
"United States","North Carolina","Sylva, Little Canada, Charles Creek Rd.","14-Nov-95","female","","Peromyscus","Rodentia","Cricetidae",c(-83.2261, 35.3736)
"United States","North Carolina","Sylva, Little Canada, Charles Creek Rd.","14-Nov-95","female","","Peromyscus","Rodentia","Cricetidae",c(-83.2261, 35.3736)
"United States","North Carolina","Sylva, Little Canada, Charles Creek Rd.","14-Nov-95","male","","Peromyscus","Rodentia","Cricetidae",c(-83.2261, 35.3736)
"United States","North Carolina","Sylva, Little Canada, Charles Creek Rd.","14-Nov-95","female","","Peromyscus","Rodentia","Cricetidae",c(-83.2261, 35.3736)
"United States","North Carolina","Sylva, Little Canada, Charles Creek Rd.","14-Nov-95","female","","Peromyscus","Rodentia","Cricetidae",c(-83.2261, 35.3736)
"United States","North Carolina","Sylva, Little Canada, Charles Creek Rd.","14-Nov-95","male","","Peromyscus","Rodentia","Cricetidae",c(-83.2261, 35.3736)
"United States","North Carolina","Sylva, Little Canada, Charles Creek Rd.","14-Nov-95","male","","Peromyscus","Rodentia","Cricetidae",c(-83.2261, 35.3736)
"United States","North Carolina","Sylva, Little Canada, Charles Creek Rd.","14-Nov-95","female","","Peromyscus","Rodentia","Cricetidae",c(-83.2261, 35.3736)
"United States","North Carolina","Sylva, Little Canada, Charles Creek Rd.","14-Nov-95","female","","Peromyscus","Rodentia","Cricetidae",c(-83.2261, 35.3736)
"United States","North Carolina","Sylva, Little Canada, Charles Creek Rd.","14-Nov-95","female","","Peromyscus","Rodentia","Cricetidae",c(-83.2261, 35.3736)
"United States","North Carolina","Sylva, Little Canada, Charles Creek Rd.","14-Nov-95","female","","Peromyscus","Rodentia","Cricetidae",c(-83.2261, 35.3736)
"United States","North Carolina","Sylva, Little Canada, Charles Creek Rd.","14-Nov-95","female","","Peromyscus","Rodentia","Cricetidae",c(-83.2261, 35.3736)
"United States","North Carolina","Sylva, Little Canada, Charles Creek Rd.","14-Nov-95","female","","Peromyscus","Rodentia","Cricetidae",c(-83.2261, 35.3736)
"United States","North Carolina","Sylva, Little Canada, Charles Creek Rd.","14-Nov-95","female","","Peromyscus","Rodentia","Cricetidae",c(-83.2261, 35.3736)
"United States","North Carolina","Sylva, Little Canada, Charles Creek Rd.","14-Nov-95","female","","Peromyscus","Rodentia","Cricetidae",c(-83.2261, 35.3736)
"United States","North Carolina","Sylva, Little Canada, Charles Creek Rd.","14-Nov-95","male","","Peromyscus","Rodentia","Cricetidae",c(-83.2261, 35.3736)
"United States","North Carolina","Sylva, Little Canada, Charles Creek Rd.","14-Nov-95","female","","Peromyscus","Rodentia","Cricetidae",c(-83.2261, 35.3736)
"United States","North Carolina","Sylva, Little Canada, Charles Creek Rd.","14-Nov-95","female","","Peromyscus","Rodentia","Cricetidae",c(-83.2261, 35.3736)
"United States","North Carolina","Sylva, Little Canada, Charles Creek Rd.","14-Nov-95","male","","Peromyscus","Rodentia","Cricetidae",c(-83.2261, 35.3736)
"United States","North Carolina","Sylva, Little Canada, Charles Creek Rd.","14-Nov-95","male","","Peromyscus","Rodentia","Cricetidae",c(-83.2261, 35.3736)
"United States","North Carolina","Sylva, Little Canada, Charles Creek Rd.","14-Nov-95","female","","Peromyscus","Rodentia","Cricetidae",c(-83.2261, 35.3736)
"United States","North Carolina","Sylva, Little Canada, Charles Creek Rd.","14-Nov-95","female","","Peromyscus","Rodentia","Cricetidae",c(-83.2261, 35.3736)
"United States","North Carolina","2.7 MI NW HIGHLANDS","25-Nov-85","male","","Blarina","Soricomorpha","Soricidae",c(-83.2246, 35.0733)
"United States","North Carolina","2.7 MI NW HIGHLANDS","25-Nov-85","female","","Blarina","Soricomorpha","Soricidae",c(-83.2246, 35.0733)
"United States","North Carolina","2.7 MI NW HIGHLANDS","26-Nov-85","female","","Myodes","Rodentia","Cricetidae",c(-83.2246, 35.0733)
"United States","North Carolina","2.7 mi. NW HIGHLANDS","25-Nov-85","male","","Microtus","Rodentia","Cricetidae",c(-83.2246, 35.0733)
"United States","North Carolina","2.7 mi NW HIGHLANDS","25-Nov-85","female","","Tamiasciurus","Rodentia","Sciuridae",c(-83.2246, 35.0733)
"United States","North Carolina","0.5 mi S Webster","2-Feb-46","female","","Eptesicus","Chiroptera","Vespertilionidae",c(-83.2191, 35.3379)
"United States","North Carolina","0.5 mi S Webster","2-Feb-46","female","","Eptesicus","Chiroptera","Vespertilionidae",c(-83.2191, 35.3379)
"United States","North Carolina","0.5 mi S Webster","2-Feb-46","female","","Eptesicus","Chiroptera","Vespertilionidae",c(-83.2191, 35.3379)
"United States","North Carolina","0.5 mi S Webster","2-Feb-46","female","","Eptesicus","Chiroptera","Vespertilionidae",c(-83.2191, 35.3379)
"United States","North Carolina","0.5 mi S Webster","2-Feb-46","female","","Perimyotis","Chiroptera","Vespertilionidae",c(-83.2191, 35.3379)
"United States","North Carolina","0.5 mi S Webster","2-Feb-46","male","","Perimyotis","Chiroptera","Vespertilionidae",c(-83.2191, 35.3379)
"United States","North Carolina","0.5 mi S Webster","2-Feb-46","male","","Perimyotis","Chiroptera","Vespertilionidae",c(-83.2191, 35.3379)
"United States","North Carolina","0.5 mi S Webster","2-Feb-46","female","","Perimyotis","Chiroptera","Vespertilionidae",c(-83.2191, 35.3379)
"United States","North Carolina","0.5 mi S Webster","2-Feb-46","male","","Perimyotis","Chiroptera","Vespertilionidae",c(-83.2191, 35.3379)
"United States","North Carolina","0.5 mi S Webster","2-Feb-46","male","","Perimyotis","Chiroptera","Vespertilionidae",c(-83.2191, 35.3379)
"United States","North Carolina","0.5 mi S Webster","2-Feb-46","male","","Perimyotis","Chiroptera","Vespertilionidae",c(-83.2191, 35.3379)
"United States","North Carolina","0.5 mi S Webster","2-Feb-46","male","","Perimyotis","Chiroptera","Vespertilionidae",c(-83.2191, 35.3379)
"United States","North Carolina","0.5 mi S Webster","2-Feb-46","male","","Plecotus","Chiroptera","Vespertilionidae",c(-83.2191, 35.3379)
"United States","North Carolina","Kitchen's Cave, 2.25 mi NE Sylva","1-Feb-46","male","","Myotis","Chiroptera","Vespertilionidae",c(-83.19782, 35.39708)
"United States","North Carolina","Kitchen's Cave, 2.25 mi NE Sylva","1-Feb-46","male","","Myotis","Chiroptera","Vespertilionidae",c(-83.19782, 35.39708)
"United States","North Carolina","Kitchen's Cave, 2.25 mi NE Sylva","1-Feb-46","female","","Myotis","Chiroptera","Vespertilionidae",c(-83.19782, 35.39708)
"United States","North Carolina","Kitchen's Cave, 2.25 mi NE Sylva","1-Feb-46","male","","Myotis","Chiroptera","Vespertilionidae",c(-83.19782, 35.39708)
"United States","North Carolina","Kitchen's Cave, 2.25 mi NE Sylva","1-Feb-46","male","","Myotis","Chiroptera","Vespertilionidae",c(-83.19782, 35.39708)
"United States","North Carolina","Kitchen's Cave, 2.25 mi NE Sylva","1-Feb-46","male","","Myotis","Chiroptera","Vespertilionidae",c(-83.19782, 35.39708)
"United States","North Carolina","Kitchen's Cave, 2.25 mi NE Sylva","2-Feb-46","male","","Myotis","Chiroptera","Vespertilionidae",c(-83.19782, 35.39708)
"United States","North Carolina","Kitchen's Cave, 2.25 mi NE Sylva","2-Feb-46","female","","Myotis","Chiroptera","Vespertilionidae",c(-83.19782, 35.39708)
"United States","North Carolina","Kitchen's Cave, 2.25 mi NE Sylva","2-Feb-46","female","","Eptesicus","Chiroptera","Vespertilionidae",c(-83.19782, 35.39708)
"United States","North Carolina","7 miles east of Smokemont, Great Smoky Mountains National Park","[transcribed directly into formatted date fields]","male","","Peromyscus","Rodentia","Cricetidae",c(-83.183685, 35.553367)
"United States","North Carolina","7 miles east of Smokemont, Great Smoky Mountains National Park","[transcribed directly into formatted date fields]","male","","Peromyscus","Rodentia","Cricetidae",c(-83.183685, 35.553367)
"United States","North Carolina","7 miles east of Smokemont, Great Smoky Mountains National Park","[transcribed directly into formatted date fields]","male","","Peromyscus","Rodentia","Cricetidae",c(-83.183685, 35.553367)
"United States","North Carolina","7 miles east of Smokemont, Great Smoky Mountains National Park","[transcribed directly into formatted date fields]","male","","Peromyscus","Rodentia","Cricetidae",c(-83.183685, 35.553367)
"United States","North Carolina","7 miles east of Smokemont, Great Smoky Mountains National Park","[transcribed directly into formatted date fields]","male","","Sorex","Soricomorpha","Soricidae",c(-83.183685, 35.553367)
"United States","North Carolina","7 miles east of Smokemont, Great Smoky Mountains National Park","[transcribed directly into formatted date fields]","female","","Sorex","Soricomorpha","Soricidae",c(-83.183685, 35.553367)
"United States","North Carolina","7 miles east of Smokemont, Great Smoky Mountains National Park","[transcribed directly into formatted date fields]","male","","Peromyscus","Rodentia","Cricetidae",c(-83.183685, 35.553367)
"United States","North Carolina","7 miles east of Smokemont, Great Smoky Mountains National Park","[transcribed directly into formatted date fields]","male","","Peromyscus","Rodentia","Cricetidae",c(-83.183685, 35.553367)
"United States","North Carolina","7 miles east of Smokemont, Great Smoky Mountains National Park","[transcribed directly into formatted date fields]","female","","Peromyscus","Rodentia","Cricetidae",c(-83.183685, 35.553367)
"United States","North Carolina","7 miles east of Smokemont, Great Smoky Mountains National Park","[transcribed directly into formatted date fields]","male","","Peromyscus","Rodentia","Cricetidae",c(-83.183685, 35.553367)
"United States","North Carolina","7 miles east of Smokemont, Great Smoky Mountains National Park","[transcribed directly into formatted date fields]","male","","Peromyscus","Rodentia","Cricetidae",c(-83.183685, 35.553367)
"United States","North Carolina","7 miles east of Smokemont along a branch of the Oconaluftee River, Great Smoky Mountains National Park","[transcribed directly into formatted date fields]","female","","Blarina","Soricomorpha","Soricidae",c(-83.183685, 35.553367)
"United States","North Carolina","7 miles east of Smokemont along a branch of the Oconaluftee River, Great Smoky Mountains National Park","[transcribed directly into formatted date fields]","male","","Blarina","Soricomorpha","Soricidae",c(-83.183685, 35.553367)
"United States","North Carolina","7 miles east of Smokemont along a branch of the Oconaluftee River, Great Smoky Mountains National Park","[transcribed directly into formatted date fields]","male","","Blarina","Soricomorpha","Soricidae",c(-83.183685, 35.553367)
"United States","North Carolina","7 miles east of Smokemont along a branch of the Oconaluftee River, Great Smoky Mountains National Park","[transcribed directly into formatted date fields]","male","","Blarina","Soricomorpha","Soricidae",c(-83.183685, 35.553367)
"United States","North Carolina","7 miles east of Smokemont, Great Smoky Mountains National Park","[transcribed directly into formatted date fields]","female","","Blarina","Soricomorpha","Soricidae",c(-83.183685, 35.553367)
"United States","North Carolina","7 miles east of Smokemont, Great Smoky Mountains National Park","[transcribed directly into formatted date fields]","male","","Peromyscus","Rodentia","Cricetidae",c(-83.183685, 35.553367)
"United States","North Carolina","7 miles east of Smokemont, Great Smoky Mountains National Park","[transcribed directly into formatted date fields]","male","","Peromyscus","Rodentia","Cricetidae",c(-83.183685, 35.553367)
"United States","North Carolina","7 miles east of Smokemont, Great Smoky Mountains National Park","[transcribed directly into formatted date fields]","male","","Peromyscus","Rodentia","Cricetidae",c(-83.183685, 35.553367)
"United States","North Carolina","7 miles east of Smokemont, Great Smoky Mountains National Park","[transcribed directly into formatted date fields]","female","","Peromyscus","Rodentia","Cricetidae",c(-83.183685, 35.553367)
"United States","North Carolina","7 miles east of Smokemont, Great Smoky Mountains National Park","[transcribed directly into formatted date fields]","female","","Peromyscus","Rodentia","Cricetidae",c(-83.183685, 35.553367)
"United States","North Carolina","7 miles east of Smokemont, Great Smoky Mountains National Park","[transcribed directly into formatted date fields]","male","","Peromyscus","Rodentia","Cricetidae",c(-83.183685, 35.553367)
"United States","North Carolina","7 miles east of Smokemont, Great Smoky Mountains National Park","[transcribed directly into formatted date fields]","female","","Peromyscus","Rodentia","Cricetidae",c(-83.183685, 35.553367)
"United States","North Carolina","7 miles east of Smokemont, Great Smoky Mountains National Park","[transcribed directly into formatted date fields]","male","","Peromyscus","Rodentia","Cricetidae",c(-83.183685, 35.553367)
"United States","North Carolina","7 miles east of Smokemont, Great Smoky Mountains National Park","[transcribed directly into formatted date fields]","male","","Peromyscus","Rodentia","Cricetidae",c(-83.183685, 35.553367)
"United States","North Carolina","7 miles east of Smokemont, Great Smoky Mountains National Park","[transcribed directly into formatted date fields]","female","","Peromyscus","Rodentia","Cricetidae",c(-83.183685, 35.553367)
"United States","North Carolina","7 miles east of Smokemont, Great Smoky Mountains National Park","[transcribed directly into formatted date fields]","male","","Peromyscus","Rodentia","Cricetidae",c(-83.183685, 35.553367)
"United States","North Carolina","7 miles east of Smokemont, Great Smoky Mountains National Park","[transcribed directly into formatted date fields]","female","","Peromyscus","Rodentia","Cricetidae",c(-83.183685, 35.553367)
"United States","North Carolina","7 miles east of Smokemont, Great Smoky Mountains National Park","[transcribed directly into formatted date fields]","male","","Peromyscus","Rodentia","Cricetidae",c(-83.183685, 35.553367)
"United States","North Carolina","7 miles east of Smokemont, Great Smoky Mountains National Park","[transcribed directly into formatted date fields]","female","","Peromyscus","Rodentia","Cricetidae",c(-83.183685, 35.553367)
"United States","North Carolina","7 miles east of Smokemont, Great Smoky Mountains National Park","[transcribed directly into formatted date fields]","male","","Peromyscus","Rodentia","Cricetidae",c(-83.183685, 35.553367)
"United States","North Carolina","7 miles east of Smokemont, Great Smoky Mountains National Park","[transcribed directly into formatted date fields]","female","","Peromyscus","Rodentia","Cricetidae",c(-83.183685, 35.553367)
"United States","North Carolina","7 miles east of Smokemont, Great Smoky Mountains National Park","[transcribed directly into formatted date fields]","female","","Blarina","Soricomorpha","Soricidae",c(-83.183685, 35.553367)
"United States","North Carolina","7 miles east of Smokemont along a branch of the Oconaluftee River, Great Smoky Mountains National Park","[transcribed directly into formatted date fields]","female","","Glaucomys","Rodentia","Sciuridae",c(-83.183685, 35.553367)
"United States","North Carolina","Nantahala National Forest, 1.12 km E of Bryson Knob, along State Road 1756","23-Oct-21","male","adult","Peromyscus","Rodentia","Cricetidae",c(-82.98172703, 35.26765002)
"United States","North Carolina","Nantahala National Forest, 1.12 km E of Bryson Knob, along State Road 1756","28-Aug-21","female","adult","Peromyscus","Rodentia","Cricetidae",c(-82.98165897, 35.26768497)
"United States","North Carolina","Nantahala National Forest, 1.12 km E of Bryson Knob, along State Road 1756","23-Oct-21","male","adult","Peromyscus","Rodentia","Cricetidae",c(-82.98141397, 35.26761398)
"United States","North Carolina","Nantahala National Forest, 1.12 km E of Bryson Knob, along State Road 1756","13-Nov-21","female","adult","Peromyscus","Rodentia","Cricetidae",c(-82.98137097, 35.26775203)
"United States","North Carolina","Nantahala National Forest, 1.12 km E of Bryson Knob, along State Road 1756","16-Jan-21","male","adult","Peromyscus","Rodentia","Cricetidae",c(-82.981333, 35.26759403)
"United States","North Carolina","Nantahala National Forest, 1.12 km E of Bryson Knob, along State Road 1756","26-Jul-21","male","adult","Peromyscus","Rodentia","Cricetidae",c(-82.98131003, 35.26768003)
"United States","North Carolina","Nantahala National Forest, 1.12 km E of Bryson Knob, along State Road 1756","18-Sep-21","male","adult","Peromyscus","Rodentia","Cricetidae",c(-82.98129201, 35.26774499)
"United States","North Carolina","Nantahala National Forest, 1.12 km E of Bryson Knob, along State Road 1756","5-Dec-20","female","adult","Peromyscus","Rodentia","Cricetidae",c(-82.98129, 35.26730703)
"United States","North Carolina","Nantahala National Forest, 1.12 km E of Bryson Knob, along State Road 1756","5-Dec-20","male","adult","Peromyscus","Rodentia","Cricetidae",c(-82.98126996, 35.26735104)
"United States","North Carolina","Nantahala National Forest, 1.12 km E of Bryson Knob, along State Road 1756","23-Oct-21","female","adult","Peromyscus","Rodentia","Cricetidae",c(-82.98102999, 35.26755698)
"United States","North Carolina","Nantahala National Forest, 1.12 km E of Bryson Knob, along State Road 1756","18-Sep-21","female","adult","Peromyscus","Rodentia","Cricetidae",c(-82.98095296, 35.26739504)
"United States","North Carolina","Nantahala National Forest, 1.12 km E of Bryson Knob, along State Road 1756","26-Jul-21","male","adult","Peromyscus","Rodentia","Cricetidae",c(-82.980917, 35.26752798)
"United States","North Carolina","Nantahala National Forest, 1.12 km E of Bryson Knob, along State Road 1756","18-Sep-21","male","adult","Peromyscus","Rodentia","Cricetidae",c(-82.98091097, 35.26753603)
"United States","North Carolina","Nantahala National Forest, 1.12 km E of Bryson Knob, along State Road 1756","5-Dec-20","female","adult","Peromyscus","Rodentia","Cricetidae",c(-82.98074501, 35.267517)
"United States","North Carolina","Nantahala National Forest, 1.12 km E of Bryson Knob, along State Road 1756","5-Dec-20","female","adult","Peromyscus","Rodentia","Cricetidae",c(-82.98066404, 35.267288)
"United States","North Carolina","Nantahala National Forest, 1.12 km E of Bryson Knob, along State Road 1756","20-Mar-21","male","adult","Peromyscus","Rodentia","Cricetidae",c(-82.98063998, 35.26728599)
"United States","North Carolina","Pisgah National Forest, 0.64 km N of Bruce Knob, along NC Highway 215","18-Sep-21","male","adult","Napaeozapus","Rodentia","Dipodidae",c(-82.98061299, 35.26777399)
"United States","North Carolina","Pisgah National Forest, 0.64 km N of Bruce Knob, along NC Highway 215","18-Sep-21","male","adult","Peromyscus","Rodentia","Cricetidae",c(-82.98061299, 35.26777399)
"United States","North Carolina","Nantahala National Forest, 1.12 km E of Bryson Knob, along State Road 1756","18-Sep-21","male","adult","Peromyscus","Rodentia","Cricetidae",c(-82.98056697, 35.267373)
"United States","North Carolina","Nantahala National Forest, 0.2 km SE of Camp Mountain, along State Road 1756","2-May-21","male","adult","Peromyscus","Rodentia","Cricetidae",c(-82.97437501, 35.27764997)
"United States","North Carolina","Nantahala National Forest, 0.2 km SE of Camp Mountain, along State Road 1756","2-May-21","female","adult","Peromyscus","Rodentia","Cricetidae",c(-82.97413898, 35.27773202)
"United States","North Carolina","Nantahala National Forest, 0.2 km SE of Camp Mountain, along State Road 1756","2-May-21","male","adult","Peromyscus","Rodentia","Cricetidae",c(-82.97404502, 35.277628)
"United States","North Carolina","Nantahala National Forest, 0.2 km SE of Camp Mountain, along State Road 1756","26-Jun-21","female","adult","Sorex","Soricomorpha","Soricidae",c(-82.97362098, 35.27735501)
"United States","North Carolina","Nantahala National Forest, 0.64 km SW of Camp Mountain, along State Road 1756","2-May-21","female","adult","Peromyscus","Rodentia","Cricetidae",c(-82.95242004, 35.25951304)
"United States","North Carolina","Nantahala National Forest, 0.64 km SW of Camp Mountain, along State Road 1756","2-May-21","female","adult","Glaucomys","Rodentia","Sciuridae",c(-82.95242004, 35.25951304)
"United States","North Carolina","Nantahala National Forest, 0.64 km SW of Camp Mountain, along State Road 1756","26-Jun-21","male","adult","Peromyscus","Rodentia","Cricetidae",c(-82.95221703, 35.25937096)
"United States","North Carolina","Nantahala National Forest, 0.64 km SW of Camp Mountain, along State Road 1756","28-Aug-21","female","adult","Peromyscus","Rodentia","Cricetidae",c(-82.95221401, 35.25950499)
"United States","North Carolina","Nantahala National Forest, 0.64 km SW of Camp Mountain, along State Road 1756","18-Sep-21","female","adult","Peromyscus","Rodentia","Cricetidae",c(-82.95212399, 35.25940801)
"United States","North Carolina","Nantahala National Forest, 0.64 km SW of Camp Mountain, along State Road 1756","20-Mar-21","female","adult","Peromyscus","Rodentia","Cricetidae",c(-82.95203598, 35.25935504)
"United States","North Carolina","Nantahala National Forest, 0.64 km SW of Camp Mountain, along State Road 1756","20-Feb-21","male","adult","Peromyscus","Rodentia","Cricetidae",c(-82.95197303, 35.25960398)
"United States","North Carolina","Nantahala National Forest, 0.64 km SW of Camp Mountain, along State Road 1756","16-Jan-21","male","adult","Peromyscus","Rodentia","Cricetidae",c(-82.95187002, 35.25889101)
"United States","North Carolina","Nantahala National Forest, 0.64 km SW of Camp Mountain, along State Road 1756","5-Dec-20","female","adult","Peromyscus","Rodentia","Cricetidae",c(-82.95180498, 35.25941002)
"United States","North Carolina","Nantahala National Forest, 0.64 km SW of Camp Mountain, along State Road 1756","2-May-21","male","adult","Peromyscus","Rodentia","Cricetidae",c(-82.95175502, 35.25892203)
"United States","North Carolina","Nantahala National Forest, 0.64 km SW of Camp Mountain, along State Road 1756","26-Jun-21","female","adult","Myodes","Rodentia","Cricetidae",c(-82.95174496, 35.25888599)
"United States","North Carolina","Nantahala National Forest, 0.64 km SW of Camp Mountain, along State Road 1756","26-Jun-21","female","adult","Peromyscus","Rodentia","Cricetidae",c(-82.951709, 35.25940499)
"United States","North Carolina","Nantahala National Forest, 0.64 km SW of Camp Mountain, along State Road 1756","13-Dec-21","male","adult","Peromyscus","Rodentia","Cricetidae",c(-82.95164396, 35.25962602)
"United States","North Carolina","Nantahala National Forest, 0.64 km SW of Camp Mountain, along State Road 1756","16-Jan-21","male","adult","Peromyscus","Rodentia","Cricetidae",c(-82.95164203, 35.25888196)
"United States","North Carolina","Nantahala National Forest, 0.64 km SW of Camp Mountain, along State Road 1756","23-Oct-21","male","adult","Peromyscus","Rodentia","Cricetidae",c(-82.951608, 35.25938798)
"United States","North Carolina","Nantahala National Forest, 0.64 km SW of Camp Mountain, along State Road 1756","2-May-21","female","adult","Peromyscus","Rodentia","Cricetidae",c(-82.951607, 35.25940399)
"United States","North Carolina","Nantahala National Forest, 0.64 km SW of Camp Mountain, along State Road 1756","26-May-21","female","adult","Peromyscus","Rodentia","Cricetidae",c(-82.95158101, 35.25954598)
"United States","North Carolina","Nantahala National Forest, 0.64 km SW of Camp Mountain, along State Road 1756","26-Jul-21","male","adult","Peromyscus","Rodentia","Cricetidae",c(-82.95151899, 35.25928999)
"United States","North Carolina","Nantahala National Forest, 0.64 km SW of Camp Mountain, along State Road 1756","5-Dec-20","female","adult","Peromyscus","Rodentia","Cricetidae",c(-82.951492, 35.25916301)
"United States","North Carolina","Nantahala National Forest, 0.64 km SW of Camp Mountain, along State Road 1756","28-Aug-21","male","adult","Peromyscus","Rodentia","Cricetidae",c(-82.95143299, 35.25867803)
"United States","North Carolina","Nantahala National Forest, 0.64 km SW of Camp Mountain, along State Road 1756","18-Sep-21","male","adult","Peromyscus","Rodentia","Cricetidae",c(-82.95133802, 35.258946)
"United States","North Carolina","Nantahala National Forest, 0.64 km SW of Camp Mountain, along State Road 1756","20-Mar-21","male","adult","Sorex","Soricomorpha","Soricidae",c(-82.95132101, 35.25893996)
"United States","North Carolina","Nantahala National Forest, 0.64 km SW of Camp Mountain, along State Road 1756","26-May-21","female","adult","Ochrotomys","Rodentia","Cricetidae",c(-82.95131799, 35.25901398)
"United States","North Carolina","Nantahala National Forest, 0.64 km SW of Camp Mountain, along State Road 1756","26-May-21","male","adult","Peromyscus","Rodentia","Cricetidae",c(-82.95131296, 35.25850603)
"United States","North Carolina","Pisgah National Forest, 2.7 km WSW of High Top Mountain, Sunburst Campground","29-Jun-20","male","adult","Tamias","Rodentia","Sciuridae",c(-82.940663, 35.37412399)
"United States","North Carolina","Cold Mountain Game Lands, 3.9 km W of peak of Cold Mountain, along Little East Fork of Pigeon River","28-Aug-20","male","adult","Synaptomys","Rodentia","Cricetidae",c(-82.94036301, 35.37365402)
"United States","North Carolina","Pisgah National Forest, 3.06 km SW High Top Mountain, along NC Highway 215","29-Aug-21","female","adult","Napaeozapus","Rodentia","Dipodidae",c(-82.93966102, 35.37082999)
"United States","North Carolina","Pisgah National Forest, 3.06 km SW High Top Mountain, along NC Highway 215","29-Aug-21","male","adult","Peromyscus","Rodentia","Cricetidae",c(-82.93966102, 35.37082999)
"United States","North Carolina","Pisgah National Forest, 3.06 km SW High Top Mountain, along NC Highway 215","18-Sep-21","female","adult","Sorex","Soricomorpha","Soricidae",c(-82.93901403, 35.37102797)
"United States","North Carolina","Cold Mountain Game Lands, 0.9 km SW of south shore of Lake Logan","30-Aug-20","male","adult","Blarina","Soricomorpha","Soricidae",c(-82.93640197, 35.40285598)
"United States","North Carolina","Cold Mountain Game Lands, 0.9 km SW of south shore of Lake Logan","29-Jun-20","male","adult","Peromyscus","Rodentia","Cricetidae",c(-82.93630298, 35.40350399)
"United States","North Carolina","Cold Mountain Game Lands, 0.9 km SW of south shore of Lake Logan","30-Jun-20","male","adult","Peromyscus","Rodentia","Cricetidae",c(-82.93627197, 35.40391697)
"United States","North Carolina","Cold Mountain Game Lands, 0.9 km SW of south shore of Lake Logan","29-Jun-20","female","adult","Peromyscus","Rodentia","Cricetidae",c(-82.93626401, 35.40342998)
"United States","North Carolina","Cold Mountain Game Lands, 0.9 km SW of south shore of Lake Logan","29-Jun-20","male","adult","Peromyscus","Rodentia","Cricetidae",c(-82.936249, 35.40340701)
"United States","North Carolina","Cold Mountain Game Lands, 0.9 km SW of south shore of Lake Logan","30-Jun-20","female","adult","Peromyscus","Rodentia","Cricetidae",c(-82.93622696, 35.40290896)
"United States","North Carolina","Cold Mountain Game Lands, 0.9 km SW of south shore of Lake Logan","29-Aug-20","female","adult","Peromyscus","Rodentia","Cricetidae",c(-82.93618103, 35.40358596)
"United States","North Carolina","Cold Mountain Game Lands, 0.9 km SW of south shore of Lake Logan","29-Jun-20","male","subadult","Peromyscus","Rodentia","Cricetidae",c(-82.93617097, 35.402973)
"United States","North Carolina","Cold Mountain Game Lands, 0.9 km SW of south shore of Lake Logan","29-Aug-20","male","adult","Blarina","Soricomorpha","Soricidae",c(-82.93613199, 35.40326896)
"United States","North Carolina","Cold Mountain Game Lands, 0.9 km SW of south shore of Lake Logan","29-Aug-20","male","adult","Blarina","Soricomorpha","Soricidae",c(-82.93613099, 35.40339997)
"United States","North Carolina","Cold Mountain Game Lands, 0.9 km SW of south shore of Lake Logan","29-Jun-20","male","adult","Peromyscus","Rodentia","Cricetidae",c(-82.93611799, 35.40323996)
"United States","North Carolina","Cold Mountain Game Lands, 0.9 km SW of south shore of Lake Logan","30-Jun-20","male","adult","Peromyscus","Rodentia","Cricetidae",c(-82.93610098, 35.40294299)
"United States","North Carolina","Cold Mountain Game Lands, 0.9 km SW of south shore of Lake Logan","30-Aug-20","male","adult","Sorex","Soricomorpha","Soricidae",c(-82.93610098, 35.40325798)
"United States","North Carolina","Cold Mountain Game Lands, 0.9 km SW of south shore of Lake Logan","29-Aug-20","male","adult","Blarina","Soricomorpha","Soricidae",c(-82.93608698, 35.40385201)
"United States","North Carolina","Cold Mountain Game Lands, 0.9 km SW of south shore of Lake Logan","1-Jul-20","male","adult","Peromyscus","Rodentia","Cricetidae",c(-82.93608597, 35.40350097)
"United States","North Carolina","Cold Mountain Game Lands, 0.9 km SW of south shore of Lake Logan","29-Aug-20","male","adult","Blarina","Soricomorpha","Soricidae",c(-82.93608103, 35.403922)
"United States","North Carolina","Cold Mountain Game Lands, 0.9 km SW of south shore of Lake Logan","29-Aug-20","female","adult","Blarina","Soricomorpha","Soricidae",c(-82.93608002, 35.40392401)
"United States","North Carolina","Cold Mountain Game Lands, 0.9 km SW of south shore of Lake Logan","28-Aug-20","female","adult","Blarina","Soricomorpha","Soricidae",c(-82.93605697, 35.40302496)
"United States","North Carolina","Cold Mountain Game Lands, 0.9 km SW of south shore of Lake Logan","29-Jun-20","female","adult","Blarina","Soricomorpha","Soricidae",c(-82.93605102, 35.40344297)
"United States","North Carolina","Cold Mountain Game Lands, 0.9 km SW of south shore of Lake Logan","29-Jun-20","female","adult","Peromyscus","Rodentia","Cricetidae",c(-82.93590199, 35.40366098)
"United States","North Carolina","Cold Mountain Game Lands, 0.9 km SW of south shore of Lake Logan","29-Jun-20","male","adult","Peromyscus","Rodentia","Cricetidae",c(-82.93587299, 35.40374396)
"United States","North Carolina","Cold Mountain Game Lands, 0.9 km SW of south shore of Lake Logan","29-Aug-20","female","juvenile","Napaeozapus","Rodentia","Dipodidae",c(-82.93570602, 35.40305698)
"United States","North Carolina","Cold Mountain Game Lands, 0.9 km SW of south shore of Lake Logan","30-Aug-20","female","juvenile","Napaeozapus","Rodentia","Dipodidae",c(-82.93568197, 35.40296604)
"United States","North Carolina","Cold Mountain Game Lands, 0.9 km SW of south shore of Lake Logan","29-Aug-20","male","adult","Zapus","Rodentia","Dipodidae",c(-82.93565003, 35.40300502)
"United States","North Carolina","Cold Mountain Game Lands, 0.4 km N of north shore of Lake Logan","29-Jun-20","female","adult","Peromyscus","Rodentia","Cricetidae",c(-82.92272204, 35.425322)
"United States","North Carolina","Cold Mountain Game Lands, 0.4 km N of north shore of Lake Logan","1-Jul-20","male","adult","Peromyscus","Rodentia","Cricetidae",c(-82.92263696, 35.42560497)
"United States","North Carolina","Cold Mountain Game Lands, 0.4 km N of north shore of Lake Logan","28-Aug-20","male","adult","Zapus","Rodentia","Dipodidae",c(-82.92246203, 35.42532703)
"United States","North Carolina","Cold Mountain Game Lands, 0.4 km N of north shore of Lake Logan","30-Jun-20","female","adult","Peromyscus","Rodentia","Cricetidae",c(-82.92229699, 35.42586104)
"United States","North Carolina","Cold Mountain Game Lands, 0.4 km N of north shore of Lake Logan","30-Jun-20","male","adult","Peromyscus","Rodentia","Cricetidae",c(-82.92228903, 35.425883)
"United States","North Carolina","Cold Mountain Game Lands, 0.4 km E of north shore of Lake Logan","30-Aug-20","male","adult","Peromyscus","Rodentia","Cricetidae",c(-82.92207403, 35.420433)
"United States","North Carolina","Cold Mountain Game Lands, 0.4 km E of north shore of Lake Logan","29-Aug-20","female","adult","Peromyscus","Rodentia","Cricetidae",c(-82.92207303, 35.42062403)
"United States","North Carolina","Cold Mountain Game Lands, 0.4 km E of north shore of Lake Logan","1-Jul-20","male","adult","Peromyscus","Rodentia","Cricetidae",c(-82.92200698, 35.42027903)
"United States","North Carolina","Cold Mountain Game Lands, 0.4 km E of north shore of Lake Logan","29-Aug-20","male","adult","Peromyscus","Rodentia","Cricetidae",c(-82.92193003, 35.42085897)
"United States","North Carolina","Cold Mountain Game Lands, 0.4 km N of north shore of Lake Logan","1-Jul-20","male","adult","Zapus","Rodentia","Dipodidae",c(-82.92190799, 35.42597302)
"United States","North Carolina","Cold Mountain Game Lands, 0.4 km E of north shore of Lake Logan","29-Aug-20","female","adult","Peromyscus","Rodentia","Cricetidae",c(-82.921896, 35.42100297)
"United States","North Carolina","Cold Mountain Game Lands, 0.4 km E of north shore of Lake Logan","28-Aug-20","female","subadult","Peromyscus","Rodentia","Cricetidae",c(-82.921796, 35.42029998)
"United States","North Carolina","Cold Mountain Game Lands, 0.4 km E of north shore of Lake Logan","28-Aug-20","female","adult","Peromyscus","Rodentia","Cricetidae",c(-82.92163197, 35.42139298)
"United States","North Carolina","Cold Mountain Game Lands, 0.4 km E of north shore of Lake Logan","30-Jun-20","male","adult","Peromyscus","Rodentia","Cricetidae",c(-82.92161898, 35.42131101)
"United States","North Carolina","Cold Mountain Game Lands, 0.4 km E of north shore of Lake Logan","29-Aug-20","male","subadult","Peromyscus","Rodentia","Cricetidae",c(-82.92161101, 35.42134504)
"United States","North Carolina","Cold Mountain Game Lands, 0.4 km E of north shore of Lake Logan","29-Jun-20","female","adult","Peromyscus","Rodentia","Cricetidae",c(-82.92151102, 35.42132199)
"United States","North Carolina","Cold Mountain Game Lands, 0.4 km E of north shore of Lake Logan","1-Jul-20","female","adult","Peromyscus","Rodentia","Cricetidae",c(-82.92148897, 35.42117698)
"United States","North Carolina","Cold Mountain Game Lands, 0.4 km E of north shore of Lake Logan","28-Aug-20","male","adult","Peromyscus","Rodentia","Cricetidae",c(-82.92143902, 35.42127999)
"United States","North Carolina","Pisgah National Forest, 0.64 km N of Bruce Knob, along NC Highway 215","26-Jun-21","female","adult","Peromyscus","Rodentia","Cricetidae",c(-82.91935301, 35.25335703)
"United States","North Carolina","Pisgah National Forest, 0.64 km N of Bruce Knob, along NC Highway 215","28-Aug-21","male","adult","Peromyscus","Rodentia","Cricetidae",c(-82.91935301, 35.25335703)
"United States","North Carolina","Pisgah National Forest, 0.64 km N of Bruce Knob, along NC Highway 215","13-Nov-21","male","adult","Peromyscus","Rodentia","Cricetidae",c(-82.91918596, 35.25345099)
"United States","North Carolina","Pisgah National Forest, 0.64 km N of Bruce Knob, along NC Highway 215","26-Jun-21","female","adult","Peromyscus","Rodentia","Cricetidae",c(-82.91915696, 35.25338503)
"United States","North Carolina","Pisgah National Forest, 0.64 km N of Bruce Knob, along NC Highway 215","20-Mar-21","male","adult","Peromyscus","Rodentia","Cricetidae",c(-82.91915604, 35.25364)
"United States","North Carolina","Pisgah National Forest, 0.64 km N of Bruce Knob, along NC Highway 215","18-Sep-21","male","adult","Peromyscus","Rodentia","Cricetidae",c(-82.91910801, 35.25354001)
"United States","North Carolina","Pisgah National Forest, 0.64 km N of Bruce Knob, along NC Highway 215","2-May-21","female","adult","Peromyscus","Rodentia","Cricetidae",c(-82.91910198, 35.25356499)
"United States","North Carolina","Pisgah National Forest, 0.64 km N of Bruce Knob, along NC Highway 215","2-May-21","female","adult","Peromyscus","Rodentia","Cricetidae",c(-82.91905001, 35.25354998)
"United States","North Carolina","Pisgah National Forest, 0.64 km N of Bruce Knob, along NC Highway 215","13-Nov-21","male","juvenile","Peromyscus","Rodentia","Cricetidae",c(-82.919049, 35.25360203)
"United States","North Carolina","Pisgah National Forest, 0.64 km N of Bruce Knob, along NC Highway 215","18-Sep-21","female","adult","Peromyscus","Rodentia","Cricetidae",c(-82.91904297, 35.25375199)
"United States","North Carolina","Pisgah National Forest, 0.64 km N of Bruce Knob, along NC Highway 215","13-Dec-21","female","adult","Peromyscus","Rodentia","Cricetidae",c(-82.91903601, 35.25329601)
"United States","North Carolina","Pisgah National Forest, 0.64 km N of Bruce Knob, along NC Highway 215","13-Nov-21","male","juvenile","Peromyscus","Rodentia","Cricetidae",c(-82.919034, 35.25348997)
"United States","North Carolina","Pisgah National Forest, 0.64 km N of Bruce Knob, along NC Highway 215","13-Nov-21","female","adult","Peromyscus","Rodentia","Cricetidae",c(-82.91902604, 35.25360597)
"United States","North Carolina","Pisgah National Forest, 0.64 km N of Bruce Knob, along NC Highway 215","13-Dec-21","male","subadult","Peromyscus","Rodentia","Cricetidae",c(-82.91902, 35.25361704)
"United States","North Carolina","Pisgah National Forest, 0.64 km N of Bruce Knob, along NC Highway 215","16-Jan-21","male","adult","Peromyscus","Rodentia","Cricetidae",c(-82.91899201, 35.25373003)
"United States","North Carolina","Pisgah National Forest, 0.64 km N of Bruce Knob, along NC Highway 215","26-Jun-21","male","adult","Peromyscus","Rodentia","Cricetidae",c(-82.918991, 35.25350397)
"United States","North Carolina","Pisgah National Forest, 0.64 km N of Bruce Knob, along NC Highway 215","26-May-21","female","adult","Peromyscus","Rodentia","Cricetidae",c(-82.91898597, 35.25325997)
"United States","North Carolina","Pisgah National Forest, 0.64 km N of Bruce Knob, along NC Highway 215","20-Mar-21","female","adult","Peromyscus","Rodentia","Cricetidae",c(-82.91894599, 35.25348301)
"United States","North Carolina","Pisgah National Forest, 0.64 km N of Bruce Knob, along NC Highway 215","13-Nov-21","female","subadult","Peromyscus","Rodentia","Cricetidae",c(-82.91893099, 35.25380898)
"United States","North Carolina","Pisgah National Forest, 0.64 km N of Bruce Knob, along NC Highway 215","23-Oct-21","female","adult","Peromyscus","Rodentia","Cricetidae",c(-82.91892202, 35.25357404)
"United States","North Carolina","Pisgah National Forest, 0.64 km N of Bruce Knob, along NC Highway 215","29-Aug-21","male","adult","Peromyscus","Rodentia","Cricetidae",c(-82.91891003, 35.25343901)
"United States","North Carolina","Pisgah National Forest, 0.64 km N of Bruce Knob, along NC Highway 215","5-Dec-20","male","adult","Peromyscus","Rodentia","Cricetidae",c(-82.91890701, 35.25345401)
"United States","North Carolina","Pisgah National Forest, 0.64 km N of Bruce Knob, along NC Highway 215","18-Sep-21","male","adult","Sorex","Soricomorpha","Soricidae",c(-82.91889402, 35.25369097)
"United States","North Carolina","Pisgah National Forest, 0.64 km N of Bruce Knob, along NC Highway 215","13-Nov-21","male","subadult","Peromyscus","Rodentia","Cricetidae",c(-82.91889, 35.25390303)
"United States","North Carolina","Pisgah National Forest, 0.64 km N of Bruce Knob, along NC Highway 215","16-Jan-21","female","adult","Peromyscus","Rodentia","Cricetidae",c(-82.918833, 35.25381301)
"United States","North Carolina","Pisgah National Forest, 0.64 km N of Bruce Knob, along NC Highway 215","20-Feb-21","male","adult","Peromyscus","Rodentia","Cricetidae",c(-82.91879604, 35.25350003)
"United States","North Carolina","Pisgah National Forest, 0.64 km N of Bruce Knob, along NC Highway 215","20-Feb-21","male","adult","Peromyscus","Rodentia","Cricetidae",c(-82.91879402, 35.25348997)
"United States","North Carolina","Pisgah National Forest, 0.64 km N of Bruce Knob, along NC Highway 215","20-Mar-21","female","adult","Peromyscus","Rodentia","Cricetidae",c(-82.91879201, 35.25367202)
"United States","North Carolina","Pisgah National Forest, 0.64 km N of Bruce Knob, along NC Highway 215","20-Feb-21","female","adult","Peromyscus","Rodentia","Cricetidae",c(-82.91879101, 35.25344596)
"United States","North Carolina","Pisgah National Forest, 0.64 km N of Bruce Knob, along NC Highway 215","16-Jan-21","female","adult","Peromyscus","Rodentia","Cricetidae",c(-82.91878397, 35.25365802)
"United States","North Carolina","Pisgah National Forest, 0.64 km N of Bruce Knob, along NC Highway 215","20-Mar-21","female","adult","Peromyscus","Rodentia","Cricetidae",c(-82.91876201, 35.25382197)
"United States","North Carolina","Pisgah National Forest, 0.64 km N of Bruce Knob, along NC Highway 215","26-May-21","female","adult","Peromyscus","Rodentia","Cricetidae",c(-82.91872999, 35.25376003)
"United States","North Carolina","Pisgah National Forest, 0.64 km N of Bruce Knob, along NC Highway 215","28-Aug-21","male","adult","Myodes","Rodentia","Cricetidae",c(-82.91869101, 35.25401501)
"United States","North Carolina","Pisgah National Forest, 0.64 km N of Bruce Knob, along NC Highway 215","26-Jul-21","male","adult","Peromyscus","Rodentia","Cricetidae",c(-82.91868196, 35.253625)
"United States","North Carolina","Pisgah National Forest, 0.64 km N of Bruce Knob, along NC Highway 215","23-Oct-21","male","adult","Peromyscus","Rodentia","Cricetidae",c(-82.91867299, 35.254028)
"United States","North Carolina","Pisgah National Forest, 0.64 km N of Bruce Knob, along NC Highway 215","20-Feb-21","male","adult","Peromyscus","Rodentia","Cricetidae",c(-82.91865597, 35.25394603)
"United States","North Carolina","Pisgah National Forest, 0.64 km N of Bruce Knob, along NC Highway 215","26-Jun-21","male","adult","Peromyscus","Rodentia","Cricetidae",c(-82.91865497, 35.25422104)
"United States","North Carolina","Pisgah National Forest, 0.64 km N of Bruce Knob, along NC Highway 215","26-Jul-21","male","adult","Myodes","Rodentia","Cricetidae",c(-82.91864701, 35.25363598)
"United States","North Carolina","Pisgah National Forest, 0.64 km N of Bruce Knob, along NC Highway 215","26-Jul-21","female","adult","Blarina","Soricomorpha","Soricidae",c(-82.91863603, 35.25400001)
"United States","North Carolina","Pisgah National Forest, 0.64 km N of Bruce Knob, along NC Highway 215","13-Nov-21","male","adult","Peromyscus","Rodentia","Cricetidae",c(-82.91862999, 35.25354998)
"United States","North Carolina","Pisgah National Forest, 0.64 km N of Bruce Knob, along NC Highway 215","16-Jan-21","male","adult","Peromyscus","Rodentia","Cricetidae",c(-82.91862999, 35.25390998)
"United States","North Carolina","Pisgah National Forest, 0.64 km N of Bruce Knob, along NC Highway 215","16-Jan-21","male","adult","Sorex","Soricomorpha","Soricidae",c(-82.91862697, 35.25364797)
"United States","North Carolina","Pisgah National Forest, 0.64 km N of Bruce Knob, along NC Highway 215","26-May-21","male","adult","Peromyscus","Rodentia","Cricetidae",c(-82.91860803, 35.25393899)
"United States","North Carolina","Pisgah National Forest, 0.64 km N of Bruce Knob, along NC Highway 215","5-Dec-20","female","adult","Peromyscus","Rodentia","Cricetidae",c(-82.91860401, 35.25366599)
"United States","North Carolina","Pisgah National Forest, 0.64 km N of Bruce Knob, along NC Highway 215","20-Mar-21","male","adult","Peromyscus","Rodentia","Cricetidae",c(-82.91860401, 35.25367898)
"United States","North Carolina","Pisgah National Forest, 0.64 km N of Bruce Knob, along NC Highway 215","26-Jul-21","female","subadult","Peromyscus","Rodentia","Cricetidae",c(-82.91859596, 35.25410897)
"United States","North Carolina","Pisgah National Forest, 0.64 km N of Bruce Knob, along NC Highway 215","13-Nov-21","male","adult","Peromyscus","Rodentia","Cricetidae",c(-82.91858699, 35.25353397)
"United States","North Carolina","Pisgah National Forest, 0.64 km N of Bruce Knob, along NC Highway 215","2-May-21","male","adult","Peromyscus","Rodentia","Cricetidae",c(-82.91855397, 35.25442396)
"United States","North Carolina","Pisgah National Forest, 0.64 km N of Bruce Knob, along NC Highway 215","16-Jan-21","female","adult","Peromyscus","Rodentia","Cricetidae",c(-82.91852698, 35.25380898)
"United States","North Carolina","Pisgah National Forest, 0.64 km N of Bruce Knob, along NC Highway 215","5-Dec-20","female","adult","Peromyscus","Rodentia","Cricetidae",c(-82.91849102, 35.25393597)
"United States","North Carolina","Pisgah National Forest, 0.64 km N of Bruce Knob, along NC Highway 215","20-Mar-21","female","adult","Peromyscus","Rodentia","Cricetidae",c(-82.91847602, 35.25383798)
"United States","North Carolina","Pisgah National Forest, 0.64 km N of Bruce Knob, along NC Highway 215","26-Jul-21","female","juvenile","Myodes","Rodentia","Cricetidae",c(-82.91840896, 35.25369398)
"United States","North Carolina","Pisgah National Forest, 0.64 km N of Bruce Knob, along NC Highway 215","29-Aug-21","female","adult","Peromyscus","Rodentia","Cricetidae",c(-82.918402, 35.25429999)
"United States","North Carolina","Pisgah National Forest, 0.64 km N of Bruce Knob, along NC Highway 215","16-Jan-21","male","adult","Peromyscus","Rodentia","Cricetidae",c(-82.918329, 35.25437904)
"United States","North Carolina","Pisgah National Forest, 0.64 km N of Bruce Knob, along NC Highway 215","16-Jan-21","male","adult","Peromyscus","Rodentia","Cricetidae",c(-82.91817896, 35.25459898)
"United States","North Carolina","Pisgah National Forest, 0.64 km N of Bruce Knob, along NC Highway 215","5-Dec-20","female","adult","Peromyscus","Rodentia","Cricetidae",c(-82.91807, 35.25436697)
"United States","North Carolina","Pisgah National Forest, 0.64 km N of Bruce Knob, along NC Highway 215","13-Nov-21","female","adult","Peromyscus","Rodentia","Cricetidae",c(-82.91773799, 35.25467198)
"United States","North Carolina","Pisgah National Forest, 0.8 km NE Rocky Knob, along NC Highway 215","17-Sep-21","male","adult","Peromyscus","Rodentia","Cricetidae",c(-82.91643896, 35.277454)
"United States","North Carolina","Pisgah National Forest, 0.8 km NE Rocky Knob, along NC Highway 215","18-Sep-21","male","adult","Napaeozapus","Rodentia","Dipodidae",c(-82.91637702, 35.27704999)
"United States","North Carolina","Pisgah National Forest, 0.8 km NE Rocky Knob, along NC Highway 215","18-Sep-21","male","adult","Sorex","Soricomorpha","Soricidae",c(-82.91636797, 35.27707304)
"United States","North Carolina","Pisgah National Forest, 0.8 km NE Rocky Knob, along NC Highway 215","13-Nov-21","male","adult","Peromyscus","Rodentia","Cricetidae",c(-82.916359, 35.27731)
"United States","North Carolina","Pisgah National Forest, 0.8 km NE Rocky Knob, along NC Highway 215","23-Oct-21","male","adult","Peromyscus","Rodentia","Cricetidae",c(-82.91635598, 35.27718896)
"United States","North Carolina","Pisgah National Forest, 0.8 km NE Rocky Knob, along NC Highway 215","23-Oct-21","female","adult","Peromyscus","Rodentia","Cricetidae",c(-82.91633603, 35.27737697)
"United States","North Carolina","Pisgah National Forest, 0.8 km NE Rocky Knob, along NC Highway 215","13-Dec-21","female","adult","Peromyscus","Rodentia","Cricetidae",c(-82.91633402, 35.27733799)
"United States","North Carolina","Pisgah National Forest, 0.8 km NE Rocky Knob, along NC Highway 215","13-Dec-21","male","adult","Peromyscus","Rodentia","Cricetidae",c(-82.91631801, 35.27727102)
"United States","North Carolina","Pisgah National Forest, 0.8 km NE Rocky Knob, along NC Highway 215","23-Oct-21","male","subadult","Peromyscus","Rodentia","Cricetidae",c(-82.916317, 35.27734696)
"United States","North Carolina","Pisgah National Forest, 0.8 km NE Rocky Knob, along NC Highway 215","13-Dec-21","female","adult","Peromyscus","Rodentia","Cricetidae",c(-82.91631298, 35.27813402)
"United States","North Carolina","Pisgah National Forest, 0.8 km NE Rocky Knob, along NC Highway 215","18-Sep-21","female","adult","Blarina","Soricomorpha","Soricidae",c(-82.91629001, 35.27719701)
"United States","North Carolina","Pisgah National Forest, 0.8 km NE Rocky Knob, along NC Highway 215","22-Oct-21","","","Ursus","Carnivora","Ursidae",c(-82.91628, 35.27768)
"United States","North Carolina","Pisgah National Forest, 0.8 km NE Rocky Knob, along NC Highway 215","13-Nov-21","male","subadult","Peromyscus","Rodentia","Cricetidae",c(-82.91626504, 35.27737403)
"United States","North Carolina","Pisgah National Forest, 0.8 km NE Rocky Knob, along NC Highway 215","17-Sep-21","male","adult","Peromyscus","Rodentia","Cricetidae",c(-82.91626101, 35.27746003)
"United States","North Carolina","Pisgah National Forest, 0.8 km NE Rocky Knob, along NC Highway 215","13-Nov-21","male","adult","Peromyscus","Rodentia","Cricetidae",c(-82.91622698, 35.27728602)
"United States","North Carolina","Pisgah National Forest, 0.8 km NE Rocky Knob, along NC Highway 215","29-Aug-21","female","adult","Blarina","Soricomorpha","Soricidae",c(-82.91621701, 35.27793202)
"United States","North Carolina","Pisgah National Forest, 0.8 km NE Rocky Knob, along NC Highway 215","18-Sep-21","female","adult","Sorex","Soricomorpha","Soricidae",c(-82.91616102, 35.27713297)
"United States","North Carolina","Pisgah National Forest, 0.8 km NE Rocky Knob, along NC Highway 215","18-Sep-21","female","adult","Blarina","Soricomorpha","Soricidae",c(-82.91607502, 35.27728099)
"United States","North Carolina","Pisgah National Forest, 0.8 km NE Rocky Knob, along NC Highway 215","17-Sep-21","female","adult","Peromyscus","Rodentia","Cricetidae",c(-82.91605297, 35.27742097)
"United States","North Carolina","Pisgah National Forest, 0.8 km NE Rocky Knob, along NC Highway 215","18-Sep-21","female","adult","Blarina","Soricomorpha","Soricidae",c(-82.91604803, 35.27742902)
"United States","North Carolina","Pisgah National Forest, 0.64 km N of Bruce Knob, along NC Highway 215","26-Jun-21","male","adult","Peromyscus","Rodentia","Cricetidae",c(-82.91570999, 35.25348703)
"United States","North Carolina","Cold Mountain Game Lands, 3.9 km W of peak of Cold Mountain, along Little East Fork of Pigeon River","29-Jun-20","female","adult","Peromyscus","Rodentia","Cricetidae",c(-82.90209199, 35.40614697)
"United States","North Carolina","Cold Mountain Game Lands, 3.9 km W of peak of Cold Mountain, along Little East Fork of Pigeon River","28-Aug-20","male","adult","Peromyscus","Rodentia","Cricetidae",c(-82.90186803, 35.40633598)
"United States","North Carolina","Cold Mountain Game Lands, 3.9 km W of peak of Cold Mountain, along Little East Fork of Pigeon River","29-Jun-20","male","adult","Zapus","Rodentia","Dipodidae",c(-82.90174004, 35.40604899)
"United States","North Carolina","specific locality unknown","16-Oct-87","female","","Napaeozapus","Rodentia","Dipodidae",c(-82.8, 35.17)
"United States","North Carolina","Weaverville","1 August 1893","male","adult","Myotis","Chiroptera","Vespertilionidae",c(-82.55, 35.68333333)
"United States","North Carolina","Hendersonville","28-Jun-55","male","","Tamias","Rodentia","Sciuridae",c(-82.4613, 35.3194)
"United States","North Carolina","Pisgah National Forest","[transcribed directly into formatted date fields]","male","","Odocoileus","Artiodactyla","Cervidae",c(-82.340715, 35.795309)
"United States","North Carolina","2 mi SSW Mt. Mitchell","13-Apr-52","male","","Peromyscus","Rodentia","Cricetidae",c(-82.301, 35.8857)
"United States","North Carolina","2 mi SSW Mt. Mitchell","13-Apr-52","male","","Peromyscus","Rodentia","Cricetidae",c(-82.301, 35.8857)
"United States","North Carolina","2 mi SSW Mt. Mitchell","13-Apr-52","male","","Blarina","Soricomorpha","Soricidae",c(-82.301, 35.8857)
"United States","North Carolina","2 mi SSW Mt. Mitchell","13-Apr-52","male","","Sorex","Soricomorpha","Soricidae",c(-82.301, 35.8857)
"United States","North Carolina","MTN. MITCHELL","13-Aug-85","female","","Myodes","Rodentia","Cricetidae",c(-82.2914, 35.9122)
"United States","North Carolina","MT. MITCHELL","10-May-86","female","","Peromyscus","Rodentia","Cricetidae",c(-82.2914, 35.9122)
"United States","North Carolina","MT. MITCHELL","10-May-86","male","","Peromyscus","Rodentia","Cricetidae",c(-82.2914, 35.9122)
"United States","North Carolina","Bat Cave, 2 mi W Chimney Rock","30-Jan-46","male","","Myotis","Chiroptera","Vespertilionidae",c(-82.2872, 35.4514)
"United States","North Carolina","Bat Cave, 2 mi W Chimney Rock","30-Jan-46","male","","Myotis","Chiroptera","Vespertilionidae",c(-82.2872, 35.4514)
"United States","North Carolina","Bat Cave, 2 mi W Chimney Rock","30-Jan-46","female","","Myotis","Chiroptera","Vespertilionidae",c(-82.2872, 35.4514)
"United States","North Carolina","Bat Cave, 2 mi W Chimney Rock","30-Jan-46","female","","Myotis","Chiroptera","Vespertilionidae",c(-82.2872, 35.4514)
"United States","North Carolina","Bat Cave, 2 mi W Chimney Rock","30-Jan-46","male","","Perimyotis","Chiroptera","Vespertilionidae",c(-82.2872, 35.4514)
"United States","North Carolina","Bat Cave, 2 mi W Chimney Rock","30-Jan-46","female","","Perimyotis","Chiroptera","Vespertilionidae",c(-82.2872, 35.4514)
"United States","North Carolina","Bat Cave, 2 mi W Chimney Rock","30-Jan-46","male","","Perimyotis","Chiroptera","Vespertilionidae",c(-82.2872, 35.4514)
"United States","North Carolina","Bat Cave, 2 mi W Chimney Rock","30-Jan-46","male","","Perimyotis","Chiroptera","Vespertilionidae",c(-82.2872, 35.4514)
"United States","North Carolina","Bat Cave, 2 mi W Chimney Rock","30-Jan-46","male","","Perimyotis","Chiroptera","Vespertilionidae",c(-82.2872, 35.4514)
"United States","North Carolina","Bat Cave, 2 mi W Chimney Rock","30-Jan-46","male","","Perimyotis","Chiroptera","Vespertilionidae",c(-82.2872, 35.4514)
"United States","North Carolina","Bat Cave, 2 mi W Chimney Rock","30-Jan-46","female","","Perimyotis","Chiroptera","Vespertilionidae",c(-82.2872, 35.4514)
"United States","North Carolina","Bat Cave, 2 mi W Chimney Rock","30-Jan-46","female","","Perimyotis","Chiroptera","Vespertilionidae",c(-82.2872, 35.4514)
"United States","North Carolina","Bat Cave, 2 mi W Chimney Rock","30-Jan-46","female","","Perimyotis","Chiroptera","Vespertilionidae",c(-82.2872, 35.4514)
"United States","North Carolina","Bat Cave, 2 mi W Chimney Rock","30-Jan-46","female","","Perimyotis","Chiroptera","Vespertilionidae",c(-82.2872, 35.4514)
"United States","North Carolina","Bat Cave, 2 mi W Chimney Rock","30-Jan-46","female","","Perimyotis","Chiroptera","Vespertilionidae",c(-82.2872, 35.4514)
"United States","North Carolina","Green River Game Lands, 0.79 km SE of Bradley Falls, off Holbert Cove Road","20-Jun-20","female","adult","Sigmodon","Rodentia","Cricetidae",c(-82.28474203, 35.26343702)
"United States","North Carolina","Green River Game Lands, 0.79 km SE of Bradley Falls, off Holbert Cove Road","23-Aug-20","female","subadult","Sigmodon","Rodentia","Cricetidae",c(-82.28457204, 35.26258802)
"United States","North Carolina","Green River Game Lands, 0.79 km SE of Bradley Falls, off Holbert Cove Road","19-Jun-20","female","adult","Sigmodon","Rodentia","Cricetidae",c(-82.28455201, 35.26308398)
"United States","North Carolina","Green River Game Lands, 0.79 km SE of Bradley Falls, off Holbert Cove Road","19-Jun-20","female","adult","Peromyscus","Rodentia","Cricetidae",c(-82.284478, 35.26261099)
"United States","North Carolina","Green River Game Lands, 0.79 km SE of Bradley Falls, off Holbert Cove Road","19-Jun-20","male","adult","Peromyscus","Rodentia","Cricetidae",c(-82.28446601, 35.26260898)
"United States","North Carolina","Green River Game Lands, 0.79 km SE of Bradley Falls, off Holbert Cove Road","19-Jun-20","male","adult","Sigmodon","Rodentia","Cricetidae",c(-82.28445201, 35.26299303)
"United States","North Carolina","Green River Game Lands, 0.79 km SE of Bradley Falls, off Holbert Cove Road","21-Aug-20","male","adult","Peromyscus","Rodentia","Cricetidae",c(-82.284392, 35.26271903)
"United States","North Carolina","Green River Game Lands, 0.79 km SE of Bradley Falls, off Holbert Cove Road","19-Jun-20","male","adult","Peromyscus","Rodentia","Cricetidae",c(-82.28431899, 35.26282397)
"United States","North Carolina","Green River Game Lands, 0.79 km SE of Bradley Falls, off Holbert Cove Road","22-Aug-20","female","subadult","Sigmodon","Rodentia","Cricetidae",c(-82.28428102, 35.26349704)
"United States","North Carolina","Green River Game Lands, 0.79 km SE of Bradley Falls, off Holbert Cove Road","21-Aug-20","male","adult","Sigmodon","Rodentia","Cricetidae",c(-82.28427004, 35.26359804)
"United States","North Carolina","Green River Game Lands, 0.79 km SE of Bradley Falls, off Holbert Cove Road","21-Aug-20","female","adult","Peromyscus","Rodentia","Cricetidae",c(-82.28427004, 35.26359804)
"United States","North Carolina","Green River Game Lands, 0.79 km SE of Bradley Falls, off Holbert Cove Road","19-Jun-20","female","adult","Peromyscus","Rodentia","Cricetidae",c(-82.28422704, 35.26303897)
"United States","North Carolina","Green River Game Lands, 0.79 km SE of Bradley Falls, off Holbert Cove Road","23-Aug-20","male","adult","Napaeozapus","Rodentia","Dipodidae",c(-82.284177, 35.26320099)
"United States","North Carolina","Green River Game Lands, 1.1 km SE of Bradley Falls, off Holbert Cove Road","20-Jun-20","female","adult","Peromyscus","Rodentia","Cricetidae",c(-82.28416703, 35.26358798)
"United States","North Carolina","Green River Game Lands, 0.79 km SE of Bradley Falls, off Holbert Cove Road","19-Jun-20","female","adult","Peromyscus","Rodentia","Cricetidae",c(-82.28414004, 35.26316302)
"United States","North Carolina","Green River Game Lands, 0.79 km SE of Bradley Falls, off Holbert Cove Road","19-Jun-20","male","adult","Peromyscus","Rodentia","Cricetidae",c(-82.28412797, 35.26323996)
"United States","North Carolina","Green River Game Lands, 0.79 km SE of Bradley Falls, off Holbert Cove Road","21-Aug-20","male","adult","Peromyscus","Rodentia","Cricetidae",c(-82.283803, 35.26370198)
"United States","North Carolina","Green River Game Lands, 0.79 km SE of Bradley Falls, off Holbert Cove Road","21-Aug-20","male","adult","Peromyscus","Rodentia","Cricetidae",c(-82.28371298, 35.26362101)
"United States","North Carolina","Green River Game Lands, 1.1 km SE of Bradley Falls, off Holbert Cove Road","20-Jun-20","male","adult","Peromyscus","Rodentia","Cricetidae",c(-82.282854, 35.26418502)
"United States","North Carolina","Green River Game Lands, 1.1 km SE of Bradley Falls, off Holbert Cove Road","21-Aug-20","male","adult","Peromyscus","Rodentia","Cricetidae",c(-82.28267597, 35.26420397)
"United States","North Carolina","Green River Game Lands, 1.1 km SE of Bradley Falls, off Holbert Cove Road","19-Jun-20","male","adult","Peromyscus","Rodentia","Cricetidae",c(-82.28253901, 35.26446397)
"United States","North Carolina","Green River Game Lands, 1.1 km SE of Bradley Falls, off Holbert Cove Road","19-Jun-20","male","adult","Peromyscus","Rodentia","Cricetidae",c(-82.28253901, 35.26446397)
"United States","North Carolina","Green River Game Lands, 1.1 km SE of Bradley Falls, off Holbert Cove Road","21-Aug-20","female","adult","Blarina","Soricomorpha","Soricidae",c(-82.282134, 35.26454704)
"United States","North Carolina","Green River Game Lands, 1.1 km SE of Bradley Falls, off Holbert Cove Road","21-Aug-20","male","adult","Peromyscus","Rodentia","Cricetidae",c(-82.281832, 35.26467302)
"United States","North Carolina","Green River Game Lands, 1.1 km SE of Bradley Falls, off Holbert Cove Road","19-Jun-20","male","adult","Peromyscus","Rodentia","Cricetidae",c(-82.28153704, 35.26494501)
"United States","North Carolina","Green River Game Lands, 1.1 km SE of Bradley Falls, off Holbert Cove Road","21-Aug-20","male","adult","Blarina","Soricomorpha","Soricidae",c(-82.28135901, 35.26488097)
"United States","North Carolina","Green River Game Lands, 1.1 km SE of Bradley Falls, off Holbert Cove Road","19-Jun-20","male","adult","Peromyscus","Rodentia","Cricetidae",c(-82.281085, 35.26489204)
"United States","North Carolina","Green River Game Lands, 1.1 km SE of Bradley Falls, off Holbert Cove Road","20-Jun-20","male","adult","Peromyscus","Rodentia","Cricetidae",c(-82.28100001, 35.26527903)
"United States","North Carolina","Green River Game Lands, 1.1 km SE of Bradley Falls, off Holbert Cove Road","19-Jun-20","female","adult","Peromyscus","Rodentia","Cricetidae",c(-82.28096204, 35.26506898)
"United States","North Carolina","Green River Game Lands, 1.1 km SE of Bradley Falls, off Holbert Cove Road","19-Jun-20","female","adult","Peromyscus","Rodentia","Cricetidae",c(-82.28093002, 35.264713)
"United States","North Carolina","Green River Game Lands, 1.1 km SE of Bradley Falls, off Holbert Cove Road","20-Jun-20","male","adult","Peromyscus","Rodentia","Cricetidae",c(-82.28093002, 35.26477897)
"United States","North Carolina","Green River Game Lands, 1.1 km SE of Bradley Falls, off Holbert Cove Road","19-Jun-20","male","adult","Peromyscus","Rodentia","Cricetidae",c(-82.28092801, 35.26471501)
"United States","North Carolina","Green River Game Lands, 1.1 km SE of Bradley Falls, off Holbert Cove Road","22-Aug-20","male","juvenile","Didelphis","Didelphimorphia","Didelphidae",c(-82.28077202, 35.26506697)
"United States","North Carolina","Green River Game Lands, 1.1 km SE of Bradley Falls, off Holbert Cove Road","22-Aug-20","male","adult","Peromyscus","Rodentia","Cricetidae",c(-82.28033499, 35.26525397)
"United States","North Carolina","Green River Game Lands, 1.1 km SE of Bradley Falls, off Holbert Cove Road","21-Aug-20","female","adult","Peromyscus","Rodentia","Cricetidae",c(-82.27992302, 35.26526998)
"United States","North Carolina","Green River Game Lands, 1.1 km SE of Bradley Falls, off Holbert Cove Road","22-Aug-20","male","adult","Peromyscus","Rodentia","Cricetidae",c(-82.27975697, 35.26549998)
"United States","North Carolina","Green River Game Lands, 1.1 km SE of Bradley Falls, off Holbert Cove Road","22-Aug-20","male","adult","Peromyscus","Rodentia","Cricetidae",c(-82.279561, 35.265762)
"United States","North Carolina","Green River Game Lands, 0.8 km N Chimney Top Mountain, off of Green River Cove Road","23-Aug-20","male","adult","Peromyscus","Rodentia","Cricetidae",c(-82.26801803, 35.30130504)
"United States","North Carolina","Green River Game Lands, 0.8 km N Chimney Top Mountain, off of Green River Cove Road","22-Aug-20","female","adult","Ochrotomys","Rodentia","Cricetidae",c(-82.26787202, 35.30146798)
"United States","North Carolina","Green River Game Lands, 0.8 km N Chimney Top Mountain, off of Green River Cove Road","21-Aug-20","female","adult","Peromyscus","Rodentia","Cricetidae",c(-82.26752099, 35.30167602)
"United States","North Carolina","Green River Game Lands, 0.8 km N Chimney Top Mountain, off of Green River Cove Road","21-Aug-20","male","adult","Peromyscus","Rodentia","Cricetidae",c(-82.26737397, 35.30164802)
"United States","North Carolina","Green River Game Lands, 0.8 km N Chimney Top Mountain, off of Green River Cove Road","20-Jun-20","male","adult","Peromyscus","Rodentia","Cricetidae",c(-82.26712301, 35.30147502)
"United States","North Carolina","Green River Game Lands, 0.8 km N Chimney Top Mountain, off of Green River Cove Road","22-Aug-20","male","adult","Peromyscus","Rodentia","Cricetidae",c(-82.26677299, 35.30136396)
"United States","North Carolina","Green River Game Lands, 0.8 km N Chimney Top Mountain, off of Green River Cove Road","23-Aug-20","female","adult","Peromyscus","Rodentia","Cricetidae",c(-82.26665304, 35.30132004)
"United States","North Carolina","Green River Game Lands, 0.8 km N Chimney Top Mountain, off of Green River Cove Road","19-Jun-20","male","adult","Peromyscus","Rodentia","Cricetidae",c(-82.26624903, 35.30130101)
"United States","North Carolina","Mount Mitchell State Park, 0.17 km NNE Mount Mitchell summit, along Balsam Nature Loop","27-Jul-21","unknown","adult","Sorex","Soricomorpha","Soricidae",c(-82.26590998, 35.76633696)
"United States","North Carolina","Mount Mitchell State Park, 0.17 km NNE Mount Mitchell summit, along Balsam Nature Loop","27-Jul-21","unknown","adult","Sorex","Soricomorpha","Soricidae",c(-82.26590998, 35.76633696)
"United States","North Carolina","Mount Mitchell State Park, 0.17 km NNE Mount Mitchell summit, along Balsam Nature Loop","27-Jul-21","female","adult","Sorex","Soricomorpha","Soricidae",c(-82.26433503, 35.76587898)
"United States","North Carolina","Mount Mitchell State Park, 0.17 km NNE Mount Mitchell summit, along Balsam Nature Loop","27-Jul-21","male","adult","Sorex","Soricomorpha","Soricidae",c(-82.26401199, 35.76558301)
"United States","North Carolina","Mount Mitchell State Park, 0.17 km NNE Mount Mitchell summit, along Balsam Nature Loop","27-Jul-21","female","adult","Sorex","Soricomorpha","Soricidae",c(-82.26398801, 35.76549903)
"United States","North Carolina","Mount Mitchell State Park, 0.17 km NNE Mount Mitchell summit, along Balsam Nature Loop","27-Jul-21","male","adult","Sorex","Soricomorpha","Soricidae",c(-82.26386698, 35.765293)
"United States","North Carolina","Mount Mitchell State Park, 0.17 km NNE Mount Mitchell summit, along Balsam Nature Loop","27-Jul-21","male","adult","Sorex","Soricomorpha","Soricidae",c(-82.26384896, 35.76535997)
"United States","North Carolina","Mount Mitchell State Park, 0.17 km NNE Mount Mitchell summit, along Balsam Nature Loop","27-Jul-21","female","adult","Sorex","Soricomorpha","Soricidae",c(-82.26375399, 35.76512301)
"United States","North Carolina","1.4 MI S MTN MITCHELL PARK","13-Aug-85","female","","Peromyscus","Rodentia","Cricetidae",c(-82.2632, 35.7705)
"United States","North Carolina","1.4 mi. S MT. MITCHELL PARK","13-Aug-85","male","","Myodes","Rodentia","Cricetidae",c(-82.2632, 35.7705)
"United States","North Carolina","1.8 MI S MTN MITCHELL PARK","13-Aug-85","male","","Peromyscus","Rodentia","Cricetidae",c(-82.263, 35.7718)
"United States","North Carolina","1.8 MI S MTN. MITCHELL PARK","12-Aug-85","female","","Myodes","Rodentia","Cricetidae",c(-82.263, 35.7718)
"United States","North Carolina","1.8 MI S MTN. MITCHELL PARK","13-Aug-85","male","","Myodes","Rodentia","Cricetidae",c(-82.263, 35.7718)
"United States","North Carolina","1.8 MI S MTN. MITCHELL PARK","before 1 Jan 2005","male","","Myodes","Rodentia","Cricetidae",c(-82.263, 35.7718)
"United States","North Carolina","1.8 mi S MT. MITCHELL PARK","13-Aug-85","female","","Napaeozapus","Rodentia","Dipodidae",c(-82.263, 35.7718)
"United States","North Carolina","Green River Game Lands, 2.38 km S of S shore Lake Adger, off of Green River Cove Road","19-Jun-20","male","adult","Peromyscus","Rodentia","Cricetidae",c(-82.246959, 35.31448499)
"United States","North Carolina","Green River Game Lands, 2.38 km S of S shore Lake Adger, off of Green River Cove Road","19-Jun-20","female","adult","Peromyscus","Rodentia","Cricetidae",c(-82.24631896, 35.31456999)
"United States","North Carolina","Green River Game Lands, 2.38 km S of S shore Lake Adger, off of Green River Cove Road","19-Jun-20","male","adult","Peromyscus","Rodentia","Cricetidae",c(-82.24615401, 35.31439899)
"United States","North Carolina","Green River Game Lands, 2.38 km S of S shore Lake Adger, off of Green River Cove Road","19-Jun-20","male","adult","Peromyscus","Rodentia","Cricetidae",c(-82.24595804, 35.31439598)
"United States","North Carolina","Green River Game Lands, 2.38 km S of S shore Lake Adger, off of Green River Cove Road","19-Jun-20","male","adult","Peromyscus","Rodentia","Cricetidae",c(-82.24541103, 35.314487)
"United States","North Carolina","Green River Game Lands, 2.38 km S of S shore Lake Adger, off of Green River Cove Road","20-Jun-20","male","adult","Peromyscus","Rodentia","Cricetidae",c(-82.24535102, 35.314616)
"United States","North Carolina","Green River Game Lands, 2.38 km S of S shore Lake Adger, off of Green River Cove Road","20-Jun-20","male","adult","Peromyscus","Rodentia","Cricetidae",c(-82.24522202, 35.31454802)
"United States","North Carolina","Green River Game Lands, 2.38 km S of S shore Lake Adger, off of Green River Cove Road","21-Aug-20","male","adult","Peromyscus","Rodentia","Cricetidae",c(-82.24518104, 35.31456999)
"United States","North Carolina","Green River Game Lands, 2.38 km S of S shore Lake Adger, off of Green River Cove Road","22-Aug-20","female","subadult","Peromyscus","Rodentia","Cricetidae",c(-82.24496403, 35.31433797)
"United States","North Carolina","Green River Game Lands, 2.38 km S of S shore Lake Adger, off of Green River Cove Road","19-Jun-20","female","adult","Peromyscus","Rodentia","Cricetidae",c(-82.24478499, 35.31423597)
"United States","North Carolina","Green River Game Lands, 2.38 km S of S shore Lake Adger, off of Green River Cove Road","21-Aug-20","male","adult","Peromyscus","Rodentia","Cricetidae",c(-82.24471601, 35.31429598)
"United States","North Carolina","Green River Game Lands, 2.38 km S of S shore Lake Adger, off of Green River Cove Road","20-Jun-20","male","adult","Peromyscus","Rodentia","Cricetidae",c(-82.24438702, 35.31425801)
"United States","North Carolina","Green River Game Lands, 2.38 km S of S shore Lake Adger, off of Green River Cove Road","22-Aug-20","male","subadult","Peromyscus","Rodentia","Cricetidae",c(-82.24434997, 35.31400798)
"United States","North Carolina","Green River Game Lands, 2.38 km S of S shore Lake Adger, off of Green River Cove Road","19-Jun-20","male","adult","Peromyscus","Rodentia","Cricetidae",c(-82.24423204, 35.31422901)
"United States","North Carolina","Pisgah National Forest, 5 km SE Mt. Mitchell, along South Toe River Road","7-May-24","male","adult","Blarina","Soricomorpha","Soricidae",c(-82.23831098, 35.73222497)
"United States","North Carolina","Pisgah National Forest, 5 km SE Mt. Mitchell, along South Toe River Road","7-May-24","male","adult","Sorex","Soricomorpha","Soricidae",c(-82.23808802, 35.73150999)
"United States","North Carolina","Pisgah National Forest, 5 km SE Mt. Mitchell, along South Toe River Road","7-May-24","female","adult","Sorex","Soricomorpha","Soricidae",c(-82.23808802, 35.73150999)
"United States","North Carolina","Pisgah National Forest, 5 km SE Mt. Mitchell, along South Toe River Road","7-May-24","female","subadult","Peromyscus","Rodentia","Cricetidae",c(-82.23808802, 35.73150999)
"United States","North Carolina","Pisgah National Forest, 5 km SE Mount Mitchell, along South Toe River Road","13-Jul-21","male","adult","Sorex","Soricomorpha","Soricidae",c(-82.23774897, 35.73199002)
"United States","North Carolina","Pisgah National Forest, 5 km SE Mt. Mitchell, along South Toe River Road","7-May-24","male","adult","Blarina","Soricomorpha","Soricidae",c(-82.23758502, 35.73218297)
"United States","North Carolina","Pisgah National Forest, 5 km SE Mt. Mitchell, along South Toe River Road","7-May-24","male","adult","Sorex","Soricomorpha","Soricidae",c(-82.23758301, 35.73201399)
"United States","North Carolina","Pisgah National Forest, 5 km SE Mount Mitchell, along South Toe River Road","28-May-21","female","adult","Sorex","Soricomorpha","Soricidae",c(-82.23754998, 35.73221801)
"United States","North Carolina","Pisgah National Forest, 5 km SE Mt. Mitchell, along South Toe River Road","7-May-24","female","adult","Sorex","Soricomorpha","Soricidae",c(-82.23754998, 35.73225598)
"United States","North Carolina","Pisgah National Forest, 5 km SE Mount Mitchell, along South Toe River Road","28-May-21","unknown","","Sorex","Soricomorpha","Soricidae",c(-82.23754001, 35.73208298)
"United States","North Carolina","Pisgah National Forest, 5 km SE Mount Mitchell, along South Toe River Road","29-May-21","male","adult","Sorex","Soricomorpha","Soricidae",c(-82.23754001, 35.73233896)
"United States","North Carolina","Pisgah National Forest, 5 km SE Mount Mitchell, along South Toe River Road","29-May-21","female","adult","Myodes","Rodentia","Cricetidae",c(-82.23754001, 35.73233896)
"United States","North Carolina","Pisgah National Forest, 5 km SE Mount Mitchell, along South Toe River Road","14-Jul-21","male","adult","Sorex","Soricomorpha","Soricidae",c(-82.23753104, 35.73234298)
"United States","North Carolina","Pisgah National Forest, 5 km SE Mount Mitchell, along South Toe River Road","28-May-21","female","adult","Sorex","Soricomorpha","Soricidae",c(-82.23752903, 35.73225103)
"United States","North Carolina","Pisgah National Forest, 5 km SE Mount Mitchell, along South Toe River Road","28-May-21","male","adult","Sorex","Soricomorpha","Soricidae",c(-82.23752903, 35.73225103)
"United States","North Carolina","Pisgah National Forest, 5 km SE Mount Mitchell, along South Toe River Road","29-May-21","male","subadult","Myodes","Rodentia","Cricetidae",c(-82.23752802, 35.73236302)
"United States","North Carolina","Pisgah National Forest, 5 km SE Mount Mitchell, along South Toe River Road","6-Nov-22","unknown","adult","Sorex","Soricomorpha","Soricidae",c(-82.23751402, 35.73200301)
"United States","North Carolina","Pisgah National Forest, 5 km SE Mount Mitchell, along South Toe River Road","29-May-21","female","adult","Blarina","Soricomorpha","Soricidae",c(-82.23750003, 35.73199103)
"United States","North Carolina","Pisgah National Forest, 5 km SE Mount Mitchell, along South Toe River Road","14-Jul-21","male","adult","Sorex","Soricomorpha","Soricidae",c(-82.23749097, 35.73230501)
"United States","North Carolina","Pisgah National Forest, 5 km SE Mount Mitchell, along South Toe River Road","28-May-21","male","adult","Sorex","Soricomorpha","Soricidae",c(-82.23748896, 35.73227702)
"United States","North Carolina","Pisgah National Forest, 5 km SE Mount Mitchell, along South Toe River Road","28-May-21","male","adult","Blarina","Soricomorpha","Soricidae",c(-82.23747698, 35.73230099)
"United States","North Carolina","Pisgah National Forest, 5 km SE Mount Mitchell, along South Toe River Road","14-Jul-21","female","adult","Sorex","Soricomorpha","Soricidae",c(-82.23746197, 35.73254499)
"United States","North Carolina","Pisgah National Forest, 5 km SE Mount Mitchell, along South Toe River Road","14-Jul-21","male","adult","Sorex","Soricomorpha","Soricidae",c(-82.23745401, 35.73231599)
"United States","North Carolina","Pisgah National Forest, 5 km SE Mt. Mitchell, along South Toe River Road","7-May-24","female","subadult","Peromyscus","Rodentia","Cricetidae",c(-82.23744999, 35.73238003)
"United States","North Carolina","Pisgah National Forest, 5 km SE Mount Mitchell, along South Toe River Road","28-May-21","male","adult","Sorex","Soricomorpha","Soricidae",c(-82.23744303, 35.73232898)
"United States","North Carolina","Pisgah National Forest, 5 km SE Mount Mitchell, along South Toe River Road","5-Nov-22","male","adult","Peromyscus","Rodentia","Cricetidae",c(-82.23743699, 35.73238296)
"United States","North Carolina","Pisgah National Forest, 5 km SE Mount Mitchell, along South Toe River Road","29-May-21","male","adult","Sorex","Soricomorpha","Soricidae",c(-82.23738201, 35.73256603)
"United States","North Carolina","Pisgah National Forest, 5 km SE Mount Mitchell, along South Toe River Road","15-Jul-21","male","adult","Sorex","Soricomorpha","Soricidae",c(-82.23737597, 35.73252797)
"United States","North Carolina","Pisgah National Forest, 5 km SE Mt. Mitchell, along South Toe River Road","7-May-24","male","juvenile","Peromyscus","Rodentia","Cricetidae",c(-82.23737497, 35.73234801)
"United States","North Carolina","Pisgah National Forest, 5 km SE Mt. Mitchell, along South Toe River Road","7-May-24","male","","Sorex","Soricomorpha","Soricidae",c(-82.23737204, 35.73235103)
"United States","North Carolina","Pisgah National Forest, 5 km SE Mt. Mitchell, along South Toe River Road","7-May-24","male","adult","Sorex","Soricomorpha","Soricidae",c(-82.23736902, 35.73235204)
"United States","North Carolina","Pisgah National Forest, 5 km SE Mount Mitchell, along South Toe River Road","5-Nov-22","female","adult","Sorex","Soricomorpha","Soricidae",c(-82.23735896, 35.73244097)
"United States","North Carolina","Pisgah National Forest, 5 km SE Mt. Mitchell, along South Toe River Road","7-May-24","male","adult","Sorex","Soricomorpha","Soricidae",c(-82.23735804, 35.73238397)
"United States","North Carolina","Pisgah National Forest, 5 km SE Mt. Mitchell, along South Toe River Road","7-May-24","male","adult","Sorex","Soricomorpha","Soricidae",c(-82.23734798, 35.732331)
"United States","North Carolina","Pisgah National Forest, 5 km SE Mount Mitchell, along South Toe River Road","14-Jul-21","male","adult","Sorex","Soricomorpha","Soricidae",c(-82.23734203, 35.73250199)
"United States","North Carolina","Pisgah National Forest, 5 km SE Mount Mitchell, along South Toe River Road","14-Jul-21","male","adult","Napaeozapus","Rodentia","Dipodidae",c(-82.23733599, 35.73228397)
"United States","North Carolina","Pisgah National Forest, 5 km SE Mt. Mitchell, along South Toe River Road","7-May-24","female","adult","Blarina","Soricomorpha","Soricidae",c(-82.23733398, 35.732447)
"United States","North Carolina","Pisgah National Forest, 5 km SE Mount Mitchell, along South Toe River Road","6-Nov-22","unknown","adult","Sorex","Soricomorpha","Soricidae",c(-82.23733398, 35.73250802)
"United States","North Carolina","Pisgah National Forest, 5 km SE Mount Mitchell, along South Toe River Road","14-Jul-21","female","adult","Peromyscus","Rodentia","Cricetidae",c(-82.23733298, 35.73245597)
"United States","North Carolina","Pisgah National Forest, 5 km SE Mt. Mitchell, along South Toe River Road","7-May-24","female","juvenile","Peromyscus","Rodentia","Cricetidae",c(-82.23733197, 35.73232898)
"United States","North Carolina","Pisgah National Forest, 5 km SE Mount Mitchell, along South Toe River Road","15-Jul-21","male","adult","Sorex","Soricomorpha","Soricidae",c(-82.23732602, 35.73228498)
"United States","North Carolina","Pisgah National Forest, 5 km SE Mount Mitchell, along South Toe River Road","6-Nov-22","female","adult","Sorex","Soricomorpha","Soricidae",c(-82.23732099, 35.73245999)
"United States","North Carolina","Pisgah National Forest, 5 km SE Mt. Mitchell, along South Toe River Road","7-May-24","female","adult","Sorex","Soricomorpha","Soricidae",c(-82.23732099, 35.73247097)
"United States","North Carolina","Pisgah National Forest, 5 km SE Mount Mitchell, along South Toe River Road","5-Nov-22","male","adult","Sorex","Soricomorpha","Soricidae",c(-82.23731797, 35.73212497)
"United States","North Carolina","Pisgah National Forest, 5 km SE Mt. Mitchell, along South Toe River Road","7-May-24","male","adult","Blarina","Soricomorpha","Soricidae",c(-82.23731596, 35.73244197)
"United States","North Carolina","Pisgah National Forest, 5 km SE Mount Mitchell, along South Toe River Road","5-Nov-22","unknown","adult","Sorex","Soricomorpha","Soricidae",c(-82.23730699, 35.73213603)
"United States","North Carolina","Pisgah National Forest, 5 km SE Mount Mitchell, along South Toe River Road","14-Jul-21","female","adult","Sorex","Soricomorpha","Soricidae",c(-82.23728897, 35.73248799)
"United States","North Carolina","Pisgah National Forest, 5 km SE Mount Mitchell, along South Toe River Road","29-May-21","female","adult","Sorex","Soricomorpha","Soricidae",c(-82.23727296, 35.732619)
"United States","North Carolina","Pisgah National Forest, 5 km SE Mt. Mitchell, along South Toe River Road","7-May-24","female","adult","Sorex","Soricomorpha","Soricidae",c(-82.23726399, 35.732404)
"United States","North Carolina","Pisgah National Forest, 5 km SE Mount Mitchell, along South Toe River Road","5-Nov-22","male","adult","Blarina","Soricomorpha","Soricidae",c(-82.237251, 35.73205004)
"United States","North Carolina","Pisgah National Forest, 5 km SE Mount Mitchell, along South Toe River Road","15-Jul-21","female","subadult","Peromyscus","Rodentia","Cricetidae",c(-82.237251, 35.73245698)
"United States","North Carolina","Pisgah National Forest, 5 km SE Mount Mitchell, along South Toe River Road","28-May-21","female","adult","Blarina","Soricomorpha","Soricidae",c(-82.23724002, 35.73242697)
"United States","North Carolina","Pisgah National Forest, 5 km SE Mount Mitchell, along South Toe River Road","28-May-21","female","adult","Blarina","Soricomorpha","Soricidae",c(-82.23724002, 35.73242697)
"United States","North Carolina","Pisgah National Forest, 5 km SE Mt. Mitchell, along South Toe River Road","7-May-24","female","juvenile","Peromyscus","Rodentia","Cricetidae",c(-82.23723801, 35.73235799)
"United States","North Carolina","Pisgah National Forest, 5 km SE Mount Mitchell, along South Toe River Road","29-May-21","male","adult","Sorex","Soricomorpha","Soricidae",c(-82.23723298, 35.73240099)
"United States","North Carolina","Pisgah National Forest, 5 km SE Mount Mitchell, along South Toe River Road","29-May-21","male","adult","Sorex","Soricomorpha","Soricidae",c(-82.23723298, 35.73240099)
"United States","North Carolina","Pisgah National Forest, 5 km SE Mount Mitchell, along South Toe River Road","29-May-21","male","adult","Sorex","Soricomorpha","Soricidae",c(-82.23723298, 35.73240099)
"United States","North Carolina","Pisgah National Forest, 5 km SE Mt. Mitchell, along South Toe River Road","7-May-24","female","","Sorex","Soricomorpha","Soricidae",c(-82.23722803, 35.73247902)
"United States","North Carolina","Pisgah National Forest, 5 km SE Mt. Mitchell, along South Toe River Road","7-May-24","male","adult","Sorex","Soricomorpha","Soricidae",c(-82.23719803, 35.73249402)
"United States","North Carolina","Pisgah National Forest, 5 km SE Mt. Mitchell, along South Toe River Road","7-May-24","male","adult","Sorex","Soricomorpha","Soricidae",c(-82.23716903, 35.73242898)
"United States","North Carolina","Pisgah National Forest, 5 km SE Mt. Mitchell, along South Toe River Road","7-May-24","female","adult","Sorex","Soricomorpha","Soricidae",c(-82.23716903, 35.73242898)
"United States","North Carolina","Pisgah National Forest, 5 km SE Mt. Mitchell, along South Toe River Road","7-May-24","female","adult","Sorex","Soricomorpha","Soricidae",c(-82.23716098, 35.73238196)
"United States","North Carolina","Pisgah National Forest, 5 km SE Mount Mitchell, along South Toe River Road","13-Jul-21","male","adult","Sorex","Soricomorpha","Soricidae",c(-82.23715503, 35.73238003)
"United States","North Carolina","Pisgah National Forest, 5 km SE Mount Mitchell, along South Toe River Road","15-Jul-21","male","adult","Sorex","Soricomorpha","Soricidae",c(-82.23713902, 35.73249302)
"United States","North Carolina","Pisgah National Forest, 5 km SE Mount Mitchell, along South Toe River Road","8-May-24","male","adult","Sorex","Soricomorpha","Soricidae",c(-82.23695797, 35.73261699)
"United States","North Carolina","Pisgah National Forest, 5 km SE Mount Mitchell, along South Toe River Road","6-Nov-22","male","adult","Sorex","Soricomorpha","Soricidae",c(-82.23695202, 35.73277599)
"United States","North Carolina","Pisgah National Forest, 5 km SE Mt. Mitchell, along South Toe River Road","7-May-24","male","adult","Sorex","Soricomorpha","Soricidae",c(-82.236949, 35.73261003)
"United States","North Carolina","Pisgah National Forest, 5 km SE Mt. Mitchell, along South Toe River Road","7-May-24","male","adult","Sorex","Soricomorpha","Soricidae",c(-82.23694196, 35.732604)
"United States","North Carolina","Pisgah National Forest, 5 km SE Mount Mitchell, along South Toe River Road","5-Nov-22","male","adult","Sorex","Soricomorpha","Soricidae",c(-82.23693903, 35.73272704)
"United States","North Carolina","Pisgah National Forest, 5 km SE Mount Mitchell, along South Toe River Road","8-May-24","male","adult","Sorex","Soricomorpha","Soricidae",c(-82.23691598, 35.73249604)
"United States","North Carolina","Pisgah National Forest, 5 km SE Mount Mitchell, along South Toe River Road","14-Jul-21","male","adult","Sorex","Soricomorpha","Soricidae",c(-82.23684498, 35.73268002)
"United States","North Carolina","Pisgah National Forest, 5 km SE Mount Mitchell, along South Toe River Road","28-May-21","female","subadult","Myodes","Rodentia","Cricetidae",c(-82.23683199, 35.732561)
"United States","North Carolina","Pisgah National Forest, 5 km SE Mount Mitchell, along South Toe River Road","15-Jul-21","male","adult","Sorex","Soricomorpha","Soricidae",c(-82.23682, 35.73262998)
"United States","North Carolina","Pisgah National Forest, 5 km SE Mount Mitchell, along South Toe River Road","29-May-21","male","adult","Sorex","Soricomorpha","Soricidae",c(-82.23678597, 35.73263098)
"United States","North Carolina","Pisgah National Forest, 5 km SE Mt. Mitchell, along South Toe River Road","7-May-24","female","adult","Myodes","Rodentia","Cricetidae",c(-82.23674197, 35.73276602)
"United States","North Carolina","Pisgah National Forest, 5 km SE Mt. Mitchell, along South Toe River Road","7-May-24","female","adult","Sorex","Soricomorpha","Soricidae",c(-82.23674096, 35.73272201)
"United States","North Carolina","Pisgah National Forest, 5 km SE Mt. Mitchell, along South Toe River Road","7-May-24","female","adult","Sorex","Soricomorpha","Soricidae",c(-82.23673702, 35.73272402)
"United States","North Carolina","Pisgah National Forest, 5 km SE Mt. Mitchell, along South Toe River Road","7-May-24","male","subadult","Peromyscus","Rodentia","Cricetidae",c(-82.23673099, 35.73267298)
"United States","North Carolina","Pisgah National Forest, 5 km SE Mt. Mitchell, along South Toe River Road","7-May-24","male","adult","Sorex","Soricomorpha","Soricidae",c(-82.23672898, 35.73261799)
"United States","North Carolina","Pisgah National Forest, 5 km SE Mount Mitchell, along South Toe River Road","29-May-21","female","subadult","Myodes","Rodentia","Cricetidae",c(-82.23672797, 35.732663)
"United States","North Carolina","Pisgah National Forest, 5 km SE Mount Mitchell, along South Toe River Road","29-May-21","male","adult","Sorex","Soricomorpha","Soricidae",c(-82.23670903, 35.73268102)
"United States","North Carolina","Pisgah National Forest, 5 km SE Mount Mitchell, along South Toe River Road","29-May-21","male","subadult","Myodes","Rodentia","Cricetidae",c(-82.23670903, 35.73268102)
"United States","North Carolina","Pisgah National Forest, 5 km SE Mount Mitchell, along South Toe River Road","14-Jul-21","male","adult","Sorex","Soricomorpha","Soricidae",c(-82.23670802, 35.73263501)
"United States","North Carolina","Pisgah National Forest, 5 km SE Mount Mitchell, along South Toe River Road","6-Nov-22","male","adult","Sorex","Soricomorpha","Soricidae",c(-82.23669897, 35.73265697)
"United States","North Carolina","Pisgah National Forest, 5 km SE Mount Mitchell, along South Toe River Road","6-Nov-22","male","adult","Blarina","Soricomorpha","Soricidae",c(-82.23669302, 35.73265596)
"United States","North Carolina","Pisgah National Forest, 5 km SE Mount Mitchell, along South Toe River Road","29-May-21","male","adult","Sorex","Soricomorpha","Soricidae",c(-82.23666402, 35.73261699)
"United States","North Carolina","Pisgah National Forest, 5 km SE Mount Mitchell, along South Toe River Road","6-Nov-22","male","adult","Blarina","Soricomorpha","Soricidae",c(-82.23665798, 35.73262403)
"United States","North Carolina","Pisgah National Forest, 5 km SE Mount Mitchell, along South Toe River Road","14-Jul-21","female","adult","Peromyscus","Rodentia","Cricetidae",c(-82.23662999, 35.73271698)
"United States","North Carolina","Pisgah National Forest, 5 km SE Mount Mitchell, along South Toe River Road","29-May-21","male","adult","Sorex","Soricomorpha","Soricidae",c(-82.23656402, 35.73270097)
"United States","North Carolina","Pisgah National Forest, 5 km SE Mount Mitchell, along South Toe River Road","14-Jul-21","male","subadult","Peromyscus","Rodentia","Cricetidae",c(-82.23655899, 35.73297104)
"United States","North Carolina","Pisgah National Forest, 5 km SE Mount Mitchell, along South Toe River Road","14-Jul-21","male","adult","Peromyscus","Rodentia","Cricetidae",c(-82.23652496, 35.73297598)
"United States","North Carolina","Pisgah National Forest, 5 km SE Mount Mitchell, along South Toe River Road","6-Nov-22","male","adult","Sorex","Soricomorpha","Soricidae",c(-82.23644097, 35.732791)
"United States","North Carolina","Pisgah National Forest, 5 km SE Mount Mitchell, along South Toe River Road","16-Jul-21","female","adult","Blarina","Soricomorpha","Soricidae",c(-82.23643997, 35.73269301)
"United States","North Carolina","Pisgah National Forest, 5 km SE Mount Mitchell, along South Toe River Road","5-Nov-22","male","juvenile","Peromyscus","Rodentia","Cricetidae",c(-82.23642496, 35.732734)
"United States","North Carolina","Pisgah National Forest, 5 km SE Mount Mitchell, along South Toe River Road","13-Jul-21","female","adult","Sorex","Soricomorpha","Soricidae",c(-82.23498596, 35.73211298)
"United States","North Carolina","Pisgah National Forest, 5 km SE Mount Mitchell, along South Toe River Road","28-May-21","male","adult","Blarina","Soricomorpha","Soricidae",c(-82.23375399, 35.73089601)
"United States","North Carolina","Pisgah National Forest, 4.51 km SE Mt. Mitchell, meadow off of South Toe River Road","7-May-24","male","adult","Blarina","Soricomorpha","Soricidae",c(-82.22970201, 35.74086696)
"United States","North Carolina","Pisgah National Forest, 4.51 km SE Mt. Mitchell, meadow off of South Toe River Road","7-May-24","female","adult","Peromyscus","Rodentia","Cricetidae",c(-82.229629, 35.74082002)
"United States","North Carolina","Pisgah National Forest, 4.51 km SE Mt. Mitchell, meadow off of South Toe River Road","7-May-24","female","subadult","Peromyscus","Rodentia","Cricetidae",c(-82.22959799, 35.74072002)
"United States","North Carolina","Pisgah National Forest, 4.51 km SE Mt. Mitchell, meadow off of South Toe River Road","8-May-24","male","subadult","Sylvilagus","Lagomorpha","Leporidae",c(-82.229427, 35.74096402)
"United States","North Carolina","Pisgah National Forest, 4.51 km SE Mt. Mitchell, meadow off of South Toe River Road","7-May-24","male","juvenile","Peromyscus","Rodentia","Cricetidae",c(-82.22936598, 35.74108204)
"United States","North Carolina","Pisgah National Forest, 4.5 km ESE Mount Mitchell, along South Toe River Road","7-May-24","female","adult","Peromyscus","Rodentia","Cricetidae",c(-82.21832198, 35.751775)
"United States","North Carolina","Pisgah National Forest, 4.5 km ESE Mount Mitchell, along South Toe River Road","8-May-24","female","adult","Peromyscus","Rodentia","Cricetidae",c(-82.21823498, 35.75177902)
"United States","North Carolina","Pisgah National Forest, 4.5 km ESE Mount Mitchell, along South Toe River Road","13-Jan-23","male","adult","Sorex","Soricomorpha","Soricidae",c(-82.21823003, 35.75196602)
"United States","North Carolina","Pisgah National Forest, 4.5 km ESE Mount Mitchell, along South Toe River Road","7-May-24","female","adult","Peromyscus","Rodentia","Cricetidae",c(-82.21815803, 35.75192696)
"United States","North Carolina","Pisgah National Forest, 4.5 km ESE Mount Mitchell, along South Toe River Road","7-May-24","male","subadult","Peromyscus","Rodentia","Cricetidae",c(-82.21813297, 35.75151399)
"United States","North Carolina","Pisgah National Forest, 4.5 km ESE Mount Mitchell, along South Toe River Road","14-Jul-21","male","adult","Microtus","Rodentia","Cricetidae",c(-82.21806499, 35.75171297)
"United States","North Carolina","Pisgah National Forest, 4.5 km ESE Mount Mitchell, along South Toe River Road","29-May-21","male","adult","Myodes","Rodentia","Cricetidae",c(-82.21800196, 35.75181004)
"United States","North Carolina","Pisgah National Forest, 4.5 km ESE Mount Mitchell, along South Toe River Road","29-May-21","female","adult","Microtus","Rodentia","Cricetidae",c(-82.21800196, 35.75181004)
"United States","North Carolina","Pisgah National Forest, 4.5 km ESE Mount Mitchell, along South Toe River Road","7-May-24","male","adult","Peromyscus","Rodentia","Cricetidae",c(-82.21797396, 35.75210399)
"United States","North Carolina","Pisgah National Forest, 4.5 km ESE Mount Mitchell, along South Toe River Road","28-May-21","male","subadult","Microtus","Rodentia","Cricetidae",c(-82.21794899, 35.751487)
"United States","North Carolina","Pisgah National Forest, 4.5 km ESE Mount Mitchell, along South Toe River Road","16-Jul-21","male","adult","Synaptomys","Rodentia","Cricetidae",c(-82.21790699, 35.75166503)
"United States","North Carolina","Pisgah National Forest, 4.5 km ESE Mount Mitchell, along South Toe River Road","28-May-21","male","subadult","Microtus","Rodentia","Cricetidae",c(-82.21790004, 35.75147602)
"United States","North Carolina","Pisgah National Forest, 4.5 km ESE Mount Mitchell, along South Toe River Road","28-May-21","male","subadult","Microtus","Rodentia","Cricetidae",c(-82.21787204, 35.751459)
"United States","North Carolina","Pisgah National Forest, 4.5 km ESE Mount Mitchell, along South Toe River Road","7-May-24","male","subadult","Peromyscus","Rodentia","Cricetidae",c(-82.21786299, 35.75135004)
"United States","North Carolina","Pisgah National Forest, 4.5 km ESE Mount Mitchell, along South Toe River Road","7-May-24","male","adult","Peromyscus","Rodentia","Cricetidae",c(-82.21781001, 35.75140997)
"United States","North Carolina","Pisgah National Forest, 4.5 km ESE Mount Mitchell, along South Toe River Road","7-May-24","male","adult","Blarina","Soricomorpha","Soricidae",c(-82.21779501, 35.75174399)
"United States","North Carolina","Pisgah National Forest, 4.5 km ESE Mount Mitchell, along South Toe River Road","27-May-21","male","juvenile","Microtus","Rodentia","Cricetidae",c(-82.21775704, 35.75174399)
"United States","North Carolina","Pisgah National Forest, 4.5 km ESE Mount Mitchell, along South Toe River Road","27-May-21","male","juvenile","Microtus","Rodentia","Cricetidae",c(-82.21774396, 35.75138499)
"United States","North Carolina","Pisgah National Forest, 4.5 km ESE Mount Mitchell, along South Toe River Road","12-Jan-23","female","adult","Sorex","Soricomorpha","Soricidae",c(-82.21772703, 35.75152203)
"United States","North Carolina","Pisgah National Forest, 4.5 km ESE Mount Mitchell, along South Toe River Road","28-May-21","female","adult","Peromyscus","Rodentia","Cricetidae",c(-82.21769602, 35.75129799)
"United States","North Carolina","Pisgah National Forest, 4.5 km ESE Mount Mitchell, along South Toe River Road","12-Jan-23","male","adult","Blarina","Soricomorpha","Soricidae",c(-82.21766903, 35.75128701)
"United States","North Carolina","Pisgah National Forest, 4.5 km ESE Mount Mitchell, along South Toe River Road","12-Jan-23","male","adult","Sorex","Soricomorpha","Soricidae",c(-82.21764204, 35.75125197)
"United States","North Carolina","Pisgah National Forest, 4.5 km ESE Mount Mitchell, along South Toe River Road","27-May-21","male","adult","Synaptomys","Rodentia","Cricetidae",c(-82.217591, 35.75123697)
"United States","North Carolina","Pisgah National Forest, 4.5 km ESE Mount Mitchell, along South Toe River Road","7-May-24","female","adult","Peromyscus","Rodentia","Cricetidae",c(-82.21754297, 35.75127401)
"United States","North Carolina","Pisgah National Forest, 4.5 km ESE Mount Mitchell, along South Toe River Road","7-May-24","male","subadult","Peromyscus","Rodentia","Cricetidae",c(-82.21753903, 35.75150602)
"United States","North Carolina","Pisgah National Forest, 4.5 km ESE Mount Mitchell, along South Toe River Road","8-May-24","male","adult","Blarina","Soricomorpha","Soricidae",c(-82.21752897, 35.75124401)
"United States","North Carolina","Pisgah National Forest, 4.5 km ESE Mount Mitchell, along South Toe River Road","14-Jul-21","male","adult","Blarina","Soricomorpha","Soricidae",c(-82.21752201, 35.75112096)
"United States","North Carolina","Pisgah National Forest, 4.5 km ESE Mount Mitchell, along South Toe River Road","7-May-24","male","adult","Peromyscus","Rodentia","Cricetidae",c(-82.21751598, 35.75124904)
"United States","North Carolina","Pisgah National Forest, 4.5 km ESE Mount Mitchell, along South Toe River Road","13-Jan-23","female","adult","Blarina","Soricomorpha","Soricidae",c(-82.21745202, 35.75116304)
"United States","North Carolina","Pisgah National Forest, 4.5 km ESE Mount Mitchell, along South Toe River Road","7-May-24","male","adult","Peromyscus","Rodentia","Cricetidae",c(-82.21745001, 35.75152698)
"United States","North Carolina","Pisgah National Forest, 4.5 km ESE Mount Mitchell, along South Toe River Road","13-Jan-23","female","adult","Sorex","Soricomorpha","Soricidae",c(-82.21744901, 35.75116103)
"United States","North Carolina","Pisgah National Forest, 4.5 km ESE Mount Mitchell, along South Toe River Road","13-Jan-23","male","adult","Blarina","Soricomorpha","Soricidae",c(-82.21744498, 35.75116103)
"United States","North Carolina","Pisgah National Forest, 4.5 km ESE Mount Mitchell, along South Toe River Road","28-May-21","female","adult","Sorex","Soricomorpha","Soricidae",c(-82.21743702, 35.75183803)
"United States","North Carolina","Pisgah National Forest, 4.5 km ESE Mount Mitchell, along South Toe River Road","14-Jan-23","male","adult","Blarina","Soricomorpha","Soricidae",c(-82.21725203, 35.75095198)
"United States","North Carolina","Pisgah National Forest, 4.5 km ESE Mount Mitchell, along South Toe River Road","12-Jan-23","female","subadult","Blarina","Soricomorpha","Soricidae",c(-82.21719696, 35.75096204)
"United States","North Carolina","Pisgah National Forest, 4.5 km ESE Mount Mitchell, along South Toe River Road","16-Jul-21","female","adult","Peromyscus","Rodentia","Cricetidae",c(-82.21711599, 35.75100998)
"United States","North Carolina","Pisgah National Forest, 4.5 km ESE Mount Mitchell, along South Toe River Road","14-Jul-21","female","adult","Peromyscus","Rodentia","Cricetidae",c(-82.21678197, 35.75052098)
"United States","North Carolina","Pisgah National Forest, 5 km ESE Mount Mitchell, forest edge near junction of South Toe River Road and Forest Service Road 2074","15-Jan-22","male","adult","Sorex","Soricomorpha","Soricidae",c(-82.21622097, 35.74238601)
"United States","North Carolina","Pisgah National Forest, 5 km ESE Mount Mitchell, forest edge near junction of South Toe River Road and Forest Service Road 2074","27-May-22","female","adult","Sorex","Soricomorpha","Soricidae",c(-82.21603397, 35.74277996)
"United States","North Carolina","Pisgah National Forest, 5 km ESE Mount Mitchell, forest edge near junction of South Toe River Road and Forest Service Road 2074","27-May-22","male","adult","Sorex","Soricomorpha","Soricidae",c(-82.21603397, 35.74277996)
"United States","North Carolina","Pisgah National Forest, 5 km ESE Mount Mitchell, forest edge near junction of South Toe River Road and Forest Service Road 2074","27-May-22","male","adult","Sorex","Soricomorpha","Soricidae",c(-82.21601503, 35.74278197)
"United States","North Carolina","Pisgah National Forest, 5 km ESE Mount Mitchell, forest edge near junction of South Toe River Road and Forest Service Road 2074","27-May-22","male","adult","Napaeozapus","Rodentia","Dipodidae",c(-82.21591302, 35.74292304)
"United States","North Carolina","Pisgah National Forest, 5 km ESE Mount Mitchell, forest edge near junction of South Toe River Road and Forest Service Road 2074","27-May-22","male","adult","Peromyscus","Rodentia","Cricetidae",c(-82.215851, 35.74285598)
"United States","North Carolina","Pisgah National Forest, 5 km ESE Mount Mitchell, forest edge near junction of South Toe River Road and Forest Service Road 2074","27-May-22","male","adult","Sorex","Soricomorpha","Soricidae",c(-82.215851, 35.74285598)
"United States","North Carolina","Pisgah National Forest, 5 km ESE Mount Mitchell, forest edge near junction of South Toe River Road and Forest Service Road 2074","27-May-22","male","adult","Sorex","Soricomorpha","Soricidae",c(-82.21584203, 35.74293897)
"United States","North Carolina","Pisgah National Forest, 5 km ESE Mount Mitchell, forest edge near junction of South Toe River Road and Forest Service Road 2074","27-May-22","male","subadult","Blarina","Soricomorpha","Soricidae",c(-82.21584203, 35.74293897)
"United States","North Carolina","Pisgah National Forest, 5 km ESE Mount Mitchell, forest edge near junction of South Toe River Road and Forest Service Road 2074","27-May-22","female","adult","Sorex","Soricomorpha","Soricidae",c(-82.21584203, 35.74293897)
"United States","North Carolina","Pisgah National Forest, 5 km ESE Mount Mitchell, forest edge near junction of South Toe River Road and Forest Service Road 2074","5-Nov-22","male","adult","Sorex","Soricomorpha","Soricidae",c(-82.21582401, 35.74279999)
"United States","North Carolina","Pisgah National Forest, 5 km SE Mount Mitchell, along South Toe River Road","5-Nov-22","male","adult","Sorex","Soricomorpha","Soricidae",c(-82.21582401, 35.74279999)
"United States","North Carolina","Pisgah National Forest, 5 km ESE Mount Mitchell, forest edge near junction of South Toe River Road and Forest Service Road 2074","27-May-22","female","adult","Napaeozapus","Rodentia","Dipodidae",c(-82.21579098, 35.74218401)
"United States","North Carolina","Pisgah National Forest, 5 km ESE Mount Mitchell, forest edge near junction of South Toe River Road and Forest Service Road 2074","28-May-22","female","adult","Sorex","Soricomorpha","Soricidae",c(-82.21579098, 35.74253596)
"United States","North Carolina","Pisgah National Forest, 5 km ESE Mount Mitchell, forest edge near junction of South Toe River Road and Forest Service Road 2074","27-May-22","female","adult","Sorex","Soricomorpha","Soricidae",c(-82.21574698, 35.74237101)
"United States","North Carolina","Pisgah National Forest, 5 km ESE Mount Mitchell, meadow near junction of South Toe River Road and Forest Service Road 2074","28-May-21","male","adult","Peromyscus","Rodentia","Cricetidae",c(-82.21574496, 35.74336099)
"United States","North Carolina","Pisgah National Forest, 5 km ESE Mount Mitchell, forest edge near junction of South Toe River Road and Forest Service Road 2074","11-Mar-22","male","adult","Sorex","Soricomorpha","Soricidae",c(-82.21573801, 35.74192802)
"United States","North Carolina","Pisgah National Forest, 5 km ESE Mount Mitchell, forest edge near junction of South Toe River Road and Forest Service Road 2074","11-Mar-22","female","adult","Sorex","Soricomorpha","Soricidae",c(-82.21571404, 35.74183499)
"United States","North Carolina","Pisgah National Forest, 5 km ESE Mount Mitchell, forest edge near junction of South Toe River Road and Forest Service Road 2074","27-May-22","female","adult","Sorex","Soricomorpha","Soricidae",c(-82.21570901, 35.74239196)
"United States","North Carolina","Pisgah National Forest, 5 km ESE Mount Mitchell, forest edge near junction of South Toe River Road and Forest Service Road 2074","27-May-22","female","subadult","Sorex","Soricomorpha","Soricidae",c(-82.21569199, 35.74225802)
"United States","North Carolina","Pisgah National Forest, 5 km ESE Mount Mitchell, forest edge near junction of South Toe River Road and Forest Service Road 2074","27-May-22","female","subadult","Sorex","Soricomorpha","Soricidae",c(-82.21569199, 35.74225802)
"United States","North Carolina","Pisgah National Forest, 5 km ESE Mount Mitchell, forest edge near junction of South Toe River Road and Forest Service Road 2074","27-May-22","female","subadult","Sorex","Soricomorpha","Soricidae",c(-82.21569199, 35.74225802)
"United States","North Carolina","Pisgah National Forest, 5 km ESE Mount Mitchell, forest edge near junction of South Toe River Road and Forest Service Road 2074","27-May-22","female","adult","Sorex","Soricomorpha","Soricidae",c(-82.21568897, 35.74233999)
"United States","North Carolina","Pisgah National Forest, 5 km ESE Mount Mitchell, forest edge near junction of South Toe River Road and Forest Service Road 2074","27-May-22","female","adult","Sorex","Soricomorpha","Soricidae",c(-82.21566601, 35.74240596)
"United States","North Carolina","Pisgah National Forest, 5 km ESE Mount Mitchell, forest edge near junction of South Toe River Road and Forest Service Road 2074","15-Jan-22","male","adult","Sorex","Soricomorpha","Soricidae",c(-82.21563399, 35.74236698)
"United States","North Carolina","Pisgah National Forest, 5 km ESE Mount Mitchell, meadow near junction of South Toe River Road and Forest Service Road 2074","9-May-24","male","subadult","Peromyscus","Rodentia","Cricetidae",c(-82.21561404, 35.74562998)
"United States","North Carolina","Pisgah National Forest, 5 km ESE Mount Mitchell, meadow near junction of South Toe River Road and Forest Service Road 2074","14-Jul-21","female","adult","Microtus","Rodentia","Cricetidae",c(-82.21561102, 35.74540903)
"United States","North Carolina","Pisgah National Forest, 5 km ESE Mount Mitchell, forest edge near junction of South Toe River Road and Forest Service Road 2074","13-Jan-23","female","subadult","Peromyscus","Rodentia","Cricetidae",c(-82.215582, 35.743717)
"United States","North Carolina","Pisgah National Forest, 5 km ESE Mount Mitchell, forest edge near junction of South Toe River Road and Forest Service Road 2074","27-May-22","male","adult","Sorex","Soricomorpha","Soricidae",c(-82.21557297, 35.74242398)
"United States","North Carolina","Pisgah National Forest, 5 km ESE Mount Mitchell, forest edge near junction of South Toe River Road and Forest Service Road 2074","27-May-22","female","adult","Sorex","Soricomorpha","Soricidae",c(-82.21557297, 35.74242398)
"United States","North Carolina","Pisgah National Forest, 5 km ESE Mount Mitchell, forest edge near junction of South Toe River Road and Forest Service Road 2074","27-May-22","female","adult","Sorex","Soricomorpha","Soricidae",c(-82.21557297, 35.74242398)
"United States","North Carolina","Pisgah National Forest, 5 km ESE Mount Mitchell, forest edge near junction of South Toe River Road and Forest Service Road 2074","27-May-22","female","adult","Sorex","Soricomorpha","Soricidae",c(-82.21556299, 35.74241401)
"United States","North Carolina","Pisgah National Forest, 5 km ESE Mount Mitchell, forest edge near junction of South Toe River Road and Forest Service Road 2074","13-Jan-23","female","adult","Peromyscus","Rodentia","Cricetidae",c(-82.21554, 35.742422)
"United States","North Carolina","Pisgah National Forest, 5.28 km SE Mount Mitchell, along Big Lost Cove Creek off of South Toe River Road","11-Mar-22","male","adult","Sorex","Soricomorpha","Soricidae",c(-82.21553902, 35.74242398)
"United States","North Carolina","Pisgah National Forest, 5 km ESE Mount Mitchell, meadow near junction of South Toe River Road and Forest Service Road 2074","28-May-21","male","adult","Peromyscus","Rodentia","Cricetidae",c(-82.21553097, 35.74346703)
"United States","North Carolina","Pisgah National Forest, 5 km SE Mount Mitchell, along South Toe River Road","5-Nov-22","unknown","adult","Sorex","Soricomorpha","Soricidae",c(-82.21552997, 35.74243999)
"United States","North Carolina","Pisgah National Forest, 5 km SE Mount Mitchell, along South Toe River Road","5-Nov-22","female","adult","Blarina","Soricomorpha","Soricidae",c(-82.21552997, 35.74243999)
"United States","North Carolina","Pisgah National Forest, 5 km SE Mount Mitchell, along South Toe River Road","5-Nov-22","unknown","adult","Sorex","Soricomorpha","Soricidae",c(-82.21552997, 35.74243999)
"United States","North Carolina","Pisgah National Forest, 5 km ESE Mount Mitchell, forest edge near junction of South Toe River Road and Forest Service Road 2074","27-May-22","male","adult","Sorex","Soricomorpha","Soricidae",c(-82.21552896, 35.74244997)
"United States","North Carolina","Pisgah National Forest, 5 km ESE Mount Mitchell, meadow near junction of South Toe River Road and Forest Service Road 2074","7-May-24","male","adult","Peromyscus","Rodentia","Cricetidae",c(-82.21548303, 35.744411)
"United States","North Carolina","Pisgah National Forest, 5 km ESE Mount Mitchell, meadow near junction of South Toe River Road and Forest Service Road 2074","7-May-24","female","adult","Peromyscus","Rodentia","Cricetidae",c(-82.21535998, 35.74458601)
"United States","North Carolina","Pisgah National Forest, 5 km ESE Mount Mitchell, meadow near junction of South Toe River Road and Forest Service Road 2074","9-May-24","male","subadult","Peromyscus","Rodentia","Cricetidae",c(-82.215334, 35.74510502)
"United States","North Carolina","Pisgah National Forest, 5 km ESE Mount Mitchell, forest edge near junction of South Toe River Road and Forest Service Road 2074","12-Jan-23","female","adult","Sorex","Soricomorpha","Soricidae",c(-82.21527197, 35.74391403)
"United States","North Carolina","Pisgah National Forest, 5 km ESE Mount Mitchell, meadow near junction of South Toe River Road and Forest Service Road 2074","9-May-24","male","subadult","Peromyscus","Rodentia","Cricetidae",c(-82.21519503, 35.74516998)
"United States","North Carolina","Pisgah National Forest, 5 km ESE Mount Mitchell, meadow near junction of South Toe River Road and Forest Service Road 2074","15-Jul-21","male","adult","Microtus","Rodentia","Cricetidae",c(-82.21518497, 35.74468902)
"United States","North Carolina","Pisgah National Forest, 5 km ESE Mount Mitchell, meadow near junction of South Toe River Road and Forest Service Road 2074","16-Jul-21","male","subadult","Synaptomys","Rodentia","Cricetidae",c(-82.21518296, 35.74499899)
"United States","North Carolina","Pisgah National Forest, 5 km ESE Mount Mitchell, meadow near junction of South Toe River Road and Forest Service Road 2074","14-Jul-21","male","adult","Microtus","Rodentia","Cricetidae",c(-82.21516997, 35.74462004)
"United States","North Carolina","Pisgah National Forest, 5 km ESE Mount Mitchell, meadow near junction of South Toe River Road and Forest Service Road 2074","27-May-21","male","subadult","Peromyscus","Rodentia","Cricetidae",c(-82.21516603, 35.74375897)
"United States","North Carolina","Pisgah National Forest, 5 km ESE Mount Mitchell, meadow near junction of South Toe River Road and Forest Service Road 2074","7-May-24","female","juvenile","Peromyscus","Rodentia","Cricetidae",c(-82.215104, 35.74512798)
"United States","North Carolina","Pisgah National Forest, 5 km ESE Mount Mitchell, meadow near junction of South Toe River Road and Forest Service Road 2074","8-May-24","female","adult","Ochrotomys","Rodentia","Cricetidae",c(-82.21509998, 35.74514299)
"United States","North Carolina","Pisgah National Forest, 5 km ESE Mount Mitchell, meadow near junction of South Toe River Road and Forest Service Road 2074","9-May-24","female","subadult","Peromyscus","Rodentia","Cricetidae",c(-82.21509503, 35.74516797)
"United States","North Carolina","Pisgah National Forest, 5 km ESE Mount Mitchell, meadow near junction of South Toe River Road and Forest Service Road 2074","14-Jul-21","male","adult","Sigmodon","Rodentia","Cricetidae",c(-82.21509201, 35.74456003)
"United States","North Carolina","Pisgah National Forest, 5 km ESE Mount Mitchell, meadow near junction of South Toe River Road and Forest Service Road 2074","7-May-24","female","adult","Peromyscus","Rodentia","Cricetidae",c(-82.21494801, 35.74418996)
"United States","North Carolina","Pisgah National Forest, 5 km ESE Mount Mitchell, meadow near junction of South Toe River Road and Forest Service Road 2074","7-May-24","male","adult","Peromyscus","Rodentia","Cricetidae",c(-82.21492304, 35.74420597)
"United States","North Carolina","Pisgah National Forest, 5 km ESE Mount Mitchell, meadow near junction of South Toe River Road and Forest Service Road 2074","7-May-24","male","adult","Peromyscus","Rodentia","Cricetidae",c(-82.21492304, 35.74420597)
"United States","North Carolina","Pisgah National Forest, 5 km ESE Mount Mitchell, meadow near junction of South Toe River Road and Forest Service Road 2074","9-May-24","male","adult","Ochrotomys","Rodentia","Cricetidae",c(-82.21492203, 35.745231)
"United States","North Carolina","Pisgah National Forest, 5 km ESE Mount Mitchell, meadow near junction of South Toe River Road and Forest Service Road 2074","28-May-21","male","subadult","Microtus","Rodentia","Cricetidae",c(-82.214903, 35.74508599)
"United States","North Carolina","Pisgah National Forest, 5 km ESE Mount Mitchell, forest edge near junction of South Toe River Road and Forest Service Road 2074","14-Jan-22","male","adult","Sorex","Soricomorpha","Soricidae",c(-82.21485103, 35.74310602)
"United States","North Carolina","Pisgah National Forest, 5 km ESE Mount Mitchell, meadow near junction of South Toe River Road and Forest Service Road 2074","28-May-21","female","subadult","Microtus","Rodentia","Cricetidae",c(-82.21473503, 35.74500804)
"United States","North Carolina","Pisgah National Forest, 5 km ESE Mount Mitchell, meadow near junction of South Toe River Road and Forest Service Road 2074","7-May-24","female","adult","Blarina","Soricomorpha","Soricidae",c(-82.21473402, 35.74506897)
"United States","North Carolina","Pisgah National Forest, 5 km ESE Mount Mitchell, meadow near junction of South Toe River Road and Forest Service Road 2074","9-May-24","female","adult","Peromyscus","Rodentia","Cricetidae",c(-82.21472296, 35.74536704)
"United States","North Carolina","Pisgah National Forest, 5 km ESE Mount Mitchell, meadow near junction of South Toe River Road and Forest Service Road 2074","16-Jul-21","male","subadult","Microtus","Rodentia","Cricetidae",c(-82.21471399, 35.744857)
"United States","North Carolina","Pisgah National Forest, 5 km ESE Mount Mitchell, meadow near junction of South Toe River Road and Forest Service Road 2074","9-May-24","male","subadult","Peromyscus","Rodentia","Cricetidae",c(-82.21470502, 35.74546997)
"United States","North Carolina","Pisgah National Forest, 5 km ESE Mount Mitchell, meadow near junction of South Toe River Road and Forest Service Road 2074","9-May-24","male","subadult","Peromyscus","Rodentia","Cricetidae",c(-82.21464702, 35.74518196)
"United States","North Carolina","Pisgah National Forest, 5 km ESE Mount Mitchell, meadow near junction of South Toe River Road and Forest Service Road 2074","14-Jul-21","female","adult","Microtus","Rodentia","Cricetidae",c(-82.21461601, 35.74454402)
"United States","North Carolina","Pisgah National Forest, 5 km ESE Mount Mitchell, meadow near junction of South Toe River Road and Forest Service Road 2074","9-May-24","female","adult","Peromyscus","Rodentia","Cricetidae",c(-82.21456203, 35.74519202)
"United States","North Carolina","Pisgah National Forest, 5 km ESE Mount Mitchell, meadow near junction of South Toe River Road and Forest Service Road 2074","9-May-24","female","adult","Peromyscus","Rodentia","Cricetidae",c(-82.21455901, 35.74513)
"United States","North Carolina","Pisgah National Forest, 5 km ESE Mount Mitchell, meadow near junction of South Toe River Road and Forest Service Road 2074","9-May-24","female","adult","Ochrotomys","Rodentia","Cricetidae",c(-82.21450604, 35.74492598)
"United States","North Carolina","Pisgah National Forest, 5 km ESE Mount Mitchell, meadow near junction of South Toe River Road and Forest Service Road 2074","8-May-24","male","adult","Sorex","Soricomorpha","Soricidae",c(-82.21450604, 35.74492598)
"United States","North Carolina","Pisgah National Forest, 5 km ESE Mount Mitchell, forest edge near junction of South Toe River Road and Forest Service Road 2074","27-May-22","male","adult","Sorex","Soricomorpha","Soricidae",c(-82.21443404, 35.74495699)
"United States","North Carolina","Pisgah National Forest, 5.31 km ESE Mount Mitchell, along South Toe River Road at Big Lost Cove Creek, 2024 South Toe River Road","15-Jan-22","male","adult","Sorex","Soricomorpha","Soricidae",c(-82.21371797, 35.74959403)
"United States","North Carolina","Pisgah National Forest, 5.31 km ESE Mount Mitchell, along South Toe River Road at Big Lost Cove Creek, 2024 South Toe River Road","14-Jan-22","male","adult","Peromyscus","Rodentia","Cricetidae",c(-82.21367598, 35.74949797)
"United States","North Carolina","Pisgah National Forest, 5.31 km ESE Mount Mitchell, along South Toe River Road at Big Lost Cove Creek, 2024 South Toe River Road","14-Jan-22","female","adult","Peromyscus","Rodentia","Cricetidae",c(-82.21361797, 35.74942304)
"United States","North Carolina","Pisgah National Forest, 5.31 km ESE Mount Mitchell, along South Toe River Road at Big Lost Cove Creek, 2024 South Toe River Road","14-Jan-22","female","adult","Peromyscus","Rodentia","Cricetidae",c(-82.21361001, 35.74943603)
"United States","North Carolina","Pisgah National Forest, 5.31 km ESE Mount Mitchell, along South Toe River Road at Big Lost Cove Creek, 2024 South Toe River Road","14-Jan-22","male","adult","Sorex","Soricomorpha","Soricidae",c(-82.21356902, 35.74937903)
"United States","North Carolina","Pisgah National Forest, 5.28 km SE Mount Mitchell, along Big Lost Cove Creek off of South Toe River Road","13-Jan-23","female","adult","Blarina","Soricomorpha","Soricidae",c(-82.21322201, 35.74353601)
"United States","North Carolina","Pisgah National Forest, 5.28 km SE Mount Mitchell, along Big Lost Cove Creek off of South Toe River Road","11-Mar-22","male","adult","Microtus","Rodentia","Cricetidae",c(-82.21321899, 35.74315798)
"United States","North Carolina","Pisgah National Forest, 5.28 km SE Mount Mitchell, along Big Lost Cove Creek off of South Toe River Road","14-Jan-23","female","adult","Sorex","Soricomorpha","Soricidae",c(-82.21315898, 35.74308297)
"United States","North Carolina","Pisgah National Forest, 5.28 km SE Mount Mitchell, along Big Lost Cove Creek off of South Toe River Road","14-Jan-23","male","adult","Sorex","Soricomorpha","Soricidae",c(-82.21315596, 35.74308498)
"United States","North Carolina","Pisgah National Forest, 5.28 km SE Mount Mitchell, along Big Lost Cove Creek off of South Toe River Road","13-Jan-23","male","adult","Sorex","Soricomorpha","Soricidae",c(-82.21309503, 35.74336502)
"United States","North Carolina","Pisgah National Forest, 5.28 km SE Mount Mitchell, along Big Lost Cove Creek off of South Toe River Road","11-Mar-22","male","adult","Blarina","Soricomorpha","Soricidae",c(-82.21298598, 35.74368898)
"United States","North Carolina","Pisgah National Forest, 5.28 km SE Mount Mitchell, along Big Lost Cove Creek off of South Toe River Road","11-Mar-22","female","adult","Sorex","Soricomorpha","Soricidae",c(-82.21298103, 35.74369996)
"United States","North Carolina","Pisgah National Forest, 5.28 km SE Mount Mitchell, along Big Lost Cove Creek off of South Toe River Road","11-Mar-22","male","adult","Sorex","Soricomorpha","Soricidae",c(-82.21293602, 35.74367599)
"United States","North Carolina","Pisgah National Forest, 5.28 km SE Mount Mitchell, along Big Lost Cove Creek off of South Toe River Road","13-Jan-23","female","adult","Sorex","Soricomorpha","Soricidae",c(-82.21288003, 35.74374304)
"United States","North Carolina","Pisgah National Forest, 5.28 km SE Mount Mitchell, along Big Lost Cove Creek off of South Toe River Road","13-Jan-23","female","adult","Sorex","Soricomorpha","Soricidae",c(-82.21285203, 35.74396198)
"United States","North Carolina","Pisgah National Forest, 5.28 km SE Mount Mitchell, along Big Lost Cove Creek off of South Toe River Road","12-Jan-23","male","adult","Sorex","Soricomorpha","Soricidae",c(-82.21280099, 35.74387296)
"United States","North Carolina","Pisgah National Forest, 5.28 km SE Mount Mitchell, along Big Lost Cove Creek off of South Toe River Road","13-Jan-23","male","adult","Sorex","Soricomorpha","Soricidae",c(-82.21279596, 35.74388302)
"United States","North Carolina","Pisgah National Forest, 5.28 km SE Mount Mitchell, along Big Lost Cove Creek off of South Toe River Road","13-Jan-23","female","subadult","Peromyscus","Rodentia","Cricetidae",c(-82.21263897, 35.74376098)
"United States","North Carolina","Pisgah National Forest, 5.28 km SE Mount Mitchell, along Big Lost Cove Creek off of South Toe River Road","13-Jan-23","female","adult","Peromyscus","Rodentia","Cricetidae",c(-82.21262899, 35.74376098)
"United States","North Carolina","Pisgah National Forest, 5.28 km SE Mount Mitchell, along Big Lost Cove Creek off of South Toe River Road","13-Jan-23","male","adult","Sorex","Soricomorpha","Soricidae",c(-82.21262597, 35.74413003)
"United States","North Carolina","Pisgah National Forest, 5.28 km SE Mount Mitchell, along Big Lost Cove Creek off of South Toe River Road","12-Jan-23","female","adult","Blarina","Soricomorpha","Soricidae",c(-82.21262304, 35.74366903)
"United States","North Carolina","Pisgah National Forest, 5.28 km SE Mount Mitchell, along Big Lost Cove Creek off of South Toe River Road","13-Jan-23","female","adult","Sorex","Soricomorpha","Soricidae",c(-82.21260804, 35.74374204)
"United States","North Carolina","Pisgah National Forest, 5.28 km SE Mount Mitchell, along Big Lost Cove Creek off of South Toe River Road","13-Jan-23","male","adult","Sorex","Soricomorpha","Soricidae",c(-82.212602, 35.74414797)
"United States","North Carolina","Pisgah National Forest, 5.28 km SE Mount Mitchell, along Big Lost Cove Creek off of South Toe River Road","12-Jan-23","male","adult","Blarina","Soricomorpha","Soricidae",c(-82.21253403, 35.74344297)
"United States","North Carolina","Pisgah National Forest, 5.28 km SE Mount Mitchell, along Big Lost Cove Creek off of South Toe River Road","13-Jan-23","female","adult","Sorex","Soricomorpha","Soricidae",c(-82.21252296, 35.74433598)
"United States","North Carolina","Pisgah National Forest, 5.28 km SE Mount Mitchell, along Big Lost Cove Creek off of South Toe River Road","13-Jan-23","female","adult","Blarina","Soricomorpha","Soricidae",c(-82.21252003, 35.74434503)
"United States","North Carolina","Pisgah National Forest, 5.28 km SE Mount Mitchell, along Big Lost Cove Creek off of South Toe River Road","13-Jan-23","female","adult","Sorex","Soricomorpha","Soricidae",c(-82.21249798, 35.74332001)
"United States","North Carolina","Pisgah National Forest, 5.28 km SE Mount Mitchell, along Big Lost Cove Creek off of South Toe River Road","14-Jan-23","male","adult","Blarina","Soricomorpha","Soricidae",c(-82.21236999, 35.74384899)
"United States","North Carolina","Pisgah National Forest, 5.28 km SE Mount Mitchell, along Big Lost Cove Creek off of South Toe River Road","13-Jan-23","male","adult","Sorex","Soricomorpha","Soricidae",c(-82.21233596, 35.74382904)
"United States","North Carolina","Pisgah National Forest, 5.28 km SE Mount Mitchell, along Big Lost Cove Creek off of South Toe River Road","13-Jan-23","male","adult","Blarina","Soricomorpha","Soricidae",c(-82.21233403, 35.74382602)
"United States","North Carolina","Pisgah National Forest, 5.28 km SE Mount Mitchell, along Big Lost Cove Creek off of South Toe River Road","13-Jan-23","male","adult","Sorex","Soricomorpha","Soricidae",c(-82.21227997, 35.74398503)
"United States","North Carolina","Pisgah National Forest, 5.28 km SE Mount Mitchell, along Big Lost Cove Creek off of South Toe River Road","13-Jan-23","male","subadult","Peromyscus","Rodentia","Cricetidae",c(-82.21217503, 35.74369904)
"United States","North Carolina","Pisgah National Forest, 5.28 km SE Mount Mitchell, along Big Lost Cove Creek off of South Toe River Road","13-Jan-23","female","adult","Peromyscus","Rodentia","Cricetidae",c(-82.21206296, 35.74251199)
"United States","North Carolina","Pisgah National Forest, 5.28 km SE Mount Mitchell, along Big Lost Cove Creek off of South Toe River Road","14-Jan-23","female","adult","Sorex","Soricomorpha","Soricidae",c(-82.21200597, 35.74372603)
"United States","North Carolina","Pisgah National Forest, 5.28 km SE Mount Mitchell, along Big Lost Cove Creek off of South Toe River Road","13-Jan-23","female","adult","Sorex","Soricomorpha","Soricidae",c(-82.211968, 35.74373399)
"United States","North Carolina","Pisgah National Forest, 5.28 km SE Mount Mitchell, along Big Lost Cove Creek off of South Toe River Road","13-Jan-23","female","adult","Sorex","Soricomorpha","Soricidae",c(-82.21196498, 35.74373097)
"United States","North Carolina","Pisgah National Forest, 5.28 km SE Mount Mitchell, along Big Lost Cove Creek off of South Toe River Road","13-Jan-23","male","adult","Sorex","Soricomorpha","Soricidae",c(-82.211954, 35.74279597)
"United States","North Carolina","Pisgah National Forest, 5.28 km SE Mount Mitchell, along Big Lost Cove Creek off of South Toe River Road","13-Jan-23","female","adult","Sorex","Soricomorpha","Soricidae",c(-82.21177001, 35.74252297)
"United States","North Carolina","Pisgah National Forest, 5.28 km SE Mount Mitchell, along Big Lost Cove Creek off of South Toe River Road","13-Jan-23","male","adult","Sorex","Soricomorpha","Soricidae",c(-82.21167102, 35.74254996)
"United States","North Carolina","Pisgah National Forest, 5.28 km SE Mount Mitchell, along Big Lost Cove Creek off of South Toe River Road","14-Jan-23","male","adult","Sorex","Soricomorpha","Soricidae",c(-82.21142803, 35.74416599)
"United States","North Carolina","Pisgah National Forest, 5.28 km SE Mount Mitchell, along Big Lost Cove Creek off of South Toe River Road","14-Jan-23","female","adult","Sorex","Soricomorpha","Soricidae",c(-82.21137598, 35.74415803)
"United States","North Carolina","Pisgah National Forest, 5.28 km SE Mount Mitchell, along Big Lost Cove Creek off of South Toe River Road","13-Jan-23","female","adult","Sorex","Soricomorpha","Soricidae",c(-82.21131102, 35.74416197)
"United States","North Carolina","Pisgah National Forest, 5.28 km SE Mount Mitchell, along Big Lost Cove Creek off of South Toe River Road","13-Jan-23","female","adult","Peromyscus","Rodentia","Cricetidae",c(-82.211279, 35.74404798)
"United States","North Carolina","Pisgah National Forest, 5.15 km ESE Mt. Mitchell, meadow off of South Toe River Road","7-May-24","male","subadult","Peromyscus","Rodentia","Cricetidae",c(-82.20977403, 35.75174097)
"United States","North Carolina","Pisgah National Forest, 6 km ESE Mount Mitchell, along Forest Service Road 2074 at Neals Creek","9-May-24","female","adult","Sorex","Soricomorpha","Soricidae",c(-82.20546003, 35.74105396)
"United States","North Carolina","Pisgah National Forest, 6 km ESE Mount Mitchell, along Forest Service Road 2074 at Neals Creek","9-May-24","male","adult","Sorex","Soricomorpha","Soricidae",c(-82.20545098, 35.74106997)
"United States","North Carolina","Pisgah National Forest, 256 Fairway Loop, Burnsville NC","12-Jan-23","male","adult","Peromyscus","Rodentia","Cricetidae",c(-82.20522199, 35.771377)
"United States","North Carolina","Pisgah National Forest, 6 km ESE Mount Mitchell, along Forest Service Road 2074 at Neals Creek","9-May-24","male","adult","Sorex","Soricomorpha","Soricidae",c(-82.205195, 35.74097299)
"United States","North Carolina","Pisgah National Forest, 6 km ESE Mount Mitchell, along Forest Service Road 2074 at Neals Creek","9-May-24","female","adult","Sorex","Soricomorpha","Soricidae",c(-82.20518201, 35.74097903)
"United States","North Carolina","Pisgah National Forest, 6 km ESE Mount Mitchell, along Forest Service Road 2074 at Neals Creek","9-May-24","female","adult","Sorex","Soricomorpha","Soricidae",c(-82.20517203, 35.74098598)
"United States","North Carolina","Pisgah National Forest, 6 km ESE Mount Mitchell, along Forest Service Road 2074 at Neals Creek","26-May-22","male","adult","Sorex","Soricomorpha","Soricidae",c(-82.20514102, 35.74095002)
"United States","North Carolina","Pisgah National Forest, 6 km ESE Mount Mitchell, along Forest Service Road 2074 at Neals Creek","26-May-22","male","adult","Sorex","Soricomorpha","Soricidae",c(-82.20514102, 35.74095002)
"United States","North Carolina","Pisgah National Forest, 5 km ESE Mount Mitchell, forest edge near junction of South Toe River Road and Forest Service Road 2074","14-Jan-23","female","adult","Peromyscus","Rodentia","Cricetidae",c(-82.20513901, 35.77142998)
"United States","North Carolina","Pisgah National Forest, 6 km ESE Mount Mitchell, along Forest Service Road 2074 at Neals Creek","14-Nov-21","female","adult","Sorex","Soricomorpha","Soricidae",c(-82.20502099, 35.74148403)
"United States","North Carolina","Pisgah National Forest, 6 km ESE Mount Mitchell, along Forest Service Road 2074 at Neals Creek","14-Nov-21","unknown","adult","Sorex","Soricomorpha","Soricidae",c(-82.20499501, 35.74126602)
"United States","North Carolina","Pisgah National Forest, 6 km ESE Mount Mitchell, along Forest Service Road 2074 at Neals Creek","14-Nov-21","female","adult","Sorex","Soricomorpha","Soricidae",c(-82.20498, 35.74125596)
"United States","North Carolina","Pisgah National Forest, 6 km ESE Mount Mitchell, along Forest Service Road 2074 at Neals Creek","9-May-24","male","adult","Blarina","Soricomorpha","Soricidae",c(-82.20490901, 35.74109696)
"United States","North Carolina","Pisgah National Forest, 6 km ESE Mount Mitchell, along Forest Service Road 2074 at Neals Creek","13-Nov-21","female","adult","Sorex","Soricomorpha","Soricidae",c(-82.20490901, 35.74116603)
"United States","North Carolina","Pisgah National Forest, 6 km ESE Mount Mitchell, along Forest Service Road 2074 at Neals Creek","13-Nov-21","female","adult","Blarina","Soricomorpha","Soricidae",c(-82.20490197, 35.74117499)
"United States","North Carolina","Pisgah National Forest, 6 km ESE Mount Mitchell, along Forest Service Road 2074 at Neals Creek","9-May-24","female","adult","Sorex","Soricomorpha","Soricidae",c(-82.20490004, 35.74112596)
"United States","North Carolina","Pisgah National Forest, 6 km ESE Mount Mitchell, along Forest Service Road 2074 at Neals Creek","13-Nov-21","female","adult","Blarina","Soricomorpha","Soricidae",c(-82.20480298, 35.74101498)
"United States","North Carolina","Pisgah National Forest, 6 km ESE Mount Mitchell, along Forest Service Road 2074 at Neals Creek","9-May-24","male","adult","Sorex","Soricomorpha","Soricidae",c(-82.20480197, 35.74100601)
"United States","North Carolina","Pisgah National Forest, 6 km ESE Mount Mitchell, along Forest Service Road 2074 at Neals Creek","5-Nov-22","female","adult","Blarina","Soricomorpha","Soricidae",c(-82.20480097, 35.74067099)
"United States","North Carolina","Pisgah National Forest, 6 km ESE Mount Mitchell, along Forest Service Road 2074 at Neals Creek","9-May-24","male","adult","Sorex","Soricomorpha","Soricidae",c(-82.20479803, 35.74101096)
"United States","North Carolina","Pisgah National Forest, 6 km ESE Mount Mitchell, along Forest Service Road 2074 at Neals Creek","9-May-24","male","adult","Sorex","Soricomorpha","Soricidae",c(-82.204792, 35.74102102)
"United States","North Carolina","Pisgah National Forest, 6 km ESE Mount Mitchell, along Forest Service Road 2074 at Neals Creek","14-Jul-21","female","adult","Peromyscus","Rodentia","Cricetidae",c(-82.204778, 35.740918)
"United States","North Carolina","Pisgah National Forest, 6 km ESE Mount Mitchell, along Forest Service Road 2074 at Neals Creek","9-May-24","female","adult","Sorex","Soricomorpha","Soricidae",c(-82.20477699, 35.74095002)
"United States","North Carolina","Pisgah National Forest, 6 km ESE Mount Mitchell, along Forest Service Road 2074 at Neals Creek","26-May-22","male","adult","Sorex","Soricomorpha","Soricidae",c(-82.20477599, 35.74097299)
"United States","North Carolina","Pisgah National Forest, 6 km ESE Mount Mitchell, along Forest Service Road 2074 at Neals Creek","26-May-22","male","adult","Sorex","Soricomorpha","Soricidae",c(-82.20477599, 35.74097299)
"United States","North Carolina","Pisgah National Forest, 6 km ESE Mount Mitchell, along Forest Service Road 2074 at Neals Creek","9-May-24","female","adult","Sorex","Soricomorpha","Soricidae",c(-82.20477196, 35.74088196)
"United States","North Carolina","Pisgah National Forest, 6 km ESE Mount Mitchell, along Forest Service Road 2074 at Neals Creek","14-Nov-21","male","adult","Sorex","Soricomorpha","Soricidae",c(-82.20477104, 35.74134397)
"United States","North Carolina","Pisgah National Forest, 6 km ESE Mount Mitchell, along Forest Service Road 2074 at Neals Creek","9-May-24","male","adult","Sorex","Soricomorpha","Soricidae",c(-82.20477004, 35.74088196)
"United States","North Carolina","Pisgah National Forest, 6 km ESE Mount Mitchell, along Forest Service Road 2074 at Neals Creek","9-May-24","male","adult","Sorex","Soricomorpha","Soricidae",c(-82.20476903, 35.74088104)
"United States","North Carolina","Pisgah National Forest, 6 km ESE Mount Mitchell, along Forest Service Road 2074 at Neals Creek","6-Nov-22","male","subadult","Peromyscus","Rodentia","Cricetidae",c(-82.20475797, 35.74078498)
"United States","North Carolina","Pisgah National Forest, 6 km ESE Mount Mitchell, along Forest Service Road 2074 at Neals Creek","6-Nov-22","male","adult","Sorex","Soricomorpha","Soricidae",c(-82.20475503, 35.74093804)
"United States","North Carolina","Pisgah National Forest, 6 km ESE Mount Mitchell, along Forest Service Road 2074 at Neals Creek","6-Nov-22","female","juvenile","Peromyscus","Rodentia","Cricetidae",c(-82.20475403, 35.74078096)
"United States","North Carolina","Pisgah National Forest, 6 km ESE Mount Mitchell, along Forest Service Road 2074 at Neals Creek","14-Jul-21","female","adult","Peromyscus","Rodentia","Cricetidae",c(-82.20475101, 35.74094198)
"United States","North Carolina","Pisgah National Forest, 6 km ESE Mount Mitchell, along Forest Service Road 2074 at Neals Creek","28-May-22","male","adult","Sorex","Soricomorpha","Soricidae",c(-82.204749, 35.74123501)
"United States","North Carolina","Pisgah National Forest, 6 km ESE Mount Mitchell, along Forest Service Road 2074 at Neals Creek","28-May-22","female","adult","Sorex","Soricomorpha","Soricidae",c(-82.204749, 35.74123501)
"United States","North Carolina","Pisgah National Forest, 6 km ESE Mount Mitchell, along Forest Service Road 2074 at Neals Creek","5-Nov-22","female","adult","Microtus","Rodentia","Cricetidae",c(-82.20473399, 35.74069999)
"United States","North Carolina","Pisgah National Forest, 6 km ESE Mount Mitchell, along Forest Service Road 2074 at Neals Creek","14-Jul-21","female","adult","Sorex","Soricomorpha","Soricidae",c(-82.20472301, 35.74086403)
"United States","North Carolina","Pisgah National Forest, 6 km ESE Mount Mitchell, along Forest Service Road 2074 at Neals Creek","14-Jul-21","male","adult","Sorex","Soricomorpha","Soricidae",c(-82.20472301, 35.74086403)
"United States","North Carolina","Pisgah National Forest, 6 km ESE Mount Mitchell, along Forest Service Road 2074 at Neals Creek","14-Jul-21","male","adult","Sorex","Soricomorpha","Soricidae",c(-82.20472301, 35.74086403)
"United States","North Carolina","Pisgah National Forest, 6 km ESE Mount Mitchell, along Forest Service Road 2074 at Neals Creek","6-Nov-22","female","subadult","Peromyscus","Rodentia","Cricetidae",c(-82.204721, 35.740817)
"United States","North Carolina","Pisgah National Forest, 5 km SE Mount Mitchell, along South Toe River Road","8-May-24","male","adult","Sorex","Soricomorpha","Soricidae",c(-82.20471798, 35.74073402)
"United States","North Carolina","Pisgah National Forest, 5 km ESE Mount Mitchell, meadow near junction of South Toe River Road and Forest Service Road 2074","7-May-24","male","juvenile","Peromyscus","Rodentia","Cricetidae",c(-82.20471798, 35.74073402)
"United States","North Carolina","Pisgah National Forest, 9.73 km NE Mount Mitchell, along Victor Road","27-May-22","female","adult","Peromyscus","Rodentia","Cricetidae",c(-82.20471203, 35.741017)
"United States","North Carolina","Pisgah National Forest, 6 km ESE Mount Mitchell, along Forest Service Road 2074 at Neals Creek","14-Jul-21","female","adult","Peromyscus","Rodentia","Cricetidae",c(-82.204707, 35.74093401)
"United States","North Carolina","Pisgah National Forest, 6 km ESE Mount Mitchell, along Forest Service Road 2074 at Neals Creek","6-Nov-22","male","subadult","Peromyscus","Rodentia","Cricetidae",c(-82.20470197, 35.74092303)
"United States","North Carolina","Pisgah National Forest, 6 km ESE Mount Mitchell, along Forest Service Road 2074 at Neals Creek","13-Nov-21","unknown","adult","Sorex","Soricomorpha","Soricidae",c(-82.20469099, 35.74115203)
"United States","North Carolina","Pisgah National Forest, 6 km ESE Mount Mitchell, along Forest Service Road 2074 at Neals Creek","13-Nov-21","male","adult","Sorex","Soricomorpha","Soricidae",c(-82.20468898, 35.74115404)
"United States","North Carolina","Pisgah National Forest, 6 km ESE Mount Mitchell, along Forest Service Road 2074 at Neals Creek","13-Nov-21","female","adult","Sorex","Soricomorpha","Soricidae",c(-82.20468001, 35.74114398)
"United States","North Carolina","Pisgah National Forest, 6 km ESE Mount Mitchell, along Forest Service Road 2074 at Neals Creek","13-Nov-21","male","adult","Microtus","Rodentia","Cricetidae",c(-82.204677, 35.74115102)
"United States","North Carolina","Pisgah National Forest, 6 km ESE Mount Mitchell, along Forest Service Road 2074 at Neals Creek","14-Jul-21","female","adult","Blarina","Soricomorpha","Soricidae",c(-82.20466702, 35.74088297)
"United States","North Carolina","Pisgah National Forest, 6 km ESE Mount Mitchell, along Forest Service Road 2074 at Neals Creek","9-May-24","male","adult","Napaeozapus","Rodentia","Dipodidae",c(-82.20465898, 35.74097198)
"United States","North Carolina","Pisgah National Forest, 6 km ESE Mount Mitchell, along Forest Service Road 2074 at Neals Creek","9-May-24","female","adult","Sorex","Soricomorpha","Soricidae",c(-82.20465797, 35.74096796)
"United States","North Carolina","Pisgah National Forest, 6 km ESE Mount Mitchell, along Forest Service Road 2074 at Neals Creek","14-Jul-21","male","adult","Sorex","Soricomorpha","Soricidae",c(-82.20465797, 35.74103803)
"United States","North Carolina","Pisgah National Forest, 6 km ESE Mount Mitchell, along Forest Service Road 2074 at Neals Creek","16-Jul-21","female","adult","Blarina","Soricomorpha","Soricidae",c(-82.20465596, 35.74073402)
"United States","North Carolina","Pisgah National Forest, 6 km ESE Mount Mitchell, along Forest Service Road 2074 at Neals Creek","14-Jul-21","female","adult","Peromyscus","Rodentia","Cricetidae",c(-82.20464598, 35.74102798)
"United States","North Carolina","Pisgah National Forest, 6 km ESE Mount Mitchell, along Forest Service Road 2074 at Neals Creek","9-May-24","female","adult","Peromyscus","Rodentia","Cricetidae",c(-82.20461296, 35.74063403)
"United States","North Carolina","Pisgah National Forest, 6 km ESE Mount Mitchell, along Forest Service Road 2074 at Neals Creek","14-Jul-21","male","adult","Sorex","Soricomorpha","Soricidae",c(-82.20459804, 35.74095597)
"United States","North Carolina","Pisgah National Forest, 6 km ESE Mount Mitchell, along Forest Service Road 2074 at Neals Creek","25-May-22","female","adult","Sorex","Soricomorpha","Soricidae",c(-82.20459804, 35.74095597)
"United States","North Carolina","Pisgah National Forest, 6 km ESE Mount Mitchell, along Forest Service Road 2074 at Neals Creek","9-May-24","male","adult","Blarina","Soricomorpha","Soricidae",c(-82.20459804, 35.74095597)
"United States","North Carolina","Pisgah National Forest, 6 km ESE Mount Mitchell, along Forest Service Road 2074 at Neals Creek","14-Jul-21","male","subadult","Sorex","Soricomorpha","Soricidae",c(-82.204592, 35.74095103)
"United States","North Carolina","Pisgah National Forest, 6 km ESE Mount Mitchell, along Forest Service Road 2074 at Neals Creek","6-Nov-22","female","adult","Sorex","Soricomorpha","Soricidae",c(-82.20458496, 35.74123803)
"United States","North Carolina","Pisgah National Forest, 6 km ESE Mount Mitchell, along Forest Service Road 2074 at Neals Creek","14-Jul-21","unknown","adult","Sorex","Soricomorpha","Soricidae",c(-82.20457901, 35.74104398)
"United States","North Carolina","Pisgah National Forest, 6 km ESE Mount Mitchell, along Forest Service Road 2074 at Neals Creek","14-Jul-21","female","adult","Sorex","Soricomorpha","Soricidae",c(-82.20457398, 35.74102303)
"United States","North Carolina","Pisgah National Forest, 6 km ESE Mount Mitchell, along Forest Service Road 2074 at Neals Creek","5-Nov-22","male","adult","Peromyscus","Rodentia","Cricetidae",c(-82.20455403, 35.74061098)
"United States","North Carolina","Pisgah National Forest, 6 km ESE Mount Mitchell, along Forest Service Road 2074 at Neals Creek","6-Nov-22","male","adult","Sorex","Soricomorpha","Soricidae",c(-82.20454901, 35.74147599)
"United States","North Carolina","Pisgah National Forest, 6 km ESE Mount Mitchell, along Forest Service Road 2074 at Neals Creek","9-May-24","female","adult","Napaeozapus","Rodentia","Dipodidae",c(-82.20452604, 35.74103099)
"United States","North Carolina","Pisgah National Forest, 6 km ESE Mount Mitchell, along Forest Service Road 2074 at Neals Creek","5-Nov-22","male","adult","Sorex","Soricomorpha","Soricidae",c(-82.20452302, 35.74138303)
"United States","North Carolina","Pisgah National Forest, 6 km ESE Mount Mitchell, along Forest Service Road 2074 at Neals Creek","16-Jul-21","male","adult","Napaeozapus","Rodentia","Dipodidae",c(-82.20449796, 35.74074903)
"United States","North Carolina","Pisgah National Forest, 6 km ESE Mount Mitchell, along Forest Service Road 2074 at Neals Creek","14-Jul-21","female","adult","Sorex","Soricomorpha","Soricidae",c(-82.20449301, 35.74104298)
"United States","North Carolina","Pisgah National Forest, 6 km ESE Mount Mitchell, along Forest Service Road 2074 at Neals Creek","14-Jul-21","male","adult","Sorex","Soricomorpha","Soricidae",c(-82.20448002, 35.74106896)
"United States","North Carolina","Pisgah National Forest, 6 km ESE Mount Mitchell, along Forest Service Road 2074 at Neals Creek","28-May-22","female","adult","Sorex","Soricomorpha","Soricidae",c(-82.204477, 35.74114901)
"United States","North Carolina","Pisgah National Forest, 6 km ESE Mount Mitchell, along Forest Service Road 2074 at Neals Creek","28-May-22","male","adult","Sorex","Soricomorpha","Soricidae",c(-82.204477, 35.74114901)
"United States","North Carolina","Pisgah National Forest, 6 km ESE Mount Mitchell, along Forest Service Road 2074 at Neals Creek","5-Nov-22","male","adult","Sorex","Soricomorpha","Soricidae",c(-82.204476, 35.74128698)
"United States","North Carolina","Pisgah National Forest, 6 km ESE Mount Mitchell, along Forest Service Road 2074 at Neals Creek","5-Nov-22","female","adult","Peromyscus","Rodentia","Cricetidae",c(-82.204476, 35.74128698)
"United States","North Carolina","Pisgah National Forest, 6 km ESE Mount Mitchell, along Forest Service Road 2074 at Neals Creek","14-Jul-21","female","adult","Sorex","Soricomorpha","Soricidae",c(-82.20447198, 35.74107802)
"United States","North Carolina","Pisgah National Forest, 6 km ESE Mount Mitchell, along Forest Service Road 2074 at Neals Creek","14-Jul-21","male","adult","Sorex","Soricomorpha","Soricidae",c(-82.20444499, 35.74112504)
"United States","North Carolina","Pisgah National Forest, 6 km ESE Mount Mitchell, along Forest Service Road 2074 at Neals Creek","14-Jul-21","female","adult","Blarina","Soricomorpha","Soricidae",c(-82.20442303, 35.74102798)
"United States","North Carolina","Pisgah National Forest, 6 km ESE Mount Mitchell, along Forest Service Road 2074 at Neals Creek","14-Jul-21","male","adult","Sorex","Soricomorpha","Soricidae",c(-82.20441297, 35.74065104)
"United States","North Carolina","Pisgah National Forest, 6 km ESE Mount Mitchell, along Forest Service Road 2074 at Neals Creek","14-Jul-21","female","adult","Sorex","Soricomorpha","Soricidae",c(-82.20440098, 35.74065297)
"United States","North Carolina","Pisgah National Forest, 6 km ESE Mount Mitchell, along Forest Service Road 2074 at Neals Creek","6-Nov-22","female","adult","Sorex","Soricomorpha","Soricidae",c(-82.20439, 35.74081197)
"United States","North Carolina","Pisgah National Forest, 6 km ESE Mount Mitchell, along Forest Service Road 2074 at Neals Creek","6-Nov-22","male","juvenile","Peromyscus","Rodentia","Cricetidae",c(-82.20438204, 35.74071801)
"United States","North Carolina","Pisgah National Forest, 6 km ESE Mount Mitchell, along Forest Service Road 2074 at Neals Creek","14-Jul-21","male","adult","Peromyscus","Rodentia","Cricetidae",c(-82.204361, 35.74066001)
"United States","North Carolina","Pisgah National Forest, 6 km ESE Mount Mitchell, along Forest Service Road 2074 at Neals Creek","6-Nov-22","male","adult","Sorex","Soricomorpha","Soricidae",c(-82.20435304, 35.74122403)
"United States","North Carolina","Pisgah National Forest, 6 km ESE Mount Mitchell, along Forest Service Road 2074 at Neals Creek","14-Jul-21","male","adult","Blarina","Soricomorpha","Soricidae",c(-82.204347, 35.74092002)
"United States","North Carolina","Pisgah National Forest, 6 km ESE Mount Mitchell, along Forest Service Road 2074 at Neals Creek","14-Jul-21","female","adult","Sorex","Soricomorpha","Soricidae",c(-82.20434197, 35.74061802)
"United States","North Carolina","Pisgah National Forest, 6 km ESE Mount Mitchell, along Forest Service Road 2074 at Neals Creek","14-Jul-21","male","adult","Sorex","Soricomorpha","Soricidae",c(-82.20433803, 35.74092203)
"United States","North Carolina","Pisgah National Forest, 6 km ESE Mount Mitchell, along Forest Service Road 2074 at Neals Creek","5-Nov-22","female","adult","Sorex","Soricomorpha","Soricidae",c(-82.20431699, 35.74108799)
"United States","North Carolina","Pisgah National Forest, 6 km ESE Mount Mitchell, along Forest Service Road 2074 at Neals Creek","4-Nov-22","female","adult","Sorex","Soricomorpha","Soricidae",c(-82.20431599, 35.74115002)
"United States","North Carolina","Pisgah National Forest, 6 km ESE Mount Mitchell, along Forest Service Road 2074 at Neals Creek","4-Nov-22","female","adult","Blarina","Soricomorpha","Soricidae",c(-82.20431197, 35.74113904)
"United States","North Carolina","Pisgah National Forest, 6 km ESE Mount Mitchell, along Forest Service Road 2074 at Neals Creek","6-Nov-22","female","adult","Sorex","Soricomorpha","Soricidae",c(-82.20421197, 35.74117701)
"United States","North Carolina","Pisgah National Forest, 6 km ESE Mount Mitchell, along Forest Service Road 2074 at Neals Creek","26-May-22","male","adult","Sorex","Soricomorpha","Soricidae",c(-82.204189, 35.74059698)
"United States","North Carolina","Pisgah National Forest, 6 km ESE Mount Mitchell, along Forest Service Road 2074 at Neals Creek","16-Jul-21","female","adult","Peromyscus","Rodentia","Cricetidae",c(-82.20415397, 35.74112403)
"United States","North Carolina","Pisgah National Forest, 6 km ESE Mount Mitchell, along Forest Service Road 2074 at Neals Creek","14-Jul-21","male","adult","Sorex","Soricomorpha","Soricidae",c(-82.20406998, 35.74069303)
"United States","North Carolina","Pisgah National Forest, 6 km ESE Mount Mitchell, along Forest Service Road 2074 at Neals Creek","14-Jul-21","female","adult","Sorex","Soricomorpha","Soricidae",c(-82.20406302, 35.74069899)
"United States","North Carolina","Pisgah National Forest, 6.28 km SE Mount Mitchell, along Forest Service Road 2074 at Neals Creek","14-Nov-21","female","adult","Sorex","Soricomorpha","Soricidae",c(-82.20403796, 35.73963197)
"United States","North Carolina","Pisgah National Forest, 6.28 km SE Mount Mitchell, along Forest Service Road 2074 at Neals Creek","14-Nov-21","unknown","adult","Sorex","Soricomorpha","Soricidae",c(-82.20399303, 35.738903)
"United States","North Carolina","Pisgah National Forest, 6 km ESE Mount Mitchell, along Forest Service Road 2074 at Neals Creek","14-Jul-21","unknown","adult","Sorex","Soricomorpha","Soricidae",c(-82.20399102, 35.74064098)
"United States","North Carolina","Pisgah National Forest, 6 km ESE Mount Mitchell, along Forest Service Road 2074 at Neals Creek","14-Jul-21","male","adult","Sorex","Soricomorpha","Soricidae",c(-82.203987, 35.74063897)
"United States","North Carolina","Pisgah National Forest, 6 km ESE Mount Mitchell, along Forest Service Road 2074 at Neals Creek","14-Jul-21","male","adult","Sorex","Soricomorpha","Soricidae",c(-82.20398298, 35.74063696)
"United States","North Carolina","Pisgah National Forest, 6 km ESE Mount Mitchell, along Forest Service Road 2074 at Neals Creek","27-May-22","male","subadult","Microtus","Rodentia","Cricetidae",c(-82.20396101, 35.74050101)
"United States","North Carolina","Pisgah National Forest, 7.24 km NE Mount Mitchell, Carolina Hemlocks Recreation Area","29-May-21","male","adult","Tamias","Rodentia","Sciuridae",c(-82.20367402, 35.80369804)
"United States","North Carolina","Pisgah National Forest, 6 km ESE Mount Mitchell, along Forest Service Road 2074 at Neals Creek","14-Jul-21","male","adult","Sorex","Soricomorpha","Soricidae",c(-82.203441, 35.740586)
"United States","North Carolina","Pisgah National Forest, 7.24 km NE Mount Mitchell, Carolina Hemlocks Recreation Area","27-May-21","female","adult","Peromyscus","Rodentia","Cricetidae",c(-82.20258001, 35.80514803)
"United States","North Carolina","Pisgah National Forest, 7.24 km NE Mount Mitchell, Carolina Hemlocks Recreation Area","27-May-21","male","adult","Peromyscus","Rodentia","Cricetidae",c(-82.202463, 35.80516596)
"United States","North Carolina","Pisgah National Forest, 6 km ESE Mount Mitchell, along Forest Service Road 2074 at Neals Creek","27-May-22","male","adult","Sorex","Soricomorpha","Soricidae",c(-82.201759, 35.74098397)
"United States","North Carolina","Pisgah National Forest, 4.91 km ENE Mount Mitchell along Winterstar Loop","27-May-22","male","adult","Sciurus","Rodentia","Sciuridae",c(-82.20122298, 35.770499)
"United States","North Carolina","Pisgah National Forest, 6.9 km SE Mount Mitchell, along South Toe River Road","29-May-21","male","adult","Sorex","Soricomorpha","Soricidae",c(-82.19556998, 35.74060896)
"United States","North Carolina","Busick","6/19/78","","","Blarina","Soricomorpha","Soricidae",c(-82.1830597, 35.7697182)
"United States","North Carolina","Pisgah National Forest, 9.73 km NE Mount Mitchell, along Victor Road","14-Jan-22","female","adult","Sorex","Soricomorpha","Soricidae",c(-82.16746202, 35.80018904)
"United States","North Carolina","Pisgah National Forest, 9.73 km NE Mount Mitchell, along Victor Road","11-Mar-22","male","adult","Sorex","Soricomorpha","Soricidae",c(-82.16643096, 35.80059598)
"United States","North Carolina","Pisgah National Forest, 9.73 km NE Mount Mitchell, along Victor Road","11-Mar-22","female","adult","Sorex","Soricomorpha","Soricidae",c(-82.16631898, 35.80055198)
"United States","North Carolina","Pisgah National Forest, 9.73 km NE Mount Mitchell, along Victor Road","12-Jan-23","male","adult","Sorex","Soricomorpha","Soricidae",c(-82.166237, 35.80057302)
"United States","North Carolina","Pisgah National Forest, 9.73 km NE Mount Mitchell, along Victor Road","13-Jan-23","female","subadult","Peromyscus","Rodentia","Cricetidae",c(-82.16621303, 35.80059104)
"United States","North Carolina","Pisgah National Forest, 9.73 km NE Mount Mitchell, along Victor Road","26-May-22","male","adult","Sorex","Soricomorpha","Soricidae",c(-82.16618403, 35.80063596)
"United States","North Carolina","Pisgah National Forest, 9.73 km NE Mount Mitchell, along Victor Road","11-Mar-22","female","adult","Blarina","Soricomorpha","Soricidae",c(-82.16617498, 35.80062197)
"United States","North Carolina","Pisgah National Forest, 9.73 km NE Mount Mitchell, along Victor Road","13-Jan-23","male","adult","Peromyscus","Rodentia","Cricetidae",c(-82.16616802, 35.80060403)
"United States","North Carolina","Pisgah National Forest, 9.73 km NE Mount Mitchell, along Victor Road","26-May-22","female","adult","Sorex","Soricomorpha","Soricidae",c(-82.16613499, 35.80065801)
"United States","North Carolina","Pisgah National Forest, 9.73 km NE Mount Mitchell, along Victor Road","13-Jan-23","female","adult","Sorex","Soricomorpha","Soricidae",c(-82.16608202, 35.80056304)
"United States","North Carolina","Pisgah National Forest, 9.61 km NE Mount Mitchell, along Victor Road near JCT with Blue Ridge Parkway","15-Jan-22","male","adult","Sorex","Soricomorpha","Soricidae",c(-82.16581296, 35.79757598)
"United States","North Carolina","Pisgah National Forest, 9.73 km NE Mount Mitchell, along Victor Road","11-Mar-22","male","adult","Blarina","Soricomorpha","Soricidae",c(-82.165719, 35.80076496)
"United States","North Carolina","Pisgah National Forest, 9.73 km NE Mount Mitchell, along Victor Road","13-Jan-23","female","adult","Sorex","Soricomorpha","Soricidae",c(-82.16557198, 35.80050596)
"United States","North Carolina","Pisgah National Forest, 9.73 km NE Mount Mitchell, along Victor Road","27-May-22","male","adult","Sorex","Soricomorpha","Soricidae",c(-82.16516102, 35.80053203)
"United States","North Carolina","Pisgah National Forest, 9.73 km NE Mount Mitchell, along Victor Road","26-May-22","female","adult","Sorex","Soricomorpha","Soricidae",c(-82.16510301, 35.80050998)
"United States","North Carolina","Pisgah National Forest, 9.73 km NE Mount Mitchell, along Victor Road","26-May-22","male","adult","Sorex","Soricomorpha","Soricidae",c(-82.16510301, 35.80050998)
"United States","North Carolina","Pisgah National Forest, 9.73 km NE Mount Mitchell, along Victor Road","26-May-22","male","adult","Sorex","Soricomorpha","Soricidae",c(-82.16510301, 35.80050998)
"United States","North Carolina","Pisgah National Forest, 9.73 km NE Mount Mitchell, along Victor Road","13-Jan-23","female","subadult","Peromyscus","Rodentia","Cricetidae",c(-82.16509103, 35.800584)
"United States","North Carolina","Pisgah National Forest, 9.73 km NE Mount Mitchell, along Victor Road","27-May-22","female","adult","Blarina","Soricomorpha","Soricidae",c(-82.16486799, 35.80068198)
"United States","North Carolina","Pisgah National Forest, 9.73 km NE Mount Mitchell, along Victor Road","27-May-22","male","adult","Sorex","Soricomorpha","Soricidae",c(-82.16470504, 35.80052901)
"United States","North Carolina","Pisgah National Forest, 9.73 km NE Mount Mitchell, along Victor Road","27-May-22","male","adult","Sorex","Soricomorpha","Soricidae",c(-82.16470504, 35.80052901)
"United States","North Carolina","Pisgah National Forest, 9.73 km NE Mount Mitchell, along Victor Road","27-May-22","male","adult","Sorex","Soricomorpha","Soricidae",c(-82.16470504, 35.80052901)
"United States","North Carolina","No specific locality recorded.","DY 25 | MO JUN | YR 1963","male","adult","Napaeozapus","Rodentia","Dipodidae",c(-82.1593, 36.0165)
"United States","North Carolina","No specific locality recorded.","DY 26 | MO JUN | YR 1963","male","adult","Napaeozapus","Rodentia","Dipodidae",c(-82.1593, 36.0165)
"United States","North Carolina","No specific locality recorded.","25-26||","unknown","","Napaeozapus","Rodentia","Dipodidae",c(-82.1593, 36.0165)
"United States","North Carolina","No specific locality recorded.","25-26||","unknown","","Napaeozapus","Rodentia","Dipodidae",c(-82.1593, 36.0165)
"United States","North Carolina","No specific locality recorded.","25-26||","unknown","","Napaeozapus","Rodentia","Dipodidae",c(-82.1593, 36.0165)
"United States","North Carolina","No specific locality recorded.","25-26||","unknown","","Napaeozapus","Rodentia","Dipodidae",c(-82.1593, 36.0165)
"United States","North Carolina","No specific locality recorded.","25-26||","unknown","","Napaeozapus","Rodentia","Dipodidae",c(-82.1593, 36.0165)
"United States","North Carolina","Roan Mountain","DY 15 | MO JUL | YR 1971","male","adult","Zapus","Rodentia","Dipodidae",c(-82.1339, 36.101)
"United States","North Carolina","top of Roan Mountain","DY 24 | MO JUN | YR 1963","male","adult","Zapus","Rodentia","Dipodidae",c(-82.1339, 36.101)
"United States","North Carolina","Roan Moutain","DY 26 | MO JUN | YR 1963","male","adult","Peromyscus","Rodentia","Cricetidae",c(-82.1339, 36.101)
"United States","North Carolina","Roan Mountain","DY 26 | MO JUN | YR 1963","male","juvenile","Microtus","Rodentia","Cricetidae",c(-82.1339, 36.101)
"United States","North Carolina","Roan Moutain","DY 26 | MO JUN | YR 1961","male","adult","Peromyscus","Rodentia","Cricetidae",c(-82.1339, 36.101)
"United States","North Carolina","top of Roan Mountain","DY 25 | MO JUN | YR 1963","female","adult","Clethrionomys","Rodentia","Cricetidae",c(-82.1339, 36.101)
"United States","North Carolina","Roan Mountain","DY 24 | MO JUN | YR 1963","male","juvenile","Microtus","Rodentia","Cricetidae",c(-82.1339, 36.101)
"United States","North Carolina","top of Roan Mountain","DY 23 | MO JUN | YR 1963","female","adult","Peromyscus","Rodentia","Cricetidae",c(-82.1339, 36.101)
"United States","North Carolina","Roan Mountain","DY 26 | MO JUN | YR 1963","female","adult","Peromyscus","Rodentia","Cricetidae",c(-82.1339, 36.101)
"United States","North Carolina","Roan Mountain","DY 14 | MO JUL | YR 1971","male","adult","Microtus","Rodentia","Cricetidae",c(-82.1339, 36.101)
"United States","North Carolina","Roan Mountain","DY 26 | MO JUN | YR 1963","male","adult","Clethrionomys","Rodentia","Cricetidae",c(-82.1339, 36.101)
"United States","North Carolina","Roan Mountain","DY 26 | MO JUN | YR 1963","male","adult","Clethrionomys","Rodentia","Cricetidae",c(-82.1339, 36.101)
"United States","North Carolina","Roan Mountain","DY 25 | MO JUN | YR 1963","female","adult","Peromyscus","Rodentia","Cricetidae",c(-82.1339, 36.101)
"United States","North Carolina","Roan Mountain","DY 26 | MO JUN | YR 1963","male","adult","Microtus","Rodentia","Cricetidae",c(-82.1339, 36.101)
"United States","North Carolina","top of Roan Mountain","DY 23 | MO JUN | YR 1963","female","adult","Microtus","Rodentia","Cricetidae",c(-82.1339, 36.101)
"United States","North Carolina","top of Roan Mountain","DY 23 | MO JUN | YR 1963","male","adult","Peromyscus","Rodentia","Cricetidae",c(-82.1339, 36.101)
"United States","North Carolina","top of Roan Mountain","DY 23 | MO JUN | YR 1963","male","subadult","Microtus","Rodentia","Cricetidae",c(-82.1339, 36.101)
"United States","North Carolina","Roan Mountain","DY 26 | MO JUN | YR 1963","male","subadult","Synaptomys","Rodentia","Cricetidae",c(-82.1339, 36.101)
"United States","North Carolina","Roan Mountain","DY 25 | MO JUN | YR 1963","female","adult","Microtus","Rodentia","Cricetidae",c(-82.1339, 36.101)
"United States","North Carolina","Roan Mountain","DY 26 | MO JUN | YR 1963","male","adult","Clethrionomys","Rodentia","Cricetidae",c(-82.1339, 36.101)
"United States","North Carolina","Pisgah National Forest, 5 km ESE Mount Mitchell, forest edge near junction of South Toe River Road and Forest Service Road 2074","13-Jan-23","female","adult","Microtus","Rodentia","Cricetidae",c(-82.12577, 35.4433168)
"United States","North Carolina","Pisgah National Forest, 5 km ESE Mount Mitchell, forest edge near junction of South Toe River Road and Forest Service Road 2074","13-Jan-23","female","adult","Sorex","Soricomorpha","Soricidae",c(-82.1257133, 35.443285)
"United States","North Carolina","Pisgah National Forest, 5 km ESE Mount Mitchell, forest edge near junction of South Toe River Road and Forest Service Road 2074","13-Jan-23","female","adult","Sorex","Soricomorpha","Soricidae",c(-82.1257133, 35.443285)
"United States","North Carolina","Pisgah National Forest, 5 km ESE Mount Mitchell, forest edge near junction of South Toe River Road and Forest Service Road 2074","13-Jan-23","male","adult","Sorex","Soricomorpha","Soricidae",c(-82.125516, 35.4438)
"United States","North Carolina","Pisgah National Forest, 5 km ESE Mount Mitchell, forest edge near junction of South Toe River Road and Forest Service Road 2074","13-Jan-23","female","adult","Sorex","Soricomorpha","Soricidae",c(-82.125516, 35.4438)
"United States","North Carolina","Roan Mountain, 6.5 mi N, 2 mi E of Bakersville","8/6/78","","","Blarina","Soricomorpha","Soricidae",c(-82.1230316, 36.0155563)
"United States","North Carolina","Roan Mountain, 6.5 mi N, 2 mi E of Bakersville","8/9/78","","","Blarina","Soricomorpha","Soricidae",c(-82.1230316, 36.0155563)
"United States","North Carolina","ROAN MTN.","29-Nov-85","male","","Blarina","Soricomorpha","Soricidae",c(-82.1222, 36.1044)
"United States","North Carolina","ROAN MOUNTAIN","9-Aug-85","male","","Myodes","Rodentia","Cricetidae",c(-82.1222, 36.1044)
"United States","North Carolina","ROAN MOUNTAIN(TOPOTYPE)","before 1 Jan 2005","male","","Myodes","Rodentia","Cricetidae",c(-82.1222, 36.1044)
"United States","North Carolina","ROAN MOUNTAIN","28-Nov-85","male","","Microtus","Rodentia","Cricetidae",c(-82.1222, 36.1044)
"United States","North Carolina","ROAN MOUNTAIN (TOPOTYPE)","28-Nov-85","male","","Blarina","Soricomorpha","Soricidae",c(-82.1222, 36.1044)
"United States","North Carolina","ROAN MOUNTAIN (TOPOTYPE)","29-Nov-85","male","","Blarina","Soricomorpha","Soricidae",c(-82.1222, 36.1044)
"United States","North Carolina","top of Roan Mountain","DY 23 | MO JUN | YR 1963","male","adult","Blarina","Soricomorpha","Soricidae",c(-82.122167, 36.1045)
"United States","North Carolina","Roan Mountain","DY 26 | MO JUN | YR 1963","female","adult","Blarina","Soricomorpha","Soricidae",c(-82.122167, 36.1045)
"United States","North Carolina","top of Roan Mountain","DY 25 | MO JUN | YR 1963","male","adult","Blarina","Soricomorpha","Soricidae",c(-82.122167, 36.1045)
"United States","North Carolina","Roan Mountain; North Carolina-Tennessee stateline on Hwy 261; 2 mi E","DY 25 | MO JUN | YR 1963","male","adult","Clethrionomys","Rodentia","Cricetidae",c(-82.0942, 36.101)
"United States","North Carolina","Roan Mountain, 6 mi N, 3.25 mi E of Bakersville","8/5/78","","","Blarina","Soricomorpha","Soricidae",c(-82.0871658, 36.0155373)
"United States","North Carolina","Roan Mountain, 6 mi N, 3.25 mi E of Bakersville","8/5/78","","","Blarina","Soricomorpha","Soricidae",c(-82.0871658, 36.0155373)
"United States","North Carolina","Roan Mountain, 6 mi N, 3.25 mi E of Bakersville","8/5/78","","","Blarina","Soricomorpha","Soricidae",c(-82.0871658, 36.0155373)
"United States","North Carolina","Roan Mountain, 6 mi N, 3.25 mi E of Bakersville","8/5/78","","","Blarina","Soricomorpha","Soricidae",c(-82.0871658, 36.0155373)
"United States","North Carolina","Roan Mountain, 6 mi N, 3.25 mi E of Bakersville","8/6/78","","","Blarina","Soricomorpha","Soricidae",c(-82.0871658, 36.0155373)
"United States","North Carolina","Roan Mountain, 6 mi N, 3.25 mi E of Bakersville","8/6/78","","","Blarina","Soricomorpha","Soricidae",c(-82.0871658, 36.0155373)
"United States","North Carolina","Roan Mountain, 6 mi N, 3.25 mi E of Bakersville","8/6/78","","","Blarina","Soricomorpha","Soricidae",c(-82.0871658, 36.0155373)
"United States","North Carolina","Roan Mountain, 6 mi N, 3.25 mi E of Bakersville","8/7/78","","","Blarina","Soricomorpha","Soricidae",c(-82.0871658, 36.0155373)
"United States","North Carolina","Roan Mountain, 6 mi N, 3.25 mi E of Bakersville","8/7/78","","","Blarina","Soricomorpha","Soricidae",c(-82.0871658, 36.0155373)
"United States","North Carolina","Roan Mountain, 6 mi N, 3.25 mi E of Bakersville","8/7/78","","","Blarina","Soricomorpha","Soricidae",c(-82.0871658, 36.0155373)
"United States","North Carolina","5 mi N Marion","15-Aug-59","female","","Glaucomys","Rodentia","Sciuridae",c(-82.0113, 35.7595)
"United States","North Carolina","Linville Caverns","9/7/51","male","adult","Perimyotis","Chiroptera","Vespertilionidae",c(-81.9443, 35.9132)
"United States","North Carolina","Linville Caverns","6-Apr-47","male","","Perimyotis","Chiroptera","Vespertilionidae",c(-81.9269, 35.8646)
"United States","North Carolina","Linville Caverns","6-Apr-47","male","","Perimyotis","Chiroptera","Vespertilionidae",c(-81.9269, 35.8646)
"United States","North Carolina","Jonas Ridge","18 Oct '61","female","","Sciurus","Rodentia","Sciuridae",c(-81.894833, 35.972628)
"United States","North Carolina","5.5 MI S JONAS RIDGE","10-Aug-85","male","","Peromyscus","Rodentia","Cricetidae",c(-81.8935, 35.8973)
"United States","North Carolina","Sugar Grove, 568 Laurel Creek Road","17-Mar-21","male","adult","Peromyscus","Rodentia","Cricetidae",c(-81.88582, 36.25061)
"United States","North Carolina","Sugar Grove, 568 Laurel Creek Road","17-Mar-21","female","adult","Blarina","Soricomorpha","Soricidae",c(-81.8563, 36.25068)
"United States","North Carolina","Sugar Grove, 568 Laurel Creek Road","18-Mar-21","male","adult","Blarina","Soricomorpha","Soricidae",c(-81.85619, 36.25045)
"United States","North Carolina","Sugar Grove, 568 Laurel Creek Road","17-Mar-21","male","adult","Peromyscus","Rodentia","Cricetidae",c(-81.85619, 36.250551)
"United States","North Carolina","Sugar Grove, 568 Laurel Creek Road","17-Mar-21","female","adult","Peromyscus","Rodentia","Cricetidae",c(-81.85614, 36.25051)
"United States","North Carolina","Sugar Grove, 568 Laurel Creek Road","17-Mar-21","male","adult","Blarina","Soricomorpha","Soricidae",c(-81.85608, 36.25063)
"United States","North Carolina","Sugar Grove, 568 Laurel Creek Road","18-Mar-21","female","","Peromyscus","Rodentia","Cricetidae",c(-81.85578, 36.25077)
"United States","North Carolina","Sugar Grove, 568 Laurel Creek Road","18-Mar-21","male","","Peromyscus","Rodentia","Cricetidae",c(-81.85562, 36.25075)
"United States","North Carolina","Hwy 261, Tennesee State line","DY 25 | MO JUN | YR 1963","male","juvenile","Microtus","Rodentia","Cricetidae",c(-81.8421, 36.4219)
"United States","North Carolina","South Mountains Game Lands, 0.95 km W Bolin Knob Mountain, along US HWY 64","16-Jun-20","male","adult","Peromyscus","Rodentia","Cricetidae",c(-81.836333, 35.58499801)
"United States","North Carolina","South Mountains Game Lands, 0.95 km W Bolin Knob Mountain, along US HWY 64","16-Jun-20","female","adult","Sigmodon","Rodentia","Cricetidae",c(-81.83610099, 35.58512399)
"United States","North Carolina","South Mountains Game Lands, 0.95 km W Bolin Knob Mountain, along US HWY 64","7-Aug-20","female","adult","Sigmodon","Rodentia","Cricetidae",c(-81.83603201, 35.58543496)
"United States","North Carolina","South Mountains Game Lands, 0.95 km W Bolin Knob Mountain, along US HWY 64","7-Aug-20","female","adult","Sigmodon","Rodentia","Cricetidae",c(-81.83590704, 35.585529)
"United States","North Carolina","South Mountains Game Lands, 0.95 km W Bolin Knob Mountain, along US HWY 64","8-Aug-20","female","adult","Sigmodon","Rodentia","Cricetidae",c(-81.83583604, 35.58568901)
"United States","North Carolina","South Mountains Game Lands, 0.95 km W Bolin Knob Mountain, along US HWY 64","16-Jun-20","male","adult","Sigmodon","Rodentia","Cricetidae",c(-81.83572398, 35.58520798)
"United States","North Carolina","South Mountains Game Lands, 0.95 km W Bolin Knob Mountain, along US HWY 64","16-Jun-20","male","adult","Sigmodon","Rodentia","Cricetidae",c(-81.83565097, 35.58531401)
"United States","North Carolina","South Mountains Game Lands, 0.95 km W Bolin Knob Mountain, along US HWY 64","16-Jun-20","female","subadult","Sigmodon","Rodentia","Cricetidae",c(-81.83563798, 35.58530797)
"United States","North Carolina","South Mountains Game Lands, 0.95 km W Bolin Knob Mountain, along US HWY 64","6-Aug-20","male","adult","Sigmodon","Rodentia","Cricetidae",c(-81.83558802, 35.58581801)
"United States","North Carolina","South Mountains Game Lands, 0.95 km W Bolin Knob Mountain, along US HWY 64","17-Jun-20","female","adult","Sigmodon","Rodentia","Cricetidae",c(-81.83557, 35.58535298)
"United States","North Carolina","South Mountains Game Lands, 0.95 km W Bolin Knob Mountain, along US HWY 64","16-Jun-20","male","adult","Sigmodon","Rodentia","Cricetidae",c(-81.83556103, 35.58541602)
"United States","North Carolina","South Mountains Game Lands, 0.95 km W Bolin Knob Mountain, along US HWY 64","17-Jun-20","female","subadult","Sigmodon","Rodentia","Cricetidae",c(-81.83546296, 35.58548802)
"United States","North Carolina","South Mountains Game Lands, 0.95 km W Bolin Knob Mountain, along US HWY 64","16-Jun-20","female","adult","Sigmodon","Rodentia","Cricetidae",c(-81.835412, 35.58559204)
"United States","North Carolina","South Mountains Game Lands, 0.95 km W Bolin Knob Mountain, along US HWY 64","6-Aug-20","female","adult","Sigmodon","Rodentia","Cricetidae",c(-81.835095, 35.58571097)
"United States","North Carolina","South Mountains Game Lands, 0.95 km W Bolin Knob Mountain, along US HWY 64","7-Aug-20","male","subadult","Sigmodon","Rodentia","Cricetidae",c(-81.835095, 35.58571097)
"United States","North Carolina","South Mountains Game Lands, 0.95 km W Bolin Knob Mountain, along US HWY 64","8-Aug-20","female","subadult","Sigmodon","Rodentia","Cricetidae",c(-81.83507899, 35.58570201)
"United States","North Carolina","South Mountains Game Lands, 0.95 km W Bolin Knob Mountain, along US HWY 64","6-Aug-20","male","adult","Sigmodon","Rodentia","Cricetidae",c(-81.83506398, 35.58566404)
"United States","North Carolina","South Mountains Game Lands, 0.95 km W Bolin Knob Mountain, along US HWY 64","17-Jun-20","male","subadult","Peromyscus","Rodentia","Cricetidae",c(-81.83505996, 35.58568901)
"United States","North Carolina","South Mountains Game Lands, 0.95 km W Bolin Knob Mountain, along US HWY 64","8-Aug-20","male","adult","Sigmodon","Rodentia","Cricetidae",c(-81.835053, 35.585686)
"United States","North Carolina","South Mountains Game Lands, 0.95 km W Bolin Knob Mountain, along US HWY 64","17-Jun-20","female","adult","Peromyscus","Rodentia","Cricetidae",c(-81.83492401, 35.58554904)
"United States","North Carolina","South Mountains Game Lands, 0.95 km W Bolin Knob Mountain, along US HWY 64","8-Aug-20","male","juvenile","Sigmodon","Rodentia","Cricetidae",c(-81.83478503, 35.585082)
"United States","North Carolina","South Mountains Game Lands, 0.95 km W Bolin Knob Mountain, along US HWY 64","8-Aug-20","male","juvenile","Sigmodon","Rodentia","Cricetidae",c(-81.834765, 35.58513396)
"United States","North Carolina","Grand Father Mts., Black Rock Cliffs Cave","15-Feb-87","female","","Corynorhinus","Chiroptera","Vespertilionidae",c(-81.8153, 36.094)
"United States","North Carolina","Grandfather Mountain","13-Apr-52","male","","Blarina","Soricomorpha","Soricidae",c(-81.8125, 36.1114)
"United States","North Carolina","LAUREL CREEK RD., 1/4MI S JUNCTION 321, SUGAR GROV","8-Aug-95","female","","Peromyscus","Rodentia","Cricetidae",c(-81.7883, 36.2503)
"United States","North Carolina","LAUREL CREEK RD., 1/4MI S JUNCTION 321, SUGAR GROV","8-Aug-95","female","","Peromyscus","Rodentia","Cricetidae",c(-81.7883, 36.2503)
"United States","North Carolina","LAUREL CREEK RD., 1/4MI S JUNCTION 321, SUGAR GROV","8-Aug-95","female","","Peromyscus","Rodentia","Cricetidae",c(-81.7883, 36.2503)
"United States","North Carolina","LAUREL CREEK RD., 1/4MI S JUNCTION 321, SUGAR GROV","8-Aug-95","male","","Peromyscus","Rodentia","Cricetidae",c(-81.7883, 36.2503)
"United States","North Carolina","0.9 mi from Watauga Co. and 1.2 mi from Avery Co. by Rte. 221 , Grandfather Mountain State Park","13-Apr-52","male","","Peromyscus","Rodentia","Cricetidae",c(-81.782015, 36.107579)
"United States","North Carolina","0.9 mi from Watauga Co. and 1.2 mi from Avery Co. by Rte. 221 , Grandfather Mountain State Park","13-Apr-52","female","","Peromyscus","Rodentia","Cricetidae",c(-81.782015, 36.107579)
"United States","North Carolina","Valle Crucis","18-Mar-21","female","adult","Peromyscus","Rodentia","Cricetidae",c(-81.77575, 36.20830556)
"United States","North Carolina","South Mountains Game Lands, 0.63 km W of Huckleberry Mountain, along Old CC Road","6-Aug-20","male","adult","Napaeozapus","Rodentia","Dipodidae",c(-81.73968103, 35.54636498)
"United States","North Carolina","South Mountains Game Lands, 0.63 km W of Huckleberry Mountain, along Old CC Road","17-Jun-20","female","adult","Peromyscus","Rodentia","Cricetidae",c(-81.73958003, 35.54640798)
"United States","North Carolina","South Mountains Game Lands, 0.63 km W of Huckleberry Mountain, along Old CC Road","7-Aug-20","male","adult","Peromyscus","Rodentia","Cricetidae",c(-81.739244, 35.54547901)
"United States","North Carolina","South Mountains Game Lands, 0.63 km W of Huckleberry Mountain, along Old CC Road","17-Jun-20","male","adult","Peromyscus","Rodentia","Cricetidae",c(-81.73893403, 35.54625199)
"United States","North Carolina","South Mountains Game Lands, 2.4 km N of Huckleberry Mountain, along Old CC Road","16-Jun-20","female","subadult","Peromyscus","Rodentia","Cricetidae",c(-81.738814, 35.55274604)
"United States","North Carolina","South Mountains Game Lands, 0.63 km W of Huckleberry Mountain, along Old CC Road","17-Jun-20","female","adult","Peromyscus","Rodentia","Cricetidae",c(-81.73870596, 35.54621997)
"United States","North Carolina","South Mountains Game Lands, 2.4 km N of Huckleberry Mountain, along Old CC Road","16-Jun-20","female","adult","Blarina","Soricomorpha","Soricidae",c(-81.73864997, 35.55286699)
"United States","North Carolina","South Mountains Game Lands, 2.4 km N of Huckleberry Mountain, along Old CC Road","16-Jun-20","female","adult","Peromyscus","Rodentia","Cricetidae",c(-81.73844503, 35.55282902)
"United States","North Carolina","South Mountains Game Lands, 2.4 km N of Huckleberry Mountain, along Old CC Road","6-Aug-20","male","adult","Peromyscus","Rodentia","Cricetidae",c(-81.73843103, 35.55243004)
"United States","North Carolina","South Mountains Game Lands, 2.4 km N of Huckleberry Mountain, along Old CC Road","6-Aug-20","female","adult","Peromyscus","Rodentia","Cricetidae",c(-81.73842098, 35.552553)
"United States","North Carolina","South Mountains Game Lands, 2.4 km N of Huckleberry Mountain, along Old CC Road","16-Jun-20","male","adult","Peromyscus","Rodentia","Cricetidae",c(-81.738281, 35.55233801)
"United States","North Carolina","South Mountains Game Lands, 2.4 km N of Huckleberry Mountain, along Old CC Road","16-Jun-20","male","adult","Peromyscus","Rodentia","Cricetidae",c(-81.73822903, 35.55332003)
"United States","North Carolina","South Mountains Game Lands, 2.4 km N of Huckleberry Mountain, along Old CC Road","7-Aug-20","male","adult","Peromyscus","Rodentia","Cricetidae",c(-81.73813599, 35.55313898)
"United States","North Carolina","South Mountains Game Lands, 2.4 km N of Huckleberry Mountain, along Old CC Road","17-Jun-20","female","adult","Peromyscus","Rodentia","Cricetidae",c(-81.73800498, 35.55234396)
"United States","North Carolina","South Mountains Game Lands, 2.4 km N of Huckleberry Mountain, along Old CC Road","15-Jun-20","female","adult","Peromyscus","Rodentia","Cricetidae",c(-81.73794396, 35.55336496)
"United States","North Carolina","South Mountains Game Lands, 2.4 km N of Huckleberry Mountain, along Old CC Road","17-Jun-20","female","adult","Peromyscus","Rodentia","Cricetidae",c(-81.73785897, 35.55245603)
"United States","North Carolina","South Mountains Game Lands, 2.4 km N of Huckleberry Mountain, along Old CC Road","17-Jun-20","male","adult","Peromyscus","Rodentia","Cricetidae",c(-81.737763, 35.552523)
"United States","North Carolina","South Mountains Game Lands, 2.4 km N of Huckleberry Mountain, along Old CC Road","15-Jun-20","female","adult","Peromyscus","Rodentia","Cricetidae",c(-81.73761497, 35.55351399)
"United States","North Carolina","South Mountains Game Lands, 2.4 km N of Huckleberry Mountain, along Old CC Road","15-Jun-20","male","adult","Peromyscus","Rodentia","Cricetidae",c(-81.73755999, 35.55373996)
"United States","North Carolina","South Mountains Game Lands, 2.4 km N of Huckleberry Mountain, along Old CC Road","15-Jun-20","female","adult","Peromyscus","Rodentia","Cricetidae",c(-81.73744599, 35.55419904)
"United States","North Carolina","South Mountains Game Lands, 2.4 km N of Huckleberry Mountain, along Old CC Road","16-Jun-20","male","adult","Peromyscus","Rodentia","Cricetidae",c(-81.737433, 35.55440297)
"United States","North Carolina","South Mountains Game Lands, 2.4 km N of Huckleberry Mountain, along Old CC Road","16-Jun-20","female","adult","Peromyscus","Rodentia","Cricetidae",c(-81.73733401, 35.554019)
"United States","North Carolina","South Mountains Game Lands, 2.4 km N of Huckleberry Mountain, along Old CC Road","16-Jun-20","female","subadult","Peromyscus","Rodentia","Cricetidae",c(-81.73728003, 35.55434003)
"United States","North Carolina","South Mountains Game Lands, 2.4 km N of Huckleberry Mountain, along Old CC Road","16-Jun-20","male","adult","Peromyscus","Rodentia","Cricetidae",c(-81.73702, 35.55502)
"United States","North Carolina","South Mountains Game Lands, 2.4 km N of Huckleberry Mountain, along Old CC Road","17-Jun-20","male","adult","Peromyscus","Rodentia","Cricetidae",c(-81.73696403, 35.55519196)
"United States","North Carolina","South Mountains Game Lands, 2.4 km N of Huckleberry Mountain, along Old CC Road","6-Aug-20","male","adult","Peromyscus","Rodentia","Cricetidae",c(-81.73628904, 35.55569203)
"United States","North Carolina","South Mountains Game Lands, 2.4 km N of Huckleberry Mountain, along Old CC Road","17-Jun-20","female","adult","Peromyscus","Rodentia","Cricetidae",c(-81.73616197, 35.55599302)
"United States","North Carolina","South Mountains Game Lands, 2.4 km N of Huckleberry Mountain, along Old CC Road","16-Jun-20","female","adult","Ochrotomys","Rodentia","Cricetidae",c(-81.73610003, 35.55594801)
"United States","North Carolina","South Mountains Game Lands, 2.4 km N of Huckleberry Mountain, along Old CC Road","16-Jun-20","male","adult","Peromyscus","Rodentia","Cricetidae",c(-81.73603096, 35.55592496)
"United States","North Carolina","South Mountains Game Lands, 2.4 km N of Huckleberry Mountain, along Old CC Road","16-Jun-20","male","adult","Blarina","Soricomorpha","Soricidae",c(-81.73582401, 35.55585497)
"United States","North Carolina","South Mountains Game Lands, 2.4 km N of Huckleberry Mountain, along Old CC Road","6-Aug-20","female","adult","Peromyscus","Rodentia","Cricetidae",c(-81.73466303, 35.56461096)
"United States","North Carolina","South Mountains Game Lands, 2.4 km N of Huckleberry Mountain, along Old CC Road","6-Aug-20","male","adult","Peromyscus","Rodentia","Cricetidae",c(-81.73458701, 35.56428197)
"United States","North Carolina","South Mountains Game Lands, 2.4 km N of Huckleberry Mountain, along Old CC Road","16-Jun-20","female","adult","Peromyscus","Rodentia","Cricetidae",c(-81.734326, 35.56409203)
"United States","North Carolina","South Mountains Game Lands, 2.4 km N of Huckleberry Mountain, along Old CC Road","15-Jun-20","male","adult","Peromyscus","Rodentia","Cricetidae",c(-81.73410899, 35.56395197)
"United States","North Carolina","South Mountains Game Lands, 2.4 km N of Huckleberry Mountain, along Old CC Road","16-Jun-20","female","adult","Peromyscus","Rodentia","Cricetidae",c(-81.73310601, 35.56330699)
"United States","North Carolina","South Mountains Game Lands, 2.4 km N of Huckleberry Mountain, along Old CC Road","16-Jun-20","female","subadult","Peromyscus","Rodentia","Cricetidae",c(-81.73308296, 35.56332702)
"United States","North Carolina","South Mountains Game Lands, 2.4 km N of Huckleberry Mountain, along Old CC Road","16-Jun-20","male","subadult","Peromyscus","Rodentia","Cricetidae",c(-81.73300803, 35.56328402)
"United States","North Carolina","South Mountains Game Lands, 2.4 km N of Huckleberry Mountain, along Old CC Road","6-Aug-20","male","adult","Peromyscus","Rodentia","Cricetidae",c(-81.73273, 35.56321)
"United States","North Carolina","South Mountains Game Lands, 2.4 km N of Huckleberry Mountain, along Old CC Road","16-Jun-20","male","adult","Peromyscus","Rodentia","Cricetidae",c(-81.73248801, 35.56274699)
"United States","North Carolina","South Mountains Game Lands, 2.4 km N of Huckleberry Mountain, along Old CC Road","16-Jun-20","female","adult","Peromyscus","Rodentia","Cricetidae",c(-81.73171604, 35.56227802)
"United States","North Carolina","South Mountains Game Lands, 2.4 km N of Huckleberry Mountain, along Old CC Road","17-Jun-20","female","adult","Peromyscus","Rodentia","Cricetidae",c(-81.73169701, 35.56221399)
"United States","North Carolina","South Mountains Game Lands, 2.4 km N of Huckleberry Mountain, along Old CC Road","15-Jun-20","male","adult","Peromyscus","Rodentia","Cricetidae",c(-81.73169299, 35.56233603)
"United States","North Carolina","South Mountains Game Lands, 2.4 km N of Huckleberry Mountain, along Old CC Road","15-Jun-20","female","adult","Peromyscus","Rodentia","Cricetidae",c(-81.73165401, 35.56210896)
"United States","North Carolina","South Mountains Game Lands, 2.4 km N of Huckleberry Mountain, along Old CC Road","16-Jun-20","female","adult","Peromyscus","Rodentia","Cricetidae",c(-81.73118899, 35.56182004)
"United States","North Carolina","South Mountains Game Lands, 2.4 km N of Huckleberry Mountain, along Old CC Road","16-Jun-20","male","subadult","Peromyscus","Rodentia","Cricetidae",c(-81.731149, 35.561986)
"United States","North Carolina","South Mountains Game Lands, 2.4 km N of Huckleberry Mountain, along Old CC Road","16-Jun-20","female","subadult","Peromyscus","Rodentia","Cricetidae",c(-81.73045197, 35.56190503)
"United States","North Carolina","South Mountains Game Lands, 2.4 km N of Huckleberry Mountain, along Old CC Road","15-Jun-20","female","adult","Peromyscus","Rodentia","Cricetidae",c(-81.73036102, 35.56178902)
"United States","North Carolina","South Mountains Game Lands, 2.4 km N of Huckleberry Mountain, along Old CC Road","16-Jun-20","male","adult","Peromyscus","Rodentia","Cricetidae",c(-81.730285, 35.56184803)
"United States","North Carolina","South Mountains Game Lands, 2.4 km N of Huckleberry Mountain, along Old CC Road","16-Jun-20","male","adult","Peromyscus","Rodentia","Cricetidae",c(-81.73014896, 35.56167796)
"United States","North Carolina","South Mountains Headwater Preserve","22-Apr-19","male","","Spilogale","Carnivora","Mephitidae",c(-81.701413, 35.596421)
"United States","North Carolina","South Mountains Headwater Preserve","22-Apr-19","male","","Spilogale","Carnivora","Mephitidae",c(-81.618034, 35.641891)
"United States","North Carolina","Sturgill Tree Farms, LLC","","male","adult","Sylvilagus","Lagomorpha","Leporidae",c(-81.42220864, 36.40127864)
"United States","North Carolina","2204 Charlotte Drive, Charlotte","24-Apr-06","male","","Rattus","Rodentia","Muridae",c(-80.8488, 35.1991)
"United States","North Carolina","Jet Mitchel River and Rte 77","6/18/88","female","","Sylvilagus","Lagomorpha","Leporidae",c(-80.84039, 36.396046)
"United States","North Carolina","Bethabara","9-Jan-62","male","","Sigmodon","Rodentia","Cricetidae",c(-80.3386, 36.1831)
"United States","North Carolina","Bethabara","9-Jan-62","male","","Cryptotis","Soricomorpha","Soricidae",c(-80.3386, 36.1831)
"United States","North Carolina","Bethabara","9-Jan-62","male","","Microtus","Rodentia","Cricetidae",c(-80.3386, 36.1831)
"United States","North Carolina","Winston Salem [Reynolda Estate]","10-Jul-62","male","","Blarina","Soricomorpha","Soricidae",c(-80.3122, 36.1167)
"United States","North Carolina","Wake Forest College campus, Winston, Salem","11-Jan-61","female","","Microtus","Rodentia","Cricetidae",c(-80.3122, 36.1167)
"United States","North Carolina","Wake Forest College campus, Winston-Salem","4-Jan-61","male","","Peromyscus","Rodentia","Cricetidae",c(-80.3122, 36.1167)
"United States","North Carolina","Wake Forest College campus, Winston-Salem","9-Jan-61","male","","Peromyscus","Rodentia","Cricetidae",c(-80.3122, 36.1167)
"United States","North Carolina","Bethlehem Rd., Winston-Salem","29-Sep-62","male","","Sciurus","Rodentia","Sciuridae",c(-80.3122, 36.1167)
"United States","North Carolina","Winston-Salem","7-Sep-62","male","","Lasiurus","Chiroptera","Vespertilionidae",c(-80.2506, 36.0816)
"United States","North Carolina","Winston-Salem","13-Nov-61","male","","Didelphis","Didelphimorphia","Didelphidae",c(-80.2506, 36.0816)
"United States","North Carolina","Winston-Salem","28-Sep-61","male","","Sylvilagus","Lagomorpha","Leporidae",c(-80.2506, 36.0816)
"United States","North Carolina","Winston-Salem","1-Oct-62","male","","Microtus","Rodentia","Cricetidae",c(-80.2506, 36.0816)
"United States","North Carolina","4 mi S, 5 mi W of Winston-Salem","6/18/78","","","Blarina","Soricomorpha","Soricidae",c(-80.2466736, 36.0255966)
"United States","North Carolina","WINSTON SALEM","5-Jul-73","female","","Blarina","Soricomorpha","Soricidae",c(-80.2444, 36.0997)
"United States","North Carolina","Walkertown","19-Sep-61","female","","Blarina","Soricomorpha","Soricidae",c(-80.1536, 36.1761)
"United States","North Carolina","36.0251, -80.0582","12-Oct-13","male","","Odocoileus","Artiodactyla","Cervidae",c(-80.0582, 36.0251)
"United States","North Carolina","36.0251, -80.0582","15-Oct-13","male","","Odocoileus","Artiodactyla","Cervidae",c(-80.0582, 36.0251)
"United States","North Carolina","2 mi W Madison","14-Oct-61","male","","Sciurus","Rodentia","Sciuridae",c(-79.9957, 36.3853)
"United States","North Carolina","Central NC","before 2020","female","","Procyon","Carnivora","Procyonidae",c(-79.8902361, 35.2167419)
"United States","North Carolina","Central NC","before 2020","male","","Sciurus","Rodentia","Sciuridae",c(-79.8902361, 35.2167419)
"United States","North Carolina","No specific locality recorded.","before 2020","female","","Sciurus","Rodentia","Sciuridae",c(-79.8902361, 35.2167419)
"United States","North Carolina","Central NC","before 2020","female","","Urocyon","Carnivora","Canidae",c(-79.8902361, 35.2167419)
"United States","North Carolina","W Greensboro","2-Oct-45","male","","Ochrotomys","Rodentia","Cricetidae",c(-79.8582, 36.0765)
"United States","North Carolina","Pine Croft, West Greensboro","8-Oct-45","male","","Ondatra","Rodentia","Cricetidae",c(-79.8582, 36.0765)
"United States","North Carolina","West Greensboro","2-Oct-45","female","","Peromyscus","Rodentia","Cricetidae",c(-79.8582, 36.0765)
"United States","North Carolina","West Greensboro","2-Oct-45","male","","Peromyscus","Rodentia","Cricetidae",c(-79.8582, 36.0765)
"United States","North Carolina","West Greensboro","2-Oct-45","female","","Peromyscus","Rodentia","Cricetidae",c(-79.8582, 36.0765)
"United States","North Carolina","West Greensboro","3-Oct-45","female","","Peromyscus","Rodentia","Cricetidae",c(-79.8582, 36.0765)
"United States","North Carolina","3832 Green Point Drive, Greensboro NC 27407","27-Apr-22","female","adult","Peromyscus","Rodentia","Cricetidae",c(-79.8566, 36.03998)
"United States","North Carolina","3832 Green Point Drive, Greensboro NC 27407","30-Apr-22","female","adult","Peromyscus","Rodentia","Cricetidae",c(-79.8566, 36.03998)
"United States","North Carolina","2.91 km SE Lake Hamilton, off of W Wendover Avenue","5-Nov-23","female","adult","Blarina","Soricomorpha","Soricidae",c(-79.84127, 36.07038)
"United States","North Carolina","2403 Deverow Place, Greensboro NC 27407","5-Mar-23","female","adult","Rattus","Rodentia","Muridae",c(-79.82925, 36.03356)
"United States","North Carolina","2505 Overbrook Drive, Greensboro NC 27408","31-May-21","female","subadult","Rattus","Rodentia","Muridae",c(-79.82617, 36.10019)
"United States","North Carolina","2505 Overbrook Drive, Greensboro NC 27408","13-Jun-21","female","adult","Rattus","Rodentia","Muridae",c(-79.82617, 36.10019)
"United States","North Carolina","2505 Overbrook Drive, Greensboro NC 27408","7-Jul-22","male","adult","Rattus","Rodentia","Muridae",c(-79.82616, 36.10019)
"United States","North Carolina","1013 Twyckenham Drive, Greensboro NC 27408","16-Apr-21","male","adult","Blarina","Soricomorpha","Soricidae",c(-79.8105, 36.08488)
"United States","North Carolina","1013 Twyckenham Drive, Greensboro NC 27408","1-May-21","male","adult","Peromyscus","Rodentia","Cricetidae",c(-79.8105, 36.08488)
"United States","North Carolina","1013 Twyckenham Drive, Greensboro NC 27408","1-May-21","female","adult","Peromyscus","Rodentia","Cricetidae",c(-79.8105, 36.08488)
"United States","North Carolina","1013 Twyckenham Drive, Greensboro NC, 24408","2-Feb-21","male","adult","Peromyscus","Rodentia","Cricetidae",c(-79.81038, 36.08484)
"United States","North Carolina","1013 Twyckenham Drive, Greensboro NC 27403","7-May-18","unknown","adult","Blarina","Soricomorpha","Soricidae",c(-79.81038, 36.08492)
"United States","North Carolina","3302 Round Hill Road, Greensboro NC, 27408","26-Feb-23","female","adult","Peromyscus","Rodentia","Cricetidae",c(-79.80851, 36.11693)
"United States","North Carolina","3302 Round Hill Road, Greensboro NC, 27408","26-Feb-23","female","adult","Peromyscus","Rodentia","Cricetidae",c(-79.80851, 36.11693)
"United States","North Carolina","3302 Round Hill Road, Greensboro NC, 27408","25-Feb-23","female","adult","Peromyscus","Rodentia","Cricetidae",c(-79.80851, 36.11693)
"United States","North Carolina","3302 Round Hill Road, Greensboro NC, 27408","25-Feb-23","male","adult","Peromyscus","Rodentia","Cricetidae",c(-79.80851, 36.11693)
"United States","North Carolina","3302 Round Hill Road, Greensboro NC, 27408","Spring 2022","male","adult","Sciurus","Rodentia","Sciuridae",c(-79.80851, 36.11693)
"United States","North Carolina","3302 Round Hill Road, Greensboro NC 27408","Spring 2022","male","adult","Sciurus","Rodentia","Sciuridae",c(-79.80851, 36.11693)
"United States","North Carolina","Nantahala National Forest, 0.48 km SW of Rocky Knob, along NC Highway 215","22-Oct-21","female","adult","Sciurus","Rodentia","Sciuridae",c(-79.80652196, 36.06902802)
"United States","North Carolina","1098 Walker Avenue, Greensboro NC 27403","12-May-21","male","adult","Mus","Rodentia","Muridae",c(-79.806363, 36.068578)
"United States","North Carolina","On UNCG Campus, along Carr Street","21-Jan-25","male","adult","Didelphis","Didelphimorphia","Didelphidae",c(-79.80571, 36.07034)
"United States","North Carolina","Along Tate Street","26-Nov-24","female","subadult","Rattus","Rodentia","Muridae",c(-79.8056, 36.06792)
"United States","North Carolina","1131 Parish St Greensboro NC 27408","12-Sep-22","male","adult","Peromyscus","Rodentia","Cricetidae",c(-79.80473, 36.08952)
"United States","North Carolina","11 MI SE MTN. PISGAH","15-Aug-85","female","","Peromyscus","Rodentia","Cricetidae",c(-79.7226, 35.4415)
"United States","North Carolina","11 MI SE MTN. PISGAH","15-Aug-85","female","","Peromyscus","Rodentia","Cricetidae",c(-79.7226, 35.4415)
"United States","North Carolina","11 MI SE MTN. PISGAH","16-Aug-85","female","","Peromyscus","Rodentia","Cricetidae",c(-79.7226, 35.4415)
"United States","North Carolina","11 mi. SE MT. PISGAH","16-Aug-85","female","","Myodes","Rodentia","Cricetidae",c(-79.7226, 35.4415)
"United States","North Carolina","4.8 km S Browns Summit, Gateway Research Park North Campus","31-May-23","female","adult","Peromyscus","Rodentia","Cricetidae",c(-79.72238601, 36.16844804)
"United States","North Carolina","4.8 km S Browns Summit, Gateway Research Park North Campus","31-May-23","male","adult","Peromyscus","Rodentia","Cricetidae",c(-79.72225299, 36.16854401)
"United States","North Carolina","4.8 km S Browns Summit, Gateway Research Park North Campus","28-Jun-22","female","adult","Blarina","Soricomorpha","Soricidae",c(-79.7218391, 36.171685)
"United States","North Carolina","4.8 km S Browns Summit, Gateway Research Park North Campus","31-May-23","male","juvenile","Peromyscus","Rodentia","Cricetidae",c(-79.72175402, 36.17166703)
"United States","North Carolina","4.8 km S Browns Summit, Gateway Research Park North Campus","1-Jun-23","male","juvenile","Peromyscus","Rodentia","Cricetidae",c(-79.72175402, 36.17170198)
"United States","North Carolina","4.8 km S Browns Summit, Gateway Research Park North Campus","1-Jun-23","male","adult","Peromyscus","Rodentia","Cricetidae",c(-79.721736, 36.17137902)
"United States","North Carolina","4.8 km S Browns Summit, Gateway Research Park North Campus","31-May-23","male","adult","Peromyscus","Rodentia","Cricetidae",c(-79.721723, 36.17174699)
"United States","North Carolina","4.8 km S Browns Summit, Gateway Research Park North Campus","31-May-23","female","subadult","Peromyscus","Rodentia","Cricetidae",c(-79.72167296, 36.17169804)
"United States","North Carolina","4.8 km S Browns Summit, Gateway Research Park North Campus","1-Jun-23","male","adult","Peromyscus","Rodentia","Cricetidae",c(-79.72165997, 36.17180499)
"United States","North Carolina","4.8 km S Browns Summit, Gateway Research Park North Campus","1-Jun-23","male","adult","Peromyscus","Rodentia","Cricetidae",c(-79.72117701, 36.17197397)
"United States","North Carolina","4.8 km S Browns Summit, Gateway Research Park North Campus","31-May-23","female","subadult","Peromyscus","Rodentia","Cricetidae",c(-79.72106896, 36.17184799)
"United States","North Carolina","4.8 km S Browns Summit, Gateway Research Park North Campus","31-May-23","male","subadult","Peromyscus","Rodentia","Cricetidae",c(-79.72099998, 36.17177499)
"United States","North Carolina","4.8 km S Browns Summit, Gateway Research Park North Campus","31-May-23","male","adult","Peromyscus","Rodentia","Cricetidae",c(-79.72099302, 36.17177599)
"United States","North Carolina","4.8 km S Browns Summit, Gateway Research Park North Campus","31-May-23","female","adult","Microtus","Rodentia","Cricetidae",c(-79.72068499, 36.17155404)
"United States","North Carolina","4.8 km S Browns Summit, Gateway Research Park North Campus","22-Jul-21","male","adult","Blarina","Soricomorpha","Soricidae",c(-79.720544, 36.17154599)
"United States","North Carolina","4.8 km S Browns Summit, Gateway Research Park North Campus","31-May-23","female","adult","Peromyscus","Rodentia","Cricetidae",c(-79.72022801, 36.17157198)
"United States","North Carolina","4.8 km S Browns Summit, Gateway Research Park North Campus","31-May-23","male","adult","Peromyscus","Rodentia","Cricetidae",c(-79.72020999, 36.17156703)
"United States","North Carolina","4.8 km S Browns Summit, Gateway Research Park North Campus","31-May-23","male","adult","Blarina","Soricomorpha","Soricidae",c(-79.72014704, 36.17139202)
"United States","North Carolina","4.8 km S Browns Summit, Gateway Research Park North Campus","31-May-23","female","adult","Peromyscus","Rodentia","Cricetidae",c(-79.72004101, 36.17141699)
"United States","North Carolina","4.8 km S Browns Summit, Gateway Research Park North Campus","31-May-23","male","adult","Peromyscus","Rodentia","Cricetidae",c(-79.71996498, 36.17130702)
"United States","North Carolina","4.8 km S Browns Summit, Gateway Research Park North Campus","31-May-23","female","adult","Peromyscus","Rodentia","Cricetidae",c(-79.71990698, 36.17128297)
"United States","North Carolina","4.8 km S Browns Summit, Gateway Research Park North Campus","31-May-23","male","adult","Peromyscus","Rodentia","Cricetidae",c(-79.71985904, 36.17131197)
"United States","North Carolina","4.8 km S Browns Summit, Gateway Research Park North Campus","20-Feb-21","female","adult","Peromyscus","Rodentia","Cricetidae",c(-79.71977, 36.17073)
"United States","North Carolina","4.8 km S Browns Summit, Gateway Research Park North Campus","20-Feb-21","female","adult","Peromyscus","Rodentia","Cricetidae",c(-79.71977, 36.17073)
"United States","North Carolina","4.8 km S Browns Summit, Gateway Research Park North Campus","20-Feb-21","female","adult","Peromyscus","Rodentia","Cricetidae",c(-79.71977, 36.17073)
"United States","North Carolina","4.8 km S Browns Summit, Gateway Research Park North Campus","21-Feb-21","female","adult","Peromyscus","Rodentia","Cricetidae",c(-79.71977, 36.17073)
"United States","North Carolina","4.8 km S Browns Summit, Gateway Research Park North Campus","23-Mar-21","female","adult","Peromyscus","Rodentia","Cricetidae",c(-79.71977, 36.17073)
"United States","North Carolina","4.8 km S Browns Summit, Gateway Research Park North Campus","21-Feb-21","female","adult","Peromyscus","Rodentia","Cricetidae",c(-79.71977, 36.17073)
"United States","North Carolina","4.8 km S Browns Summit, Gateway Research Park North Campus","1-Jun-23","male","adult","Blarina","Soricomorpha","Soricidae",c(-79.719767, 36.17143602)
"United States","North Carolina","4.8 km S Browns Summit, Gateway Research Park North Campus","31-May-23","male","adult","Peromyscus","Rodentia","Cricetidae",c(-79.71965896, 36.17120401)
"United States","North Carolina","4.8 km S Browns Summit, Gateway Research Park North Campus","31-May-23","male","subadult","Peromyscus","Rodentia","Cricetidae",c(-79.71964899, 36.17112396)
"United States","North Carolina","4.8 km S Browns Summit, Gateway Research Park North Campus","31-May-23","male","adult","Blarina","Soricomorpha","Soricidae",c(-79.71958403, 36.17117199)
"United States","North Carolina","4.8 km S Browns Summit, Gateway Research Park North Campus","25-Sep-21","male","adult","Peromyscus","Rodentia","Cricetidae",c(-79.71924598, 36.17134198)
"United States","North Carolina","4.8 km S Browns Summit, Gateway Research Park North Campus","25-Sep-21","male","adult","Peromyscus","Rodentia","Cricetidae",c(-79.71894801, 36.17150199)
"United States","North Carolina","12 mi NE Greensboro","27-Jul-45","female","","Didelphis","Didelphimorphia","Didelphidae",c(-79.6224, 36.192)
"United States","North Carolina","RT. 211 AT McCAIN","23-Nov-87","female","","Ochrotomys","Rodentia","Cricetidae",c(-79.3458, 35.0606)
"United States","North Carolina","RT. 211 AT McCAIN","24-Nov-87","male","","Ochrotomys","Rodentia","Cricetidae",c(-79.3458, 35.0606)
"United States","North Carolina","RT. 211 AT McCAIN","23-Nov-87","female","","Peromyscus","Rodentia","Cricetidae",c(-79.3458, 35.0606)
"United States","North Carolina","RT. 211 AT McCAIN","24-Nov-87","male","","Peromyscus","Rodentia","Cricetidae",c(-79.3458, 35.0606)
"United States","North Carolina","Rt. 211 AT McCAIN","23-Oct-87","female","","Sigmodon","Rodentia","Cricetidae",c(-79.3458, 35.0606)
"United States","North Carolina","Rt. 211 AT McCLAIN","22-Oct-87","female","adult","Sciurus","Rodentia","Sciuridae",c(-79.3458, 35.0606)
"United States","North Carolina","Rt. 211 AT McCLAIN","22-Oct-87","female","adult","Sciurus","Rodentia","Sciuridae",c(-79.3458, 35.0606)
"United States","North Carolina","Chapel Hill","20 Oct '61","female","","Sciurus","Rodentia","Sciuridae",c(-79.055844, 35.9132)
"United States","North Carolina","Chapel Hill","Jun-43","male","","Eptesicus","Chiroptera","Vespertilionidae",c(-79.0406, 35.9215)
"United States","North Carolina","Chapel Hill","Jun-43","male","","Eptesicus","Chiroptera","Vespertilionidae",c(-79.0406, 35.9215)
"United States","North Carolina","Fair Bluff","5-May-36","female","","Lasiurus","Chiroptera","Vespertilionidae",c(-79.0375, 34.3133)
"United States","North Carolina","near B. Everett Jordan Lake, off Beaver Creek Road","21-Nov-18","female","adult","Sciurus","Rodentia","Sciuridae",c(-78.99502, 35.68824)
"United States","North Carolina","FORT BRAGG","18-May-98","female","","Peromyscus","Rodentia","Cricetidae",c(-78.9841, 35.1458)
"United States","North Carolina","Near Little River and South Fork Little River","no verbatim date","unknown","adult","Blarina","Soricomorpha","Soricidae",c(-78.93927, 36.15019)
"United States","North Carolina","Near Little River and South Fork Little River","6-Jul-21","female","adult","Blarina","Soricomorpha","Soricidae",c(-78.93927, 36.15019)
"United States","North Carolina","Duke University Primate Research Center","2002","female","","Tupaia","Scandentia","Tupaiidae",c(-78.89, 35.99)
"United States","North Carolina","Duke University Primate Research Center","3-Jun-02","female","","Callithrix","Primates","Callitrichidae",c(-78.89, 35.99)
"United States","North Carolina","Near Glen Haven Road and Ledge Creek","22-Dec-19","female","adult","Blarina","Soricomorpha","Soricidae",c(-78.70945, 36.15068)
"United States","North Carolina","Near Glen Haven Road and Ledge Creek","14-Mar-21","unknown","adult","Blarina","Soricomorpha","Soricidae",c(-78.70945, 36.15068)
"United States","North Carolina","Near Glen Haven Road and Ledge Creek","27-Nov-19","unknown","adult","Blarina","Soricomorpha","Soricidae",c(-78.70945, 36.15068)
"United States","North Carolina","Near Glen Haven Road and Ledge Creek","29-May-19","female","adult","Blarina","Soricomorpha","Soricidae",c(-78.70945, 36.15068)
"United States","North Carolina","Near Glen Haven Road and Ledge Creek","15-Nov-19","female","adult","Blarina","Soricomorpha","Soricidae",c(-78.70945, 36.15068)
"United States","North Carolina","Near Glen Haven Road and Ledge Creek","27-Nov-19","female","adult","Blarina","Soricomorpha","Soricidae",c(-78.70945, 36.15068)
"United States","North Carolina","Near Glen Haven Road and Ledge Creek","9-Mar-21","male","adult","Reithrodontomys","Rodentia","Cricetidae",c(-78.70945, 36.15068)
"United States","North Carolina","Near Glen Haven Road and Ledge Creek","22-Dec-19","female","adult","Blarina","Soricomorpha","Soricidae",c(-78.70945, 36.15068)
"United States","North Carolina","Near Glen Haven Road and Ledge Creek","25-Nov-19","male","subadult","Glaucomys","Rodentia","Sciuridae",c(-78.70945, 36.15068)
"United States","North Carolina","Near Glen Haven Road and Ledge Creek","28-Dec-19","male","adult","Sigmodon","Rodentia","Cricetidae",c(-78.70945, 36.15068)
"United States","North Carolina","Near Glen Haven Road and Ledge Creek","27-Nov-19","unknown","adult","Blarina","Soricomorpha","Soricidae",c(-78.70945, 36.15068)
"United States","North Carolina","Near Glen Haven Road and Ledge Creek","25-Nov-19","female","adult","Blarina","Soricomorpha","Soricidae",c(-78.70945, 36.15068)
"United States","North Carolina","Near Glen Haven Road and Ledge Creek","25-Nov-19","female","adult","Blarina","Soricomorpha","Soricidae",c(-78.70945, 36.15068)
"United States","North Carolina","Raleigh","22 January 1892","male","adult","Sciurus","Rodentia","Sciuridae",c(-78.66666667, 35.7)
"United States","North Carolina","Raleigh","16 January 1894","female","","Sigmodon","Rodentia","Cricetidae",c(-78.66666667, 35.7)
"United States","North Carolina","Raleigh","13 February 1894","male","adult","Sigmodon","Rodentia","Cricetidae",c(-78.66666667, 35.7)
"United States","North Carolina","Raleigh","25 January 1896","female","adult","Lasionycteris","Chiroptera","Vespertilionidae",c(-78.66666667, 35.7)
"United States","North Carolina","Raleigh","28 January 1893","male","adult","Blarina","Soricomorpha","Soricidae",c(-78.66666667, 35.7)
"United States","North Carolina","Raleigh","8 December 1892","female","adult","Blarina","Soricomorpha","Soricidae",c(-78.66666667, 35.7)
"United States","North Carolina","Raleigh","11 February 1892","female","adult","Blarina","Soricomorpha","Soricidae",c(-78.66666667, 35.7)
"United States","North Carolina","Raleigh","18 November 1893","male","adult","Blarina","Soricomorpha","Soricidae",c(-78.66666667, 35.7)
"United States","North Carolina","Raleigh","8 January 1892","male","adult","Blarina","Soricomorpha","Soricidae",c(-78.66666667, 35.7)
"United States","North Carolina","Raleigh","21 July 1891","female","adult","Blarina","Soricomorpha","Soricidae",c(-78.66666667, 35.7)
"United States","North Carolina","Raleigh","3 February 1892","male","adult","Blarina","Soricomorpha","Soricidae",c(-78.66666667, 35.7)
"United States","North Carolina","Raleigh","5-Nov-01","female","adult","Cryptotis","Soricomorpha","Soricidae",c(-78.66666667, 35.7)
"United States","North Carolina","Raleigh","19-Sep-04","female","adult","Cryptotis","Soricomorpha","Soricidae",c(-78.66666667, 35.7)
"United States","North Carolina","Raleigh","26 May 1892","female","","Perimyotis","Chiroptera","Vespertilionidae",c(-78.66666667, 35.7)
"United States","North Carolina","Raleigh","11 April 1892","male","adult","Reithrodontomys","Rodentia","Cricetidae",c(-78.66666667, 35.7)
"United States","North Carolina","Raleigh","30 January 1892","female","adult","Reithrodontomys","Rodentia","Cricetidae",c(-78.66666667, 35.7)
"United States","North Carolina","Raleigh","4 December 1891","female","adult","Reithrodontomys","Rodentia","Cricetidae",c(-78.66666667, 35.7)
"United States","North Carolina","Raleigh","30 January 1892","male","adult","Reithrodontomys","Rodentia","Cricetidae",c(-78.66666667, 35.7)
"United States","North Carolina","Raleigh","11-Apr-00","male","adult","Oryzomys","Rodentia","Cricetidae",c(-78.66666667, 35.7)
"United States","North Carolina","Raleigh","9-Feb-00","female","adult","Oryzomys","Rodentia","Cricetidae",c(-78.66666667, 35.7)
"United States","North Carolina","Raleigh","14 January 1892","female","adult","Ochrotomys","Rodentia","Cricetidae",c(-78.66666667, 35.7)
"United States","North Carolina","Raleigh","30 April 1892","male","adult","Ochrotomys","Rodentia","Cricetidae",c(-78.66666667, 35.7)
"United States","North Carolina","Raleigh","26 June 1894","male","","Oryzomys","Rodentia","Cricetidae",c(-78.66666667, 35.7)
"United States","North Carolina","Raleigh","5 October 1892","female","","Oryzomys","Rodentia","Cricetidae",c(-78.66666667, 35.7)
"United States","North Carolina","Raleigh","22 October 1892","male","","Oryzomys","Rodentia","Cricetidae",c(-78.66666667, 35.7)
"United States","North Carolina","Raleigh","March 6/05","female","adult","Oryzomys","Rodentia","Cricetidae",c(-78.66495067, 35.86549071)
"United States","North Carolina","National Gypsum Mine","Nov 23 1956","male","adult","Myotis","Chiroptera","Vespertilionidae",c(-78.650308, 35.790244)
"United States","North Carolina","Raleigh (Boon's Pond Swamp) N city limits","1-Mar-52","male","","Ochrotomys","Rodentia","Cricetidae",c(-78.6427, 35.8601)
"United States","North Carolina","Raleigh [Boon's Pond]","29-Feb-52","female","","Ochrotomys","Rodentia","Cricetidae",c(-78.6427, 35.8601)
"United States","North Carolina","Raleigh [Boon's Pond]","29-Feb-52","female","","Ochrotomys","Rodentia","Cricetidae",c(-78.6427, 35.8601)
"United States","North Carolina","Raleigh [Boon's Pond]","3-Mar-52","female","","Ochrotomys","Rodentia","Cricetidae",c(-78.6427, 35.8601)
"United States","North Carolina","Raleigh [Boon's Pond]","11-May-52","male","","Ochrotomys","Rodentia","Cricetidae",c(-78.6427, 35.8601)
"United States","North Carolina","Raleigh (Boon's Pond Swamp) N city limits","3-Mar-52","female","","Blarina","Soricomorpha","Soricidae",c(-78.6427, 35.8601)
"United States","North Carolina","Raleigh (Boon's Pond Swamp) N city limits","11-May-52","female","","Sylvilagus","Lagomorpha","Leporidae",c(-78.6427, 35.8601)
"United States","North Carolina","Raleigh (Boon's Pond Swamp) N city limits","29-Feb-52","male","","Microtus","Rodentia","Cricetidae",c(-78.6427, 35.8601)
"United States","North Carolina","Raleigh (Boon's Pond Swamp) N city limits","3-Mar-52","male","","Microtus","Rodentia","Cricetidae",c(-78.6427, 35.8601)
"United States","North Carolina","1 mi S Raleigh","1-Mar-52","male","","Reithrodontomys","Rodentia","Cricetidae",c(-78.6417, 35.8062)
"United States","North Carolina","1 mi S Raleigh [Catholic Orphanage]","28-Feb-52","male","","Sigmodon","Rodentia","Cricetidae",c(-78.6417, 35.8062)
"United States","North Carolina","1 mi S Raleigh [Catholic Orphanage]","27-Feb-52","male","","Microtus","Rodentia","Cricetidae",c(-78.6417, 35.8062)
"United States","North Carolina","Raleigh","30 Jan 1896","female","","Lasionycteris","Chiroptera","Vespertilionidae",c(-78.6417, 35.8207)
"United States","North Carolina","Raleigh","27 May 1892","female","","Perimyotis","Chiroptera","Vespertilionidae",c(-78.6417, 35.8207)
"United States","North Carolina","Raleigh","11 Jul 1891","female","","Nycticeius","Chiroptera","Vespertilionidae",c(-78.6417, 35.8207)
"United States","North Carolina","Raleigh","23-Apr-53","male","","Reithrodontomys","Rodentia","Cricetidae",c(-78.6417, 35.8207)
"United States","North Carolina","Raleigh","25-Mar-55","female","","Cryptotis","Soricomorpha","Soricidae",c(-78.6417, 35.8207)
"United States","North Carolina","Raleigh","","","adult","Sigmodon","Rodentia","Cricetidae",c(-78.640674, 35.779338)
"United States","North Carolina","S of Rocky Branch, Raleigh","23-Mar-51","female","","Sigmodon","Rodentia","Cricetidae",c(-78.638769, 35.757543)
"United States","North Carolina","1 mi S of Raleigh","20-Dec-51","male","","Sigmodon","Rodentia","Cricetidae",c(-78.638615, 35.757592)
"United States","North Carolina","Raleigh","22-Jan-52","male","","Blarina","Soricomorpha","Soricidae",c(-78.638614, 35.772096)
"United States","North Carolina","Raleigh","17-Apr-50","female","","Lasiurus","Chiroptera","Vespertilionidae",c(-78.638614, 35.772096)
"United States","North Carolina","Raleigh","27-Oct-53","male","","Sciurus","Rodentia","Sciuridae",c(-78.638614, 35.772096)
"United States","North Carolina","Raleigh","26-Jan-50","male","","Nycticeius","Chiroptera","Vespertilionidae",c(-78.638614, 35.772096)
"United States","North Carolina","Raleigh","27-Aug-51","male","","Lasiurus","Chiroptera","Vespertilionidae",c(-78.638614, 35.772096)
"United States","North Carolina","Raleigh","28-Nov-51","male","","Microtus","Rodentia","Cricetidae",c(-78.638614, 35.772096)
"United States","North Carolina","Raleigh","18-Mar-51","female","","Reithrodontomys","Rodentia","Cricetidae",c(-78.638614, 35.772096)
"United States","North Carolina","on campus, Raleigh","7-Dec-51","female","","Microtus","Rodentia","Cricetidae",c(-78.638614, 35.772096)
"United States","North Carolina","Raleigh","28-May-53","male","","Peromyscus","Rodentia","Cricetidae",c(-78.638614, 35.772096)
"United States","North Carolina","Raleigh","2-Mar-52","male","","Peromyscus","Rodentia","Cricetidae",c(-78.638614, 35.772096)
"United States","North Carolina","Raleigh","","male","adult","Rattus","Rodentia","Muridae",c(-78.638614, 35.772096)
"United States","North Carolina","Raleigh","March 23,1901","male","adult","Microtus","Rodentia","Cricetidae",c(-78.638614, 35.772096)
"United States","North Carolina","Raleigh","23 Jan 1892","female","adult","Rattus","Rodentia","Muridae",c(-78.638614, 35.772096)
"United States","North Carolina","Yates Pond region","Nov-55","unknown","","Glaucomys","Rodentia","Sciuridae",c(-78.5997, 35.7787)
"United States","North Carolina","No specific locality recorded.","27 Oct. 2019","unknown","adult","Blarina","Soricomorpha","Soricidae",c(-78.56, 34.58)
"United States","North Carolina","Wendell","18-Nov-53","male","","Sylvilagus","Lagomorpha","Leporidae",c(-78.369721, 35.780987)
"United States","North Carolina","Wendell","18-Mar-52","female","","Peromyscus","Rodentia","Cricetidae",c(-78.369721, 35.780987)
"United States","North Carolina","Wendell","28-Mar-52","male","","Oryzomys","Rodentia","Cricetidae",c(-78.3672, 35.7804)
"United States","North Carolina","3 mi N Wendell","15-Mar-52","male","","Oryzomys","Rodentia","Cricetidae",c(-78.3672, 35.82391)
"United States","North Carolina","MOORE'S CREEK NAT'L BATTLEFIELD, 34D27'30''N 78D06'; 34D27'N78D06'W","15-Jun-94","male","","Peromyscus","Rodentia","Cricetidae",c(-78.1102, 34.4582)
"United States","North Carolina","MOORE'S CREEK NAT'L BATTLEFIELD, 34D27'30''N 78D06'; 34D27'N78D06'W","16-Jun-94","male","","Peromyscus","Rodentia","Cricetidae",c(-78.1102, 34.4582)
"United States","North Carolina","MOORE'S CREEK NAT'L BATTLEFIELD, 34D27'30''N 78D06'; 34D27'N78D06'W","15-Jun-94","male","","Peromyscus","Rodentia","Cricetidae",c(-78.1102, 34.4582)
"United States","North Carolina","MOORE'S CREEK NAT'L BATTLEFIELD, 34D27'30''N 78D06'; 34D27'N78D06'W","16-Jun-94","male","","Peromyscus","Rodentia","Cricetidae",c(-78.1102, 34.4582)
"United States","North Carolina","MOORE'S CREEK NATL BATTLEFIELD, 34D27'30''N 78D06'4; 34D27'N78D06'W","16-Jun-94","female","","Peromyscus","Rodentia","Cricetidae",c(-78.1102, 34.4582)
"United States","North Carolina","Warsaw","28-Jan-34","unknown","","Blarina","Soricomorpha","Soricidae",c(-78.0917, 35)
"United States","North Carolina","Figure Eight Island","Feb-76","male","","Tursiops","Cetacea","Delphinidae",c(-77.74, 34.27)
"United States","North Carolina","GSMNP, Deep Creek 4300 ft","11-Aug-88","female","adult","Microtus","Rodentia","Cricetidae",c(-77.74, 34.27)
"United States","North Carolina","Camp Davis, 30 mi NE Wilmington","23-Apr-44","female","","Peromyscus","Rodentia","Cricetidae",c(-77.6254, 34.5815)
"United States","North Carolina","Camp Davis, 30 mi NE Wilmington","23-Apr-44","male","","Peromyscus","Rodentia","Cricetidae",c(-77.6254, 34.5815)
"United States","North Carolina","Camp Davis, 30 mi NE Wilmington","23-Apr-44","male","","Peromyscus","Rodentia","Cricetidae",c(-77.6254, 34.5815)
"United States","North Carolina","Ballards Crossroad","DY 19 | MO JUN | YR 1952","male","","Ochrotomys","Rodentia","Cricetidae",c(-77.5039, 35.5488)
"United States","North Carolina","Rich Square","26-Nov-61","male","","Mus","Rodentia","Muridae",c(-77.2847, 36.2739)
"United States","North Carolina","New Bern","12-Dec-34","unknown","","Blarina","Soricomorpha","Soricidae",c(-77.0705, 35.1116)
"United States","North Carolina","New Bern","14-Dec-34","unknown","","Blarina","Soricomorpha","Soricidae",c(-77.0705, 35.1116)
"United States","North Carolina","15 mi. S NEW BERN","1-Dec-85","female","","Microtus","Rodentia","Cricetidae",c(-77.0366, 34.60029)
"United States","North Carolina","Mackay Island National Wildlife Refuge","11-Oct-18","female","adult","Blarina","Soricomorpha","Soricidae",c(-76.952, 36.531)
"United States","North Carolina","Mackay Island National Wildlife Refuge","11-Oct-18","female","adult","Blarina","Soricomorpha","Soricidae",c(-76.952, 36.531)
"United States","North Carolina","No specific locality recorded.","7 Mar 1893","female","","Nycticeius","Chiroptera","Vespertilionidae",c(-76.9403, 36.1097)
"United States","North Carolina","Aurora, Texas Gulf","9-Dec-88","male","","Cryptotis","Soricomorpha","Soricidae",c(-76.78, 35.3)
"United States","North Carolina","5 mi NW HOBUCKEN","3-Dec-85","male","","Peromyscus","Rodentia","Cricetidae",c(-76.635, 35.2976)
"United States","North Carolina","Edenton","14-Jul-50","","","Nycticeius","Chiroptera","Vespertilionidae",c(-76.607721, 36.057938)
"United States","North Carolina","Hertford","20-Mar-35","female","","Blarina","Soricomorpha","Soricidae",c(-76.4664, 36.19)
"United States","North Carolina","Chapanoke","12-Nov-25","unknown","","Reithrodontomys","Rodentia","Cricetidae",c(-76.3778, 36.2539)
"United States","North Carolina","Chapanoke","12-Nov-25","male","","Reithrodontomys","Rodentia","Cricetidae",c(-76.3778, 36.2539)
"United States","North Carolina","Chapanoke","15-Nov-25","female","","Reithrodontomys","Rodentia","Cricetidae",c(-76.3778, 36.2539)
"United States","North Carolina","Chapanoke","12-Nov-25","female","","Ochrotomys","Rodentia","Cricetidae",c(-76.3778, 36.2539)
"United States","North Carolina","Chapanoke","12-Nov-25","female","","Ochrotomys","Rodentia","Cricetidae",c(-76.3778, 36.2539)
"United States","North Carolina","Chapanoke","15-Nov-25","male","","Ochrotomys","Rodentia","Cricetidae",c(-76.3778, 36.2539)
"United States","North Carolina","Chapanoke","11-Nov-25","female","","Oryzomys","Rodentia","Cricetidae",c(-76.3778, 36.2539)
"United States","North Carolina","Chapanoke","15-Nov-25","male","","Microtus","Rodentia","Cricetidae",c(-76.3778, 36.2539)
"United States","North Carolina","Chapanoke","11-Nov-25","female","","Peromyscus","Rodentia","Cricetidae",c(-76.3778, 36.2539)
"United States","North Carolina","Chapanoke","11-Nov-25","male","","Peromyscus","Rodentia","Cricetidae",c(-76.3778, 36.2539)
"United States","North Carolina","Chapanoke","11-Nov-25","female","","Peromyscus","Rodentia","Cricetidae",c(-76.3778, 36.2539)
"United States","North Carolina","Elizabeth City","11-Nov-25","female","","Oryzomys","Rodentia","Cricetidae",c(-76.2514, 36.2944)
"United States","North Carolina","Elizabeth City","12-Nov-25","male","","Oryzomys","Rodentia","Cricetidae",c(-76.2514, 36.2944)
"United States","North Carolina","Elizabeth City","14-Nov-25","female","","Cryptotis","Soricomorpha","Soricidae",c(-76.2514, 36.2944)
"United States","North Carolina","Elizabeth City","11-Nov-25","male","","Microtus","Rodentia","Cricetidae",c(-76.2514, 36.2944)
"United States","North Carolina","Elizabeth City","13-Nov-25","male","","Microtus","Rodentia","Cricetidae",c(-76.2514, 36.2944)
"United States","North Carolina","7 mi E COLUMBIA","3-Apr-72","male","","Blarina","Soricomorpha","Soricidae",c(-76.1235, 35.9197)
"United States","North Carolina","3.5 mi S Sligo","19-Apr-52","male","","Reithrodontomys","Rodentia","Cricetidae",c(-76.0766, 36.3997)
"United States","North Carolina","0.75 mi S Currituck","19-Apr-52","male","","Reithrodontomys","Rodentia","Cricetidae",c(-76.0158, 36.4437)
"United States","North Carolina","Mackay Island National Wildlife Refuge","Oct-18","unknown","","Blarina","Soricomorpha","Soricidae",c(-75.952, 36.531)
"United States","North Carolina","Mackay Island National Wildlife Refuge","Oct '18","male","","Blarina","Soricomorpha","Soricidae",c(-75.952, 36.531)
"United States","North Carolina","Mackay Island National Wildlife Refuge","Oct-18","female","adult","Blarina","Soricomorpha","Soricidae",c(-75.952, 36.531)
"United States","North Carolina","Mackay Island National Wildlife Refuge","11-Oct-18","female","adult","Blarina","Soricomorpha","Soricidae",c(-75.952, 36.531)
"United States","North Carolina","Mackay Island National Wildlife Refuge","11-Oct-18","female","adult","Blarina","Soricomorpha","Soricidae",c(-75.952, 36.531)
"United States","North Carolina","Mackay Island National Wildlife Refuge","11-Oct-18","male","adult","Blarina","Soricomorpha","Soricidae",c(-75.952, 36.531)
"United States","North Carolina","Mackay Island National Wildlife Refuge","11-Oct-18","unknown","adult","Blarina","Soricomorpha","Soricidae",c(-75.952, 36.531)
"United States","North Carolina","Mackay Island National Wildlife Refuge","Oct-18","female","adult","Blarina","Soricomorpha","Soricidae",c(-75.952, 36.531)
"United States","North Carolina","Mackay Island National Wildlife Refuge","Oct-18","male","adult","Blarina","Soricomorpha","Soricidae",c(-75.952, 36.531)
"United States","North Carolina","Mackay Island National Wildlife Refuge","Oct-18","female ?","","Blarina","Soricomorpha","Soricidae",c(-75.952, 36.531)
"United States","North Carolina","Mackay Island National Wildlife Refuge","Oct-18","female ?","","Blarina","Soricomorpha","Soricidae",c(-75.952, 36.531)
"United States","North Carolina","Mackay Island National Wildlife Refuge","Oct-18","male","","Blarina","Soricomorpha","Soricidae",c(-75.952, 36.531)
"United States","North Carolina","Mackay Island National Wildlife Refuge","Oct-18","female ?","","Blarina","Soricomorpha","Soricidae",c(-75.952, 36.531)
"United States","North Carolina","Mackay Island National Wildlife Refuge","Oct-18","male","","Blarina","Soricomorpha","Soricidae",c(-75.952, 36.531)
"United States","North Carolina","Mackay Island National Wildlife Refuge","Oct-18","unknown","","Blarina","Soricomorpha","Soricidae",c(-75.952, 36.531)
"United States","North Carolina","Mackay Island National Wildlife Refuge","Oct-18","unknown","","Blarina","Soricomorpha","Soricidae",c(-75.952, 36.531)
"United States","North Carolina","Mackay Island National Wildlife Refuge","Oct-18","male ?","","Blarina","Soricomorpha","Soricidae",c(-75.952, 36.531)
"United States","North Carolina","Mackay Island National Wildlife Refuge","Oct-18","female ?","","Blarina","Soricomorpha","Soricidae",c(-75.952, 36.531)
"United States","North Carolina","Mackay Island National Wildlife Refuge","Oct-19","unknown","","Blarina","Soricomorpha","Soricidae",c(-75.952, 36.531)
"United States","North Carolina","Mackay Island National Wildlife Refuge","Oct-18","female ?","","Blarina","Soricomorpha","Soricidae",c(-75.952, 36.531)
"United States","North Carolina","Mackay Island National Wildlife Refuge","Oct-19","female","adult","Blarina","Soricomorpha","Soricidae",c(-75.952, 36.531)
"United States","North Carolina","Mackay Island National Wildlife Refuge","Oct-19","female","adult","Blarina","Soricomorpha","Soricidae",c(-75.952, 36.531)
"United States","North Carolina","Mackay Island National Wildlife Refuge","Oct-19","unknown","adult","Blarina","Soricomorpha","Soricidae",c(-75.952, 36.531)
"United States","North Carolina","Mackay Island National Wildlife Refuge","Oct-19","unknown","","Blarina","Soricomorpha","Soricidae",c(-75.952, 36.531)
"United States","North Carolina","Mackay Island National Wildlife Refuge","Oct-19","unknown","adult","Blarina","Soricomorpha","Soricidae",c(-75.952, 36.531)
"United States","North Carolina","Mackay Island National Wildlife Refuge","Oct-19","unknown","adult","Blarina","Soricomorpha","Soricidae",c(-75.952, 36.531)
"United States","North Carolina","Mackay Island National Wildlife Refuge","Oct-19","unknown","adult","Blarina","Soricomorpha","Soricidae",c(-75.952, 36.531)
"United States","North Carolina","Mackay Island National Wildlife Refuge","Oct-19","unknown","adult","Blarina","Soricomorpha","Soricidae",c(-75.952, 36.531)
"United States","North Carolina","Mackay Island National Wildlife Refuge","Oct-19","unknown","adult","Blarina","Soricomorpha","Soricidae",c(-75.952, 36.531)
"United States","North Carolina","Mackay Island National Wildlife Refuge","Oct-19","unknown","adult","Blarina","Soricomorpha","Soricidae",c(-75.952, 36.531)
"United States","North Carolina","Mackay Island National Wildlife Refuge","Oct-19","unknown","adult","Blarina","Soricomorpha","Soricidae",c(-75.952, 36.531)
"United States","North Carolina","Mackay Island National Wildlife Refuge","Oct-19","unknown","adult","Blarina","Soricomorpha","Soricidae",c(-75.952, 36.531)
"United States","North Carolina","Mackay Island National Wildlife Refuge","Oct-19","unknown","adult","Blarina","Soricomorpha","Soricidae",c(-75.952, 36.531)
"United States","North Carolina","Mackay Island National Wildlife Refuge","Oct-19","unknown","adult","Blarina","Soricomorpha","Soricidae",c(-75.952, 36.531)
"United States","North Carolina","Mackay Island National Wildlife Refuge","Oct-19","unknown","adult","Blarina","Soricomorpha","Soricidae",c(-75.952, 36.531)
"United States","North Carolina","Mackay Island National Wildlife Refuge","Oct-19","unknown","adult","Blarina","Soricomorpha","Soricidae",c(-75.952, 36.531)
"United States","North Carolina","Mackay Island National Wildlife Refuge","Oct-19","unknown","adult","Blarina","Soricomorpha","Soricidae",c(-75.952, 36.531)
"United States","North Carolina","Mackay Island National Wildlife Refuge","Oct-19","unknown","adult","Blarina","Soricomorpha","Soricidae",c(-75.952, 36.531)
"United States","North Carolina","Mackay Island National Wildlife Refuge","11-Oct-18","unknown","adult","Blarina","Soricomorpha","Soricidae",c(-75.952, 36.531)
"United States","North Carolina","Mackay Island National Wildlife Refuge","Oct-18","unknown","","Blarina","Soricomorpha","Soricidae",c(-75.952, 36.531)
"United States","North Carolina","Mackay Island National Wildlife Refuge","Oct-19","unknown","adult","Blarina","Soricomorpha","Soricidae",c(-75.952, 36.531)
"United States","North Carolina","Mackay Island National Wildlife Refuge","Oct-19","unknown","adult","Blarina","Soricomorpha","Soricidae",c(-75.952, 36.531)
"United States","North Carolina","Mackay Island National Wildlife Refuge","Oct-18","unknown","","Blarina","Soricomorpha","Soricidae",c(-75.952, 36.531)
"United States","North Carolina","Mackay Island National Wildlife Refuge","Oct '18","male","","Blarina","Soricomorpha","Soricidae",c(-75.952, 36.531)
"United States","North Carolina","Mackay Island National Wildlife Refuge","Oct-18","female","adult","Blarina","Soricomorpha","Soricidae",c(-75.952, 36.531)
"United States","North Carolina","Mackay Island National Wildlife Refuge","11-Oct-18","female","adult","Blarina","Soricomorpha","Soricidae",c(-75.952, 36.531)
"United States","North Carolina","Mackay Island National Wildlife Refuge","11-Oct-18","female","adult","Blarina","Soricomorpha","Soricidae",c(-75.952, 36.531)
"United States","North Carolina","Mackay Island National Wildlife Refuge","11-Oct-18","male","adult","Blarina","Soricomorpha","Soricidae",c(-75.952, 36.531)
"United States","North Carolina","Mackay Island National Wildlife Refuge","Oct-18","female","adult","Blarina","Soricomorpha","Soricidae",c(-75.952, 36.531)
"United States","North Carolina","Mackay Island National Wildlife Refuge","Oct-18","male","adult","Blarina","Soricomorpha","Soricidae",c(-75.952, 36.531)
"United States","North Carolina","Mackay Island National Wildlife Refuge","Oct-18","female ?","","Blarina","Soricomorpha","Soricidae",c(-75.952, 36.531)
"United States","North Carolina","Mackay Island National Wildlife Refuge","Oct-18","female ?","","Blarina","Soricomorpha","Soricidae",c(-75.952, 36.531)
"United States","North Carolina","Mackay Island National Wildlife Refuge","Oct-18","male","","Blarina","Soricomorpha","Soricidae",c(-75.952, 36.531)
"United States","North Carolina","Mackay Island National Wildlife Refuge","Oct-18","female ?","","Blarina","Soricomorpha","Soricidae",c(-75.952, 36.531)
"United States","North Carolina","Mackay Island National Wildlife Refuge","Oct-18","male","","Blarina","Soricomorpha","Soricidae",c(-75.952, 36.531)
"United States","North Carolina","Mackay Island National Wildlife Refuge","Oct-18","unknown","","Blarina","Soricomorpha","Soricidae",c(-75.952, 36.531)
"United States","North Carolina","Mackay Island National Wildlife Refuge","Oct-18","male ?","","Blarina","Soricomorpha","Soricidae",c(-75.952, 36.531)
"United States","North Carolina","Mackay Island National Wildlife Refuge","Oct-18","female ?","","Blarina","Soricomorpha","Soricidae",c(-75.952, 36.531)
"United States","North Carolina","Mackay Island National Wildlife Refuge","Oct-19","unknown","","Blarina","Soricomorpha","Soricidae",c(-75.952, 36.531)
"United States","North Carolina","Mackay Island National Wildlife Refuge","Oct-18","female ?","","Blarina","Soricomorpha","Soricidae",c(-75.952, 36.531)
"United States","North Carolina","Mackay Island National Wildlife Refuge","Oct-19","unknown","adult","Blarina","Soricomorpha","Soricidae",c(-75.952, 36.531)
"United States","North Carolina","Mackay Island National Wildlife Refuge","Oct-19","unknown","adult","Blarina","Soricomorpha","Soricidae",c(-75.952, 36.531)
"United States","North Carolina","Mackay Island National Wildlife Refuge","Oct-19","female","adult","Blarina","Soricomorpha","Soricidae",c(-75.952, 36.531)
"United States","North Carolina","Mackay Island National Wildlife Refuge","Oct-19","female","adult","Blarina","Soricomorpha","Soricidae",c(-75.952, 36.531)
"United States","North Carolina","Mackay Island National Wildlife Refuge","Oct-19","unknown","adult","Blarina","Soricomorpha","Soricidae",c(-75.952, 36.531)
"United States","North Carolina","Mackay Island National Wildlife Refuge","Oct-19","unknown","","Blarina","Soricomorpha","Soricidae",c(-75.952, 36.531)
"United States","North Carolina","Mackay Island National Wildlife Refuge","Oct-19","unknown","adult","Blarina","Soricomorpha","Soricidae",c(-75.952, 36.531)
"United States","North Carolina","Mackay Island National Wildlife Refuge","Oct-19","unknown","adult","Blarina","Soricomorpha","Soricidae",c(-75.952, 36.531)
"United States","North Carolina","Mackay Island National Wildlife Refuge","Oct-19","unknown","adult","Blarina","Soricomorpha","Soricidae",c(-75.952, 36.531)
"United States","North Carolina","Mackay Island National Wildlife Refuge","Oct-19","unknown","adult","Blarina","Soricomorpha","Soricidae",c(-75.952, 36.531)
"United States","North Carolina","Mackay Island National Wildlife Refuge","Oct-19","unknown","adult","Blarina","Soricomorpha","Soricidae",c(-75.952, 36.531)
"United States","North Carolina","Mackay Island National Wildlife Refuge","Oct-19","unknown","adult","Blarina","Soricomorpha","Soricidae",c(-75.952, 36.531)
"United States","North Carolina","Mackay Island National Wildlife Refuge","Oct-19","unknown","adult","Blarina","Soricomorpha","Soricidae",c(-75.952, 36.531)
"United States","North Carolina","Mackay Island National Wildlife Refuge","Oct-19","unknown","adult","Blarina","Soricomorpha","Soricidae",c(-75.952, 36.531)
"United States","North Carolina","Mackay Island National Wildlife Refuge, Knotts Island","23 Sept. 2019","female","adult","Blarina","Soricomorpha","Soricidae",c(-75.929644, 36.51344)
"United States","North Carolina","Mackay Island National Wildlife Refuge, Knotts Island","21 Jan. 2020","female","adult","Blarina","Soricomorpha","Soricidae",c(-75.929644, 36.51344)
"United States","North Carolina","Mackay Island National Wildlife Refuge, Knotts Island","17 Dec. 2019","female","adult","Blarina","Soricomorpha","Soricidae",c(-75.929644, 36.51344)
"United States","North Carolina","Mackay Island National Wildlife Refuge, Knotts Island","21 Jan. 2020","male","adult","Blarina","Soricomorpha","Soricidae",c(-75.929644, 36.51344)
"United States","North Carolina","Mackay Island National Wildlife Refuge, Knotts Island","21 Jan. 2020","female","adult","Blarina","Soricomorpha","Soricidae",c(-75.929644, 36.51344)
"United States","North Carolina","Mackay Island National Wildlife Refuge, Knotts Island","22 Jan. 2020","female","adult","Blarina","Soricomorpha","Soricidae",c(-75.929644, 36.51344)
"United States","North Carolina","Mackay Island National Wildlife Refuge, Knotts Island, near Refuge Manager Road and Mackay Island Road","14-Jun-19","female","adult","Blarina","Soricomorpha","Soricidae",c(-75.929644, 36.51344)
"United States","North Carolina","Mackay Island National Wildlife Refuge, Knotts Island, near Refuge Manager Road and Mackay Island Road","27-Oct-19","male","adult","Blarina","Soricomorpha","Soricidae",c(-75.929644, 36.51344)
"United States","North Carolina","Mackay Island National Wildlife Refuge, Knotts Island, near Refuge Manager Road and Mackay Island Road","26-Jun-19","unknown","adult","Blarina","Soricomorpha","Soricidae",c(-75.929644, 36.51344)
"United States","North Carolina","Mackay Island National Wildlife Refuge, Knotts Island, near Refuge Manager Road and Mackay Island Road","17-Dec-19","female","adult","Blarina","Soricomorpha","Soricidae",c(-75.929644, 36.51344)
"United States","North Carolina","Mackay Island National Wildlife Refuge, Knotts Island, near Refuge Manager Road and Mackay Island Road","17-Dec-19","male","adult","Blarina","Soricomorpha","Soricidae",c(-75.929644, 36.51344)
"United States","North Carolina","Mackay Island National Wildlife Refuge, Knotts Island, near Refuge Manager Road and Mackay Island Road","22-Sep-19","female","adult","Blarina","Soricomorpha","Soricidae",c(-75.929644, 36.51344)
"United States","North Carolina","Mackay Island National Wildlife Refuge, Knotts Island, near Refuge Manager Road and Mackay Island Road","22-Jan-20","female","adult","Blarina","Soricomorpha","Soricidae",c(-75.929644, 36.51344)
"United States","North Carolina","Mackay Island National Wildlife Refuge, Knotts Island, near Refuge Manager Road and Mackay Island Road","21-Jan-20","female","adult","Blarina","Soricomorpha","Soricidae",c(-75.929644, 36.51344)
"United States","North Carolina","Mackay Island National Wildlife Refuge, Knotts Island, near Refuge Manager Road and Mackay Island Road","14-Jun-19","female","adult","Blarina","Soricomorpha","Soricidae",c(-75.929644, 36.51344)
"United States","North Carolina","Mackay Island National Wildlife Refuge, Knotts Island, near Refuge Manager Road and Mackay Island Road","21-Jan-20","female","adult","Blarina","Soricomorpha","Soricidae",c(-75.929644, 36.51344)
"United States","North Carolina","Mackay Island National Wildlife Refuge, Knotts Island, near Refuge Manager Road and Mackay Island Road","21-Jan-20","male","adult","Blarina","Soricomorpha","Soricidae",c(-75.929644, 36.51344)
"United States","North Carolina","Mackay Island National Wildlife Refuge, Knotts Island, near Refuge Manager Road and Mackay Island Road","25-Jul-19","female","adult","Blarina","Soricomorpha","Soricidae",c(-75.929644, 36.51344)
"United States","North Carolina","Mackay Island National Wildlife Refuge, Knotts Island, near Refuge Manager Road and Mackay Island Road","17-Feb-20","male","adult","Blarina","Soricomorpha","Soricidae",c(-75.929644, 36.51344)
"United States","North Carolina","Mackay Island National Wildlife Refuge, Knotts Island, near Refuge Manager Road and Mackay Island Road","22-Jan-20","male","adult","Blarina","Soricomorpha","Soricidae",c(-75.929644, 36.51344)
"United States","North Carolina","Mackay Island National Wildlife Refuge, Knotts Island, near Refuge Manager Road and Mackay Island Road","17-Dec-19","female","adult","Blarina","Soricomorpha","Soricidae",c(-75.929644, 36.51344)
"United States","North Carolina","Mackay Island National Wildlife Refuge, Knotts Island, near Refuge Manager Road and Mackay Island Road","10-Jul-19","female","adult","Blarina","Soricomorpha","Soricidae",c(-75.929644, 36.51344)
"United States","North Carolina","2 mi E MANTEO","1-Dec-87","unknown","","Sylvilagus","Lagomorpha","Leporidae",c(-75.6398, 35.9088)
"United States","North Carolina","Cape Hatteras","1915","unknown","","Tursiops","Cetacea","Delphinidae",c(-75.531, 35.2252)
"United States","North Carolina","Cape Hatteras","1915","unknown","","Tursiops","Cetacea","Delphinidae",c(-75.531, 35.2252)
"United States","North Carolina","Cape Hatteras","1915","unknown","","Tursiops","Cetacea","Delphinidae",c(-75.531, 35.2252)
"United States","North Carolina","Cape Hatteras","1915","unknown","","Tursiops","Cetacea","Delphinidae",c(-75.531, 35.2252)
"United States","North Carolina","Cape Hatteras","1915","unknown","","Tursiops","Cetacea","Delphinidae",c(-75.531, 35.2252)
"United States","North Carolina","Cape Hatteras","1915","unknown","","Tursiops","Cetacea","Delphinidae",c(-75.531, 35.2252)
"United States","North Carolina","Cape Hatteras","1915","unknown","","Tursiops","Cetacea","Delphinidae",c(-75.531, 35.2252)
"United States","North Carolina","Cape Hatteras","1915","unknown","","Tursiops","Cetacea","Delphinidae",c(-75.531, 35.2252)
"United States","North Carolina","Cape Hatteras","1915","unknown","","Tursiops","Cetacea","Delphinidae",c(-75.531, 35.2252)
"United States","North Carolina","Cape Hatteras","1915","unknown","","Tursiops","Cetacea","Delphinidae",c(-75.531, 35.2252)
"United States","North Carolina","Cape Hatteras","1915","unknown","","Tursiops","Cetacea","Delphinidae",c(-75.531, 35.2252)
"United States","North Carolina","Cape Hatteras","1915","unknown","","Steno","Cetacea","Delphinidae",c(-75.531, 35.2252)
"United States","North Carolina","Cape Hatteras","1915","unknown","","Steno","Cetacea","Delphinidae",c(-75.531, 35.2252)
"United States","North Carolina","Cape Hatteras","1915","unknown","","Tursiops","Cetacea","Delphinidae",c(-75.531, 35.2252)
"United States","North Carolina","AVON","1-Dec-87","male","","Oryzomys","Rodentia","Cricetidae",c(-75.5108, 35.3519)
"United States","North Carolina","AVON","1-Jan-87","female","","Mus","Rodentia","Muridae",c(-75.5108, 35.3519)
"United States","North Carolina","AVON","1-Dec-87","male","","Oryzomys","Rodentia","Cricetidae",c(-75.5108, 35.3519)
"United States","North Carolina","2 mi S SALVO","2-Apr-72","female","","Oryzomys","Rodentia","Cricetidae",c(-75.4733, 35.5105)
