USE_LICENSE_URL,COUNTRY,STATE_PROV,SPEC_LOCALITY,VERBATIM_DATE,DEC_LAT,DEC_LONG,SEX,LIFE_STAGE,GENUS,PHYLORDER,FAMILY
http://arctosdb.org/home/data/; https://creativecommons.org/licenses/by-nc-sa/3.0,United States,North Carolina,Murphy Township,18-Mar-54,35.08,-84.03,male,adult,Ochrotomys,Rodentia,Cricetidae
http://mvz.berkeley.edu/mvzdata_terms; https://creativecommons.org/licenses/by/3.0,United States,North Carolina,4.5 mi SE Andrews,12-Feb-46,35.1529,-83.7687,male,,Plecotus,Chiroptera,Vespertilionidae
http://arctosdb.org/home/data/; https://creativecommons.org/licenses/by/3.0,United States,North Carolina,"Chattahoochie National Forest, 3.5 mi N Georgia state line",10/17/88,35.042773,-83.749418,female,,Blarina,Soricomorpha,Soricidae
http://arctosdb.org/home/data/; https://creativecommons.org/licenses/by/3.0,United States,North Carolina,"Chattahoochie National Forest, 3.5 mi N Georgia state line",10/17/87,35.042773,-83.749418,female,,Blarina,Soricomorpha,Soricidae
http://arctosdb.org/home/data/; https://creativecommons.org/publicdomain/zero/1.0,United States,North Carolina,"Rocky Point of Thunderhead Mountain, Great Smoky Mountains National Park",[transcribed directly into formatted date fields],35.566756,-83.707393,male,,Microtus,Rodentia,Cricetidae
http://arctosdb.org/home/data/; https://creativecommons.org/publicdomain/zero/1.0,United States,North Carolina,"Laurel Top of Thunderhead Mountain, Great Smoky Mountains National Park",Apr 24 1933,35.566756,-83.707393,male,,Peromyscus,Rodentia,Cricetidae
http://mvz.berkeley.edu/mvzdata_terms; https://creativecommons.org/licenses/by/3.0,United States,North Carolina,Hewitt,8-Jan-46,35.309,-83.6477,male,,Myotis,Chiroptera,Vespertilionidae
http://mvz.berkeley.edu/mvzdata_terms; https://creativecommons.org/licenses/by/3.0,United States,North Carolina,Hewitt,8-Jan-46,35.309,-83.6477,male,,Myotis,Chiroptera,Vespertilionidae
http://mvz.berkeley.edu/mvzdata_terms; https://creativecommons.org/licenses/by/3.0,United States,North Carolina,Hewitt,12-Jan-46,35.309,-83.6477,female,,Myotis,Chiroptera,Vespertilionidae
http://mvz.berkeley.edu/mvzdata_terms; https://creativecommons.org/licenses/by/3.0,United States,North Carolina,Hewitt,8-Jan-46,35.309,-83.6477,female,,Myotis,Chiroptera,Vespertilionidae
http://mvz.berkeley.edu/mvzdata_terms; https://creativecommons.org/licenses/by/3.0,United States,North Carolina,Hewitt,8-Jan-46,35.309,-83.6477,male,,Myotis,Chiroptera,Vespertilionidae
http://mvz.berkeley.edu/mvzdata_terms; https://creativecommons.org/licenses/by/3.0,United States,North Carolina,Hewitt,8-Jan-46,35.309,-83.6477,female,,Myotis,Chiroptera,Vespertilionidae
http://mvz.berkeley.edu/mvzdata_terms; https://creativecommons.org/licenses/by/3.0,United States,North Carolina,Hewitt,8-Jan-46,35.309,-83.6477,male,,Perimyotis,Chiroptera,Vespertilionidae
http://mvz.berkeley.edu/mvzdata_terms; https://creativecommons.org/licenses/by/3.0,United States,North Carolina,Hewitt,8-Jan-46,35.309,-83.6477,male,,Perimyotis,Chiroptera,Vespertilionidae
http://mvz.berkeley.edu/mvzdata_terms; https://creativecommons.org/licenses/by/3.0,United States,North Carolina,Hewitt,8-Jan-46,35.309,-83.6477,male,,Perimyotis,Chiroptera,Vespertilionidae
http://mvz.berkeley.edu/mvzdata_terms; https://creativecommons.org/licenses/by/3.0,United States,North Carolina,Hewitt,8-Jan-46,35.309,-83.6477,male,,Perimyotis,Chiroptera,Vespertilionidae
http://mvz.berkeley.edu/mvzdata_terms; https://creativecommons.org/licenses/by/3.0,United States,North Carolina,Hewitt,8-Jan-46,35.309,-83.6477,male,,Perimyotis,Chiroptera,Vespertilionidae
http://mvz.berkeley.edu/mvzdata_terms; https://creativecommons.org/licenses/by/3.0,United States,North Carolina,Hewitt,8-Jan-46,35.309,-83.6477,male,,Perimyotis,Chiroptera,Vespertilionidae
http://mvz.berkeley.edu/mvzdata_terms; https://creativecommons.org/licenses/by/3.0,United States,North Carolina,Hewitt,8-Jan-46,35.309,-83.6477,female,,Perimyotis,Chiroptera,Vespertilionidae
http://mvz.berkeley.edu/mvzdata_terms; https://creativecommons.org/licenses/by/3.0,United States,North Carolina,Hewitt,8-Jan-46,35.309,-83.6477,female,,Perimyotis,Chiroptera,Vespertilionidae
http://mvz.berkeley.edu/mvzdata_terms; https://creativecommons.org/licenses/by/3.0,United States,North Carolina,Hewitt,8-Jan-46,35.309,-83.6477,female,,Perimyotis,Chiroptera,Vespertilionidae
http://mvz.berkeley.edu/mvzdata_terms; https://creativecommons.org/licenses/by/3.0,United States,North Carolina,Hewitt,8-Jan-46,35.309,-83.6477,female,,Perimyotis,Chiroptera,Vespertilionidae
http://mvz.berkeley.edu/mvzdata_terms; https://creativecommons.org/licenses/by/3.0,United States,North Carolina,Hewitt,8-Jan-46,35.309,-83.6477,male,,Perimyotis,Chiroptera,Vespertilionidae
http://mvz.berkeley.edu/mvzdata_terms; https://creativecommons.org/licenses/by/3.0,United States,North Carolina,Hewitt,8-Jan-46,35.309,-83.6477,male,,Perimyotis,Chiroptera,Vespertilionidae
http://mvz.berkeley.edu/mvzdata_terms; https://creativecommons.org/licenses/by/3.0,United States,North Carolina,Hewitt,8-Jan-46,35.309,-83.6477,male,,Perimyotis,Chiroptera,Vespertilionidae
http://mvz.berkeley.edu/mvzdata_terms; https://creativecommons.org/licenses/by/3.0,United States,North Carolina,Hewitt,8-Jan-46,35.309,-83.6477,male,,Perimyotis,Chiroptera,Vespertilionidae
http://mvz.berkeley.edu/mvzdata_terms; https://creativecommons.org/licenses/by/3.0,United States,North Carolina,Hewitt,8-Jan-46,35.309,-83.6477,female,,Perimyotis,Chiroptera,Vespertilionidae
http://mvz.berkeley.edu/mvzdata_terms; https://creativecommons.org/licenses/by/3.0,United States,North Carolina,Hewitt,8-Jan-46,35.309,-83.6477,female,,Perimyotis,Chiroptera,Vespertilionidae
http://mvz.berkeley.edu/mvzdata_terms; https://creativecommons.org/licenses/by/3.0,United States,North Carolina,Hewitt,8-Jan-46,35.309,-83.6477,male,,Perimyotis,Chiroptera,Vespertilionidae
http://mvz.berkeley.edu/mvzdata_terms; https://creativecommons.org/licenses/by/3.0,United States,North Carolina,Hewitt,8-Jan-46,35.309,-83.6477,male,,Perimyotis,Chiroptera,Vespertilionidae
http://mvz.berkeley.edu/mvzdata_terms; https://creativecommons.org/licenses/by/3.0,United States,North Carolina,Hewitt,8-Jan-46,35.309,-83.6477,male,,Perimyotis,Chiroptera,Vespertilionidae
http://mvz.berkeley.edu/mvzdata_terms; https://creativecommons.org/licenses/by/3.0,United States,North Carolina,Hewitt,8-Jan-46,35.309,-83.6477,male,,Perimyotis,Chiroptera,Vespertilionidae
http://mvz.berkeley.edu/mvzdata_terms; https://creativecommons.org/licenses/by/3.0,United States,North Carolina,Hewitt,8-Jan-46,35.309,-83.6477,female,,Perimyotis,Chiroptera,Vespertilionidae
http://mvz.berkeley.edu/mvzdata_terms; https://creativecommons.org/licenses/by/3.0,United States,North Carolina,Hewitt,8-Jan-46,35.309,-83.6477,female,,Perimyotis,Chiroptera,Vespertilionidae
http://mvz.berkeley.edu/mvzdata_terms; https://creativecommons.org/licenses/by/3.0,United States,North Carolina,Hewitt,8-Jan-46,35.309,-83.6477,male,,Perimyotis,Chiroptera,Vespertilionidae
http://mvz.berkeley.edu/mvzdata_terms; https://creativecommons.org/licenses/by/3.0,United States,North Carolina,Hewitt,8-Jan-46,35.309,-83.6477,male,,Perimyotis,Chiroptera,Vespertilionidae
http://mvz.berkeley.edu/mvzdata_terms; https://creativecommons.org/licenses/by/3.0,United States,North Carolina,Hewitt,8-Jan-46,35.309,-83.6477,male,,Perimyotis,Chiroptera,Vespertilionidae
http://mvz.berkeley.edu/mvzdata_terms; https://creativecommons.org/licenses/by/3.0,United States,North Carolina,Hewitt,8-Jan-46,35.309,-83.6477,male,,Perimyotis,Chiroptera,Vespertilionidae
http://mvz.berkeley.edu/mvzdata_terms; https://creativecommons.org/licenses/by/3.0,United States,North Carolina,Hewitt,8-Jan-46,35.309,-83.6477,female,,Perimyotis,Chiroptera,Vespertilionidae
http://mvz.berkeley.edu/mvzdata_terms; https://creativecommons.org/licenses/by/3.0,United States,North Carolina,Hewitt,8-Jan-46,35.309,-83.6477,male,,Perimyotis,Chiroptera,Vespertilionidae
http://mvz.berkeley.edu/mvzdata_terms; https://creativecommons.org/licenses/by/3.0,United States,North Carolina,Hewitt,8-Jan-46,35.309,-83.6477,male,,Perimyotis,Chiroptera,Vespertilionidae
http://mvz.berkeley.edu/mvzdata_terms; https://creativecommons.org/licenses/by/3.0,United States,North Carolina,Hewitt,8-Jan-46,35.309,-83.6477,male,,Perimyotis,Chiroptera,Vespertilionidae
http://mvz.berkeley.edu/mvzdata_terms; https://creativecommons.org/licenses/by/3.0,United States,North Carolina,Hewitt,8-Jan-46,35.309,-83.6477,male,,Perimyotis,Chiroptera,Vespertilionidae
http://mvz.berkeley.edu/mvzdata_terms; https://creativecommons.org/licenses/by/3.0,United States,North Carolina,Hewitt,12-Jan-46,35.309,-83.6477,male,,Perimyotis,Chiroptera,Vespertilionidae
http://mvz.berkeley.edu/mvzdata_terms; https://creativecommons.org/licenses/by/3.0,United States,North Carolina,Hewitt,12-Jan-46,35.309,-83.6477,male,,Perimyotis,Chiroptera,Vespertilionidae
http://mvz.berkeley.edu/mvzdata_terms; https://creativecommons.org/licenses/by/3.0,United States,North Carolina,Hewitt,12-Jan-46,35.309,-83.6477,male,,Perimyotis,Chiroptera,Vespertilionidae
http://mvz.berkeley.edu/mvzdata_terms; https://creativecommons.org/licenses/by/3.0,United States,North Carolina,Hewitt,12-Jan-46,35.309,-83.6477,female,,Eptesicus,Chiroptera,Vespertilionidae
http://mvz.berkeley.edu/mvzdata_terms; https://creativecommons.org/licenses/by/3.0,United States,North Carolina,Hewitt,8-Jan-46,35.309,-83.6477,female,,Eptesicus,Chiroptera,Vespertilionidae
http://mvz.berkeley.edu/mvzdata_terms; https://creativecommons.org/licenses/by/3.0,United States,North Carolina,Hewitt,8-Jan-46,35.309,-83.6477,male,,Eptesicus,Chiroptera,Vespertilionidae
http://mvz.berkeley.edu/mvzdata_terms; https://creativecommons.org/licenses/by/3.0,United States,North Carolina,Hewitt,8-Jan-46,35.309,-83.6477,male,,Eptesicus,Chiroptera,Vespertilionidae
http://mvz.berkeley.edu/mvzdata_terms; https://creativecommons.org/licenses/by/3.0,United States,North Carolina,Hewitt,8-Jan-46,35.309,-83.6477,male,,Plecotus,Chiroptera,Vespertilionidae
http://mvz.berkeley.edu/mvzdata_terms; https://creativecommons.org/licenses/by/3.0,United States,North Carolina,Hewitt,8-Jan-46,35.309,-83.6477,male,,Plecotus,Chiroptera,Vespertilionidae
http://mvz.berkeley.edu/mvzdata_terms; https://creativecommons.org/licenses/by/3.0,United States,North Carolina,Hewitt,8-Jan-46,35.309,-83.6477,female,,Plecotus,Chiroptera,Vespertilionidae
http://mvz.berkeley.edu/mvzdata_terms; https://creativecommons.org/licenses/by/3.0,United States,North Carolina,Hewitt,8-Jan-46,35.309,-83.6477,female,,Plecotus,Chiroptera,Vespertilionidae
http://mvz.berkeley.edu/mvzdata_terms; https://creativecommons.org/licenses/by/3.0,United States,North Carolina,Hewitt,12-Jan-46,35.309,-83.6477,female,,Plecotus,Chiroptera,Vespertilionidae
http://mvz.berkeley.edu/mvzdata_terms; https://creativecommons.org/licenses/by/3.0,United States,North Carolina,Hewitt,12-Jan-46,35.309,-83.6477,male,,Plecotus,Chiroptera,Vespertilionidae
http://mvz.berkeley.edu/mvzdata_terms; https://creativecommons.org/licenses/by/3.0,United States,North Carolina,Hewitt,12-Jan-46,35.309,-83.6477,male,,Plecotus,Chiroptera,Vespertilionidae
http://mvz.berkeley.edu/mvzdata_terms; https://creativecommons.org/licenses/by/3.0,United States,North Carolina,Hewitt,12-Jan-46,35.309,-83.6477,female,,Plecotus,Chiroptera,Vespertilionidae
http://mvz.berkeley.edu/mvzdata_terms; https://creativecommons.org/licenses/by/3.0,United States,North Carolina,Hewitt,12-Jan-46,35.309,-83.6477,male,,Plecotus,Chiroptera,Vespertilionidae
http://mvz.berkeley.edu/mvzdata_terms; https://creativecommons.org/licenses/by/3.0,United States,North Carolina,Hewitt,12-Feb-46,35.309,-83.6477,male,,Myotis,Chiroptera,Vespertilionidae
http://mvz.berkeley.edu/mvzdata_terms; https://creativecommons.org/licenses/by/3.0,United States,North Carolina,Hewitt,12-Feb-46,35.309,-83.6477,female,,Myotis,Chiroptera,Vespertilionidae
http://mvz.berkeley.edu/mvzdata_terms; https://creativecommons.org/licenses/by/3.0,United States,North Carolina,Hewitt Station,12-Feb-46,35.309,-83.6477,male,,Myotis,Chiroptera,Vespertilionidae
http://mvz.berkeley.edu/mvzdata_terms; https://creativecommons.org/licenses/by/3.0,United States,North Carolina,Hewitt,12-Feb-46,35.309,-83.6477,male,,Myotis,Chiroptera,Vespertilionidae
http://mvz.berkeley.edu/mvzdata_terms; https://creativecommons.org/licenses/by/3.0,United States,North Carolina,Hewitt,12-Feb-46,35.309,-83.6477,male,,Plecotus,Chiroptera,Vespertilionidae
http://arctosdb.org/home/data/; https://creativecommons.org/publicdomain/zero/1.0,United States,North Carolina,"Silers Bald, Great Smoky Mountains National Park",[transcribed directly into formatted date fields],35.565648,-83.565443,male,,Microtus,Rodentia,Cricetidae
http://arctosdb.org/home/data/; https://creativecommons.org/publicdomain/zero/1.0,United States,North Carolina,"Silers Bald, Great Smoky Mountains National Park",[transcribed directly into formatted date fields],35.565648,-83.565443,male,,Microtus,Rodentia,Cricetidae
http://arctosdb.org/home/data/; https://creativecommons.org/publicdomain/zero/1.0,United States,North Carolina,"Silers Bald, Great Smoky Mountains National Park",[transcribed directly into formatted date fields],35.565648,-83.565443,male,,Microtus,Rodentia,Cricetidae
http://arctosdb.org/home/data/; https://creativecommons.org/publicdomain/zero/1.0,United States,North Carolina,"Silers Bald, Great Smoky Mountains National Park",[transcribed directly into formatted date fields],35.565648,-83.565443,male,,Peromyscus,Rodentia,Cricetidae
http://arctosdb.org/home/data/; https://creativecommons.org/publicdomain/zero/1.0,United States,North Carolina,"Silers Bald, Great Smoky Mountains National Park",[transcribed directly into formatted date fields],35.565648,-83.565443,male,,Synaptomys,Rodentia,Cricetidae
http://arctosdb.org/home/data/; https://creativecommons.org/publicdomain/zero/1.0,United States,North Carolina,"Silers Bald, Great Smoky Mountains National Park",[transcribed directly into formatted date fields],35.565648,-83.565443,male,,Synaptomys,Rodentia,Cricetidae
http://arctosdb.org/home/data/; https://creativecommons.org/publicdomain/zero/1.0,United States,North Carolina,"Silers Bald, Great Smoky Mountains National Park",[transcribed directly into formatted date fields],35.565648,-83.565443,male,,Peromyscus,Rodentia,Cricetidae
http://arctosdb.org/home/data/; https://creativecommons.org/publicdomain/zero/1.0,United States,North Carolina,"Silers Bald, Great Smoky Mountains National Park",[transcribed directly into formatted date fields],35.565648,-83.565443,male,,Peromyscus,Rodentia,Cricetidae
http://arctosdb.org/home/data/; https://creativecommons.org/publicdomain/zero/1.0,United States,North Carolina,"Silers Bald, Great Smoky Mountains National Park",[transcribed directly into formatted date fields],35.565648,-83.565443,male,,Peromyscus,Rodentia,Cricetidae
http://arctosdb.org/home/data/; https://creativecommons.org/publicdomain/zero/1.0,United States,North Carolina,"Silers Bald, Great Smoky Mountains National Park",[transcribed directly into formatted date fields],35.565648,-83.565443,female,,Peromyscus,Rodentia,Cricetidae
http://arctosdb.org/home/data/; https://creativecommons.org/publicdomain/zero/1.0,United States,North Carolina,"Silers Bald, Great Smoky Mountains National Park",[transcribed directly into formatted date fields],35.565648,-83.565443,female,,Peromyscus,Rodentia,Cricetidae
http://arctosdb.org/home/data/; https://creativecommons.org/publicdomain/zero/1.0,United States,North Carolina,"Silers Bald, Great Smoky Mountains National Park",[transcribed directly into formatted date fields],35.565648,-83.565443,female,,Blarina,Soricomorpha,Soricidae
http://arctosdb.org/home/data/; https://creativecommons.org/publicdomain/zero/1.0,United States,North Carolina,"Silers Bald, Great Smoky Mountains National Park",[transcribed directly into formatted date fields],35.565648,-83.565443,female,,Peromyscus,Rodentia,Cricetidae
http://arctosdb.org/home/data/; https://creativecommons.org/publicdomain/zero/1.0,United States,North Carolina,"Silers Bald, Great Smoky Mountains National Park",[transcribed directly into formatted date fields],35.565648,-83.565443,female,,Peromyscus,Rodentia,Cricetidae
http://arctosdb.org/home/data/; https://creativecommons.org/publicdomain/zero/1.0,United States,North Carolina,"Silers Bald, Great Smoky Mountains National Park",[transcribed directly into formatted date fields],35.565648,-83.565443,male,,Peromyscus,Rodentia,Cricetidae
http://arctosdb.org/home/data/; https://creativecommons.org/publicdomain/zero/1.0,United States,North Carolina,"Silers Bald, Great Smoky Mountains National Park",[transcribed directly into formatted date fields],35.565648,-83.565443,male,,Blarina,Soricomorpha,Soricidae
http://arctosdb.org/home/data/; https://creativecommons.org/publicdomain/zero/1.0,United States,North Carolina,"Silers Bald, Great Smoky Mountains National Park",[transcribed directly into formatted date fields],35.565648,-83.565443,female,,Blarina,Soricomorpha,Soricidae
http://arctosdb.org/home/data/; https://creativecommons.org/publicdomain/zero/1.0,United States,North Carolina,"Clingmans Dome, Great Smoky Mountains National Park",[transcribed directly into formatted date fields],35.562872,-83.498496,female,,Myodes,Rodentia,Cricetidae
http://arctosdb.org/home/data/; https://creativecommons.org/publicdomain/zero/1.0,United States,North Carolina,"Clingmans Dome, Great Smoky Mountains National Park",[transcribed directly into formatted date fields],35.562872,-83.498496,female,,Peromyscus,Rodentia,Cricetidae
http://arctosdb.org/home/data/; https://creativecommons.org/publicdomain/zero/1.0,United States,North Carolina,"Clingmans Dome, Great Smoky Mountains National Park",[transcribed directly into formatted date fields],35.562872,-83.498496,female,,Peromyscus,Rodentia,Cricetidae
http://arctosdb.org/home/data/; https://creativecommons.org/publicdomain/zero/1.0,United States,North Carolina,"Clingmans Dome, Great Smoky Mountains National Park",[transcribed directly into formatted date fields],35.562872,-83.498496,unknown,,Blarina,Soricomorpha,Soricidae
http://arctosdb.org/home/data/; https://creativecommons.org/publicdomain/zero/1.0,United States,North Carolina,"Clingmans Dome, Great Smoky Mountains National Park",[transcribed directly into formatted date fields],35.562872,-83.498496,female,,Blarina,Soricomorpha,Soricidae
http://arctosdb.org/home/data/; https://creativecommons.org/publicdomain/zero/1.0,United States,North Carolina,"Clingmans Dome, Great Smoky Mountains National Park",[transcribed directly into formatted date fields],35.562872,-83.498496,unknown,,Blarina,Soricomorpha,Soricidae
http://arctosdb.org/home/data/; https://creativecommons.org/publicdomain/zero/1.0,United States,North Carolina,"Mount Collins, Great Smoky Mountains National Park",[transcribed directly into formatted date fields],35.586206,-83.472939,female,,Sorex,Soricomorpha,Soricidae
http://arctosdb.org/home/data/; https://creativecommons.org/publicdomain/zero/1.0,United States,North Carolina,"Mount Collins, Great Smoky Mountains National Park",[transcribed directly into formatted date fields],35.586206,-83.472939,male,,Peromyscus,Rodentia,Cricetidae
http://arctosdb.org/home/data/; https://creativecommons.org/publicdomain/zero/1.0,United States,North Carolina,"Mount Collins, Great Smoky Mountains National Park",[transcribed directly into formatted date fields],35.586206,-83.472939,female,,Peromyscus,Rodentia,Cricetidae
http://arctosdb.org/home/data/; https://creativecommons.org/licenses/by-nc/3.0,United States,North Carolina,"Nantahala National Forest, Coweeta Hydrological Laboratory, 6.3 km ENE Frog Mountain, along FR 751",13-Oct-25,35.05764596,-83.46309696,female,adult,Blarina,Soricomorpha,Soricidae
http://arctosdb.org/home/data/; https://creativecommons.org/licenses/by-nc/3.0,United States,North Carolina,"Nantahala National Forest, Coweeta Hydrological Laboratory, 6.3 km ENE Frog Mountain, along FR 751",29-Jan-26,35.05767404,-83.46299102,male,adult,Sorex,Soricomorpha,Soricidae
http://arctosdb.org/home/data/; https://creativecommons.org/licenses/by-nc/3.0,United States,North Carolina,"Nantahala National Forest, Coweeta Hydrological Laboratory, 6.3 km ENE Frog Mountain, along FR 751",14-Oct-25,35.05776901,-83.46297299,female,adult,Sorex,Soricomorpha,Soricidae
http://arctosdb.org/home/data/; https://creativecommons.org/licenses/by-nc/3.0,United States,North Carolina,"Nantahala National Forest, Coweeta Hydrological Laboratory, 6.3 km ENE Frog Mountain, along FR 751",,35.05771201,-83.46295598,male,adult,Sorex,Soricomorpha,Soricidae
http://arctosdb.org/home/data/; https://creativecommons.org/licenses/by-nc/3.0,United States,North Carolina,"Nantahala National Forest, Coweeta Hydrological Laboratory, 6.3 km ENE Frog Mountain, along FR 751",30-Jan-26,35.057436,-83.462916,female,subadult,Sorex,Soricomorpha,Soricidae
http://arctosdb.org/home/data/; https://creativecommons.org/licenses/by-nc/3.0,United States,North Carolina,"Nantahala National Forest, Coweeta Hydrological Laboratory, 6.3 km ENE Frog Mountain, along FR 751",14-Oct-25,35.05777798,-83.46258298,male,adult,Sorex,Soricomorpha,Soricidae
http://arctosdb.org/home/data/; https://creativecommons.org/licenses/by-nc/3.0,United States,North Carolina,"Nantahala National Forest, Coweeta Hydrological Laboratory, 6.3 km ENE Frog Mountain, along FR 751",,35.05775602,-83.46253797,male,adult,Blarina,Soricomorpha,Soricidae
http://arctosdb.org/home/data/; https://creativecommons.org/licenses/by-nc/3.0,United States,North Carolina,"Nantahala National Forest, Coweeta Hydrological Laboratory, 6.3 km ENE Frog Mountain, along FR 751",,35.05780597,-83.46248098,male,adult,Blarina,Soricomorpha,Soricidae
http://arctosdb.org/home/data/; https://creativecommons.org/licenses/by-nc/3.0,United States,North Carolina,"Nantahala National Forest, Coweeta Hydrological Laboratory, 6.3 km ENE Frog Mountain, along FR 751",13-Oct-25,35.05774302,-83.46233102,male,adult,Sorex,Soricomorpha,Soricidae
http://arctosdb.org/home/data/; https://creativecommons.org/licenses/by-nc/3.0,United States,North Carolina,"Nantahala National Forest, Coweeta Hydrological Laboratory, 6.3 km ENE Frog Mountain, along FR 751",14-Oct-25,35.05804804,-83.46228903,female,adult,Blarina,Soricomorpha,Soricidae
http://arctosdb.org/home/data/; https://creativecommons.org/licenses/by-nc/3.0,United States,North Carolina,"Nantahala National Forest, Coweeta Hydrological Laboratory, 6.3 km ENE Frog Mountain, along FR 751",14-Oct-25,35.05804997,-83.462283,female,adult,Blarina,Soricomorpha,Soricidae
http://arctosdb.org/home/data/; https://creativecommons.org/licenses/by-nc/3.0,United States,North Carolina,"Nantahala National Forest, Coweeta Hydrological Laboratory, 6.3 km ENE Frog Mountain, along FR 751",14-Oct-25,35.05757698,-83.46224,male,adult,Sorex,Soricomorpha,Soricidae
http://arctosdb.org/home/data/; https://creativecommons.org/licenses/by-nc/3.0,United States,North Carolina,"Nantahala National Forest, Coweeta Hydrological Laboratory, 2.72 km ESE Albert Mountain, along Ball Creek Road",12-Oct-25,35.03903897,-83.45303399,male,adult,Blarina,Soricomorpha,Soricidae
http://arctosdb.org/home/data/; https://creativecommons.org/licenses/by-nc/3.0,United States,North Carolina,"Nantahala National Forest, Coweeta Hydrological Laboratory, 2.72 km ESE Albert Mountain, along Ball Creek Road",11-Oct-25,35.03910997,-83.45277197,female,juvenile,Peromyscus,Rodentia,Cricetidae
http://arctosdb.org/home/data/; https://creativecommons.org/licenses/by-nc/3.0,United States,North Carolina,"Nantahala National Forest, Coweeta Hydrological Laboratory, 2.72 km ESE Albert Mountain, along Ball Creek Road",19-Apr-25,35.03891802,-83.45256401,male,adult,Peromyscus,Rodentia,Cricetidae
http://arctosdb.org/home/data/; https://creativecommons.org/licenses/by-nc/3.0,United States,North Carolina,"Nantahala National Forest, Coweeta Hydrological Laboratory, 2.72 km ESE Albert Mountain, along Ball Creek Road",19-Apr-25,35.03893998,-83.45252696,male,subadult,Peromyscus,Rodentia,Cricetidae
http://arctosdb.org/home/data/; https://creativecommons.org/licenses/by-nc/3.0,United States,North Carolina,"Nantahala National Forest, Coweeta Hydrological Laboratory, 2.72 km ESE Albert Mountain, along Ball Creek Road",23-Apr-25,35.03898097,-83.45251297,female,juvenile,Peromyscus,Rodentia,Cricetidae
http://arctosdb.org/home/data/; https://creativecommons.org/licenses/by-nc/3.0,United States,North Carolina,"Nantahala National Forest, Coweeta Hydrological Laboratory, 2.72 km ESE Albert Mountain, along Ball Creek Road",22-Apr-25,35.038396,-83.45248598,male,adult,Blarina,Soricomorpha,Soricidae
http://arctosdb.org/home/data/; https://creativecommons.org/licenses/by-nc/3.0,United States,North Carolina,"Nantahala National Forest, Coweeta Hydrological Laboratory, 2.72 km ESE Albert Mountain, along Ball Creek Road",23-Apr-25,35.03907904,-83.45248003,male,subadult,Peromyscus,Rodentia,Cricetidae
http://arctosdb.org/home/data/; https://creativecommons.org/licenses/by-nc/3.0,United States,North Carolina,"Nantahala National Forest, Coweeta Hydrological Laboratory, 2.57 km ENE Albert Mountain, along FR 751",11-Oct-25,35.03871401,-83.45247097,female,adult,Peromyscus,Rodentia,Cricetidae
http://arctosdb.org/home/data/; https://creativecommons.org/licenses/by-nc/3.0,United States,North Carolina,"Nantahala National Forest, Coweeta Hydrological Laboratory, 2.72 km ESE Albert Mountain, along Ball Creek Road",1-Aug-25,35.038871,-83.452462,female,adult,Peromyscus,Rodentia,Cricetidae
http://arctosdb.org/home/data/; https://creativecommons.org/licenses/by-nc/3.0,United States,North Carolina,"Nantahala National Forest, Coweeta Hydrological Laboratory, 2.72 km ESE Albert Mountain, along Ball Creek Road",21-Apr-25,35.03830296,-83.45245698,male,adult,Sorex,Soricomorpha,Soricidae
http://arctosdb.org/home/data/; https://creativecommons.org/licenses/by-nc/3.0,United States,North Carolina,"Nantahala National Forest, Coweeta Hydrological Laboratory, 2.72 km ESE Albert Mountain, along Ball Creek Road",22-Apr-25,35.03830296,-83.45245698,male,adult,Sorex,Soricomorpha,Soricidae
http://arctosdb.org/home/data/; https://creativecommons.org/licenses/by-nc/3.0,United States,North Carolina,"Nantahala National Forest, Coweeta Hydrological Laboratory, 2.72 km ESE Albert Mountain, along Ball Creek Road",1-Aug-25,35.03905599,-83.45245597,female,adult,Peromyscus,Rodentia,Cricetidae
http://arctosdb.org/home/data/; https://creativecommons.org/licenses/by-nc/3.0,United States,North Carolina,"Nantahala National Forest, Coweeta Hydrological Laboratory, 2.72 km ESE Albert Mountain, along Ball Creek Road",30-Jul-25,35.03854704,-83.45245002,female,adult,Sorex,Soricomorpha,Soricidae
http://arctosdb.org/home/data/; https://creativecommons.org/licenses/by-nc/3.0,United States,North Carolina,"Nantahala National Forest, Coweeta Hydrological Laboratory, 2.72 km ESE Albert Mountain, along Ball Creek Road",2-Aug-25,35.03906404,-83.45240098,male,adult,Peromyscus,Rodentia,Cricetidae
http://arctosdb.org/home/data/; https://creativecommons.org/licenses/by-nc/3.0,United States,North Carolina,"Nantahala National Forest, Coweeta Hydrological Laboratory, 2.72 km ESE Albert Mountain, along Ball Creek Road",24-Apr-25,35.03856397,-83.45239897,male,adult,Napeozapus,Rodentia,Dipodidae
http://arctosdb.org/home/data/; https://creativecommons.org/licenses/by-nc/3.0,United States,North Carolina,"Nantahala National Forest, Coweeta Hydrological Laboratory, 2.72 km ESE Albert Mountain, along Ball Creek Road",31-Jul-25,35.03890998,-83.45238296,female,subadult,Peromyscus,Rodentia,Cricetidae
http://arctosdb.org/home/data/; https://creativecommons.org/licenses/by-nc/3.0,United States,North Carolina,"Nantahala National Forest, Coweeta Hydrological Laboratory, 2.72 km ESE Albert Mountain, along Ball Creek Road",21-Apr-25,35.038799,-83.45236704,male,adult,Peromyscus,Rodentia,Cricetidae
http://arctosdb.org/home/data/; https://creativecommons.org/licenses/by-nc/3.0,United States,North Carolina,"Nantahala National Forest, Coweeta Hydrological Laboratory, 2.72 km ESE Albert Mountain, along Ball Creek Road",24-Apr-25,35.03831101,-83.45236201,male,adult,Napeozapus,Rodentia,Dipodidae
http://arctosdb.org/home/data/; https://creativecommons.org/licenses/by-nc/3.0,United States,North Carolina,"Nantahala National Forest, Coweeta Hydrological Laboratory, 2.72 km ESE Albert Mountain, along Ball Creek Road",30-Jul-25,35.03900503,-83.45234902,male,adult,Peromyscus,Rodentia,Cricetidae
http://arctosdb.org/home/data/; https://creativecommons.org/licenses/by-nc/3.0,United States,North Carolina,"Nantahala National Forest, Coweeta Hydrological Laboratory, 2.72 km ESE Albert Mountain, along Ball Creek Road",19-Apr-25,35.03827698,-83.45233301,male,adult,Blarina,Soricomorpha,Soricidae
http://arctosdb.org/home/data/; https://creativecommons.org/licenses/by-nc/3.0,United States,North Carolina,"Nantahala National Forest, Coweeta Hydrological Laboratory, 2.72 km ESE Albert Mountain, along Ball Creek Road",11-Oct-25,35.03913503,-83.45231599,female,adult,Sorex,Soricomorpha,Soricidae
http://arctosdb.org/home/data/; https://creativecommons.org/licenses/by-nc/3.0,United States,North Carolina,"Nantahala National Forest, Coweeta Hydrological Laboratory, 2.72 km ESE Albert Mountain, along Ball Creek Road",31-Jul-25,35.03909396,-83.45231398,male,adult,Peromyscus,Rodentia,Cricetidae
http://arctosdb.org/home/data/; https://creativecommons.org/licenses/by-nc/3.0,United States,North Carolina,"Nantahala National Forest, Coweeta Hydrological Laboratory, 2.72 km ESE Albert Mountain, along Ball Creek Road",19-Apr-25,35.03879598,-83.45231197,female,adult,Peromyscus,Rodentia,Cricetidae
http://arctosdb.org/home/data/; https://creativecommons.org/licenses/by-nc/3.0,United States,North Carolina,"Nantahala National Forest, Coweeta Hydrological Laboratory, 2.72 km ESE Albert Mountain, along Ball Creek Road",19-Apr-25,35.038827,-83.45229596,male,adult,Peromyscus,Rodentia,Cricetidae
http://arctosdb.org/home/data/; https://creativecommons.org/licenses/by-nc/3.0,United States,North Carolina,"Nantahala National Forest, Coweeta Hydrological Laboratory, 2.72 km ESE Albert Mountain, along Ball Creek Road",24-Apr-25,35.03924198,-83.45229596,female,adult,Blarina,Soricomorpha,Soricidae
http://arctosdb.org/home/data/; https://creativecommons.org/licenses/by-nc/3.0,United States,North Carolina,"Nantahala National Forest, Coweeta Hydrological Laboratory, 2.72 km ESE Albert Mountain, along Ball Creek Road",21-May-25,35.03840002,-83.45229403,unknown,adult,Sorex,Soricomorpha,Soricidae
http://arctosdb.org/home/data/; https://creativecommons.org/licenses/by-nc/3.0,United States,North Carolina,"Nantahala National Forest, Coweeta Hydrological Laboratory, 2.72 km ESE Albert Mountain, along Ball Creek Road",25-May-25,35.03827698,-83.45228498,male,adult,Sorex,Soricomorpha,Soricidae
http://arctosdb.org/home/data/; https://creativecommons.org/licenses/by-nc/3.0,United States,North Carolina,"Nantahala National Forest, Coweeta Hydrological Laboratory, 2.72 km ESE Albert Mountain, along Ball Creek Road",24-Apr-25,35.03839499,-83.45228297,male,adult,Napeozapus,Rodentia,Dipodidae
http://arctosdb.org/home/data/; https://creativecommons.org/licenses/by-nc/3.0,United States,North Carolina,"Nantahala National Forest, Coweeta Hydrological Laboratory, 2.72 km ESE Albert Mountain, along Ball Creek Road",2-Aug-25,35.03902799,-83.45224902,male,adult,Peromyscus,Rodentia,Cricetidae
http://arctosdb.org/home/data/; https://creativecommons.org/licenses/by-nc/3.0,United States,North Carolina,"Nantahala National Forest, Coweeta Hydrological Laboratory, 2.72 km ESE Albert Mountain, along Ball Creek Road",31-Jul-25,35.03907502,-83.45224701,male,adult,Sorex,Soricomorpha,Soricidae
http://arctosdb.org/home/data/; https://creativecommons.org/licenses/by-nc/3.0,United States,North Carolina,"Nantahala National Forest, Coweeta Hydrological Laboratory, 2.72 km ESE Albert Mountain, along Ball Creek Road",13-Oct-25,35.03892104,-83.452245,female,subadult,Peromyscus,Rodentia,Cricetidae
http://arctosdb.org/home/data/; https://creativecommons.org/licenses/by-nc/3.0,United States,North Carolina,"Nantahala National Forest, Coweeta Hydrological Laboratory, 2.72 km ESE Albert Mountain, along Ball Creek Road",11-Oct-25,35.039116,-83.452245,male,adult,Blarina,Soricomorpha,Soricidae
http://arctosdb.org/home/data/; https://creativecommons.org/licenses/by-nc/3.0,United States,North Carolina,"Nantahala National Forest, Coweeta Hydrological Laboratory, 2.72 km ESE Albert Mountain, along Ball Creek Road",23-Apr-25,35.03850899,-83.45224399,female,subadult,Peromyscus,Rodentia,Cricetidae
http://arctosdb.org/home/data/; https://creativecommons.org/licenses/by-nc/3.0,United States,North Carolina,"Nantahala National Forest, Coweeta Hydrological Laboratory, 2.72 km ESE Albert Mountain, along Ball Creek Road",24-Apr-25,35.03850899,-83.45224399,female,juvenile,Peromyscus,Rodentia,Cricetidae
http://arctosdb.org/home/data/; https://creativecommons.org/licenses/by-nc/3.0,United States,North Carolina,"Nantahala National Forest, Coweeta Hydrological Laboratory, 2.72 km ESE Albert Mountain, along Ball Creek Road",22-May-25,35.03850899,-83.45224399,male,adult,Blarina,Soricomorpha,Soricidae
http://arctosdb.org/home/data/; https://creativecommons.org/licenses/by-nc/3.0,United States,North Carolina,"Nantahala National Forest, Coweeta Hydrological Laboratory, 2.72 km ESE Albert Mountain, along Ball Creek Road",22-May-25,35.03850899,-83.45224399,male,adult,Blarina,Soricomorpha,Soricidae
http://arctosdb.org/home/data/; https://creativecommons.org/licenses/by-nc/3.0,United States,North Carolina,"Nantahala National Forest, Coweeta Hydrological Laboratory, 2.72 km ESE Albert Mountain, along Ball Creek Road",24-Apr-25,35.03850899,-83.45224399,male,adult,Napeozapus,Rodentia,Dipodidae
http://arctosdb.org/home/data/; https://creativecommons.org/licenses/by-nc/3.0,United States,North Carolina,"Nantahala National Forest, Coweeta Hydrological Laboratory, 2.72 km ESE Albert Mountain, along Ball Creek Road",1-Aug-25,35.03850899,-83.45224399,male,adult,Peromyscus,Rodentia,Cricetidae
http://arctosdb.org/home/data/; https://creativecommons.org/licenses/by-nc/3.0,United States,North Carolina,"Nantahala National Forest, Coweeta Hydrological Laboratory, 2.72 km ESE Albert Mountain, along Ball Creek Road",10-Oct-25,35.03850899,-83.45224399,female,adult,Peromyscus,Rodentia,Cricetidae
http://arctosdb.org/home/data/; https://creativecommons.org/licenses/by-nc/3.0,United States,North Carolina,"Nantahala National Forest, Coweeta Hydrological Laboratory, 2.72 km ESE Albert Mountain, along Ball Creek Road",10-Oct-25,35.03850899,-83.45224399,male,adult,Napaeozapus,Rodentia,Dipodidae
http://arctosdb.org/home/data/; https://creativecommons.org/licenses/by-nc/3.0,United States,North Carolina,"Nantahala National Forest, Coweeta Hydrological Laboratory, 2.72 km ESE Albert Mountain, along Ball Creek Road",14-Oct-25,35.03850899,-83.45224399,female,adult,Sorex,Soricomorpha,Soricidae
http://arctosdb.org/home/data/; https://creativecommons.org/licenses/by-nc/3.0,United States,North Carolina,"Nantahala National Forest, Coweeta Hydrological Laboratory, 2.72 km ESE Albert Mountain, along Ball Creek Road",10-Oct-25,35.03850899,-83.45224399,female,adult,Peromyscus,Rodentia,Cricetidae
http://arctosdb.org/home/data/; https://creativecommons.org/licenses/by-nc/3.0,United States,North Carolina,"Nantahala National Forest, Coweeta Hydrological Laboratory, 2.72 km ESE Albert Mountain, along Ball Creek Road",10-Oct-25,35.03850899,-83.45224399,male,adult,Peromyscus,Rodentia,Cricetidae
http://arctosdb.org/home/data/; https://creativecommons.org/licenses/by-nc/3.0,United States,North Carolina,"Nantahala National Forest, Coweeta Hydrological Laboratory, 2.72 km ESE Albert Mountain, along Ball Creek Road",2-Aug-25,35.03850899,-83.45224399,female,adult,Napaeozapus,Rodentia,Dipodidae
http://arctosdb.org/home/data/; https://creativecommons.org/licenses/by-nc/3.0,United States,North Carolina,"Nantahala National Forest, Coweeta Hydrological Laboratory, 2.72 km ESE Albert Mountain, along Ball Creek Road",30-Jul-25,35.03864796,-83.45224198,male,adult,Peromyscus,Rodentia,Cricetidae
http://arctosdb.org/home/data/; https://creativecommons.org/licenses/by-nc/3.0,United States,North Carolina,"Nantahala National Forest, Coweeta Hydrological Laboratory, 2.72 km ESE Albert Mountain, along Ball Creek Road",30-Jul-25,35.038655,-83.45224097,male,adult,Peromyscus,Rodentia,Cricetidae
http://arctosdb.org/home/data/; https://creativecommons.org/licenses/by-nc/3.0,United States,North Carolina,"Nantahala National Forest, Coweeta Hydrological Laboratory, 2.72 km ESE Albert Mountain, along Ball Creek Road",23-Apr-25,35.03838896,-83.45223301,female,juvenile,Peromyscus,Rodentia,Cricetidae
http://arctosdb.org/home/data/; https://creativecommons.org/licenses/by-nc/3.0,United States,North Carolina,"Nantahala National Forest, Coweeta Hydrological Laboratory, 2.72 km ESE Albert Mountain, along Ball Creek Road",20-Apr-25,35.03898198,-83.45221298,female,adult,Peromyscus,Rodentia,Cricetidae
http://arctosdb.org/home/data/; https://creativecommons.org/licenses/by-nc/3.0,United States,North Carolina,"Nantahala National Forest, Coweeta Hydrological Laboratory, 2.72 km ESE Albert Mountain, along Ball Creek Road",22-Apr-25,35.03880998,-83.45221097,male,subadult,Peromyscus,Rodentia,Cricetidae
http://arctosdb.org/home/data/; https://creativecommons.org/licenses/by-nc/3.0,United States,North Carolina,"Nantahala National Forest, Coweeta Hydrological Laboratory, 2.72 km ESE Albert Mountain, along Ball Creek Road",1-Aug-25,35.03891098,-83.45219504,male,adult,Peromyscus,Rodentia,Cricetidae
http://arctosdb.org/home/data/; https://creativecommons.org/licenses/by-nc/3.0,United States,North Carolina,"Nantahala National Forest, Coweeta Hydrological Laboratory, 2.72 km ESE Albert Mountain, along Ball Creek Road",24-Apr-25,35.03834504,-83.45219303,male,adult,Sorex,Soricomorpha,Soricidae
http://arctosdb.org/home/data/; https://creativecommons.org/licenses/by-nc/3.0,United States,North Carolina,"Nantahala National Forest, Coweeta Hydrological Laboratory, 2.72 km ESE Albert Mountain, along Ball Creek Road",21-Apr-25,35.03903504,-83.45218599,male,adult,Blarina,Soricomorpha,Soricidae
http://arctosdb.org/home/data/; https://creativecommons.org/licenses/by-nc/3.0,United States,North Carolina,"Nantahala National Forest, Coweeta Hydrological Laboratory, 2.72 km ESE Albert Mountain, along Ball Creek Road",21-Apr-25,35.03903504,-83.45218599,male,adult,Blarina,Soricomorpha,Soricidae
http://arctosdb.org/home/data/; https://creativecommons.org/licenses/by-nc/3.0,United States,North Carolina,"Nantahala National Forest, Coweeta Hydrological Laboratory, 2.72 km ESE Albert Mountain, along Ball Creek Road",23-Apr-25,35.03837798,-83.45218197,male,adult,Sorex,Soricomorpha,Soricidae
http://arctosdb.org/home/data/; https://creativecommons.org/licenses/by-nc/3.0,United States,North Carolina,"Nantahala National Forest, Coweeta Hydrological Laboratory, 2.72 km ESE Albert Mountain, along Ball Creek Road",23-Apr-25,35.03837798,-83.45218197,male,adult,Sorex,Soricomorpha,Soricidae
http://arctosdb.org/home/data/; https://creativecommons.org/licenses/by-nc/3.0,United States,North Carolina,"Nantahala National Forest, Coweeta Hydrological Laboratory, 2.72 km ESE Albert Mountain, along Ball Creek Road",23-Apr-25,35.03837798,-83.45218197,male,adult,Blarina,Soricomorpha,Soricidae
http://arctosdb.org/home/data/; https://creativecommons.org/licenses/by-nc/3.0,United States,North Carolina,"Nantahala National Forest, Coweeta Hydrological Laboratory, 2.72 km ESE Albert Mountain, along Ball Creek Road",19-Apr-25,35.03897502,-83.45216797,male,adult,Peromyscus,Rodentia,Cricetidae
http://arctosdb.org/home/data/; https://creativecommons.org/licenses/by-nc/3.0,United States,North Carolina,"Nantahala National Forest, Coweeta Hydrological Laboratory, 2.72 km ESE Albert Mountain, along Ball Creek Road",24-Apr-25,35.03834202,-83.45215799,male,adult,Sorex,Soricomorpha,Soricidae
http://arctosdb.org/home/data/; https://creativecommons.org/licenses/by-nc/3.0,United States,North Carolina,"Nantahala National Forest, Coweeta Hydrological Laboratory, 2.72 km ESE Albert Mountain, along Ball Creek Road",1-Aug-25,35.03896899,-83.45215498,male,adult,Peromyscus,Rodentia,Cricetidae
http://arctosdb.org/home/data/; https://creativecommons.org/licenses/by-nc/3.0,United States,North Carolina,"Nantahala National Forest, Coweeta Hydrological Laboratory, 2.72 km ESE Albert Mountain, along Ball Creek Road",21-Apr-25,35.039274,-83.45214299,male,adult,Peromyscus,Rodentia,Cricetidae
http://arctosdb.org/home/data/; https://creativecommons.org/licenses/by-nc/3.0,United States,North Carolina,"Nantahala National Forest, Coweeta Hydrological Laboratory, 2.72 km ESE Albert Mountain, along Ball Creek Road",24-Apr-25,35.03915104,-83.45213301,male,juvenile,Peromyscus,Rodentia,Cricetidae
http://arctosdb.org/home/data/; https://creativecommons.org/licenses/by-nc/3.0,United States,North Carolina,"Nantahala National Forest, Coweeta Hydrological Laboratory, 2.72 km ESE Albert Mountain, along Ball Creek Road",24-Apr-25,35.038683,-83.45212899,female,subadult,Peromyscus,Rodentia,Cricetidae
http://arctosdb.org/home/data/; https://creativecommons.org/licenses/by-nc/3.0,United States,North Carolina,"Nantahala National Forest, Coweeta Hydrological Laboratory, 2.72 km ESE Albert Mountain, along Ball Creek Road",21-Apr-25,35.03891802,-83.45212899,male,adult,Sorex,Soricomorpha,Soricidae
http://arctosdb.org/home/data/; https://creativecommons.org/licenses/by-nc/3.0,United States,North Carolina,"Nantahala National Forest, Coweeta Hydrological Laboratory, 2.72 km ESE Albert Mountain, along Ball Creek Road",31-Jul-25,35.03916504,-83.45212304,female,adult,Sorex,Soricomorpha,Soricidae
http://arctosdb.org/home/data/; https://creativecommons.org/licenses/by-nc/3.0,United States,North Carolina,"Nantahala National Forest, Coweeta Hydrological Laboratory, 2.72 km ESE Albert Mountain, along Ball Creek Road",31-Jul-25,35.03924098,-83.452116,male,adult,Peromyscus,Rodentia,Cricetidae
http://arctosdb.org/home/data/; https://creativecommons.org/licenses/by-nc/3.0,United States,North Carolina,"Nantahala National Forest, Coweeta Hydrological Laboratory, 2.72 km ESE Albert Mountain, along Ball Creek Road",24-Apr-25,35.03860999,-83.45209798,male,adult,Blarina,Soricomorpha,Soricidae
http://arctosdb.org/home/data/; https://creativecommons.org/licenses/by-nc/3.0,United States,North Carolina,"Nantahala National Forest, Coweeta Hydrological Laboratory, 2.72 km ESE Albert Mountain, along Ball Creek Road",22-Apr-25,35.03878802,-83.45209597,male,subadult,Peromyscus,Rodentia,Cricetidae
http://arctosdb.org/home/data/; https://creativecommons.org/licenses/by-nc/3.0,United States,North Carolina,"Nantahala National Forest, Coweeta Hydrological Laboratory, 2.72 km ESE Albert Mountain, along Ball Creek Road",14-Oct-25,35.03872801,-83.45209496,male,juvenile,Peromyscus,Rodentia,Cricetidae
http://arctosdb.org/home/data/; https://creativecommons.org/licenses/by-nc/3.0,United States,North Carolina,"Nantahala National Forest, Coweeta Hydrological Laboratory, 2.72 km ESE Albert Mountain, along Ball Creek Road",30-Jul-25,35.03910896,-83.45209496,female,adult,Sorex,Soricomorpha,Soricidae
http://arctosdb.org/home/data/; https://creativecommons.org/licenses/by-nc/3.0,United States,North Carolina,"Nantahala National Forest, Coweeta Hydrological Laboratory, 2.72 km ESE Albert Mountain, along Ball Creek Road",30-Jul-25,35.03910896,-83.45209496,male,adult,Sorex,Soricomorpha,Soricidae
http://arctosdb.org/home/data/; https://creativecommons.org/licenses/by-nc/3.0,United States,North Carolina,"Nantahala National Forest, Coweeta Hydrological Laboratory, 2.72 km ESE Albert Mountain, along Ball Creek Road",10-Oct-25,35.03867797,-83.45209303,female,adult,Blarina,Soricomorpha,Soricidae
http://arctosdb.org/home/data/; https://creativecommons.org/licenses/by-nc/3.0,United States,North Carolina,"Nantahala National Forest, Coweeta Hydrological Laboratory, 2.72 km ESE Albert Mountain, along Ball Creek Road",2-Aug-25,35.03906404,-83.45206596,male,adult,Blarina,Soricomorpha,Soricidae
http://arctosdb.org/home/data/; https://creativecommons.org/licenses/by-nc/3.0,United States,North Carolina,"Nantahala National Forest, Coweeta Hydrological Laboratory, 2.72 km ESE Albert Mountain, along Ball Creek Road",11-Oct-25,35.03878299,-83.45204802,male,adult,Blarina,Soricomorpha,Soricidae
http://arctosdb.org/home/data/; https://creativecommons.org/licenses/by-nc/3.0,United States,North Carolina,"Nantahala National Forest, Coweeta Hydrological Laboratory, 2.72 km ESE Albert Mountain, along Ball Creek Road",10-Oct-25,35.03888399,-83.45204702,female,adult,Peromyscus,Rodentia,Cricetidae
http://arctosdb.org/home/data/; https://creativecommons.org/licenses/by-nc/3.0,United States,North Carolina,"Nantahala National Forest, Coweeta Hydrological Laboratory, 2.72 km ESE Albert Mountain, along Ball Creek Road",31-Jul-25,35.038899,-83.45204098,male,adult,Napaeozapus,Rodentia,Dipodidae
http://arctosdb.org/home/data/; https://creativecommons.org/licenses/by-nc/3.0,United States,North Carolina,"Nantahala National Forest, Coweeta Hydrological Laboratory, 2.72 km 980.764526ESE Albert Mountain, along Ball Creek Road",30-Jul-25,35.03913101,-83.45203796,male,adult,Blarina,Soricomorpha,Soricidae
http://arctosdb.org/home/data/; https://creativecommons.org/licenses/by-nc/3.0,United States,North Carolina,"Nantahala National Forest, Coweeta Hydrological Laboratory, 2.72 km ESE Albert Mountain, along Ball Creek Road",24-Apr-25,35.03823599,-83.45203402,male,juvenile,Peromyscus,Rodentia,Cricetidae
http://arctosdb.org/home/data/; https://creativecommons.org/licenses/by-nc/3.0,United States,North Carolina,"Nantahala National Forest, Coweeta Hydrological Laboratory, 2.72 km ESE Albert Mountain, along Ball Creek Road",24-Apr-25,35.03879397,-83.45203402,female,subadult,Peromyscus,Rodentia,Cricetidae
http://arctosdb.org/home/data/; https://creativecommons.org/licenses/by-nc/3.0,United States,North Carolina,"Nantahala National Forest, Coweeta Hydrological Laboratory, 2.72 km ESE Albert Mountain, along Ball Creek Road",31-Jul-25,35.03907803,-83.45202397,female,adult,Blarina,Soricomorpha,Soricidae
http://arctosdb.org/home/data/; https://creativecommons.org/licenses/by-nc/3.0,United States,North Carolina,"Nantahala National Forest, Coweeta Hydrological Laboratory, 2.72 km ESE Albert Mountain, along Ball Creek Road",10-Oct-25,35.03849901,-83.45202204,male,subadult,Sorex,Soricomorpha,Soricidae
http://arctosdb.org/home/data/; https://creativecommons.org/licenses/by-nc/3.0,United States,North Carolina,"Nantahala National Forest, Coweeta Hydrological Laboratory, 2.72 km ESE Albert Mountain, along Ball Creek Road",10-Oct-25,35.03859499,-83.45202103,female,subadult,Sorex,Soricomorpha,Soricidae
http://arctosdb.org/home/data/; https://creativecommons.org/licenses/by-nc/3.0,United States,North Carolina,"Nantahala National Forest, Coweeta Hydrological Laboratory, 2.72 km ESE Albert Mountain, along Ball Creek Road",26-May-25,35.03922799,-83.45201902,male,adult,Blarina,Soricomorpha,Soricidae
http://arctosdb.org/home/data/; https://creativecommons.org/licenses/by-nc/3.0,United States,North Carolina,"Nantahala National Forest, Coweeta Hydrological Laboratory, 2.72 km ESE Albert Mountain, along Ball Creek Road",13-Oct-25,35.03859197,-83.452016,male,adult,Blarina,Soricomorpha,Soricidae
http://arctosdb.org/home/data/; https://creativecommons.org/licenses/by-nc/3.0,United States,North Carolina,"Nantahala National Forest, Coweeta Hydrological Laboratory, 2.72 km ESE Albert Mountain, along Ball Creek Road",26-May-25,35.03921399,-83.45199496,male,adult,Blarina,Soricomorpha,Soricidae
http://arctosdb.org/home/data/; https://creativecommons.org/licenses/by-nc/3.0,United States,North Carolina,"Nantahala National Forest, Coweeta Hydrological Laboratory, 2.72 km ESE Albert Mountain, along Ball Creek Road",25-May-25,35.03867403,-83.45199304,male,adult,Sorex,Soricomorpha,Soricidae
http://arctosdb.org/home/data/; https://creativecommons.org/licenses/by-nc/3.0,United States,North Carolina,"Nantahala National Forest, Coweeta Hydrological Laboratory, 2.72 km ESE Albert Mountain, along Ball Creek Road",25-May-25,35.03867403,-83.45199304,male,adult,Sorex,Soricomorpha,Soricidae
http://arctosdb.org/home/data/; https://creativecommons.org/licenses/by-nc/3.0,United States,North Carolina,"Nantahala National Forest, Coweeta Hydrological Laboratory, 2.72 km ESE Albert Mountain, along Ball Creek Road",30-Jul-25,35.03868501,-83.45198298,male,adult,Sorex,Soricomorpha,Soricidae
http://arctosdb.org/home/data/; https://creativecommons.org/licenses/by-nc/3.0,United States,North Carolina,"Nantahala National Forest, Coweeta Hydrological Laboratory, 2.72 km ESE Albert Mountain, along Ball Creek Road",31-Jul-25,35.03872499,-83.45197602,male,adult,Napaeozapus,Rodentia,Dipodidae
http://arctosdb.org/home/data/; https://creativecommons.org/licenses/by-nc/3.0,United States,North Carolina,"Nantahala National Forest, Coweeta Hydrological Laboratory, 2.72 km ESE Albert Mountain, along Ball Creek Road",3-Aug-25,35.039115,-83.45196898,male,adult,Blarina,Soricomorpha,Soricidae
http://arctosdb.org/home/data/; https://creativecommons.org/licenses/by-nc/3.0,United States,North Carolina,"Nantahala National Forest, Coweeta Hydrological Laboratory, 2.72 km ESE Albert Mountain, along Ball Creek Road",3-Aug-25,35.039115,-83.45196898,female,adult,Sorex,Soricomorpha,Soricidae
http://arctosdb.org/home/data/; https://creativecommons.org/licenses/by-nc/3.0,United States,North Carolina,"Nantahala National Forest, Coweeta Hydrological Laboratory, 2.72 km ESE Albert Mountain, along Ball Creek Road",30-Jul-25,35.03929999,-83.45196504,female,adult,Peromyscus,Rodentia,Cricetidae
http://arctosdb.org/home/data/; https://creativecommons.org/licenses/by-nc/3.0,United States,North Carolina,"Nantahala National Forest, Coweeta Hydrological Laboratory, 2.72 km ESE Albert Mountain, along Ball Creek Road",19-Apr-25,35.03826197,-83.45196404,female,adult,Sorex,Soricomorpha,Soricidae
http://arctosdb.org/home/data/; https://creativecommons.org/licenses/by-nc/3.0,United States,North Carolina,"Nantahala National Forest, Coweeta Hydrological Laboratory, 2.72 km ESE Albert Mountain, along Ball Creek Road",31-Jul-25,35.03932597,-83.45196404,female,adult,Peromyscus,Rodentia,Cricetidae
http://arctosdb.org/home/data/; https://creativecommons.org/licenses/by-nc/3.0,United States,North Carolina,"Nantahala National Forest, Coweeta Hydrological Laboratory, 2.72 km ESE Albert Mountain, along Ball Creek Road",22-May-25,35.03899296,-83.45194199,male,adult,Blarina,Soricomorpha,Soricidae
http://arctosdb.org/home/data/; https://creativecommons.org/licenses/by-nc/3.0,United States,North Carolina,"Nantahala National Forest, Coweeta Hydrological Laboratory, 2.72 km ESE Albert Mountain, along Ball Creek Road",30-Jul-25,35.03864704,-83.45193897,male,adult,Sorex,Soricomorpha,Soricidae
http://arctosdb.org/home/data/; https://creativecommons.org/licenses/by-nc/3.0,United States,North Carolina,"Nantahala National Forest, Coweeta Hydrological Laboratory, 2.72 km ESE Albert Mountain, along Ball Creek Road",24-Apr-25,35.03877201,-83.45193202,female,juvenile,Peromyscus,Rodentia,Cricetidae
http://arctosdb.org/home/data/; https://creativecommons.org/licenses/by-nc/3.0,United States,North Carolina,"Nantahala National Forest, Coweeta Hydrological Laboratory, 2.72 km ESE Albert Mountain, along Ball Creek Road",11-Oct-25,35.03874603,-83.45192799,male,adult,Sorex,Soricomorpha,Soricidae
http://arctosdb.org/home/data/; https://creativecommons.org/licenses/by-nc/3.0,United States,North Carolina,"Nantahala National Forest, Coweeta Hydrological Laboratory, 2.72 km ESE Albert Mountain, along Ball Creek Road",21-Apr-25,35.03893898,-83.45192799,female,adult,Sorex,Soricomorpha,Soricidae
http://arctosdb.org/home/data/; https://creativecommons.org/licenses/by-nc/3.0,United States,North Carolina,"Nantahala National Forest, Coweeta Hydrological Laboratory, 2.72 km ESE Albert Mountain, along Ball Creek Road",20-Apr-25,35.03864796,-83.45192196,female,adult,Sorex,Soricomorpha,Soricidae
http://arctosdb.org/home/data/; https://creativecommons.org/licenses/by-nc/3.0,United States,North Carolina,"Nantahala National Forest, Coweeta Hydrological Laboratory, 2.72 km ESE Albert Mountain, along Ball Creek Road",24-May-25,35.03903504,-83.45192196,female,adult,Blarina,Soricomorpha,Soricidae
http://arctosdb.org/home/data/; https://creativecommons.org/licenses/by-nc/3.0,United States,North Carolina,"Nantahala National Forest, Coweeta Hydrological Laboratory, 2.72 km ESE Albert Mountain, along Ball Creek Road",24-Apr-25,35.03869498,-83.45192003,male,adult,Napeozapus,Rodentia,Dipodidae
http://arctosdb.org/home/data/; https://creativecommons.org/licenses/by-nc/3.0,United States,North Carolina,"Nantahala National Forest, Coweeta Hydrological Laboratory, 2.72 km ESE Albert Mountain, along Ball Creek Road",31-Jul-25,35.03859599,-83.45191701,male,adult,Napaeozapus,Rodentia,Dipodidae
http://arctosdb.org/home/data/; https://creativecommons.org/licenses/by-nc/3.0,United States,North Carolina,"Nantahala National Forest, Coweeta Hydrological Laboratory, 3.84 km SE Albert Mountain, along FR 421-2",22-May-25,35.03875097,-83.451915,male,adult,Sorex,Soricomorpha,Soricidae
http://arctosdb.org/home/data/; https://creativecommons.org/licenses/by-nc/3.0,United States,North Carolina,"Nantahala National Forest, Coweeta Hydrological Laboratory, 2.72 km ESE Albert Mountain, along Ball Creek Road",24-Apr-25,35.03947701,-83.45190897,male,juvenile,Peromyscus,Rodentia,Cricetidae
http://arctosdb.org/home/data/; https://creativecommons.org/licenses/by-nc/3.0,United States,North Carolina,"Nantahala National Forest, Coweeta Hydrological Laboratory, 2.72 km ESE Albert Mountain, along Ball Creek Road",24-Apr-25,35.03867604,-83.45190201,male,juvenile,Peromyscus,Rodentia,Cricetidae
http://arctosdb.org/home/data/; https://creativecommons.org/licenses/by-nc/3.0,United States,North Carolina,"Nantahala National Forest, Coweeta Hydrological Laboratory, 2.72 km ESE Albert Mountain, along Ball Creek Road",24-Apr-25,35.03842399,-83.45189396,female,juvenile,Peromyscus,Rodentia,Cricetidae
http://arctosdb.org/home/data/; https://creativecommons.org/licenses/by-nc/3.0,United States,North Carolina,"Nantahala National Forest, Coweeta Hydrological Laboratory, 2.72 km ESE Albert Mountain, along Ball Creek Road",20-Apr-25,35.03876497,-83.45187603,male,adult,Sorex,Soricomorpha,Soricidae
http://arctosdb.org/home/data/; https://creativecommons.org/licenses/by-nc/3.0,United States,North Carolina,"Nantahala National Forest, Coweeta Hydrological Laboratory, 2.72 km ESE Albert Mountain, along Ball Creek Road",21-Apr-25,35.03845702,-83.45186496,male,adult,Sorex,Soricomorpha,Soricidae
http://arctosdb.org/home/data/; https://creativecommons.org/licenses/by-nc/3.0,United States,North Carolina,"Nantahala National Forest, Coweeta Hydrological Laboratory, 2.72 km ESE Albert Mountain, along Ball Creek Road",24-Apr-25,35.03827396,-83.45186404,male,juvenile,Peromyscus,Rodentia,Cricetidae
http://arctosdb.org/home/data/; https://creativecommons.org/licenses/by-nc/3.0,United States,North Carolina,"Nantahala National Forest, Coweeta Hydrological Laboratory, 2.72 km ESE Albert Mountain, along Ball Creek Road",26-May-25,35.03876698,-83.45185298,female,adult,Sorex,Soricomorpha,Soricidae
http://arctosdb.org/home/data/; https://creativecommons.org/licenses/by-nc/3.0,United States,North Carolina,"Nantahala National Forest, Coweeta Hydrological Laboratory, 2.72 km ESE Albert Mountain, along Ball Creek Road",29-Jan-26,35.03876799,-83.45183797,unknown,adult,Sorex,Soricomorpha,Soricidae
http://arctosdb.org/home/data/; https://creativecommons.org/licenses/by-nc/3.0,United States,North Carolina,"Nantahala National Forest, Coweeta Hydrological Laboratory, 2.72 km ESE Albert Mountain, along Ball Creek Road",10-Oct-25,35.03880302,-83.45182003,male,subadult,Peromyscus,Rodentia,Cricetidae
http://arctosdb.org/home/data/; https://creativecommons.org/licenses/by-nc/3.0,United States,North Carolina,"Nantahala National Forest, Coweeta Hydrological Laboratory, 2.72 km ESE Albert Mountain, along Ball Creek Road",24-Apr-25,35.03849398,-83.45181601,female,adult,Napeozapus,Rodentia,Dipodidae
http://arctosdb.org/home/data/; https://creativecommons.org/licenses/by-nc/3.0,United States,North Carolina,"Nantahala National Forest, Coweeta Hydrological Laboratory, 3.84 km SE Albert Mountain, along FR 421-2",24-Apr-25,35.03849398,-83.45181601,male,juvenile,Peromyscus,Rodentia,Cricetidae
http://arctosdb.org/home/data/; https://creativecommons.org/licenses/by-nc/3.0,United States,North Carolina,"Nantahala National Forest, Coweeta Hydrological Laboratory, 3.84 km SE Albert Mountain, along FR 421-2",24-Apr-25,35.03849398,-83.45181601,female,juvenile,Peromyscus,Rodentia,Cricetidae
http://arctosdb.org/home/data/; https://creativecommons.org/licenses/by-nc/3.0,United States,North Carolina,"Nantahala National Forest, Coweeta Hydrological Laboratory, 2.72 km ESE Albert Mountain, along Ball Creek Road",30-Jul-25,35.03937098,-83.45176203,female,adult,Peromyscus,Rodentia,Cricetidae
http://arctosdb.org/home/data/; https://creativecommons.org/licenses/by-nc/3.0,United States,North Carolina,"Nantahala National Forest, Coweeta Hydrological Laboratory, 2.72 km ESE Albert Mountain, along Ball Creek Road",2-Aug-25,35.03919496,-83.45164703,male,adult,Peromyscus,Rodentia,Cricetidae
http://arctosdb.org/home/data/; https://creativecommons.org/licenses/by-nc/3.0,United States,North Carolina,"Nantahala National Forest, Coweeta Hydrological Laboratory, 2.72 km ESE Albert Mountain, along Ball Creek Road",30-Jul-25,35.039533,-83.45164502,male,adult,Peromyscus,Rodentia,Cricetidae
http://arctosdb.org/home/data/; https://creativecommons.org/licenses/by-nc/3.0,United States,North Carolina,"Nantahala National Forest, Coweeta Hydrological Laboratory, 2.72 km ESE Albert Mountain, along Ball Creek Road",30-Jul-25,35.03953401,-83.45164502,male,adult,Peromyscus,Rodentia,Cricetidae
http://arctosdb.org/home/data/; https://creativecommons.org/licenses/by-nc/3.0,United States,North Carolina,"Nantahala National Forest, Coweeta Hydrological Laboratory, 3.36 km SE Albert Mountain, along FR 421-2",2-Aug-25,35.03009498,-83.45157696,male,adult,Ochrotomys,Rodentia,Cricetidae
http://arctosdb.org/home/data/; https://creativecommons.org/licenses/by-nc/3.0,United States,North Carolina,"Nantahala National Forest, Coweeta Hydrological Laboratory, 3.36 km SE Albert Mountain, along FR 421-2",2-Aug-25,35.03005902,-83.45154896,male,adult,Peromyscus,Rodentia,Cricetidae
http://arctosdb.org/home/data/; https://creativecommons.org/licenses/by-nc/3.0,United States,North Carolina,"Nantahala National Forest, Coweeta Hydrological Laboratory, 2.72 km ESE Albert Mountain, along Ball Creek Road",31-Jul-25,35.03945799,-83.45154301,female,adult,Peromyscus,Rodentia,Cricetidae
http://arctosdb.org/home/data/; https://creativecommons.org/licenses/by-nc/3.0,United States,North Carolina,"Nantahala National Forest, Coweeta Hydrological Laboratory, 3.36 km SE Albert Mountain, along FR 421-2",2-Aug-25,35.030185,-83.45143598,female,adult,Peromyscus,Rodentia,Cricetidae
http://arctosdb.org/home/data/; https://creativecommons.org/licenses/by-nc/3.0,United States,North Carolina,"Nantahala National Forest, Coweeta Hydrological Laboratory, 2.72 km ESE Albert Mountain, along Ball Creek Road",29-Jan-26,35.03816298,-83.45140597,male,adult,Blarina,Soricomorpha,Soricidae
http://arctosdb.org/home/data/; https://creativecommons.org/licenses/by-nc/3.0,United States,North Carolina,"Nantahala National Forest, Coweeta Hydrological Laboratory, 3.36 km SE Albert Mountain, along FR 421-2",1-Aug-25,35.02949199,-83.45138401,female,adult,Sorex,Soricomorpha,Soricidae
http://arctosdb.org/home/data/; https://creativecommons.org/licenses/by-nc/3.0,United States,North Carolina,"Nantahala National Forest, Coweeta Hydrological Laboratory, 2.57 km ENE Albert Mountain, along FR 751",29-Jan-25,35.05996297,-83.45135501,female,adult,Blarina,Soricomorpha,Soricidae
http://arctosdb.org/home/data/; https://creativecommons.org/licenses/by-nc/3.0,United States,North Carolina,"Nantahala National Forest, Coweeta Hydrological Laboratory, 3.36 km SE Albert Mountain, along FR 421-2",3-Aug-25,35.02983104,-83.45133204,male,adult,Sorex,Soricomorpha,Soricidae
http://arctosdb.org/home/data/; https://creativecommons.org/licenses/by-nc/3.0,United States,North Carolina,"Nantahala National Forest, Coweeta Hydrological Laboratory, 3.36 km SE Albert Mountain, along FR 421-2",2-Aug-25,35.029451,-83.45133003,female,adult,Peromyscus,Rodentia,Cricetidae
http://arctosdb.org/home/data/; https://creativecommons.org/licenses/by-nc/3.0,United States,North Carolina,"Nantahala National Forest, Coweeta Hydrological Laboratory, 3.36 km SE Albert Mountain, along FR 421-2",2-Aug-25,35.02966197,-83.45132198,female,adult,Peromyscus,Rodentia,Cricetidae
http://arctosdb.org/home/data/; https://creativecommons.org/licenses/by-nc/3.0,United States,North Carolina,"Nantahala National Forest, Coweeta Hydrological Laboratory, 2.57 km ENE Albert Mountain, along FR 751",28-Jan-25,35.06002198,-83.45128099,male,adult,Blarina,Soricomorpha,Soricidae
http://arctosdb.org/home/data/; https://creativecommons.org/licenses/by-nc/3.0,United States,North Carolina,"Nantahala National Forest, Coweeta Hydrological Laboratory, 2.72 km ESE Albert Mountain, along Ball Creek Road",30-Jan-26,35.03804304,-83.45126398,female,adult,Blarina,Soricomorpha,Soricidae
http://arctosdb.org/home/data/; https://creativecommons.org/licenses/by-nc/3.0,United States,North Carolina,"Nantahala National Forest, Coweeta Hydrological Laboratory, 3.36 km SE Albert Mountain, along FR 421-2",3-Aug-25,35.02962803,-83.45124403,female,adult,Sorex,Soricomorpha,Soricidae
http://arctosdb.org/home/data/; https://creativecommons.org/licenses/by-nc/3.0,United States,North Carolina,"Nantahala National Forest, Coweeta Hydrological Laboratory, 3.36 km SE Albert Mountain, along FR 421-2",1-Aug-25,35.02935704,-83.451239,unknown,adult,Peromyscus,Rodentia,Cricetidae
http://arctosdb.org/home/data/; https://creativecommons.org/licenses/by-nc/3.0,United States,North Carolina,"Nantahala National Forest, Coweeta Hydrological Laboratory, 3.36 km SE Albert Mountain, along FR 421-2",2-Aug-25,35.02974696,-83.45123003,female,adult,Peromyscus,Rodentia,Cricetidae
http://arctosdb.org/home/data/; https://creativecommons.org/licenses/by-nc/3.0,United States,North Carolina,"Nantahala National Forest, Coweeta Hydrological Laboratory, 2.57 km ENE Albert Mountain, along FR 751",27-Jan-25,35.06000597,-83.45122299,male,adult,Sorex,Soricomorpha,Soricidae
http://arctosdb.org/home/data/; https://creativecommons.org/licenses/by-nc/3.0,United States,North Carolina,"Nantahala National Forest, Coweeta Hydrological Laboratory, 3.36 km SE Albert Mountain, along FR 421-2",31-Jul-25,35.02949299,-83.45122098,female,adult,Sorex,Soricomorpha,Soricidae
http://arctosdb.org/home/data/; https://creativecommons.org/licenses/by-nc/3.0,United States,North Carolina,"Nantahala National Forest, Coweeta Hydrological Laboratory, 3.36 km SE Albert Mountain, along FR 421-2",2-Aug-25,35.02993103,-83.45121704,female,adult,Napaeozapus,Rodentia,Dipodidae
http://arctosdb.org/home/data/; https://creativecommons.org/licenses/by-nc/3.0,United States,North Carolina,"Nantahala National Forest, Coweeta Hydrological Laboratory, 3.36 km SE Albert Mountain, along FR 421-2",3-Aug-25,35.02939099,-83.45121201,female,subadult,Peromyscus,Rodentia,Cricetidae
http://arctosdb.org/home/data/; https://creativecommons.org/licenses/by-nc/3.0,United States,North Carolina,"Nantahala National Forest, Coweeta Hydrological Laboratory, 3.36 km SE Albert Mountain, along FR 421-2",2-Aug-25,35.02993103,-83.45121201,female,adult,Peromyscus,Rodentia,Cricetidae
http://arctosdb.org/home/data/; https://creativecommons.org/licenses/by-nc/3.0,United States,North Carolina,"Nantahala National Forest, Coweeta Hydrological Laboratory, 3.36 km SE Albert Mountain, along FR 421-2",2-Aug-25,35.02966398,-83.45116901,female,adult,Ochrotomys,Rodentia,Cricetidae
http://arctosdb.org/home/data/; https://creativecommons.org/licenses/by-nc/3.0,United States,North Carolina,"Nantahala National Forest, Coweeta Hydrological Laboratory, 3.36 km SE Albert Mountain, along FR 421-2",2-Aug-25,35.02951001,-83.45116097,female,adult,Sorex,Soricomorpha,Soricidae
http://arctosdb.org/home/data/; https://creativecommons.org/licenses/by-nc/3.0,United States,North Carolina,"Nantahala National Forest, Coweeta Hydrological Laboratory, 3.36 km SE Albert Mountain, along FR 421-2",3-Aug-25,35.02950297,-83.45114898,female,adult,Sorex,Soricomorpha,Soricidae
http://arctosdb.org/home/data/; https://creativecommons.org/licenses/by-nc/3.0,United States,North Carolina,"Nantahala National Forest, Coweeta Hydrological Laboratory, 3.36 km SE Albert Mountain, along FR 421-2",4-Aug-25,35.029235,-83.451124,male,adult,Sorex,Soricomorpha,Soricidae
http://arctosdb.org/home/data/; https://creativecommons.org/licenses/by-nc/3.0,United States,North Carolina,"Nantahala National Forest, Coweeta Hydrological Laboratory, 3.36 km SE Albert Mountain, along FR 421-2",3-Aug-25,35.02946399,-83.45111604,female,adult,Sorex,Soricomorpha,Soricidae
http://arctosdb.org/home/data/; https://creativecommons.org/licenses/by-nc/3.0,United States,North Carolina,"Nantahala National Forest, Coweeta Hydrological Laboratory, 3.36 km SE Albert Mountain, along FR 421-2",1-Aug-25,35.02958603,-83.45110397,male,adult,Blarina,Soricomorpha,Soricidae
http://arctosdb.org/home/data/; https://creativecommons.org/licenses/by-nc/3.0,United States,North Carolina,"Nantahala National Forest, Coweeta Hydrological Laboratory, 3.36 km SE Albert Mountain, along FR 421-2",1-Aug-25,35.02958603,-83.45110397,male,adult,Sorex,Soricomorpha,Soricidae
http://arctosdb.org/home/data/; https://creativecommons.org/licenses/by-nc/3.0,United States,North Carolina,"Nantahala National Forest, Coweeta Hydrological Laboratory, 3.36 km SE Albert Mountain, along FR 421-2",3-Aug-25,35.02949802,-83.45109098,female,adult,Sorex,Soricomorpha,Soricidae
http://arctosdb.org/home/data/; https://creativecommons.org/licenses/by-nc/3.0,United States,North Carolina,"Nantahala National Forest, Coweeta Hydrological Laboratory, 3.36 km SE Albert Mountain, along FR 421-2",11-Oct-25,35.02879604,-83.45108,female,adult,Sorex,Soricomorpha,Soricidae
http://arctosdb.org/home/data/; https://creativecommons.org/licenses/by-nc/3.0,United States,North Carolina,"Nantahala National Forest, Coweeta Hydrological Laboratory, 3.36 km SE Albert Mountain, along FR 421-2",3-Aug-25,35.02946097,-83.45102803,male,adult,Napaeozapus,Rodentia,Dipodidae
http://arctosdb.org/home/data/; https://creativecommons.org/licenses/by-nc/3.0,United States,North Carolina,"Nantahala National Forest, Coweeta Hydrological Laboratory, 3.36 km SE Albert Mountain, along FR 421-2",3-Aug-25,35.02946097,-83.45102803,male,adult,Sorex,Soricomorpha,Soricidae
http://arctosdb.org/home/data/; https://creativecommons.org/licenses/by-nc/3.0,United States,North Carolina,"Nantahala National Forest, Coweeta Hydrological Laboratory, 3.36 km SE Albert Mountain, along FR 421-2",3-Aug-25,35.02950498,-83.45101302,female,juvenile,Napaeozapus,Rodentia,Dipodidae
http://arctosdb.org/home/data/; https://creativecommons.org/licenses/by-nc/3.0,United States,North Carolina,"Nantahala National Forest, Coweeta Hydrological Laboratory, 3.36 km SE Albert Mountain, along FR 421-2",11-Oct-25,35.02951202,-83.45101302,unknown,,Sorex,Soricomorpha,Soricidae
http://arctosdb.org/home/data/; https://creativecommons.org/licenses/by-nc/3.0,United States,North Carolina,"Nantahala National Forest, Coweeta Hydrological Laboratory, 3.36 km SE Albert Mountain, along FR 421-2",11-Oct-25,35.02951202,-83.45101302,female,adult,Blarina,Soricomorpha,Soricidae
http://arctosdb.org/home/data/; https://creativecommons.org/licenses/by-nc/3.0,United States,North Carolina,"Nantahala National Forest, Coweeta Hydrological Laboratory, 3.36 km SE Albert Mountain, along FR 421-2",31-Jul-25,35.02948503,-83.45100297,female,adult,Sorex,Soricomorpha,Soricidae
http://arctosdb.org/home/data/; https://creativecommons.org/licenses/by-nc/3.0,United States,North Carolina,"Nantahala National Forest, Coweeta Hydrological Laboratory, 3.36 km SE Albert Mountain, along FR 421-2",31-Jul-25,35.02948503,-83.45100297,male,adult,Peromyscus,Rodentia,Cricetidae
http://arctosdb.org/home/data/; https://creativecommons.org/licenses/by-nc/3.0,United States,North Carolina,"Nantahala National Forest, Coweeta Hydrological Laboratory, 3.36 km SE Albert Mountain, along FR 421-2",31-Jul-25,35.02937104,-83.45094002,female,adult,Sorex,Soricomorpha,Soricidae
http://arctosdb.org/home/data/; https://creativecommons.org/licenses/by-nc/3.0,United States,North Carolina,"Nantahala National Forest, Coweeta Hydrological Laboratory, 3.36 km SE Albert Mountain, along FR 421-2",10-Oct-25,35.02876,-83.45093097,female,adult,Blarina,Soricomorpha,Soricidae
http://arctosdb.org/home/data/; https://creativecommons.org/licenses/by-nc/3.0,United States,North Carolina,"Nantahala National Forest, Coweeta Hydrological Laboratory, 3.36 km SE Albert Mountain, along FR 421-2",31-Jul-25,35.02885798,-83.45091898,male,adult,Sorex,Soricomorpha,Soricidae
http://arctosdb.org/home/data/; https://creativecommons.org/licenses/by-nc/3.0,United States,North Carolina,"Nantahala National Forest, Coweeta Hydrological Laboratory, 2.57 km ENE Albert Mountain, along FR 751",27-Jan-25,35.05902998,-83.45088797,female,adult,Peromyscus,Rodentia,Cricetidae
http://arctosdb.org/home/data/; https://creativecommons.org/licenses/by-nc/3.0,United States,North Carolina,"Nantahala National Forest, Coweeta Hydrological Laboratory, 3.36 km SE Albert Mountain, along FR 421-2",2-Aug-25,35.02955602,-83.45087799,female,adult,Sorex,Soricomorpha,Soricidae
http://arctosdb.org/home/data/; https://creativecommons.org/licenses/by-nc/3.0,United States,North Carolina,"Nantahala National Forest, Coweeta Hydrological Laboratory, 3.36 km SE Albert Mountain, along FR 421-2",1-Aug-25,35.02887902,-83.45087003,male,adult,Sorex,Soricomorpha,Soricidae
http://arctosdb.org/home/data/; https://creativecommons.org/licenses/by-nc/3.0,United States,North Carolina,"Nantahala National Forest, Coweeta Hydrological Laboratory, 3.36 km SE Albert Mountain, along FR 421-2",31-Jul-25,35.028804,-83.450865,male,adult,Sorex,Soricomorpha,Soricidae
http://arctosdb.org/home/data/; https://creativecommons.org/licenses/by-nc/3.0,United States,North Carolina,"Nantahala National Forest, Coweeta Hydrological Laboratory, 3.36 km SE Albert Mountain, along FR 421-2",1-Aug-25,35.029379,-83.45086299,male,adult,Sorex,Soricomorpha,Soricidae
http://arctosdb.org/home/data/; https://creativecommons.org/licenses/by-nc/3.0,United States,North Carolina,"Nantahala National Forest, Coweeta Hydrological Laboratory, 3.36 km SE Albert Mountain, along FR 421-2",1-Aug-25,35.029379,-83.45086299,female,adult,Sorex,Soricomorpha,Soricidae
http://arctosdb.org/home/data/; https://creativecommons.org/licenses/by-nc/3.0,United States,North Carolina,"Nantahala National Forest, Coweeta Hydrological Laboratory, 3.36 km SE Albert Mountain, along FR 421-2",2-Aug-25,35.02894498,-83.45086198,male,adult,Sorex,Soricomorpha,Soricidae
http://arctosdb.org/home/data/; https://creativecommons.org/licenses/by-nc/3.0,United States,North Carolina,"Nantahala National Forest, Coweeta Hydrological Laboratory, 3.36 km SE Albert Mountain, along FR 421-2",3-Aug-25,35.02897499,-83.45085897,male,adult,Blarina,Soricomorpha,Soricidae
http://arctosdb.org/home/data/; https://creativecommons.org/licenses/by-nc/3.0,United States,North Carolina,"Nantahala National Forest, Coweeta Hydrological Laboratory, 3.36 km SE Albert Mountain, along FR 421-2",2-Aug-25,35.02905403,-83.450837,male,adult,Peromyscus,Rodentia,Cricetidae
http://arctosdb.org/home/data/; https://creativecommons.org/licenses/by-nc/3.0,United States,North Carolina,"Nantahala National Forest, Coweeta Hydrological Laboratory, 3.36 km SE Albert Mountain, along FR 421-2",31-Jul-25,35.02907901,-83.45082502,male,adult,Sorex,Soricomorpha,Soricidae
http://arctosdb.org/home/data/; https://creativecommons.org/licenses/by-nc/3.0,United States,North Carolina,"Nantahala National Forest, Coweeta Hydrological Laboratory, 3.36 km SE Albert Mountain, along FR 421-2",31-Jul-25,35.02907599,-83.450822,female,subadult,Napaeozapus,Rodentia,Dipodidae
http://arctosdb.org/home/data/; https://creativecommons.org/licenses/by-nc/3.0,United States,North Carolina,"Nantahala National Forest, Coweeta Hydrological Laboratory, 3.36 km SE Albert Mountain, along FR 421-2",31-Jul-25,35.02907599,-83.45081303,male,adult,Sorex,Soricomorpha,Soricidae
http://arctosdb.org/home/data/; https://creativecommons.org/licenses/by-nc/3.0,United States,North Carolina,"Nantahala National Forest, Coweeta Hydrological Laboratory, 3.36 km SE Albert Mountain, along FR 421-2",3-Aug-25,35.02963599,-83.45075201,female,adult,Sorex,Soricomorpha,Soricidae
http://arctosdb.org/home/data/; https://creativecommons.org/licenses/by-nc/3.0,United States,North Carolina,"Nantahala National Forest, Coweeta Hydrological Laboratory, 3.36 km SE Albert Mountain, along FR 421-2",31-Jul-25,35.02963599,-83.45075201,female,adult,Napaeozapus,Rodentia,Dipodidae
http://arctosdb.org/home/data/; https://creativecommons.org/licenses/by-nc/3.0,United States,North Carolina,"Nantahala National Forest, Coweeta Hydrological Laboratory, 3.36 km SE Albert Mountain, along FR 421-2",3-Aug-25,35.02963599,-83.45075201,male,adult,Sorex,Soricomorpha,Soricidae
http://arctosdb.org/home/data/; https://creativecommons.org/licenses/by-nc/3.0,United States,North Carolina,"Nantahala National Forest, Coweeta Hydrological Laboratory, 3.36 km SE Albert Mountain, along FR 421-2",31-Jul-25,35.02963599,-83.45075201,female,adult,Sorex,Soricomorpha,Soricidae
http://arctosdb.org/home/data/; https://creativecommons.org/licenses/by-nc/3.0,United States,North Carolina,"Nantahala National Forest, Coweeta Hydrological Laboratory, 3.36 km SE Albert Mountain, along FR 421-2",13-Oct-25,35.02963599,-83.45075201,female,adult,Sorex,Soricomorpha,Soricidae
http://arctosdb.org/home/data/; https://creativecommons.org/licenses/by-nc/3.0,United States,North Carolina,"Nantahala National Forest, Coweeta Hydrological Laboratory, 3.36 km SE Albert Mountain, along FR 421-2",11-Oct-25,35.02963599,-83.45075201,female,adult,Blarina,Soricomorpha,Soricidae
http://arctosdb.org/home/data/; https://creativecommons.org/licenses/by-nc/3.0,United States,North Carolina,"Nantahala National Forest, Coweeta Hydrological Laboratory, 3.36 km SE Albert Mountain, along FR 421-2",10-Oct-25,35.02963599,-83.45075201,female,adult,Blarina,Soricomorpha,Soricidae
http://arctosdb.org/home/data/; https://creativecommons.org/licenses/by-nc/3.0,United States,North Carolina,"Nantahala National Forest, Coweeta Hydrological Laboratory, 3.36 km SE Albert Mountain, along FR 421-2",1-Aug-25,35.02874298,-83.45073399,male,adult,Peromyscus,Rodentia,Cricetidae
http://arctosdb.org/home/data/; https://creativecommons.org/licenses/by-nc/3.0,United States,North Carolina,"Nantahala National Forest, Coweeta Hydrological Laboratory, 3.36 km SE Albert Mountain, along FR 421-2",31-Jul-25,35.02910801,-83.450706,male,adult,Sorex,Soricomorpha,Soricidae
http://arctosdb.org/home/data/; https://creativecommons.org/licenses/by-nc/3.0,United States,North Carolina,"Nantahala National Forest, Coweeta Hydrological Laboratory, 3.36 km SE Albert Mountain, along FR 421-2",3-Aug-25,35.02885203,-83.45063098,male,adult,Peromyscus,Rodentia,Cricetidae
http://arctosdb.org/home/data/; https://creativecommons.org/licenses/by-nc/3.0,United States,North Carolina,"Nantahala National Forest, Coweeta Hydrological Laboratory, 3.36 km SE Albert Mountain, along FR 421-2",3-Aug-25,35.02884801,-83.45062704,female,adult,Peromyscus,Rodentia,Cricetidae
http://arctosdb.org/home/data/; https://creativecommons.org/licenses/by-nc/3.0,United States,North Carolina,"Nantahala National Forest, Coweeta Hydrological Laboratory, 3.36 km SE Albert Mountain, along FR 421-2",3-Aug-25,35.02872596,-83.45062603,female,adult,Peromyscus,Rodentia,Cricetidae
http://arctosdb.org/home/data/; https://creativecommons.org/licenses/by-nc/3.0,United States,North Carolina,"Nantahala National Forest, Coweeta Hydrological Laboratory, 2.57 km ENE Albert Mountain, along FR 751",26-Jan-25,35.06014301,-83.45061597,female,adult,Sorex,Soricomorpha,Soricidae
http://arctosdb.org/home/data/; https://creativecommons.org/licenses/by-nc/3.0,United States,North Carolina,"Nantahala National Forest, Coweeta Hydrological Laboratory, 2.57 km ENE Albert Mountain, along FR 751",28-Jan-25,35.06020697,-83.450534,female,adult,Myodes,Rodentia,Cricetidae
http://arctosdb.org/home/data/; https://creativecommons.org/licenses/by-nc/3.0,United States,North Carolina,"Nantahala National Forest, Coweeta Hydrological Laboratory, 2.57 km ENE Albert Mountain, along FR 751",25-Jan-25,35.0604,-83.45027701,unknown,adult,Sorex,Soricomorpha,Soricidae
http://arctosdb.org/home/data/; https://creativecommons.org/licenses/by-nc/3.0,United States,North Carolina,"Nantahala National Forest, Coweeta Hydrological Laboratory, 2.72 km ESE Albert Mountain, along Ball Creek Road",11-Oct-25,35.06009096,-83.45025203,female,adult,Peromyscus,Rodentia,Cricetidae
http://arctosdb.org/home/data/; https://creativecommons.org/licenses/by-nc/3.0,United States,North Carolina,"Nantahala National Forest, Coweeta Hydrological Laboratory, 2.72 km ESE Albert Mountain, along Ball Creek Road",11-Oct-25,35.06009096,-83.45025203,male,adult,Peromyscus,Rodentia,Cricetidae
http://arctosdb.org/home/data/; https://creativecommons.org/licenses/by-nc/3.0,United States,North Carolina,"Nantahala National Forest, Coweeta Hydrological Laboratory, 2.57 km ENE Albert Mountain, along FR 751",24-Apr-25,35.06044904,-83.45024499,female,adult,Sorex,Soricomorpha,Soricidae
http://arctosdb.org/home/data/; https://creativecommons.org/licenses/by-nc/3.0,United States,North Carolina,"Nantahala National Forest, Coweeta Hydrological Laboratory, 2.57 km ENE Albert Mountain, along FR 751",24-May-25,35.05985099,-83.450232,female,adult,Blarina,Soricomorpha,Soricidae
http://arctosdb.org/home/data/; https://creativecommons.org/licenses/by-nc/3.0,United States,North Carolina,"Nantahala National Forest, Coweeta Hydrological Laboratory, 2.57 km ENE Albert Mountain, along FR 751",20-Apr-25,35.05991201,-83.450232,male,adult,Blarina,Soricomorpha,Soricidae
http://arctosdb.org/home/data/; https://creativecommons.org/licenses/by-nc/3.0,United States,North Carolina,"Nantahala National Forest, Coweeta Hydrological Laboratory, 2.57 km ENE Albert Mountain, along FR 751",20-Apr-25,35.05991201,-83.450232,male,adult,Blarina,Soricomorpha,Soricidae
http://arctosdb.org/home/data/; https://creativecommons.org/licenses/by-nc/3.0,United States,North Carolina,"Nantahala National Forest, Coweeta Hydrological Laboratory, 2.57 km ENE Albert Mountain, along FR 751",20-Apr-25,35.05991201,-83.450232,unknown,adult,Sorex,Soricomorpha,Soricidae
http://arctosdb.org/home/data/; https://creativecommons.org/licenses/by-nc/3.0,United States,North Carolina,"Nantahala National Forest, Coweeta Hydrological Laboratory, 2.57 km ENE Albert Mountain, along FR 751",26-May-25,35.06007596,-83.45021297,male,adult,Sorex,Soricomorpha,Soricidae
http://arctosdb.org/home/data/; https://creativecommons.org/licenses/by-nc/3.0,United States,North Carolina,"Nantahala National Forest, Coweeta Hydrological Laboratory, 2.57 km ENE Albert Mountain, along FR 751",24-Apr-25,35.06051299,-83.45019503,male,juvenile,Peromyscus,Rodentia,Cricetidae
http://arctosdb.org/home/data/; https://creativecommons.org/licenses/by-nc/3.0,United States,North Carolina,"Nantahala National Forest, Coweeta Hydrological Laboratory, 2.57 km ENE Albert Mountain, along FR 751",14-Oct-25,35.05996004,-83.45016402,female,adult,Sorex,Soricomorpha,Soricidae
http://arctosdb.org/home/data/; https://creativecommons.org/licenses/by-nc/3.0,United States,North Carolina,"Nantahala National Forest, Coweeta Hydrological Laboratory, 2.57 km ENE Albert Mountain, along FR 751",23-Apr-25,35.06026598,-83.450117,male,subadult,Microtus,Rodentia,Cricetidae
http://arctosdb.org/home/data/; https://creativecommons.org/licenses/by-nc/3.0,United States,North Carolina,"Nantahala National Forest, Coweeta Hydrological Laboratory, 2.57 km ENE Albert Mountain, along FR 751",12-Oct-25,35.06040897,-83.45008196,female,subadult,Sorex,Soricomorpha,Soricidae
http://arctosdb.org/home/data/; https://creativecommons.org/licenses/by-nc/3.0,United States,North Carolina,"GREAT SMOKY MTS. NATL PARK.  35D37'N, 83D27'W.  EL; 35D37'N 83D27'W",2-Jun-94,35.6167,-83.45,female,,Peromyscus,Rodentia,Cricetidae
http://arctosdb.org/home/data/; https://creativecommons.org/licenses/by-nc/3.0,United States,North Carolina,"GREAT SMOKY MT. NATL PK.  35D37'N, 83D27'W.  ELEV.; 35D37'N 83D27'W",2-Jun-94,35.6167,-83.45,male,,Myodes,Rodentia,Cricetidae
http://arctosdb.org/home/data/; https://creativecommons.org/licenses/by-nc/3.0,United States,North Carolina,"GREAT SMOKY MT. NATL PK.  35D37'N, 83D27'W.  ELEV.; 35D37'N 83D27'W",2-Jun-94,35.6167,-83.45,female,,Myodes,Rodentia,Cricetidae
http://arctosdb.org/home/data/; https://creativecommons.org/licenses/by-nc/3.0,United States,North Carolina,"GREAT SMOKY MT. NATL PK.  35D37'N, 83D27'W.  ELEV.; 35D37'N 83D27'W",2-Jun-94,35.6167,-83.45,male,,Myodes,Rodentia,Cricetidae
http://arctosdb.org/home/data/; https://creativecommons.org/licenses/by-nc/3.0,United States,North Carolina,"GREAT SMOKY MT. NATL PK.  35D37'N, 83D27'W.  ELEV.; 35D37'N 83D27'W",2-Jun-94,35.6167,-83.45,female,,Myodes,Rodentia,Cricetidae
http://arctosdb.org/home/data/; https://creativecommons.org/licenses/by-nc/3.0,United States,North Carolina,"GREAT SMOKY MT. NATL PK.  35D37'N, 83D27'W.  ELEV.; 35D37'N 83D27'W",2-Jun-94,35.6167,-83.45,male,,Myodes,Rodentia,Cricetidae
http://arctosdb.org/home/data/; https://creativecommons.org/licenses/by-nc/3.0,United States,North Carolina,"GREAT SMOKY MT. NATL PK.  35D37'N, 83D27'W.  ELEV.; 35D37'N 83D27'W",2-Jun-94,35.6167,-83.45,male,,Myodes,Rodentia,Cricetidae
http://arctosdb.org/home/data/; https://creativecommons.org/licenses/by-nc/3.0,United States,North Carolina,"GREAT SMOKY MT. NATL PK.  35D37'N, 83D27'W.  ELEV.; 35D37'N 83D27'W",2-Jun-94,35.6167,-83.45,female,,Myodes,Rodentia,Cricetidae
http://arctosdb.org/home/data/; https://creativecommons.org/licenses/by-nc/3.0,United States,North Carolina,"Nantahala National Forest, Coweeta Hydrological Laboratory, 2.57 km ENE Albert Mountain, along FR 751",23-Apr-25,35.06004503,-83.44996101,male,subadult,Peromyscus,Rodentia,Cricetidae
http://arctosdb.org/home/data/; https://creativecommons.org/licenses/by-nc/3.0,United States,North Carolina,"Nantahala National Forest, Coweeta Hydrological Laboratory, 2.57 km ENE Albert Mountain, along FR 751",10-Oct-25,35.05985501,-83.44984802,female,adult,Sorex,Soricomorpha,Soricidae
http://arctosdb.org/home/data/; https://creativecommons.org/licenses/by-nc/3.0,United States,North Carolina,"Nantahala National Forest, Coweeta Hydrological Laboratory, 2.57 km ENE Albert Mountain, along FR 751",27-Jan-25,35.06033303,-83.44980896,male,subadult,Peromyscus,Rodentia,Cricetidae
http://arctosdb.org/home/data/; https://creativecommons.org/licenses/by-nc/3.0,United States,North Carolina,"Nantahala National Forest, Coweeta Hydrological Laboratory, 2.57 km ENE Albert Mountain, along FR 751",20-Apr-25,35.05989902,-83.44978197,female,subadult,Microtus,Rodentia,Cricetidae
http://arctosdb.org/home/data/; https://creativecommons.org/licenses/by-nc/3.0,United States,North Carolina,"Nantahala National Forest, Coweeta Hydrological Laboratory, 2.57 km ENE Albert Mountain, along FR 751",22-Apr-25,35.05989902,-83.44978197,female,adult,Sorex,Soricomorpha,Soricidae
http://arctosdb.org/home/data/; https://creativecommons.org/licenses/by-nc/3.0,United States,North Carolina,"Nantahala National Forest, Coweeta Hydrological Laboratory, 2.57 km ENE Albert Mountain, along FR 751",10-Oct-25,35.05989902,-83.44978197,female,adult,Peromyscus,Rodentia,Cricetidae
http://arctosdb.org/home/data/; https://creativecommons.org/licenses/by-nc/3.0,United States,North Carolina,"Nantahala National Forest, Coweeta Hydrological Laboratory, 2.57 km ENE Albert Mountain, along FR 751",26-Jan-25,35.06007403,-83.44976496,unknown,adult,Sorex,Soricomorpha,Soricidae
http://arctosdb.org/home/data/; https://creativecommons.org/licenses/by-nc/3.0,United States,North Carolina,"Nantahala National Forest, Coweeta Hydrological Laboratory, 2.57 km ENE Albert Mountain, along FR 751",22-Apr-25,35.06031099,-83.44973998,female,adult,Blarina,Soricomorpha,Soricidae
http://arctosdb.org/home/data/; https://creativecommons.org/licenses/by-nc/3.0,United States,North Carolina,"Nantahala National Forest, Coweeta Hydrological Laboratory, 2.57 km ENE Albert Mountain, along FR 751",14-Oct-25,35.059924,-83.44973001,female,adult,Blarina,Soricomorpha,Soricidae
http://arctosdb.org/home/data/; https://creativecommons.org/licenses/by-nc/3.0,United States,North Carolina,"Nantahala National Forest, Coweeta Hydrological Laboratory, 2.57 km ENE Albert Mountain, along FR 751",14-Oct-25,35.059924,-83.44973001,unknown,adult,Blarina,Soricomorpha,Soricidae
http://arctosdb.org/home/data/; https://creativecommons.org/licenses/by-nc/3.0,United States,North Carolina,"Nantahala National Forest, Coweeta Hydrological Laboratory, 2.57 km ENE Albert Mountain, along FR 751",14-Oct-25,35.059924,-83.44973001,male,adult,Blarina,Soricomorpha,Soricidae
http://arctosdb.org/home/data/; https://creativecommons.org/licenses/by-nc/3.0,United States,North Carolina,"Nantahala National Forest, Coweeta Hydrological Laboratory, 2.57 km ENE Albert Mountain, along FR 751",27-Jan-25,35.060098,-83.44972196,male,juvenile,Peromyscus,Rodentia,Cricetidae
http://arctosdb.org/home/data/; https://creativecommons.org/licenses/by-nc/3.0,United States,North Carolina,"Nantahala National Forest, Coweeta Hydrological Laboratory, 2.57 km ENE Albert Mountain, along FR 751",10-Oct-25,35.06031501,-83.44967703,male,subadult,Sorex,Soricomorpha,Soricidae
http://arctosdb.org/home/data/; https://creativecommons.org/licenses/by-nc/3.0,United States,North Carolina,"Nantahala National Forest, Coweeta Hydrological Laboratory, 2.57 km ENE Albert Mountain, along FR 751",29-Jan-26,35.05998502,-83.44964996,male,adult,Blarina,Soricomorpha,Soricidae
http://arctosdb.org/home/data/; https://creativecommons.org/licenses/by-nc/3.0,United States,North Carolina,"Nantahala National Forest, Coweeta Hydrological Laboratory, 2.57 km ENE Albert Mountain, along FR 751",1-Feb-26,35.06028299,-83.44963999,male,adult,Microtus,Rodentia,Cricetidae
http://arctosdb.org/home/data/; https://creativecommons.org/licenses/by-nc/3.0,United States,North Carolina,"Nantahala National Forest, Coweeta Hydrological Laboratory, 2.57 km ENE Albert Mountain, along FR 751",23-Apr-25,35.06000597,-83.44963102,female,adult,Blarina,Soricomorpha,Soricidae
http://arctosdb.org/home/data/; https://creativecommons.org/licenses/by-nc/3.0,United States,North Carolina,"Nantahala National Forest, Coweeta Hydrological Laboratory, 2.57 km ENE Albert Mountain, along FR 751",23-Apr-25,35.06000597,-83.44963102,male,adult,Blarina,Soricomorpha,Soricidae
http://arctosdb.org/home/data/; https://creativecommons.org/licenses/by-nc/3.0,United States,North Carolina,"Nantahala National Forest, Coweeta Hydrological Laboratory, 2.57 km ENE Albert Mountain, along FR 751",29-Jan-26,35.05992802,-83.44959296,male,subadult,Sorex,Soricomorpha,Soricidae
http://arctosdb.org/home/data/; https://creativecommons.org/licenses/by-nc/3.0,United States,North Carolina,"Nantahala National Forest, Coweeta Hydrological Laboratory, 2.57 km ENE Albert Mountain, along FR 751",29-Jan-26,35.05992802,-83.44959296,female,adult,Sorex,Soricomorpha,Soricidae
http://arctosdb.org/home/data/; https://creativecommons.org/licenses/by-nc/3.0,United States,North Carolina,"Nantahala National Forest, Coweeta Hydrological Laboratory, 2.57 km ENE Albert Mountain, along FR 751",23-Apr-25,35.06012298,-83.44954502,male,adult,Sorex,Soricomorpha,Soricidae
http://arctosdb.org/home/data/; https://creativecommons.org/licenses/by-nc/3.0,United States,North Carolina,"Nantahala National Forest, Coweeta Hydrological Laboratory, 2.57 km ENE Albert Mountain, along FR 751",20-Apr-25,35.05987203,-83.44951803,male,adult,Blarina,Soricomorpha,Soricidae
http://arctosdb.org/home/data/; https://creativecommons.org/licenses/by-nc/3.0,United States,North Carolina,"Nantahala National Forest, Coweeta Hydrological Laboratory, 3.38 km E Albert Mountain, along Ball Creek Road",29-Jan-26,35.060183,-83.44950898,male,adult,Sorex,Soricomorpha,Soricidae
http://arctosdb.org/home/data/; https://creativecommons.org/licenses/by-nc/3.0,United States,North Carolina,"Nantahala National Forest, Coweeta Hydrological Laboratory, 2.57 km ENE Albert Mountain, along FR 751",14-Oct-25,35.060183,-83.44950898,male,adult,Sorex,Soricomorpha,Soricidae
http://arctosdb.org/home/data/; https://creativecommons.org/licenses/by-nc/3.0,United States,North Carolina,"Nantahala National Forest, Coweeta Hydrological Laboratory, 2.57 km ENE Albert Mountain, along FR 751",30-Jul-25,35.06023404,-83.44949196,female,subadult,Peromyscus,Rodentia,Cricetidae
http://arctosdb.org/home/data/; https://creativecommons.org/licenses/by-nc/3.0,United States,North Carolina,"Nantahala National Forest, Coweeta Hydrological Laboratory, 2.57 km ENE Albert Mountain, along FR 751",22-Apr-25,35.06014603,-83.44946497,female,adult,Sorex,Soricomorpha,Soricidae
http://arctosdb.org/home/data/; https://creativecommons.org/licenses/by-nc/3.0,United States,North Carolina,"Nantahala National Forest, Coweeta Hydrological Laboratory, 3.84 km SE Albert Mountain, along FR 421-2",23-Apr-25,35.02658799,-83.449427,male,subadult,Microtus,Rodentia,Cricetidae
http://arctosdb.org/home/data/; https://creativecommons.org/licenses/by-nc/3.0,United States,North Carolina,"Nantahala National Forest, Coweeta Hydrological Laboratory, 2.57 km ENE Albert Mountain, along FR 751",11-Oct-25,35.05989097,-83.44936003,male,adult,Peromyscus,Rodentia,Cricetidae
http://arctosdb.org/home/data/; https://creativecommons.org/licenses/by-nc/3.0,United States,North Carolina,"Nantahala National Forest, Coweeta Hydrological Laboratory, 3.84 km SE Albert Mountain, along FR 421-2",23-May-25,35.02718101,-83.44935802,male,subadult,Peromyscus,Rodentia,Cricetidae
http://arctosdb.org/home/data/; https://creativecommons.org/licenses/by-nc/3.0,United States,North Carolina,"Nantahala National Forest, Coweeta Hydrological Laboratory, 2.57 km ENE Albert Mountain, along FR 751",29-Jan-25,35.06006104,-83.44933597,unknown,adult,Sorex,Soricomorpha,Soricidae
http://arctosdb.org/home/data/; https://creativecommons.org/licenses/by-nc/3.0,United States,North Carolina,"Nantahala National Forest, Coweeta Hydrological Laboratory, 2.57 km ENE Albert Mountain, along FR 751",11-Oct-25,35.05972803,-83.44933002,female,adult,Peromyscus,Rodentia,Cricetidae
http://arctosdb.org/home/data/; https://creativecommons.org/licenses/by-nc/3.0,United States,North Carolina,"Nantahala National Forest, Coweeta Hydrological Laboratory, 2.57 km ENE Albert Mountain, along FR 751",19-Apr-25,35.05946701,-83.44932298,female,adult,Peromyscus,Rodentia,Cricetidae
http://arctosdb.org/home/data/; https://creativecommons.org/licenses/by-nc/3.0,United States,North Carolina,"Nantahala National Forest, Coweeta Hydrological Laboratory, 2.57 km ENE Albert Mountain, along FR 751",13-Oct-25,35.05961797,-83.44931896,male,adult,Peromyscus,Rodentia,Cricetidae
http://arctosdb.org/home/data/; https://creativecommons.org/licenses/by-nc/3.0,United States,North Carolina,"Nantahala National Forest, Coweeta Hydrological Laboratory, 2.57 km ENE Albert Mountain, along FR 751",28-Jan-25,35.06020504,-83.44931896,male,adult,Peromyscus,Rodentia,Cricetidae
http://arctosdb.org/home/data/; https://creativecommons.org/licenses/by-nc/3.0,United States,North Carolina,"Nantahala National Forest, Coweeta Hydrological Laboratory, 3.84 km SE Albert Mountain, along FR 421-2",23-May-25,35.02720004,-83.44929004,male,adult,Peromyscus,Rodentia,Cricetidae
http://arctosdb.org/home/data/; https://creativecommons.org/licenses/by-nc/3.0,United States,North Carolina,"Nantahala National Forest, Coweeta Hydrological Laboratory, 3.84 km SE Albert Mountain, along FR 421-2",13-Oct-25,35.02687499,-83.44927504,female,adult,Peromyscus,Rodentia,Cricetidae
http://arctosdb.org/home/data/; https://creativecommons.org/licenses/by-nc/3.0,United States,North Carolina,"Nantahala National Forest, Coweeta Hydrological Laboratory, 2.57 km ENE Albert Mountain, along FR 751",24-Apr-25,35.05987404,-83.44927504,male,subadult,Peromyscus,Rodentia,Cricetidae
http://arctosdb.org/home/data/; https://creativecommons.org/licenses/by-nc/3.0,United States,North Carolina,"Nantahala National Forest, Coweeta Hydrological Laboratory, 3.84 km SE Albert Mountain, along FR 421-2",24-May-25,35.02725896,-83.44927101,female,adult,Peromyscus,Rodentia,Cricetidae
http://arctosdb.org/home/data/; https://creativecommons.org/licenses/by-nc/3.0,United States,North Carolina,"Nantahala National Forest, Coweeta Hydrological Laboratory, 2.57 km ENE Albert Mountain, along FR 751",27-Jan-25,35.06020999,-83.44926397,female,adult,Ochrotomys,Rodentia,Cricetidae
http://arctosdb.org/home/data/; https://creativecommons.org/licenses/by-nc/3.0,United States,North Carolina,"Nantahala National Forest, Coweeta Hydrological Laboratory, 2.57 km ENE Albert Mountain, along FR 751",24-May-25,35.02643402,-83.44917504,male,adult,Sorex,Soricomorpha,Soricidae
http://arctosdb.org/home/data/; https://creativecommons.org/licenses/by-nc/3.0,United States,North Carolina,"Nantahala National Forest, Coweeta Hydrological Laboratory, 2.57 km ENE Albert Mountain, along FR 751",27-Jan-25,35.05940298,-83.44916901,female,adult,Peromyscus,Rodentia,Cricetidae
http://arctosdb.org/home/data/; https://creativecommons.org/licenses/by-nc/3.0,United States,North Carolina,"Nantahala National Forest, Coweeta Hydrological Laboratory, 2.57 km ENE Albert Mountain, along FR 751",10-Oct-25,35.05965502,-83.44915903,male,adult,Peromyscus,Rodentia,Cricetidae
http://arctosdb.org/home/data/; https://creativecommons.org/licenses/by-nc/3.0,United States,North Carolina,"Nantahala National Forest, Coweeta Hydrological Laboratory, 2.57 km ENE Albert Mountain, along FR 751",2-Aug-25,35.05961898,-83.44915199,male,adult,Peromyscus,Rodentia,Cricetidae
http://arctosdb.org/home/data/; https://creativecommons.org/licenses/by-nc/3.0,United States,North Carolina,"Nantahala National Forest, Coweeta Hydrological Laboratory, 2.57 km ENE Albert Mountain, along FR 751",10-Oct-25,35.05969601,-83.44914696,male,adult,Peromyscus,Rodentia,Cricetidae
http://arctosdb.org/home/data/; https://creativecommons.org/licenses/by-nc/3.0,United States,North Carolina,"Nantahala National Forest, Coweeta Hydrological Laboratory, 3.84 km SE Albert Mountain, along FR 421-2",24-May-25,35.02715402,-83.44914101,female,adult,Ochrotomys,Rodentia,Cricetidae
http://arctosdb.org/home/data/; https://creativecommons.org/licenses/by-nc/3.0,United States,North Carolina,"Nantahala National Forest, Coweeta Hydrological Laboratory, 2.57 km ENE Albert Mountain, along FR 751",10-Oct-25,35.05973297,-83.44914,female,adult,Peromyscus,Rodentia,Cricetidae
http://arctosdb.org/home/data/; https://creativecommons.org/licenses/by-nc/3.0,United States,North Carolina,"Nantahala National Forest, Coweeta Hydrological Laboratory, 2.57 km ENE Albert Mountain, along FR 751",19-Apr-25,35.05945402,-83.44912601,male,subadult,Peromyscus,Rodentia,Cricetidae
http://arctosdb.org/home/data/; https://creativecommons.org/licenses/by-nc/3.0,United States,North Carolina,"Nantahala National Forest, Coweeta Hydrological Laboratory, 3.84 km SE Albert Mountain, along FR 421-2",23-May-25,35.02472302,-83.44910899,unknown,adult,Sorex,Soricomorpha,Soricidae
http://arctosdb.org/home/data/; https://creativecommons.org/licenses/by-nc/3.0,United States,North Carolina,"Nantahala National Forest, Coweeta Hydrological Laboratory, 3.84 km SE Albert Mountain, along FR 421-2",30-Jul-25,35.02690097,-83.44910799,female,adult,Peromyscus,Rodentia,Cricetidae
http://arctosdb.org/home/data/; https://creativecommons.org/licenses/by-nc/3.0,United States,North Carolina,"Nantahala National Forest, Coweeta Hydrological Laboratory, 2.57 km ENE Albert Mountain, along FR 751",20-Apr-25,35.05953197,-83.44910799,female,adult,Ochrotomys,Rodentia,Cricetidae
http://arctosdb.org/home/data/; https://creativecommons.org/licenses/by-nc/3.0,United States,North Carolina,"Nantahala National Forest, Coweeta Hydrological Laboratory, 3.84 km SE Albert Mountain, along FR 421-2",23-May-25,35.02703902,-83.44910103,female,adult,Peromyscus,Rodentia,Cricetidae
http://arctosdb.org/home/data/; https://creativecommons.org/licenses/by-nc/3.0,United States,North Carolina,"Nantahala National Forest, Coweeta Hydrological Laboratory, 3.84 km SE Albert Mountain, along FR 421-2",30-Jul-25,35.02685697,-83.44908401,female,adult,Peromyscus,Rodentia,Cricetidae
http://arctosdb.org/home/data/; https://creativecommons.org/licenses/by-nc/3.0,United States,North Carolina,"Nantahala National Forest, Coweeta Hydrological Laboratory, 2.57 km ENE Albert Mountain, along FR 751",27-Jan-25,35.05991997,-83.44907898,female,adult,Peromyscus,Rodentia,Cricetidae
http://arctosdb.org/home/data/; https://creativecommons.org/licenses/by-nc/3.0,United States,North Carolina,"Nantahala National Forest, Coweeta Hydrological Laboratory, 2.57 km ENE Albert Mountain, along FR 751",27-Jan-25,35.05991997,-83.44907898,male,adult,Peromyscus,Rodentia,Cricetidae
http://arctosdb.org/home/data/; https://creativecommons.org/licenses/by-nc/3.0,United States,North Carolina,"Nantahala National Forest, Coweeta Hydrological Laboratory, 2.57 km ENE Albert Mountain, along FR 751",31-Jul-25,35.05968201,-83.44907404,male,adult,Peromyscus,Rodentia,Cricetidae
http://arctosdb.org/home/data/; https://creativecommons.org/licenses/by-nc/3.0,United States,North Carolina,"Nantahala National Forest, Coweeta Hydrological Laboratory, 2.57 km ENE Albert Mountain, along FR 751",1-Aug-25,35.05947104,-83.44906901,female,adult,Peromyscus,Rodentia,Cricetidae
http://arctosdb.org/home/data/; https://creativecommons.org/licenses/by-nc/3.0,United States,North Carolina,"Nantahala National Forest, Coweeta Hydrological Laboratory, 3.84 km SE Albert Mountain, along FR 421-2",22-Apr-25,35.02654198,-83.44905702,female,adult,Blarina,Soricomorpha,Soricidae
http://arctosdb.org/home/data/; https://creativecommons.org/licenses/by-nc/3.0,United States,North Carolina,"Nantahala National Forest, Coweeta Hydrological Laboratory, 2.57 km ENE Albert Mountain, along FR 751",1-Aug-25,35.05946802,-83.44905702,male,adult,Peromyscus,Rodentia,Cricetidae
http://arctosdb.org/home/data/; https://creativecommons.org/licenses/by-nc/3.0,United States,North Carolina,"Nantahala National Forest, Coweeta Hydrological Laboratory, 2.57 km ENE Albert Mountain, along FR 751",19-Apr-25,35.05958101,-83.44903699,male,adult,Peromyscus,Rodentia,Cricetidae
http://arctosdb.org/home/data/; https://creativecommons.org/licenses/by-nc/3.0,United States,North Carolina,"Nantahala National Forest, Coweeta Hydrological Laboratory, 3.84 km SE Albert Mountain, along FR 421-2",19-Apr-25,35.02655698,-83.44902903,male,adult,Blarina,Soricomorpha,Soricidae
http://arctosdb.org/home/data/; https://creativecommons.org/licenses/by-nc/3.0,United States,North Carolina,"Nantahala National Forest, Coweeta Hydrological Laboratory, 2.57 km ENE Albert Mountain, along FR 751",2-Aug-25,35.05979701,-83.44902702,female,adult,Peromyscus,Rodentia,Cricetidae
http://arctosdb.org/home/data/; https://creativecommons.org/licenses/by-nc/3.0,United States,North Carolina,"Nantahala National Forest, Coweeta Hydrological Laboratory, 3.84 km SE Albert Mountain, along FR 421-2",24-Apr-25,35.02671598,-83.44901696,male,juvenile,Peromyscus,Rodentia,Cricetidae
http://arctosdb.org/home/data/; https://creativecommons.org/licenses/by-nc/3.0,United States,North Carolina,"Nantahala National Forest, Coweeta Hydrological Laboratory, 2.57 km ENE Albert Mountain, along FR 751",29-Jan-25,35.05971998,-83.44901503,female,adult,Peromyscus,Rodentia,Cricetidae
http://arctosdb.org/home/data/; https://creativecommons.org/licenses/by-nc/3.0,United States,North Carolina,"Nantahala National Forest, Coweeta Hydrological Laboratory, 3.84 km SE Albert Mountain, along FR 421-2",24-Apr-25,35.026574,-83.44900799,male,juvenile,Peromyscus,Rodentia,Cricetidae
http://arctosdb.org/home/data/; https://creativecommons.org/licenses/by-nc/3.0,United States,North Carolina,"Nantahala National Forest, Coweeta Hydrological Laboratory, 3.84 km SE Albert Mountain, along FR 421-2",22-May-25,35.026373,-83.44900698,female,adult,Blarina,Soricomorpha,Soricidae
http://arctosdb.org/home/data/; https://creativecommons.org/licenses/by-nc/3.0,United States,North Carolina,"Nantahala National Forest, Coweeta Hydrological Laboratory, 3.84 km SE Albert Mountain, along FR 421-2",30-Jul-25,35.02666603,-83.44900698,male,adult,Peromyscus,Rodentia,Cricetidae
http://arctosdb.org/home/data/; https://creativecommons.org/licenses/by-nc/3.0,United States,North Carolina,"Nantahala National Forest, Coweeta Hydrological Laboratory, 3.84 km SE Albert Mountain, along FR 421-2",24-Apr-25,35.02644399,-83.44899299,female,adult,Peromyscus,Rodentia,Cricetidae
http://arctosdb.org/home/data/; https://creativecommons.org/licenses/by-nc/3.0,United States,North Carolina,"Nantahala National Forest, Coweeta Hydrological Laboratory, 3.84 km SE Albert Mountain, along FR 421-2",19-Apr-25,35.026402,-83.44898896,male,adult,Sorex,Soricomorpha,Soricidae
http://arctosdb.org/home/data/; https://creativecommons.org/licenses/by-nc/3.0,United States,North Carolina,"Nantahala National Forest, Coweeta Hydrological Laboratory, 3.84 km SE Albert Mountain, along FR 421-2",1-Aug-25,35.02657601,-83.44898301,female,adult,Sorex,Soricomorpha,Soricidae
http://arctosdb.org/home/data/; https://creativecommons.org/licenses/by-nc/3.0,United States,North Carolina,"Nantahala National Forest, Coweeta Hydrological Laboratory, 3.84 km SE Albert Mountain, along FR 421-2",26-May-25,35.02663602,-83.44898201,female,adult,Microtus,Rodentia,Cricetidae
http://arctosdb.org/home/data/; https://creativecommons.org/licenses/by-nc/3.0,United States,North Carolina,"Nantahala National Forest, Coweeta Hydrological Laboratory, 2.57 km ENE Albert Mountain, along FR 751",2-Aug-25,35.05961797,-83.44896097,female,adult,Napaeozapus,Rodentia,Dipodidae
http://arctosdb.org/home/data/; https://creativecommons.org/licenses/by-nc/3.0,United States,North Carolina,"Nantahala National Forest, Coweeta Hydrological Laboratory, 3.84 km SE Albert Mountain, along FR 421-2",31-Jul-25,35.02669302,-83.44893901,unknown,adult,Sorex,Soricomorpha,Soricidae
http://arctosdb.org/home/data/; https://creativecommons.org/licenses/by-nc/3.0,United States,North Carolina,"Nantahala National Forest, Coweeta Hydrological Laboratory, 3.84 km SE Albert Mountain, along FR 421-2",26-May-25,35.02633402,-83.44893197,male,adult,Sorex,Soricomorpha,Soricidae
http://arctosdb.org/home/data/; https://creativecommons.org/licenses/by-nc/3.0,United States,North Carolina,"Nantahala National Forest, Coweeta Hydrological Laboratory, 3.84 km SE Albert Mountain, along FR 421-2",25-May-25,35.02636302,-83.44893197,male,adult,Blarina,Soricomorpha,Soricidae
http://arctosdb.org/home/data/; https://creativecommons.org/licenses/by-nc/3.0,United States,North Carolina,"Nantahala National Forest, Coweeta Hydrological Laboratory, 3.84 km SE Albert Mountain, along FR 421-2",26-May-25,35.02633603,-83.44893096,male,adult,Blarina,Soricomorpha,Soricidae
http://arctosdb.org/home/data/; https://creativecommons.org/licenses/by-nc/3.0,United States,North Carolina,"Nantahala National Forest, Coweeta Hydrological Laboratory, 3.84 km SE Albert Mountain, along FR 421-2",21-Apr-25,35.02634601,-83.44893004,female,adult,Sorex,Soricomorpha,Soricidae
http://arctosdb.org/home/data/; https://creativecommons.org/licenses/by-nc/3.0,United States,North Carolina,"Nantahala National Forest, Coweeta Hydrological Laboratory, 3.84 km SE Albert Mountain, along FR 421-2",23-May-25,35.02626001,-83.44892501,male,adult,Sorex,Soricomorpha,Soricidae
http://arctosdb.org/home/data/; https://creativecommons.org/licenses/by-nc/3.0,United States,North Carolina,"Nantahala National Forest, Coweeta Hydrological Laboratory, 3.36 km SE Albert Mountain, along FR 421-2",1-Aug-25,35.02623503,-83.44891998,female,adult,Sorex,Soricomorpha,Soricidae
http://arctosdb.org/home/data/; https://creativecommons.org/licenses/by-nc/3.0,United States,North Carolina,"Nantahala National Forest, Coweeta Hydrological Laboratory, 3.84 km SE Albert Mountain, along FR 421-2",31-Jul-25,35.02650803,-83.44891503,female,subadult,Napaeozapus,Rodentia,Dipodidae
http://arctosdb.org/home/data/; https://creativecommons.org/licenses/by-nc/3.0,United States,North Carolina,"Nantahala National Forest, Coweeta Hydrological Laboratory, 3.84 km SE Albert Mountain, along FR 421-2",31-Jul-25,35.026229,-83.44890598,female,adult,Sorex,Soricomorpha,Soricidae
http://arctosdb.org/home/data/; https://creativecommons.org/licenses/by-nc/3.0,United States,North Carolina,"Nantahala National Forest, Coweeta Hydrological Laboratory, 3.84 km SE Albert Mountain, along FR 421-2",31-Jul-25,35.026229,-83.44890598,male,adult,Sorex,Soricomorpha,Soricidae
http://arctosdb.org/home/data/; https://creativecommons.org/licenses/by-nc/3.0,United States,North Carolina,"Nantahala National Forest, Coweeta Hydrological Laboratory, 2.72 km ESE Albert Mountain, along Ball Creek Road",23-Apr-25,35.026474,-83.44890598,female,juvenile,Peromyscus,Rodentia,Cricetidae
http://arctosdb.org/home/data/; https://creativecommons.org/licenses/by-nc/3.0,United States,North Carolina,"Nantahala National Forest, Coweeta Hydrological Laboratory, 3.84 km SE Albert Mountain, along FR 421-2",22-May-25,35.02624501,-83.44890104,female,adult,Blarina,Soricomorpha,Soricidae
http://arctosdb.org/home/data/; https://creativecommons.org/licenses/by-nc/3.0,United States,North Carolina,"Nantahala National Forest, Coweeta Hydrological Laboratory, 2.57 km ENE Albert Mountain, along FR 751",13-Oct-25,35.05980204,-83.44889802,female,adult,Peromyscus,Rodentia,Cricetidae
http://arctosdb.org/home/data/; https://creativecommons.org/licenses/by-nc/3.0,United States,North Carolina,"Nantahala National Forest, Coweeta Hydrological Laboratory, 3.84 km SE Albert Mountain, along FR 421-2",31-Jul-25,35.02680198,-83.44889701,male,adult,Peromyscus,Rodentia,Cricetidae
http://arctosdb.org/home/data/; https://creativecommons.org/licenses/by-nc/3.0,United States,North Carolina,"Nantahala National Forest, Coweeta Hydrological Laboratory, 3.84 km SE Albert Mountain, along FR 421-2",25-May-25,35.02682604,-83.44889098,male,adult,Peromyscus,Rodentia,Cricetidae
http://arctosdb.org/home/data/; https://creativecommons.org/licenses/by-nc/3.0,United States,North Carolina,"Nantahala National Forest, Coweeta Hydrological Laboratory, 4.51 km ENE Albert Mountain, along Ball Creek Road",29-Jan-25,35.05965896,-83.44888402,male,adult,Peromyscus,Rodentia,Cricetidae
http://arctosdb.org/home/data/; https://creativecommons.org/licenses/by-nc/3.0,United States,North Carolina,"Nantahala National Forest, Coweeta Hydrological Laboratory, 3.84 km SE Albert Mountain, along FR 421-2",26-May-25,35.02650401,-83.44887304,male,subadult,Peromyscus,Rodentia,Cricetidae
http://arctosdb.org/home/data/; https://creativecommons.org/licenses/by-nc/3.0,United States,North Carolina,"Nantahala National Forest, Coweeta Hydrological Laboratory, 3.84 km SE Albert Mountain, along FR 421-2",1-Aug-25,35.02678002,-83.44887103,male,adult,Peromyscus,Rodentia,Cricetidae
http://arctosdb.org/home/data/; https://creativecommons.org/licenses/by-nc/3.0,United States,North Carolina,"Nantahala National Forest, Coweeta Hydrological Laboratory, 3.84 km SE Albert Mountain, along FR 421-2",23-May-25,35.02671699,-83.44886499,male,adult,Peromyscus,Rodentia,Cricetidae
http://arctosdb.org/home/data/; https://creativecommons.org/licenses/by-nc/3.0,United States,North Carolina,"Nantahala National Forest, Coweeta Hydrological Laboratory, 3.84 km SE Albert Mountain, along FR 421-2",1-Aug-25,35.02634098,-83.44885301,female,adult,Microtus,Rodentia,Cricetidae
http://arctosdb.org/home/data/; https://creativecommons.org/licenses/by-nc/3.0,United States,North Carolina,"Nantahala National Forest, Coweeta Hydrological Laboratory, 3.84 km SE Albert Mountain, along FR 421-2",26-May-25,35.02620704,-83.44884697,female,adult,Sorex,Soricomorpha,Soricidae
http://arctosdb.org/home/data/; https://creativecommons.org/licenses/by-nc/3.0,United States,North Carolina,"Nantahala National Forest, Coweeta Hydrological Laboratory, 3.84 km SE Albert Mountain, along FR 421-2",31-Jul-25,35.02629798,-83.44884597,female,adult,Peromyscus,Rodentia,Cricetidae
http://arctosdb.org/home/data/; https://creativecommons.org/licenses/by-nc/3.0,United States,North Carolina,"Nantahala National Forest, Coweeta Hydrological Laboratory, 3.84 km SE Albert Mountain, along FR 421-2",30-Jul-25,35.02625397,-83.44884203,male,adult,Blarina,Soricomorpha,Soricidae
http://arctosdb.org/home/data/; https://creativecommons.org/licenses/by-nc/3.0,United States,North Carolina,"Nantahala National Forest, Coweeta Hydrological Laboratory, 2.57 km ENE Albert Mountain, along FR 751",19-Apr-25,35.059594,-83.448837,female,adult,Peromyscus,Rodentia,Cricetidae
http://arctosdb.org/home/data/; https://creativecommons.org/licenses/by-nc/3.0,United States,North Carolina,"Nantahala National Forest, Coweeta Hydrological Laboratory, 3.84 km SE Albert Mountain, along FR 421-2",26-May-25,35.02621802,-83.44883298,male,adult,Sorex,Soricomorpha,Soricidae
http://arctosdb.org/home/data/; https://creativecommons.org/licenses/by-nc/3.0,United States,North Carolina,"Nantahala National Forest, Coweeta Hydrological Laboratory, 2.57 km ENE Albert Mountain, along FR 751",1-Aug-25,35.059637,-83.44882904,female,adult,Peromyscus,Rodentia,Cricetidae
http://arctosdb.org/home/data/; https://creativecommons.org/licenses/by-nc/3.0,United States,North Carolina,"Nantahala National Forest, Coweeta Hydrological Laboratory, 3.84 km SE Albert Mountain, along FR 421-2",24-Apr-25,35.02727003,-83.44882401,female,adult,Peromyscus,Rodentia,Cricetidae
http://arctosdb.org/home/data/; https://creativecommons.org/licenses/by-nc/3.0,United States,North Carolina,"Nantahala National Forest, Coweeta Hydrological Laboratory, 3.84 km SE Albert Mountain, along FR 421-2",31-Jul-25,35.02641398,-83.44881202,female,adult,Peromyscus,Rodentia,Cricetidae
http://arctosdb.org/home/data/; https://creativecommons.org/licenses/by-nc/3.0,United States,North Carolina,"Nantahala National Forest, Coweeta Hydrological Laboratory, 3.84 km SE Albert Mountain, along FR 421-2",25-May-25,35.02627602,-83.448808,male,adult,Myodes,Rodentia,Cricetidae
http://arctosdb.org/home/data/; https://creativecommons.org/licenses/by-nc/3.0,United States,North Carolina,"Nantahala National Forest, Coweeta Hydrological Laboratory, 2.72 km ESE Albert Mountain, along Ball Creek Road",23-Apr-25,35.02639001,-83.448808,female,juvenile,Peromyscus,Rodentia,Cricetidae
http://arctosdb.org/home/data/; https://creativecommons.org/licenses/by-nc/3.0,United States,North Carolina,"Nantahala National Forest, Coweeta Hydrological Laboratory, 2.72 km ESE Albert Mountain, along Ball Creek Road",23-Apr-25,35.02653703,-83.44880003,male,adult,Sorex,Soricomorpha,Soricidae
http://arctosdb.org/home/data/; https://creativecommons.org/licenses/by-nc/3.0,United States,North Carolina,"Nantahala National Forest, Coweeta Hydrological Laboratory, 3.84 km SE Albert Mountain, along FR 421-2",23-May-25,35.02662797,-83.448765,male,adult,Peromyscus,Rodentia,Cricetidae
http://arctosdb.org/home/data/; https://creativecommons.org/licenses/by-nc/3.0,United States,North Carolina,"Nantahala National Forest, Coweeta Hydrological Laboratory, 2.57 km ENE Albert Mountain, along FR 751",1-Aug-25,35.05964798,-83.44875301,male,adult,Peromyscus,Rodentia,Cricetidae
http://arctosdb.org/home/data/; https://creativecommons.org/licenses/by-nc/3.0,United States,North Carolina,"Nantahala National Forest, Coweeta Hydrological Laboratory, 3.84 km SE Albert Mountain, along FR 421-2",19-Apr-25,35.02627803,-83.44874698,female,adult,Blarina,Soricomorpha,Soricidae
http://arctosdb.org/home/data/; https://creativecommons.org/licenses/by-nc/3.0,United States,North Carolina,"Nantahala National Forest, Coweeta Hydrological Laboratory, 3.84 km SE Albert Mountain, along FR 421-2",11-Oct-25,35.02627803,-83.44874698,male,adult,Peromyscus,Rodentia,Cricetidae
http://arctosdb.org/home/data/; https://creativecommons.org/licenses/by-nc/3.0,United States,North Carolina,"Nantahala National Forest, Coweeta Hydrological Laboratory, 3.84 km SE Albert Mountain, along FR 421-2",11-Oct-25,35.02627803,-83.44874698,female,adult,Peromyscus,Rodentia,Cricetidae
http://arctosdb.org/home/data/; https://creativecommons.org/licenses/by-nc/3.0,United States,North Carolina,"Nantahala National Forest, Coweeta Hydrological Laboratory, 3.84 km SE Albert Mountain, along FR 421-2",12-Oct-25,35.02627803,-83.44874698,male,adult,Blarina,Soricomorpha,Soricidae
http://arctosdb.org/home/data/; https://creativecommons.org/licenses/by-nc/3.0,United States,North Carolina,"Nantahala National Forest, Coweeta Hydrological Laboratory, 3.84 km SE Albert Mountain, along FR 421-2",12-Oct-25,35.02627803,-83.44874698,female,adult,Peromyscus,Rodentia,Cricetidae
http://arctosdb.org/home/data/; https://creativecommons.org/licenses/by-nc/3.0,United States,North Carolina,"Nantahala National Forest, Coweeta Hydrological Laboratory, 2.72 km ESE Albert Mountain, along Ball Creek Road",23-Apr-25,35.02627099,-83.448736,male,subadult,Peromyscus,Rodentia,Cricetidae
http://arctosdb.org/home/data/; https://creativecommons.org/licenses/by-nc/3.0,United States,North Carolina,"Nantahala National Forest, Coweeta Hydrological Laboratory, 2.57 km ENE Albert Mountain, along FR 751",26-Jan-25,35.05998996,-83.44873298,female,adult,Ochrotomys,Rodentia,Cricetidae
http://arctosdb.org/home/data/; https://creativecommons.org/licenses/by-nc/3.0,United States,North Carolina,"Nantahala National Forest, Coweeta Hydrological Laboratory, 3.84 km SE Albert Mountain, along FR 421-2",24-Apr-25,35.02624299,-83.448707,male,adult,Blarina,Soricomorpha,Soricidae
http://arctosdb.org/home/data/; https://creativecommons.org/licenses/by-nc/3.0,United States,North Carolina,"Nantahala National Forest, Coweeta Hydrological Laboratory, 3.84 km SE Albert Mountain, along FR 421-2",24-Apr-25,35.02597502,-83.44870004,female,juvenile,Peromyscus,Rodentia,Cricetidae
http://arctosdb.org/home/data/; https://creativecommons.org/licenses/by-nc/3.0,United States,North Carolina,"Nantahala National Forest, Coweeta Hydrological Laboratory, 2.72 km ESE Albert Mountain, along Ball Creek Road",11-Oct-25,35.02636797,-83.44863801,female,adult,Peromyscus,Rodentia,Cricetidae
http://arctosdb.org/home/data/; https://creativecommons.org/licenses/by-nc/3.0,United States,North Carolina,"Nantahala National Forest, Coweeta Hydrological Laboratory, 2.72 km ESE Albert Mountain, along Ball Creek Road",13-Oct-25,35.061148,-83.44863801,female,adult,Peromyscus,Rodentia,Cricetidae
http://arctosdb.org/home/data/; https://creativecommons.org/licenses/by-nc/3.0,United States,North Carolina,"Nantahala National Forest, Coweeta Hydrological Laboratory, 3.84 km SE Albert Mountain, along FR 421-2",30-Jul-25,35.026748,-83.448621,male,subadult,Peromyscus,Rodentia,Cricetidae
http://arctosdb.org/home/data/; https://creativecommons.org/licenses/by-nc/3.0,United States,North Carolina,"Nantahala National Forest, Coweeta Hydrological Laboratory, 3.84 km SE Albert Mountain, along FR 421-2",24-Apr-25,35.02636403,-83.44861899,male,subadult,Peromyscus,Rodentia,Cricetidae
http://arctosdb.org/home/data/; https://creativecommons.org/licenses/by-nc/3.0,United States,North Carolina,"Nantahala National Forest, Coweeta Hydrological Laboratory, 2.57 km ENE Albert Mountain, along FR 751",1-Aug-25,35.05959802,-83.44861496,female,adult,Peromyscus,Rodentia,Cricetidae
http://arctosdb.org/home/data/; https://creativecommons.org/licenses/by-nc/3.0,United States,North Carolina,"Nantahala National Forest, Coweeta Hydrological Laboratory, 2.57 km ENE Albert Mountain, along FR 751",23-Apr-25,35.05988996,-83.44861002,male,subadult,Microtus,Rodentia,Cricetidae
http://arctosdb.org/home/data/; https://creativecommons.org/licenses/by-nc/3.0,United States,North Carolina,"Nantahala National Forest, Coweeta Hydrological Laboratory, 2.57 km ENE Albert Mountain, along FR 751",29-Jan-25,35.05993598,-83.44858697,female,adult,Peromyscus,Rodentia,Cricetidae
http://arctosdb.org/home/data/; https://creativecommons.org/licenses/by-nc/3.0,United States,North Carolina,"Nantahala National Forest, Coweeta Hydrological Laboratory, 2.72 km ESE Albert Mountain, along Ball Creek Road",24-Apr-25,35.02559901,-83.44858303,male,adult,Peromyscus,Rodentia,Cricetidae
http://arctosdb.org/home/data/; https://creativecommons.org/licenses/by-nc/3.0,United States,North Carolina,"Nantahala National Forest, Coweeta Hydrological Laboratory, 3.84 km SE Albert Mountain, along FR 421-2",23-May-25,35.02668799,-83.44858102,male,subadult,Peromyscus,Rodentia,Cricetidae
http://arctosdb.org/home/data/; https://creativecommons.org/licenses/by-nc/3.0,United States,North Carolina,"Nantahala National Forest, Coweeta Hydrological Laboratory, 3.84 km SE Albert Mountain, along FR 421-2",1-Aug-25,35.02667198,-83.44855302,male,adult,Peromyscus,Rodentia,Cricetidae
http://arctosdb.org/home/data/; https://creativecommons.org/licenses/by-nc/3.0,United States,North Carolina,"Nantahala National Forest, Coweeta Hydrological Laboratory, 2.57 km ENE Albert Mountain, along FR 751",2-Aug-25,35.05967304,-83.44855101,male,adult,Peromyscus,Rodentia,Cricetidae
http://arctosdb.org/home/data/; https://creativecommons.org/licenses/by-nc/3.0,United States,North Carolina,"Nantahala National Forest, Coweeta Hydrological Laboratory, 2.57 km ENE Albert Mountain, along FR 751",29-Jan-25,35.06013497,-83.44854598,male,adult,Peromyscus,Rodentia,Cricetidae
http://arctosdb.org/home/data/; https://creativecommons.org/licenses/by-nc/3.0,United States,North Carolina,"Nantahala National Forest, Coweeta Hydrological Laboratory, 3.84 km SE Albert Mountain, along FR 421-2",24-Apr-25,35.02544403,-83.44851103,male,subadult,Peromyscus,Rodentia,Cricetidae
http://arctosdb.org/home/data/; https://creativecommons.org/licenses/by-nc/3.0,United States,North Carolina,"Nantahala National Forest, Coweeta Hydrological Laboratory, 3.84 km SE Albert Mountain, along FR 421-2",11-Oct-25,35.02624199,-83.44838304,male,adult,Peromyscus,Rodentia,Cricetidae
http://arctosdb.org/home/data/; https://creativecommons.org/licenses/by-nc/3.0,United States,North Carolina,"Nantahala National Forest, Coweeta Hydrological Laboratory, 3.84 km SE Albert Mountain, along FR 421-2",25-May-25,35.02655203,-83.44834699,male,subadult,Microtus,Rodentia,Cricetidae
http://arctosdb.org/home/data/; https://creativecommons.org/licenses/by-nc/3.0,United States,North Carolina,"Nantahala National Forest, Coweeta Hydrological Laboratory, 3.84 km SE Albert Mountain, along FR 421-2",24-Apr-25,35.02633704,-83.44833098,female,subadult,Peromyscus,Rodentia,Cricetidae
http://arctosdb.org/home/data/; https://creativecommons.org/licenses/by-nc/3.0,United States,North Carolina,"Nantahala National Forest, Coweeta Hydrological Laboratory, 2.57 km ENE Albert Mountain, along FR 751",28-Jan-25,35.05980003,-83.44830198,female,adult,Peromyscus,Rodentia,Cricetidae
http://arctosdb.org/home/data/; https://creativecommons.org/licenses/by-nc/3.0,United States,North Carolina,"Nantahala National Forest, Coweeta Hydrological Laboratory, 2.57 km ENE Albert Mountain, along FR 751",25-Jan-25,35.05997797,-83.44824096,male,adult,Sorex,Soricomorpha,Soricidae
http://arctosdb.org/home/data/; https://creativecommons.org/licenses/by-nc/3.0,United States,North Carolina,"Nantahala National Forest, Coweeta Hydrological Laboratory, 2.57 km ENE Albert Mountain, along FR 751",28-Jan-25,35.06274099,-83.44706699,male,adult,Blarina,Soricomorpha,Soricidae
http://arctosdb.org/home/data/; https://creativecommons.org/licenses/by-nc/3.0,United States,North Carolina,"Nantahala National Forest, Coweeta Hydrological Laboratory, 2.57 km ENE Albert Mountain, along FR 751",30-Jan-26,35.06393499,-83.43919303,unknown,subadult,Sorex,Soricomorpha,Soricidae
http://arctosdb.org/home/data/; https://creativecommons.org/licenses/by-nc/3.0,United States,North Carolina,"Nantahala National Forest, Coweeta Hydrological Laboratory, 2.57 km ENE Albert Mountain, along FR 751",1-Aug-25,35.04997803,-83.43843799,female,adult,Sorex,Soricomorpha,Soricidae
http://arctosdb.org/home/data/; https://creativecommons.org/licenses/by-nc/3.0,United States,North Carolina,"Nantahala National Forest, Coweeta Hydrological Laboratory, 4.18 km ENE Albert Mountain, along FR 751",27-Jan-25,35.06319797,-83.438052,male,adult,Peromyscus,Rodentia,Cricetidae
http://arctosdb.org/home/data/; https://creativecommons.org/licenses/by-nc/3.0,United States,North Carolina,"Nantahala National Forest, Coweeta Hydrological Laboratory, 3.38 km E Albert Mountain, along Ball Creek Road",27-Jan-25,35.05218901,-83.43679799,female,adult,Sorex,Soricomorpha,Soricidae
http://arctosdb.org/home/data/; https://creativecommons.org/licenses/by-nc/3.0,United States,North Carolina,"Nantahala National Forest, Coweeta Hydrological Laboratory, 3.38 km E Albert Mountain, along Ball Creek Road",27-Jan-25,35.05225598,-83.43679799,male,adult,Blarina,Soricomorpha,Soricidae
http://arctosdb.org/home/data/; https://creativecommons.org/licenses/by-nc/3.0,United States,North Carolina,"Nantahala National Forest, Coweeta Hydrological Laboratory, 3.38 km E Albert Mountain, along Ball Creek Road",27-Jan-25,35.05215397,-83.43673504,female,adult,Sorex,Soricomorpha,Soricidae
http://arctosdb.org/home/data/; https://creativecommons.org/licenses/by-nc/3.0,United States,North Carolina,"Nantahala National Forest, Coweeta Hydrological Laboratory, 3.38 km E Albert Mountain, along Ball Creek Road",27-Jan-25,35.05198499,-83.43652801,male,adult,Sorex,Soricomorpha,Soricidae
http://arctosdb.org/home/data/; https://creativecommons.org/licenses/by-nc/3.0,United States,North Carolina,"Nantahala National Forest, Coweeta Hydrological Laboratory, 3.38 km E Albert Mountain, along Ball Creek Road",27-Jan-25,35.05283098,-83.43646104,male,adult,Blarina,Soricomorpha,Soricidae
http://arctosdb.org/home/data/; https://creativecommons.org/licenses/by-nc/3.0,United States,North Carolina,"Nantahala National Forest, Coweeta Hydrological Laboratory, 3.38 km E Albert Mountain, along Ball Creek Road",27-Jan-25,35.05193101,-83.43644201,male,adult,Sorex,Soricomorpha,Soricidae
http://arctosdb.org/home/data/; https://creativecommons.org/licenses/by-nc/3.0,United States,North Carolina,"Nantahala National Forest, Coweeta Hydrological Laboratory, 2.57 km ENE Albert Mountain, along FR 751",24-Apr-25,35.052993,-83.43639096,male,adult,Sorex,Soricomorpha,Soricidae
http://arctosdb.org/home/data/; https://creativecommons.org/licenses/by-nc/3.0,United States,North Carolina,"Nantahala National Forest, Coweeta Hydrological Laboratory, 3.38 km E Albert Mountain, along Ball Creek Road",22-May-25,35.053224,-83.43631804,female,adult,Sorex,Soricomorpha,Soricidae
http://arctosdb.org/home/data/; https://creativecommons.org/licenses/by-nc/3.0,United States,North Carolina,"Nantahala National Forest, Coweeta Hydrological Laboratory, 3.38 km E Albert Mountain, along Ball Creek Road",3-Aug-25,35.053224,-83.43631804,female,adult,Ochrotomys,Rodentia,Cricetidae
http://arctosdb.org/home/data/; https://creativecommons.org/licenses/by-nc/3.0,United States,North Carolina,"Nantahala National Forest, Coweeta Hydrological Laboratory, 3.38 km E Albert Mountain, along Ball Creek Road",1-Aug-25,35.053224,-83.43631804,female,adult,Peromyscus,Rodentia,Cricetidae
http://arctosdb.org/home/data/; https://creativecommons.org/licenses/by-nc/3.0,United States,North Carolina,"Nantahala National Forest, Coweeta Hydrological Laboratory, 3.38 km E Albert Mountain, along Ball Creek Road",24-May-25,35.05275797,-83.43630203,male,adult,Blarina,Soricomorpha,Soricidae
http://arctosdb.org/home/data/; https://creativecommons.org/licenses/by-nc/3.0,United States,North Carolina,"Nantahala National Forest, Coweeta Hydrological Laboratory, 3.38 km E Albert Mountain, along Ball Creek Road",30-Jul-25,35.05269402,-83.43627303,female,adult,Sorex,Soricomorpha,Soricidae
http://arctosdb.org/home/data/; https://creativecommons.org/licenses/by-nc/3.0,United States,North Carolina,"Nantahala National Forest, Coweeta Hydrological Laboratory, 3.38 km E Albert Mountain, along Ball Creek Road",27-Jan-25,35.05280097,-83.43623498,female,adult,Sorex,Soricomorpha,Soricidae
http://arctosdb.org/home/data/; https://creativecommons.org/licenses/by-nc/3.0,United States,North Carolina,"Nantahala National Forest, Coweeta Hydrological Laboratory, 3.38 km E Albert Mountain, along Ball Creek Road",29-Jan-25,35.05198801,-83.43623296,male,adult,Blarina,Soricomorpha,Soricidae
http://arctosdb.org/home/data/; https://creativecommons.org/licenses/by-nc/3.0,United States,North Carolina,"Nantahala National Forest, Coweeta Hydrological Laboratory, 3.38 km E Albert Mountain, along Ball Creek Road",26-Jan-25,35.05204501,-83.43621201,male,adult,Sorex,Soricomorpha,Soricidae
http://arctosdb.org/home/data/; https://creativecommons.org/licenses/by-nc/3.0,United States,North Carolina,"Nantahala National Forest, Coweeta Hydrological Laboratory, 3.38 km E Albert Mountain, along Ball Creek Road",29-Jan-25,35.05274003,-83.43617404,female,adult,Peromyscus,Rodentia,Cricetidae
http://arctosdb.org/home/data/; https://creativecommons.org/licenses/by-nc/3.0,United States,North Carolina,"Nantahala National Forest, Coweeta Hydrological Laboratory, 3.38 km E Albert Mountain, along Ball Creek Road",29-Jan-25,35.05278102,-83.43617002,female,adult,Peromyscus,Rodentia,Cricetidae
http://arctosdb.org/home/data/; https://creativecommons.org/licenses/by-nc/3.0,United States,North Carolina,"Nantahala National Forest, Coweeta Hydrological Laboratory, 3.38 km E Albert Mountain, along Ball Creek Road",26-May-25,35.052965,-83.43608201,unknown,adult,Sorex,Soricomorpha,Soricidae
http://arctosdb.org/home/data/; https://creativecommons.org/licenses/by-nc/3.0,United States,North Carolina,"Nantahala National Forest, Coweeta Hydrological Laboratory, 3.38 km E Albert Mountain, along Ball Creek Road",25-Jan-25,35.05318897,-83.43604999,female,adult,Sorex,Soricomorpha,Soricidae
http://arctosdb.org/home/data/; https://creativecommons.org/licenses/by-nc/3.0,United States,North Carolina,"Nantahala National Forest, Coweeta Hydrological Laboratory, 3.38 km E Albert Mountain, along Ball Creek Road",27-Jan-25,35.05288001,-83.43593197,female,adult,Sorex,Soricomorpha,Soricidae
http://arctosdb.org/home/data/; https://creativecommons.org/licenses/by-nc/3.0,United States,North Carolina,"Nantahala National Forest, Coweeta Hydrological Laboratory, 3.38 km E Albert Mountain, along Ball Creek Road",23-Apr-25,35.05285403,-83.43581001,female,adult,Microtus,Rodentia,Cricetidae
http://arctosdb.org/home/data/; https://creativecommons.org/licenses/by-nc/3.0,United States,North Carolina,"Nantahala National Forest, Coweeta Hydrological Laboratory, 3.38 km E Albert Mountain, along Ball Creek Road",24-Apr-25,35.05305503,-83.43576198,female,juvenile,Peromyscus,Rodentia,Cricetidae
http://arctosdb.org/home/data/; https://creativecommons.org/licenses/by-nc/3.0,United States,North Carolina,"Nantahala National Forest, Coweeta Hydrological Laboratory, 3.38 km E Albert Mountain, along Ball Creek Road",24-Apr-25,35.05331998,-83.43573399,male,adult,Blarina,Soricomorpha,Soricidae
http://arctosdb.org/home/data/; https://creativecommons.org/licenses/by-nc/3.0,United States,North Carolina,"Nantahala National Forest, Coweeta Hydrological Laboratory, 3.38 km E Albert Mountain, along Ball Creek Road",27-Jan-25,35.05336097,-83.43564103,male,adult,Sorex,Soricomorpha,Soricidae
http://arctosdb.org/home/data/; https://creativecommons.org/licenses/by-nc/3.0,United States,North Carolina,"Nantahala National Forest, Coweeta Hydrological Laboratory, 3.38 km E Albert Mountain, along Ball Creek Road",24-May-25,35.05298202,-83.43561203,female,adult,Microtus,Rodentia,Cricetidae
http://arctosdb.org/home/data/; https://creativecommons.org/licenses/by-nc/3.0,United States,North Carolina,"Nantahala National Forest, Coweeta Hydrological Laboratory, 3.38 km E Albert Mountain, along Ball Creek Road",23-May-25,35.05318101,-83.43558496,male,subadult,Sorex,Soricomorpha,Soricidae
http://arctosdb.org/home/data/; https://creativecommons.org/licenses/by-nc/3.0,United States,North Carolina,"Nantahala National Forest, Coweeta Hydrological Laboratory, 3.38 km E Albert Mountain, along Ball Creek Road",23-Apr-25,35.05336499,-83.43556903,male,adult,Sorex,Soricomorpha,Soricidae
http://arctosdb.org/home/data/; https://creativecommons.org/licenses/by-nc/3.0,United States,North Carolina,"Nantahala National Forest, Coweeta Hydrological Laboratory, 3.38 km E Albert Mountain, along Ball Creek Road",22-May-25,35.05319903,-83.43554699,male,adult,Sorex,Soricomorpha,Soricidae
http://arctosdb.org/home/data/; https://creativecommons.org/licenses/by-nc/3.0,United States,North Carolina,"Nantahala National Forest, Coweeta Hydrological Laboratory, 3.38 km E Albert Mountain, along Ball Creek Road",22-Apr-25,35.053267,-83.435534,female,subadult,Sorex,Soricomorpha,Soricidae
http://arctosdb.org/home/data/; https://creativecommons.org/licenses/by-nc/3.0,United States,North Carolina,"Nantahala National Forest, Coweeta Hydrological Laboratory, 3.38 km E Albert Mountain, along Ball Creek Road",27-Jan-25,35.05324303,-83.43550902,female,adult,Blarina,Soricomorpha,Soricidae
http://arctosdb.org/home/data/; https://creativecommons.org/licenses/by-nc/3.0,United States,North Carolina,"Nantahala National Forest, Coweeta Hydrological Laboratory, 3.38 km E Albert Mountain, along Ball Creek Road",29-Jan-26,35.05323901,-83.435419,male,adult,Sorex,Soricomorpha,Soricidae
http://arctosdb.org/home/data/; https://creativecommons.org/licenses/by-nc/3.0,United States,North Carolina,"Nantahala National Forest, Coweeta Hydrological Laboratory, 3.38 km E Albert Mountain, along Ball Creek Road",26-May-25,35.05331897,-83.43539402,male,adult,Sorex,Soricomorpha,Soricidae
http://arctosdb.org/home/data/; https://creativecommons.org/licenses/by-nc/3.0,United States,North Carolina,"Nantahala National Forest, Coweeta Hydrological Laboratory, 3.38 km E Albert Mountain, along Ball Creek Road",27-Jan-25,35.05329601,-83.43538899,male,subadult,Peromyscus,Rodentia,Cricetidae
http://arctosdb.org/home/data/; https://creativecommons.org/licenses/by-nc/3.0,United States,North Carolina,"Nantahala National Forest, Coweeta Hydrological Laboratory, 3.38 km E Albert Mountain, along Ball Creek Road",27-Jan-25,35.05335803,-83.43538203,male,subadult,Peromyscus,Rodentia,Cricetidae
http://arctosdb.org/home/data/; https://creativecommons.org/licenses/by-nc/3.0,United States,North Carolina,"Nantahala National Forest, Coweeta Hydrological Laboratory, 3.38 km E Albert Mountain, along Ball Creek Road",12-Oct-25,35.05323197,-83.43534498,male,adult,Blarina,Soricomorpha,Soricidae
http://arctosdb.org/home/data/; https://creativecommons.org/licenses/by-nc/3.0,United States,North Carolina,"Nantahala National Forest, Coweeta Hydrological Laboratory, 3.38 km E Albert Mountain, along Ball Creek Road",26-Jan-25,35.05341603,-83.43532998,female,adult,Sorex,Soricomorpha,Soricidae
http://arctosdb.org/home/data/; https://creativecommons.org/licenses/by-nc/3.0,United States,North Carolina,"Nantahala National Forest, Coweeta Hydrological Laboratory, 3.38 km E Albert Mountain, along Ball Creek Road",26-Jan-25,35.05340002,-83.43532001,male,adult,Sorex,Soricomorpha,Soricidae
http://arctosdb.org/home/data/; https://creativecommons.org/licenses/by-nc/3.0,United States,North Carolina,"Nantahala National Forest, Coweeta Hydrological Laboratory, 3.38 km E Albert Mountain, along Ball Creek Road",25-May-25,35.05330296,-83.43523501,male,adult,Sorex,Soricomorpha,Soricidae
http://arctosdb.org/home/data/; https://creativecommons.org/licenses/by-nc/3.0,United States,North Carolina,"Nantahala National Forest, Coweeta Hydrological Laboratory, 4.18 km ENE Albert Mountain, along FR 751",26-Jan-25,35.06197496,-83.43398703,male,adult,Blarina,Soricomorpha,Soricidae
http://arctosdb.org/home/data/; https://creativecommons.org/licenses/by-nc/3.0,United States,North Carolina,"Nantahala National Forest, Coweeta Hydrological Laboratory, 4.18 km ENE Albert Mountain, along FR 751",29-Jan-25,35.06197496,-83.43398703,female,subadult,Rattus,Rodentia,Muridae
http://arctosdb.org/home/data/; https://creativecommons.org/licenses/by-nc/3.0,United States,North Carolina,"Nantahala National Forest, Coweeta Hydrological Laboratory, 4.18 km ENE Albert Mountain, along FR 751",27-Jan-25,35.06165603,-83.43387497,female,adult,Blarina,Soricomorpha,Soricidae
http://arctosdb.org/home/data/; https://creativecommons.org/licenses/by-nc/3.0,United States,North Carolina,"Nantahala National Forest, Coweeta Hydrological Laboratory, 4.18 km ENE Albert Mountain, along FR 751",27-Jan-25,35.06170297,-83.43364396,male,adult,Sorex,Soricomorpha,Soricidae
http://arctosdb.org/home/data/; https://creativecommons.org/licenses/by-nc/3.0,United States,North Carolina,"Nantahala National Forest, Coweeta Hydrological Laboratory, 2.57 km ENE Albert Mountain, along FR 751",28-Jan-25,35.06151798,-83.43363902,male,adult,Ochrotomys,Rodentia,Cricetidae
http://arctosdb.org/home/data/; https://creativecommons.org/licenses/by-nc/3.0,United States,North Carolina,"Nantahala National Forest, Coweeta Hydrological Laboratory, 4.18 km ENE Albert Mountain, along FR 751",24-May-25,35.06147901,-83.43351999,male,adult,Blarina,Soricomorpha,Soricidae
http://arctosdb.org/home/data/; https://creativecommons.org/licenses/by-nc/3.0,United States,North Carolina,"Nantahala National Forest, Coweeta Hydrological Laboratory, 4.18 km ENE Albert Mountain, along FR 751",28-Jan-25,35.06142503,-83.43343399,male,adult,Rattus,Rodentia,Muridae
http://arctosdb.org/home/data/; https://creativecommons.org/licenses/by-nc/3.0,United States,North Carolina,"NEWFOUNDLAND GAP RD, DEEP CREEK; 35D36'N 83D25'W 4720FT",2-Jun-94,35.5052,-83.4316,female,,Peromyscus,Rodentia,Cricetidae
http://arctosdb.org/home/data/; https://creativecommons.org/licenses/by-nc/3.0,United States,North Carolina,"NEWFOUNDLAND GAP RD, DEEP CREEK; 35D36'N 83D25'W 4720FT",2-Jun-94,35.5052,-83.4316,female,,Peromyscus,Rodentia,Cricetidae
http://arctosdb.org/home/data/; https://creativecommons.org/licenses/by-nc/3.0,United States,North Carolina,"NEWFOUNDLAND GAP RD, DEEP CREEK; 35D36'N 83D25'W 4720FT",2-Jun-94,35.5052,-83.4316,female,,Peromyscus,Rodentia,Cricetidae
http://arctosdb.org/home/data/; https://creativecommons.org/licenses/by-nc/3.0,United States,North Carolina,"NEWFOUNDLAND GAP RD. DEEP CREEK, LINE 8; 35D36'N 83D25'W 4720FT",2-Jun-94,35.5052,-83.4316,male,,Peromyscus,Rodentia,Cricetidae
http://arctosdb.org/home/data/; https://creativecommons.org/licenses/by-nc/3.0,United States,North Carolina,"NEWFOUNDLAND GAP RD. DEEP CREEK, LINE 7; 35D36'N 83D25'W 4720FT",2-Jun-94,35.5052,-83.4316,male,,Peromyscus,Rodentia,Cricetidae
http://arctosdb.org/home/data/; https://creativecommons.org/licenses/by-nc/3.0,United States,North Carolina,"NEWFOUNDLAND GAP RD. DEEP CREEK, LINE 8; 35D36'N 83D25'W 4720FT",2-Jun-94,35.5052,-83.4316,female,,Peromyscus,Rodentia,Cricetidae
http://arctosdb.org/home/data/; https://creativecommons.org/licenses/by-nc/3.0,United States,North Carolina,"Nantahala National Forest, Coweeta Hydrological Laboratory, 4.51 km ENE Albert Mountain, along Ball Creek Road",22-Apr-25,35.06105999,-83.43042498,male,adult,Peromyscus,Rodentia,Cricetidae
http://arctosdb.org/home/data/; https://creativecommons.org/licenses/by-nc/3.0,United States,North Carolina,"Coweeta Hydrological Laboratory, 4.51 km ENE Albert Mountain, along Ball Creek Road",27-Jan-25,35.06105999,-83.43042498,male,adult,Peromyscus,Rodentia,Cricetidae
http://arctosdb.org/home/data/; https://creativecommons.org/licenses/by-nc/3.0,United States,North Carolina,"Nantahala National Forest, Coweeta Hydrological Laboratory, 4.51 km ENE Albert Mountain, along Ball Creek Road",12-Oct-25,35.06105999,-83.43042498,female,adult,Ochrotomys,Rodentia,Cricetidae
http://arctosdb.org/home/data/; https://creativecommons.org/licenses/by-nc/3.0,United States,North Carolina,"Nantahala National Forest, Coweeta Hydrological Laboratory, 4.51 km ENE Albert Mountain, along Ball Creek Road",11-Oct-25,35.06105999,-83.43042498,female,adult,Blarina,Soricomorpha,Soricidae
http://arctosdb.org/home/data/; https://creativecommons.org/licenses/by-nc/3.0,United States,North Carolina,"Nantahala National Forest, Coweeta Hydrological Laboratory, 4.51 km ENE Albert Mountain, along Ball Creek Road",11-Oct-25,35.06105999,-83.43042498,male,adult,Blarina,Soricomorpha,Soricidae
http://arctosdb.org/home/data/; https://creativecommons.org/licenses/by-nc/3.0,United States,North Carolina,"Nantahala National Forest, Coweeta Hydrological Laboratory, 4.51 km ENE Albert Mountain, along Ball Creek Road",11-Oct-25,35.06105999,-83.43042498,male,adult,Peromyscus,Rodentia,Cricetidae
http://arctosdb.org/home/data/; https://creativecommons.org/licenses/by-nc/3.0,United States,North Carolina,"Nantahala National Forest, Coweeta Hydrological Laboratory, 2.72 km ESE Albert Mountain, along Ball Creek Road",10-Oct-25,35.06112898,-83.43040704,male,adult,Peromyscus,Rodentia,Cricetidae
http://arctosdb.org/home/data/; https://creativecommons.org/licenses/by-nc/3.0,United States,North Carolina,"Nantahala National Forest, Coweeta Hydrological Laboratory, 2.72 km ESE Albert Mountain, along Ball Creek Road",10-Oct-25,35.06112898,-83.43040704,male,adult,Peromyscus,Rodentia,Cricetidae
http://arctosdb.org/home/data/; https://creativecommons.org/licenses/by-nc/3.0,United States,North Carolina,"Nantahala National Forest, Coweeta Hydrological Laboratory, 2.72 km ESE Albert Mountain, along Ball Creek Road",10-Oct-25,35.06112898,-83.43040704,female,adult,Napaeozapus,Rodentia,Dipodidae
http://arctosdb.org/home/data/; https://creativecommons.org/licenses/by-nc/3.0,United States,North Carolina,"Nantahala National Forest, Coweeta Hydrological Laboratory, 2.57 km ENE Albert Mountain, along FR 751",10-Oct-25,35.06112898,-83.43040704,male,adult,Peromyscus,Rodentia,Cricetidae
http://arctosdb.org/home/data/; https://creativecommons.org/licenses/by-nc/3.0,United States,North Carolina,"Nantahala National Forest, Coweeta Hydrological Laboratory, 2.57 km ENE Albert Mountain, along FR 751",10-Oct-25,35.06112898,-83.43040704,male,adult,Peromyscus,Rodentia,Cricetidae
http://arctosdb.org/home/data/; https://creativecommons.org/licenses/by-nc/3.0,United States,North Carolina,"Nantahala National Forest, Coweeta Hydrological Laboratory, 3.84 km SE Albert Mountain, along FR 421-2",24-Apr-25,35.06125404,-83.4304,male,subadult,Peromyscus,Rodentia,Cricetidae
http://arctosdb.org/home/data/; https://creativecommons.org/licenses/by-nc/3.0,United States,North Carolina,"Nantahala National Forest, Coweeta Hydrological Laboratory, 3.84 km SE Albert Mountain, along FR 421-2",12-Oct-25,35.06103401,-83.43029003,unknown,,Sorex,Soricomorpha,Soricidae
http://arctosdb.org/home/data/; https://creativecommons.org/licenses/by-nc/3.0,United States,North Carolina,"Nantahala National Forest, Coweeta Hydrological Laboratory, 3.84 km SE Albert Mountain, along FR 421-2",12-Oct-25,35.06103401,-83.43029003,male,adult,Blarina,Soricomorpha,Soricidae
http://arctosdb.org/home/data/; https://creativecommons.org/licenses/by-nc/3.0,United States,North Carolina,"Nantahala National Forest, Coweeta Hydrological Laboratory, 3.84 km SE Albert Mountain, along FR 421-2",23-Apr-25,35.06124004,-83.43023596,female,adult,Peromyscus,Rodentia,Cricetidae
http://arctosdb.org/home/data/; https://creativecommons.org/licenses/by-nc/3.0,United States,North Carolina,"Nantahala National Forest, Coweeta Hydrological Laboratory, 4.51 km ENE Albert Mountain, along Ball Creek Road",13-Oct-25,35.06070703,-83.43020797,female,adult,Peromyscus,Rodentia,Cricetidae
http://arctosdb.org/home/data/; https://creativecommons.org/licenses/by-nc/3.0,United States,North Carolina,"Nantahala National Forest, Coweeta Hydrological Laboratory, 2.72 km ESE Albert Mountain, along Ball Creek Road",13-Oct-25,35.061148,-83.43020503,male,juvenile,Peromyscus,Rodentia,Cricetidae
http://arctosdb.org/home/data/; https://creativecommons.org/licenses/by-nc/3.0,United States,North Carolina,"Nantahala National Forest, Coweeta Hydrological Laboratory, 2.72 km ESE Albert Mountain, along Ball Creek Road",13-Oct-25,35.061148,-83.43020503,male,adult,Peromyscus,Rodentia,Cricetidae
http://arctosdb.org/home/data/; https://creativecommons.org/licenses/by-nc/3.0,United States,North Carolina,"Nantahala National Forest, Coweeta Hydrological Laboratory, 2.72 km ESE Albert Mountain, along Ball Creek Road",13-Oct-25,35.076276,-83.43020503,male,subadult,Peromyscus,Rodentia,Cricetidae
http://arctosdb.org/home/data/; https://creativecommons.org/licenses/by-nc/3.0,United States,North Carolina,"Nantahala National Forest, Coweeta Hydrological Laboratory, 2.57 km ENE Albert Mountain, along FR 751",13-Oct-25,35.09574297,-83.43020503,female,juvenile,Peromyscus,Rodentia,Cricetidae
http://arctosdb.org/home/data/; https://creativecommons.org/licenses/by-nc/3.0,United States,North Carolina,"Nantahala National Forest, Coweeta Hydrological Laboratory, 2.72 km ESE Albert Mountain, along Ball Creek Road",2-Aug-25,35.06117298,-83.43019699,male,adult,Peromyscus,Rodentia,Cricetidae
http://arctosdb.org/home/data/; https://creativecommons.org/licenses/by-nc/3.0,United States,North Carolina,"Nantahala National Forest, Coweeta Hydrological Laboratory, 2.57 km ENE Albert Mountain, along FR 751",22-Apr-25,35.06115303,-83.43017997,female,adult,Sorex,Soricomorpha,Soricidae
http://arctosdb.org/home/data/; https://creativecommons.org/licenses/by-nc/3.0,United States,North Carolina,"Nantahala National Forest, Coweeta Hydrological Laboratory, 2.57 km ENE Albert Mountain, along FR 751",29-Jan-25,35.06120802,-83.43017796,male,adult,Peromyscus,Rodentia,Cricetidae
http://arctosdb.org/home/data/; https://creativecommons.org/licenses/by-nc/3.0,United States,North Carolina,"Nantahala National Forest, Coweeta Hydrological Laboratory, 4.51 km ENE Albert Mountain, along Ball Creek Road",13-Oct-25,35.060342,-83.43009196,female,subadult,Blarina,Soricomorpha,Soricidae
http://arctosdb.org/home/data/; https://creativecommons.org/licenses/by-nc/3.0,United States,North Carolina,"Nantahala National Forest, Coweeta Hydrological Laboratory, 4.51 km ENE Albert Mountain, along Ball Creek Road",2-Aug-25,35.06030596,-83.43006698,male,adult,Peromyscus,Rodentia,Cricetidae
http://arctosdb.org/home/data/; https://creativecommons.org/licenses/by-nc/3.0,United States,North Carolina,"Nantahala National Forest, Coweeta Hydrological Laboratory, 4.51 km ENE Albert Mountain, along Ball Creek Road",1-Aug-25,35.06022298,-83.42999901,male,adult,Peromyscus,Rodentia,Cricetidae
http://arctosdb.org/home/data/; https://creativecommons.org/licenses/by-nc/3.0,United States,North Carolina,"Nantahala National Forest, Coweeta Hydrological Laboratory, 2.57 km ENE Albert Mountain, along FR 751",27-Jan-25,35.06074098,-83.42996598,female,adult,Blarina,Soricomorpha,Soricidae
http://arctosdb.org/home/data/; https://creativecommons.org/licenses/by-nc/3.0,United States,North Carolina,"Nantahala National Forest, Coweeta Hydrological Laboratory, 4.51 km ENE Albert Mountain, along Ball Creek Road",2-Aug-25,35.06023798,-83.429912,male,adult,Peromyscus,Rodentia,Cricetidae
http://arctosdb.org/home/data/; https://creativecommons.org/licenses/by-nc/3.0,United States,North Carolina,"Nantahala National Forest, Coweeta Hydrological Laboratory, 4.51 km ENE Albert Mountain, along Ball Creek Road",12-Oct-25,35.06027101,-83.42984696,female,adult,Ochrotomys,Rodentia,Cricetidae
http://arctosdb.org/home/data/; https://creativecommons.org/licenses/by-nc/3.0,United States,North Carolina,"Nantahala National Forest, Coweeta Hydrological Laboratory, 4.51 km ENE Albert Mountain, along Ball Creek Road",2-Aug-25,35.06019004,-83.42980999,male,adult,Sigmodon,Rodentia,Cricetidae
http://arctosdb.org/home/data/; https://creativecommons.org/licenses/by-nc/3.0,United States,North Carolina,"Nantahala National Forest, Coweeta Hydrological Laboratory, 4.51 km ENE Albert Mountain, along Ball Creek Road",29-Jan-25,35.06019096,-83.42965996,female,adult,Peromyscus,Rodentia,Cricetidae
http://arctosdb.org/home/data/; https://creativecommons.org/licenses/by-nc/3.0,United States,North Carolina,"Nantahala National Forest, Coweeta Hydrological Laboratory, 4.51 km ENE Albert Mountain, along Ball Creek Road",19-Apr-25,35.06019297,-83.42961403,male,juvenile,Peromyscus,Rodentia,Cricetidae
http://arctosdb.org/home/data/; https://creativecommons.org/licenses/by-nc/3.0,United States,North Carolina,"Nantahala National Forest, Coweeta Hydrological Laboratory, 4.51 km ENE Albert Mountain, along Ball Creek Road",13-Oct-25,35.06027302,-83.42955996,male,adult,Rattus,Rodentia,Muridae
http://arctosdb.org/home/data/; https://creativecommons.org/licenses/by-nc/3.0,United States,North Carolina,"Nantahala National Forest, Coweeta Hydrological Laboratory, 3.84 km SE Albert Mountain, along FR 421-2",31-Jul-25,35.06026296,-83.42947204,female,subadult,Peromyscus,Rodentia,Cricetidae
http://arctosdb.org/home/data/; https://creativecommons.org/licenses/by-nc/3.0,United States,North Carolina,"Nantahala National Forest, Coweeta Hydrological Laboratory, 4.51 km ENE Albert Mountain, along Ball Creek Road",13-Oct-25,35.06032297,-83.42944597,female,adult,Ochrotomys,Rodentia,Cricetidae
http://arctosdb.org/home/data/; https://creativecommons.org/licenses/by-nc/3.0,United States,North Carolina,"Nantahala National Forest, Coweeta Hydrological Laboratory, 4.51 km ENE Albert Mountain, along Ball Creek Road",1-Aug-25,35.06015902,-83.42944102,male,adult,Peromyscus,Rodentia,Cricetidae
http://arctosdb.org/home/data/; https://creativecommons.org/licenses/by-nc/3.0,United States,North Carolina,"Nantahala National Forest, Coweeta Hydrological Laboratory, 4.51 km ENE Albert Mountain, along Ball Creek Road",2-Aug-25,35.06011996,-83.42943599,female,adult,Peromyscus,Rodentia,Cricetidae
http://arctosdb.org/home/data/; https://creativecommons.org/licenses/by-nc/3.0,United States,North Carolina,"Nantahala National Forest, Coweeta Hydrological Laboratory, 4.51 km ENE Albert Mountain, along Ball Creek Road",2-Aug-25,35.06019196,-83.42941797,female,adult,Peromyscus,Rodentia,Cricetidae
http://arctosdb.org/home/data/; https://creativecommons.org/licenses/by-nc/3.0,United States,North Carolina,"Nantahala National Forest, Coweeta Hydrological Laboratory, 4.51 km ENE Albert Mountain, along Ball Creek Road",27-Jan-25,35.060212,-83.42934396,male,adult,Peromyscus,Rodentia,Cricetidae
http://arctosdb.org/home/data/; https://creativecommons.org/licenses/by-nc/3.0,United States,North Carolina,"Nantahala National Forest, Coweeta Hydrological Laboratory, 4.51 km ENE Albert Mountain, along Ball Creek Road",28-Jan-25,35.06015601,-83.42932502,male,adult,Peromyscus,Rodentia,Cricetidae
http://arctosdb.org/home/data/; https://creativecommons.org/licenses/by-nc/3.0,United States,North Carolina,"Nantahala National Forest, Coweeta Hydrological Laboratory, 4.51 km ENE Albert Mountain, along Ball Creek Road",27-Jan-25,35.06085799,-83.42924204,male,adult,Peromyscus,Rodentia,Cricetidae
http://arctosdb.org/home/data/; https://creativecommons.org/licenses/by-nc/3.0,United States,North Carolina,"Nantahala National Forest, Coweeta Hydrological Laboratory, 4.51 km ENE Albert Mountain, along Ball Creek Road",28-Jan-25,35.06011602,-83.429135,male,adult,Peromyscus,Rodentia,Cricetidae
http://arctosdb.org/home/data/; https://creativecommons.org/licenses/by-nc/3.0,United States,North Carolina,"Nantahala National Forest, Coweeta Hydrological Laboratory, 4.51 km ENE Albert Mountain, along Ball Creek Road",23-Apr-25,35.06059002,-83.429107,female,adult,Peromyscus,Rodentia,Cricetidae
http://arctosdb.org/home/data/; https://creativecommons.org/licenses/by-nc/3.0,United States,North Carolina,"Nantahala National Forest, Coweeta Hydrological Laboratory, 4.51 km ENE Albert Mountain, along Ball Creek Road",27-Jan-25,35.06080401,-83.42909896,female,adult,Peromyscus,Rodentia,Cricetidae
http://arctosdb.org/home/data/; https://creativecommons.org/licenses/by-nc/3.0,United States,North Carolina,"GREAT SMOKY MTS. NATL PARK.  35D36'N, 83D25'W.; 35D36'N 83D25'W",2-Jun-94,35.6,-83.4167,female,,Peromyscus,Rodentia,Cricetidae
http://arctosdb.org/home/data/; https://creativecommons.org/licenses/by-nc/3.0,United States,North Carolina,"Great Smoky Mt. Natl Pk.  35D36'N, 83D25'W.",2-Jun-94,35.6,-83.4167,female,,Sorex,Soricomorpha,Soricidae
http://arctosdb.org/home/data/; https://creativecommons.org/licenses/by-nc/3.0,United States,North Carolina,"Great Smoky Mt. Natl Pk.  35D36'N, 83D25'W.",2-Jun-94,35.6,-83.4167,male,,Napaeozapus,Rodentia,Dipodidae
http://arctosdb.org/home/data/; https://creativecommons.org/publicdomain/zero/1.0,United States,North Carolina,"Mount Kephart, Great Smoky Mountains National Park",[transcribed directly into formatted date fields],35.630929,-83.389602,male,,Sorex,Soricomorpha,Soricidae
http://arctosdb.org/home/data/; https://creativecommons.org/publicdomain/zero/1.0,United States,North Carolina,"Mount Kephart, Great Smoky Mountains National Park",[transcribed directly into formatted date fields],35.630929,-83.389602,male,,Peromyscus,Rodentia,Cricetidae
http://arctosdb.org/home/data/; https://creativecommons.org/publicdomain/zero/1.0,United States,North Carolina,"Mount Kephart, Great Smoky Mountains National Park",[transcribed directly into formatted date fields],35.630929,-83.389602,female,,Sorex,Soricomorpha,Soricidae
http://arctosdb.org/home/data/; https://creativecommons.org/publicdomain/zero/1.0,United States,North Carolina,"Mount Kephart, Great Smoky Mountains National Park",[transcribed directly into formatted date fields],35.630929,-83.389602,male,,Myodes,Rodentia,Cricetidae
http://arctosdb.org/home/data/; https://creativecommons.org/publicdomain/zero/1.0,United States,North Carolina,"Mount Kephart, Great Smoky Mountains National Park",[transcribed directly into formatted date fields],35.630929,-83.389602,male,,Blarina,Soricomorpha,Soricidae
http://arctosdb.org/home/data/; https://creativecommons.org/publicdomain/zero/1.0,United States,North Carolina,"7 miles above Smokemont on Bradley Fork, Great Smoky Mountains National Park",[transcribed directly into formatted date fields],35.641144,-83.327964,male,,Microtus,Rodentia,Cricetidae
http://arctosdb.org/home/data/; https://creativecommons.org/publicdomain/zero/1.0,United States,North Carolina,"7 miles above Smokemont, Great Smoky Mountains National Park",[transcribed directly into formatted date fields],35.641144,-83.327964,female,,Microtus,Rodentia,Cricetidae
http://arctosdb.org/home/data/; https://creativecommons.org/publicdomain/zero/1.0,United States,North Carolina,"along Oconaluftee River, Dry Sluice Trail, Smokemont, Great Smoky Mountains National Park",[transcribed directly into formatted date fields],35.553314,-83.309634,male,,Blarina,Soricomorpha,Soricidae
http://arctosdb.org/home/data/; https://creativecommons.org/publicdomain/zero/1.0,United States,North Carolina,"near Smokemont, Oconaluftee River, Great Smoky Mountains National Park",[transcribed directly into formatted date fields],35.553314,-83.309634,male,,Tamiasciurus,Rodentia,Sciuridae
http://arctosdb.org/home/data/; https://creativecommons.org/publicdomain/zero/1.0,United States,North Carolina,"Dry Sluice Trail, Greenbrier, Great Smoky Mountains National Park",[transcribed directly into formatted date fields],35.553314,-83.309634,male,,Sorex,Soricomorpha,Soricidae
http://arctosdb.org/home/data/; https://creativecommons.org/publicdomain/zero/1.0,United States,North Carolina,"Dry Sluice Trail, Greenbrier, Great Smoky Mountains National Park",[transcribed directly into formatted date fields],35.553314,-83.309634,female,,Blarina,Soricomorpha,Soricidae
http://arctosdb.org/home/data/; https://creativecommons.org/publicdomain/zero/1.0,United States,North Carolina,"Dry Sluice Trail, Greenbrier, Great Smoky Mountains National Park",[transcribed directly into formatted date fields],35.553314,-83.309634,female,,Sorex,Soricomorpha,Soricidae
http://arctosdb.org/home/data/; https://creativecommons.org/publicdomain/zero/1.0,United States,North Carolina,"Smokemont, Great Smoky Mountains National Park",[transcribed directly into formatted date fields],35.553432,-83.308486,male,,Peromyscus,Rodentia,Cricetidae
http://arctosdb.org/home/data/; https://creativecommons.org/publicdomain/zero/1.0,United States,North Carolina,"Smokemont, Great Smoky Mountains National Park",[transcribed directly into formatted date fields],35.553432,-83.308486,male,,Peromyscus,Rodentia,Cricetidae
http://arctosdb.org/home/data/; https://creativecommons.org/publicdomain/zero/1.0,United States,North Carolina,"Smokemont, Great Smoky Mountains National Park",[transcribed directly into formatted date fields],35.553432,-83.308486,male,,Peromyscus,Rodentia,Cricetidae
http://arctosdb.org/home/data/; https://creativecommons.org/publicdomain/zero/1.0,United States,North Carolina,"Smokemont, Great Smoky Mountains National Park",[transcribed directly into formatted date fields],35.553432,-83.308486,male,,Peromyscus,Rodentia,Cricetidae
http://arctosdb.org/home/data/; https://creativecommons.org/publicdomain/zero/1.0,United States,North Carolina,"Smokemont, Great Smoky Mountains National Park",[transcribed directly into formatted date fields],35.553432,-83.308486,male,,Peromyscus,Rodentia,Cricetidae
http://arctosdb.org/home/data/; https://creativecommons.org/publicdomain/zero/1.0,United States,North Carolina,"Smokemont, Great Smoky Mountains National Park",[transcribed directly into formatted date fields],35.553432,-83.308486,male,,Tamiasciurus,Rodentia,Sciuridae
http://arctosdb.org/home/data/; https://creativecommons.org/publicdomain/zero/1.0,United States,North Carolina,"Smokemont, Great Smoky Mountains National Park",[transcribed directly into formatted date fields],35.553432,-83.308486,female,,Microtus,Rodentia,Cricetidae
http://arctosdb.org/home/data/; https://creativecommons.org/publicdomain/zero/1.0,United States,North Carolina,"Smokemont, Great Smoky Mountains National Park",[transcribed directly into formatted date fields],35.553432,-83.308486,female,,Microtus,Rodentia,Cricetidae
http://arctosdb.org/home/data/; https://creativecommons.org/publicdomain/zero/1.0,United States,North Carolina,"Smokemont, Great Smoky Mountains National Park",[transcribed directly into formatted date fields],35.553432,-83.308486,female,,Sorex,Soricomorpha,Soricidae
http://arctosdb.org/home/data/; https://creativecommons.org/publicdomain/zero/1.0,United States,North Carolina,"Smokemont, Great Smoky Mountains National Park",[transcribed directly into formatted date fields],35.553432,-83.308486,unknown,,Tamias,Rodentia,Sciuridae
http://arctosdb.org/home/data/; https://creativecommons.org/publicdomain/zero/1.0,United States,North Carolina,"Smokemont, Great Smoky Mountains National Park",[transcribed directly into formatted date fields],35.553432,-83.308486,unknown,,Tamiasciurus,Rodentia,Sciuridae
http://arctosdb.org/home/data/; https://creativecommons.org/licenses/by-nc/3.0,United States,North Carolina,GREAT SMOKY MTNS. PRONG TRAIL; 35D37'N 83D27'W 5272FT,2-Jun-94,35.6377,-83.2803,male,,Peromyscus,Rodentia,Cricetidae
http://arctosdb.org/home/data/; https://creativecommons.org/licenses/by-nc/3.0,United States,North Carolina,GREAT SMOKY MTNS. PRONG TRAIL; 35D37'N 83D27'W 5272FT,2-Jun-94,35.6377,-83.2803,male,,Peromyscus,Rodentia,Cricetidae
http://arctosdb.org/home/data/; https://creativecommons.org/licenses/by-nc/3.0,United States,North Carolina,"GREAT SMOKY MTN PRONG TRAIL, LINE 9; 35D37'N 83D27'W 5272FT",2-Jun-94,35.6377,-83.2803,female,,Peromyscus,Rodentia,Cricetidae
http://arctosdb.org/home/data/; https://creativecommons.org/licenses/by-nc/3.0,United States,North Carolina,"GREAT SMOKY MTN PRONG TRAIL, LINE 10; 35D37'N 83D27'W 5272FT",2-Jun-94,35.6377,-83.2803,female,,Peromyscus,Rodentia,Cricetidae
http://arctosdb.org/home/data/; https://creativecommons.org/licenses/by-nc/3.0,United States,North Carolina,"GREAT SMOKY MTN PRONG TRAIL, LINE 9; 35D37'N 83D27'W 5272FT",2-Jun-94,35.6377,-83.2803,male,,Peromyscus,Rodentia,Cricetidae
http://arctosdb.org/home/data/; https://creativecommons.org/licenses/by-nc/3.0,United States,North Carolina,"GREAT SMOKY MTN PRONG TRAIL, LINE 9; 35D37'N 83D27'W 5272FT",2-Jun-94,35.6377,-83.2803,female,,Peromyscus,Rodentia,Cricetidae
http://arctosdb.org/home/data/; https://creativecommons.org/licenses/by-nc/3.0,United States,North Carolina,"GREAT SMOKY MTN PRONG TRAIL, LINE 9; 35D37'N 83D27'W 5272FT",2-Jun-94,35.6377,-83.2803,male,,Peromyscus,Rodentia,Cricetidae
http://arctosdb.org/home/data/; https://creativecommons.org/licenses/by-nc/3.0,United States,North Carolina,"Nantahala National Forest, 1.77 km SW of Keene Mountain, along FR 57A",26-Apr-25,35.07939801,-83.25134704,male,juvenile,Peromyscus,Rodentia,Cricetidae
http://arctosdb.org/home/data/; https://creativecommons.org/licenses/by-nc/3.0,United States,North Carolina,"Nantahala National Forest, 1.77 km SW of Keene Mountain, along FR 57A",26-Apr-25,35.07940597,-83.25133396,female,adult,Peromyscus,Rodentia,Cricetidae
http://arctosdb.org/home/data/; https://creativecommons.org/licenses/by-nc/3.0,United States,North Carolina,"Nantahala National Forest, 1.77 km SW of Keene Mountain, along FR 57A",26-Apr-25,35.08074598,-83.25131502,female,adult,Peromyscus,Rodentia,Cricetidae
http://arctosdb.org/home/data/; https://creativecommons.org/licenses/by-nc/3.0,United States,North Carolina,"Nantahala National Forest, 1.77 km SW of Keene Mountain, along FR 57A",26-Apr-25,35.07911604,-83.25123698,female,juvenile,Peromyscus,Rodentia,Cricetidae
http://arctosdb.org/home/data/; https://creativecommons.org/licenses/by-nc/3.0,United States,North Carolina,"Nantahala National Forest, 1.77 km SW of Keene Mountain, along FR 57A",26-Apr-25,35.080346,-83.25093498,female,adult,Peromyscus,Rodentia,Cricetidae
http://arctosdb.org/home/data/; https://creativecommons.org/licenses/by-nc/3.0,United States,North Carolina,"Nantahala National Forest, 1.77 km SW of Keene Mountain, along FR 57A",26-Apr-25,35.07969397,-83.25078403,male,subadult,Microtus,Rodentia,Cricetidae
http://arctosdb.org/home/data/; https://creativecommons.org/licenses/by-nc/3.0,United States,North Carolina,"Nantahala National Forest, 1.77 km SW of Keene Mountain, along FR 57A",26-Apr-25,35.08010703,-83.25049804,female,subadult,Peromyscus,Rodentia,Cricetidae
http://arctosdb.org/home/data/; https://creativecommons.org/licenses/by-nc/3.0,United States,North Carolina,"Nantahala National Forest, 1.77 km SW of Keene Mountain, along FR 57A",26-Apr-25,35.07990796,-83.25043299,male,adult,Sorex,Soricomorpha,Soricidae
http://arctosdb.org/home/data/; https://creativecommons.org/licenses/by-nc/3.0,United States,North Carolina,"Nantahala National Forest, 1.77 km SW of Keene Mountain, along FR 57A",27-Apr-25,35.08035002,-83.25022596,male,adult,Sorex,Soricomorpha,Soricidae
http://arctosdb.org/home/data/; https://creativecommons.org/licenses/by-nc/3.0,United States,North Carolina,"Nantahala National Forest, 1.77 km SW of Keene Mountain, along FR 57A",26-Apr-25,35.08029898,-83.25009696,female,adult,Sorex,Soricomorpha,Soricidae
http://arctosdb.org/home/data/; https://creativecommons.org/licenses/by-nc/3.0,United States,North Carolina,"Sylva, Little Canada, Charles Creek Rd.",14-Nov-95,35.3736,-83.2261,male,,Blarina,Soricomorpha,Soricidae
http://arctosdb.org/home/data/; https://creativecommons.org/licenses/by-nc/3.0,United States,North Carolina,"Sylva, Little Canada, Charles Creek Rd.",14-Nov-95,35.3736,-83.2261,female,,Blarina,Soricomorpha,Soricidae
http://arctosdb.org/home/data/; https://creativecommons.org/licenses/by-nc/3.0,United States,North Carolina,"Sylva, Little Canada, Charles Creek Rd.",14-Nov-95,35.3736,-83.2261,male,,Peromyscus,Rodentia,Cricetidae
http://arctosdb.org/home/data/; https://creativecommons.org/licenses/by-nc/3.0,United States,North Carolina,"Sylva, Little Canada, Charles Creek Rd.",14-Nov-95,35.3736,-83.2261,female,,Peromyscus,Rodentia,Cricetidae
http://arctosdb.org/home/data/; https://creativecommons.org/licenses/by-nc/3.0,United States,North Carolina,"Sylva, Little Canada, Charles Creek Rd.",14-Nov-95,35.3736,-83.2261,male,,Peromyscus,Rodentia,Cricetidae
http://arctosdb.org/home/data/; https://creativecommons.org/licenses/by-nc/3.0,United States,North Carolina,"Sylva, Little Canada, Charles Creek Rd.",14-Nov-95,35.3736,-83.2261,male,,Peromyscus,Rodentia,Cricetidae
http://arctosdb.org/home/data/; https://creativecommons.org/licenses/by-nc/3.0,United States,North Carolina,"Sylva, Little Canada, Charles Creek Rd.",14-Nov-95,35.3736,-83.2261,female,,Peromyscus,Rodentia,Cricetidae
http://arctosdb.org/home/data/; https://creativecommons.org/licenses/by-nc/3.0,United States,North Carolina,"Sylva, Little Canada, Charles Creek Rd.",14-Nov-95,35.3736,-83.2261,female,,Peromyscus,Rodentia,Cricetidae
http://arctosdb.org/home/data/; https://creativecommons.org/licenses/by-nc/3.0,United States,North Carolina,"Sylva, Little Canada, Charles Creek Rd.",14-Nov-95,35.3736,-83.2261,female,,Peromyscus,Rodentia,Cricetidae
http://arctosdb.org/home/data/; https://creativecommons.org/licenses/by-nc/3.0,United States,North Carolina,"Sylva, Little Canada, Charles Creek Rd.",14-Nov-95,35.3736,-83.2261,male,,Peromyscus,Rodentia,Cricetidae
http://arctosdb.org/home/data/; https://creativecommons.org/licenses/by-nc/3.0,United States,North Carolina,"Sylva, Little Canada, Charles Creek Rd.",14-Nov-95,35.3736,-83.2261,female,,Peromyscus,Rodentia,Cricetidae
http://arctosdb.org/home/data/; https://creativecommons.org/licenses/by-nc/3.0,United States,North Carolina,"Sylva, Little Canada, Charles Creek Rd.",14-Nov-95,35.3736,-83.2261,female,,Peromyscus,Rodentia,Cricetidae
http://arctosdb.org/home/data/; https://creativecommons.org/licenses/by-nc/3.0,United States,North Carolina,"Sylva, Little Canada, Charles Creek Rd.",14-Nov-95,35.3736,-83.2261,male,,Peromyscus,Rodentia,Cricetidae
http://arctosdb.org/home/data/; https://creativecommons.org/licenses/by-nc/3.0,United States,North Carolina,"Sylva, Little Canada, Charles Creek Rd.",14-Nov-95,35.3736,-83.2261,male,,Peromyscus,Rodentia,Cricetidae
http://arctosdb.org/home/data/; https://creativecommons.org/licenses/by-nc/3.0,United States,North Carolina,"Sylva, Little Canada, Charles Creek Rd.",14-Nov-95,35.3736,-83.2261,female,,Peromyscus,Rodentia,Cricetidae
http://arctosdb.org/home/data/; https://creativecommons.org/licenses/by-nc/3.0,United States,North Carolina,"Sylva, Little Canada, Charles Creek Rd.",14-Nov-95,35.3736,-83.2261,female,,Peromyscus,Rodentia,Cricetidae
http://arctosdb.org/home/data/; https://creativecommons.org/licenses/by-nc/3.0,United States,North Carolina,"Sylva, Little Canada, Charles Creek Rd.",14-Nov-95,35.3736,-83.2261,female,,Peromyscus,Rodentia,Cricetidae
http://arctosdb.org/home/data/; https://creativecommons.org/licenses/by-nc/3.0,United States,North Carolina,"Sylva, Little Canada, Charles Creek Rd.",14-Nov-95,35.3736,-83.2261,female,,Peromyscus,Rodentia,Cricetidae
http://arctosdb.org/home/data/; https://creativecommons.org/licenses/by-nc/3.0,United States,North Carolina,"Sylva, Little Canada, Charles Creek Rd.",14-Nov-95,35.3736,-83.2261,female,,Peromyscus,Rodentia,Cricetidae
http://arctosdb.org/home/data/; https://creativecommons.org/licenses/by-nc/3.0,United States,North Carolina,"Sylva, Little Canada, Charles Creek Rd.",14-Nov-95,35.3736,-83.2261,female,,Peromyscus,Rodentia,Cricetidae
http://arctosdb.org/home/data/; https://creativecommons.org/licenses/by-nc/3.0,United States,North Carolina,"Sylva, Little Canada, Charles Creek Rd.",14-Nov-95,35.3736,-83.2261,female,,Peromyscus,Rodentia,Cricetidae
http://arctosdb.org/home/data/; https://creativecommons.org/licenses/by-nc/3.0,United States,North Carolina,"Sylva, Little Canada, Charles Creek Rd.",14-Nov-95,35.3736,-83.2261,female,,Peromyscus,Rodentia,Cricetidae
http://arctosdb.org/home/data/; https://creativecommons.org/licenses/by-nc/3.0,United States,North Carolina,"Sylva, Little Canada, Charles Creek Rd.",14-Nov-95,35.3736,-83.2261,male,,Peromyscus,Rodentia,Cricetidae
http://arctosdb.org/home/data/; https://creativecommons.org/licenses/by-nc/3.0,United States,North Carolina,"Sylva, Little Canada, Charles Creek Rd.",14-Nov-95,35.3736,-83.2261,female,,Peromyscus,Rodentia,Cricetidae
http://arctosdb.org/home/data/; https://creativecommons.org/licenses/by-nc/3.0,United States,North Carolina,"Sylva, Little Canada, Charles Creek Rd.",14-Nov-95,35.3736,-83.2261,female,,Peromyscus,Rodentia,Cricetidae
http://arctosdb.org/home/data/; https://creativecommons.org/licenses/by-nc/3.0,United States,North Carolina,"Sylva, Little Canada, Charles Creek Rd.",14-Nov-95,35.3736,-83.2261,male,,Peromyscus,Rodentia,Cricetidae
http://arctosdb.org/home/data/; https://creativecommons.org/licenses/by-nc/3.0,United States,North Carolina,"Sylva, Little Canada, Charles Creek Rd.",14-Nov-95,35.3736,-83.2261,male,,Peromyscus,Rodentia,Cricetidae
http://arctosdb.org/home/data/; https://creativecommons.org/licenses/by-nc/3.0,United States,North Carolina,"Sylva, Little Canada, Charles Creek Rd.",14-Nov-95,35.3736,-83.2261,female,,Peromyscus,Rodentia,Cricetidae
http://arctosdb.org/home/data/; https://creativecommons.org/licenses/by-nc/3.0,United States,North Carolina,"Sylva, Little Canada, Charles Creek Rd.",14-Nov-95,35.3736,-83.2261,female,,Peromyscus,Rodentia,Cricetidae
http://arctosdb.org/home/data/; https://creativecommons.org/licenses/by-nc/3.0,United States,North Carolina,2.7 MI NW HIGHLANDS,25-Nov-85,35.0733,-83.2246,male,,Blarina,Soricomorpha,Soricidae
http://arctosdb.org/home/data/; https://creativecommons.org/licenses/by-nc/3.0,United States,North Carolina,2.7 MI NW HIGHLANDS,25-Nov-85,35.0733,-83.2246,female,,Blarina,Soricomorpha,Soricidae
http://arctosdb.org/home/data/; https://creativecommons.org/licenses/by-nc/3.0,United States,North Carolina,2.7 MI NW HIGHLANDS,26-Nov-85,35.0733,-83.2246,female,,Myodes,Rodentia,Cricetidae
http://arctosdb.org/home/data/; https://creativecommons.org/licenses/by-nc/3.0,United States,North Carolina,2.7 mi. NW HIGHLANDS,25-Nov-85,35.0733,-83.2246,male,,Microtus,Rodentia,Cricetidae
http://arctosdb.org/home/data/; https://creativecommons.org/licenses/by-nc/3.0,United States,North Carolina,2.7 mi NW HIGHLANDS,25-Nov-85,35.0733,-83.2246,female,,Tamiasciurus,Rodentia,Sciuridae
http://mvz.berkeley.edu/mvzdata_terms; https://creativecommons.org/licenses/by/3.0,United States,North Carolina,0.5 mi S Webster,2-Feb-46,35.3379,-83.2191,female,,Eptesicus,Chiroptera,Vespertilionidae
http://mvz.berkeley.edu/mvzdata_terms; https://creativecommons.org/licenses/by/3.0,United States,North Carolina,0.5 mi S Webster,2-Feb-46,35.3379,-83.2191,female,,Eptesicus,Chiroptera,Vespertilionidae
http://mvz.berkeley.edu/mvzdata_terms; https://creativecommons.org/licenses/by/3.0,United States,North Carolina,0.5 mi S Webster,2-Feb-46,35.3379,-83.2191,female,,Eptesicus,Chiroptera,Vespertilionidae
http://mvz.berkeley.edu/mvzdata_terms; https://creativecommons.org/licenses/by/3.0,United States,North Carolina,0.5 mi S Webster,2-Feb-46,35.3379,-83.2191,female,,Eptesicus,Chiroptera,Vespertilionidae
http://mvz.berkeley.edu/mvzdata_terms; https://creativecommons.org/licenses/by/3.0,United States,North Carolina,0.5 mi S Webster,2-Feb-46,35.3379,-83.2191,female,,Perimyotis,Chiroptera,Vespertilionidae
http://mvz.berkeley.edu/mvzdata_terms; https://creativecommons.org/licenses/by/3.0,United States,North Carolina,0.5 mi S Webster,2-Feb-46,35.3379,-83.2191,male,,Perimyotis,Chiroptera,Vespertilionidae
http://mvz.berkeley.edu/mvzdata_terms; https://creativecommons.org/licenses/by/3.0,United States,North Carolina,0.5 mi S Webster,2-Feb-46,35.3379,-83.2191,male,,Perimyotis,Chiroptera,Vespertilionidae
http://mvz.berkeley.edu/mvzdata_terms; https://creativecommons.org/licenses/by/3.0,United States,North Carolina,0.5 mi S Webster,2-Feb-46,35.3379,-83.2191,female,,Perimyotis,Chiroptera,Vespertilionidae
http://mvz.berkeley.edu/mvzdata_terms; https://creativecommons.org/licenses/by/3.0,United States,North Carolina,0.5 mi S Webster,2-Feb-46,35.3379,-83.2191,male,,Perimyotis,Chiroptera,Vespertilionidae
http://mvz.berkeley.edu/mvzdata_terms; https://creativecommons.org/licenses/by/3.0,United States,North Carolina,0.5 mi S Webster,2-Feb-46,35.3379,-83.2191,male,,Perimyotis,Chiroptera,Vespertilionidae
http://mvz.berkeley.edu/mvzdata_terms; https://creativecommons.org/licenses/by/3.0,United States,North Carolina,0.5 mi S Webster,2-Feb-46,35.3379,-83.2191,male,,Perimyotis,Chiroptera,Vespertilionidae
http://mvz.berkeley.edu/mvzdata_terms; https://creativecommons.org/licenses/by/3.0,United States,North Carolina,0.5 mi S Webster,2-Feb-46,35.3379,-83.2191,male,,Perimyotis,Chiroptera,Vespertilionidae
http://mvz.berkeley.edu/mvzdata_terms; https://creativecommons.org/licenses/by/3.0,United States,North Carolina,0.5 mi S Webster,2-Feb-46,35.3379,-83.2191,male,,Plecotus,Chiroptera,Vespertilionidae
http://mvz.berkeley.edu/mvzdata_terms; https://creativecommons.org/licenses/by/3.0,United States,North Carolina,"Kitchen's Cave, 2.25 mi NE Sylva",1-Feb-46,35.39708,-83.19782,male,,Myotis,Chiroptera,Vespertilionidae
http://mvz.berkeley.edu/mvzdata_terms; https://creativecommons.org/licenses/by/3.0,United States,North Carolina,"Kitchen's Cave, 2.25 mi NE Sylva",1-Feb-46,35.39708,-83.19782,male,,Myotis,Chiroptera,Vespertilionidae
http://mvz.berkeley.edu/mvzdata_terms; https://creativecommons.org/licenses/by/3.0,United States,North Carolina,"Kitchen's Cave, 2.25 mi NE Sylva",1-Feb-46,35.39708,-83.19782,female,,Myotis,Chiroptera,Vespertilionidae
http://mvz.berkeley.edu/mvzdata_terms; https://creativecommons.org/licenses/by/3.0,United States,North Carolina,"Kitchen's Cave, 2.25 mi NE Sylva",1-Feb-46,35.39708,-83.19782,male,,Myotis,Chiroptera,Vespertilionidae
http://mvz.berkeley.edu/mvzdata_terms; https://creativecommons.org/licenses/by/3.0,United States,North Carolina,"Kitchen's Cave, 2.25 mi NE Sylva",1-Feb-46,35.39708,-83.19782,male,,Myotis,Chiroptera,Vespertilionidae
http://mvz.berkeley.edu/mvzdata_terms; https://creativecommons.org/licenses/by/3.0,United States,North Carolina,"Kitchen's Cave, 2.25 mi NE Sylva",1-Feb-46,35.39708,-83.19782,male,,Myotis,Chiroptera,Vespertilionidae
http://mvz.berkeley.edu/mvzdata_terms; https://creativecommons.org/licenses/by/3.0,United States,North Carolina,"Kitchen's Cave, 2.25 mi NE Sylva",2-Feb-46,35.39708,-83.19782,male,,Myotis,Chiroptera,Vespertilionidae
http://mvz.berkeley.edu/mvzdata_terms; https://creativecommons.org/licenses/by/3.0,United States,North Carolina,"Kitchen's Cave, 2.25 mi NE Sylva",2-Feb-46,35.39708,-83.19782,female,,Myotis,Chiroptera,Vespertilionidae
http://mvz.berkeley.edu/mvzdata_terms; https://creativecommons.org/licenses/by/3.0,United States,North Carolina,"Kitchen's Cave, 2.25 mi NE Sylva",2-Feb-46,35.39708,-83.19782,female,,Eptesicus,Chiroptera,Vespertilionidae
http://arctosdb.org/home/data/; https://creativecommons.org/publicdomain/zero/1.0,United States,North Carolina,"7 miles east of Smokemont, Great Smoky Mountains National Park",[transcribed directly into formatted date fields],35.553367,-83.183685,male,,Peromyscus,Rodentia,Cricetidae
http://arctosdb.org/home/data/; https://creativecommons.org/publicdomain/zero/1.0,United States,North Carolina,"7 miles east of Smokemont, Great Smoky Mountains National Park",[transcribed directly into formatted date fields],35.553367,-83.183685,male,,Peromyscus,Rodentia,Cricetidae
http://arctosdb.org/home/data/; https://creativecommons.org/publicdomain/zero/1.0,United States,North Carolina,"7 miles east of Smokemont, Great Smoky Mountains National Park",[transcribed directly into formatted date fields],35.553367,-83.183685,male,,Peromyscus,Rodentia,Cricetidae
http://arctosdb.org/home/data/; https://creativecommons.org/publicdomain/zero/1.0,United States,North Carolina,"7 miles east of Smokemont, Great Smoky Mountains National Park",[transcribed directly into formatted date fields],35.553367,-83.183685,male,,Peromyscus,Rodentia,Cricetidae
http://arctosdb.org/home/data/; https://creativecommons.org/publicdomain/zero/1.0,United States,North Carolina,"7 miles east of Smokemont, Great Smoky Mountains National Park",[transcribed directly into formatted date fields],35.553367,-83.183685,male,,Sorex,Soricomorpha,Soricidae
http://arctosdb.org/home/data/; https://creativecommons.org/publicdomain/zero/1.0,United States,North Carolina,"7 miles east of Smokemont, Great Smoky Mountains National Park",[transcribed directly into formatted date fields],35.553367,-83.183685,female,,Sorex,Soricomorpha,Soricidae
http://arctosdb.org/home/data/; https://creativecommons.org/publicdomain/zero/1.0,United States,North Carolina,"7 miles east of Smokemont, Great Smoky Mountains National Park",[transcribed directly into formatted date fields],35.553367,-83.183685,male,,Peromyscus,Rodentia,Cricetidae
http://arctosdb.org/home/data/; https://creativecommons.org/publicdomain/zero/1.0,United States,North Carolina,"7 miles east of Smokemont, Great Smoky Mountains National Park",[transcribed directly into formatted date fields],35.553367,-83.183685,male,,Peromyscus,Rodentia,Cricetidae
http://arctosdb.org/home/data/; https://creativecommons.org/publicdomain/zero/1.0,United States,North Carolina,"7 miles east of Smokemont, Great Smoky Mountains National Park",[transcribed directly into formatted date fields],35.553367,-83.183685,female,,Peromyscus,Rodentia,Cricetidae
http://arctosdb.org/home/data/; https://creativecommons.org/publicdomain/zero/1.0,United States,North Carolina,"7 miles east of Smokemont, Great Smoky Mountains National Park",[transcribed directly into formatted date fields],35.553367,-83.183685,male,,Peromyscus,Rodentia,Cricetidae
http://arctosdb.org/home/data/; https://creativecommons.org/publicdomain/zero/1.0,United States,North Carolina,"7 miles east of Smokemont, Great Smoky Mountains National Park",[transcribed directly into formatted date fields],35.553367,-83.183685,male,,Peromyscus,Rodentia,Cricetidae
http://arctosdb.org/home/data/; https://creativecommons.org/publicdomain/zero/1.0,United States,North Carolina,"7 miles east of Smokemont along a branch of the Oconaluftee River, Great Smoky Mountains National Park",[transcribed directly into formatted date fields],35.553367,-83.183685,female,,Blarina,Soricomorpha,Soricidae
http://arctosdb.org/home/data/; https://creativecommons.org/publicdomain/zero/1.0,United States,North Carolina,"7 miles east of Smokemont along a branch of the Oconaluftee River, Great Smoky Mountains National Park",[transcribed directly into formatted date fields],35.553367,-83.183685,male,,Blarina,Soricomorpha,Soricidae
http://arctosdb.org/home/data/; https://creativecommons.org/publicdomain/zero/1.0,United States,North Carolina,"7 miles east of Smokemont along a branch of the Oconaluftee River, Great Smoky Mountains National Park",[transcribed directly into formatted date fields],35.553367,-83.183685,male,,Blarina,Soricomorpha,Soricidae
http://arctosdb.org/home/data/; https://creativecommons.org/publicdomain/zero/1.0,United States,North Carolina,"7 miles east of Smokemont along a branch of the Oconaluftee River, Great Smoky Mountains National Park",[transcribed directly into formatted date fields],35.553367,-83.183685,male,,Blarina,Soricomorpha,Soricidae
http://arctosdb.org/home/data/; https://creativecommons.org/publicdomain/zero/1.0,United States,North Carolina,"7 miles east of Smokemont, Great Smoky Mountains National Park",[transcribed directly into formatted date fields],35.553367,-83.183685,female,,Blarina,Soricomorpha,Soricidae
http://arctosdb.org/home/data/; https://creativecommons.org/publicdomain/zero/1.0,United States,North Carolina,"7 miles east of Smokemont, Great Smoky Mountains National Park",[transcribed directly into formatted date fields],35.553367,-83.183685,male,,Peromyscus,Rodentia,Cricetidae
http://arctosdb.org/home/data/; https://creativecommons.org/publicdomain/zero/1.0,United States,North Carolina,"7 miles east of Smokemont, Great Smoky Mountains National Park",[transcribed directly into formatted date fields],35.553367,-83.183685,male,,Peromyscus,Rodentia,Cricetidae
http://arctosdb.org/home/data/; https://creativecommons.org/publicdomain/zero/1.0,United States,North Carolina,"7 miles east of Smokemont, Great Smoky Mountains National Park",[transcribed directly into formatted date fields],35.553367,-83.183685,male,,Peromyscus,Rodentia,Cricetidae
http://arctosdb.org/home/data/; https://creativecommons.org/publicdomain/zero/1.0,United States,North Carolina,"7 miles east of Smokemont, Great Smoky Mountains National Park",[transcribed directly into formatted date fields],35.553367,-83.183685,female,,Peromyscus,Rodentia,Cricetidae
http://arctosdb.org/home/data/; https://creativecommons.org/publicdomain/zero/1.0,United States,North Carolina,"7 miles east of Smokemont, Great Smoky Mountains National Park",[transcribed directly into formatted date fields],35.553367,-83.183685,female,,Peromyscus,Rodentia,Cricetidae
http://arctosdb.org/home/data/; https://creativecommons.org/publicdomain/zero/1.0,United States,North Carolina,"7 miles east of Smokemont, Great Smoky Mountains National Park",[transcribed directly into formatted date fields],35.553367,-83.183685,male,,Peromyscus,Rodentia,Cricetidae
http://arctosdb.org/home/data/; https://creativecommons.org/publicdomain/zero/1.0,United States,North Carolina,"7 miles east of Smokemont, Great Smoky Mountains National Park",[transcribed directly into formatted date fields],35.553367,-83.183685,female,,Peromyscus,Rodentia,Cricetidae
http://arctosdb.org/home/data/; https://creativecommons.org/publicdomain/zero/1.0,United States,North Carolina,"7 miles east of Smokemont, Great Smoky Mountains National Park",[transcribed directly into formatted date fields],35.553367,-83.183685,male,,Peromyscus,Rodentia,Cricetidae
http://arctosdb.org/home/data/; https://creativecommons.org/publicdomain/zero/1.0,United States,North Carolina,"7 miles east of Smokemont, Great Smoky Mountains National Park",[transcribed directly into formatted date fields],35.553367,-83.183685,male,,Peromyscus,Rodentia,Cricetidae
http://arctosdb.org/home/data/; https://creativecommons.org/publicdomain/zero/1.0,United States,North Carolina,"7 miles east of Smokemont, Great Smoky Mountains National Park",[transcribed directly into formatted date fields],35.553367,-83.183685,female,,Peromyscus,Rodentia,Cricetidae
http://arctosdb.org/home/data/; https://creativecommons.org/publicdomain/zero/1.0,United States,North Carolina,"7 miles east of Smokemont, Great Smoky Mountains National Park",[transcribed directly into formatted date fields],35.553367,-83.183685,male,,Peromyscus,Rodentia,Cricetidae
http://arctosdb.org/home/data/; https://creativecommons.org/publicdomain/zero/1.0,United States,North Carolina,"7 miles east of Smokemont, Great Smoky Mountains National Park",[transcribed directly into formatted date fields],35.553367,-83.183685,female,,Peromyscus,Rodentia,Cricetidae
http://arctosdb.org/home/data/; https://creativecommons.org/publicdomain/zero/1.0,United States,North Carolina,"7 miles east of Smokemont, Great Smoky Mountains National Park",[transcribed directly into formatted date fields],35.553367,-83.183685,male,,Peromyscus,Rodentia,Cricetidae
http://arctosdb.org/home/data/; https://creativecommons.org/publicdomain/zero/1.0,United States,North Carolina,"7 miles east of Smokemont, Great Smoky Mountains National Park",[transcribed directly into formatted date fields],35.553367,-83.183685,female,,Peromyscus,Rodentia,Cricetidae
http://arctosdb.org/home/data/; https://creativecommons.org/publicdomain/zero/1.0,United States,North Carolina,"7 miles east of Smokemont, Great Smoky Mountains National Park",[transcribed directly into formatted date fields],35.553367,-83.183685,male,,Peromyscus,Rodentia,Cricetidae
http://arctosdb.org/home/data/; https://creativecommons.org/publicdomain/zero/1.0,United States,North Carolina,"7 miles east of Smokemont, Great Smoky Mountains National Park",[transcribed directly into formatted date fields],35.553367,-83.183685,female,,Peromyscus,Rodentia,Cricetidae
http://arctosdb.org/home/data/; https://creativecommons.org/publicdomain/zero/1.0,United States,North Carolina,"7 miles east of Smokemont, Great Smoky Mountains National Park",[transcribed directly into formatted date fields],35.553367,-83.183685,female,,Blarina,Soricomorpha,Soricidae
http://arctosdb.org/home/data/; https://creativecommons.org/publicdomain/zero/1.0,United States,North Carolina,"7 miles east of Smokemont along a branch of the Oconaluftee River, Great Smoky Mountains National Park",[transcribed directly into formatted date fields],35.553367,-83.183685,female,,Glaucomys,Rodentia,Sciuridae
http://arctosdb.org/home/data/; https://creativecommons.org/licenses/by-nc/3.0,United States,North Carolina,"Nantahala National Forest, 1.12 km E of Bryson Knob, along State Road 1756",23-Oct-21,35.26765002,-82.98172703,male,adult,Peromyscus,Rodentia,Cricetidae
http://arctosdb.org/home/data/; https://creativecommons.org/licenses/by-nc/3.0,United States,North Carolina,"Nantahala National Forest, 1.12 km E of Bryson Knob, along State Road 1756",28-Aug-21,35.26768497,-82.98165897,female,adult,Peromyscus,Rodentia,Cricetidae
http://arctosdb.org/home/data/; https://creativecommons.org/licenses/by-nc/3.0,United States,North Carolina,"Nantahala National Forest, 1.12 km E of Bryson Knob, along State Road 1756",23-Oct-21,35.26761398,-82.98141397,male,adult,Peromyscus,Rodentia,Cricetidae
http://arctosdb.org/home/data/; https://creativecommons.org/licenses/by-nc/3.0,United States,North Carolina,"Nantahala National Forest, 1.12 km E of Bryson Knob, along State Road 1756",13-Nov-21,35.26775203,-82.98137097,female,adult,Peromyscus,Rodentia,Cricetidae
http://arctosdb.org/home/data/; https://creativecommons.org/licenses/by-nc/3.0,United States,North Carolina,"Nantahala National Forest, 1.12 km E of Bryson Knob, along State Road 1756",16-Jan-21,35.26759403,-82.981333,male,adult,Peromyscus,Rodentia,Cricetidae
http://arctosdb.org/home/data/; https://creativecommons.org/licenses/by-nc/3.0,United States,North Carolina,"Nantahala National Forest, 1.12 km E of Bryson Knob, along State Road 1756",26-Jul-21,35.26768003,-82.98131003,male,adult,Peromyscus,Rodentia,Cricetidae
http://arctosdb.org/home/data/; https://creativecommons.org/licenses/by-nc/3.0,United States,North Carolina,"Nantahala National Forest, 1.12 km E of Bryson Knob, along State Road 1756",18-Sep-21,35.26774499,-82.98129201,male,adult,Peromyscus,Rodentia,Cricetidae
http://arctosdb.org/home/data/; https://creativecommons.org/licenses/by-nc/3.0,United States,North Carolina,"Nantahala National Forest, 1.12 km E of Bryson Knob, along State Road 1756",5-Dec-20,35.26730703,-82.98129,female,adult,Peromyscus,Rodentia,Cricetidae
http://arctosdb.org/home/data/; https://creativecommons.org/licenses/by-nc/3.0,United States,North Carolina,"Nantahala National Forest, 1.12 km E of Bryson Knob, along State Road 1756",5-Dec-20,35.26735104,-82.98126996,male,adult,Peromyscus,Rodentia,Cricetidae
http://arctosdb.org/home/data/; https://creativecommons.org/licenses/by-nc/3.0,United States,North Carolina,"Nantahala National Forest, 1.12 km E of Bryson Knob, along State Road 1756",23-Oct-21,35.26755698,-82.98102999,female,adult,Peromyscus,Rodentia,Cricetidae
http://arctosdb.org/home/data/; https://creativecommons.org/licenses/by-nc/3.0,United States,North Carolina,"Nantahala National Forest, 1.12 km E of Bryson Knob, along State Road 1756",18-Sep-21,35.26739504,-82.98095296,female,adult,Peromyscus,Rodentia,Cricetidae
http://arctosdb.org/home/data/; https://creativecommons.org/licenses/by-nc/3.0,United States,North Carolina,"Nantahala National Forest, 1.12 km E of Bryson Knob, along State Road 1756",26-Jul-21,35.26752798,-82.980917,male,adult,Peromyscus,Rodentia,Cricetidae
http://arctosdb.org/home/data/; https://creativecommons.org/licenses/by-nc/3.0,United States,North Carolina,"Nantahala National Forest, 1.12 km E of Bryson Knob, along State Road 1756",18-Sep-21,35.26753603,-82.98091097,male,adult,Peromyscus,Rodentia,Cricetidae
http://arctosdb.org/home/data/; https://creativecommons.org/licenses/by-nc/3.0,United States,North Carolina,"Nantahala National Forest, 1.12 km E of Bryson Knob, along State Road 1756",5-Dec-20,35.267517,-82.98074501,female,adult,Peromyscus,Rodentia,Cricetidae
http://arctosdb.org/home/data/; https://creativecommons.org/licenses/by-nc/3.0,United States,North Carolina,"Nantahala National Forest, 1.12 km E of Bryson Knob, along State Road 1756",5-Dec-20,35.267288,-82.98066404,female,adult,Peromyscus,Rodentia,Cricetidae
http://arctosdb.org/home/data/; https://creativecommons.org/licenses/by-nc/3.0,United States,North Carolina,"Nantahala National Forest, 1.12 km E of Bryson Knob, along State Road 1756",20-Mar-21,35.26728599,-82.98063998,male,adult,Peromyscus,Rodentia,Cricetidae
http://arctosdb.org/home/data/; https://creativecommons.org/licenses/by-nc/3.0,United States,North Carolina,"Pisgah National Forest, 0.64 km N of Bruce Knob, along NC Highway 215",18-Sep-21,35.26777399,-82.98061299,male,adult,Napaeozapus,Rodentia,Dipodidae
http://arctosdb.org/home/data/; https://creativecommons.org/licenses/by-nc/3.0,United States,North Carolina,"Pisgah National Forest, 0.64 km N of Bruce Knob, along NC Highway 215",18-Sep-21,35.26777399,-82.98061299,male,adult,Peromyscus,Rodentia,Cricetidae
http://arctosdb.org/home/data/; https://creativecommons.org/licenses/by-nc/3.0,United States,North Carolina,"Nantahala National Forest, 1.12 km E of Bryson Knob, along State Road 1756",18-Sep-21,35.267373,-82.98056697,male,adult,Peromyscus,Rodentia,Cricetidae
http://arctosdb.org/home/data/; https://creativecommons.org/licenses/by-nc/3.0,United States,North Carolina,"Nantahala National Forest, 0.2 km SE of Camp Mountain, along State Road 1756",2-May-21,35.27764997,-82.97437501,male,adult,Peromyscus,Rodentia,Cricetidae
http://arctosdb.org/home/data/; https://creativecommons.org/licenses/by-nc/3.0,United States,North Carolina,"Nantahala National Forest, 0.2 km SE of Camp Mountain, along State Road 1756",2-May-21,35.27773202,-82.97413898,female,adult,Peromyscus,Rodentia,Cricetidae
http://arctosdb.org/home/data/; https://creativecommons.org/licenses/by-nc/3.0,United States,North Carolina,"Nantahala National Forest, 0.2 km SE of Camp Mountain, along State Road 1756",2-May-21,35.277628,-82.97404502,male,adult,Peromyscus,Rodentia,Cricetidae
http://arctosdb.org/home/data/; https://creativecommons.org/licenses/by-nc/3.0,United States,North Carolina,"Nantahala National Forest, 0.2 km SE of Camp Mountain, along State Road 1756",26-Jun-21,35.27735501,-82.97362098,female,adult,Sorex,Soricomorpha,Soricidae
http://arctosdb.org/home/data/; https://creativecommons.org/licenses/by-nc/3.0,United States,North Carolina,"Nantahala National Forest, 0.64 km SW of Camp Mountain, along State Road 1756",2-May-21,35.25951304,-82.95242004,female,adult,Peromyscus,Rodentia,Cricetidae
http://arctosdb.org/home/data/; https://creativecommons.org/licenses/by-nc/3.0,United States,North Carolina,"Nantahala National Forest, 0.64 km SW of Camp Mountain, along State Road 1756",2-May-21,35.25951304,-82.95242004,female,adult,Glaucomys,Rodentia,Sciuridae
http://arctosdb.org/home/data/; https://creativecommons.org/licenses/by-nc/3.0,United States,North Carolina,"Nantahala National Forest, 0.64 km SW of Camp Mountain, along State Road 1756",26-Jun-21,35.25937096,-82.95221703,male,adult,Peromyscus,Rodentia,Cricetidae
http://arctosdb.org/home/data/; https://creativecommons.org/licenses/by-nc/3.0,United States,North Carolina,"Nantahala National Forest, 0.64 km SW of Camp Mountain, along State Road 1756",28-Aug-21,35.25950499,-82.95221401,female,adult,Peromyscus,Rodentia,Cricetidae
http://arctosdb.org/home/data/; https://creativecommons.org/licenses/by-nc/3.0,United States,North Carolina,"Nantahala National Forest, 0.64 km SW of Camp Mountain, along State Road 1756",18-Sep-21,35.25940801,-82.95212399,female,adult,Peromyscus,Rodentia,Cricetidae
http://arctosdb.org/home/data/; https://creativecommons.org/licenses/by-nc/3.0,United States,North Carolina,"Nantahala National Forest, 0.64 km SW of Camp Mountain, along State Road 1756",20-Mar-21,35.25935504,-82.95203598,female,adult,Peromyscus,Rodentia,Cricetidae
http://arctosdb.org/home/data/; https://creativecommons.org/licenses/by-nc/3.0,United States,North Carolina,"Nantahala National Forest, 0.64 km SW of Camp Mountain, along State Road 1756",20-Feb-21,35.25960398,-82.95197303,male,adult,Peromyscus,Rodentia,Cricetidae
http://arctosdb.org/home/data/; https://creativecommons.org/licenses/by-nc/3.0,United States,North Carolina,"Nantahala National Forest, 0.64 km SW of Camp Mountain, along State Road 1756",16-Jan-21,35.25889101,-82.95187002,male,adult,Peromyscus,Rodentia,Cricetidae
http://arctosdb.org/home/data/; https://creativecommons.org/licenses/by-nc/3.0,United States,North Carolina,"Nantahala National Forest, 0.64 km SW of Camp Mountain, along State Road 1756",5-Dec-20,35.25941002,-82.95180498,female,adult,Peromyscus,Rodentia,Cricetidae
http://arctosdb.org/home/data/; https://creativecommons.org/licenses/by-nc/3.0,United States,North Carolina,"Nantahala National Forest, 0.64 km SW of Camp Mountain, along State Road 1756",2-May-21,35.25892203,-82.95175502,male,adult,Peromyscus,Rodentia,Cricetidae
http://arctosdb.org/home/data/; https://creativecommons.org/licenses/by-nc/3.0,United States,North Carolina,"Nantahala National Forest, 0.64 km SW of Camp Mountain, along State Road 1756",26-Jun-21,35.25888599,-82.95174496,female,adult,Myodes,Rodentia,Cricetidae
http://arctosdb.org/home/data/; https://creativecommons.org/licenses/by-nc/3.0,United States,North Carolina,"Nantahala National Forest, 0.64 km SW of Camp Mountain, along State Road 1756",26-Jun-21,35.25940499,-82.951709,female,adult,Peromyscus,Rodentia,Cricetidae
http://arctosdb.org/home/data/; https://creativecommons.org/licenses/by-nc/3.0,United States,North Carolina,"Nantahala National Forest, 0.64 km SW of Camp Mountain, along State Road 1756",13-Dec-21,35.25962602,-82.95164396,male,adult,Peromyscus,Rodentia,Cricetidae
http://arctosdb.org/home/data/; https://creativecommons.org/licenses/by-nc/3.0,United States,North Carolina,"Nantahala National Forest, 0.64 km SW of Camp Mountain, along State Road 1756",16-Jan-21,35.25888196,-82.95164203,male,adult,Peromyscus,Rodentia,Cricetidae
http://arctosdb.org/home/data/; https://creativecommons.org/licenses/by-nc/3.0,United States,North Carolina,"Nantahala National Forest, 0.64 km SW of Camp Mountain, along State Road 1756",23-Oct-21,35.25938798,-82.951608,male,adult,Peromyscus,Rodentia,Cricetidae
http://arctosdb.org/home/data/; https://creativecommons.org/licenses/by-nc/3.0,United States,North Carolina,"Nantahala National Forest, 0.64 km SW of Camp Mountain, along State Road 1756",2-May-21,35.25940399,-82.951607,female,adult,Peromyscus,Rodentia,Cricetidae
http://arctosdb.org/home/data/; https://creativecommons.org/licenses/by-nc/3.0,United States,North Carolina,"Nantahala National Forest, 0.64 km SW of Camp Mountain, along State Road 1756",26-May-21,35.25954598,-82.95158101,female,adult,Peromyscus,Rodentia,Cricetidae
http://arctosdb.org/home/data/; https://creativecommons.org/licenses/by-nc/3.0,United States,North Carolina,"Nantahala National Forest, 0.64 km SW of Camp Mountain, along State Road 1756",26-Jul-21,35.25928999,-82.95151899,male,adult,Peromyscus,Rodentia,Cricetidae
http://arctosdb.org/home/data/; https://creativecommons.org/licenses/by-nc/3.0,United States,North Carolina,"Nantahala National Forest, 0.64 km SW of Camp Mountain, along State Road 1756",5-Dec-20,35.25916301,-82.951492,female,adult,Peromyscus,Rodentia,Cricetidae
http://arctosdb.org/home/data/; https://creativecommons.org/licenses/by-nc/3.0,United States,North Carolina,"Nantahala National Forest, 0.64 km SW of Camp Mountain, along State Road 1756",28-Aug-21,35.25867803,-82.95143299,male,adult,Peromyscus,Rodentia,Cricetidae
http://arctosdb.org/home/data/; https://creativecommons.org/licenses/by-nc/3.0,United States,North Carolina,"Nantahala National Forest, 0.64 km SW of Camp Mountain, along State Road 1756",18-Sep-21,35.258946,-82.95133802,male,adult,Peromyscus,Rodentia,Cricetidae
http://arctosdb.org/home/data/; https://creativecommons.org/licenses/by-nc/3.0,United States,North Carolina,"Nantahala National Forest, 0.64 km SW of Camp Mountain, along State Road 1756",20-Mar-21,35.25893996,-82.95132101,male,adult,Sorex,Soricomorpha,Soricidae
http://arctosdb.org/home/data/; https://creativecommons.org/licenses/by-nc/3.0,United States,North Carolina,"Nantahala National Forest, 0.64 km SW of Camp Mountain, along State Road 1756",26-May-21,35.25901398,-82.95131799,female,adult,Ochrotomys,Rodentia,Cricetidae
http://arctosdb.org/home/data/; https://creativecommons.org/licenses/by-nc/3.0,United States,North Carolina,"Nantahala National Forest, 0.64 km SW of Camp Mountain, along State Road 1756",26-May-21,35.25850603,-82.95131296,male,adult,Peromyscus,Rodentia,Cricetidae
http://arctosdb.org/home/data/; https://creativecommons.org/licenses/by-nc/3.0,United States,North Carolina,"Pisgah National Forest, 2.7 km WSW of High Top Mountain, Sunburst Campground",29-Jun-20,35.37412399,-82.940663,male,adult,Tamias,Rodentia,Sciuridae
http://arctosdb.org/home/data/; https://creativecommons.org/licenses/by-nc/3.0,United States,North Carolina,"Cold Mountain Game Lands, 3.9 km W of peak of Cold Mountain, along Little East Fork of Pigeon River",28-Aug-20,35.37365402,-82.94036301,male,adult,Synaptomys,Rodentia,Cricetidae
http://arctosdb.org/home/data/; https://creativecommons.org/licenses/by-nc/3.0,United States,North Carolina,"Pisgah National Forest, 3.06 km SW High Top Mountain, along NC Highway 215",29-Aug-21,35.37082999,-82.93966102,female,adult,Napaeozapus,Rodentia,Dipodidae
http://arctosdb.org/home/data/; https://creativecommons.org/licenses/by-nc/3.0,United States,North Carolina,"Pisgah National Forest, 3.06 km SW High Top Mountain, along NC Highway 215",29-Aug-21,35.37082999,-82.93966102,male,adult,Peromyscus,Rodentia,Cricetidae
http://arctosdb.org/home/data/; https://creativecommons.org/licenses/by-nc/3.0,United States,North Carolina,"Pisgah National Forest, 3.06 km SW High Top Mountain, along NC Highway 215",18-Sep-21,35.37102797,-82.93901403,female,adult,Sorex,Soricomorpha,Soricidae
http://arctosdb.org/home/data/; https://creativecommons.org/licenses/by-nc/3.0,United States,North Carolina,"Cold Mountain Game Lands, 0.9 km SW of south shore of Lake Logan",30-Aug-20,35.40285598,-82.93640197,male,adult,Blarina,Soricomorpha,Soricidae
http://arctosdb.org/home/data/; https://creativecommons.org/licenses/by-nc/3.0,United States,North Carolina,"Cold Mountain Game Lands, 0.9 km SW of south shore of Lake Logan",29-Jun-20,35.40350399,-82.93630298,male,adult,Peromyscus,Rodentia,Cricetidae
http://arctosdb.org/home/data/; https://creativecommons.org/licenses/by-nc/3.0,United States,North Carolina,"Cold Mountain Game Lands, 0.9 km SW of south shore of Lake Logan",30-Jun-20,35.40391697,-82.93627197,male,adult,Peromyscus,Rodentia,Cricetidae
http://arctosdb.org/home/data/; https://creativecommons.org/licenses/by-nc/3.0,United States,North Carolina,"Cold Mountain Game Lands, 0.9 km SW of south shore of Lake Logan",29-Jun-20,35.40342998,-82.93626401,female,adult,Peromyscus,Rodentia,Cricetidae
http://arctosdb.org/home/data/; https://creativecommons.org/licenses/by-nc/3.0,United States,North Carolina,"Cold Mountain Game Lands, 0.9 km SW of south shore of Lake Logan",29-Jun-20,35.40340701,-82.936249,male,adult,Peromyscus,Rodentia,Cricetidae
http://arctosdb.org/home/data/; https://creativecommons.org/licenses/by-nc/3.0,United States,North Carolina,"Cold Mountain Game Lands, 0.9 km SW of south shore of Lake Logan",30-Jun-20,35.40290896,-82.93622696,female,adult,Peromyscus,Rodentia,Cricetidae
http://arctosdb.org/home/data/; https://creativecommons.org/licenses/by-nc/3.0,United States,North Carolina,"Cold Mountain Game Lands, 0.9 km SW of south shore of Lake Logan",29-Aug-20,35.40358596,-82.93618103,female,adult,Peromyscus,Rodentia,Cricetidae
http://arctosdb.org/home/data/; https://creativecommons.org/licenses/by-nc/3.0,United States,North Carolina,"Cold Mountain Game Lands, 0.9 km SW of south shore of Lake Logan",29-Jun-20,35.402973,-82.93617097,male,subadult,Peromyscus,Rodentia,Cricetidae
http://arctosdb.org/home/data/; https://creativecommons.org/licenses/by-nc/3.0,United States,North Carolina,"Cold Mountain Game Lands, 0.9 km SW of south shore of Lake Logan",29-Aug-20,35.40326896,-82.93613199,male,adult,Blarina,Soricomorpha,Soricidae
http://arctosdb.org/home/data/; https://creativecommons.org/licenses/by-nc/3.0,United States,North Carolina,"Cold Mountain Game Lands, 0.9 km SW of south shore of Lake Logan",29-Aug-20,35.40339997,-82.93613099,male,adult,Blarina,Soricomorpha,Soricidae
http://arctosdb.org/home/data/; https://creativecommons.org/licenses/by-nc/3.0,United States,North Carolina,"Cold Mountain Game Lands, 0.9 km SW of south shore of Lake Logan",29-Jun-20,35.40323996,-82.93611799,male,adult,Peromyscus,Rodentia,Cricetidae
http://arctosdb.org/home/data/; https://creativecommons.org/licenses/by-nc/3.0,United States,North Carolina,"Cold Mountain Game Lands, 0.9 km SW of south shore of Lake Logan",30-Jun-20,35.40294299,-82.93610098,male,adult,Peromyscus,Rodentia,Cricetidae
http://arctosdb.org/home/data/; https://creativecommons.org/licenses/by-nc/3.0,United States,North Carolina,"Cold Mountain Game Lands, 0.9 km SW of south shore of Lake Logan",30-Aug-20,35.40325798,-82.93610098,male,adult,Sorex,Soricomorpha,Soricidae
http://arctosdb.org/home/data/; https://creativecommons.org/licenses/by-nc/3.0,United States,North Carolina,"Cold Mountain Game Lands, 0.9 km SW of south shore of Lake Logan",29-Aug-20,35.40385201,-82.93608698,male,adult,Blarina,Soricomorpha,Soricidae
http://arctosdb.org/home/data/; https://creativecommons.org/licenses/by-nc/3.0,United States,North Carolina,"Cold Mountain Game Lands, 0.9 km SW of south shore of Lake Logan",1-Jul-20,35.40350097,-82.93608597,male,adult,Peromyscus,Rodentia,Cricetidae
http://arctosdb.org/home/data/; https://creativecommons.org/licenses/by-nc/3.0,United States,North Carolina,"Cold Mountain Game Lands, 0.9 km SW of south shore of Lake Logan",29-Aug-20,35.403922,-82.93608103,male,adult,Blarina,Soricomorpha,Soricidae
http://arctosdb.org/home/data/; https://creativecommons.org/licenses/by-nc/3.0,United States,North Carolina,"Cold Mountain Game Lands, 0.9 km SW of south shore of Lake Logan",29-Aug-20,35.40392401,-82.93608002,female,adult,Blarina,Soricomorpha,Soricidae
http://arctosdb.org/home/data/; https://creativecommons.org/licenses/by-nc/3.0,United States,North Carolina,"Cold Mountain Game Lands, 0.9 km SW of south shore of Lake Logan",28-Aug-20,35.40302496,-82.93605697,female,adult,Blarina,Soricomorpha,Soricidae
http://arctosdb.org/home/data/; https://creativecommons.org/licenses/by-nc/3.0,United States,North Carolina,"Cold Mountain Game Lands, 0.9 km SW of south shore of Lake Logan",29-Jun-20,35.40344297,-82.93605102,female,adult,Blarina,Soricomorpha,Soricidae
http://arctosdb.org/home/data/; https://creativecommons.org/licenses/by-nc/3.0,United States,North Carolina,"Cold Mountain Game Lands, 0.9 km SW of south shore of Lake Logan",29-Jun-20,35.40366098,-82.93590199,female,adult,Peromyscus,Rodentia,Cricetidae
http://arctosdb.org/home/data/; https://creativecommons.org/licenses/by-nc/3.0,United States,North Carolina,"Cold Mountain Game Lands, 0.9 km SW of south shore of Lake Logan",29-Jun-20,35.40374396,-82.93587299,male,adult,Peromyscus,Rodentia,Cricetidae
http://arctosdb.org/home/data/; https://creativecommons.org/licenses/by-nc/3.0,United States,North Carolina,"Cold Mountain Game Lands, 0.9 km SW of south shore of Lake Logan",29-Aug-20,35.40305698,-82.93570602,female,juvenile,Napaeozapus,Rodentia,Dipodidae
http://arctosdb.org/home/data/; https://creativecommons.org/licenses/by-nc/3.0,United States,North Carolina,"Cold Mountain Game Lands, 0.9 km SW of south shore of Lake Logan",30-Aug-20,35.40296604,-82.93568197,female,juvenile,Napaeozapus,Rodentia,Dipodidae
http://arctosdb.org/home/data/; https://creativecommons.org/licenses/by-nc/3.0,United States,North Carolina,"Cold Mountain Game Lands, 0.9 km SW of south shore of Lake Logan",29-Aug-20,35.40300502,-82.93565003,male,adult,Zapus,Rodentia,Dipodidae
http://arctosdb.org/home/data/; https://creativecommons.org/licenses/by-nc/3.0,United States,North Carolina,"Cold Mountain Game Lands, 0.4 km N of north shore of Lake Logan",29-Jun-20,35.425322,-82.92272204,female,adult,Peromyscus,Rodentia,Cricetidae
http://arctosdb.org/home/data/; https://creativecommons.org/licenses/by-nc/3.0,United States,North Carolina,"Cold Mountain Game Lands, 0.4 km N of north shore of Lake Logan",1-Jul-20,35.42560497,-82.92263696,male,adult,Peromyscus,Rodentia,Cricetidae
http://arctosdb.org/home/data/; https://creativecommons.org/licenses/by-nc/3.0,United States,North Carolina,"Cold Mountain Game Lands, 0.4 km N of north shore of Lake Logan",28-Aug-20,35.42532703,-82.92246203,male,adult,Zapus,Rodentia,Dipodidae
http://arctosdb.org/home/data/; https://creativecommons.org/licenses/by-nc/3.0,United States,North Carolina,"Cold Mountain Game Lands, 0.4 km N of north shore of Lake Logan",30-Jun-20,35.42586104,-82.92229699,female,adult,Peromyscus,Rodentia,Cricetidae
http://arctosdb.org/home/data/; https://creativecommons.org/licenses/by-nc/3.0,United States,North Carolina,"Cold Mountain Game Lands, 0.4 km N of north shore of Lake Logan",30-Jun-20,35.425883,-82.92228903,male,adult,Peromyscus,Rodentia,Cricetidae
http://arctosdb.org/home/data/; https://creativecommons.org/licenses/by-nc/3.0,United States,North Carolina,"Cold Mountain Game Lands, 0.4 km E of north shore of Lake Logan",30-Aug-20,35.420433,-82.92207403,male,adult,Peromyscus,Rodentia,Cricetidae
http://arctosdb.org/home/data/; https://creativecommons.org/licenses/by-nc/3.0,United States,North Carolina,"Cold Mountain Game Lands, 0.4 km E of north shore of Lake Logan",29-Aug-20,35.42062403,-82.92207303,female,adult,Peromyscus,Rodentia,Cricetidae
http://arctosdb.org/home/data/; https://creativecommons.org/licenses/by-nc/3.0,United States,North Carolina,"Cold Mountain Game Lands, 0.4 km E of north shore of Lake Logan",1-Jul-20,35.42027903,-82.92200698,male,adult,Peromyscus,Rodentia,Cricetidae
http://arctosdb.org/home/data/; https://creativecommons.org/licenses/by-nc/3.0,United States,North Carolina,"Cold Mountain Game Lands, 0.4 km E of north shore of Lake Logan",29-Aug-20,35.42085897,-82.92193003,male,adult,Peromyscus,Rodentia,Cricetidae
http://arctosdb.org/home/data/; https://creativecommons.org/licenses/by-nc/3.0,United States,North Carolina,"Cold Mountain Game Lands, 0.4 km N of north shore of Lake Logan",1-Jul-20,35.42597302,-82.92190799,male,adult,Zapus,Rodentia,Dipodidae
http://arctosdb.org/home/data/; https://creativecommons.org/licenses/by-nc/3.0,United States,North Carolina,"Cold Mountain Game Lands, 0.4 km E of north shore of Lake Logan",29-Aug-20,35.42100297,-82.921896,female,adult,Peromyscus,Rodentia,Cricetidae
http://arctosdb.org/home/data/; https://creativecommons.org/licenses/by-nc/3.0,United States,North Carolina,"Cold Mountain Game Lands, 0.4 km E of north shore of Lake Logan",28-Aug-20,35.42029998,-82.921796,female,subadult,Peromyscus,Rodentia,Cricetidae
http://arctosdb.org/home/data/; https://creativecommons.org/licenses/by-nc/3.0,United States,North Carolina,"Cold Mountain Game Lands, 0.4 km E of north shore of Lake Logan",28-Aug-20,35.42139298,-82.92163197,female,adult,Peromyscus,Rodentia,Cricetidae
http://arctosdb.org/home/data/; https://creativecommons.org/licenses/by-nc/3.0,United States,North Carolina,"Cold Mountain Game Lands, 0.4 km E of north shore of Lake Logan",30-Jun-20,35.42131101,-82.92161898,male,adult,Peromyscus,Rodentia,Cricetidae
http://arctosdb.org/home/data/; https://creativecommons.org/licenses/by-nc/3.0,United States,North Carolina,"Cold Mountain Game Lands, 0.4 km E of north shore of Lake Logan",29-Aug-20,35.42134504,-82.92161101,male,subadult,Peromyscus,Rodentia,Cricetidae
http://arctosdb.org/home/data/; https://creativecommons.org/licenses/by-nc/3.0,United States,North Carolina,"Cold Mountain Game Lands, 0.4 km E of north shore of Lake Logan",29-Jun-20,35.42132199,-82.92151102,female,adult,Peromyscus,Rodentia,Cricetidae
http://arctosdb.org/home/data/; https://creativecommons.org/licenses/by-nc/3.0,United States,North Carolina,"Cold Mountain Game Lands, 0.4 km E of north shore of Lake Logan",1-Jul-20,35.42117698,-82.92148897,female,adult,Peromyscus,Rodentia,Cricetidae
http://arctosdb.org/home/data/; https://creativecommons.org/licenses/by-nc/3.0,United States,North Carolina,"Cold Mountain Game Lands, 0.4 km E of north shore of Lake Logan",28-Aug-20,35.42127999,-82.92143902,male,adult,Peromyscus,Rodentia,Cricetidae
http://arctosdb.org/home/data/; https://creativecommons.org/licenses/by-nc/3.0,United States,North Carolina,"Pisgah National Forest, 0.64 km N of Bruce Knob, along NC Highway 215",26-Jun-21,35.25335703,-82.91935301,female,adult,Peromyscus,Rodentia,Cricetidae
http://arctosdb.org/home/data/; https://creativecommons.org/licenses/by-nc/3.0,United States,North Carolina,"Pisgah National Forest, 0.64 km N of Bruce Knob, along NC Highway 215",28-Aug-21,35.25335703,-82.91935301,male,adult,Peromyscus,Rodentia,Cricetidae
http://arctosdb.org/home/data/; https://creativecommons.org/licenses/by-nc/3.0,United States,North Carolina,"Pisgah National Forest, 0.64 km N of Bruce Knob, along NC Highway 215",13-Nov-21,35.25345099,-82.91918596,male,adult,Peromyscus,Rodentia,Cricetidae
http://arctosdb.org/home/data/; https://creativecommons.org/licenses/by-nc/3.0,United States,North Carolina,"Pisgah National Forest, 0.64 km N of Bruce Knob, along NC Highway 215",26-Jun-21,35.25338503,-82.91915696,female,adult,Peromyscus,Rodentia,Cricetidae
http://arctosdb.org/home/data/; https://creativecommons.org/licenses/by-nc/3.0,United States,North Carolina,"Pisgah National Forest, 0.64 km N of Bruce Knob, along NC Highway 215",20-Mar-21,35.25364,-82.91915604,male,adult,Peromyscus,Rodentia,Cricetidae
http://arctosdb.org/home/data/; https://creativecommons.org/licenses/by-nc/3.0,United States,North Carolina,"Pisgah National Forest, 0.64 km N of Bruce Knob, along NC Highway 215",18-Sep-21,35.25354001,-82.91910801,male,adult,Peromyscus,Rodentia,Cricetidae
http://arctosdb.org/home/data/; https://creativecommons.org/licenses/by-nc/3.0,United States,North Carolina,"Pisgah National Forest, 0.64 km N of Bruce Knob, along NC Highway 215",2-May-21,35.25356499,-82.91910198,female,adult,Peromyscus,Rodentia,Cricetidae
http://arctosdb.org/home/data/; https://creativecommons.org/licenses/by-nc/3.0,United States,North Carolina,"Pisgah National Forest, 0.64 km N of Bruce Knob, along NC Highway 215",2-May-21,35.25354998,-82.91905001,female,adult,Peromyscus,Rodentia,Cricetidae
http://arctosdb.org/home/data/; https://creativecommons.org/licenses/by-nc/3.0,United States,North Carolina,"Pisgah National Forest, 0.64 km N of Bruce Knob, along NC Highway 215",13-Nov-21,35.25360203,-82.919049,male,juvenile,Peromyscus,Rodentia,Cricetidae
http://arctosdb.org/home/data/; https://creativecommons.org/licenses/by-nc/3.0,United States,North Carolina,"Pisgah National Forest, 0.64 km N of Bruce Knob, along NC Highway 215",18-Sep-21,35.25375199,-82.91904297,female,adult,Peromyscus,Rodentia,Cricetidae
http://arctosdb.org/home/data/; https://creativecommons.org/licenses/by-nc/3.0,United States,North Carolina,"Pisgah National Forest, 0.64 km N of Bruce Knob, along NC Highway 215",13-Dec-21,35.25329601,-82.91903601,female,adult,Peromyscus,Rodentia,Cricetidae
http://arctosdb.org/home/data/; https://creativecommons.org/licenses/by-nc/3.0,United States,North Carolina,"Pisgah National Forest, 0.64 km N of Bruce Knob, along NC Highway 215",13-Nov-21,35.25348997,-82.919034,male,juvenile,Peromyscus,Rodentia,Cricetidae
http://arctosdb.org/home/data/; https://creativecommons.org/licenses/by-nc/3.0,United States,North Carolina,"Pisgah National Forest, 0.64 km N of Bruce Knob, along NC Highway 215",13-Nov-21,35.25360597,-82.91902604,female,adult,Peromyscus,Rodentia,Cricetidae
http://arctosdb.org/home/data/; https://creativecommons.org/licenses/by-nc/3.0,United States,North Carolina,"Pisgah National Forest, 0.64 km N of Bruce Knob, along NC Highway 215",13-Dec-21,35.25361704,-82.91902,male,subadult,Peromyscus,Rodentia,Cricetidae
http://arctosdb.org/home/data/; https://creativecommons.org/licenses/by-nc/3.0,United States,North Carolina,"Pisgah National Forest, 0.64 km N of Bruce Knob, along NC Highway 215",16-Jan-21,35.25373003,-82.91899201,male,adult,Peromyscus,Rodentia,Cricetidae
http://arctosdb.org/home/data/; https://creativecommons.org/licenses/by-nc/3.0,United States,North Carolina,"Pisgah National Forest, 0.64 km N of Bruce Knob, along NC Highway 215",26-Jun-21,35.25350397,-82.918991,male,adult,Peromyscus,Rodentia,Cricetidae
http://arctosdb.org/home/data/; https://creativecommons.org/licenses/by-nc/3.0,United States,North Carolina,"Pisgah National Forest, 0.64 km N of Bruce Knob, along NC Highway 215",26-May-21,35.25325997,-82.91898597,female,adult,Peromyscus,Rodentia,Cricetidae
http://arctosdb.org/home/data/; https://creativecommons.org/licenses/by-nc/3.0,United States,North Carolina,"Pisgah National Forest, 0.64 km N of Bruce Knob, along NC Highway 215",20-Mar-21,35.25348301,-82.91894599,female,adult,Peromyscus,Rodentia,Cricetidae
http://arctosdb.org/home/data/; https://creativecommons.org/licenses/by-nc/3.0,United States,North Carolina,"Pisgah National Forest, 0.64 km N of Bruce Knob, along NC Highway 215",13-Nov-21,35.25380898,-82.91893099,female,subadult,Peromyscus,Rodentia,Cricetidae
http://arctosdb.org/home/data/; https://creativecommons.org/licenses/by-nc/3.0,United States,North Carolina,"Pisgah National Forest, 0.64 km N of Bruce Knob, along NC Highway 215",23-Oct-21,35.25357404,-82.91892202,female,adult,Peromyscus,Rodentia,Cricetidae
http://arctosdb.org/home/data/; https://creativecommons.org/licenses/by-nc/3.0,United States,North Carolina,"Pisgah National Forest, 0.64 km N of Bruce Knob, along NC Highway 215",29-Aug-21,35.25343901,-82.91891003,male,adult,Peromyscus,Rodentia,Cricetidae
http://arctosdb.org/home/data/; https://creativecommons.org/licenses/by-nc/3.0,United States,North Carolina,"Pisgah National Forest, 0.64 km N of Bruce Knob, along NC Highway 215",5-Dec-20,35.25345401,-82.91890701,male,adult,Peromyscus,Rodentia,Cricetidae
http://arctosdb.org/home/data/; https://creativecommons.org/licenses/by-nc/3.0,United States,North Carolina,"Pisgah National Forest, 0.64 km N of Bruce Knob, along NC Highway 215",18-Sep-21,35.25369097,-82.91889402,male,adult,Sorex,Soricomorpha,Soricidae
http://arctosdb.org/home/data/; https://creativecommons.org/licenses/by-nc/3.0,United States,North Carolina,"Pisgah National Forest, 0.64 km N of Bruce Knob, along NC Highway 215",13-Nov-21,35.25390303,-82.91889,male,subadult,Peromyscus,Rodentia,Cricetidae
http://arctosdb.org/home/data/; https://creativecommons.org/licenses/by-nc/3.0,United States,North Carolina,"Pisgah National Forest, 0.64 km N of Bruce Knob, along NC Highway 215",16-Jan-21,35.25381301,-82.918833,female,adult,Peromyscus,Rodentia,Cricetidae
http://arctosdb.org/home/data/; https://creativecommons.org/licenses/by-nc/3.0,United States,North Carolina,"Pisgah National Forest, 0.64 km N of Bruce Knob, along NC Highway 215",20-Feb-21,35.25350003,-82.91879604,male,adult,Peromyscus,Rodentia,Cricetidae
http://arctosdb.org/home/data/; https://creativecommons.org/licenses/by-nc/3.0,United States,North Carolina,"Pisgah National Forest, 0.64 km N of Bruce Knob, along NC Highway 215",20-Feb-21,35.25348997,-82.91879402,male,adult,Peromyscus,Rodentia,Cricetidae
http://arctosdb.org/home/data/; https://creativecommons.org/licenses/by-nc/3.0,United States,North Carolina,"Pisgah National Forest, 0.64 km N of Bruce Knob, along NC Highway 215",20-Mar-21,35.25367202,-82.91879201,female,adult,Peromyscus,Rodentia,Cricetidae
http://arctosdb.org/home/data/; https://creativecommons.org/licenses/by-nc/3.0,United States,North Carolina,"Pisgah National Forest, 0.64 km N of Bruce Knob, along NC Highway 215",20-Feb-21,35.25344596,-82.91879101,female,adult,Peromyscus,Rodentia,Cricetidae
http://arctosdb.org/home/data/; https://creativecommons.org/licenses/by-nc/3.0,United States,North Carolina,"Pisgah National Forest, 0.64 km N of Bruce Knob, along NC Highway 215",16-Jan-21,35.25365802,-82.91878397,female,adult,Peromyscus,Rodentia,Cricetidae
http://arctosdb.org/home/data/; https://creativecommons.org/licenses/by-nc/3.0,United States,North Carolina,"Pisgah National Forest, 0.64 km N of Bruce Knob, along NC Highway 215",20-Mar-21,35.25382197,-82.91876201,female,adult,Peromyscus,Rodentia,Cricetidae
http://arctosdb.org/home/data/; https://creativecommons.org/licenses/by-nc/3.0,United States,North Carolina,"Pisgah National Forest, 0.64 km N of Bruce Knob, along NC Highway 215",26-May-21,35.25376003,-82.91872999,female,adult,Peromyscus,Rodentia,Cricetidae
http://arctosdb.org/home/data/; https://creativecommons.org/licenses/by-nc/3.0,United States,North Carolina,"Pisgah National Forest, 0.64 km N of Bruce Knob, along NC Highway 215",28-Aug-21,35.25401501,-82.91869101,male,adult,Myodes,Rodentia,Cricetidae
http://arctosdb.org/home/data/; https://creativecommons.org/licenses/by-nc/3.0,United States,North Carolina,"Pisgah National Forest, 0.64 km N of Bruce Knob, along NC Highway 215",26-Jul-21,35.253625,-82.91868196,male,adult,Peromyscus,Rodentia,Cricetidae
http://arctosdb.org/home/data/; https://creativecommons.org/licenses/by-nc/3.0,United States,North Carolina,"Pisgah National Forest, 0.64 km N of Bruce Knob, along NC Highway 215",23-Oct-21,35.254028,-82.91867299,male,adult,Peromyscus,Rodentia,Cricetidae
http://arctosdb.org/home/data/; https://creativecommons.org/licenses/by-nc/3.0,United States,North Carolina,"Pisgah National Forest, 0.64 km N of Bruce Knob, along NC Highway 215",20-Feb-21,35.25394603,-82.91865597,male,adult,Peromyscus,Rodentia,Cricetidae
http://arctosdb.org/home/data/; https://creativecommons.org/licenses/by-nc/3.0,United States,North Carolina,"Pisgah National Forest, 0.64 km N of Bruce Knob, along NC Highway 215",26-Jun-21,35.25422104,-82.91865497,male,adult,Peromyscus,Rodentia,Cricetidae
http://arctosdb.org/home/data/; https://creativecommons.org/licenses/by-nc/3.0,United States,North Carolina,"Pisgah National Forest, 0.64 km N of Bruce Knob, along NC Highway 215",26-Jul-21,35.25363598,-82.91864701,male,adult,Myodes,Rodentia,Cricetidae
http://arctosdb.org/home/data/; https://creativecommons.org/licenses/by-nc/3.0,United States,North Carolina,"Pisgah National Forest, 0.64 km N of Bruce Knob, along NC Highway 215",26-Jul-21,35.25400001,-82.91863603,female,adult,Blarina,Soricomorpha,Soricidae
http://arctosdb.org/home/data/; https://creativecommons.org/licenses/by-nc/3.0,United States,North Carolina,"Pisgah National Forest, 0.64 km N of Bruce Knob, along NC Highway 215",13-Nov-21,35.25354998,-82.91862999,male,adult,Peromyscus,Rodentia,Cricetidae
http://arctosdb.org/home/data/; https://creativecommons.org/licenses/by-nc/3.0,United States,North Carolina,"Pisgah National Forest, 0.64 km N of Bruce Knob, along NC Highway 215",16-Jan-21,35.25390998,-82.91862999,male,adult,Peromyscus,Rodentia,Cricetidae
http://arctosdb.org/home/data/; https://creativecommons.org/licenses/by-nc/3.0,United States,North Carolina,"Pisgah National Forest, 0.64 km N of Bruce Knob, along NC Highway 215",16-Jan-21,35.25364797,-82.91862697,male,adult,Sorex,Soricomorpha,Soricidae
http://arctosdb.org/home/data/; https://creativecommons.org/licenses/by-nc/3.0,United States,North Carolina,"Pisgah National Forest, 0.64 km N of Bruce Knob, along NC Highway 215",26-May-21,35.25393899,-82.91860803,male,adult,Peromyscus,Rodentia,Cricetidae
http://arctosdb.org/home/data/; https://creativecommons.org/licenses/by-nc/3.0,United States,North Carolina,"Pisgah National Forest, 0.64 km N of Bruce Knob, along NC Highway 215",5-Dec-20,35.25366599,-82.91860401,female,adult,Peromyscus,Rodentia,Cricetidae
http://arctosdb.org/home/data/; https://creativecommons.org/licenses/by-nc/3.0,United States,North Carolina,"Pisgah National Forest, 0.64 km N of Bruce Knob, along NC Highway 215",20-Mar-21,35.25367898,-82.91860401,male,adult,Peromyscus,Rodentia,Cricetidae
http://arctosdb.org/home/data/; https://creativecommons.org/licenses/by-nc/3.0,United States,North Carolina,"Pisgah National Forest, 0.64 km N of Bruce Knob, along NC Highway 215",26-Jul-21,35.25410897,-82.91859596,female,subadult,Peromyscus,Rodentia,Cricetidae
http://arctosdb.org/home/data/; https://creativecommons.org/licenses/by-nc/3.0,United States,North Carolina,"Pisgah National Forest, 0.64 km N of Bruce Knob, along NC Highway 215",13-Nov-21,35.25353397,-82.91858699,male,adult,Peromyscus,Rodentia,Cricetidae
http://arctosdb.org/home/data/; https://creativecommons.org/licenses/by-nc/3.0,United States,North Carolina,"Pisgah National Forest, 0.64 km N of Bruce Knob, along NC Highway 215",2-May-21,35.25442396,-82.91855397,male,adult,Peromyscus,Rodentia,Cricetidae
http://arctosdb.org/home/data/; https://creativecommons.org/licenses/by-nc/3.0,United States,North Carolina,"Pisgah National Forest, 0.64 km N of Bruce Knob, along NC Highway 215",16-Jan-21,35.25380898,-82.91852698,female,adult,Peromyscus,Rodentia,Cricetidae
http://arctosdb.org/home/data/; https://creativecommons.org/licenses/by-nc/3.0,United States,North Carolina,"Pisgah National Forest, 0.64 km N of Bruce Knob, along NC Highway 215",5-Dec-20,35.25393597,-82.91849102,female,adult,Peromyscus,Rodentia,Cricetidae
http://arctosdb.org/home/data/; https://creativecommons.org/licenses/by-nc/3.0,United States,North Carolina,"Pisgah National Forest, 0.64 km N of Bruce Knob, along NC Highway 215",20-Mar-21,35.25383798,-82.91847602,female,adult,Peromyscus,Rodentia,Cricetidae
http://arctosdb.org/home/data/; https://creativecommons.org/licenses/by-nc/3.0,United States,North Carolina,"Pisgah National Forest, 0.64 km N of Bruce Knob, along NC Highway 215",26-Jul-21,35.25369398,-82.91840896,female,juvenile,Myodes,Rodentia,Cricetidae
http://arctosdb.org/home/data/; https://creativecommons.org/licenses/by-nc/3.0,United States,North Carolina,"Pisgah National Forest, 0.64 km N of Bruce Knob, along NC Highway 215",29-Aug-21,35.25429999,-82.918402,female,adult,Peromyscus,Rodentia,Cricetidae
http://arctosdb.org/home/data/; https://creativecommons.org/licenses/by-nc/3.0,United States,North Carolina,"Pisgah National Forest, 0.64 km N of Bruce Knob, along NC Highway 215",16-Jan-21,35.25437904,-82.918329,male,adult,Peromyscus,Rodentia,Cricetidae
http://arctosdb.org/home/data/; https://creativecommons.org/licenses/by-nc/3.0,United States,North Carolina,"Pisgah National Forest, 0.64 km N of Bruce Knob, along NC Highway 215",16-Jan-21,35.25459898,-82.91817896,male,adult,Peromyscus,Rodentia,Cricetidae
http://arctosdb.org/home/data/; https://creativecommons.org/licenses/by-nc/3.0,United States,North Carolina,"Pisgah National Forest, 0.64 km N of Bruce Knob, along NC Highway 215",5-Dec-20,35.25436697,-82.91807,female,adult,Peromyscus,Rodentia,Cricetidae
http://arctosdb.org/home/data/; https://creativecommons.org/licenses/by-nc/3.0,United States,North Carolina,"Pisgah National Forest, 0.64 km N of Bruce Knob, along NC Highway 215",13-Nov-21,35.25467198,-82.91773799,female,adult,Peromyscus,Rodentia,Cricetidae
http://arctosdb.org/home/data/; https://creativecommons.org/licenses/by-nc/3.0,United States,North Carolina,"Pisgah National Forest, 0.8 km NE Rocky Knob, along NC Highway 215",17-Sep-21,35.277454,-82.91643896,male,adult,Peromyscus,Rodentia,Cricetidae
http://arctosdb.org/home/data/; https://creativecommons.org/licenses/by-nc/3.0,United States,North Carolina,"Pisgah National Forest, 0.8 km NE Rocky Knob, along NC Highway 215",18-Sep-21,35.27704999,-82.91637702,male,adult,Napaeozapus,Rodentia,Dipodidae
http://arctosdb.org/home/data/; https://creativecommons.org/licenses/by-nc/3.0,United States,North Carolina,"Pisgah National Forest, 0.8 km NE Rocky Knob, along NC Highway 215",18-Sep-21,35.27707304,-82.91636797,male,adult,Sorex,Soricomorpha,Soricidae
http://arctosdb.org/home/data/; https://creativecommons.org/licenses/by-nc/3.0,United States,North Carolina,"Pisgah National Forest, 0.8 km NE Rocky Knob, along NC Highway 215",13-Nov-21,35.27731,-82.916359,male,adult,Peromyscus,Rodentia,Cricetidae
http://arctosdb.org/home/data/; https://creativecommons.org/licenses/by-nc/3.0,United States,North Carolina,"Pisgah National Forest, 0.8 km NE Rocky Knob, along NC Highway 215",23-Oct-21,35.27718896,-82.91635598,male,adult,Peromyscus,Rodentia,Cricetidae
http://arctosdb.org/home/data/; https://creativecommons.org/licenses/by-nc/3.0,United States,North Carolina,"Pisgah National Forest, 0.8 km NE Rocky Knob, along NC Highway 215",23-Oct-21,35.27737697,-82.91633603,female,adult,Peromyscus,Rodentia,Cricetidae
http://arctosdb.org/home/data/; https://creativecommons.org/licenses/by-nc/3.0,United States,North Carolina,"Pisgah National Forest, 0.8 km NE Rocky Knob, along NC Highway 215",13-Dec-21,35.27733799,-82.91633402,female,adult,Peromyscus,Rodentia,Cricetidae
http://arctosdb.org/home/data/; https://creativecommons.org/licenses/by-nc/3.0,United States,North Carolina,"Pisgah National Forest, 0.8 km NE Rocky Knob, along NC Highway 215",13-Dec-21,35.27727102,-82.91631801,male,adult,Peromyscus,Rodentia,Cricetidae
http://arctosdb.org/home/data/; https://creativecommons.org/licenses/by-nc/3.0,United States,North Carolina,"Pisgah National Forest, 0.8 km NE Rocky Knob, along NC Highway 215",23-Oct-21,35.27734696,-82.916317,male,subadult,Peromyscus,Rodentia,Cricetidae
http://arctosdb.org/home/data/; https://creativecommons.org/licenses/by-nc/3.0,United States,North Carolina,"Pisgah National Forest, 0.8 km NE Rocky Knob, along NC Highway 215",13-Dec-21,35.27813402,-82.91631298,female,adult,Peromyscus,Rodentia,Cricetidae
http://arctosdb.org/home/data/; https://creativecommons.org/licenses/by-nc/3.0,United States,North Carolina,"Pisgah National Forest, 0.8 km NE Rocky Knob, along NC Highway 215",18-Sep-21,35.27719701,-82.91629001,female,adult,Blarina,Soricomorpha,Soricidae
http://arctosdb.org/home/data/; https://creativecommons.org/licenses/by-nc/3.0,United States,North Carolina,"Pisgah National Forest, 0.8 km NE Rocky Knob, along NC Highway 215",22-Oct-21,35.27768,-82.91628,,,Ursus,Carnivora,Ursidae
http://arctosdb.org/home/data/; https://creativecommons.org/licenses/by-nc/3.0,United States,North Carolina,"Pisgah National Forest, 0.8 km NE Rocky Knob, along NC Highway 215",13-Nov-21,35.27737403,-82.91626504,male,subadult,Peromyscus,Rodentia,Cricetidae
http://arctosdb.org/home/data/; https://creativecommons.org/licenses/by-nc/3.0,United States,North Carolina,"Pisgah National Forest, 0.8 km NE Rocky Knob, along NC Highway 215",17-Sep-21,35.27746003,-82.91626101,male,adult,Peromyscus,Rodentia,Cricetidae
http://arctosdb.org/home/data/; https://creativecommons.org/licenses/by-nc/3.0,United States,North Carolina,"Pisgah National Forest, 0.8 km NE Rocky Knob, along NC Highway 215",13-Nov-21,35.27728602,-82.91622698,male,adult,Peromyscus,Rodentia,Cricetidae
http://arctosdb.org/home/data/; https://creativecommons.org/licenses/by-nc/3.0,United States,North Carolina,"Pisgah National Forest, 0.8 km NE Rocky Knob, along NC Highway 215",29-Aug-21,35.27793202,-82.91621701,female,adult,Blarina,Soricomorpha,Soricidae
http://arctosdb.org/home/data/; https://creativecommons.org/licenses/by-nc/3.0,United States,North Carolina,"Pisgah National Forest, 0.8 km NE Rocky Knob, along NC Highway 215",18-Sep-21,35.27713297,-82.91616102,female,adult,Sorex,Soricomorpha,Soricidae
http://arctosdb.org/home/data/; https://creativecommons.org/licenses/by-nc/3.0,United States,North Carolina,"Pisgah National Forest, 0.8 km NE Rocky Knob, along NC Highway 215",18-Sep-21,35.27728099,-82.91607502,female,adult,Blarina,Soricomorpha,Soricidae
http://arctosdb.org/home/data/; https://creativecommons.org/licenses/by-nc/3.0,United States,North Carolina,"Pisgah National Forest, 0.8 km NE Rocky Knob, along NC Highway 215",17-Sep-21,35.27742097,-82.91605297,female,adult,Peromyscus,Rodentia,Cricetidae
http://arctosdb.org/home/data/; https://creativecommons.org/licenses/by-nc/3.0,United States,North Carolina,"Pisgah National Forest, 0.8 km NE Rocky Knob, along NC Highway 215",18-Sep-21,35.27742902,-82.91604803,female,adult,Blarina,Soricomorpha,Soricidae
http://arctosdb.org/home/data/; https://creativecommons.org/licenses/by-nc/3.0,United States,North Carolina,"Pisgah National Forest, 0.64 km N of Bruce Knob, along NC Highway 215",26-Jun-21,35.25348703,-82.91570999,male,adult,Peromyscus,Rodentia,Cricetidae
http://arctosdb.org/home/data/; https://creativecommons.org/licenses/by-nc/3.0,United States,North Carolina,"Cold Mountain Game Lands, 3.9 km W of peak of Cold Mountain, along Little East Fork of Pigeon River",29-Jun-20,35.40614697,-82.90209199,female,adult,Peromyscus,Rodentia,Cricetidae
http://arctosdb.org/home/data/; https://creativecommons.org/licenses/by-nc/3.0,United States,North Carolina,"Cold Mountain Game Lands, 3.9 km W of peak of Cold Mountain, along Little East Fork of Pigeon River",28-Aug-20,35.40633598,-82.90186803,male,adult,Peromyscus,Rodentia,Cricetidae
http://arctosdb.org/home/data/; https://creativecommons.org/licenses/by-nc/3.0,United States,North Carolina,"Cold Mountain Game Lands, 3.9 km W of peak of Cold Mountain, along Little East Fork of Pigeon River",29-Jun-20,35.40604899,-82.90174004,male,adult,Zapus,Rodentia,Dipodidae
http://arctosdb.org/home/data/; https://creativecommons.org/licenses/by-nc-sa/3.0,United States,North Carolina,specific locality unknown,16-Oct-87,35.17,-82.8,female,,Napaeozapus,Rodentia,Dipodidae
http://arctosdb.org/home/data/; https://creativecommons.org/licenses/by-nc/3.0,United States,North Carolina,Weaverville,1 August 1893,35.68333333,-82.55,male,adult,Myotis,Chiroptera,Vespertilionidae
http://mvz.berkeley.edu/mvzdata_terms; https://creativecommons.org/licenses/by/3.0,United States,North Carolina,Hendersonville,28-Jun-55,35.3194,-82.4613,male,,Tamias,Rodentia,Sciuridae
http://arctosdb.org/home/data/; https://creativecommons.org/publicdomain/zero/1.0,United States,North Carolina,Pisgah National Forest,[transcribed directly into formatted date fields],35.795309,-82.340715,male,,Odocoileus,Artiodactyla,Cervidae
http://arctosdb.org/home/data/; https://creativecommons.org/licenses/by-nc-sa/3.0,United States,North Carolina,2 mi SSW Mt. Mitchell,13-Apr-52,35.8857,-82.301,male,,Peromyscus,Rodentia,Cricetidae
http://arctosdb.org/home/data/; https://creativecommons.org/licenses/by-nc-sa/3.0,United States,North Carolina,2 mi SSW Mt. Mitchell,13-Apr-52,35.8857,-82.301,male,,Peromyscus,Rodentia,Cricetidae
http://arctosdb.org/home/data/; https://creativecommons.org/licenses/by-nc-sa/3.0,United States,North Carolina,2 mi SSW Mt. Mitchell,13-Apr-52,35.8857,-82.301,male,,Blarina,Soricomorpha,Soricidae
http://arctosdb.org/home/data/; https://creativecommons.org/licenses/by-nc-sa/3.0,United States,North Carolina,2 mi SSW Mt. Mitchell,13-Apr-52,35.8857,-82.301,male,,Sorex,Soricomorpha,Soricidae
http://arctosdb.org/home/data/; https://creativecommons.org/licenses/by-nc/3.0,United States,North Carolina,MTN. MITCHELL,13-Aug-85,35.9122,-82.2914,female,,Myodes,Rodentia,Cricetidae
http://arctosdb.org/home/data/; https://creativecommons.org/licenses/by-nc/3.0,United States,North Carolina,MT. MITCHELL,10-May-86,35.9122,-82.2914,female,,Peromyscus,Rodentia,Cricetidae
http://arctosdb.org/home/data/; https://creativecommons.org/licenses/by-nc/3.0,United States,North Carolina,MT. MITCHELL,10-May-86,35.9122,-82.2914,male,,Peromyscus,Rodentia,Cricetidae
http://mvz.berkeley.edu/mvzdata_terms; https://creativecommons.org/licenses/by/3.0,United States,North Carolina,"Bat Cave, 2 mi W Chimney Rock",30-Jan-46,35.4514,-82.2872,male,,Myotis,Chiroptera,Vespertilionidae
http://mvz.berkeley.edu/mvzdata_terms; https://creativecommons.org/licenses/by/3.0,United States,North Carolina,"Bat Cave, 2 mi W Chimney Rock",30-Jan-46,35.4514,-82.2872,male,,Myotis,Chiroptera,Vespertilionidae
http://mvz.berkeley.edu/mvzdata_terms; https://creativecommons.org/licenses/by/3.0,United States,North Carolina,"Bat Cave, 2 mi W Chimney Rock",30-Jan-46,35.4514,-82.2872,female,,Myotis,Chiroptera,Vespertilionidae
http://mvz.berkeley.edu/mvzdata_terms; https://creativecommons.org/licenses/by/3.0,United States,North Carolina,"Bat Cave, 2 mi W Chimney Rock",30-Jan-46,35.4514,-82.2872,female,,Myotis,Chiroptera,Vespertilionidae
http://mvz.berkeley.edu/mvzdata_terms; https://creativecommons.org/licenses/by/3.0,United States,North Carolina,"Bat Cave, 2 mi W Chimney Rock",30-Jan-46,35.4514,-82.2872,male,,Perimyotis,Chiroptera,Vespertilionidae
http://mvz.berkeley.edu/mvzdata_terms; https://creativecommons.org/licenses/by/3.0,United States,North Carolina,"Bat Cave, 2 mi W Chimney Rock",30-Jan-46,35.4514,-82.2872,female,,Perimyotis,Chiroptera,Vespertilionidae
http://mvz.berkeley.edu/mvzdata_terms; https://creativecommons.org/licenses/by/3.0,United States,North Carolina,"Bat Cave, 2 mi W Chimney Rock",30-Jan-46,35.4514,-82.2872,male,,Perimyotis,Chiroptera,Vespertilionidae
http://mvz.berkeley.edu/mvzdata_terms; https://creativecommons.org/licenses/by/3.0,United States,North Carolina,"Bat Cave, 2 mi W Chimney Rock",30-Jan-46,35.4514,-82.2872,male,,Perimyotis,Chiroptera,Vespertilionidae
http://mvz.berkeley.edu/mvzdata_terms; https://creativecommons.org/licenses/by/3.0,United States,North Carolina,"Bat Cave, 2 mi W Chimney Rock",30-Jan-46,35.4514,-82.2872,male,,Perimyotis,Chiroptera,Vespertilionidae
http://mvz.berkeley.edu/mvzdata_terms; https://creativecommons.org/licenses/by/3.0,United States,North Carolina,"Bat Cave, 2 mi W Chimney Rock",30-Jan-46,35.4514,-82.2872,male,,Perimyotis,Chiroptera,Vespertilionidae
http://mvz.berkeley.edu/mvzdata_terms; https://creativecommons.org/licenses/by/3.0,United States,North Carolina,"Bat Cave, 2 mi W Chimney Rock",30-Jan-46,35.4514,-82.2872,female,,Perimyotis,Chiroptera,Vespertilionidae
http://mvz.berkeley.edu/mvzdata_terms; https://creativecommons.org/licenses/by/3.0,United States,North Carolina,"Bat Cave, 2 mi W Chimney Rock",30-Jan-46,35.4514,-82.2872,female,,Perimyotis,Chiroptera,Vespertilionidae
http://mvz.berkeley.edu/mvzdata_terms; https://creativecommons.org/licenses/by/3.0,United States,North Carolina,"Bat Cave, 2 mi W Chimney Rock",30-Jan-46,35.4514,-82.2872,female,,Perimyotis,Chiroptera,Vespertilionidae
http://mvz.berkeley.edu/mvzdata_terms; https://creativecommons.org/licenses/by/3.0,United States,North Carolina,"Bat Cave, 2 mi W Chimney Rock",30-Jan-46,35.4514,-82.2872,female,,Perimyotis,Chiroptera,Vespertilionidae
http://mvz.berkeley.edu/mvzdata_terms; https://creativecommons.org/licenses/by/3.0,United States,North Carolina,"Bat Cave, 2 mi W Chimney Rock",30-Jan-46,35.4514,-82.2872,female,,Perimyotis,Chiroptera,Vespertilionidae
http://arctosdb.org/home/data/; https://creativecommons.org/licenses/by-nc/3.0,United States,North Carolina,"Green River Game Lands, 0.79 km SE of Bradley Falls, off Holbert Cove Road",20-Jun-20,35.26343702,-82.28474203,female,adult,Sigmodon,Rodentia,Cricetidae
http://arctosdb.org/home/data/; https://creativecommons.org/licenses/by-nc/3.0,United States,North Carolina,"Green River Game Lands, 0.79 km SE of Bradley Falls, off Holbert Cove Road",23-Aug-20,35.26258802,-82.28457204,female,subadult,Sigmodon,Rodentia,Cricetidae
http://arctosdb.org/home/data/; https://creativecommons.org/licenses/by-nc/3.0,United States,North Carolina,"Green River Game Lands, 0.79 km SE of Bradley Falls, off Holbert Cove Road",19-Jun-20,35.26308398,-82.28455201,female,adult,Sigmodon,Rodentia,Cricetidae
http://arctosdb.org/home/data/; https://creativecommons.org/licenses/by-nc/3.0,United States,North Carolina,"Green River Game Lands, 0.79 km SE of Bradley Falls, off Holbert Cove Road",19-Jun-20,35.26261099,-82.284478,female,adult,Peromyscus,Rodentia,Cricetidae
http://arctosdb.org/home/data/; https://creativecommons.org/licenses/by-nc/3.0,United States,North Carolina,"Green River Game Lands, 0.79 km SE of Bradley Falls, off Holbert Cove Road",19-Jun-20,35.26260898,-82.28446601,male,adult,Peromyscus,Rodentia,Cricetidae
http://arctosdb.org/home/data/; https://creativecommons.org/licenses/by-nc/3.0,United States,North Carolina,"Green River Game Lands, 0.79 km SE of Bradley Falls, off Holbert Cove Road",19-Jun-20,35.26299303,-82.28445201,male,adult,Sigmodon,Rodentia,Cricetidae
http://arctosdb.org/home/data/; https://creativecommons.org/licenses/by-nc/3.0,United States,North Carolina,"Green River Game Lands, 0.79 km SE of Bradley Falls, off Holbert Cove Road",21-Aug-20,35.26271903,-82.284392,male,adult,Peromyscus,Rodentia,Cricetidae
http://arctosdb.org/home/data/; https://creativecommons.org/licenses/by-nc/3.0,United States,North Carolina,"Green River Game Lands, 0.79 km SE of Bradley Falls, off Holbert Cove Road",19-Jun-20,35.26282397,-82.28431899,male,adult,Peromyscus,Rodentia,Cricetidae
http://arctosdb.org/home/data/; https://creativecommons.org/licenses/by-nc/3.0,United States,North Carolina,"Green River Game Lands, 0.79 km SE of Bradley Falls, off Holbert Cove Road",22-Aug-20,35.26349704,-82.28428102,female,subadult,Sigmodon,Rodentia,Cricetidae
http://arctosdb.org/home/data/; https://creativecommons.org/licenses/by-nc/3.0,United States,North Carolina,"Green River Game Lands, 0.79 km SE of Bradley Falls, off Holbert Cove Road",21-Aug-20,35.26359804,-82.28427004,male,adult,Sigmodon,Rodentia,Cricetidae
http://arctosdb.org/home/data/; https://creativecommons.org/licenses/by-nc/3.0,United States,North Carolina,"Green River Game Lands, 0.79 km SE of Bradley Falls, off Holbert Cove Road",21-Aug-20,35.26359804,-82.28427004,female,adult,Peromyscus,Rodentia,Cricetidae
http://arctosdb.org/home/data/; https://creativecommons.org/licenses/by-nc/3.0,United States,North Carolina,"Green River Game Lands, 0.79 km SE of Bradley Falls, off Holbert Cove Road",19-Jun-20,35.26303897,-82.28422704,female,adult,Peromyscus,Rodentia,Cricetidae
http://arctosdb.org/home/data/; https://creativecommons.org/licenses/by-nc/3.0,United States,North Carolina,"Green River Game Lands, 0.79 km SE of Bradley Falls, off Holbert Cove Road",23-Aug-20,35.26320099,-82.284177,male,adult,Napaeozapus,Rodentia,Dipodidae
http://arctosdb.org/home/data/; https://creativecommons.org/licenses/by-nc/3.0,United States,North Carolina,"Green River Game Lands, 1.1 km SE of Bradley Falls, off Holbert Cove Road",20-Jun-20,35.26358798,-82.28416703,female,adult,Peromyscus,Rodentia,Cricetidae
http://arctosdb.org/home/data/; https://creativecommons.org/licenses/by-nc/3.0,United States,North Carolina,"Green River Game Lands, 0.79 km SE of Bradley Falls, off Holbert Cove Road",19-Jun-20,35.26316302,-82.28414004,female,adult,Peromyscus,Rodentia,Cricetidae
http://arctosdb.org/home/data/; https://creativecommons.org/licenses/by-nc/3.0,United States,North Carolina,"Green River Game Lands, 0.79 km SE of Bradley Falls, off Holbert Cove Road",19-Jun-20,35.26323996,-82.28412797,male,adult,Peromyscus,Rodentia,Cricetidae
http://arctosdb.org/home/data/; https://creativecommons.org/licenses/by-nc/3.0,United States,North Carolina,"Green River Game Lands, 0.79 km SE of Bradley Falls, off Holbert Cove Road",21-Aug-20,35.26370198,-82.283803,male,adult,Peromyscus,Rodentia,Cricetidae
http://arctosdb.org/home/data/; https://creativecommons.org/licenses/by-nc/3.0,United States,North Carolina,"Green River Game Lands, 0.79 km SE of Bradley Falls, off Holbert Cove Road",21-Aug-20,35.26362101,-82.28371298,male,adult,Peromyscus,Rodentia,Cricetidae
http://arctosdb.org/home/data/; https://creativecommons.org/licenses/by-nc/3.0,United States,North Carolina,"Green River Game Lands, 1.1 km SE of Bradley Falls, off Holbert Cove Road",20-Jun-20,35.26418502,-82.282854,male,adult,Peromyscus,Rodentia,Cricetidae
http://arctosdb.org/home/data/; https://creativecommons.org/licenses/by-nc/3.0,United States,North Carolina,"Green River Game Lands, 1.1 km SE of Bradley Falls, off Holbert Cove Road",21-Aug-20,35.26420397,-82.28267597,male,adult,Peromyscus,Rodentia,Cricetidae
http://arctosdb.org/home/data/; https://creativecommons.org/licenses/by-nc/3.0,United States,North Carolina,"Green River Game Lands, 1.1 km SE of Bradley Falls, off Holbert Cove Road",19-Jun-20,35.26446397,-82.28253901,male,adult,Peromyscus,Rodentia,Cricetidae
http://arctosdb.org/home/data/; https://creativecommons.org/licenses/by-nc/3.0,United States,North Carolina,"Green River Game Lands, 1.1 km SE of Bradley Falls, off Holbert Cove Road",19-Jun-20,35.26446397,-82.28253901,male,adult,Peromyscus,Rodentia,Cricetidae
http://arctosdb.org/home/data/; https://creativecommons.org/licenses/by-nc/3.0,United States,North Carolina,"Green River Game Lands, 1.1 km SE of Bradley Falls, off Holbert Cove Road",21-Aug-20,35.26454704,-82.282134,female,adult,Blarina,Soricomorpha,Soricidae
http://arctosdb.org/home/data/; https://creativecommons.org/licenses/by-nc/3.0,United States,North Carolina,"Green River Game Lands, 1.1 km SE of Bradley Falls, off Holbert Cove Road",21-Aug-20,35.26467302,-82.281832,male,adult,Peromyscus,Rodentia,Cricetidae
http://arctosdb.org/home/data/; https://creativecommons.org/licenses/by-nc/3.0,United States,North Carolina,"Green River Game Lands, 1.1 km SE of Bradley Falls, off Holbert Cove Road",19-Jun-20,35.26494501,-82.28153704,male,adult,Peromyscus,Rodentia,Cricetidae
http://arctosdb.org/home/data/; https://creativecommons.org/licenses/by-nc/3.0,United States,North Carolina,"Green River Game Lands, 1.1 km SE of Bradley Falls, off Holbert Cove Road",21-Aug-20,35.26488097,-82.28135901,male,adult,Blarina,Soricomorpha,Soricidae
http://arctosdb.org/home/data/; https://creativecommons.org/licenses/by-nc/3.0,United States,North Carolina,"Green River Game Lands, 1.1 km SE of Bradley Falls, off Holbert Cove Road",19-Jun-20,35.26489204,-82.281085,male,adult,Peromyscus,Rodentia,Cricetidae
http://arctosdb.org/home/data/; https://creativecommons.org/licenses/by-nc/3.0,United States,North Carolina,"Green River Game Lands, 1.1 km SE of Bradley Falls, off Holbert Cove Road",20-Jun-20,35.26527903,-82.28100001,male,adult,Peromyscus,Rodentia,Cricetidae
http://arctosdb.org/home/data/; https://creativecommons.org/licenses/by-nc/3.0,United States,North Carolina,"Green River Game Lands, 1.1 km SE of Bradley Falls, off Holbert Cove Road",19-Jun-20,35.26506898,-82.28096204,female,adult,Peromyscus,Rodentia,Cricetidae
http://arctosdb.org/home/data/; https://creativecommons.org/licenses/by-nc/3.0,United States,North Carolina,"Green River Game Lands, 1.1 km SE of Bradley Falls, off Holbert Cove Road",19-Jun-20,35.264713,-82.28093002,female,adult,Peromyscus,Rodentia,Cricetidae
http://arctosdb.org/home/data/; https://creativecommons.org/licenses/by-nc/3.0,United States,North Carolina,"Green River Game Lands, 1.1 km SE of Bradley Falls, off Holbert Cove Road",20-Jun-20,35.26477897,-82.28093002,male,adult,Peromyscus,Rodentia,Cricetidae
http://arctosdb.org/home/data/; https://creativecommons.org/licenses/by-nc/3.0,United States,North Carolina,"Green River Game Lands, 1.1 km SE of Bradley Falls, off Holbert Cove Road",19-Jun-20,35.26471501,-82.28092801,male,adult,Peromyscus,Rodentia,Cricetidae
http://arctosdb.org/home/data/; https://creativecommons.org/licenses/by-nc/3.0,United States,North Carolina,"Green River Game Lands, 1.1 km SE of Bradley Falls, off Holbert Cove Road",22-Aug-20,35.26506697,-82.28077202,male,juvenile,Didelphis,Didelphimorphia,Didelphidae
http://arctosdb.org/home/data/; https://creativecommons.org/licenses/by-nc/3.0,United States,North Carolina,"Green River Game Lands, 1.1 km SE of Bradley Falls, off Holbert Cove Road",22-Aug-20,35.26525397,-82.28033499,male,adult,Peromyscus,Rodentia,Cricetidae
http://arctosdb.org/home/data/; https://creativecommons.org/licenses/by-nc/3.0,United States,North Carolina,"Green River Game Lands, 1.1 km SE of Bradley Falls, off Holbert Cove Road",21-Aug-20,35.26526998,-82.27992302,female,adult,Peromyscus,Rodentia,Cricetidae
http://arctosdb.org/home/data/; https://creativecommons.org/licenses/by-nc/3.0,United States,North Carolina,"Green River Game Lands, 1.1 km SE of Bradley Falls, off Holbert Cove Road",22-Aug-20,35.26549998,-82.27975697,male,adult,Peromyscus,Rodentia,Cricetidae
http://arctosdb.org/home/data/; https://creativecommons.org/licenses/by-nc/3.0,United States,North Carolina,"Green River Game Lands, 1.1 km SE of Bradley Falls, off Holbert Cove Road",22-Aug-20,35.265762,-82.279561,male,adult,Peromyscus,Rodentia,Cricetidae
http://arctosdb.org/home/data/; https://creativecommons.org/licenses/by-nc/3.0,United States,North Carolina,"Green River Game Lands, 0.8 km N Chimney Top Mountain, off of Green River Cove Road",23-Aug-20,35.30130504,-82.26801803,male,adult,Peromyscus,Rodentia,Cricetidae
http://arctosdb.org/home/data/; https://creativecommons.org/licenses/by-nc/3.0,United States,North Carolina,"Green River Game Lands, 0.8 km N Chimney Top Mountain, off of Green River Cove Road",22-Aug-20,35.30146798,-82.26787202,female,adult,Ochrotomys,Rodentia,Cricetidae
http://arctosdb.org/home/data/; https://creativecommons.org/licenses/by-nc/3.0,United States,North Carolina,"Green River Game Lands, 0.8 km N Chimney Top Mountain, off of Green River Cove Road",21-Aug-20,35.30167602,-82.26752099,female,adult,Peromyscus,Rodentia,Cricetidae
http://arctosdb.org/home/data/; https://creativecommons.org/licenses/by-nc/3.0,United States,North Carolina,"Green River Game Lands, 0.8 km N Chimney Top Mountain, off of Green River Cove Road",21-Aug-20,35.30164802,-82.26737397,male,adult,Peromyscus,Rodentia,Cricetidae
http://arctosdb.org/home/data/; https://creativecommons.org/licenses/by-nc/3.0,United States,North Carolina,"Green River Game Lands, 0.8 km N Chimney Top Mountain, off of Green River Cove Road",20-Jun-20,35.30147502,-82.26712301,male,adult,Peromyscus,Rodentia,Cricetidae
http://arctosdb.org/home/data/; https://creativecommons.org/licenses/by-nc/3.0,United States,North Carolina,"Green River Game Lands, 0.8 km N Chimney Top Mountain, off of Green River Cove Road",22-Aug-20,35.30136396,-82.26677299,male,adult,Peromyscus,Rodentia,Cricetidae
http://arctosdb.org/home/data/; https://creativecommons.org/licenses/by-nc/3.0,United States,North Carolina,"Green River Game Lands, 0.8 km N Chimney Top Mountain, off of Green River Cove Road",23-Aug-20,35.30132004,-82.26665304,female,adult,Peromyscus,Rodentia,Cricetidae
http://arctosdb.org/home/data/; https://creativecommons.org/licenses/by-nc/3.0,United States,North Carolina,"Green River Game Lands, 0.8 km N Chimney Top Mountain, off of Green River Cove Road",19-Jun-20,35.30130101,-82.26624903,male,adult,Peromyscus,Rodentia,Cricetidae
http://arctosdb.org/home/data/; https://creativecommons.org/licenses/by-nc/3.0,United States,North Carolina,"Mount Mitchell State Park, 0.17 km NNE Mount Mitchell summit, along Balsam Nature Loop",27-Jul-21,35.76633696,-82.26590998,unknown,adult,Sorex,Soricomorpha,Soricidae
http://arctosdb.org/home/data/; https://creativecommons.org/licenses/by-nc/3.0,United States,North Carolina,"Mount Mitchell State Park, 0.17 km NNE Mount Mitchell summit, along Balsam Nature Loop",27-Jul-21,35.76633696,-82.26590998,unknown,adult,Sorex,Soricomorpha,Soricidae
http://arctosdb.org/home/data/; https://creativecommons.org/licenses/by-nc/3.0,United States,North Carolina,"Mount Mitchell State Park, 0.17 km NNE Mount Mitchell summit, along Balsam Nature Loop",27-Jul-21,35.76587898,-82.26433503,female,adult,Sorex,Soricomorpha,Soricidae
http://arctosdb.org/home/data/; https://creativecommons.org/licenses/by-nc/3.0,United States,North Carolina,"Mount Mitchell State Park, 0.17 km NNE Mount Mitchell summit, along Balsam Nature Loop",27-Jul-21,35.76558301,-82.26401199,male,adult,Sorex,Soricomorpha,Soricidae
http://arctosdb.org/home/data/; https://creativecommons.org/licenses/by-nc/3.0,United States,North Carolina,"Mount Mitchell State Park, 0.17 km NNE Mount Mitchell summit, along Balsam Nature Loop",27-Jul-21,35.76549903,-82.26398801,female,adult,Sorex,Soricomorpha,Soricidae
http://arctosdb.org/home/data/; https://creativecommons.org/licenses/by-nc/3.0,United States,North Carolina,"Mount Mitchell State Park, 0.17 km NNE Mount Mitchell summit, along Balsam Nature Loop",27-Jul-21,35.765293,-82.26386698,male,adult,Sorex,Soricomorpha,Soricidae
http://arctosdb.org/home/data/; https://creativecommons.org/licenses/by-nc/3.0,United States,North Carolina,"Mount Mitchell State Park, 0.17 km NNE Mount Mitchell summit, along Balsam Nature Loop",27-Jul-21,35.76535997,-82.26384896,male,adult,Sorex,Soricomorpha,Soricidae
http://arctosdb.org/home/data/; https://creativecommons.org/licenses/by-nc/3.0,United States,North Carolina,"Mount Mitchell State Park, 0.17 km NNE Mount Mitchell summit, along Balsam Nature Loop",27-Jul-21,35.76512301,-82.26375399,female,adult,Sorex,Soricomorpha,Soricidae
http://arctosdb.org/home/data/; https://creativecommons.org/licenses/by-nc/3.0,United States,North Carolina,1.4 MI S MTN MITCHELL PARK,13-Aug-85,35.7705,-82.2632,female,,Peromyscus,Rodentia,Cricetidae
http://arctosdb.org/home/data/; https://creativecommons.org/licenses/by-nc/3.0,United States,North Carolina,1.4 mi. S MT. MITCHELL PARK,13-Aug-85,35.7705,-82.2632,male,,Myodes,Rodentia,Cricetidae
http://arctosdb.org/home/data/; https://creativecommons.org/licenses/by-nc/3.0,United States,North Carolina,1.8 MI S MTN MITCHELL PARK,13-Aug-85,35.7718,-82.263,male,,Peromyscus,Rodentia,Cricetidae
http://arctosdb.org/home/data/; https://creativecommons.org/licenses/by-nc/3.0,United States,North Carolina,1.8 MI S MTN. MITCHELL PARK,12-Aug-85,35.7718,-82.263,female,,Myodes,Rodentia,Cricetidae
http://arctosdb.org/home/data/; https://creativecommons.org/licenses/by-nc/3.0,United States,North Carolina,1.8 MI S MTN. MITCHELL PARK,13-Aug-85,35.7718,-82.263,male,,Myodes,Rodentia,Cricetidae
http://arctosdb.org/home/data/; https://creativecommons.org/licenses/by-nc/3.0,United States,North Carolina,1.8 MI S MTN. MITCHELL PARK,before 1 Jan 2005,35.7718,-82.263,male,,Myodes,Rodentia,Cricetidae
http://arctosdb.org/home/data/; https://creativecommons.org/licenses/by-nc/3.0,United States,North Carolina,1.8 mi S MT. MITCHELL PARK,13-Aug-85,35.7718,-82.263,female,,Napaeozapus,Rodentia,Dipodidae
http://arctosdb.org/home/data/; https://creativecommons.org/licenses/by-nc/3.0,United States,North Carolina,"Green River Game Lands, 2.38 km S of S shore Lake Adger, off of Green River Cove Road",19-Jun-20,35.31448499,-82.246959,male,adult,Peromyscus,Rodentia,Cricetidae
http://arctosdb.org/home/data/; https://creativecommons.org/licenses/by-nc/3.0,United States,North Carolina,"Green River Game Lands, 2.38 km S of S shore Lake Adger, off of Green River Cove Road",19-Jun-20,35.31456999,-82.24631896,female,adult,Peromyscus,Rodentia,Cricetidae
http://arctosdb.org/home/data/; https://creativecommons.org/licenses/by-nc/3.0,United States,North Carolina,"Green River Game Lands, 2.38 km S of S shore Lake Adger, off of Green River Cove Road",19-Jun-20,35.31439899,-82.24615401,male,adult,Peromyscus,Rodentia,Cricetidae
http://arctosdb.org/home/data/; https://creativecommons.org/licenses/by-nc/3.0,United States,North Carolina,"Green River Game Lands, 2.38 km S of S shore Lake Adger, off of Green River Cove Road",19-Jun-20,35.31439598,-82.24595804,male,adult,Peromyscus,Rodentia,Cricetidae
http://arctosdb.org/home/data/; https://creativecommons.org/licenses/by-nc/3.0,United States,North Carolina,"Green River Game Lands, 2.38 km S of S shore Lake Adger, off of Green River Cove Road",19-Jun-20,35.314487,-82.24541103,male,adult,Peromyscus,Rodentia,Cricetidae
http://arctosdb.org/home/data/; https://creativecommons.org/licenses/by-nc/3.0,United States,North Carolina,"Green River Game Lands, 2.38 km S of S shore Lake Adger, off of Green River Cove Road",20-Jun-20,35.314616,-82.24535102,male,adult,Peromyscus,Rodentia,Cricetidae
http://arctosdb.org/home/data/; https://creativecommons.org/licenses/by-nc/3.0,United States,North Carolina,"Green River Game Lands, 2.38 km S of S shore Lake Adger, off of Green River Cove Road",20-Jun-20,35.31454802,-82.24522202,male,adult,Peromyscus,Rodentia,Cricetidae
http://arctosdb.org/home/data/; https://creativecommons.org/licenses/by-nc/3.0,United States,North Carolina,"Green River Game Lands, 2.38 km S of S shore Lake Adger, off of Green River Cove Road",21-Aug-20,35.31456999,-82.24518104,male,adult,Peromyscus,Rodentia,Cricetidae
http://arctosdb.org/home/data/; https://creativecommons.org/licenses/by-nc/3.0,United States,North Carolina,"Green River Game Lands, 2.38 km S of S shore Lake Adger, off of Green River Cove Road",22-Aug-20,35.31433797,-82.24496403,female,subadult,Peromyscus,Rodentia,Cricetidae
http://arctosdb.org/home/data/; https://creativecommons.org/licenses/by-nc/3.0,United States,North Carolina,"Green River Game Lands, 2.38 km S of S shore Lake Adger, off of Green River Cove Road",19-Jun-20,35.31423597,-82.24478499,female,adult,Peromyscus,Rodentia,Cricetidae
http://arctosdb.org/home/data/; https://creativecommons.org/licenses/by-nc/3.0,United States,North Carolina,"Green River Game Lands, 2.38 km S of S shore Lake Adger, off of Green River Cove Road",21-Aug-20,35.31429598,-82.24471601,male,adult,Peromyscus,Rodentia,Cricetidae
http://arctosdb.org/home/data/; https://creativecommons.org/licenses/by-nc/3.0,United States,North Carolina,"Green River Game Lands, 2.38 km S of S shore Lake Adger, off of Green River Cove Road",20-Jun-20,35.31425801,-82.24438702,male,adult,Peromyscus,Rodentia,Cricetidae
http://arctosdb.org/home/data/; https://creativecommons.org/licenses/by-nc/3.0,United States,North Carolina,"Green River Game Lands, 2.38 km S of S shore Lake Adger, off of Green River Cove Road",22-Aug-20,35.31400798,-82.24434997,male,subadult,Peromyscus,Rodentia,Cricetidae
http://arctosdb.org/home/data/; https://creativecommons.org/licenses/by-nc/3.0,United States,North Carolina,"Green River Game Lands, 2.38 km S of S shore Lake Adger, off of Green River Cove Road",19-Jun-20,35.31422901,-82.24423204,male,adult,Peromyscus,Rodentia,Cricetidae
http://arctosdb.org/home/data/; https://creativecommons.org/licenses/by-nc/3.0,United States,North Carolina,"Pisgah National Forest, 5 km SE Mt. Mitchell, along South Toe River Road",7-May-24,35.73222497,-82.23831098,male,adult,Blarina,Soricomorpha,Soricidae
http://arctosdb.org/home/data/; https://creativecommons.org/licenses/by-nc/3.0,United States,North Carolina,"Pisgah National Forest, 5 km SE Mt. Mitchell, along South Toe River Road",7-May-24,35.73150999,-82.23808802,male,adult,Sorex,Soricomorpha,Soricidae
http://arctosdb.org/home/data/; https://creativecommons.org/licenses/by-nc/3.0,United States,North Carolina,"Pisgah National Forest, 5 km SE Mt. Mitchell, along South Toe River Road",7-May-24,35.73150999,-82.23808802,female,adult,Sorex,Soricomorpha,Soricidae
http://arctosdb.org/home/data/; https://creativecommons.org/licenses/by-nc/3.0,United States,North Carolina,"Pisgah National Forest, 5 km SE Mt. Mitchell, along South Toe River Road",7-May-24,35.73150999,-82.23808802,female,subadult,Peromyscus,Rodentia,Cricetidae
http://arctosdb.org/home/data/; https://creativecommons.org/licenses/by-nc/3.0,United States,North Carolina,"Pisgah National Forest, 5 km SE Mount Mitchell, along South Toe River Road",13-Jul-21,35.73199002,-82.23774897,male,adult,Sorex,Soricomorpha,Soricidae
http://arctosdb.org/home/data/; https://creativecommons.org/licenses/by-nc/3.0,United States,North Carolina,"Pisgah National Forest, 5 km SE Mt. Mitchell, along South Toe River Road",7-May-24,35.73218297,-82.23758502,male,adult,Blarina,Soricomorpha,Soricidae
http://arctosdb.org/home/data/; https://creativecommons.org/licenses/by-nc/3.0,United States,North Carolina,"Pisgah National Forest, 5 km SE Mt. Mitchell, along South Toe River Road",7-May-24,35.73201399,-82.23758301,male,adult,Sorex,Soricomorpha,Soricidae
http://arctosdb.org/home/data/; https://creativecommons.org/licenses/by-nc/3.0,United States,North Carolina,"Pisgah National Forest, 5 km SE Mount Mitchell, along South Toe River Road",28-May-21,35.73221801,-82.23754998,female,adult,Sorex,Soricomorpha,Soricidae
http://arctosdb.org/home/data/; https://creativecommons.org/licenses/by-nc/3.0,United States,North Carolina,"Pisgah National Forest, 5 km SE Mt. Mitchell, along South Toe River Road",7-May-24,35.73225598,-82.23754998,female,adult,Sorex,Soricomorpha,Soricidae
http://arctosdb.org/home/data/; https://creativecommons.org/licenses/by-nc/3.0,United States,North Carolina,"Pisgah National Forest, 5 km SE Mount Mitchell, along South Toe River Road",28-May-21,35.73208298,-82.23754001,unknown,,Sorex,Soricomorpha,Soricidae
http://arctosdb.org/home/data/; https://creativecommons.org/licenses/by-nc/3.0,United States,North Carolina,"Pisgah National Forest, 5 km SE Mount Mitchell, along South Toe River Road",29-May-21,35.73233896,-82.23754001,male,adult,Sorex,Soricomorpha,Soricidae
http://arctosdb.org/home/data/; https://creativecommons.org/licenses/by-nc/3.0,United States,North Carolina,"Pisgah National Forest, 5 km SE Mount Mitchell, along South Toe River Road",29-May-21,35.73233896,-82.23754001,female,adult,Myodes,Rodentia,Cricetidae
http://arctosdb.org/home/data/; https://creativecommons.org/licenses/by-nc/3.0,United States,North Carolina,"Pisgah National Forest, 5 km SE Mount Mitchell, along South Toe River Road",14-Jul-21,35.73234298,-82.23753104,male,adult,Sorex,Soricomorpha,Soricidae
http://arctosdb.org/home/data/; https://creativecommons.org/licenses/by-nc/3.0,United States,North Carolina,"Pisgah National Forest, 5 km SE Mount Mitchell, along South Toe River Road",28-May-21,35.73225103,-82.23752903,female,adult,Sorex,Soricomorpha,Soricidae
http://arctosdb.org/home/data/; https://creativecommons.org/licenses/by-nc/3.0,United States,North Carolina,"Pisgah National Forest, 5 km SE Mount Mitchell, along South Toe River Road",28-May-21,35.73225103,-82.23752903,male,adult,Sorex,Soricomorpha,Soricidae
http://arctosdb.org/home/data/; https://creativecommons.org/licenses/by-nc/3.0,United States,North Carolina,"Pisgah National Forest, 5 km SE Mount Mitchell, along South Toe River Road",29-May-21,35.73236302,-82.23752802,male,subadult,Myodes,Rodentia,Cricetidae
http://arctosdb.org/home/data/; https://creativecommons.org/licenses/by-nc/3.0,United States,North Carolina,"Pisgah National Forest, 5 km SE Mount Mitchell, along South Toe River Road",6-Nov-22,35.73200301,-82.23751402,unknown,adult,Sorex,Soricomorpha,Soricidae
http://arctosdb.org/home/data/; https://creativecommons.org/licenses/by-nc/3.0,United States,North Carolina,"Pisgah National Forest, 5 km SE Mount Mitchell, along South Toe River Road",29-May-21,35.73199103,-82.23750003,female,adult,Blarina,Soricomorpha,Soricidae
http://arctosdb.org/home/data/; https://creativecommons.org/licenses/by-nc/3.0,United States,North Carolina,"Pisgah National Forest, 5 km SE Mount Mitchell, along South Toe River Road",14-Jul-21,35.73230501,-82.23749097,male,adult,Sorex,Soricomorpha,Soricidae
http://arctosdb.org/home/data/; https://creativecommons.org/licenses/by-nc/3.0,United States,North Carolina,"Pisgah National Forest, 5 km SE Mount Mitchell, along South Toe River Road",28-May-21,35.73227702,-82.23748896,male,adult,Sorex,Soricomorpha,Soricidae
http://arctosdb.org/home/data/; https://creativecommons.org/licenses/by-nc/3.0,United States,North Carolina,"Pisgah National Forest, 5 km SE Mount Mitchell, along South Toe River Road",28-May-21,35.73230099,-82.23747698,male,adult,Blarina,Soricomorpha,Soricidae
http://arctosdb.org/home/data/; https://creativecommons.org/licenses/by-nc/3.0,United States,North Carolina,"Pisgah National Forest, 5 km SE Mount Mitchell, along South Toe River Road",14-Jul-21,35.73254499,-82.23746197,female,adult,Sorex,Soricomorpha,Soricidae
http://arctosdb.org/home/data/; https://creativecommons.org/licenses/by-nc/3.0,United States,North Carolina,"Pisgah National Forest, 5 km SE Mount Mitchell, along South Toe River Road",14-Jul-21,35.73231599,-82.23745401,male,adult,Sorex,Soricomorpha,Soricidae
http://arctosdb.org/home/data/; https://creativecommons.org/licenses/by-nc/3.0,United States,North Carolina,"Pisgah National Forest, 5 km SE Mt. Mitchell, along South Toe River Road",7-May-24,35.73238003,-82.23744999,female,subadult,Peromyscus,Rodentia,Cricetidae
http://arctosdb.org/home/data/; https://creativecommons.org/licenses/by-nc/3.0,United States,North Carolina,"Pisgah National Forest, 5 km SE Mount Mitchell, along South Toe River Road",28-May-21,35.73232898,-82.23744303,male,adult,Sorex,Soricomorpha,Soricidae
http://arctosdb.org/home/data/; https://creativecommons.org/licenses/by-nc/3.0,United States,North Carolina,"Pisgah National Forest, 5 km SE Mount Mitchell, along South Toe River Road",5-Nov-22,35.73238296,-82.23743699,male,adult,Peromyscus,Rodentia,Cricetidae
http://arctosdb.org/home/data/; https://creativecommons.org/licenses/by-nc/3.0,United States,North Carolina,"Pisgah National Forest, 5 km SE Mount Mitchell, along South Toe River Road",29-May-21,35.73256603,-82.23738201,male,adult,Sorex,Soricomorpha,Soricidae
http://arctosdb.org/home/data/; https://creativecommons.org/licenses/by-nc/3.0,United States,North Carolina,"Pisgah National Forest, 5 km SE Mount Mitchell, along South Toe River Road",15-Jul-21,35.73252797,-82.23737597,male,adult,Sorex,Soricomorpha,Soricidae
http://arctosdb.org/home/data/; https://creativecommons.org/licenses/by-nc/3.0,United States,North Carolina,"Pisgah National Forest, 5 km SE Mt. Mitchell, along South Toe River Road",7-May-24,35.73234801,-82.23737497,male,juvenile,Peromyscus,Rodentia,Cricetidae
http://arctosdb.org/home/data/; https://creativecommons.org/licenses/by-nc/3.0,United States,North Carolina,"Pisgah National Forest, 5 km SE Mt. Mitchell, along South Toe River Road",7-May-24,35.73235103,-82.23737204,male,,Sorex,Soricomorpha,Soricidae
http://arctosdb.org/home/data/; https://creativecommons.org/licenses/by-nc/3.0,United States,North Carolina,"Pisgah National Forest, 5 km SE Mt. Mitchell, along South Toe River Road",7-May-24,35.73235204,-82.23736902,male,adult,Sorex,Soricomorpha,Soricidae
http://arctosdb.org/home/data/; https://creativecommons.org/licenses/by-nc/3.0,United States,North Carolina,"Pisgah National Forest, 5 km SE Mount Mitchell, along South Toe River Road",5-Nov-22,35.73244097,-82.23735896,female,adult,Sorex,Soricomorpha,Soricidae
http://arctosdb.org/home/data/; https://creativecommons.org/licenses/by-nc/3.0,United States,North Carolina,"Pisgah National Forest, 5 km SE Mt. Mitchell, along South Toe River Road",7-May-24,35.73238397,-82.23735804,male,adult,Sorex,Soricomorpha,Soricidae
http://arctosdb.org/home/data/; https://creativecommons.org/licenses/by-nc/3.0,United States,North Carolina,"Pisgah National Forest, 5 km SE Mt. Mitchell, along South Toe River Road",7-May-24,35.732331,-82.23734798,male,adult,Sorex,Soricomorpha,Soricidae
http://arctosdb.org/home/data/; https://creativecommons.org/licenses/by-nc/3.0,United States,North Carolina,"Pisgah National Forest, 5 km SE Mount Mitchell, along South Toe River Road",14-Jul-21,35.73250199,-82.23734203,male,adult,Sorex,Soricomorpha,Soricidae
http://arctosdb.org/home/data/; https://creativecommons.org/licenses/by-nc/3.0,United States,North Carolina,"Pisgah National Forest, 5 km SE Mount Mitchell, along South Toe River Road",14-Jul-21,35.73228397,-82.23733599,male,adult,Napaeozapus,Rodentia,Dipodidae
http://arctosdb.org/home/data/; https://creativecommons.org/licenses/by-nc/3.0,United States,North Carolina,"Pisgah National Forest, 5 km SE Mt. Mitchell, along South Toe River Road",7-May-24,35.732447,-82.23733398,female,adult,Blarina,Soricomorpha,Soricidae
http://arctosdb.org/home/data/; https://creativecommons.org/licenses/by-nc/3.0,United States,North Carolina,"Pisgah National Forest, 5 km SE Mount Mitchell, along South Toe River Road",6-Nov-22,35.73250802,-82.23733398,unknown,adult,Sorex,Soricomorpha,Soricidae
http://arctosdb.org/home/data/; https://creativecommons.org/licenses/by-nc/3.0,United States,North Carolina,"Pisgah National Forest, 5 km SE Mount Mitchell, along South Toe River Road",14-Jul-21,35.73245597,-82.23733298,female,adult,Peromyscus,Rodentia,Cricetidae
http://arctosdb.org/home/data/; https://creativecommons.org/licenses/by-nc/3.0,United States,North Carolina,"Pisgah National Forest, 5 km SE Mt. Mitchell, along South Toe River Road",7-May-24,35.73232898,-82.23733197,female,juvenile,Peromyscus,Rodentia,Cricetidae
http://arctosdb.org/home/data/; https://creativecommons.org/licenses/by-nc/3.0,United States,North Carolina,"Pisgah National Forest, 5 km SE Mount Mitchell, along South Toe River Road",15-Jul-21,35.73228498,-82.23732602,male,adult,Sorex,Soricomorpha,Soricidae
http://arctosdb.org/home/data/; https://creativecommons.org/licenses/by-nc/3.0,United States,North Carolina,"Pisgah National Forest, 5 km SE Mount Mitchell, along South Toe River Road",6-Nov-22,35.73245999,-82.23732099,female,adult,Sorex,Soricomorpha,Soricidae
http://arctosdb.org/home/data/; https://creativecommons.org/licenses/by-nc/3.0,United States,North Carolina,"Pisgah National Forest, 5 km SE Mt. Mitchell, along South Toe River Road",7-May-24,35.73247097,-82.23732099,female,adult,Sorex,Soricomorpha,Soricidae
http://arctosdb.org/home/data/; https://creativecommons.org/licenses/by-nc/3.0,United States,North Carolina,"Pisgah National Forest, 5 km SE Mount Mitchell, along South Toe River Road",5-Nov-22,35.73212497,-82.23731797,male,adult,Sorex,Soricomorpha,Soricidae
http://arctosdb.org/home/data/; https://creativecommons.org/licenses/by-nc/3.0,United States,North Carolina,"Pisgah National Forest, 5 km SE Mt. Mitchell, along South Toe River Road",7-May-24,35.73244197,-82.23731596,male,adult,Blarina,Soricomorpha,Soricidae
http://arctosdb.org/home/data/; https://creativecommons.org/licenses/by-nc/3.0,United States,North Carolina,"Pisgah National Forest, 5 km SE Mount Mitchell, along South Toe River Road",5-Nov-22,35.73213603,-82.23730699,unknown,adult,Sorex,Soricomorpha,Soricidae
http://arctosdb.org/home/data/; https://creativecommons.org/licenses/by-nc/3.0,United States,North Carolina,"Pisgah National Forest, 5 km SE Mount Mitchell, along South Toe River Road",14-Jul-21,35.73248799,-82.23728897,female,adult,Sorex,Soricomorpha,Soricidae
http://arctosdb.org/home/data/; https://creativecommons.org/licenses/by-nc/3.0,United States,North Carolina,"Pisgah National Forest, 5 km SE Mount Mitchell, along South Toe River Road",29-May-21,35.732619,-82.23727296,female,adult,Sorex,Soricomorpha,Soricidae
http://arctosdb.org/home/data/; https://creativecommons.org/licenses/by-nc/3.0,United States,North Carolina,"Pisgah National Forest, 5 km SE Mt. Mitchell, along South Toe River Road",7-May-24,35.732404,-82.23726399,female,adult,Sorex,Soricomorpha,Soricidae
http://arctosdb.org/home/data/; https://creativecommons.org/licenses/by-nc/3.0,United States,North Carolina,"Pisgah National Forest, 5 km SE Mount Mitchell, along South Toe River Road",5-Nov-22,35.73205004,-82.237251,male,adult,Blarina,Soricomorpha,Soricidae
http://arctosdb.org/home/data/; https://creativecommons.org/licenses/by-nc/3.0,United States,North Carolina,"Pisgah National Forest, 5 km SE Mount Mitchell, along South Toe River Road",15-Jul-21,35.73245698,-82.237251,female,subadult,Peromyscus,Rodentia,Cricetidae
http://arctosdb.org/home/data/; https://creativecommons.org/licenses/by-nc/3.0,United States,North Carolina,"Pisgah National Forest, 5 km SE Mount Mitchell, along South Toe River Road",28-May-21,35.73242697,-82.23724002,female,adult,Blarina,Soricomorpha,Soricidae
http://arctosdb.org/home/data/; https://creativecommons.org/licenses/by-nc/3.0,United States,North Carolina,"Pisgah National Forest, 5 km SE Mount Mitchell, along South Toe River Road",28-May-21,35.73242697,-82.23724002,female,adult,Blarina,Soricomorpha,Soricidae
http://arctosdb.org/home/data/; https://creativecommons.org/licenses/by-nc/3.0,United States,North Carolina,"Pisgah National Forest, 5 km SE Mt. Mitchell, along South Toe River Road",7-May-24,35.73235799,-82.23723801,female,juvenile,Peromyscus,Rodentia,Cricetidae
http://arctosdb.org/home/data/; https://creativecommons.org/licenses/by-nc/3.0,United States,North Carolina,"Pisgah National Forest, 5 km SE Mount Mitchell, along South Toe River Road",29-May-21,35.73240099,-82.23723298,male,adult,Sorex,Soricomorpha,Soricidae
http://arctosdb.org/home/data/; https://creativecommons.org/licenses/by-nc/3.0,United States,North Carolina,"Pisgah National Forest, 5 km SE Mount Mitchell, along South Toe River Road",29-May-21,35.73240099,-82.23723298,male,adult,Sorex,Soricomorpha,Soricidae
http://arctosdb.org/home/data/; https://creativecommons.org/licenses/by-nc/3.0,United States,North Carolina,"Pisgah National Forest, 5 km SE Mount Mitchell, along South Toe River Road",29-May-21,35.73240099,-82.23723298,male,adult,Sorex,Soricomorpha,Soricidae
http://arctosdb.org/home/data/; https://creativecommons.org/licenses/by-nc/3.0,United States,North Carolina,"Pisgah National Forest, 5 km SE Mt. Mitchell, along South Toe River Road",7-May-24,35.73247902,-82.23722803,female,,Sorex,Soricomorpha,Soricidae
http://arctosdb.org/home/data/; https://creativecommons.org/licenses/by-nc/3.0,United States,North Carolina,"Pisgah National Forest, 5 km SE Mt. Mitchell, along South Toe River Road",7-May-24,35.73249402,-82.23719803,male,adult,Sorex,Soricomorpha,Soricidae
http://arctosdb.org/home/data/; https://creativecommons.org/licenses/by-nc/3.0,United States,North Carolina,"Pisgah National Forest, 5 km SE Mt. Mitchell, along South Toe River Road",7-May-24,35.73242898,-82.23716903,male,adult,Sorex,Soricomorpha,Soricidae
http://arctosdb.org/home/data/; https://creativecommons.org/licenses/by-nc/3.0,United States,North Carolina,"Pisgah National Forest, 5 km SE Mt. Mitchell, along South Toe River Road",7-May-24,35.73242898,-82.23716903,female,adult,Sorex,Soricomorpha,Soricidae
http://arctosdb.org/home/data/; https://creativecommons.org/licenses/by-nc/3.0,United States,North Carolina,"Pisgah National Forest, 5 km SE Mt. Mitchell, along South Toe River Road",7-May-24,35.73238196,-82.23716098,female,adult,Sorex,Soricomorpha,Soricidae
http://arctosdb.org/home/data/; https://creativecommons.org/licenses/by-nc/3.0,United States,North Carolina,"Pisgah National Forest, 5 km SE Mount Mitchell, along South Toe River Road",13-Jul-21,35.73238003,-82.23715503,male,adult,Sorex,Soricomorpha,Soricidae
http://arctosdb.org/home/data/; https://creativecommons.org/licenses/by-nc/3.0,United States,North Carolina,"Pisgah National Forest, 5 km SE Mount Mitchell, along South Toe River Road",15-Jul-21,35.73249302,-82.23713902,male,adult,Sorex,Soricomorpha,Soricidae
http://arctosdb.org/home/data/; https://creativecommons.org/licenses/by-nc/3.0,United States,North Carolina,"Pisgah National Forest, 5 km SE Mount Mitchell, along South Toe River Road",8-May-24,35.73261699,-82.23695797,male,adult,Sorex,Soricomorpha,Soricidae
http://arctosdb.org/home/data/; https://creativecommons.org/licenses/by-nc/3.0,United States,North Carolina,"Pisgah National Forest, 5 km SE Mount Mitchell, along South Toe River Road",6-Nov-22,35.73277599,-82.23695202,male,adult,Sorex,Soricomorpha,Soricidae
http://arctosdb.org/home/data/; https://creativecommons.org/licenses/by-nc/3.0,United States,North Carolina,"Pisgah National Forest, 5 km SE Mt. Mitchell, along South Toe River Road",7-May-24,35.73261003,-82.236949,male,adult,Sorex,Soricomorpha,Soricidae
http://arctosdb.org/home/data/; https://creativecommons.org/licenses/by-nc/3.0,United States,North Carolina,"Pisgah National Forest, 5 km SE Mt. Mitchell, along South Toe River Road",7-May-24,35.732604,-82.23694196,male,adult,Sorex,Soricomorpha,Soricidae
http://arctosdb.org/home/data/; https://creativecommons.org/licenses/by-nc/3.0,United States,North Carolina,"Pisgah National Forest, 5 km SE Mount Mitchell, along South Toe River Road",5-Nov-22,35.73272704,-82.23693903,male,adult,Sorex,Soricomorpha,Soricidae
http://arctosdb.org/home/data/; https://creativecommons.org/licenses/by-nc/3.0,United States,North Carolina,"Pisgah National Forest, 5 km SE Mount Mitchell, along South Toe River Road",8-May-24,35.73249604,-82.23691598,male,adult,Sorex,Soricomorpha,Soricidae
http://arctosdb.org/home/data/; https://creativecommons.org/licenses/by-nc/3.0,United States,North Carolina,"Pisgah National Forest, 5 km SE Mount Mitchell, along South Toe River Road",14-Jul-21,35.73268002,-82.23684498,male,adult,Sorex,Soricomorpha,Soricidae
http://arctosdb.org/home/data/; https://creativecommons.org/licenses/by-nc/3.0,United States,North Carolina,"Pisgah National Forest, 5 km SE Mount Mitchell, along South Toe River Road",28-May-21,35.732561,-82.23683199,female,subadult,Myodes,Rodentia,Cricetidae
http://arctosdb.org/home/data/; https://creativecommons.org/licenses/by-nc/3.0,United States,North Carolina,"Pisgah National Forest, 5 km SE Mount Mitchell, along South Toe River Road",15-Jul-21,35.73262998,-82.23682,male,adult,Sorex,Soricomorpha,Soricidae
http://arctosdb.org/home/data/; https://creativecommons.org/licenses/by-nc/3.0,United States,North Carolina,"Pisgah National Forest, 5 km SE Mount Mitchell, along South Toe River Road",29-May-21,35.73263098,-82.23678597,male,adult,Sorex,Soricomorpha,Soricidae
http://arctosdb.org/home/data/; https://creativecommons.org/licenses/by-nc/3.0,United States,North Carolina,"Pisgah National Forest, 5 km SE Mt. Mitchell, along South Toe River Road",7-May-24,35.73276602,-82.23674197,female,adult,Myodes,Rodentia,Cricetidae
http://arctosdb.org/home/data/; https://creativecommons.org/licenses/by-nc/3.0,United States,North Carolina,"Pisgah National Forest, 5 km SE Mt. Mitchell, along South Toe River Road",7-May-24,35.73272201,-82.23674096,female,adult,Sorex,Soricomorpha,Soricidae
http://arctosdb.org/home/data/; https://creativecommons.org/licenses/by-nc/3.0,United States,North Carolina,"Pisgah National Forest, 5 km SE Mt. Mitchell, along South Toe River Road",7-May-24,35.73272402,-82.23673702,female,adult,Sorex,Soricomorpha,Soricidae
http://arctosdb.org/home/data/; https://creativecommons.org/licenses/by-nc/3.0,United States,North Carolina,"Pisgah National Forest, 5 km SE Mt. Mitchell, along South Toe River Road",7-May-24,35.73267298,-82.23673099,male,subadult,Peromyscus,Rodentia,Cricetidae
http://arctosdb.org/home/data/; https://creativecommons.org/licenses/by-nc/3.0,United States,North Carolina,"Pisgah National Forest, 5 km SE Mt. Mitchell, along South Toe River Road",7-May-24,35.73261799,-82.23672898,male,adult,Sorex,Soricomorpha,Soricidae
http://arctosdb.org/home/data/; https://creativecommons.org/licenses/by-nc/3.0,United States,North Carolina,"Pisgah National Forest, 5 km SE Mount Mitchell, along South Toe River Road",29-May-21,35.732663,-82.23672797,female,subadult,Myodes,Rodentia,Cricetidae
http://arctosdb.org/home/data/; https://creativecommons.org/licenses/by-nc/3.0,United States,North Carolina,"Pisgah National Forest, 5 km SE Mount Mitchell, along South Toe River Road",29-May-21,35.73268102,-82.23670903,male,adult,Sorex,Soricomorpha,Soricidae
http://arctosdb.org/home/data/; https://creativecommons.org/licenses/by-nc/3.0,United States,North Carolina,"Pisgah National Forest, 5 km SE Mount Mitchell, along South Toe River Road",29-May-21,35.73268102,-82.23670903,male,subadult,Myodes,Rodentia,Cricetidae
http://arctosdb.org/home/data/; https://creativecommons.org/licenses/by-nc/3.0,United States,North Carolina,"Pisgah National Forest, 5 km SE Mount Mitchell, along South Toe River Road",14-Jul-21,35.73263501,-82.23670802,male,adult,Sorex,Soricomorpha,Soricidae
http://arctosdb.org/home/data/; https://creativecommons.org/licenses/by-nc/3.0,United States,North Carolina,"Pisgah National Forest, 5 km SE Mount Mitchell, along South Toe River Road",6-Nov-22,35.73265697,-82.23669897,male,adult,Sorex,Soricomorpha,Soricidae
http://arctosdb.org/home/data/; https://creativecommons.org/licenses/by-nc/3.0,United States,North Carolina,"Pisgah National Forest, 5 km SE Mount Mitchell, along South Toe River Road",6-Nov-22,35.73265596,-82.23669302,male,adult,Blarina,Soricomorpha,Soricidae
http://arctosdb.org/home/data/; https://creativecommons.org/licenses/by-nc/3.0,United States,North Carolina,"Pisgah National Forest, 5 km SE Mount Mitchell, along South Toe River Road",29-May-21,35.73261699,-82.23666402,male,adult,Sorex,Soricomorpha,Soricidae
http://arctosdb.org/home/data/; https://creativecommons.org/licenses/by-nc/3.0,United States,North Carolina,"Pisgah National Forest, 5 km SE Mount Mitchell, along South Toe River Road",6-Nov-22,35.73262403,-82.23665798,male,adult,Blarina,Soricomorpha,Soricidae
http://arctosdb.org/home/data/; https://creativecommons.org/licenses/by-nc/3.0,United States,North Carolina,"Pisgah National Forest, 5 km SE Mount Mitchell, along South Toe River Road",14-Jul-21,35.73271698,-82.23662999,female,adult,Peromyscus,Rodentia,Cricetidae
http://arctosdb.org/home/data/; https://creativecommons.org/licenses/by-nc/3.0,United States,North Carolina,"Pisgah National Forest, 5 km SE Mount Mitchell, along South Toe River Road",29-May-21,35.73270097,-82.23656402,male,adult,Sorex,Soricomorpha,Soricidae
http://arctosdb.org/home/data/; https://creativecommons.org/licenses/by-nc/3.0,United States,North Carolina,"Pisgah National Forest, 5 km SE Mount Mitchell, along South Toe River Road",14-Jul-21,35.73297104,-82.23655899,male,subadult,Peromyscus,Rodentia,Cricetidae
http://arctosdb.org/home/data/; https://creativecommons.org/licenses/by-nc/3.0,United States,North Carolina,"Pisgah National Forest, 5 km SE Mount Mitchell, along South Toe River Road",14-Jul-21,35.73297598,-82.23652496,male,adult,Peromyscus,Rodentia,Cricetidae
http://arctosdb.org/home/data/; https://creativecommons.org/licenses/by-nc/3.0,United States,North Carolina,"Pisgah National Forest, 5 km SE Mount Mitchell, along South Toe River Road",6-Nov-22,35.732791,-82.23644097,male,adult,Sorex,Soricomorpha,Soricidae
http://arctosdb.org/home/data/; https://creativecommons.org/licenses/by-nc/3.0,United States,North Carolina,"Pisgah National Forest, 5 km SE Mount Mitchell, along South Toe River Road",16-Jul-21,35.73269301,-82.23643997,female,adult,Blarina,Soricomorpha,Soricidae
http://arctosdb.org/home/data/; https://creativecommons.org/licenses/by-nc/3.0,United States,North Carolina,"Pisgah National Forest, 5 km SE Mount Mitchell, along South Toe River Road",5-Nov-22,35.732734,-82.23642496,male,juvenile,Peromyscus,Rodentia,Cricetidae
http://arctosdb.org/home/data/; https://creativecommons.org/licenses/by-nc/3.0,United States,North Carolina,"Pisgah National Forest, 5 km SE Mount Mitchell, along South Toe River Road",13-Jul-21,35.73211298,-82.23498596,female,adult,Sorex,Soricomorpha,Soricidae
http://arctosdb.org/home/data/; https://creativecommons.org/licenses/by-nc/3.0,United States,North Carolina,"Pisgah National Forest, 5 km SE Mount Mitchell, along South Toe River Road",28-May-21,35.73089601,-82.23375399,male,adult,Blarina,Soricomorpha,Soricidae
http://arctosdb.org/home/data/; https://creativecommons.org/licenses/by-nc/3.0,United States,North Carolina,"Pisgah National Forest, 4.51 km SE Mt. Mitchell, meadow off of South Toe River Road",7-May-24,35.74086696,-82.22970201,male,adult,Blarina,Soricomorpha,Soricidae
http://arctosdb.org/home/data/; https://creativecommons.org/licenses/by-nc/3.0,United States,North Carolina,"Pisgah National Forest, 4.51 km SE Mt. Mitchell, meadow off of South Toe River Road",7-May-24,35.74082002,-82.229629,female,adult,Peromyscus,Rodentia,Cricetidae
http://arctosdb.org/home/data/; https://creativecommons.org/licenses/by-nc/3.0,United States,North Carolina,"Pisgah National Forest, 4.51 km SE Mt. Mitchell, meadow off of South Toe River Road",7-May-24,35.74072002,-82.22959799,female,subadult,Peromyscus,Rodentia,Cricetidae
http://arctosdb.org/home/data/; https://creativecommons.org/licenses/by-nc/3.0,United States,North Carolina,"Pisgah National Forest, 4.51 km SE Mt. Mitchell, meadow off of South Toe River Road",8-May-24,35.74096402,-82.229427,male,subadult,Sylvilagus,Lagomorpha,Leporidae
http://arctosdb.org/home/data/; https://creativecommons.org/licenses/by-nc/3.0,United States,North Carolina,"Pisgah National Forest, 4.51 km SE Mt. Mitchell, meadow off of South Toe River Road",7-May-24,35.74108204,-82.22936598,male,juvenile,Peromyscus,Rodentia,Cricetidae
http://arctosdb.org/home/data/; https://creativecommons.org/licenses/by-nc/3.0,United States,North Carolina,"Pisgah National Forest, 4.5 km ESE Mount Mitchell, along South Toe River Road",7-May-24,35.751775,-82.21832198,female,adult,Peromyscus,Rodentia,Cricetidae
http://arctosdb.org/home/data/; https://creativecommons.org/licenses/by-nc/3.0,United States,North Carolina,"Pisgah National Forest, 4.5 km ESE Mount Mitchell, along South Toe River Road",8-May-24,35.75177902,-82.21823498,female,adult,Peromyscus,Rodentia,Cricetidae
http://arctosdb.org/home/data/; https://creativecommons.org/licenses/by-nc/3.0,United States,North Carolina,"Pisgah National Forest, 4.5 km ESE Mount Mitchell, along South Toe River Road",13-Jan-23,35.75196602,-82.21823003,male,adult,Sorex,Soricomorpha,Soricidae
http://arctosdb.org/home/data/; https://creativecommons.org/licenses/by-nc/3.0,United States,North Carolina,"Pisgah National Forest, 4.5 km ESE Mount Mitchell, along South Toe River Road",7-May-24,35.75192696,-82.21815803,female,adult,Peromyscus,Rodentia,Cricetidae
http://arctosdb.org/home/data/; https://creativecommons.org/licenses/by-nc/3.0,United States,North Carolina,"Pisgah National Forest, 4.5 km ESE Mount Mitchell, along South Toe River Road",7-May-24,35.75151399,-82.21813297,male,subadult,Peromyscus,Rodentia,Cricetidae
http://arctosdb.org/home/data/; https://creativecommons.org/licenses/by-nc/3.0,United States,North Carolina,"Pisgah National Forest, 4.5 km ESE Mount Mitchell, along South Toe River Road",14-Jul-21,35.75171297,-82.21806499,male,adult,Microtus,Rodentia,Cricetidae
http://arctosdb.org/home/data/; https://creativecommons.org/licenses/by-nc/3.0,United States,North Carolina,"Pisgah National Forest, 4.5 km ESE Mount Mitchell, along South Toe River Road",29-May-21,35.75181004,-82.21800196,male,adult,Myodes,Rodentia,Cricetidae
http://arctosdb.org/home/data/; https://creativecommons.org/licenses/by-nc/3.0,United States,North Carolina,"Pisgah National Forest, 4.5 km ESE Mount Mitchell, along South Toe River Road",29-May-21,35.75181004,-82.21800196,female,adult,Microtus,Rodentia,Cricetidae
http://arctosdb.org/home/data/; https://creativecommons.org/licenses/by-nc/3.0,United States,North Carolina,"Pisgah National Forest, 4.5 km ESE Mount Mitchell, along South Toe River Road",7-May-24,35.75210399,-82.21797396,male,adult,Peromyscus,Rodentia,Cricetidae
http://arctosdb.org/home/data/; https://creativecommons.org/licenses/by-nc/3.0,United States,North Carolina,"Pisgah National Forest, 4.5 km ESE Mount Mitchell, along South Toe River Road",28-May-21,35.751487,-82.21794899,male,subadult,Microtus,Rodentia,Cricetidae
http://arctosdb.org/home/data/; https://creativecommons.org/licenses/by-nc/3.0,United States,North Carolina,"Pisgah National Forest, 4.5 km ESE Mount Mitchell, along South Toe River Road",16-Jul-21,35.75166503,-82.21790699,male,adult,Synaptomys,Rodentia,Cricetidae
http://arctosdb.org/home/data/; https://creativecommons.org/licenses/by-nc/3.0,United States,North Carolina,"Pisgah National Forest, 4.5 km ESE Mount Mitchell, along South Toe River Road",28-May-21,35.75147602,-82.21790004,male,subadult,Microtus,Rodentia,Cricetidae
http://arctosdb.org/home/data/; https://creativecommons.org/licenses/by-nc/3.0,United States,North Carolina,"Pisgah National Forest, 4.5 km ESE Mount Mitchell, along South Toe River Road",28-May-21,35.751459,-82.21787204,male,subadult,Microtus,Rodentia,Cricetidae
http://arctosdb.org/home/data/; https://creativecommons.org/licenses/by-nc/3.0,United States,North Carolina,"Pisgah National Forest, 4.5 km ESE Mount Mitchell, along South Toe River Road",7-May-24,35.75135004,-82.21786299,male,subadult,Peromyscus,Rodentia,Cricetidae
http://arctosdb.org/home/data/; https://creativecommons.org/licenses/by-nc/3.0,United States,North Carolina,"Pisgah National Forest, 4.5 km ESE Mount Mitchell, along South Toe River Road",7-May-24,35.75140997,-82.21781001,male,adult,Peromyscus,Rodentia,Cricetidae
http://arctosdb.org/home/data/; https://creativecommons.org/licenses/by-nc/3.0,United States,North Carolina,"Pisgah National Forest, 4.5 km ESE Mount Mitchell, along South Toe River Road",7-May-24,35.75174399,-82.21779501,male,adult,Blarina,Soricomorpha,Soricidae
http://arctosdb.org/home/data/; https://creativecommons.org/licenses/by-nc/3.0,United States,North Carolina,"Pisgah National Forest, 4.5 km ESE Mount Mitchell, along South Toe River Road",27-May-21,35.75174399,-82.21775704,male,juvenile,Microtus,Rodentia,Cricetidae
http://arctosdb.org/home/data/; https://creativecommons.org/licenses/by-nc/3.0,United States,North Carolina,"Pisgah National Forest, 4.5 km ESE Mount Mitchell, along South Toe River Road",27-May-21,35.75138499,-82.21774396,male,juvenile,Microtus,Rodentia,Cricetidae
http://arctosdb.org/home/data/; https://creativecommons.org/licenses/by-nc/3.0,United States,North Carolina,"Pisgah National Forest, 4.5 km ESE Mount Mitchell, along South Toe River Road",12-Jan-23,35.75152203,-82.21772703,female,adult,Sorex,Soricomorpha,Soricidae
http://arctosdb.org/home/data/; https://creativecommons.org/licenses/by-nc/3.0,United States,North Carolina,"Pisgah National Forest, 4.5 km ESE Mount Mitchell, along South Toe River Road",28-May-21,35.75129799,-82.21769602,female,adult,Peromyscus,Rodentia,Cricetidae
http://arctosdb.org/home/data/; https://creativecommons.org/licenses/by-nc/3.0,United States,North Carolina,"Pisgah National Forest, 4.5 km ESE Mount Mitchell, along South Toe River Road",12-Jan-23,35.75128701,-82.21766903,male,adult,Blarina,Soricomorpha,Soricidae
http://arctosdb.org/home/data/; https://creativecommons.org/licenses/by-nc/3.0,United States,North Carolina,"Pisgah National Forest, 4.5 km ESE Mount Mitchell, along South Toe River Road",12-Jan-23,35.75125197,-82.21764204,male,adult,Sorex,Soricomorpha,Soricidae
http://arctosdb.org/home/data/; https://creativecommons.org/licenses/by-nc/3.0,United States,North Carolina,"Pisgah National Forest, 4.5 km ESE Mount Mitchell, along South Toe River Road",27-May-21,35.75123697,-82.217591,male,adult,Synaptomys,Rodentia,Cricetidae
http://arctosdb.org/home/data/; https://creativecommons.org/licenses/by-nc/3.0,United States,North Carolina,"Pisgah National Forest, 4.5 km ESE Mount Mitchell, along South Toe River Road",7-May-24,35.75127401,-82.21754297,female,adult,Peromyscus,Rodentia,Cricetidae
http://arctosdb.org/home/data/; https://creativecommons.org/licenses/by-nc/3.0,United States,North Carolina,"Pisgah National Forest, 4.5 km ESE Mount Mitchell, along South Toe River Road",7-May-24,35.75150602,-82.21753903,male,subadult,Peromyscus,Rodentia,Cricetidae
http://arctosdb.org/home/data/; https://creativecommons.org/licenses/by-nc/3.0,United States,North Carolina,"Pisgah National Forest, 4.5 km ESE Mount Mitchell, along South Toe River Road",8-May-24,35.75124401,-82.21752897,male,adult,Blarina,Soricomorpha,Soricidae
http://arctosdb.org/home/data/; https://creativecommons.org/licenses/by-nc/3.0,United States,North Carolina,"Pisgah National Forest, 4.5 km ESE Mount Mitchell, along South Toe River Road",14-Jul-21,35.75112096,-82.21752201,male,adult,Blarina,Soricomorpha,Soricidae
http://arctosdb.org/home/data/; https://creativecommons.org/licenses/by-nc/3.0,United States,North Carolina,"Pisgah National Forest, 4.5 km ESE Mount Mitchell, along South Toe River Road",7-May-24,35.75124904,-82.21751598,male,adult,Peromyscus,Rodentia,Cricetidae
http://arctosdb.org/home/data/; https://creativecommons.org/licenses/by-nc/3.0,United States,North Carolina,"Pisgah National Forest, 4.5 km ESE Mount Mitchell, along South Toe River Road",13-Jan-23,35.75116304,-82.21745202,female,adult,Blarina,Soricomorpha,Soricidae
http://arctosdb.org/home/data/; https://creativecommons.org/licenses/by-nc/3.0,United States,North Carolina,"Pisgah National Forest, 4.5 km ESE Mount Mitchell, along South Toe River Road",7-May-24,35.75152698,-82.21745001,male,adult,Peromyscus,Rodentia,Cricetidae
http://arctosdb.org/home/data/; https://creativecommons.org/licenses/by-nc/3.0,United States,North Carolina,"Pisgah National Forest, 4.5 km ESE Mount Mitchell, along South Toe River Road",13-Jan-23,35.75116103,-82.21744901,female,adult,Sorex,Soricomorpha,Soricidae
http://arctosdb.org/home/data/; https://creativecommons.org/licenses/by-nc/3.0,United States,North Carolina,"Pisgah National Forest, 4.5 km ESE Mount Mitchell, along South Toe River Road",13-Jan-23,35.75116103,-82.21744498,male,adult,Blarina,Soricomorpha,Soricidae
http://arctosdb.org/home/data/; https://creativecommons.org/licenses/by-nc/3.0,United States,North Carolina,"Pisgah National Forest, 4.5 km ESE Mount Mitchell, along South Toe River Road",28-May-21,35.75183803,-82.21743702,female,adult,Sorex,Soricomorpha,Soricidae
http://arctosdb.org/home/data/; https://creativecommons.org/licenses/by-nc/3.0,United States,North Carolina,"Pisgah National Forest, 4.5 km ESE Mount Mitchell, along South Toe River Road",14-Jan-23,35.75095198,-82.21725203,male,adult,Blarina,Soricomorpha,Soricidae
http://arctosdb.org/home/data/; https://creativecommons.org/licenses/by-nc/3.0,United States,North Carolina,"Pisgah National Forest, 4.5 km ESE Mount Mitchell, along South Toe River Road",12-Jan-23,35.75096204,-82.21719696,female,subadult,Blarina,Soricomorpha,Soricidae
http://arctosdb.org/home/data/; https://creativecommons.org/licenses/by-nc/3.0,United States,North Carolina,"Pisgah National Forest, 4.5 km ESE Mount Mitchell, along South Toe River Road",16-Jul-21,35.75100998,-82.21711599,female,adult,Peromyscus,Rodentia,Cricetidae
http://arctosdb.org/home/data/; https://creativecommons.org/licenses/by-nc/3.0,United States,North Carolina,"Pisgah National Forest, 4.5 km ESE Mount Mitchell, along South Toe River Road",14-Jul-21,35.75052098,-82.21678197,female,adult,Peromyscus,Rodentia,Cricetidae
http://arctosdb.org/home/data/; https://creativecommons.org/licenses/by-nc/3.0,United States,North Carolina,"Pisgah National Forest, 5 km ESE Mount Mitchell, forest edge near junction of South Toe River Road and Forest Service Road 2074",15-Jan-22,35.74238601,-82.21622097,male,adult,Sorex,Soricomorpha,Soricidae
http://arctosdb.org/home/data/; https://creativecommons.org/licenses/by-nc/3.0,United States,North Carolina,"Pisgah National Forest, 5 km ESE Mount Mitchell, forest edge near junction of South Toe River Road and Forest Service Road 2074",27-May-22,35.74277996,-82.21603397,female,adult,Sorex,Soricomorpha,Soricidae
http://arctosdb.org/home/data/; https://creativecommons.org/licenses/by-nc/3.0,United States,North Carolina,"Pisgah National Forest, 5 km ESE Mount Mitchell, forest edge near junction of South Toe River Road and Forest Service Road 2074",27-May-22,35.74277996,-82.21603397,male,adult,Sorex,Soricomorpha,Soricidae
http://arctosdb.org/home/data/; https://creativecommons.org/licenses/by-nc/3.0,United States,North Carolina,"Pisgah National Forest, 5 km ESE Mount Mitchell, forest edge near junction of South Toe River Road and Forest Service Road 2074",27-May-22,35.74278197,-82.21601503,male,adult,Sorex,Soricomorpha,Soricidae
http://arctosdb.org/home/data/; https://creativecommons.org/licenses/by-nc/3.0,United States,North Carolina,"Pisgah National Forest, 5 km ESE Mount Mitchell, forest edge near junction of South Toe River Road and Forest Service Road 2074",27-May-22,35.74292304,-82.21591302,male,adult,Napaeozapus,Rodentia,Dipodidae
http://arctosdb.org/home/data/; https://creativecommons.org/licenses/by-nc/3.0,United States,North Carolina,"Pisgah National Forest, 5 km ESE Mount Mitchell, forest edge near junction of South Toe River Road and Forest Service Road 2074",27-May-22,35.74285598,-82.215851,male,adult,Peromyscus,Rodentia,Cricetidae
http://arctosdb.org/home/data/; https://creativecommons.org/licenses/by-nc/3.0,United States,North Carolina,"Pisgah National Forest, 5 km ESE Mount Mitchell, forest edge near junction of South Toe River Road and Forest Service Road 2074",27-May-22,35.74285598,-82.215851,male,adult,Sorex,Soricomorpha,Soricidae
http://arctosdb.org/home/data/; https://creativecommons.org/licenses/by-nc/3.0,United States,North Carolina,"Pisgah National Forest, 5 km ESE Mount Mitchell, forest edge near junction of South Toe River Road and Forest Service Road 2074",27-May-22,35.74293897,-82.21584203,male,adult,Sorex,Soricomorpha,Soricidae
http://arctosdb.org/home/data/; https://creativecommons.org/licenses/by-nc/3.0,United States,North Carolina,"Pisgah National Forest, 5 km ESE Mount Mitchell, forest edge near junction of South Toe River Road and Forest Service Road 2074",27-May-22,35.74293897,-82.21584203,male,subadult,Blarina,Soricomorpha,Soricidae
http://arctosdb.org/home/data/; https://creativecommons.org/licenses/by-nc/3.0,United States,North Carolina,"Pisgah National Forest, 5 km ESE Mount Mitchell, forest edge near junction of South Toe River Road and Forest Service Road 2074",27-May-22,35.74293897,-82.21584203,female,adult,Sorex,Soricomorpha,Soricidae
http://arctosdb.org/home/data/; https://creativecommons.org/licenses/by-nc/3.0,United States,North Carolina,"Pisgah National Forest, 5 km ESE Mount Mitchell, forest edge near junction of South Toe River Road and Forest Service Road 2074",5-Nov-22,35.74279999,-82.21582401,male,adult,Sorex,Soricomorpha,Soricidae
http://arctosdb.org/home/data/; https://creativecommons.org/licenses/by-nc/3.0,United States,North Carolina,"Pisgah National Forest, 5 km SE Mount Mitchell, along South Toe River Road",5-Nov-22,35.74279999,-82.21582401,male,adult,Sorex,Soricomorpha,Soricidae
http://arctosdb.org/home/data/; https://creativecommons.org/licenses/by-nc/3.0,United States,North Carolina,"Pisgah National Forest, 5 km ESE Mount Mitchell, forest edge near junction of South Toe River Road and Forest Service Road 2074",27-May-22,35.74218401,-82.21579098,female,adult,Napaeozapus,Rodentia,Dipodidae
http://arctosdb.org/home/data/; https://creativecommons.org/licenses/by-nc/3.0,United States,North Carolina,"Pisgah National Forest, 5 km ESE Mount Mitchell, forest edge near junction of South Toe River Road and Forest Service Road 2074",28-May-22,35.74253596,-82.21579098,female,adult,Sorex,Soricomorpha,Soricidae
http://arctosdb.org/home/data/; https://creativecommons.org/licenses/by-nc/3.0,United States,North Carolina,"Pisgah National Forest, 5 km ESE Mount Mitchell, forest edge near junction of South Toe River Road and Forest Service Road 2074",27-May-22,35.74237101,-82.21574698,female,adult,Sorex,Soricomorpha,Soricidae
http://arctosdb.org/home/data/; https://creativecommons.org/licenses/by-nc/3.0,United States,North Carolina,"Pisgah National Forest, 5 km ESE Mount Mitchell, meadow near junction of South Toe River Road and Forest Service Road 2074",28-May-21,35.74336099,-82.21574496,male,adult,Peromyscus,Rodentia,Cricetidae
http://arctosdb.org/home/data/; https://creativecommons.org/licenses/by-nc/3.0,United States,North Carolina,"Pisgah National Forest, 5 km ESE Mount Mitchell, forest edge near junction of South Toe River Road and Forest Service Road 2074",11-Mar-22,35.74192802,-82.21573801,male,adult,Sorex,Soricomorpha,Soricidae
http://arctosdb.org/home/data/; https://creativecommons.org/licenses/by-nc/3.0,United States,North Carolina,"Pisgah National Forest, 5 km ESE Mount Mitchell, forest edge near junction of South Toe River Road and Forest Service Road 2074",11-Mar-22,35.74183499,-82.21571404,female,adult,Sorex,Soricomorpha,Soricidae
http://arctosdb.org/home/data/; https://creativecommons.org/licenses/by-nc/3.0,United States,North Carolina,"Pisgah National Forest, 5 km ESE Mount Mitchell, forest edge near junction of South Toe River Road and Forest Service Road 2074",27-May-22,35.74239196,-82.21570901,female,adult,Sorex,Soricomorpha,Soricidae
http://arctosdb.org/home/data/; https://creativecommons.org/licenses/by-nc/3.0,United States,North Carolina,"Pisgah National Forest, 5 km ESE Mount Mitchell, forest edge near junction of South Toe River Road and Forest Service Road 2074",27-May-22,35.74225802,-82.21569199,female,subadult,Sorex,Soricomorpha,Soricidae
http://arctosdb.org/home/data/; https://creativecommons.org/licenses/by-nc/3.0,United States,North Carolina,"Pisgah National Forest, 5 km ESE Mount Mitchell, forest edge near junction of South Toe River Road and Forest Service Road 2074",27-May-22,35.74225802,-82.21569199,female,subadult,Sorex,Soricomorpha,Soricidae
http://arctosdb.org/home/data/; https://creativecommons.org/licenses/by-nc/3.0,United States,North Carolina,"Pisgah National Forest, 5 km ESE Mount Mitchell, forest edge near junction of South Toe River Road and Forest Service Road 2074",27-May-22,35.74225802,-82.21569199,female,subadult,Sorex,Soricomorpha,Soricidae
http://arctosdb.org/home/data/; https://creativecommons.org/licenses/by-nc/3.0,United States,North Carolina,"Pisgah National Forest, 5 km ESE Mount Mitchell, forest edge near junction of South Toe River Road and Forest Service Road 2074",27-May-22,35.74233999,-82.21568897,female,adult,Sorex,Soricomorpha,Soricidae
http://arctosdb.org/home/data/; https://creativecommons.org/licenses/by-nc/3.0,United States,North Carolina,"Pisgah National Forest, 5 km ESE Mount Mitchell, forest edge near junction of South Toe River Road and Forest Service Road 2074",27-May-22,35.74240596,-82.21566601,female,adult,Sorex,Soricomorpha,Soricidae
http://arctosdb.org/home/data/; https://creativecommons.org/licenses/by-nc/3.0,United States,North Carolina,"Pisgah National Forest, 5 km ESE Mount Mitchell, forest edge near junction of South Toe River Road and Forest Service Road 2074",15-Jan-22,35.74236698,-82.21563399,male,adult,Sorex,Soricomorpha,Soricidae
http://arctosdb.org/home/data/; https://creativecommons.org/licenses/by-nc/3.0,United States,North Carolina,"Pisgah National Forest, 5 km ESE Mount Mitchell, meadow near junction of South Toe River Road and Forest Service Road 2074",9-May-24,35.74562998,-82.21561404,male,subadult,Peromyscus,Rodentia,Cricetidae
http://arctosdb.org/home/data/; https://creativecommons.org/licenses/by-nc/3.0,United States,North Carolina,"Pisgah National Forest, 5 km ESE Mount Mitchell, meadow near junction of South Toe River Road and Forest Service Road 2074",14-Jul-21,35.74540903,-82.21561102,female,adult,Microtus,Rodentia,Cricetidae
http://arctosdb.org/home/data/; https://creativecommons.org/licenses/by-nc/3.0,United States,North Carolina,"Pisgah National Forest, 5 km ESE Mount Mitchell, forest edge near junction of South Toe River Road and Forest Service Road 2074",13-Jan-23,35.743717,-82.215582,female,subadult,Peromyscus,Rodentia,Cricetidae
http://arctosdb.org/home/data/; https://creativecommons.org/licenses/by-nc/3.0,United States,North Carolina,"Pisgah National Forest, 5 km ESE Mount Mitchell, forest edge near junction of South Toe River Road and Forest Service Road 2074",27-May-22,35.74242398,-82.21557297,male,adult,Sorex,Soricomorpha,Soricidae
http://arctosdb.org/home/data/; https://creativecommons.org/licenses/by-nc/3.0,United States,North Carolina,"Pisgah National Forest, 5 km ESE Mount Mitchell, forest edge near junction of South Toe River Road and Forest Service Road 2074",27-May-22,35.74242398,-82.21557297,female,adult,Sorex,Soricomorpha,Soricidae
http://arctosdb.org/home/data/; https://creativecommons.org/licenses/by-nc/3.0,United States,North Carolina,"Pisgah National Forest, 5 km ESE Mount Mitchell, forest edge near junction of South Toe River Road and Forest Service Road 2074",27-May-22,35.74242398,-82.21557297,female,adult,Sorex,Soricomorpha,Soricidae
http://arctosdb.org/home/data/; https://creativecommons.org/licenses/by-nc/3.0,United States,North Carolina,"Pisgah National Forest, 5 km ESE Mount Mitchell, forest edge near junction of South Toe River Road and Forest Service Road 2074",27-May-22,35.74241401,-82.21556299,female,adult,Sorex,Soricomorpha,Soricidae
http://arctosdb.org/home/data/; https://creativecommons.org/licenses/by-nc/3.0,United States,North Carolina,"Pisgah National Forest, 5 km ESE Mount Mitchell, forest edge near junction of South Toe River Road and Forest Service Road 2074",13-Jan-23,35.742422,-82.21554,female,adult,Peromyscus,Rodentia,Cricetidae
http://arctosdb.org/home/data/; https://creativecommons.org/licenses/by-nc/3.0,United States,North Carolina,"Pisgah National Forest, 5.28 km SE Mount Mitchell, along Big Lost Cove Creek off of South Toe River Road",11-Mar-22,35.74242398,-82.21553902,male,adult,Sorex,Soricomorpha,Soricidae
http://arctosdb.org/home/data/; https://creativecommons.org/licenses/by-nc/3.0,United States,North Carolina,"Pisgah National Forest, 5 km ESE Mount Mitchell, meadow near junction of South Toe River Road and Forest Service Road 2074",28-May-21,35.74346703,-82.21553097,male,adult,Peromyscus,Rodentia,Cricetidae
http://arctosdb.org/home/data/; https://creativecommons.org/licenses/by-nc/3.0,United States,North Carolina,"Pisgah National Forest, 5 km SE Mount Mitchell, along South Toe River Road",5-Nov-22,35.74243999,-82.21552997,unknown,adult,Sorex,Soricomorpha,Soricidae
http://arctosdb.org/home/data/; https://creativecommons.org/licenses/by-nc/3.0,United States,North Carolina,"Pisgah National Forest, 5 km SE Mount Mitchell, along South Toe River Road",5-Nov-22,35.74243999,-82.21552997,female,adult,Blarina,Soricomorpha,Soricidae
http://arctosdb.org/home/data/; https://creativecommons.org/licenses/by-nc/3.0,United States,North Carolina,"Pisgah National Forest, 5 km SE Mount Mitchell, along South Toe River Road",5-Nov-22,35.74243999,-82.21552997,unknown,adult,Sorex,Soricomorpha,Soricidae
http://arctosdb.org/home/data/; https://creativecommons.org/licenses/by-nc/3.0,United States,North Carolina,"Pisgah National Forest, 5 km ESE Mount Mitchell, forest edge near junction of South Toe River Road and Forest Service Road 2074",27-May-22,35.74244997,-82.21552896,male,adult,Sorex,Soricomorpha,Soricidae
http://arctosdb.org/home/data/; https://creativecommons.org/licenses/by-nc/3.0,United States,North Carolina,"Pisgah National Forest, 5 km ESE Mount Mitchell, meadow near junction of South Toe River Road and Forest Service Road 2074",7-May-24,35.744411,-82.21548303,male,adult,Peromyscus,Rodentia,Cricetidae
http://arctosdb.org/home/data/; https://creativecommons.org/licenses/by-nc/3.0,United States,North Carolina,"Pisgah National Forest, 5 km ESE Mount Mitchell, meadow near junction of South Toe River Road and Forest Service Road 2074",7-May-24,35.74458601,-82.21535998,female,adult,Peromyscus,Rodentia,Cricetidae
http://arctosdb.org/home/data/; https://creativecommons.org/licenses/by-nc/3.0,United States,North Carolina,"Pisgah National Forest, 5 km ESE Mount Mitchell, meadow near junction of South Toe River Road and Forest Service Road 2074",9-May-24,35.74510502,-82.215334,male,subadult,Peromyscus,Rodentia,Cricetidae
http://arctosdb.org/home/data/; https://creativecommons.org/licenses/by-nc/3.0,United States,North Carolina,"Pisgah National Forest, 5 km ESE Mount Mitchell, forest edge near junction of South Toe River Road and Forest Service Road 2074",12-Jan-23,35.74391403,-82.21527197,female,adult,Sorex,Soricomorpha,Soricidae
http://arctosdb.org/home/data/; https://creativecommons.org/licenses/by-nc/3.0,United States,North Carolina,"Pisgah National Forest, 5 km ESE Mount Mitchell, meadow near junction of South Toe River Road and Forest Service Road 2074",9-May-24,35.74516998,-82.21519503,male,subadult,Peromyscus,Rodentia,Cricetidae
http://arctosdb.org/home/data/; https://creativecommons.org/licenses/by-nc/3.0,United States,North Carolina,"Pisgah National Forest, 5 km ESE Mount Mitchell, meadow near junction of South Toe River Road and Forest Service Road 2074",15-Jul-21,35.74468902,-82.21518497,male,adult,Microtus,Rodentia,Cricetidae
http://arctosdb.org/home/data/; https://creativecommons.org/licenses/by-nc/3.0,United States,North Carolina,"Pisgah National Forest, 5 km ESE Mount Mitchell, meadow near junction of South Toe River Road and Forest Service Road 2074",16-Jul-21,35.74499899,-82.21518296,male,subadult,Synaptomys,Rodentia,Cricetidae
http://arctosdb.org/home/data/; https://creativecommons.org/licenses/by-nc/3.0,United States,North Carolina,"Pisgah National Forest, 5 km ESE Mount Mitchell, meadow near junction of South Toe River Road and Forest Service Road 2074",14-Jul-21,35.74462004,-82.21516997,male,adult,Microtus,Rodentia,Cricetidae
http://arctosdb.org/home/data/; https://creativecommons.org/licenses/by-nc/3.0,United States,North Carolina,"Pisgah National Forest, 5 km ESE Mount Mitchell, meadow near junction of South Toe River Road and Forest Service Road 2074",27-May-21,35.74375897,-82.21516603,male,subadult,Peromyscus,Rodentia,Cricetidae
http://arctosdb.org/home/data/; https://creativecommons.org/licenses/by-nc/3.0,United States,North Carolina,"Pisgah National Forest, 5 km ESE Mount Mitchell, meadow near junction of South Toe River Road and Forest Service Road 2074",7-May-24,35.74512798,-82.215104,female,juvenile,Peromyscus,Rodentia,Cricetidae
http://arctosdb.org/home/data/; https://creativecommons.org/licenses/by-nc/3.0,United States,North Carolina,"Pisgah National Forest, 5 km ESE Mount Mitchell, meadow near junction of South Toe River Road and Forest Service Road 2074",8-May-24,35.74514299,-82.21509998,female,adult,Ochrotomys,Rodentia,Cricetidae
http://arctosdb.org/home/data/; https://creativecommons.org/licenses/by-nc/3.0,United States,North Carolina,"Pisgah National Forest, 5 km ESE Mount Mitchell, meadow near junction of South Toe River Road and Forest Service Road 2074",9-May-24,35.74516797,-82.21509503,female,subadult,Peromyscus,Rodentia,Cricetidae
http://arctosdb.org/home/data/; https://creativecommons.org/licenses/by-nc/3.0,United States,North Carolina,"Pisgah National Forest, 5 km ESE Mount Mitchell, meadow near junction of South Toe River Road and Forest Service Road 2074",14-Jul-21,35.74456003,-82.21509201,male,adult,Sigmodon,Rodentia,Cricetidae
http://arctosdb.org/home/data/; https://creativecommons.org/licenses/by-nc/3.0,United States,North Carolina,"Pisgah National Forest, 5 km ESE Mount Mitchell, meadow near junction of South Toe River Road and Forest Service Road 2074",7-May-24,35.74418996,-82.21494801,female,adult,Peromyscus,Rodentia,Cricetidae
http://arctosdb.org/home/data/; https://creativecommons.org/licenses/by-nc/3.0,United States,North Carolina,"Pisgah National Forest, 5 km ESE Mount Mitchell, meadow near junction of South Toe River Road and Forest Service Road 2074",7-May-24,35.74420597,-82.21492304,male,adult,Peromyscus,Rodentia,Cricetidae
http://arctosdb.org/home/data/; https://creativecommons.org/licenses/by-nc/3.0,United States,North Carolina,"Pisgah National Forest, 5 km ESE Mount Mitchell, meadow near junction of South Toe River Road and Forest Service Road 2074",7-May-24,35.74420597,-82.21492304,male,adult,Peromyscus,Rodentia,Cricetidae
http://arctosdb.org/home/data/; https://creativecommons.org/licenses/by-nc/3.0,United States,North Carolina,"Pisgah National Forest, 5 km ESE Mount Mitchell, meadow near junction of South Toe River Road and Forest Service Road 2074",9-May-24,35.745231,-82.21492203,male,adult,Ochrotomys,Rodentia,Cricetidae
http://arctosdb.org/home/data/; https://creativecommons.org/licenses/by-nc/3.0,United States,North Carolina,"Pisgah National Forest, 5 km ESE Mount Mitchell, meadow near junction of South Toe River Road and Forest Service Road 2074",28-May-21,35.74508599,-82.214903,male,subadult,Microtus,Rodentia,Cricetidae
http://arctosdb.org/home/data/; https://creativecommons.org/licenses/by-nc/3.0,United States,North Carolina,"Pisgah National Forest, 5 km ESE Mount Mitchell, forest edge near junction of South Toe River Road and Forest Service Road 2074",14-Jan-22,35.74310602,-82.21485103,male,adult,Sorex,Soricomorpha,Soricidae
http://arctosdb.org/home/data/; https://creativecommons.org/licenses/by-nc/3.0,United States,North Carolina,"Pisgah National Forest, 5 km ESE Mount Mitchell, meadow near junction of South Toe River Road and Forest Service Road 2074",28-May-21,35.74500804,-82.21473503,female,subadult,Microtus,Rodentia,Cricetidae
http://arctosdb.org/home/data/; https://creativecommons.org/licenses/by-nc/3.0,United States,North Carolina,"Pisgah National Forest, 5 km ESE Mount Mitchell, meadow near junction of South Toe River Road and Forest Service Road 2074",7-May-24,35.74506897,-82.21473402,female,adult,Blarina,Soricomorpha,Soricidae
http://arctosdb.org/home/data/; https://creativecommons.org/licenses/by-nc/3.0,United States,North Carolina,"Pisgah National Forest, 5 km ESE Mount Mitchell, meadow near junction of South Toe River Road and Forest Service Road 2074",9-May-24,35.74536704,-82.21472296,female,adult,Peromyscus,Rodentia,Cricetidae
http://arctosdb.org/home/data/; https://creativecommons.org/licenses/by-nc/3.0,United States,North Carolina,"Pisgah National Forest, 5 km ESE Mount Mitchell, meadow near junction of South Toe River Road and Forest Service Road 2074",16-Jul-21,35.744857,-82.21471399,male,subadult,Microtus,Rodentia,Cricetidae
http://arctosdb.org/home/data/; https://creativecommons.org/licenses/by-nc/3.0,United States,North Carolina,"Pisgah National Forest, 5 km ESE Mount Mitchell, meadow near junction of South Toe River Road and Forest Service Road 2074",9-May-24,35.74546997,-82.21470502,male,subadult,Peromyscus,Rodentia,Cricetidae
http://arctosdb.org/home/data/; https://creativecommons.org/licenses/by-nc/3.0,United States,North Carolina,"Pisgah National Forest, 5 km ESE Mount Mitchell, meadow near junction of South Toe River Road and Forest Service Road 2074",9-May-24,35.74518196,-82.21464702,male,subadult,Peromyscus,Rodentia,Cricetidae
http://arctosdb.org/home/data/; https://creativecommons.org/licenses/by-nc/3.0,United States,North Carolina,"Pisgah National Forest, 5 km ESE Mount Mitchell, meadow near junction of South Toe River Road and Forest Service Road 2074",14-Jul-21,35.74454402,-82.21461601,female,adult,Microtus,Rodentia,Cricetidae
http://arctosdb.org/home/data/; https://creativecommons.org/licenses/by-nc/3.0,United States,North Carolina,"Pisgah National Forest, 5 km ESE Mount Mitchell, meadow near junction of South Toe River Road and Forest Service Road 2074",9-May-24,35.74519202,-82.21456203,female,adult,Peromyscus,Rodentia,Cricetidae
http://arctosdb.org/home/data/; https://creativecommons.org/licenses/by-nc/3.0,United States,North Carolina,"Pisgah National Forest, 5 km ESE Mount Mitchell, meadow near junction of South Toe River Road and Forest Service Road 2074",9-May-24,35.74513,-82.21455901,female,adult,Peromyscus,Rodentia,Cricetidae
http://arctosdb.org/home/data/; https://creativecommons.org/licenses/by-nc/3.0,United States,North Carolina,"Pisgah National Forest, 5 km ESE Mount Mitchell, meadow near junction of South Toe River Road and Forest Service Road 2074",9-May-24,35.74492598,-82.21450604,female,adult,Ochrotomys,Rodentia,Cricetidae
http://arctosdb.org/home/data/; https://creativecommons.org/licenses/by-nc/3.0,United States,North Carolina,"Pisgah National Forest, 5 km ESE Mount Mitchell, meadow near junction of South Toe River Road and Forest Service Road 2074",8-May-24,35.74492598,-82.21450604,male,adult,Sorex,Soricomorpha,Soricidae
http://arctosdb.org/home/data/; https://creativecommons.org/licenses/by-nc/3.0,United States,North Carolina,"Pisgah National Forest, 5 km ESE Mount Mitchell, forest edge near junction of South Toe River Road and Forest Service Road 2074",27-May-22,35.74495699,-82.21443404,male,adult,Sorex,Soricomorpha,Soricidae
http://arctosdb.org/home/data/; https://creativecommons.org/licenses/by-nc/3.0,United States,North Carolina,"Pisgah National Forest, 5.31 km ESE Mount Mitchell, along South Toe River Road at Big Lost Cove Creek, 2024 South Toe River Road",15-Jan-22,35.74959403,-82.21371797,male,adult,Sorex,Soricomorpha,Soricidae
http://arctosdb.org/home/data/; https://creativecommons.org/licenses/by-nc/3.0,United States,North Carolina,"Pisgah National Forest, 5.31 km ESE Mount Mitchell, along South Toe River Road at Big Lost Cove Creek, 2024 South Toe River Road",14-Jan-22,35.74949797,-82.21367598,male,adult,Peromyscus,Rodentia,Cricetidae
http://arctosdb.org/home/data/; https://creativecommons.org/licenses/by-nc/3.0,United States,North Carolina,"Pisgah National Forest, 5.31 km ESE Mount Mitchell, along South Toe River Road at Big Lost Cove Creek, 2024 South Toe River Road",14-Jan-22,35.74942304,-82.21361797,female,adult,Peromyscus,Rodentia,Cricetidae
http://arctosdb.org/home/data/; https://creativecommons.org/licenses/by-nc/3.0,United States,North Carolina,"Pisgah National Forest, 5.31 km ESE Mount Mitchell, along South Toe River Road at Big Lost Cove Creek, 2024 South Toe River Road",14-Jan-22,35.74943603,-82.21361001,female,adult,Peromyscus,Rodentia,Cricetidae
http://arctosdb.org/home/data/; https://creativecommons.org/licenses/by-nc/3.0,United States,North Carolina,"Pisgah National Forest, 5.31 km ESE Mount Mitchell, along South Toe River Road at Big Lost Cove Creek, 2024 South Toe River Road",14-Jan-22,35.74937903,-82.21356902,male,adult,Sorex,Soricomorpha,Soricidae
http://arctosdb.org/home/data/; https://creativecommons.org/licenses/by-nc/3.0,United States,North Carolina,"Pisgah National Forest, 5.28 km SE Mount Mitchell, along Big Lost Cove Creek off of South Toe River Road",13-Jan-23,35.74353601,-82.21322201,female,adult,Blarina,Soricomorpha,Soricidae
http://arctosdb.org/home/data/; https://creativecommons.org/licenses/by-nc/3.0,United States,North Carolina,"Pisgah National Forest, 5.28 km SE Mount Mitchell, along Big Lost Cove Creek off of South Toe River Road",11-Mar-22,35.74315798,-82.21321899,male,adult,Microtus,Rodentia,Cricetidae
http://arctosdb.org/home/data/; https://creativecommons.org/licenses/by-nc/3.0,United States,North Carolina,"Pisgah National Forest, 5.28 km SE Mount Mitchell, along Big Lost Cove Creek off of South Toe River Road",14-Jan-23,35.74308297,-82.21315898,female,adult,Sorex,Soricomorpha,Soricidae
http://arctosdb.org/home/data/; https://creativecommons.org/licenses/by-nc/3.0,United States,North Carolina,"Pisgah National Forest, 5.28 km SE Mount Mitchell, along Big Lost Cove Creek off of South Toe River Road",14-Jan-23,35.74308498,-82.21315596,male,adult,Sorex,Soricomorpha,Soricidae
http://arctosdb.org/home/data/; https://creativecommons.org/licenses/by-nc/3.0,United States,North Carolina,"Pisgah National Forest, 5.28 km SE Mount Mitchell, along Big Lost Cove Creek off of South Toe River Road",13-Jan-23,35.74336502,-82.21309503,male,adult,Sorex,Soricomorpha,Soricidae
http://arctosdb.org/home/data/; https://creativecommons.org/licenses/by-nc/3.0,United States,North Carolina,"Pisgah National Forest, 5.28 km SE Mount Mitchell, along Big Lost Cove Creek off of South Toe River Road",11-Mar-22,35.74368898,-82.21298598,male,adult,Blarina,Soricomorpha,Soricidae
http://arctosdb.org/home/data/; https://creativecommons.org/licenses/by-nc/3.0,United States,North Carolina,"Pisgah National Forest, 5.28 km SE Mount Mitchell, along Big Lost Cove Creek off of South Toe River Road",11-Mar-22,35.74369996,-82.21298103,female,adult,Sorex,Soricomorpha,Soricidae
http://arctosdb.org/home/data/; https://creativecommons.org/licenses/by-nc/3.0,United States,North Carolina,"Pisgah National Forest, 5.28 km SE Mount Mitchell, along Big Lost Cove Creek off of South Toe River Road",11-Mar-22,35.74367599,-82.21293602,male,adult,Sorex,Soricomorpha,Soricidae
http://arctosdb.org/home/data/; https://creativecommons.org/licenses/by-nc/3.0,United States,North Carolina,"Pisgah National Forest, 5.28 km SE Mount Mitchell, along Big Lost Cove Creek off of South Toe River Road",13-Jan-23,35.74374304,-82.21288003,female,adult,Sorex,Soricomorpha,Soricidae
http://arctosdb.org/home/data/; https://creativecommons.org/licenses/by-nc/3.0,United States,North Carolina,"Pisgah National Forest, 5.28 km SE Mount Mitchell, along Big Lost Cove Creek off of South Toe River Road",13-Jan-23,35.74396198,-82.21285203,female,adult,Sorex,Soricomorpha,Soricidae
http://arctosdb.org/home/data/; https://creativecommons.org/licenses/by-nc/3.0,United States,North Carolina,"Pisgah National Forest, 5.28 km SE Mount Mitchell, along Big Lost Cove Creek off of South Toe River Road",12-Jan-23,35.74387296,-82.21280099,male,adult,Sorex,Soricomorpha,Soricidae
http://arctosdb.org/home/data/; https://creativecommons.org/licenses/by-nc/3.0,United States,North Carolina,"Pisgah National Forest, 5.28 km SE Mount Mitchell, along Big Lost Cove Creek off of South Toe River Road",13-Jan-23,35.74388302,-82.21279596,male,adult,Sorex,Soricomorpha,Soricidae
http://arctosdb.org/home/data/; https://creativecommons.org/licenses/by-nc/3.0,United States,North Carolina,"Pisgah National Forest, 5.28 km SE Mount Mitchell, along Big Lost Cove Creek off of South Toe River Road",13-Jan-23,35.74376098,-82.21263897,female,subadult,Peromyscus,Rodentia,Cricetidae
http://arctosdb.org/home/data/; https://creativecommons.org/licenses/by-nc/3.0,United States,North Carolina,"Pisgah National Forest, 5.28 km SE Mount Mitchell, along Big Lost Cove Creek off of South Toe River Road",13-Jan-23,35.74376098,-82.21262899,female,adult,Peromyscus,Rodentia,Cricetidae
http://arctosdb.org/home/data/; https://creativecommons.org/licenses/by-nc/3.0,United States,North Carolina,"Pisgah National Forest, 5.28 km SE Mount Mitchell, along Big Lost Cove Creek off of South Toe River Road",13-Jan-23,35.74413003,-82.21262597,male,adult,Sorex,Soricomorpha,Soricidae
http://arctosdb.org/home/data/; https://creativecommons.org/licenses/by-nc/3.0,United States,North Carolina,"Pisgah National Forest, 5.28 km SE Mount Mitchell, along Big Lost Cove Creek off of South Toe River Road",12-Jan-23,35.74366903,-82.21262304,female,adult,Blarina,Soricomorpha,Soricidae
http://arctosdb.org/home/data/; https://creativecommons.org/licenses/by-nc/3.0,United States,North Carolina,"Pisgah National Forest, 5.28 km SE Mount Mitchell, along Big Lost Cove Creek off of South Toe River Road",13-Jan-23,35.74374204,-82.21260804,female,adult,Sorex,Soricomorpha,Soricidae
http://arctosdb.org/home/data/; https://creativecommons.org/licenses/by-nc/3.0,United States,North Carolina,"Pisgah National Forest, 5.28 km SE Mount Mitchell, along Big Lost Cove Creek off of South Toe River Road",13-Jan-23,35.74414797,-82.212602,male,adult,Sorex,Soricomorpha,Soricidae
http://arctosdb.org/home/data/; https://creativecommons.org/licenses/by-nc/3.0,United States,North Carolina,"Pisgah National Forest, 5.28 km SE Mount Mitchell, along Big Lost Cove Creek off of South Toe River Road",12-Jan-23,35.74344297,-82.21253403,male,adult,Blarina,Soricomorpha,Soricidae
http://arctosdb.org/home/data/; https://creativecommons.org/licenses/by-nc/3.0,United States,North Carolina,"Pisgah National Forest, 5.28 km SE Mount Mitchell, along Big Lost Cove Creek off of South Toe River Road",13-Jan-23,35.74433598,-82.21252296,female,adult,Sorex,Soricomorpha,Soricidae
http://arctosdb.org/home/data/; https://creativecommons.org/licenses/by-nc/3.0,United States,North Carolina,"Pisgah National Forest, 5.28 km SE Mount Mitchell, along Big Lost Cove Creek off of South Toe River Road",13-Jan-23,35.74434503,-82.21252003,female,adult,Blarina,Soricomorpha,Soricidae
http://arctosdb.org/home/data/; https://creativecommons.org/licenses/by-nc/3.0,United States,North Carolina,"Pisgah National Forest, 5.28 km SE Mount Mitchell, along Big Lost Cove Creek off of South Toe River Road",13-Jan-23,35.74332001,-82.21249798,female,adult,Sorex,Soricomorpha,Soricidae
http://arctosdb.org/home/data/; https://creativecommons.org/licenses/by-nc/3.0,United States,North Carolina,"Pisgah National Forest, 5.28 km SE Mount Mitchell, along Big Lost Cove Creek off of South Toe River Road",14-Jan-23,35.74384899,-82.21236999,male,adult,Blarina,Soricomorpha,Soricidae
http://arctosdb.org/home/data/; https://creativecommons.org/licenses/by-nc/3.0,United States,North Carolina,"Pisgah National Forest, 5.28 km SE Mount Mitchell, along Big Lost Cove Creek off of South Toe River Road",13-Jan-23,35.74382904,-82.21233596,male,adult,Sorex,Soricomorpha,Soricidae
http://arctosdb.org/home/data/; https://creativecommons.org/licenses/by-nc/3.0,United States,North Carolina,"Pisgah National Forest, 5.28 km SE Mount Mitchell, along Big Lost Cove Creek off of South Toe River Road",13-Jan-23,35.74382602,-82.21233403,male,adult,Blarina,Soricomorpha,Soricidae
http://arctosdb.org/home/data/; https://creativecommons.org/licenses/by-nc/3.0,United States,North Carolina,"Pisgah National Forest, 5.28 km SE Mount Mitchell, along Big Lost Cove Creek off of South Toe River Road",13-Jan-23,35.74398503,-82.21227997,male,adult,Sorex,Soricomorpha,Soricidae
http://arctosdb.org/home/data/; https://creativecommons.org/licenses/by-nc/3.0,United States,North Carolina,"Pisgah National Forest, 5.28 km SE Mount Mitchell, along Big Lost Cove Creek off of South Toe River Road",13-Jan-23,35.74369904,-82.21217503,male,subadult,Peromyscus,Rodentia,Cricetidae
http://arctosdb.org/home/data/; https://creativecommons.org/licenses/by-nc/3.0,United States,North Carolina,"Pisgah National Forest, 5.28 km SE Mount Mitchell, along Big Lost Cove Creek off of South Toe River Road",13-Jan-23,35.74251199,-82.21206296,female,adult,Peromyscus,Rodentia,Cricetidae
http://arctosdb.org/home/data/; https://creativecommons.org/licenses/by-nc/3.0,United States,North Carolina,"Pisgah National Forest, 5.28 km SE Mount Mitchell, along Big Lost Cove Creek off of South Toe River Road",14-Jan-23,35.74372603,-82.21200597,female,adult,Sorex,Soricomorpha,Soricidae
http://arctosdb.org/home/data/; https://creativecommons.org/licenses/by-nc/3.0,United States,North Carolina,"Pisgah National Forest, 5.28 km SE Mount Mitchell, along Big Lost Cove Creek off of South Toe River Road",13-Jan-23,35.74373399,-82.211968,female,adult,Sorex,Soricomorpha,Soricidae
http://arctosdb.org/home/data/; https://creativecommons.org/licenses/by-nc/3.0,United States,North Carolina,"Pisgah National Forest, 5.28 km SE Mount Mitchell, along Big Lost Cove Creek off of South Toe River Road",13-Jan-23,35.74373097,-82.21196498,female,adult,Sorex,Soricomorpha,Soricidae
http://arctosdb.org/home/data/; https://creativecommons.org/licenses/by-nc/3.0,United States,North Carolina,"Pisgah National Forest, 5.28 km SE Mount Mitchell, along Big Lost Cove Creek off of South Toe River Road",13-Jan-23,35.74279597,-82.211954,male,adult,Sorex,Soricomorpha,Soricidae
http://arctosdb.org/home/data/; https://creativecommons.org/licenses/by-nc/3.0,United States,North Carolina,"Pisgah National Forest, 5.28 km SE Mount Mitchell, along Big Lost Cove Creek off of South Toe River Road",13-Jan-23,35.74252297,-82.21177001,female,adult,Sorex,Soricomorpha,Soricidae
http://arctosdb.org/home/data/; https://creativecommons.org/licenses/by-nc/3.0,United States,North Carolina,"Pisgah National Forest, 5.28 km SE Mount Mitchell, along Big Lost Cove Creek off of South Toe River Road",13-Jan-23,35.74254996,-82.21167102,male,adult,Sorex,Soricomorpha,Soricidae
http://arctosdb.org/home/data/; https://creativecommons.org/licenses/by-nc/3.0,United States,North Carolina,"Pisgah National Forest, 5.28 km SE Mount Mitchell, along Big Lost Cove Creek off of South Toe River Road",14-Jan-23,35.74416599,-82.21142803,male,adult,Sorex,Soricomorpha,Soricidae
http://arctosdb.org/home/data/; https://creativecommons.org/licenses/by-nc/3.0,United States,North Carolina,"Pisgah National Forest, 5.28 km SE Mount Mitchell, along Big Lost Cove Creek off of South Toe River Road",14-Jan-23,35.74415803,-82.21137598,female,adult,Sorex,Soricomorpha,Soricidae
http://arctosdb.org/home/data/; https://creativecommons.org/licenses/by-nc/3.0,United States,North Carolina,"Pisgah National Forest, 5.28 km SE Mount Mitchell, along Big Lost Cove Creek off of South Toe River Road",13-Jan-23,35.74416197,-82.21131102,female,adult,Sorex,Soricomorpha,Soricidae
http://arctosdb.org/home/data/; https://creativecommons.org/licenses/by-nc/3.0,United States,North Carolina,"Pisgah National Forest, 5.28 km SE Mount Mitchell, along Big Lost Cove Creek off of South Toe River Road",13-Jan-23,35.74404798,-82.211279,female,adult,Peromyscus,Rodentia,Cricetidae
http://arctosdb.org/home/data/; https://creativecommons.org/licenses/by-nc/3.0,United States,North Carolina,"Pisgah National Forest, 5.15 km ESE Mt. Mitchell, meadow off of South Toe River Road",7-May-24,35.75174097,-82.20977403,male,subadult,Peromyscus,Rodentia,Cricetidae
http://arctosdb.org/home/data/; https://creativecommons.org/licenses/by-nc/3.0,United States,North Carolina,"Pisgah National Forest, 6 km ESE Mount Mitchell, along Forest Service Road 2074 at Neals Creek",9-May-24,35.74105396,-82.20546003,female,adult,Sorex,Soricomorpha,Soricidae
http://arctosdb.org/home/data/; https://creativecommons.org/licenses/by-nc/3.0,United States,North Carolina,"Pisgah National Forest, 6 km ESE Mount Mitchell, along Forest Service Road 2074 at Neals Creek",9-May-24,35.74106997,-82.20545098,male,adult,Sorex,Soricomorpha,Soricidae
http://arctosdb.org/home/data/; https://creativecommons.org/licenses/by-nc/3.0,United States,North Carolina,"Pisgah National Forest, 256 Fairway Loop, Burnsville NC",12-Jan-23,35.771377,-82.20522199,male,adult,Peromyscus,Rodentia,Cricetidae
http://arctosdb.org/home/data/; https://creativecommons.org/licenses/by-nc/3.0,United States,North Carolina,"Pisgah National Forest, 6 km ESE Mount Mitchell, along Forest Service Road 2074 at Neals Creek",9-May-24,35.74097299,-82.205195,male,adult,Sorex,Soricomorpha,Soricidae
http://arctosdb.org/home/data/; https://creativecommons.org/licenses/by-nc/3.0,United States,North Carolina,"Pisgah National Forest, 6 km ESE Mount Mitchell, along Forest Service Road 2074 at Neals Creek",9-May-24,35.74097903,-82.20518201,female,adult,Sorex,Soricomorpha,Soricidae
http://arctosdb.org/home/data/; https://creativecommons.org/licenses/by-nc/3.0,United States,North Carolina,"Pisgah National Forest, 6 km ESE Mount Mitchell, along Forest Service Road 2074 at Neals Creek",9-May-24,35.74098598,-82.20517203,female,adult,Sorex,Soricomorpha,Soricidae
http://arctosdb.org/home/data/; https://creativecommons.org/licenses/by-nc/3.0,United States,North Carolina,"Pisgah National Forest, 6 km ESE Mount Mitchell, along Forest Service Road 2074 at Neals Creek",26-May-22,35.74095002,-82.20514102,male,adult,Sorex,Soricomorpha,Soricidae
http://arctosdb.org/home/data/; https://creativecommons.org/licenses/by-nc/3.0,United States,North Carolina,"Pisgah National Forest, 6 km ESE Mount Mitchell, along Forest Service Road 2074 at Neals Creek",26-May-22,35.74095002,-82.20514102,male,adult,Sorex,Soricomorpha,Soricidae
http://arctosdb.org/home/data/; https://creativecommons.org/licenses/by-nc/3.0,United States,North Carolina,"Pisgah National Forest, 5 km ESE Mount Mitchell, forest edge near junction of South Toe River Road and Forest Service Road 2074",14-Jan-23,35.77142998,-82.20513901,female,adult,Peromyscus,Rodentia,Cricetidae
http://arctosdb.org/home/data/; https://creativecommons.org/licenses/by-nc/3.0,United States,North Carolina,"Pisgah National Forest, 6 km ESE Mount Mitchell, along Forest Service Road 2074 at Neals Creek",14-Nov-21,35.74148403,-82.20502099,female,adult,Sorex,Soricomorpha,Soricidae
http://arctosdb.org/home/data/; https://creativecommons.org/licenses/by-nc/3.0,United States,North Carolina,"Pisgah National Forest, 6 km ESE Mount Mitchell, along Forest Service Road 2074 at Neals Creek",14-Nov-21,35.74126602,-82.20499501,unknown,adult,Sorex,Soricomorpha,Soricidae
http://arctosdb.org/home/data/; https://creativecommons.org/licenses/by-nc/3.0,United States,North Carolina,"Pisgah National Forest, 6 km ESE Mount Mitchell, along Forest Service Road 2074 at Neals Creek",14-Nov-21,35.74125596,-82.20498,female,adult,Sorex,Soricomorpha,Soricidae
http://arctosdb.org/home/data/; https://creativecommons.org/licenses/by-nc/3.0,United States,North Carolina,"Pisgah National Forest, 6 km ESE Mount Mitchell, along Forest Service Road 2074 at Neals Creek",9-May-24,35.74109696,-82.20490901,male,adult,Blarina,Soricomorpha,Soricidae
http://arctosdb.org/home/data/; https://creativecommons.org/licenses/by-nc/3.0,United States,North Carolina,"Pisgah National Forest, 6 km ESE Mount Mitchell, along Forest Service Road 2074 at Neals Creek",13-Nov-21,35.74116603,-82.20490901,female,adult,Sorex,Soricomorpha,Soricidae
http://arctosdb.org/home/data/; https://creativecommons.org/licenses/by-nc/3.0,United States,North Carolina,"Pisgah National Forest, 6 km ESE Mount Mitchell, along Forest Service Road 2074 at Neals Creek",13-Nov-21,35.74117499,-82.20490197,female,adult,Blarina,Soricomorpha,Soricidae
http://arctosdb.org/home/data/; https://creativecommons.org/licenses/by-nc/3.0,United States,North Carolina,"Pisgah National Forest, 6 km ESE Mount Mitchell, along Forest Service Road 2074 at Neals Creek",9-May-24,35.74112596,-82.20490004,female,adult,Sorex,Soricomorpha,Soricidae
http://arctosdb.org/home/data/; https://creativecommons.org/licenses/by-nc/3.0,United States,North Carolina,"Pisgah National Forest, 6 km ESE Mount Mitchell, along Forest Service Road 2074 at Neals Creek",13-Nov-21,35.74101498,-82.20480298,female,adult,Blarina,Soricomorpha,Soricidae
http://arctosdb.org/home/data/; https://creativecommons.org/licenses/by-nc/3.0,United States,North Carolina,"Pisgah National Forest, 6 km ESE Mount Mitchell, along Forest Service Road 2074 at Neals Creek",9-May-24,35.74100601,-82.20480197,male,adult,Sorex,Soricomorpha,Soricidae
http://arctosdb.org/home/data/; https://creativecommons.org/licenses/by-nc/3.0,United States,North Carolina,"Pisgah National Forest, 6 km ESE Mount Mitchell, along Forest Service Road 2074 at Neals Creek",5-Nov-22,35.74067099,-82.20480097,female,adult,Blarina,Soricomorpha,Soricidae
http://arctosdb.org/home/data/; https://creativecommons.org/licenses/by-nc/3.0,United States,North Carolina,"Pisgah National Forest, 6 km ESE Mount Mitchell, along Forest Service Road 2074 at Neals Creek",9-May-24,35.74101096,-82.20479803,male,adult,Sorex,Soricomorpha,Soricidae
http://arctosdb.org/home/data/; https://creativecommons.org/licenses/by-nc/3.0,United States,North Carolina,"Pisgah National Forest, 6 km ESE Mount Mitchell, along Forest Service Road 2074 at Neals Creek",9-May-24,35.74102102,-82.204792,male,adult,Sorex,Soricomorpha,Soricidae
http://arctosdb.org/home/data/; https://creativecommons.org/licenses/by-nc/3.0,United States,North Carolina,"Pisgah National Forest, 6 km ESE Mount Mitchell, along Forest Service Road 2074 at Neals Creek",14-Jul-21,35.740918,-82.204778,female,adult,Peromyscus,Rodentia,Cricetidae
http://arctosdb.org/home/data/; https://creativecommons.org/licenses/by-nc/3.0,United States,North Carolina,"Pisgah National Forest, 6 km ESE Mount Mitchell, along Forest Service Road 2074 at Neals Creek",9-May-24,35.74095002,-82.20477699,female,adult,Sorex,Soricomorpha,Soricidae
http://arctosdb.org/home/data/; https://creativecommons.org/licenses/by-nc/3.0,United States,North Carolina,"Pisgah National Forest, 6 km ESE Mount Mitchell, along Forest Service Road 2074 at Neals Creek",26-May-22,35.74097299,-82.20477599,male,adult,Sorex,Soricomorpha,Soricidae
http://arctosdb.org/home/data/; https://creativecommons.org/licenses/by-nc/3.0,United States,North Carolina,"Pisgah National Forest, 6 km ESE Mount Mitchell, along Forest Service Road 2074 at Neals Creek",26-May-22,35.74097299,-82.20477599,male,adult,Sorex,Soricomorpha,Soricidae
http://arctosdb.org/home/data/; https://creativecommons.org/licenses/by-nc/3.0,United States,North Carolina,"Pisgah National Forest, 6 km ESE Mount Mitchell, along Forest Service Road 2074 at Neals Creek",9-May-24,35.74088196,-82.20477196,female,adult,Sorex,Soricomorpha,Soricidae
http://arctosdb.org/home/data/; https://creativecommons.org/licenses/by-nc/3.0,United States,North Carolina,"Pisgah National Forest, 6 km ESE Mount Mitchell, along Forest Service Road 2074 at Neals Creek",14-Nov-21,35.74134397,-82.20477104,male,adult,Sorex,Soricomorpha,Soricidae
http://arctosdb.org/home/data/; https://creativecommons.org/licenses/by-nc/3.0,United States,North Carolina,"Pisgah National Forest, 6 km ESE Mount Mitchell, along Forest Service Road 2074 at Neals Creek",9-May-24,35.74088196,-82.20477004,male,adult,Sorex,Soricomorpha,Soricidae
http://arctosdb.org/home/data/; https://creativecommons.org/licenses/by-nc/3.0,United States,North Carolina,"Pisgah National Forest, 6 km ESE Mount Mitchell, along Forest Service Road 2074 at Neals Creek",9-May-24,35.74088104,-82.20476903,male,adult,Sorex,Soricomorpha,Soricidae
http://arctosdb.org/home/data/; https://creativecommons.org/licenses/by-nc/3.0,United States,North Carolina,"Pisgah National Forest, 6 km ESE Mount Mitchell, along Forest Service Road 2074 at Neals Creek",6-Nov-22,35.74078498,-82.20475797,male,subadult,Peromyscus,Rodentia,Cricetidae
http://arctosdb.org/home/data/; https://creativecommons.org/licenses/by-nc/3.0,United States,North Carolina,"Pisgah National Forest, 6 km ESE Mount Mitchell, along Forest Service Road 2074 at Neals Creek",6-Nov-22,35.74093804,-82.20475503,male,adult,Sorex,Soricomorpha,Soricidae
http://arctosdb.org/home/data/; https://creativecommons.org/licenses/by-nc/3.0,United States,North Carolina,"Pisgah National Forest, 6 km ESE Mount Mitchell, along Forest Service Road 2074 at Neals Creek",6-Nov-22,35.74078096,-82.20475403,female,juvenile,Peromyscus,Rodentia,Cricetidae
http://arctosdb.org/home/data/; https://creativecommons.org/licenses/by-nc/3.0,United States,North Carolina,"Pisgah National Forest, 6 km ESE Mount Mitchell, along Forest Service Road 2074 at Neals Creek",14-Jul-21,35.74094198,-82.20475101,female,adult,Peromyscus,Rodentia,Cricetidae
http://arctosdb.org/home/data/; https://creativecommons.org/licenses/by-nc/3.0,United States,North Carolina,"Pisgah National Forest, 6 km ESE Mount Mitchell, along Forest Service Road 2074 at Neals Creek",28-May-22,35.74123501,-82.204749,male,adult,Sorex,Soricomorpha,Soricidae
http://arctosdb.org/home/data/; https://creativecommons.org/licenses/by-nc/3.0,United States,North Carolina,"Pisgah National Forest, 6 km ESE Mount Mitchell, along Forest Service Road 2074 at Neals Creek",28-May-22,35.74123501,-82.204749,female,adult,Sorex,Soricomorpha,Soricidae
http://arctosdb.org/home/data/; https://creativecommons.org/licenses/by-nc/3.0,United States,North Carolina,"Pisgah National Forest, 6 km ESE Mount Mitchell, along Forest Service Road 2074 at Neals Creek",5-Nov-22,35.74069999,-82.20473399,female,adult,Microtus,Rodentia,Cricetidae
http://arctosdb.org/home/data/; https://creativecommons.org/licenses/by-nc/3.0,United States,North Carolina,"Pisgah National Forest, 6 km ESE Mount Mitchell, along Forest Service Road 2074 at Neals Creek",14-Jul-21,35.74086403,-82.20472301,female,adult,Sorex,Soricomorpha,Soricidae
http://arctosdb.org/home/data/; https://creativecommons.org/licenses/by-nc/3.0,United States,North Carolina,"Pisgah National Forest, 6 km ESE Mount Mitchell, along Forest Service Road 2074 at Neals Creek",14-Jul-21,35.74086403,-82.20472301,male,adult,Sorex,Soricomorpha,Soricidae
http://arctosdb.org/home/data/; https://creativecommons.org/licenses/by-nc/3.0,United States,North Carolina,"Pisgah National Forest, 6 km ESE Mount Mitchell, along Forest Service Road 2074 at Neals Creek",14-Jul-21,35.74086403,-82.20472301,male,adult,Sorex,Soricomorpha,Soricidae
http://arctosdb.org/home/data/; https://creativecommons.org/licenses/by-nc/3.0,United States,North Carolina,"Pisgah National Forest, 6 km ESE Mount Mitchell, along Forest Service Road 2074 at Neals Creek",6-Nov-22,35.740817,-82.204721,female,subadult,Peromyscus,Rodentia,Cricetidae
http://arctosdb.org/home/data/; https://creativecommons.org/licenses/by-nc/3.0,United States,North Carolina,"Pisgah National Forest, 5 km SE Mount Mitchell, along South Toe River Road",8-May-24,35.74073402,-82.20471798,male,adult,Sorex,Soricomorpha,Soricidae
http://arctosdb.org/home/data/; https://creativecommons.org/licenses/by-nc/3.0,United States,North Carolina,"Pisgah National Forest, 5 km ESE Mount Mitchell, meadow near junction of South Toe River Road and Forest Service Road 2074",7-May-24,35.74073402,-82.20471798,male,juvenile,Peromyscus,Rodentia,Cricetidae
http://arctosdb.org/home/data/; https://creativecommons.org/licenses/by-nc/3.0,United States,North Carolina,"Pisgah National Forest, 9.73 km NE Mount Mitchell, along Victor Road",27-May-22,35.741017,-82.20471203,female,adult,Peromyscus,Rodentia,Cricetidae
http://arctosdb.org/home/data/; https://creativecommons.org/licenses/by-nc/3.0,United States,North Carolina,"Pisgah National Forest, 6 km ESE Mount Mitchell, along Forest Service Road 2074 at Neals Creek",14-Jul-21,35.74093401,-82.204707,female,adult,Peromyscus,Rodentia,Cricetidae
http://arctosdb.org/home/data/; https://creativecommons.org/licenses/by-nc/3.0,United States,North Carolina,"Pisgah National Forest, 6 km ESE Mount Mitchell, along Forest Service Road 2074 at Neals Creek",6-Nov-22,35.74092303,-82.20470197,male,subadult,Peromyscus,Rodentia,Cricetidae
http://arctosdb.org/home/data/; https://creativecommons.org/licenses/by-nc/3.0,United States,North Carolina,"Pisgah National Forest, 6 km ESE Mount Mitchell, along Forest Service Road 2074 at Neals Creek",13-Nov-21,35.74115203,-82.20469099,unknown,adult,Sorex,Soricomorpha,Soricidae
http://arctosdb.org/home/data/; https://creativecommons.org/licenses/by-nc/3.0,United States,North Carolina,"Pisgah National Forest, 6 km ESE Mount Mitchell, along Forest Service Road 2074 at Neals Creek",13-Nov-21,35.74115404,-82.20468898,male,adult,Sorex,Soricomorpha,Soricidae
http://arctosdb.org/home/data/; https://creativecommons.org/licenses/by-nc/3.0,United States,North Carolina,"Pisgah National Forest, 6 km ESE Mount Mitchell, along Forest Service Road 2074 at Neals Creek",13-Nov-21,35.74114398,-82.20468001,female,adult,Sorex,Soricomorpha,Soricidae
http://arctosdb.org/home/data/; https://creativecommons.org/licenses/by-nc/3.0,United States,North Carolina,"Pisgah National Forest, 6 km ESE Mount Mitchell, along Forest Service Road 2074 at Neals Creek",13-Nov-21,35.74115102,-82.204677,male,adult,Microtus,Rodentia,Cricetidae
http://arctosdb.org/home/data/; https://creativecommons.org/licenses/by-nc/3.0,United States,North Carolina,"Pisgah National Forest, 6 km ESE Mount Mitchell, along Forest Service Road 2074 at Neals Creek",14-Jul-21,35.74088297,-82.20466702,female,adult,Blarina,Soricomorpha,Soricidae
http://arctosdb.org/home/data/; https://creativecommons.org/licenses/by-nc/3.0,United States,North Carolina,"Pisgah National Forest, 6 km ESE Mount Mitchell, along Forest Service Road 2074 at Neals Creek",9-May-24,35.74097198,-82.20465898,male,adult,Napaeozapus,Rodentia,Dipodidae
http://arctosdb.org/home/data/; https://creativecommons.org/licenses/by-nc/3.0,United States,North Carolina,"Pisgah National Forest, 6 km ESE Mount Mitchell, along Forest Service Road 2074 at Neals Creek",9-May-24,35.74096796,-82.20465797,female,adult,Sorex,Soricomorpha,Soricidae
http://arctosdb.org/home/data/; https://creativecommons.org/licenses/by-nc/3.0,United States,North Carolina,"Pisgah National Forest, 6 km ESE Mount Mitchell, along Forest Service Road 2074 at Neals Creek",14-Jul-21,35.74103803,-82.20465797,male,adult,Sorex,Soricomorpha,Soricidae
http://arctosdb.org/home/data/; https://creativecommons.org/licenses/by-nc/3.0,United States,North Carolina,"Pisgah National Forest, 6 km ESE Mount Mitchell, along Forest Service Road 2074 at Neals Creek",16-Jul-21,35.74073402,-82.20465596,female,adult,Blarina,Soricomorpha,Soricidae
http://arctosdb.org/home/data/; https://creativecommons.org/licenses/by-nc/3.0,United States,North Carolina,"Pisgah National Forest, 6 km ESE Mount Mitchell, along Forest Service Road 2074 at Neals Creek",14-Jul-21,35.74102798,-82.20464598,female,adult,Peromyscus,Rodentia,Cricetidae
http://arctosdb.org/home/data/; https://creativecommons.org/licenses/by-nc/3.0,United States,North Carolina,"Pisgah National Forest, 6 km ESE Mount Mitchell, along Forest Service Road 2074 at Neals Creek",9-May-24,35.74063403,-82.20461296,female,adult,Peromyscus,Rodentia,Cricetidae
http://arctosdb.org/home/data/; https://creativecommons.org/licenses/by-nc/3.0,United States,North Carolina,"Pisgah National Forest, 6 km ESE Mount Mitchell, along Forest Service Road 2074 at Neals Creek",14-Jul-21,35.74095597,-82.20459804,male,adult,Sorex,Soricomorpha,Soricidae
http://arctosdb.org/home/data/; https://creativecommons.org/licenses/by-nc/3.0,United States,North Carolina,"Pisgah National Forest, 6 km ESE Mount Mitchell, along Forest Service Road 2074 at Neals Creek",25-May-22,35.74095597,-82.20459804,female,adult,Sorex,Soricomorpha,Soricidae
http://arctosdb.org/home/data/; https://creativecommons.org/licenses/by-nc/3.0,United States,North Carolina,"Pisgah National Forest, 6 km ESE Mount Mitchell, along Forest Service Road 2074 at Neals Creek",9-May-24,35.74095597,-82.20459804,male,adult,Blarina,Soricomorpha,Soricidae
http://arctosdb.org/home/data/; https://creativecommons.org/licenses/by-nc/3.0,United States,North Carolina,"Pisgah National Forest, 6 km ESE Mount Mitchell, along Forest Service Road 2074 at Neals Creek",14-Jul-21,35.74095103,-82.204592,male,subadult,Sorex,Soricomorpha,Soricidae
http://arctosdb.org/home/data/; https://creativecommons.org/licenses/by-nc/3.0,United States,North Carolina,"Pisgah National Forest, 6 km ESE Mount Mitchell, along Forest Service Road 2074 at Neals Creek",6-Nov-22,35.74123803,-82.20458496,female,adult,Sorex,Soricomorpha,Soricidae
http://arctosdb.org/home/data/; https://creativecommons.org/licenses/by-nc/3.0,United States,North Carolina,"Pisgah National Forest, 6 km ESE Mount Mitchell, along Forest Service Road 2074 at Neals Creek",14-Jul-21,35.74104398,-82.20457901,unknown,adult,Sorex,Soricomorpha,Soricidae
http://arctosdb.org/home/data/; https://creativecommons.org/licenses/by-nc/3.0,United States,North Carolina,"Pisgah National Forest, 6 km ESE Mount Mitchell, along Forest Service Road 2074 at Neals Creek",14-Jul-21,35.74102303,-82.20457398,female,adult,Sorex,Soricomorpha,Soricidae
http://arctosdb.org/home/data/; https://creativecommons.org/licenses/by-nc/3.0,United States,North Carolina,"Pisgah National Forest, 6 km ESE Mount Mitchell, along Forest Service Road 2074 at Neals Creek",5-Nov-22,35.74061098,-82.20455403,male,adult,Peromyscus,Rodentia,Cricetidae
http://arctosdb.org/home/data/; https://creativecommons.org/licenses/by-nc/3.0,United States,North Carolina,"Pisgah National Forest, 6 km ESE Mount Mitchell, along Forest Service Road 2074 at Neals Creek",6-Nov-22,35.74147599,-82.20454901,male,adult,Sorex,Soricomorpha,Soricidae
http://arctosdb.org/home/data/; https://creativecommons.org/licenses/by-nc/3.0,United States,North Carolina,"Pisgah National Forest, 6 km ESE Mount Mitchell, along Forest Service Road 2074 at Neals Creek",9-May-24,35.74103099,-82.20452604,female,adult,Napaeozapus,Rodentia,Dipodidae
http://arctosdb.org/home/data/; https://creativecommons.org/licenses/by-nc/3.0,United States,North Carolina,"Pisgah National Forest, 6 km ESE Mount Mitchell, along Forest Service Road 2074 at Neals Creek",5-Nov-22,35.74138303,-82.20452302,male,adult,Sorex,Soricomorpha,Soricidae
http://arctosdb.org/home/data/; https://creativecommons.org/licenses/by-nc/3.0,United States,North Carolina,"Pisgah National Forest, 6 km ESE Mount Mitchell, along Forest Service Road 2074 at Neals Creek",16-Jul-21,35.74074903,-82.20449796,male,adult,Napaeozapus,Rodentia,Dipodidae
http://arctosdb.org/home/data/; https://creativecommons.org/licenses/by-nc/3.0,United States,North Carolina,"Pisgah National Forest, 6 km ESE Mount Mitchell, along Forest Service Road 2074 at Neals Creek",14-Jul-21,35.74104298,-82.20449301,female,adult,Sorex,Soricomorpha,Soricidae
http://arctosdb.org/home/data/; https://creativecommons.org/licenses/by-nc/3.0,United States,North Carolina,"Pisgah National Forest, 6 km ESE Mount Mitchell, along Forest Service Road 2074 at Neals Creek",14-Jul-21,35.74106896,-82.20448002,male,adult,Sorex,Soricomorpha,Soricidae
http://arctosdb.org/home/data/; https://creativecommons.org/licenses/by-nc/3.0,United States,North Carolina,"Pisgah National Forest, 6 km ESE Mount Mitchell, along Forest Service Road 2074 at Neals Creek",28-May-22,35.74114901,-82.204477,female,adult,Sorex,Soricomorpha,Soricidae
http://arctosdb.org/home/data/; https://creativecommons.org/licenses/by-nc/3.0,United States,North Carolina,"Pisgah National Forest, 6 km ESE Mount Mitchell, along Forest Service Road 2074 at Neals Creek",28-May-22,35.74114901,-82.204477,male,adult,Sorex,Soricomorpha,Soricidae
http://arctosdb.org/home/data/; https://creativecommons.org/licenses/by-nc/3.0,United States,North Carolina,"Pisgah National Forest, 6 km ESE Mount Mitchell, along Forest Service Road 2074 at Neals Creek",5-Nov-22,35.74128698,-82.204476,male,adult,Sorex,Soricomorpha,Soricidae
http://arctosdb.org/home/data/; https://creativecommons.org/licenses/by-nc/3.0,United States,North Carolina,"Pisgah National Forest, 6 km ESE Mount Mitchell, along Forest Service Road 2074 at Neals Creek",5-Nov-22,35.74128698,-82.204476,female,adult,Peromyscus,Rodentia,Cricetidae
http://arctosdb.org/home/data/; https://creativecommons.org/licenses/by-nc/3.0,United States,North Carolina,"Pisgah National Forest, 6 km ESE Mount Mitchell, along Forest Service Road 2074 at Neals Creek",14-Jul-21,35.74107802,-82.20447198,female,adult,Sorex,Soricomorpha,Soricidae
http://arctosdb.org/home/data/; https://creativecommons.org/licenses/by-nc/3.0,United States,North Carolina,"Pisgah National Forest, 6 km ESE Mount Mitchell, along Forest Service Road 2074 at Neals Creek",14-Jul-21,35.74112504,-82.20444499,male,adult,Sorex,Soricomorpha,Soricidae
http://arctosdb.org/home/data/; https://creativecommons.org/licenses/by-nc/3.0,United States,North Carolina,"Pisgah National Forest, 6 km ESE Mount Mitchell, along Forest Service Road 2074 at Neals Creek",14-Jul-21,35.74102798,-82.20442303,female,adult,Blarina,Soricomorpha,Soricidae
http://arctosdb.org/home/data/; https://creativecommons.org/licenses/by-nc/3.0,United States,North Carolina,"Pisgah National Forest, 6 km ESE Mount Mitchell, along Forest Service Road 2074 at Neals Creek",14-Jul-21,35.74065104,-82.20441297,male,adult,Sorex,Soricomorpha,Soricidae
http://arctosdb.org/home/data/; https://creativecommons.org/licenses/by-nc/3.0,United States,North Carolina,"Pisgah National Forest, 6 km ESE Mount Mitchell, along Forest Service Road 2074 at Neals Creek",14-Jul-21,35.74065297,-82.20440098,female,adult,Sorex,Soricomorpha,Soricidae
http://arctosdb.org/home/data/; https://creativecommons.org/licenses/by-nc/3.0,United States,North Carolina,"Pisgah National Forest, 6 km ESE Mount Mitchell, along Forest Service Road 2074 at Neals Creek",6-Nov-22,35.74081197,-82.20439,female,adult,Sorex,Soricomorpha,Soricidae
http://arctosdb.org/home/data/; https://creativecommons.org/licenses/by-nc/3.0,United States,North Carolina,"Pisgah National Forest, 6 km ESE Mount Mitchell, along Forest Service Road 2074 at Neals Creek",6-Nov-22,35.74071801,-82.20438204,male,juvenile,Peromyscus,Rodentia,Cricetidae
http://arctosdb.org/home/data/; https://creativecommons.org/licenses/by-nc/3.0,United States,North Carolina,"Pisgah National Forest, 6 km ESE Mount Mitchell, along Forest Service Road 2074 at Neals Creek",14-Jul-21,35.74066001,-82.204361,male,adult,Peromyscus,Rodentia,Cricetidae
http://arctosdb.org/home/data/; https://creativecommons.org/licenses/by-nc/3.0,United States,North Carolina,"Pisgah National Forest, 6 km ESE Mount Mitchell, along Forest Service Road 2074 at Neals Creek",6-Nov-22,35.74122403,-82.20435304,male,adult,Sorex,Soricomorpha,Soricidae
http://arctosdb.org/home/data/; https://creativecommons.org/licenses/by-nc/3.0,United States,North Carolina,"Pisgah National Forest, 6 km ESE Mount Mitchell, along Forest Service Road 2074 at Neals Creek",14-Jul-21,35.74092002,-82.204347,male,adult,Blarina,Soricomorpha,Soricidae
http://arctosdb.org/home/data/; https://creativecommons.org/licenses/by-nc/3.0,United States,North Carolina,"Pisgah National Forest, 6 km ESE Mount Mitchell, along Forest Service Road 2074 at Neals Creek",14-Jul-21,35.74061802,-82.20434197,female,adult,Sorex,Soricomorpha,Soricidae
http://arctosdb.org/home/data/; https://creativecommons.org/licenses/by-nc/3.0,United States,North Carolina,"Pisgah National Forest, 6 km ESE Mount Mitchell, along Forest Service Road 2074 at Neals Creek",14-Jul-21,35.74092203,-82.20433803,male,adult,Sorex,Soricomorpha,Soricidae
http://arctosdb.org/home/data/; https://creativecommons.org/licenses/by-nc/3.0,United States,North Carolina,"Pisgah National Forest, 6 km ESE Mount Mitchell, along Forest Service Road 2074 at Neals Creek",5-Nov-22,35.74108799,-82.20431699,female,adult,Sorex,Soricomorpha,Soricidae
http://arctosdb.org/home/data/; https://creativecommons.org/licenses/by-nc/3.0,United States,North Carolina,"Pisgah National Forest, 6 km ESE Mount Mitchell, along Forest Service Road 2074 at Neals Creek",4-Nov-22,35.74115002,-82.20431599,female,adult,Sorex,Soricomorpha,Soricidae
http://arctosdb.org/home/data/; https://creativecommons.org/licenses/by-nc/3.0,United States,North Carolina,"Pisgah National Forest, 6 km ESE Mount Mitchell, along Forest Service Road 2074 at Neals Creek",4-Nov-22,35.74113904,-82.20431197,female,adult,Blarina,Soricomorpha,Soricidae
http://arctosdb.org/home/data/; https://creativecommons.org/licenses/by-nc/3.0,United States,North Carolina,"Pisgah National Forest, 6 km ESE Mount Mitchell, along Forest Service Road 2074 at Neals Creek",6-Nov-22,35.74117701,-82.20421197,female,adult,Sorex,Soricomorpha,Soricidae
http://arctosdb.org/home/data/; https://creativecommons.org/licenses/by-nc/3.0,United States,North Carolina,"Pisgah National Forest, 6 km ESE Mount Mitchell, along Forest Service Road 2074 at Neals Creek",26-May-22,35.74059698,-82.204189,male,adult,Sorex,Soricomorpha,Soricidae
http://arctosdb.org/home/data/; https://creativecommons.org/licenses/by-nc/3.0,United States,North Carolina,"Pisgah National Forest, 6 km ESE Mount Mitchell, along Forest Service Road 2074 at Neals Creek",16-Jul-21,35.74112403,-82.20415397,female,adult,Peromyscus,Rodentia,Cricetidae
http://arctosdb.org/home/data/; https://creativecommons.org/licenses/by-nc/3.0,United States,North Carolina,"Pisgah National Forest, 6 km ESE Mount Mitchell, along Forest Service Road 2074 at Neals Creek",14-Jul-21,35.74069303,-82.20406998,male,adult,Sorex,Soricomorpha,Soricidae
http://arctosdb.org/home/data/; https://creativecommons.org/licenses/by-nc/3.0,United States,North Carolina,"Pisgah National Forest, 6 km ESE Mount Mitchell, along Forest Service Road 2074 at Neals Creek",14-Jul-21,35.74069899,-82.20406302,female,adult,Sorex,Soricomorpha,Soricidae
http://arctosdb.org/home/data/; https://creativecommons.org/licenses/by-nc/3.0,United States,North Carolina,"Pisgah National Forest, 6.28 km SE Mount Mitchell, along Forest Service Road 2074 at Neals Creek",14-Nov-21,35.73963197,-82.20403796,female,adult,Sorex,Soricomorpha,Soricidae
http://arctosdb.org/home/data/; https://creativecommons.org/licenses/by-nc/3.0,United States,North Carolina,"Pisgah National Forest, 6.28 km SE Mount Mitchell, along Forest Service Road 2074 at Neals Creek",14-Nov-21,35.738903,-82.20399303,unknown,adult,Sorex,Soricomorpha,Soricidae
http://arctosdb.org/home/data/; https://creativecommons.org/licenses/by-nc/3.0,United States,North Carolina,"Pisgah National Forest, 6 km ESE Mount Mitchell, along Forest Service Road 2074 at Neals Creek",14-Jul-21,35.74064098,-82.20399102,unknown,adult,Sorex,Soricomorpha,Soricidae
http://arctosdb.org/home/data/; https://creativecommons.org/licenses/by-nc/3.0,United States,North Carolina,"Pisgah National Forest, 6 km ESE Mount Mitchell, along Forest Service Road 2074 at Neals Creek",14-Jul-21,35.74063897,-82.203987,male,adult,Sorex,Soricomorpha,Soricidae
http://arctosdb.org/home/data/; https://creativecommons.org/licenses/by-nc/3.0,United States,North Carolina,"Pisgah National Forest, 6 km ESE Mount Mitchell, along Forest Service Road 2074 at Neals Creek",14-Jul-21,35.74063696,-82.20398298,male,adult,Sorex,Soricomorpha,Soricidae
http://arctosdb.org/home/data/; https://creativecommons.org/licenses/by-nc/3.0,United States,North Carolina,"Pisgah National Forest, 6 km ESE Mount Mitchell, along Forest Service Road 2074 at Neals Creek",27-May-22,35.74050101,-82.20396101,male,subadult,Microtus,Rodentia,Cricetidae
http://arctosdb.org/home/data/; https://creativecommons.org/licenses/by-nc/3.0,United States,North Carolina,"Pisgah National Forest, 7.24 km NE Mount Mitchell, Carolina Hemlocks Recreation Area",29-May-21,35.80369804,-82.20367402,male,adult,Tamias,Rodentia,Sciuridae
http://arctosdb.org/home/data/; https://creativecommons.org/licenses/by-nc/3.0,United States,North Carolina,"Pisgah National Forest, 6 km ESE Mount Mitchell, along Forest Service Road 2074 at Neals Creek",14-Jul-21,35.740586,-82.203441,male,adult,Sorex,Soricomorpha,Soricidae
http://arctosdb.org/home/data/; https://creativecommons.org/licenses/by-nc/3.0,United States,North Carolina,"Pisgah National Forest, 7.24 km NE Mount Mitchell, Carolina Hemlocks Recreation Area",27-May-21,35.80514803,-82.20258001,female,adult,Peromyscus,Rodentia,Cricetidae
http://arctosdb.org/home/data/; https://creativecommons.org/licenses/by-nc/3.0,United States,North Carolina,"Pisgah National Forest, 7.24 km NE Mount Mitchell, Carolina Hemlocks Recreation Area",27-May-21,35.80516596,-82.202463,male,adult,Peromyscus,Rodentia,Cricetidae
http://arctosdb.org/home/data/; https://creativecommons.org/licenses/by-nc/3.0,United States,North Carolina,"Pisgah National Forest, 6 km ESE Mount Mitchell, along Forest Service Road 2074 at Neals Creek",27-May-22,35.74098397,-82.201759,male,adult,Sorex,Soricomorpha,Soricidae
http://arctosdb.org/home/data/; https://creativecommons.org/licenses/by-nc/3.0,United States,North Carolina,"Pisgah National Forest, 4.91 km ENE Mount Mitchell along Winterstar Loop",27-May-22,35.770499,-82.20122298,male,adult,Sciurus,Rodentia,Sciuridae
http://arctosdb.org/home/data/; https://creativecommons.org/licenses/by-nc/3.0,United States,North Carolina,"Pisgah National Forest, 6.9 km SE Mount Mitchell, along South Toe River Road",29-May-21,35.74060896,-82.19556998,male,adult,Sorex,Soricomorpha,Soricidae
http://arctosdb.org/home/data/; https://creativecommons.org/licenses/by/3.0,United States,North Carolina,Busick,6/19/78,35.7697182,-82.1830597,,,Blarina,Soricomorpha,Soricidae
http://arctosdb.org/home/data/; https://creativecommons.org/licenses/by-nc/3.0,United States,North Carolina,"Pisgah National Forest, 9.73 km NE Mount Mitchell, along Victor Road",14-Jan-22,35.80018904,-82.16746202,female,adult,Sorex,Soricomorpha,Soricidae
http://arctosdb.org/home/data/; https://creativecommons.org/licenses/by-nc/3.0,United States,North Carolina,"Pisgah National Forest, 9.73 km NE Mount Mitchell, along Victor Road",11-Mar-22,35.80059598,-82.16643096,male,adult,Sorex,Soricomorpha,Soricidae
http://arctosdb.org/home/data/; https://creativecommons.org/licenses/by-nc/3.0,United States,North Carolina,"Pisgah National Forest, 9.73 km NE Mount Mitchell, along Victor Road",11-Mar-22,35.80055198,-82.16631898,female,adult,Sorex,Soricomorpha,Soricidae
http://arctosdb.org/home/data/; https://creativecommons.org/licenses/by-nc/3.0,United States,North Carolina,"Pisgah National Forest, 9.73 km NE Mount Mitchell, along Victor Road",12-Jan-23,35.80057302,-82.166237,male,adult,Sorex,Soricomorpha,Soricidae
http://arctosdb.org/home/data/; https://creativecommons.org/licenses/by-nc/3.0,United States,North Carolina,"Pisgah National Forest, 9.73 km NE Mount Mitchell, along Victor Road",13-Jan-23,35.80059104,-82.16621303,female,subadult,Peromyscus,Rodentia,Cricetidae
http://arctosdb.org/home/data/; https://creativecommons.org/licenses/by-nc/3.0,United States,North Carolina,"Pisgah National Forest, 9.73 km NE Mount Mitchell, along Victor Road",26-May-22,35.80063596,-82.16618403,male,adult,Sorex,Soricomorpha,Soricidae
http://arctosdb.org/home/data/; https://creativecommons.org/licenses/by-nc/3.0,United States,North Carolina,"Pisgah National Forest, 9.73 km NE Mount Mitchell, along Victor Road",11-Mar-22,35.80062197,-82.16617498,female,adult,Blarina,Soricomorpha,Soricidae
http://arctosdb.org/home/data/; https://creativecommons.org/licenses/by-nc/3.0,United States,North Carolina,"Pisgah National Forest, 9.73 km NE Mount Mitchell, along Victor Road",13-Jan-23,35.80060403,-82.16616802,male,adult,Peromyscus,Rodentia,Cricetidae
http://arctosdb.org/home/data/; https://creativecommons.org/licenses/by-nc/3.0,United States,North Carolina,"Pisgah National Forest, 9.73 km NE Mount Mitchell, along Victor Road",26-May-22,35.80065801,-82.16613499,female,adult,Sorex,Soricomorpha,Soricidae
http://arctosdb.org/home/data/; https://creativecommons.org/licenses/by-nc/3.0,United States,North Carolina,"Pisgah National Forest, 9.73 km NE Mount Mitchell, along Victor Road",13-Jan-23,35.80056304,-82.16608202,female,adult,Sorex,Soricomorpha,Soricidae
http://arctosdb.org/home/data/; https://creativecommons.org/licenses/by-nc/3.0,United States,North Carolina,"Pisgah National Forest, 9.61 km NE Mount Mitchell, along Victor Road near JCT with Blue Ridge Parkway",15-Jan-22,35.79757598,-82.16581296,male,adult,Sorex,Soricomorpha,Soricidae
http://arctosdb.org/home/data/; https://creativecommons.org/licenses/by-nc/3.0,United States,North Carolina,"Pisgah National Forest, 9.73 km NE Mount Mitchell, along Victor Road",11-Mar-22,35.80076496,-82.165719,male,adult,Blarina,Soricomorpha,Soricidae
http://arctosdb.org/home/data/; https://creativecommons.org/licenses/by-nc/3.0,United States,North Carolina,"Pisgah National Forest, 9.73 km NE Mount Mitchell, along Victor Road",13-Jan-23,35.80050596,-82.16557198,female,adult,Sorex,Soricomorpha,Soricidae
http://arctosdb.org/home/data/; https://creativecommons.org/licenses/by-nc/3.0,United States,North Carolina,"Pisgah National Forest, 9.73 km NE Mount Mitchell, along Victor Road",27-May-22,35.80053203,-82.16516102,male,adult,Sorex,Soricomorpha,Soricidae
http://arctosdb.org/home/data/; https://creativecommons.org/licenses/by-nc/3.0,United States,North Carolina,"Pisgah National Forest, 9.73 km NE Mount Mitchell, along Victor Road",26-May-22,35.80050998,-82.16510301,female,adult,Sorex,Soricomorpha,Soricidae
http://arctosdb.org/home/data/; https://creativecommons.org/licenses/by-nc/3.0,United States,North Carolina,"Pisgah National Forest, 9.73 km NE Mount Mitchell, along Victor Road",26-May-22,35.80050998,-82.16510301,male,adult,Sorex,Soricomorpha,Soricidae
http://arctosdb.org/home/data/; https://creativecommons.org/licenses/by-nc/3.0,United States,North Carolina,"Pisgah National Forest, 9.73 km NE Mount Mitchell, along Victor Road",26-May-22,35.80050998,-82.16510301,male,adult,Sorex,Soricomorpha,Soricidae
http://arctosdb.org/home/data/; https://creativecommons.org/licenses/by-nc/3.0,United States,North Carolina,"Pisgah National Forest, 9.73 km NE Mount Mitchell, along Victor Road",13-Jan-23,35.800584,-82.16509103,female,subadult,Peromyscus,Rodentia,Cricetidae
http://arctosdb.org/home/data/; https://creativecommons.org/licenses/by-nc/3.0,United States,North Carolina,"Pisgah National Forest, 9.73 km NE Mount Mitchell, along Victor Road",27-May-22,35.80068198,-82.16486799,female,adult,Blarina,Soricomorpha,Soricidae
http://arctosdb.org/home/data/; https://creativecommons.org/licenses/by-nc/3.0,United States,North Carolina,"Pisgah National Forest, 9.73 km NE Mount Mitchell, along Victor Road",27-May-22,35.80052901,-82.16470504,male,adult,Sorex,Soricomorpha,Soricidae
http://arctosdb.org/home/data/; https://creativecommons.org/licenses/by-nc/3.0,United States,North Carolina,"Pisgah National Forest, 9.73 km NE Mount Mitchell, along Victor Road",27-May-22,35.80052901,-82.16470504,male,adult,Sorex,Soricomorpha,Soricidae
http://arctosdb.org/home/data/; https://creativecommons.org/licenses/by-nc/3.0,United States,North Carolina,"Pisgah National Forest, 9.73 km NE Mount Mitchell, along Victor Road",27-May-22,35.80052901,-82.16470504,male,adult,Sorex,Soricomorpha,Soricidae
http://arctosdb.org/home/data/; https://creativecommons.org/licenses/by-nc/3.0,United States,North Carolina,No specific locality recorded.,DY 25 | MO JUN | YR 1963,36.0165,-82.1593,male,adult,Napaeozapus,Rodentia,Dipodidae
http://arctosdb.org/home/data/; https://creativecommons.org/licenses/by-nc/3.0,United States,North Carolina,No specific locality recorded.,DY 26 | MO JUN | YR 1963,36.0165,-82.1593,male,adult,Napaeozapus,Rodentia,Dipodidae
http://arctosdb.org/home/data/; https://creativecommons.org/licenses/by-nc/3.0,United States,North Carolina,No specific locality recorded.,25-26||,36.0165,-82.1593,unknown,,Napaeozapus,Rodentia,Dipodidae
http://arctosdb.org/home/data/; https://creativecommons.org/licenses/by-nc/3.0,United States,North Carolina,No specific locality recorded.,25-26||,36.0165,-82.1593,unknown,,Napaeozapus,Rodentia,Dipodidae
http://arctosdb.org/home/data/; https://creativecommons.org/licenses/by-nc/3.0,United States,North Carolina,No specific locality recorded.,25-26||,36.0165,-82.1593,unknown,,Napaeozapus,Rodentia,Dipodidae
http://arctosdb.org/home/data/; https://creativecommons.org/licenses/by-nc/3.0,United States,North Carolina,No specific locality recorded.,25-26||,36.0165,-82.1593,unknown,,Napaeozapus,Rodentia,Dipodidae
http://arctosdb.org/home/data/; https://creativecommons.org/licenses/by-nc/3.0,United States,North Carolina,No specific locality recorded.,25-26||,36.0165,-82.1593,unknown,,Napaeozapus,Rodentia,Dipodidae
http://arctosdb.org/home/data/; https://creativecommons.org/licenses/by-nc/3.0,United States,North Carolina,Roan Mountain,DY 15 | MO JUL | YR 1971,36.101,-82.1339,male,adult,Zapus,Rodentia,Dipodidae
http://arctosdb.org/home/data/; https://creativecommons.org/licenses/by-nc/3.0,United States,North Carolina,top of Roan Mountain,DY 24 | MO JUN | YR 1963,36.101,-82.1339,male,adult,Zapus,Rodentia,Dipodidae
http://arctosdb.org/home/data/; https://creativecommons.org/licenses/by-nc/3.0,United States,North Carolina,Roan Moutain,DY 26 | MO JUN | YR 1963,36.101,-82.1339,male,adult,Peromyscus,Rodentia,Cricetidae
http://arctosdb.org/home/data/; https://creativecommons.org/licenses/by-nc/3.0,United States,North Carolina,Roan Mountain,DY 26 | MO JUN | YR 1963,36.101,-82.1339,male,juvenile,Microtus,Rodentia,Cricetidae
http://arctosdb.org/home/data/; https://creativecommons.org/licenses/by-nc/3.0,United States,North Carolina,Roan Moutain,DY 26 | MO JUN | YR 1961,36.101,-82.1339,male,adult,Peromyscus,Rodentia,Cricetidae
http://arctosdb.org/home/data/; https://creativecommons.org/licenses/by-nc/3.0,United States,North Carolina,top of Roan Mountain,DY 25 | MO JUN | YR 1963,36.101,-82.1339,female,adult,Clethrionomys,Rodentia,Cricetidae
http://arctosdb.org/home/data/; https://creativecommons.org/licenses/by-nc/3.0,United States,North Carolina,Roan Mountain,DY 24 | MO JUN | YR 1963,36.101,-82.1339,male,juvenile,Microtus,Rodentia,Cricetidae
http://arctosdb.org/home/data/; https://creativecommons.org/licenses/by-nc/3.0,United States,North Carolina,top of Roan Mountain,DY 23 | MO JUN | YR 1963,36.101,-82.1339,female,adult,Peromyscus,Rodentia,Cricetidae
http://arctosdb.org/home/data/; https://creativecommons.org/licenses/by-nc/3.0,United States,North Carolina,Roan Mountain,DY 26 | MO JUN | YR 1963,36.101,-82.1339,female,adult,Peromyscus,Rodentia,Cricetidae
http://arctosdb.org/home/data/; https://creativecommons.org/licenses/by-nc/3.0,United States,North Carolina,Roan Mountain,DY 14 | MO JUL | YR 1971,36.101,-82.1339,male,adult,Microtus,Rodentia,Cricetidae
http://arctosdb.org/home/data/; https://creativecommons.org/licenses/by-nc/3.0,United States,North Carolina,Roan Mountain,DY 26 | MO JUN | YR 1963,36.101,-82.1339,male,adult,Clethrionomys,Rodentia,Cricetidae
http://arctosdb.org/home/data/; https://creativecommons.org/licenses/by-nc/3.0,United States,North Carolina,Roan Mountain,DY 26 | MO JUN | YR 1963,36.101,-82.1339,male,adult,Clethrionomys,Rodentia,Cricetidae
http://arctosdb.org/home/data/; https://creativecommons.org/licenses/by-nc/3.0,United States,North Carolina,Roan Mountain,DY 25 | MO JUN | YR 1963,36.101,-82.1339,female,adult,Peromyscus,Rodentia,Cricetidae
http://arctosdb.org/home/data/; https://creativecommons.org/licenses/by-nc/3.0,United States,North Carolina,Roan Mountain,DY 26 | MO JUN | YR 1963,36.101,-82.1339,male,adult,Microtus,Rodentia,Cricetidae
http://arctosdb.org/home/data/; https://creativecommons.org/licenses/by-nc/3.0,United States,North Carolina,top of Roan Mountain,DY 23 | MO JUN | YR 1963,36.101,-82.1339,female,adult,Microtus,Rodentia,Cricetidae
http://arctosdb.org/home/data/; https://creativecommons.org/licenses/by-nc/3.0,United States,North Carolina,top of Roan Mountain,DY 23 | MO JUN | YR 1963,36.101,-82.1339,male,adult,Peromyscus,Rodentia,Cricetidae
http://arctosdb.org/home/data/; https://creativecommons.org/licenses/by-nc/3.0,United States,North Carolina,top of Roan Mountain,DY 23 | MO JUN | YR 1963,36.101,-82.1339,male,subadult,Microtus,Rodentia,Cricetidae
http://arctosdb.org/home/data/; https://creativecommons.org/licenses/by-nc/3.0,United States,North Carolina,Roan Mountain,DY 26 | MO JUN | YR 1963,36.101,-82.1339,male,subadult,Synaptomys,Rodentia,Cricetidae
http://arctosdb.org/home/data/; https://creativecommons.org/licenses/by-nc/3.0,United States,North Carolina,Roan Mountain,DY 25 | MO JUN | YR 1963,36.101,-82.1339,female,adult,Microtus,Rodentia,Cricetidae
http://arctosdb.org/home/data/; https://creativecommons.org/licenses/by-nc/3.0,United States,North Carolina,Roan Mountain,DY 26 | MO JUN | YR 1963,36.101,-82.1339,male,adult,Clethrionomys,Rodentia,Cricetidae
http://arctosdb.org/home/data/; https://creativecommons.org/licenses/by-nc/3.0,United States,North Carolina,"Pisgah National Forest, 5 km ESE Mount Mitchell, forest edge near junction of South Toe River Road and Forest Service Road 2074",13-Jan-23,35.4433168,-82.12577,female,adult,Microtus,Rodentia,Cricetidae
http://arctosdb.org/home/data/; https://creativecommons.org/licenses/by-nc/3.0,United States,North Carolina,"Pisgah National Forest, 5 km ESE Mount Mitchell, forest edge near junction of South Toe River Road and Forest Service Road 2074",13-Jan-23,35.443285,-82.1257133,female,adult,Sorex,Soricomorpha,Soricidae
http://arctosdb.org/home/data/; https://creativecommons.org/licenses/by-nc/3.0,United States,North Carolina,"Pisgah National Forest, 5 km ESE Mount Mitchell, forest edge near junction of South Toe River Road and Forest Service Road 2074",13-Jan-23,35.443285,-82.1257133,female,adult,Sorex,Soricomorpha,Soricidae
http://arctosdb.org/home/data/; https://creativecommons.org/licenses/by-nc/3.0,United States,North Carolina,"Pisgah National Forest, 5 km ESE Mount Mitchell, forest edge near junction of South Toe River Road and Forest Service Road 2074",13-Jan-23,35.4438,-82.125516,male,adult,Sorex,Soricomorpha,Soricidae
http://arctosdb.org/home/data/; https://creativecommons.org/licenses/by-nc/3.0,United States,North Carolina,"Pisgah National Forest, 5 km ESE Mount Mitchell, forest edge near junction of South Toe River Road and Forest Service Road 2074",13-Jan-23,35.4438,-82.125516,female,adult,Sorex,Soricomorpha,Soricidae
http://arctosdb.org/home/data/; https://creativecommons.org/licenses/by/3.0,United States,North Carolina,"Roan Mountain, 6.5 mi N, 2 mi E of Bakersville",8/6/78,36.0155563,-82.1230316,,,Blarina,Soricomorpha,Soricidae
http://arctosdb.org/home/data/; https://creativecommons.org/licenses/by/3.0,United States,North Carolina,"Roan Mountain, 6.5 mi N, 2 mi E of Bakersville",8/9/78,36.0155563,-82.1230316,,,Blarina,Soricomorpha,Soricidae
http://arctosdb.org/home/data/; https://creativecommons.org/licenses/by-nc/3.0,United States,North Carolina,ROAN MTN.,29-Nov-85,36.1044,-82.1222,male,,Blarina,Soricomorpha,Soricidae
http://arctosdb.org/home/data/; https://creativecommons.org/licenses/by-nc/3.0,United States,North Carolina,ROAN MOUNTAIN,9-Aug-85,36.1044,-82.1222,male,,Myodes,Rodentia,Cricetidae
http://arctosdb.org/home/data/; https://creativecommons.org/licenses/by-nc/3.0,United States,North Carolina,ROAN MOUNTAIN(TOPOTYPE),before 1 Jan 2005,36.1044,-82.1222,male,,Myodes,Rodentia,Cricetidae
http://arctosdb.org/home/data/; https://creativecommons.org/licenses/by-nc/3.0,United States,North Carolina,ROAN MOUNTAIN,28-Nov-85,36.1044,-82.1222,male,,Microtus,Rodentia,Cricetidae
http://arctosdb.org/home/data/; https://creativecommons.org/licenses/by-nc/3.0,United States,North Carolina,ROAN MOUNTAIN (TOPOTYPE),28-Nov-85,36.1044,-82.1222,male,,Blarina,Soricomorpha,Soricidae
http://arctosdb.org/home/data/; https://creativecommons.org/licenses/by-nc/3.0,United States,North Carolina,ROAN MOUNTAIN (TOPOTYPE),29-Nov-85,36.1044,-82.1222,male,,Blarina,Soricomorpha,Soricidae
http://arctosdb.org/home/data/; https://creativecommons.org/licenses/by-nc/3.0,United States,North Carolina,top of Roan Mountain,DY 23 | MO JUN | YR 1963,36.1045,-82.122167,male,adult,Blarina,Soricomorpha,Soricidae
http://arctosdb.org/home/data/; https://creativecommons.org/licenses/by-nc/3.0,United States,North Carolina,Roan Mountain,DY 26 | MO JUN | YR 1963,36.1045,-82.122167,female,adult,Blarina,Soricomorpha,Soricidae
http://arctosdb.org/home/data/; https://creativecommons.org/licenses/by-nc/3.0,United States,North Carolina,top of Roan Mountain,DY 25 | MO JUN | YR 1963,36.1045,-82.122167,male,adult,Blarina,Soricomorpha,Soricidae
http://arctosdb.org/home/data/; https://creativecommons.org/licenses/by-nc/3.0,United States,North Carolina,Roan Mountain; North Carolina-Tennessee stateline on Hwy 261; 2 mi E,DY 25 | MO JUN | YR 1963,36.101,-82.0942,male,adult,Clethrionomys,Rodentia,Cricetidae
http://arctosdb.org/home/data/; https://creativecommons.org/licenses/by/3.0,United States,North Carolina,"Roan Mountain, 6 mi N, 3.25 mi E of Bakersville",8/5/78,36.0155373,-82.0871658,,,Blarina,Soricomorpha,Soricidae
http://arctosdb.org/home/data/; https://creativecommons.org/licenses/by/3.0,United States,North Carolina,"Roan Mountain, 6 mi N, 3.25 mi E of Bakersville",8/5/78,36.0155373,-82.0871658,,,Blarina,Soricomorpha,Soricidae
http://arctosdb.org/home/data/; https://creativecommons.org/licenses/by/3.0,United States,North Carolina,"Roan Mountain, 6 mi N, 3.25 mi E of Bakersville",8/5/78,36.0155373,-82.0871658,,,Blarina,Soricomorpha,Soricidae
http://arctosdb.org/home/data/; https://creativecommons.org/licenses/by/3.0,United States,North Carolina,"Roan Mountain, 6 mi N, 3.25 mi E of Bakersville",8/5/78,36.0155373,-82.0871658,,,Blarina,Soricomorpha,Soricidae
http://arctosdb.org/home/data/; https://creativecommons.org/licenses/by/3.0,United States,North Carolina,"Roan Mountain, 6 mi N, 3.25 mi E of Bakersville",8/6/78,36.0155373,-82.0871658,,,Blarina,Soricomorpha,Soricidae
http://arctosdb.org/home/data/; https://creativecommons.org/licenses/by/3.0,United States,North Carolina,"Roan Mountain, 6 mi N, 3.25 mi E of Bakersville",8/6/78,36.0155373,-82.0871658,,,Blarina,Soricomorpha,Soricidae
http://arctosdb.org/home/data/; https://creativecommons.org/licenses/by/3.0,United States,North Carolina,"Roan Mountain, 6 mi N, 3.25 mi E of Bakersville",8/6/78,36.0155373,-82.0871658,,,Blarina,Soricomorpha,Soricidae
http://arctosdb.org/home/data/; https://creativecommons.org/licenses/by/3.0,United States,North Carolina,"Roan Mountain, 6 mi N, 3.25 mi E of Bakersville",8/7/78,36.0155373,-82.0871658,,,Blarina,Soricomorpha,Soricidae
http://arctosdb.org/home/data/; https://creativecommons.org/licenses/by/3.0,United States,North Carolina,"Roan Mountain, 6 mi N, 3.25 mi E of Bakersville",8/7/78,36.0155373,-82.0871658,,,Blarina,Soricomorpha,Soricidae
http://arctosdb.org/home/data/; https://creativecommons.org/licenses/by/3.0,United States,North Carolina,"Roan Mountain, 6 mi N, 3.25 mi E of Bakersville",8/7/78,36.0155373,-82.0871658,,,Blarina,Soricomorpha,Soricidae
http://mvz.berkeley.edu/mvzdata_terms; https://creativecommons.org/licenses/by/3.0,United States,North Carolina,5 mi N Marion,15-Aug-59,35.7595,-82.0113,female,,Glaucomys,Rodentia,Sciuridae
http://arctosdb.org/home/data/; https://creativecommons.org/publicdomain/zero/1.0,United States,North Carolina,Linville Caverns,9/7/51,35.9132,-81.9443,male,adult,Perimyotis,Chiroptera,Vespertilionidae
http://mvz.berkeley.edu/mvzdata_terms; https://creativecommons.org/licenses/by/3.0,United States,North Carolina,Linville Caverns,6-Apr-47,35.8646,-81.9269,male,,Perimyotis,Chiroptera,Vespertilionidae
http://mvz.berkeley.edu/mvzdata_terms; https://creativecommons.org/licenses/by/3.0,United States,North Carolina,Linville Caverns,6-Apr-47,35.8646,-81.9269,male,,Perimyotis,Chiroptera,Vespertilionidae
http://arctosdb.org/home/data/; https://creativecommons.org/licenses/by/3.0,United States,North Carolina,Jonas Ridge,18 Oct '61,35.972628,-81.894833,female,,Sciurus,Rodentia,Sciuridae
http://arctosdb.org/home/data/; https://creativecommons.org/licenses/by-nc/3.0,United States,North Carolina,5.5 MI S JONAS RIDGE,10-Aug-85,35.8973,-81.8935,male,,Peromyscus,Rodentia,Cricetidae
http://arctosdb.org/home/data/; https://creativecommons.org/licenses/by-nc/3.0,United States,North Carolina,"Sugar Grove, 568 Laurel Creek Road",17-Mar-21,36.25061,-81.88582,male,adult,Peromyscus,Rodentia,Cricetidae
http://arctosdb.org/home/data/; https://creativecommons.org/licenses/by-nc/3.0,United States,North Carolina,"Sugar Grove, 568 Laurel Creek Road",17-Mar-21,36.25068,-81.8563,female,adult,Blarina,Soricomorpha,Soricidae
http://arctosdb.org/home/data/; https://creativecommons.org/licenses/by-nc/3.0,United States,North Carolina,"Sugar Grove, 568 Laurel Creek Road",18-Mar-21,36.25045,-81.85619,male,adult,Blarina,Soricomorpha,Soricidae
http://arctosdb.org/home/data/; https://creativecommons.org/licenses/by-nc/3.0,United States,North Carolina,"Sugar Grove, 568 Laurel Creek Road",17-Mar-21,36.250551,-81.85619,male,adult,Peromyscus,Rodentia,Cricetidae
http://arctosdb.org/home/data/; https://creativecommons.org/licenses/by-nc/3.0,United States,North Carolina,"Sugar Grove, 568 Laurel Creek Road",17-Mar-21,36.25051,-81.85614,female,adult,Peromyscus,Rodentia,Cricetidae
http://arctosdb.org/home/data/; https://creativecommons.org/licenses/by-nc/3.0,United States,North Carolina,"Sugar Grove, 568 Laurel Creek Road",17-Mar-21,36.25063,-81.85608,male,adult,Blarina,Soricomorpha,Soricidae
http://arctosdb.org/home/data/; https://creativecommons.org/licenses/by-nc/3.0,United States,North Carolina,"Sugar Grove, 568 Laurel Creek Road",18-Mar-21,36.25077,-81.85578,female,,Peromyscus,Rodentia,Cricetidae
http://arctosdb.org/home/data/; https://creativecommons.org/licenses/by-nc/3.0,United States,North Carolina,"Sugar Grove, 568 Laurel Creek Road",18-Mar-21,36.25075,-81.85562,male,,Peromyscus,Rodentia,Cricetidae
http://arctosdb.org/home/data/; https://creativecommons.org/licenses/by-nc/3.0,United States,North Carolina,"Hwy 261, Tennesee State line",DY 25 | MO JUN | YR 1963,36.4219,-81.8421,male,juvenile,Microtus,Rodentia,Cricetidae
http://arctosdb.org/home/data/; https://creativecommons.org/licenses/by-nc/3.0,United States,North Carolina,"South Mountains Game Lands, 0.95 km W Bolin Knob Mountain, along US HWY 64",16-Jun-20,35.58499801,-81.836333,male,adult,Peromyscus,Rodentia,Cricetidae
http://arctosdb.org/home/data/; https://creativecommons.org/licenses/by-nc/3.0,United States,North Carolina,"South Mountains Game Lands, 0.95 km W Bolin Knob Mountain, along US HWY 64",16-Jun-20,35.58512399,-81.83610099,female,adult,Sigmodon,Rodentia,Cricetidae
http://arctosdb.org/home/data/; https://creativecommons.org/licenses/by-nc/3.0,United States,North Carolina,"South Mountains Game Lands, 0.95 km W Bolin Knob Mountain, along US HWY 64",7-Aug-20,35.58543496,-81.83603201,female,adult,Sigmodon,Rodentia,Cricetidae
http://arctosdb.org/home/data/; https://creativecommons.org/licenses/by-nc/3.0,United States,North Carolina,"South Mountains Game Lands, 0.95 km W Bolin Knob Mountain, along US HWY 64",7-Aug-20,35.585529,-81.83590704,female,adult,Sigmodon,Rodentia,Cricetidae
http://arctosdb.org/home/data/; https://creativecommons.org/licenses/by-nc/3.0,United States,North Carolina,"South Mountains Game Lands, 0.95 km W Bolin Knob Mountain, along US HWY 64",8-Aug-20,35.58568901,-81.83583604,female,adult,Sigmodon,Rodentia,Cricetidae
http://arctosdb.org/home/data/; https://creativecommons.org/licenses/by-nc/3.0,United States,North Carolina,"South Mountains Game Lands, 0.95 km W Bolin Knob Mountain, along US HWY 64",16-Jun-20,35.58520798,-81.83572398,male,adult,Sigmodon,Rodentia,Cricetidae
http://arctosdb.org/home/data/; https://creativecommons.org/licenses/by-nc/3.0,United States,North Carolina,"South Mountains Game Lands, 0.95 km W Bolin Knob Mountain, along US HWY 64",16-Jun-20,35.58531401,-81.83565097,male,adult,Sigmodon,Rodentia,Cricetidae
http://arctosdb.org/home/data/; https://creativecommons.org/licenses/by-nc/3.0,United States,North Carolina,"South Mountains Game Lands, 0.95 km W Bolin Knob Mountain, along US HWY 64",16-Jun-20,35.58530797,-81.83563798,female,subadult,Sigmodon,Rodentia,Cricetidae
http://arctosdb.org/home/data/; https://creativecommons.org/licenses/by-nc/3.0,United States,North Carolina,"South Mountains Game Lands, 0.95 km W Bolin Knob Mountain, along US HWY 64",6-Aug-20,35.58581801,-81.83558802,male,adult,Sigmodon,Rodentia,Cricetidae
http://arctosdb.org/home/data/; https://creativecommons.org/licenses/by-nc/3.0,United States,North Carolina,"South Mountains Game Lands, 0.95 km W Bolin Knob Mountain, along US HWY 64",17-Jun-20,35.58535298,-81.83557,female,adult,Sigmodon,Rodentia,Cricetidae
http://arctosdb.org/home/data/; https://creativecommons.org/licenses/by-nc/3.0,United States,North Carolina,"South Mountains Game Lands, 0.95 km W Bolin Knob Mountain, along US HWY 64",16-Jun-20,35.58541602,-81.83556103,male,adult,Sigmodon,Rodentia,Cricetidae
http://arctosdb.org/home/data/; https://creativecommons.org/licenses/by-nc/3.0,United States,North Carolina,"South Mountains Game Lands, 0.95 km W Bolin Knob Mountain, along US HWY 64",17-Jun-20,35.58548802,-81.83546296,female,subadult,Sigmodon,Rodentia,Cricetidae
http://arctosdb.org/home/data/; https://creativecommons.org/licenses/by-nc/3.0,United States,North Carolina,"South Mountains Game Lands, 0.95 km W Bolin Knob Mountain, along US HWY 64",16-Jun-20,35.58559204,-81.835412,female,adult,Sigmodon,Rodentia,Cricetidae
http://arctosdb.org/home/data/; https://creativecommons.org/licenses/by-nc/3.0,United States,North Carolina,"South Mountains Game Lands, 0.95 km W Bolin Knob Mountain, along US HWY 64",6-Aug-20,35.58571097,-81.835095,female,adult,Sigmodon,Rodentia,Cricetidae
http://arctosdb.org/home/data/; https://creativecommons.org/licenses/by-nc/3.0,United States,North Carolina,"South Mountains Game Lands, 0.95 km W Bolin Knob Mountain, along US HWY 64",7-Aug-20,35.58571097,-81.835095,male,subadult,Sigmodon,Rodentia,Cricetidae
http://arctosdb.org/home/data/; https://creativecommons.org/licenses/by-nc/3.0,United States,North Carolina,"South Mountains Game Lands, 0.95 km W Bolin Knob Mountain, along US HWY 64",8-Aug-20,35.58570201,-81.83507899,female,subadult,Sigmodon,Rodentia,Cricetidae
http://arctosdb.org/home/data/; https://creativecommons.org/licenses/by-nc/3.0,United States,North Carolina,"South Mountains Game Lands, 0.95 km W Bolin Knob Mountain, along US HWY 64",6-Aug-20,35.58566404,-81.83506398,male,adult,Sigmodon,Rodentia,Cricetidae
http://arctosdb.org/home/data/; https://creativecommons.org/licenses/by-nc/3.0,United States,North Carolina,"South Mountains Game Lands, 0.95 km W Bolin Knob Mountain, along US HWY 64",17-Jun-20,35.58568901,-81.83505996,male,subadult,Peromyscus,Rodentia,Cricetidae
http://arctosdb.org/home/data/; https://creativecommons.org/licenses/by-nc/3.0,United States,North Carolina,"South Mountains Game Lands, 0.95 km W Bolin Knob Mountain, along US HWY 64",8-Aug-20,35.585686,-81.835053,male,adult,Sigmodon,Rodentia,Cricetidae
http://arctosdb.org/home/data/; https://creativecommons.org/licenses/by-nc/3.0,United States,North Carolina,"South Mountains Game Lands, 0.95 km W Bolin Knob Mountain, along US HWY 64",17-Jun-20,35.58554904,-81.83492401,female,adult,Peromyscus,Rodentia,Cricetidae
http://arctosdb.org/home/data/; https://creativecommons.org/licenses/by-nc/3.0,United States,North Carolina,"South Mountains Game Lands, 0.95 km W Bolin Knob Mountain, along US HWY 64",8-Aug-20,35.585082,-81.83478503,male,juvenile,Sigmodon,Rodentia,Cricetidae
http://arctosdb.org/home/data/; https://creativecommons.org/licenses/by-nc/3.0,United States,North Carolina,"South Mountains Game Lands, 0.95 km W Bolin Knob Mountain, along US HWY 64",8-Aug-20,35.58513396,-81.834765,male,juvenile,Sigmodon,Rodentia,Cricetidae
http://mvz.berkeley.edu/mvzdata_terms; https://creativecommons.org/licenses/by/3.0,United States,North Carolina,"Grand Father Mts., Black Rock Cliffs Cave",15-Feb-87,36.094,-81.8153,female,,Corynorhinus,Chiroptera,Vespertilionidae
http://arctosdb.org/home/data/; https://creativecommons.org/licenses/by-nc-sa/3.0,United States,North Carolina,Grandfather Mountain,13-Apr-52,36.1114,-81.8125,male,,Blarina,Soricomorpha,Soricidae
http://arctosdb.org/home/data/; https://creativecommons.org/licenses/by-nc/3.0,United States,North Carolina,"LAUREL CREEK RD., 1/4MI S JUNCTION 321, SUGAR GROV",8-Aug-95,36.2503,-81.7883,female,,Peromyscus,Rodentia,Cricetidae
http://arctosdb.org/home/data/; https://creativecommons.org/licenses/by-nc/3.0,United States,North Carolina,"LAUREL CREEK RD., 1/4MI S JUNCTION 321, SUGAR GROV",8-Aug-95,36.2503,-81.7883,female,,Peromyscus,Rodentia,Cricetidae
http://arctosdb.org/home/data/; https://creativecommons.org/licenses/by-nc/3.0,United States,North Carolina,"LAUREL CREEK RD., 1/4MI S JUNCTION 321, SUGAR GROV",8-Aug-95,36.2503,-81.7883,female,,Peromyscus,Rodentia,Cricetidae
http://arctosdb.org/home/data/; https://creativecommons.org/licenses/by-nc/3.0,United States,North Carolina,"LAUREL CREEK RD., 1/4MI S JUNCTION 321, SUGAR GROV",8-Aug-95,36.2503,-81.7883,male,,Peromyscus,Rodentia,Cricetidae
http://mvz.berkeley.edu/mvzdata_terms; https://creativecommons.org/licenses/by/3.0,United States,North Carolina,"0.9 mi from Watauga Co. and 1.2 mi from Avery Co. by Rte. 221 , Grandfather Mountain State Park",13-Apr-52,36.107579,-81.782015,male,,Peromyscus,Rodentia,Cricetidae
http://mvz.berkeley.edu/mvzdata_terms; https://creativecommons.org/licenses/by/3.0,United States,North Carolina,"0.9 mi from Watauga Co. and 1.2 mi from Avery Co. by Rte. 221 , Grandfather Mountain State Park",13-Apr-52,36.107579,-81.782015,female,,Peromyscus,Rodentia,Cricetidae
http://arctosdb.org/home/data/; https://creativecommons.org/licenses/by-nc/3.0,United States,North Carolina,Valle Crucis,18-Mar-21,36.20830556,-81.77575,female,adult,Peromyscus,Rodentia,Cricetidae
http://arctosdb.org/home/data/; https://creativecommons.org/licenses/by-nc/3.0,United States,North Carolina,"South Mountains Game Lands, 0.63 km W of Huckleberry Mountain, along Old CC Road",6-Aug-20,35.54636498,-81.73968103,male,adult,Napaeozapus,Rodentia,Dipodidae
http://arctosdb.org/home/data/; https://creativecommons.org/licenses/by-nc/3.0,United States,North Carolina,"South Mountains Game Lands, 0.63 km W of Huckleberry Mountain, along Old CC Road",17-Jun-20,35.54640798,-81.73958003,female,adult,Peromyscus,Rodentia,Cricetidae
http://arctosdb.org/home/data/; https://creativecommons.org/licenses/by-nc/3.0,United States,North Carolina,"South Mountains Game Lands, 0.63 km W of Huckleberry Mountain, along Old CC Road",7-Aug-20,35.54547901,-81.739244,male,adult,Peromyscus,Rodentia,Cricetidae
http://arctosdb.org/home/data/; https://creativecommons.org/licenses/by-nc/3.0,United States,North Carolina,"South Mountains Game Lands, 0.63 km W of Huckleberry Mountain, along Old CC Road",17-Jun-20,35.54625199,-81.73893403,male,adult,Peromyscus,Rodentia,Cricetidae
http://arctosdb.org/home/data/; https://creativecommons.org/licenses/by-nc/3.0,United States,North Carolina,"South Mountains Game Lands, 2.4 km N of Huckleberry Mountain, along Old CC Road",16-Jun-20,35.55274604,-81.738814,female,subadult,Peromyscus,Rodentia,Cricetidae
http://arctosdb.org/home/data/; https://creativecommons.org/licenses/by-nc/3.0,United States,North Carolina,"South Mountains Game Lands, 0.63 km W of Huckleberry Mountain, along Old CC Road",17-Jun-20,35.54621997,-81.73870596,female,adult,Peromyscus,Rodentia,Cricetidae
http://arctosdb.org/home/data/; https://creativecommons.org/licenses/by-nc/3.0,United States,North Carolina,"South Mountains Game Lands, 2.4 km N of Huckleberry Mountain, along Old CC Road",16-Jun-20,35.55286699,-81.73864997,female,adult,Blarina,Soricomorpha,Soricidae
http://arctosdb.org/home/data/; https://creativecommons.org/licenses/by-nc/3.0,United States,North Carolina,"South Mountains Game Lands, 2.4 km N of Huckleberry Mountain, along Old CC Road",16-Jun-20,35.55282902,-81.73844503,female,adult,Peromyscus,Rodentia,Cricetidae
http://arctosdb.org/home/data/; https://creativecommons.org/licenses/by-nc/3.0,United States,North Carolina,"South Mountains Game Lands, 2.4 km N of Huckleberry Mountain, along Old CC Road",6-Aug-20,35.55243004,-81.73843103,male,adult,Peromyscus,Rodentia,Cricetidae
http://arctosdb.org/home/data/; https://creativecommons.org/licenses/by-nc/3.0,United States,North Carolina,"South Mountains Game Lands, 2.4 km N of Huckleberry Mountain, along Old CC Road",6-Aug-20,35.552553,-81.73842098,female,adult,Peromyscus,Rodentia,Cricetidae
http://arctosdb.org/home/data/; https://creativecommons.org/licenses/by-nc/3.0,United States,North Carolina,"South Mountains Game Lands, 2.4 km N of Huckleberry Mountain, along Old CC Road",16-Jun-20,35.55233801,-81.738281,male,adult,Peromyscus,Rodentia,Cricetidae
http://arctosdb.org/home/data/; https://creativecommons.org/licenses/by-nc/3.0,United States,North Carolina,"South Mountains Game Lands, 2.4 km N of Huckleberry Mountain, along Old CC Road",16-Jun-20,35.55332003,-81.73822903,male,adult,Peromyscus,Rodentia,Cricetidae
http://arctosdb.org/home/data/; https://creativecommons.org/licenses/by-nc/3.0,United States,North Carolina,"South Mountains Game Lands, 2.4 km N of Huckleberry Mountain, along Old CC Road",7-Aug-20,35.55313898,-81.73813599,male,adult,Peromyscus,Rodentia,Cricetidae
http://arctosdb.org/home/data/; https://creativecommons.org/licenses/by-nc/3.0,United States,North Carolina,"South Mountains Game Lands, 2.4 km N of Huckleberry Mountain, along Old CC Road",17-Jun-20,35.55234396,-81.73800498,female,adult,Peromyscus,Rodentia,Cricetidae
http://arctosdb.org/home/data/; https://creativecommons.org/licenses/by-nc/3.0,United States,North Carolina,"South Mountains Game Lands, 2.4 km N of Huckleberry Mountain, along Old CC Road",15-Jun-20,35.55336496,-81.73794396,female,adult,Peromyscus,Rodentia,Cricetidae
http://arctosdb.org/home/data/; https://creativecommons.org/licenses/by-nc/3.0,United States,North Carolina,"South Mountains Game Lands, 2.4 km N of Huckleberry Mountain, along Old CC Road",17-Jun-20,35.55245603,-81.73785897,female,adult,Peromyscus,Rodentia,Cricetidae
http://arctosdb.org/home/data/; https://creativecommons.org/licenses/by-nc/3.0,United States,North Carolina,"South Mountains Game Lands, 2.4 km N of Huckleberry Mountain, along Old CC Road",17-Jun-20,35.552523,-81.737763,male,adult,Peromyscus,Rodentia,Cricetidae
http://arctosdb.org/home/data/; https://creativecommons.org/licenses/by-nc/3.0,United States,North Carolina,"South Mountains Game Lands, 2.4 km N of Huckleberry Mountain, along Old CC Road",15-Jun-20,35.55351399,-81.73761497,female,adult,Peromyscus,Rodentia,Cricetidae
http://arctosdb.org/home/data/; https://creativecommons.org/licenses/by-nc/3.0,United States,North Carolina,"South Mountains Game Lands, 2.4 km N of Huckleberry Mountain, along Old CC Road",15-Jun-20,35.55373996,-81.73755999,male,adult,Peromyscus,Rodentia,Cricetidae
http://arctosdb.org/home/data/; https://creativecommons.org/licenses/by-nc/3.0,United States,North Carolina,"South Mountains Game Lands, 2.4 km N of Huckleberry Mountain, along Old CC Road",15-Jun-20,35.55419904,-81.73744599,female,adult,Peromyscus,Rodentia,Cricetidae
http://arctosdb.org/home/data/; https://creativecommons.org/licenses/by-nc/3.0,United States,North Carolina,"South Mountains Game Lands, 2.4 km N of Huckleberry Mountain, along Old CC Road",16-Jun-20,35.55440297,-81.737433,male,adult,Peromyscus,Rodentia,Cricetidae
http://arctosdb.org/home/data/; https://creativecommons.org/licenses/by-nc/3.0,United States,North Carolina,"South Mountains Game Lands, 2.4 km N of Huckleberry Mountain, along Old CC Road",16-Jun-20,35.554019,-81.73733401,female,adult,Peromyscus,Rodentia,Cricetidae
http://arctosdb.org/home/data/; https://creativecommons.org/licenses/by-nc/3.0,United States,North Carolina,"South Mountains Game Lands, 2.4 km N of Huckleberry Mountain, along Old CC Road",16-Jun-20,35.55434003,-81.73728003,female,subadult,Peromyscus,Rodentia,Cricetidae
http://arctosdb.org/home/data/; https://creativecommons.org/licenses/by-nc/3.0,United States,North Carolina,"South Mountains Game Lands, 2.4 km N of Huckleberry Mountain, along Old CC Road",16-Jun-20,35.55502,-81.73702,male,adult,Peromyscus,Rodentia,Cricetidae
http://arctosdb.org/home/data/; https://creativecommons.org/licenses/by-nc/3.0,United States,North Carolina,"South Mountains Game Lands, 2.4 km N of Huckleberry Mountain, along Old CC Road",17-Jun-20,35.55519196,-81.73696403,male,adult,Peromyscus,Rodentia,Cricetidae
http://arctosdb.org/home/data/; https://creativecommons.org/licenses/by-nc/3.0,United States,North Carolina,"South Mountains Game Lands, 2.4 km N of Huckleberry Mountain, along Old CC Road",6-Aug-20,35.55569203,-81.73628904,male,adult,Peromyscus,Rodentia,Cricetidae
http://arctosdb.org/home/data/; https://creativecommons.org/licenses/by-nc/3.0,United States,North Carolina,"South Mountains Game Lands, 2.4 km N of Huckleberry Mountain, along Old CC Road",17-Jun-20,35.55599302,-81.73616197,female,adult,Peromyscus,Rodentia,Cricetidae
http://arctosdb.org/home/data/; https://creativecommons.org/licenses/by-nc/3.0,United States,North Carolina,"South Mountains Game Lands, 2.4 km N of Huckleberry Mountain, along Old CC Road",16-Jun-20,35.55594801,-81.73610003,female,adult,Ochrotomys,Rodentia,Cricetidae
http://arctosdb.org/home/data/; https://creativecommons.org/licenses/by-nc/3.0,United States,North Carolina,"South Mountains Game Lands, 2.4 km N of Huckleberry Mountain, along Old CC Road",16-Jun-20,35.55592496,-81.73603096,male,adult,Peromyscus,Rodentia,Cricetidae
http://arctosdb.org/home/data/; https://creativecommons.org/licenses/by-nc/3.0,United States,North Carolina,"South Mountains Game Lands, 2.4 km N of Huckleberry Mountain, along Old CC Road",16-Jun-20,35.55585497,-81.73582401,male,adult,Blarina,Soricomorpha,Soricidae
http://arctosdb.org/home/data/; https://creativecommons.org/licenses/by-nc/3.0,United States,North Carolina,"South Mountains Game Lands, 2.4 km N of Huckleberry Mountain, along Old CC Road",6-Aug-20,35.56461096,-81.73466303,female,adult,Peromyscus,Rodentia,Cricetidae
http://arctosdb.org/home/data/; https://creativecommons.org/licenses/by-nc/3.0,United States,North Carolina,"South Mountains Game Lands, 2.4 km N of Huckleberry Mountain, along Old CC Road",6-Aug-20,35.56428197,-81.73458701,male,adult,Peromyscus,Rodentia,Cricetidae
http://arctosdb.org/home/data/; https://creativecommons.org/licenses/by-nc/3.0,United States,North Carolina,"South Mountains Game Lands, 2.4 km N of Huckleberry Mountain, along Old CC Road",16-Jun-20,35.56409203,-81.734326,female,adult,Peromyscus,Rodentia,Cricetidae
http://arctosdb.org/home/data/; https://creativecommons.org/licenses/by-nc/3.0,United States,North Carolina,"South Mountains Game Lands, 2.4 km N of Huckleberry Mountain, along Old CC Road",15-Jun-20,35.56395197,-81.73410899,male,adult,Peromyscus,Rodentia,Cricetidae
http://arctosdb.org/home/data/; https://creativecommons.org/licenses/by-nc/3.0,United States,North Carolina,"South Mountains Game Lands, 2.4 km N of Huckleberry Mountain, along Old CC Road",16-Jun-20,35.56330699,-81.73310601,female,adult,Peromyscus,Rodentia,Cricetidae
http://arctosdb.org/home/data/; https://creativecommons.org/licenses/by-nc/3.0,United States,North Carolina,"South Mountains Game Lands, 2.4 km N of Huckleberry Mountain, along Old CC Road",16-Jun-20,35.56332702,-81.73308296,female,subadult,Peromyscus,Rodentia,Cricetidae
http://arctosdb.org/home/data/; https://creativecommons.org/licenses/by-nc/3.0,United States,North Carolina,"South Mountains Game Lands, 2.4 km N of Huckleberry Mountain, along Old CC Road",16-Jun-20,35.56328402,-81.73300803,male,subadult,Peromyscus,Rodentia,Cricetidae
http://arctosdb.org/home/data/; https://creativecommons.org/licenses/by-nc/3.0,United States,North Carolina,"South Mountains Game Lands, 2.4 km N of Huckleberry Mountain, along Old CC Road",6-Aug-20,35.56321,-81.73273,male,adult,Peromyscus,Rodentia,Cricetidae
http://arctosdb.org/home/data/; https://creativecommons.org/licenses/by-nc/3.0,United States,North Carolina,"South Mountains Game Lands, 2.4 km N of Huckleberry Mountain, along Old CC Road",16-Jun-20,35.56274699,-81.73248801,male,adult,Peromyscus,Rodentia,Cricetidae
http://arctosdb.org/home/data/; https://creativecommons.org/licenses/by-nc/3.0,United States,North Carolina,"South Mountains Game Lands, 2.4 km N of Huckleberry Mountain, along Old CC Road",16-Jun-20,35.56227802,-81.73171604,female,adult,Peromyscus,Rodentia,Cricetidae
http://arctosdb.org/home/data/; https://creativecommons.org/licenses/by-nc/3.0,United States,North Carolina,"South Mountains Game Lands, 2.4 km N of Huckleberry Mountain, along Old CC Road",17-Jun-20,35.56221399,-81.73169701,female,adult,Peromyscus,Rodentia,Cricetidae
http://arctosdb.org/home/data/; https://creativecommons.org/licenses/by-nc/3.0,United States,North Carolina,"South Mountains Game Lands, 2.4 km N of Huckleberry Mountain, along Old CC Road",15-Jun-20,35.56233603,-81.73169299,male,adult,Peromyscus,Rodentia,Cricetidae
http://arctosdb.org/home/data/; https://creativecommons.org/licenses/by-nc/3.0,United States,North Carolina,"South Mountains Game Lands, 2.4 km N of Huckleberry Mountain, along Old CC Road",15-Jun-20,35.56210896,-81.73165401,female,adult,Peromyscus,Rodentia,Cricetidae
http://arctosdb.org/home/data/; https://creativecommons.org/licenses/by-nc/3.0,United States,North Carolina,"South Mountains Game Lands, 2.4 km N of Huckleberry Mountain, along Old CC Road",16-Jun-20,35.56182004,-81.73118899,female,adult,Peromyscus,Rodentia,Cricetidae
http://arctosdb.org/home/data/; https://creativecommons.org/licenses/by-nc/3.0,United States,North Carolina,"South Mountains Game Lands, 2.4 km N of Huckleberry Mountain, along Old CC Road",16-Jun-20,35.561986,-81.731149,male,subadult,Peromyscus,Rodentia,Cricetidae
http://arctosdb.org/home/data/; https://creativecommons.org/licenses/by-nc/3.0,United States,North Carolina,"South Mountains Game Lands, 2.4 km N of Huckleberry Mountain, along Old CC Road",16-Jun-20,35.56190503,-81.73045197,female,subadult,Peromyscus,Rodentia,Cricetidae
http://arctosdb.org/home/data/; https://creativecommons.org/licenses/by-nc/3.0,United States,North Carolina,"South Mountains Game Lands, 2.4 km N of Huckleberry Mountain, along Old CC Road",15-Jun-20,35.56178902,-81.73036102,female,adult,Peromyscus,Rodentia,Cricetidae
http://arctosdb.org/home/data/; https://creativecommons.org/licenses/by-nc/3.0,United States,North Carolina,"South Mountains Game Lands, 2.4 km N of Huckleberry Mountain, along Old CC Road",16-Jun-20,35.56184803,-81.730285,male,adult,Peromyscus,Rodentia,Cricetidae
http://arctosdb.org/home/data/; https://creativecommons.org/licenses/by-nc/3.0,United States,North Carolina,"South Mountains Game Lands, 2.4 km N of Huckleberry Mountain, along Old CC Road",16-Jun-20,35.56167796,-81.73014896,male,adult,Peromyscus,Rodentia,Cricetidae
http://arctosdb.org/home/data/; https://creativecommons.org/licenses/by/3.0,United States,North Carolina,South Mountains Headwater Preserve,22-Apr-19,35.596421,-81.701413,male,,Spilogale,Carnivora,Mephitidae
http://arctosdb.org/home/data/; https://creativecommons.org/licenses/by/3.0,United States,North Carolina,South Mountains Headwater Preserve,22-Apr-19,35.641891,-81.618034,male,,Spilogale,Carnivora,Mephitidae
http://arctosdb.org/home/data/; https://creativecommons.org/licenses/by/3.0,United States,North Carolina,"Sturgill Tree Farms, LLC",,36.40127864,-81.42220864,male,adult,Sylvilagus,Lagomorpha,Leporidae
http://mvz.berkeley.edu/mvzdata_terms; https://creativecommons.org/licenses/by/3.0,United States,North Carolina,"2204 Charlotte Drive, Charlotte",24-Apr-06,35.1991,-80.8488,male,,Rattus,Rodentia,Muridae
http://arctosdb.org/home/data/; https://creativecommons.org/licenses/by/3.0,United States,North Carolina,Jet Mitchel River and Rte 77,6/18/88,36.396046,-80.84039,female,,Sylvilagus,Lagomorpha,Leporidae
http://mvz.berkeley.edu/mvzdata_terms; https://creativecommons.org/licenses/by/3.0,United States,North Carolina,Bethabara,9-Jan-62,36.1831,-80.3386,male,,Sigmodon,Rodentia,Cricetidae
http://mvz.berkeley.edu/mvzdata_terms; https://creativecommons.org/licenses/by/3.0,United States,North Carolina,Bethabara,9-Jan-62,36.1831,-80.3386,male,,Cryptotis,Soricomorpha,Soricidae
http://mvz.berkeley.edu/mvzdata_terms; https://creativecommons.org/licenses/by/3.0,United States,North Carolina,Bethabara,9-Jan-62,36.1831,-80.3386,male,,Microtus,Rodentia,Cricetidae
http://mvz.berkeley.edu/mvzdata_terms; https://creativecommons.org/licenses/by/3.0,United States,North Carolina,Winston Salem [Reynolda Estate],10-Jul-62,36.1167,-80.3122,male,,Blarina,Soricomorpha,Soricidae
http://mvz.berkeley.edu/mvzdata_terms; https://creativecommons.org/licenses/by/3.0,United States,North Carolina,"Wake Forest College campus, Winston, Salem",11-Jan-61,36.1167,-80.3122,female,,Microtus,Rodentia,Cricetidae
http://mvz.berkeley.edu/mvzdata_terms; https://creativecommons.org/licenses/by/3.0,United States,North Carolina,"Wake Forest College campus, Winston-Salem",4-Jan-61,36.1167,-80.3122,male,,Peromyscus,Rodentia,Cricetidae
http://mvz.berkeley.edu/mvzdata_terms; https://creativecommons.org/licenses/by/3.0,United States,North Carolina,"Wake Forest College campus, Winston-Salem",9-Jan-61,36.1167,-80.3122,male,,Peromyscus,Rodentia,Cricetidae
http://mvz.berkeley.edu/mvzdata_terms; https://creativecommons.org/licenses/by/3.0,United States,North Carolina,"Bethlehem Rd., Winston-Salem",29-Sep-62,36.1167,-80.3122,male,,Sciurus,Rodentia,Sciuridae
http://mvz.berkeley.edu/mvzdata_terms; https://creativecommons.org/licenses/by/3.0,United States,North Carolina,Winston-Salem,7-Sep-62,36.0816,-80.2506,male,,Lasiurus,Chiroptera,Vespertilionidae
http://mvz.berkeley.edu/mvzdata_terms; https://creativecommons.org/licenses/by/3.0,United States,North Carolina,Winston-Salem,13-Nov-61,36.0816,-80.2506,male,,Didelphis,Didelphimorphia,Didelphidae
http://mvz.berkeley.edu/mvzdata_terms; https://creativecommons.org/licenses/by/3.0,United States,North Carolina,Winston-Salem,28-Sep-61,36.0816,-80.2506,male,,Sylvilagus,Lagomorpha,Leporidae
http://mvz.berkeley.edu/mvzdata_terms; https://creativecommons.org/licenses/by/3.0,United States,North Carolina,Winston-Salem,1-Oct-62,36.0816,-80.2506,male,,Microtus,Rodentia,Cricetidae
http://arctosdb.org/home/data/; https://creativecommons.org/licenses/by/3.0,United States,North Carolina,"4 mi S, 5 mi W of Winston-Salem",6/18/78,36.0255966,-80.2466736,,,Blarina,Soricomorpha,Soricidae
http://arctosdb.org/home/data/; https://creativecommons.org/licenses/by-nc/3.0,United States,North Carolina,WINSTON SALEM,5-Jul-73,36.0997,-80.2444,female,,Blarina,Soricomorpha,Soricidae
http://mvz.berkeley.edu/mvzdata_terms; https://creativecommons.org/licenses/by/3.0,United States,North Carolina,Walkertown,19-Sep-61,36.1761,-80.1536,female,,Blarina,Soricomorpha,Soricidae
http://arctosdb.org/home/data/; https://creativecommons.org/licenses/by-nc/3.0,United States,North Carolina,"36.0251, -80.0582",12-Oct-13,36.0251,-80.0582,male,,Odocoileus,Artiodactyla,Cervidae
http://arctosdb.org/home/data/; https://creativecommons.org/licenses/by-nc/3.0,United States,North Carolina,"36.0251, -80.0582",15-Oct-13,36.0251,-80.0582,male,,Odocoileus,Artiodactyla,Cervidae
http://mvz.berkeley.edu/mvzdata_terms; https://creativecommons.org/licenses/by/3.0,United States,North Carolina,2 mi W Madison,14-Oct-61,36.3853,-79.9957,male,,Sciurus,Rodentia,Sciuridae
http://arctosdb.org/home/data/; https://creativecommons.org/licenses/by-nc/3.0,United States,North Carolina,Central NC,before 2020,35.2167419,-79.8902361,female,,Procyon,Carnivora,Procyonidae
http://arctosdb.org/home/data/; https://creativecommons.org/licenses/by-nc/3.0,United States,North Carolina,Central NC,before 2020,35.2167419,-79.8902361,male,,Sciurus,Rodentia,Sciuridae
http://arctosdb.org/home/data/; https://creativecommons.org/licenses/by-nc/3.0,United States,North Carolina,No specific locality recorded.,before 2020,35.2167419,-79.8902361,female,,Sciurus,Rodentia,Sciuridae
http://arctosdb.org/home/data/; https://creativecommons.org/licenses/by-nc/3.0,United States,North Carolina,Central NC,before 2020,35.2167419,-79.8902361,female,,Urocyon,Carnivora,Canidae
http://mvz.berkeley.edu/mvzdata_terms; https://creativecommons.org/licenses/by/3.0,United States,North Carolina,W Greensboro,2-Oct-45,36.0765,-79.8582,male,,Ochrotomys,Rodentia,Cricetidae
http://mvz.berkeley.edu/mvzdata_terms; https://creativecommons.org/licenses/by/3.0,United States,North Carolina,"Pine Croft, West Greensboro",8-Oct-45,36.0765,-79.8582,male,,Ondatra,Rodentia,Cricetidae
http://mvz.berkeley.edu/mvzdata_terms; https://creativecommons.org/licenses/by/3.0,United States,North Carolina,West Greensboro,2-Oct-45,36.0765,-79.8582,female,,Peromyscus,Rodentia,Cricetidae
http://mvz.berkeley.edu/mvzdata_terms; https://creativecommons.org/licenses/by/3.0,United States,North Carolina,West Greensboro,2-Oct-45,36.0765,-79.8582,male,,Peromyscus,Rodentia,Cricetidae
http://mvz.berkeley.edu/mvzdata_terms; https://creativecommons.org/licenses/by/3.0,United States,North Carolina,West Greensboro,2-Oct-45,36.0765,-79.8582,female,,Peromyscus,Rodentia,Cricetidae
http://mvz.berkeley.edu/mvzdata_terms; https://creativecommons.org/licenses/by/3.0,United States,North Carolina,West Greensboro,3-Oct-45,36.0765,-79.8582,female,,Peromyscus,Rodentia,Cricetidae
http://arctosdb.org/home/data/; https://creativecommons.org/licenses/by-nc/3.0,United States,North Carolina,"3832 Green Point Drive, Greensboro NC 27407",27-Apr-22,36.03998,-79.8566,female,adult,Peromyscus,Rodentia,Cricetidae
http://arctosdb.org/home/data/; https://creativecommons.org/licenses/by-nc/3.0,United States,North Carolina,"3832 Green Point Drive, Greensboro NC 27407",30-Apr-22,36.03998,-79.8566,female,adult,Peromyscus,Rodentia,Cricetidae
http://arctosdb.org/home/data/; https://creativecommons.org/licenses/by-nc/3.0,United States,North Carolina,"2.91 km SE Lake Hamilton, off of W Wendover Avenue",5-Nov-23,36.07038,-79.84127,female,adult,Blarina,Soricomorpha,Soricidae
http://arctosdb.org/home/data/; https://creativecommons.org/licenses/by-nc/3.0,United States,North Carolina,"2403 Deverow Place, Greensboro NC 27407",5-Mar-23,36.03356,-79.82925,female,adult,Rattus,Rodentia,Muridae
http://arctosdb.org/home/data/; https://creativecommons.org/licenses/by-nc/3.0,United States,North Carolina,"2505 Overbrook Drive, Greensboro NC 27408",31-May-21,36.10019,-79.82617,female,subadult,Rattus,Rodentia,Muridae
http://arctosdb.org/home/data/; https://creativecommons.org/licenses/by-nc/3.0,United States,North Carolina,"2505 Overbrook Drive, Greensboro NC 27408",13-Jun-21,36.10019,-79.82617,female,adult,Rattus,Rodentia,Muridae
http://arctosdb.org/home/data/; https://creativecommons.org/licenses/by-nc/3.0,United States,North Carolina,"2505 Overbrook Drive, Greensboro NC 27408",7-Jul-22,36.10019,-79.82616,male,adult,Rattus,Rodentia,Muridae
http://arctosdb.org/home/data/; https://creativecommons.org/licenses/by-nc/3.0,United States,North Carolina,"1013 Twyckenham Drive, Greensboro NC 27408",16-Apr-21,36.08488,-79.8105,male,adult,Blarina,Soricomorpha,Soricidae
http://arctosdb.org/home/data/; https://creativecommons.org/licenses/by-nc/3.0,United States,North Carolina,"1013 Twyckenham Drive, Greensboro NC 27408",1-May-21,36.08488,-79.8105,male,adult,Peromyscus,Rodentia,Cricetidae
http://arctosdb.org/home/data/; https://creativecommons.org/licenses/by-nc/3.0,United States,North Carolina,"1013 Twyckenham Drive, Greensboro NC 27408",1-May-21,36.08488,-79.8105,female,adult,Peromyscus,Rodentia,Cricetidae
http://arctosdb.org/home/data/; https://creativecommons.org/licenses/by-nc/3.0,United States,North Carolina,"1013 Twyckenham Drive, Greensboro NC, 24408",2-Feb-21,36.08484,-79.81038,male,adult,Peromyscus,Rodentia,Cricetidae
http://arctosdb.org/home/data/; https://creativecommons.org/licenses/by-nc/3.0,United States,North Carolina,"1013 Twyckenham Drive, Greensboro NC 27403",7-May-18,36.08492,-79.81038,unknown,adult,Blarina,Soricomorpha,Soricidae
http://arctosdb.org/home/data/; https://creativecommons.org/licenses/by-nc/3.0,United States,North Carolina,"3302 Round Hill Road, Greensboro NC, 27408",26-Feb-23,36.11693,-79.80851,female,adult,Peromyscus,Rodentia,Cricetidae
http://arctosdb.org/home/data/; https://creativecommons.org/licenses/by-nc/3.0,United States,North Carolina,"3302 Round Hill Road, Greensboro NC, 27408",26-Feb-23,36.11693,-79.80851,female,adult,Peromyscus,Rodentia,Cricetidae
http://arctosdb.org/home/data/; https://creativecommons.org/licenses/by-nc/3.0,United States,North Carolina,"3302 Round Hill Road, Greensboro NC, 27408",25-Feb-23,36.11693,-79.80851,female,adult,Peromyscus,Rodentia,Cricetidae
http://arctosdb.org/home/data/; https://creativecommons.org/licenses/by-nc/3.0,United States,North Carolina,"3302 Round Hill Road, Greensboro NC, 27408",25-Feb-23,36.11693,-79.80851,male,adult,Peromyscus,Rodentia,Cricetidae
http://arctosdb.org/home/data/; https://creativecommons.org/licenses/by-nc/3.0,United States,North Carolina,"3302 Round Hill Road, Greensboro NC, 27408",Spring 2022,36.11693,-79.80851,male,adult,Sciurus,Rodentia,Sciuridae
http://arctosdb.org/home/data/; https://creativecommons.org/licenses/by-nc/3.0,United States,North Carolina,"3302 Round Hill Road, Greensboro NC 27408",Spring 2022,36.11693,-79.80851,male,adult,Sciurus,Rodentia,Sciuridae
http://arctosdb.org/home/data/; https://creativecommons.org/licenses/by-nc/3.0,United States,North Carolina,"Nantahala National Forest, 0.48 km SW of Rocky Knob, along NC Highway 215",22-Oct-21,36.06902802,-79.80652196,female,adult,Sciurus,Rodentia,Sciuridae
http://arctosdb.org/home/data/; https://creativecommons.org/licenses/by-nc/3.0,United States,North Carolina,"1098 Walker Avenue, Greensboro NC 27403",12-May-21,36.068578,-79.806363,male,adult,Mus,Rodentia,Muridae
http://arctosdb.org/home/data/; https://creativecommons.org/licenses/by-nc/3.0,United States,North Carolina,"On UNCG Campus, along Carr Street",21-Jan-25,36.07034,-79.80571,male,adult,Didelphis,Didelphimorphia,Didelphidae
http://arctosdb.org/home/data/; https://creativecommons.org/licenses/by-nc/3.0,United States,North Carolina,Along Tate Street,26-Nov-24,36.06792,-79.8056,female,subadult,Rattus,Rodentia,Muridae
http://arctosdb.org/home/data/; https://creativecommons.org/licenses/by-nc/3.0,United States,North Carolina,1131 Parish St Greensboro NC 27408,12-Sep-22,36.08952,-79.80473,male,adult,Peromyscus,Rodentia,Cricetidae
http://arctosdb.org/home/data/; https://creativecommons.org/licenses/by-nc/3.0,United States,North Carolina,11 MI SE MTN. PISGAH,15-Aug-85,35.4415,-79.7226,female,,Peromyscus,Rodentia,Cricetidae
http://arctosdb.org/home/data/; https://creativecommons.org/licenses/by-nc/3.0,United States,North Carolina,11 MI SE MTN. PISGAH,15-Aug-85,35.4415,-79.7226,female,,Peromyscus,Rodentia,Cricetidae
http://arctosdb.org/home/data/; https://creativecommons.org/licenses/by-nc/3.0,United States,North Carolina,11 MI SE MTN. PISGAH,16-Aug-85,35.4415,-79.7226,female,,Peromyscus,Rodentia,Cricetidae
http://arctosdb.org/home/data/; https://creativecommons.org/licenses/by-nc/3.0,United States,North Carolina,11 mi. SE MT. PISGAH,16-Aug-85,35.4415,-79.7226,female,,Myodes,Rodentia,Cricetidae
http://arctosdb.org/home/data/; https://creativecommons.org/licenses/by-nc/3.0,United States,North Carolina,"4.8 km S Browns Summit, Gateway Research Park North Campus",31-May-23,36.16844804,-79.72238601,female,adult,Peromyscus,Rodentia,Cricetidae
http://arctosdb.org/home/data/; https://creativecommons.org/licenses/by-nc/3.0,United States,North Carolina,"4.8 km S Browns Summit, Gateway Research Park North Campus",31-May-23,36.16854401,-79.72225299,male,adult,Peromyscus,Rodentia,Cricetidae
http://arctosdb.org/home/data/; https://creativecommons.org/licenses/by-nc/3.0,United States,North Carolina,"4.8 km S Browns Summit, Gateway Research Park North Campus",28-Jun-22,36.171685,-79.7218391,female,adult,Blarina,Soricomorpha,Soricidae
http://arctosdb.org/home/data/; https://creativecommons.org/licenses/by-nc/3.0,United States,North Carolina,"4.8 km S Browns Summit, Gateway Research Park North Campus",31-May-23,36.17166703,-79.72175402,male,juvenile,Peromyscus,Rodentia,Cricetidae
http://arctosdb.org/home/data/; https://creativecommons.org/licenses/by-nc/3.0,United States,North Carolina,"4.8 km S Browns Summit, Gateway Research Park North Campus",1-Jun-23,36.17170198,-79.72175402,male,juvenile,Peromyscus,Rodentia,Cricetidae
http://arctosdb.org/home/data/; https://creativecommons.org/licenses/by-nc/3.0,United States,North Carolina,"4.8 km S Browns Summit, Gateway Research Park North Campus",1-Jun-23,36.17137902,-79.721736,male,adult,Peromyscus,Rodentia,Cricetidae
http://arctosdb.org/home/data/; https://creativecommons.org/licenses/by-nc/3.0,United States,North Carolina,"4.8 km S Browns Summit, Gateway Research Park North Campus",31-May-23,36.17174699,-79.721723,male,adult,Peromyscus,Rodentia,Cricetidae
http://arctosdb.org/home/data/; https://creativecommons.org/licenses/by-nc/3.0,United States,North Carolina,"4.8 km S Browns Summit, Gateway Research Park North Campus",31-May-23,36.17169804,-79.72167296,female,subadult,Peromyscus,Rodentia,Cricetidae
http://arctosdb.org/home/data/; https://creativecommons.org/licenses/by-nc/3.0,United States,North Carolina,"4.8 km S Browns Summit, Gateway Research Park North Campus",1-Jun-23,36.17180499,-79.72165997,male,adult,Peromyscus,Rodentia,Cricetidae
http://arctosdb.org/home/data/; https://creativecommons.org/licenses/by-nc/3.0,United States,North Carolina,"4.8 km S Browns Summit, Gateway Research Park North Campus",1-Jun-23,36.17197397,-79.72117701,male,adult,Peromyscus,Rodentia,Cricetidae
http://arctosdb.org/home/data/; https://creativecommons.org/licenses/by-nc/3.0,United States,North Carolina,"4.8 km S Browns Summit, Gateway Research Park North Campus",31-May-23,36.17184799,-79.72106896,female,subadult,Peromyscus,Rodentia,Cricetidae
http://arctosdb.org/home/data/; https://creativecommons.org/licenses/by-nc/3.0,United States,North Carolina,"4.8 km S Browns Summit, Gateway Research Park North Campus",31-May-23,36.17177499,-79.72099998,male,subadult,Peromyscus,Rodentia,Cricetidae
http://arctosdb.org/home/data/; https://creativecommons.org/licenses/by-nc/3.0,United States,North Carolina,"4.8 km S Browns Summit, Gateway Research Park North Campus",31-May-23,36.17177599,-79.72099302,male,adult,Peromyscus,Rodentia,Cricetidae
http://arctosdb.org/home/data/; https://creativecommons.org/licenses/by-nc/3.0,United States,North Carolina,"4.8 km S Browns Summit, Gateway Research Park North Campus",31-May-23,36.17155404,-79.72068499,female,adult,Microtus,Rodentia,Cricetidae
http://arctosdb.org/home/data/; https://creativecommons.org/licenses/by-nc/3.0,United States,North Carolina,"4.8 km S Browns Summit, Gateway Research Park North Campus",22-Jul-21,36.17154599,-79.720544,male,adult,Blarina,Soricomorpha,Soricidae
http://arctosdb.org/home/data/; https://creativecommons.org/licenses/by-nc/3.0,United States,North Carolina,"4.8 km S Browns Summit, Gateway Research Park North Campus",31-May-23,36.17157198,-79.72022801,female,adult,Peromyscus,Rodentia,Cricetidae
http://arctosdb.org/home/data/; https://creativecommons.org/licenses/by-nc/3.0,United States,North Carolina,"4.8 km S Browns Summit, Gateway Research Park North Campus",31-May-23,36.17156703,-79.72020999,male,adult,Peromyscus,Rodentia,Cricetidae
http://arctosdb.org/home/data/; https://creativecommons.org/licenses/by-nc/3.0,United States,North Carolina,"4.8 km S Browns Summit, Gateway Research Park North Campus",31-May-23,36.17139202,-79.72014704,male,adult,Blarina,Soricomorpha,Soricidae
http://arctosdb.org/home/data/; https://creativecommons.org/licenses/by-nc/3.0,United States,North Carolina,"4.8 km S Browns Summit, Gateway Research Park North Campus",31-May-23,36.17141699,-79.72004101,female,adult,Peromyscus,Rodentia,Cricetidae
http://arctosdb.org/home/data/; https://creativecommons.org/licenses/by-nc/3.0,United States,North Carolina,"4.8 km S Browns Summit, Gateway Research Park North Campus",31-May-23,36.17130702,-79.71996498,male,adult,Peromyscus,Rodentia,Cricetidae
http://arctosdb.org/home/data/; https://creativecommons.org/licenses/by-nc/3.0,United States,North Carolina,"4.8 km S Browns Summit, Gateway Research Park North Campus",31-May-23,36.17128297,-79.71990698,female,adult,Peromyscus,Rodentia,Cricetidae
http://arctosdb.org/home/data/; https://creativecommons.org/licenses/by-nc/3.0,United States,North Carolina,"4.8 km S Browns Summit, Gateway Research Park North Campus",31-May-23,36.17131197,-79.71985904,male,adult,Peromyscus,Rodentia,Cricetidae
http://arctosdb.org/home/data/; https://creativecommons.org/licenses/by-nc/3.0,United States,North Carolina,"4.8 km S Browns Summit, Gateway Research Park North Campus",20-Feb-21,36.17073,-79.71977,female,adult,Peromyscus,Rodentia,Cricetidae
http://arctosdb.org/home/data/; https://creativecommons.org/licenses/by-nc/3.0,United States,North Carolina,"4.8 km S Browns Summit, Gateway Research Park North Campus",20-Feb-21,36.17073,-79.71977,female,adult,Peromyscus,Rodentia,Cricetidae
http://arctosdb.org/home/data/; https://creativecommons.org/licenses/by-nc/3.0,United States,North Carolina,"4.8 km S Browns Summit, Gateway Research Park North Campus",20-Feb-21,36.17073,-79.71977,female,adult,Peromyscus,Rodentia,Cricetidae
http://arctosdb.org/home/data/; https://creativecommons.org/licenses/by-nc/3.0,United States,North Carolina,"4.8 km S Browns Summit, Gateway Research Park North Campus",21-Feb-21,36.17073,-79.71977,female,adult,Peromyscus,Rodentia,Cricetidae
http://arctosdb.org/home/data/; https://creativecommons.org/licenses/by-nc/3.0,United States,North Carolina,"4.8 km S Browns Summit, Gateway Research Park North Campus",23-Mar-21,36.17073,-79.71977,female,adult,Peromyscus,Rodentia,Cricetidae
http://arctosdb.org/home/data/; https://creativecommons.org/licenses/by-nc/3.0,United States,North Carolina,"4.8 km S Browns Summit, Gateway Research Park North Campus",21-Feb-21,36.17073,-79.71977,female,adult,Peromyscus,Rodentia,Cricetidae
http://arctosdb.org/home/data/; https://creativecommons.org/licenses/by-nc/3.0,United States,North Carolina,"4.8 km S Browns Summit, Gateway Research Park North Campus",1-Jun-23,36.17143602,-79.719767,male,adult,Blarina,Soricomorpha,Soricidae
http://arctosdb.org/home/data/; https://creativecommons.org/licenses/by-nc/3.0,United States,North Carolina,"4.8 km S Browns Summit, Gateway Research Park North Campus",31-May-23,36.17120401,-79.71965896,male,adult,Peromyscus,Rodentia,Cricetidae
http://arctosdb.org/home/data/; https://creativecommons.org/licenses/by-nc/3.0,United States,North Carolina,"4.8 km S Browns Summit, Gateway Research Park North Campus",31-May-23,36.17112396,-79.71964899,male,subadult,Peromyscus,Rodentia,Cricetidae
http://arctosdb.org/home/data/; https://creativecommons.org/licenses/by-nc/3.0,United States,North Carolina,"4.8 km S Browns Summit, Gateway Research Park North Campus",31-May-23,36.17117199,-79.71958403,male,adult,Blarina,Soricomorpha,Soricidae
http://arctosdb.org/home/data/; https://creativecommons.org/licenses/by-nc/3.0,United States,North Carolina,"4.8 km S Browns Summit, Gateway Research Park North Campus",25-Sep-21,36.17134198,-79.71924598,male,adult,Peromyscus,Rodentia,Cricetidae
http://arctosdb.org/home/data/; https://creativecommons.org/licenses/by-nc/3.0,United States,North Carolina,"4.8 km S Browns Summit, Gateway Research Park North Campus",25-Sep-21,36.17150199,-79.71894801,male,adult,Peromyscus,Rodentia,Cricetidae
http://mvz.berkeley.edu/mvzdata_terms; https://creativecommons.org/licenses/by/3.0,United States,North Carolina,12 mi NE Greensboro,27-Jul-45,36.192,-79.6224,female,,Didelphis,Didelphimorphia,Didelphidae
http://arctosdb.org/home/data/; https://creativecommons.org/licenses/by-nc/3.0,United States,North Carolina,RT. 211 AT McCAIN,23-Nov-87,35.0606,-79.3458,female,,Ochrotomys,Rodentia,Cricetidae
http://arctosdb.org/home/data/; https://creativecommons.org/licenses/by-nc/3.0,United States,North Carolina,RT. 211 AT McCAIN,24-Nov-87,35.0606,-79.3458,male,,Ochrotomys,Rodentia,Cricetidae
http://arctosdb.org/home/data/; https://creativecommons.org/licenses/by-nc/3.0,United States,North Carolina,RT. 211 AT McCAIN,23-Nov-87,35.0606,-79.3458,female,,Peromyscus,Rodentia,Cricetidae
http://arctosdb.org/home/data/; https://creativecommons.org/licenses/by-nc/3.0,United States,North Carolina,RT. 211 AT McCAIN,24-Nov-87,35.0606,-79.3458,male,,Peromyscus,Rodentia,Cricetidae
http://arctosdb.org/home/data/; https://creativecommons.org/licenses/by-nc/3.0,United States,North Carolina,Rt. 211 AT McCAIN,23-Oct-87,35.0606,-79.3458,female,,Sigmodon,Rodentia,Cricetidae
http://arctosdb.org/home/data/; https://creativecommons.org/licenses/by-nc/3.0,United States,North Carolina,Rt. 211 AT McCLAIN,22-Oct-87,35.0606,-79.3458,female,adult,Sciurus,Rodentia,Sciuridae
http://arctosdb.org/home/data/; https://creativecommons.org/licenses/by-nc/3.0,United States,North Carolina,Rt. 211 AT McCLAIN,22-Oct-87,35.0606,-79.3458,female,adult,Sciurus,Rodentia,Sciuridae
http://arctosdb.org/home/data/; https://creativecommons.org/licenses/by/3.0,United States,North Carolina,Chapel Hill,20 Oct '61,35.9132,-79.055844,female,,Sciurus,Rodentia,Sciuridae
http://mvz.berkeley.edu/mvzdata_terms; https://creativecommons.org/licenses/by/3.0,United States,North Carolina,Chapel Hill,Jun-43,35.9215,-79.0406,male,,Eptesicus,Chiroptera,Vespertilionidae
http://mvz.berkeley.edu/mvzdata_terms; https://creativecommons.org/licenses/by/3.0,United States,North Carolina,Chapel Hill,Jun-43,35.9215,-79.0406,male,,Eptesicus,Chiroptera,Vespertilionidae
http://mvz.berkeley.edu/mvzdata_terms; https://creativecommons.org/licenses/by/3.0,United States,North Carolina,Fair Bluff,5-May-36,34.3133,-79.0375,female,,Lasiurus,Chiroptera,Vespertilionidae
http://arctosdb.org/home/data/; https://creativecommons.org/licenses/by-nc/3.0,United States,North Carolina,"near B. Everett Jordan Lake, off Beaver Creek Road",21-Nov-18,35.68824,-78.99502,female,adult,Sciurus,Rodentia,Sciuridae
http://arctosdb.org/home/data/; https://creativecommons.org/licenses/by-nc/3.0,United States,North Carolina,FORT BRAGG,18-May-98,35.1458,-78.9841,female,,Peromyscus,Rodentia,Cricetidae
http://arctosdb.org/home/data/; https://creativecommons.org/licenses/by-nc-sa/3.0,United States,North Carolina,Near Little River and South Fork Little River,no verbatim date,36.15019,-78.93927,unknown,adult,Blarina,Soricomorpha,Soricidae
http://arctosdb.org/home/data/; https://creativecommons.org/licenses/by-nc-sa/3.0,United States,North Carolina,Near Little River and South Fork Little River,6-Jul-21,36.15019,-78.93927,female,adult,Blarina,Soricomorpha,Soricidae
http://arctosdb.org/home/data/; https://creativecommons.org/licenses/by-nc-sa/3.0,United States,North Carolina,Duke University Primate Research Center,2002,35.99,-78.89,female,,Tupaia,Scandentia,Tupaiidae
http://arctosdb.org/home/data/; https://creativecommons.org/licenses/by-nc-sa/3.0,United States,North Carolina,Duke University Primate Research Center,3-Jun-02,35.99,-78.89,female,,Callithrix,Primates,Callitrichidae
http://arctosdb.org/home/data/; https://creativecommons.org/licenses/by-nc-sa/3.0,United States,North Carolina,Near Glen Haven Road and Ledge Creek,22-Dec-19,36.15068,-78.70945,female,adult,Blarina,Soricomorpha,Soricidae
http://arctosdb.org/home/data/; https://creativecommons.org/licenses/by-nc-sa/3.0,United States,North Carolina,Near Glen Haven Road and Ledge Creek,14-Mar-21,36.15068,-78.70945,unknown,adult,Blarina,Soricomorpha,Soricidae
http://arctosdb.org/home/data/; https://creativecommons.org/licenses/by-nc-sa/3.0,United States,North Carolina,Near Glen Haven Road and Ledge Creek,27-Nov-19,36.15068,-78.70945,unknown,adult,Blarina,Soricomorpha,Soricidae
http://arctosdb.org/home/data/; https://creativecommons.org/licenses/by-nc-sa/3.0,United States,North Carolina,Near Glen Haven Road and Ledge Creek,29-May-19,36.15068,-78.70945,female,adult,Blarina,Soricomorpha,Soricidae
http://arctosdb.org/home/data/; https://creativecommons.org/licenses/by-nc-sa/3.0,United States,North Carolina,Near Glen Haven Road and Ledge Creek,15-Nov-19,36.15068,-78.70945,female,adult,Blarina,Soricomorpha,Soricidae
http://arctosdb.org/home/data/; https://creativecommons.org/licenses/by-nc-sa/3.0,United States,North Carolina,Near Glen Haven Road and Ledge Creek,27-Nov-19,36.15068,-78.70945,female,adult,Blarina,Soricomorpha,Soricidae
http://arctosdb.org/home/data/; https://creativecommons.org/licenses/by-nc-sa/3.0,United States,North Carolina,Near Glen Haven Road and Ledge Creek,9-Mar-21,36.15068,-78.70945,male,adult,Reithrodontomys,Rodentia,Cricetidae
http://arctosdb.org/home/data/; https://creativecommons.org/licenses/by-nc-sa/3.0,United States,North Carolina,Near Glen Haven Road and Ledge Creek,22-Dec-19,36.15068,-78.70945,female,adult,Blarina,Soricomorpha,Soricidae
http://arctosdb.org/home/data/; https://creativecommons.org/licenses/by-nc-sa/3.0,United States,North Carolina,Near Glen Haven Road and Ledge Creek,25-Nov-19,36.15068,-78.70945,male,subadult,Glaucomys,Rodentia,Sciuridae
http://arctosdb.org/home/data/; https://creativecommons.org/licenses/by-nc-sa/3.0,United States,North Carolina,Near Glen Haven Road and Ledge Creek,28-Dec-19,36.15068,-78.70945,male,adult,Sigmodon,Rodentia,Cricetidae
http://arctosdb.org/home/data/; https://creativecommons.org/licenses/by-nc-sa/3.0,United States,North Carolina,Near Glen Haven Road and Ledge Creek,27-Nov-19,36.15068,-78.70945,unknown,adult,Blarina,Soricomorpha,Soricidae
http://arctosdb.org/home/data/; https://creativecommons.org/licenses/by-nc-sa/3.0,United States,North Carolina,Near Glen Haven Road and Ledge Creek,25-Nov-19,36.15068,-78.70945,female,adult,Blarina,Soricomorpha,Soricidae
http://arctosdb.org/home/data/; https://creativecommons.org/licenses/by-nc-sa/3.0,United States,North Carolina,Near Glen Haven Road and Ledge Creek,25-Nov-19,36.15068,-78.70945,female,adult,Blarina,Soricomorpha,Soricidae
http://arctosdb.org/home/data/; https://creativecommons.org/licenses/by-nc/3.0,United States,North Carolina,Raleigh,22 January 1892,35.7,-78.66666667,male,adult,Sciurus,Rodentia,Sciuridae
http://arctosdb.org/home/data/; https://creativecommons.org/licenses/by-nc/3.0,United States,North Carolina,Raleigh,16 January 1894,35.7,-78.66666667,female,,Sigmodon,Rodentia,Cricetidae
http://arctosdb.org/home/data/; https://creativecommons.org/licenses/by-nc/3.0,United States,North Carolina,Raleigh,13 February 1894,35.7,-78.66666667,male,adult,Sigmodon,Rodentia,Cricetidae
http://arctosdb.org/home/data/; https://creativecommons.org/licenses/by-nc/3.0,United States,North Carolina,Raleigh,25 January 1896,35.7,-78.66666667,female,adult,Lasionycteris,Chiroptera,Vespertilionidae
http://arctosdb.org/home/data/; https://creativecommons.org/licenses/by-nc/3.0,United States,North Carolina,Raleigh,28 January 1893,35.7,-78.66666667,male,adult,Blarina,Soricomorpha,Soricidae
http://arctosdb.org/home/data/; https://creativecommons.org/licenses/by-nc/3.0,United States,North Carolina,Raleigh,8 December 1892,35.7,-78.66666667,female,adult,Blarina,Soricomorpha,Soricidae
http://arctosdb.org/home/data/; https://creativecommons.org/licenses/by-nc/3.0,United States,North Carolina,Raleigh,11 February 1892,35.7,-78.66666667,female,adult,Blarina,Soricomorpha,Soricidae
http://arctosdb.org/home/data/; https://creativecommons.org/licenses/by-nc/3.0,United States,North Carolina,Raleigh,18 November 1893,35.7,-78.66666667,male,adult,Blarina,Soricomorpha,Soricidae
http://arctosdb.org/home/data/; https://creativecommons.org/licenses/by-nc/3.0,United States,North Carolina,Raleigh,8 January 1892,35.7,-78.66666667,male,adult,Blarina,Soricomorpha,Soricidae
http://arctosdb.org/home/data/; https://creativecommons.org/licenses/by-nc/3.0,United States,North Carolina,Raleigh,21 July 1891,35.7,-78.66666667,female,adult,Blarina,Soricomorpha,Soricidae
http://arctosdb.org/home/data/; https://creativecommons.org/licenses/by-nc/3.0,United States,North Carolina,Raleigh,3 February 1892,35.7,-78.66666667,male,adult,Blarina,Soricomorpha,Soricidae
http://arctosdb.org/home/data/; https://creativecommons.org/licenses/by-nc/3.0,United States,North Carolina,Raleigh,5-Nov-01,35.7,-78.66666667,female,adult,Cryptotis,Soricomorpha,Soricidae
http://arctosdb.org/home/data/; https://creativecommons.org/licenses/by-nc/3.0,United States,North Carolina,Raleigh,19-Sep-04,35.7,-78.66666667,female,adult,Cryptotis,Soricomorpha,Soricidae
http://arctosdb.org/home/data/; https://creativecommons.org/licenses/by-nc/3.0,United States,North Carolina,Raleigh,26 May 1892,35.7,-78.66666667,female,,Perimyotis,Chiroptera,Vespertilionidae
http://arctosdb.org/home/data/; https://creativecommons.org/licenses/by-nc/3.0,United States,North Carolina,Raleigh,11 April 1892,35.7,-78.66666667,male,adult,Reithrodontomys,Rodentia,Cricetidae
http://arctosdb.org/home/data/; https://creativecommons.org/licenses/by-nc/3.0,United States,North Carolina,Raleigh,30 January 1892,35.7,-78.66666667,female,adult,Reithrodontomys,Rodentia,Cricetidae
http://arctosdb.org/home/data/; https://creativecommons.org/licenses/by-nc/3.0,United States,North Carolina,Raleigh,4 December 1891,35.7,-78.66666667,female,adult,Reithrodontomys,Rodentia,Cricetidae
http://arctosdb.org/home/data/; https://creativecommons.org/licenses/by-nc/3.0,United States,North Carolina,Raleigh,30 January 1892,35.7,-78.66666667,male,adult,Reithrodontomys,Rodentia,Cricetidae
http://arctosdb.org/home/data/; https://creativecommons.org/licenses/by-nc/3.0,United States,North Carolina,Raleigh,11-Apr-00,35.7,-78.66666667,male,adult,Oryzomys,Rodentia,Cricetidae
http://arctosdb.org/home/data/; https://creativecommons.org/licenses/by-nc/3.0,United States,North Carolina,Raleigh,9-Feb-00,35.7,-78.66666667,female,adult,Oryzomys,Rodentia,Cricetidae
http://arctosdb.org/home/data/; https://creativecommons.org/licenses/by-nc/3.0,United States,North Carolina,Raleigh,14 January 1892,35.7,-78.66666667,female,adult,Ochrotomys,Rodentia,Cricetidae
http://arctosdb.org/home/data/; https://creativecommons.org/licenses/by-nc/3.0,United States,North Carolina,Raleigh,30 April 1892,35.7,-78.66666667,male,adult,Ochrotomys,Rodentia,Cricetidae
http://arctosdb.org/home/data/; https://creativecommons.org/licenses/by-nc/3.0,United States,North Carolina,Raleigh,26 June 1894,35.7,-78.66666667,male,,Oryzomys,Rodentia,Cricetidae
http://arctosdb.org/home/data/; https://creativecommons.org/licenses/by-nc/3.0,United States,North Carolina,Raleigh,5 October 1892,35.7,-78.66666667,female,,Oryzomys,Rodentia,Cricetidae
http://arctosdb.org/home/data/; https://creativecommons.org/licenses/by-nc/3.0,United States,North Carolina,Raleigh,22 October 1892,35.7,-78.66666667,male,,Oryzomys,Rodentia,Cricetidae
http://arctosdb.org/home/data/; https://creativecommons.org/licenses/by-nc-sa/3.0,United States,North Carolina,Raleigh,March 6/05,35.86549071,-78.66495067,female,adult,Oryzomys,Rodentia,Cricetidae
http://arctosdb.org/home/data/; https://creativecommons.org/licenses/by-nc-sa/3.0,United States,North Carolina,National Gypsum Mine,Nov 23 1956,35.790244,-78.650308,male,adult,Myotis,Chiroptera,Vespertilionidae
http://mvz.berkeley.edu/mvzdata_terms; https://creativecommons.org/licenses/by/3.0,United States,North Carolina,Raleigh (Boon's Pond Swamp) N city limits,1-Mar-52,35.8601,-78.6427,male,,Ochrotomys,Rodentia,Cricetidae
http://mvz.berkeley.edu/mvzdata_terms; https://creativecommons.org/licenses/by/3.0,United States,North Carolina,Raleigh [Boon's Pond],29-Feb-52,35.8601,-78.6427,female,,Ochrotomys,Rodentia,Cricetidae
http://mvz.berkeley.edu/mvzdata_terms; https://creativecommons.org/licenses/by/3.0,United States,North Carolina,Raleigh [Boon's Pond],29-Feb-52,35.8601,-78.6427,female,,Ochrotomys,Rodentia,Cricetidae
http://mvz.berkeley.edu/mvzdata_terms; https://creativecommons.org/licenses/by/3.0,United States,North Carolina,Raleigh [Boon's Pond],3-Mar-52,35.8601,-78.6427,female,,Ochrotomys,Rodentia,Cricetidae
http://mvz.berkeley.edu/mvzdata_terms; https://creativecommons.org/licenses/by/3.0,United States,North Carolina,Raleigh [Boon's Pond],11-May-52,35.8601,-78.6427,male,,Ochrotomys,Rodentia,Cricetidae
http://mvz.berkeley.edu/mvzdata_terms; https://creativecommons.org/licenses/by/3.0,United States,North Carolina,Raleigh (Boon's Pond Swamp) N city limits,3-Mar-52,35.8601,-78.6427,female,,Blarina,Soricomorpha,Soricidae
http://mvz.berkeley.edu/mvzdata_terms; https://creativecommons.org/licenses/by/3.0,United States,North Carolina,Raleigh (Boon's Pond Swamp) N city limits,11-May-52,35.8601,-78.6427,female,,Sylvilagus,Lagomorpha,Leporidae
http://mvz.berkeley.edu/mvzdata_terms; https://creativecommons.org/licenses/by/3.0,United States,North Carolina,Raleigh (Boon's Pond Swamp) N city limits,29-Feb-52,35.8601,-78.6427,male,,Microtus,Rodentia,Cricetidae
http://mvz.berkeley.edu/mvzdata_terms; https://creativecommons.org/licenses/by/3.0,United States,North Carolina,Raleigh (Boon's Pond Swamp) N city limits,3-Mar-52,35.8601,-78.6427,male,,Microtus,Rodentia,Cricetidae
http://mvz.berkeley.edu/mvzdata_terms; https://creativecommons.org/licenses/by/3.0,United States,North Carolina,1 mi S Raleigh,1-Mar-52,35.8062,-78.6417,male,,Reithrodontomys,Rodentia,Cricetidae
http://mvz.berkeley.edu/mvzdata_terms; https://creativecommons.org/licenses/by/3.0,United States,North Carolina,1 mi S Raleigh [Catholic Orphanage],28-Feb-52,35.8062,-78.6417,male,,Sigmodon,Rodentia,Cricetidae
http://mvz.berkeley.edu/mvzdata_terms; https://creativecommons.org/licenses/by/3.0,United States,North Carolina,1 mi S Raleigh [Catholic Orphanage],27-Feb-52,35.8062,-78.6417,male,,Microtus,Rodentia,Cricetidae
http://mvz.berkeley.edu/mvzdata_terms; https://creativecommons.org/licenses/by/3.0,United States,North Carolina,Raleigh,30 Jan 1896,35.8207,-78.6417,female,,Lasionycteris,Chiroptera,Vespertilionidae
http://mvz.berkeley.edu/mvzdata_terms; https://creativecommons.org/licenses/by/3.0,United States,North Carolina,Raleigh,27 May 1892,35.8207,-78.6417,female,,Perimyotis,Chiroptera,Vespertilionidae
http://mvz.berkeley.edu/mvzdata_terms; https://creativecommons.org/licenses/by/3.0,United States,North Carolina,Raleigh,11 Jul 1891,35.8207,-78.6417,female,,Nycticeius,Chiroptera,Vespertilionidae
http://mvz.berkeley.edu/mvzdata_terms; https://creativecommons.org/licenses/by/3.0,United States,North Carolina,Raleigh,23-Apr-53,35.8207,-78.6417,male,,Reithrodontomys,Rodentia,Cricetidae
http://mvz.berkeley.edu/mvzdata_terms; https://creativecommons.org/licenses/by/3.0,United States,North Carolina,Raleigh,25-Mar-55,35.8207,-78.6417,female,,Cryptotis,Soricomorpha,Soricidae
http://arctosdb.org/home/data/; https://creativecommons.org/licenses/by-nc-sa/3.0,United States,North Carolina,Raleigh,,35.779338,-78.640674,,adult,Sigmodon,Rodentia,Cricetidae
http://arctosdb.org/home/data/; https://creativecommons.org/licenses/by-nc/3.0,United States,North Carolina,"S of Rocky Branch, Raleigh",23-Mar-51,35.757543,-78.638769,female,,Sigmodon,Rodentia,Cricetidae
http://arctosdb.org/home/data/; https://creativecommons.org/licenses/by-nc/3.0,United States,North Carolina,1 mi S of Raleigh,20-Dec-51,35.757592,-78.638615,male,,Sigmodon,Rodentia,Cricetidae
http://arctosdb.org/home/data/; https://creativecommons.org/licenses/by-nc/3.0,United States,North Carolina,Raleigh,22-Jan-52,35.772096,-78.638614,male,,Blarina,Soricomorpha,Soricidae
http://arctosdb.org/home/data/; https://creativecommons.org/licenses/by-nc/3.0,United States,North Carolina,Raleigh,17-Apr-50,35.772096,-78.638614,female,,Lasiurus,Chiroptera,Vespertilionidae
http://arctosdb.org/home/data/; https://creativecommons.org/licenses/by-nc/3.0,United States,North Carolina,Raleigh,27-Oct-53,35.772096,-78.638614,male,,Sciurus,Rodentia,Sciuridae
http://arctosdb.org/home/data/; https://creativecommons.org/licenses/by-nc/3.0,United States,North Carolina,Raleigh,26-Jan-50,35.772096,-78.638614,male,,Nycticeius,Chiroptera,Vespertilionidae
http://arctosdb.org/home/data/; https://creativecommons.org/licenses/by-nc/3.0,United States,North Carolina,Raleigh,27-Aug-51,35.772096,-78.638614,male,,Lasiurus,Chiroptera,Vespertilionidae
http://arctosdb.org/home/data/; https://creativecommons.org/licenses/by-nc/3.0,United States,North Carolina,Raleigh,28-Nov-51,35.772096,-78.638614,male,,Microtus,Rodentia,Cricetidae
http://arctosdb.org/home/data/; https://creativecommons.org/licenses/by-nc/3.0,United States,North Carolina,Raleigh,18-Mar-51,35.772096,-78.638614,female,,Reithrodontomys,Rodentia,Cricetidae
http://arctosdb.org/home/data/; https://creativecommons.org/licenses/by-nc/3.0,United States,North Carolina,"on campus, Raleigh",7-Dec-51,35.772096,-78.638614,female,,Microtus,Rodentia,Cricetidae
http://arctosdb.org/home/data/; https://creativecommons.org/licenses/by-nc/3.0,United States,North Carolina,Raleigh,28-May-53,35.772096,-78.638614,male,,Peromyscus,Rodentia,Cricetidae
http://arctosdb.org/home/data/; https://creativecommons.org/licenses/by-nc/3.0,United States,North Carolina,Raleigh,2-Mar-52,35.772096,-78.638614,male,,Peromyscus,Rodentia,Cricetidae
http://arctosdb.org/home/data/; https://creativecommons.org/licenses/by-nc-sa/3.0,United States,North Carolina,Raleigh,,35.772096,-78.638614,male,adult,Rattus,Rodentia,Muridae
http://arctosdb.org/home/data/; https://creativecommons.org/licenses/by-nc-sa/3.0,United States,North Carolina,Raleigh,"March 23,1901",35.772096,-78.638614,male,adult,Microtus,Rodentia,Cricetidae
http://arctosdb.org/home/data/; https://creativecommons.org/licenses/by-nc-sa/3.0,United States,North Carolina,Raleigh,23 Jan 1892,35.772096,-78.638614,female,adult,Rattus,Rodentia,Muridae
http://mvz.berkeley.edu/mvzdata_terms; https://creativecommons.org/licenses/by/3.0,United States,North Carolina,Yates Pond region,Nov-55,35.7787,-78.5997,unknown,,Glaucomys,Rodentia,Sciuridae
http://arctosdb.org/home/data/; https://creativecommons.org/licenses/by-nc-sa/3.0,United States,North Carolina,No specific locality recorded.,27 Oct. 2019,34.58,-78.56,unknown,adult,Blarina,Soricomorpha,Soricidae
http://arctosdb.org/home/data/; https://creativecommons.org/licenses/by-nc/3.0,United States,North Carolina,Wendell,18-Nov-53,35.780987,-78.369721,male,,Sylvilagus,Lagomorpha,Leporidae
http://arctosdb.org/home/data/; https://creativecommons.org/licenses/by-nc/3.0,United States,North Carolina,Wendell,18-Mar-52,35.780987,-78.369721,female,,Peromyscus,Rodentia,Cricetidae
http://mvz.berkeley.edu/mvzdata_terms; https://creativecommons.org/licenses/by/3.0,United States,North Carolina,Wendell,28-Mar-52,35.7804,-78.3672,male,,Oryzomys,Rodentia,Cricetidae
http://mvz.berkeley.edu/mvzdata_terms; https://creativecommons.org/licenses/by/3.0,United States,North Carolina,3 mi N Wendell,15-Mar-52,35.82391,-78.3672,male,,Oryzomys,Rodentia,Cricetidae
http://arctosdb.org/home/data/; https://creativecommons.org/licenses/by-nc/3.0,United States,North Carolina,"MOORE'S CREEK NAT'L BATTLEFIELD, 34D27'30''N 78D06'; 34D27'N78D06'W",15-Jun-94,34.4582,-78.1102,male,,Peromyscus,Rodentia,Cricetidae
http://arctosdb.org/home/data/; https://creativecommons.org/licenses/by-nc/3.0,United States,North Carolina,"MOORE'S CREEK NAT'L BATTLEFIELD, 34D27'30''N 78D06'; 34D27'N78D06'W",16-Jun-94,34.4582,-78.1102,male,,Peromyscus,Rodentia,Cricetidae
http://arctosdb.org/home/data/; https://creativecommons.org/licenses/by-nc/3.0,United States,North Carolina,"MOORE'S CREEK NAT'L BATTLEFIELD, 34D27'30''N 78D06'; 34D27'N78D06'W",15-Jun-94,34.4582,-78.1102,male,,Peromyscus,Rodentia,Cricetidae
http://arctosdb.org/home/data/; https://creativecommons.org/licenses/by-nc/3.0,United States,North Carolina,"MOORE'S CREEK NAT'L BATTLEFIELD, 34D27'30''N 78D06'; 34D27'N78D06'W",16-Jun-94,34.4582,-78.1102,male,,Peromyscus,Rodentia,Cricetidae
http://arctosdb.org/home/data/; https://creativecommons.org/licenses/by-nc/3.0,United States,North Carolina,"MOORE'S CREEK NATL BATTLEFIELD, 34D27'30''N 78D06'4; 34D27'N78D06'W",16-Jun-94,34.4582,-78.1102,female,,Peromyscus,Rodentia,Cricetidae
http://mvz.berkeley.edu/mvzdata_terms; https://creativecommons.org/licenses/by/3.0,United States,North Carolina,Warsaw,28-Jan-34,35,-78.0917,unknown,,Blarina,Soricomorpha,Soricidae
http://arctosdb.org/home/data/; https://creativecommons.org/licenses/by-nc-sa/3.0,United States,North Carolina,Figure Eight Island,Feb-76,34.27,-77.74,male,,Tursiops,Cetacea,Delphinidae
http://arctosdb.org/home/data/; https://creativecommons.org/licenses/by-nc-sa/3.0,United States,North Carolina,"GSMNP, Deep Creek 4300 ft",11-Aug-88,34.27,-77.74,female,adult,Microtus,Rodentia,Cricetidae
http://mvz.berkeley.edu/mvzdata_terms; https://creativecommons.org/licenses/by/3.0,United States,North Carolina,"Camp Davis, 30 mi NE Wilmington",23-Apr-44,34.5815,-77.6254,female,,Peromyscus,Rodentia,Cricetidae
http://mvz.berkeley.edu/mvzdata_terms; https://creativecommons.org/licenses/by/3.0,United States,North Carolina,"Camp Davis, 30 mi NE Wilmington",23-Apr-44,34.5815,-77.6254,male,,Peromyscus,Rodentia,Cricetidae
http://mvz.berkeley.edu/mvzdata_terms; https://creativecommons.org/licenses/by/3.0,United States,North Carolina,"Camp Davis, 30 mi NE Wilmington",23-Apr-44,34.5815,-77.6254,male,,Peromyscus,Rodentia,Cricetidae
http://arctosdb.org/home/data/; https://creativecommons.org/licenses/by-nc/3.0,United States,North Carolina,Ballards Crossroad,DY 19 | MO JUN | YR 1952,35.5488,-77.5039,male,,Ochrotomys,Rodentia,Cricetidae
http://mvz.berkeley.edu/mvzdata_terms; https://creativecommons.org/licenses/by/3.0,United States,North Carolina,Rich Square,26-Nov-61,36.2739,-77.2847,male,,Mus,Rodentia,Muridae
http://mvz.berkeley.edu/mvzdata_terms; https://creativecommons.org/licenses/by/3.0,United States,North Carolina,New Bern,12-Dec-34,35.1116,-77.0705,unknown,,Blarina,Soricomorpha,Soricidae
http://mvz.berkeley.edu/mvzdata_terms; https://creativecommons.org/licenses/by/3.0,United States,North Carolina,New Bern,14-Dec-34,35.1116,-77.0705,unknown,,Blarina,Soricomorpha,Soricidae
http://arctosdb.org/home/data/; https://creativecommons.org/licenses/by-nc/3.0,United States,North Carolina,15 mi. S NEW BERN,1-Dec-85,34.60029,-77.0366,female,,Microtus,Rodentia,Cricetidae
http://arctosdb.org/home/data/; https://creativecommons.org/licenses/by-nc/3.0,United States,North Carolina,Mackay Island National Wildlife Refuge,11-Oct-18,36.531,-76.952,female,adult,Blarina,Soricomorpha,Soricidae
http://arctosdb.org/home/data/; https://creativecommons.org/licenses/by-nc-sa/3.0,United States,North Carolina,Mackay Island National Wildlife Refuge,11-Oct-18,36.531,-76.952,female,adult,Blarina,Soricomorpha,Soricidae
http://mvz.berkeley.edu/mvzdata_terms; https://creativecommons.org/licenses/by/3.0,United States,North Carolina,No specific locality recorded.,7 Mar 1893,36.1097,-76.9403,female,,Nycticeius,Chiroptera,Vespertilionidae
http://arctosdb.org/home/data/; https://creativecommons.org/licenses/by-nc-sa/3.0,United States,North Carolina,"Aurora, Texas Gulf",9-Dec-88,35.3,-76.78,male,,Cryptotis,Soricomorpha,Soricidae
http://arctosdb.org/home/data/; https://creativecommons.org/licenses/by-nc/3.0,United States,North Carolina,5 mi NW HOBUCKEN,3-Dec-85,35.2976,-76.635,male,,Peromyscus,Rodentia,Cricetidae
http://arctosdb.org/home/data/; https://creativecommons.org/licenses/by-nc/3.0,United States,North Carolina,Edenton,14-Jul-50,36.057938,-76.607721,,,Nycticeius,Chiroptera,Vespertilionidae
http://mvz.berkeley.edu/mvzdata_terms; https://creativecommons.org/licenses/by/3.0,United States,North Carolina,Hertford,20-Mar-35,36.19,-76.4664,female,,Blarina,Soricomorpha,Soricidae
http://mvz.berkeley.edu/mvzdata_terms; https://creativecommons.org/licenses/by/3.0,United States,North Carolina,Chapanoke,12-Nov-25,36.2539,-76.3778,unknown,,Reithrodontomys,Rodentia,Cricetidae
http://mvz.berkeley.edu/mvzdata_terms; https://creativecommons.org/licenses/by/3.0,United States,North Carolina,Chapanoke,12-Nov-25,36.2539,-76.3778,male,,Reithrodontomys,Rodentia,Cricetidae
http://mvz.berkeley.edu/mvzdata_terms; https://creativecommons.org/licenses/by/3.0,United States,North Carolina,Chapanoke,15-Nov-25,36.2539,-76.3778,female,,Reithrodontomys,Rodentia,Cricetidae
http://mvz.berkeley.edu/mvzdata_terms; https://creativecommons.org/licenses/by/3.0,United States,North Carolina,Chapanoke,12-Nov-25,36.2539,-76.3778,female,,Ochrotomys,Rodentia,Cricetidae
http://mvz.berkeley.edu/mvzdata_terms; https://creativecommons.org/licenses/by/3.0,United States,North Carolina,Chapanoke,12-Nov-25,36.2539,-76.3778,female,,Ochrotomys,Rodentia,Cricetidae
http://mvz.berkeley.edu/mvzdata_terms; https://creativecommons.org/licenses/by/3.0,United States,North Carolina,Chapanoke,15-Nov-25,36.2539,-76.3778,male,,Ochrotomys,Rodentia,Cricetidae
http://mvz.berkeley.edu/mvzdata_terms; https://creativecommons.org/licenses/by/3.0,United States,North Carolina,Chapanoke,11-Nov-25,36.2539,-76.3778,female,,Oryzomys,Rodentia,Cricetidae
http://mvz.berkeley.edu/mvzdata_terms; https://creativecommons.org/licenses/by/3.0,United States,North Carolina,Chapanoke,15-Nov-25,36.2539,-76.3778,male,,Microtus,Rodentia,Cricetidae
http://mvz.berkeley.edu/mvzdata_terms; https://creativecommons.org/licenses/by/3.0,United States,North Carolina,Chapanoke,11-Nov-25,36.2539,-76.3778,female,,Peromyscus,Rodentia,Cricetidae
http://mvz.berkeley.edu/mvzdata_terms; https://creativecommons.org/licenses/by/3.0,United States,North Carolina,Chapanoke,11-Nov-25,36.2539,-76.3778,male,,Peromyscus,Rodentia,Cricetidae
http://mvz.berkeley.edu/mvzdata_terms; https://creativecommons.org/licenses/by/3.0,United States,North Carolina,Chapanoke,11-Nov-25,36.2539,-76.3778,female,,Peromyscus,Rodentia,Cricetidae
http://mvz.berkeley.edu/mvzdata_terms; https://creativecommons.org/licenses/by/3.0,United States,North Carolina,Elizabeth City,11-Nov-25,36.2944,-76.2514,female,,Oryzomys,Rodentia,Cricetidae
http://mvz.berkeley.edu/mvzdata_terms; https://creativecommons.org/licenses/by/3.0,United States,North Carolina,Elizabeth City,12-Nov-25,36.2944,-76.2514,male,,Oryzomys,Rodentia,Cricetidae
http://mvz.berkeley.edu/mvzdata_terms; https://creativecommons.org/licenses/by/3.0,United States,North Carolina,Elizabeth City,14-Nov-25,36.2944,-76.2514,female,,Cryptotis,Soricomorpha,Soricidae
http://mvz.berkeley.edu/mvzdata_terms; https://creativecommons.org/licenses/by/3.0,United States,North Carolina,Elizabeth City,11-Nov-25,36.2944,-76.2514,male,,Microtus,Rodentia,Cricetidae
http://mvz.berkeley.edu/mvzdata_terms; https://creativecommons.org/licenses/by/3.0,United States,North Carolina,Elizabeth City,13-Nov-25,36.2944,-76.2514,male,,Microtus,Rodentia,Cricetidae
http://arctosdb.org/home/data/; https://creativecommons.org/licenses/by-nc/3.0,United States,North Carolina,7 mi E COLUMBIA,3-Apr-72,35.9197,-76.1235,male,,Blarina,Soricomorpha,Soricidae
http://mvz.berkeley.edu/mvzdata_terms; https://creativecommons.org/licenses/by/3.0,United States,North Carolina,3.5 mi S Sligo,19-Apr-52,36.3997,-76.0766,male,,Reithrodontomys,Rodentia,Cricetidae
http://mvz.berkeley.edu/mvzdata_terms; https://creativecommons.org/licenses/by/3.0,United States,North Carolina,0.75 mi S Currituck,19-Apr-52,36.4437,-76.0158,male,,Reithrodontomys,Rodentia,Cricetidae
http://arctosdb.org/home/data/; https://creativecommons.org/licenses/by-nc/3.0,United States,North Carolina,Mackay Island National Wildlife Refuge,Oct-18,36.531,-75.952,unknown,,Blarina,Soricomorpha,Soricidae
http://arctosdb.org/home/data/; https://creativecommons.org/licenses/by-nc/3.0,United States,North Carolina,Mackay Island National Wildlife Refuge,Oct '18,36.531,-75.952,male,,Blarina,Soricomorpha,Soricidae
http://arctosdb.org/home/data/; https://creativecommons.org/licenses/by-nc/3.0,United States,North Carolina,Mackay Island National Wildlife Refuge,Oct-18,36.531,-75.952,female,adult,Blarina,Soricomorpha,Soricidae
http://arctosdb.org/home/data/; https://creativecommons.org/licenses/by-nc/3.0,United States,North Carolina,Mackay Island National Wildlife Refuge,11-Oct-18,36.531,-75.952,female,adult,Blarina,Soricomorpha,Soricidae
http://arctosdb.org/home/data/; https://creativecommons.org/licenses/by-nc/3.0,United States,North Carolina,Mackay Island National Wildlife Refuge,11-Oct-18,36.531,-75.952,female,adult,Blarina,Soricomorpha,Soricidae
http://arctosdb.org/home/data/; https://creativecommons.org/licenses/by-nc/3.0,United States,North Carolina,Mackay Island National Wildlife Refuge,11-Oct-18,36.531,-75.952,male,adult,Blarina,Soricomorpha,Soricidae
http://arctosdb.org/home/data/; https://creativecommons.org/licenses/by-nc/3.0,United States,North Carolina,Mackay Island National Wildlife Refuge,11-Oct-18,36.531,-75.952,unknown,adult,Blarina,Soricomorpha,Soricidae
http://arctosdb.org/home/data/; https://creativecommons.org/licenses/by-nc/3.0,United States,North Carolina,Mackay Island National Wildlife Refuge,Oct-18,36.531,-75.952,female,adult,Blarina,Soricomorpha,Soricidae
http://arctosdb.org/home/data/; https://creativecommons.org/licenses/by-nc/3.0,United States,North Carolina,Mackay Island National Wildlife Refuge,Oct-18,36.531,-75.952,male,adult,Blarina,Soricomorpha,Soricidae
http://arctosdb.org/home/data/; https://creativecommons.org/licenses/by-nc/3.0,United States,North Carolina,Mackay Island National Wildlife Refuge,Oct-18,36.531,-75.952,female ?,,Blarina,Soricomorpha,Soricidae
http://arctosdb.org/home/data/; https://creativecommons.org/licenses/by-nc/3.0,United States,North Carolina,Mackay Island National Wildlife Refuge,Oct-18,36.531,-75.952,female ?,,Blarina,Soricomorpha,Soricidae
http://arctosdb.org/home/data/; https://creativecommons.org/licenses/by-nc/3.0,United States,North Carolina,Mackay Island National Wildlife Refuge,Oct-18,36.531,-75.952,male,,Blarina,Soricomorpha,Soricidae
http://arctosdb.org/home/data/; https://creativecommons.org/licenses/by-nc/3.0,United States,North Carolina,Mackay Island National Wildlife Refuge,Oct-18,36.531,-75.952,female ?,,Blarina,Soricomorpha,Soricidae
http://arctosdb.org/home/data/; https://creativecommons.org/licenses/by-nc/3.0,United States,North Carolina,Mackay Island National Wildlife Refuge,Oct-18,36.531,-75.952,male,,Blarina,Soricomorpha,Soricidae
http://arctosdb.org/home/data/; https://creativecommons.org/licenses/by-nc/3.0,United States,North Carolina,Mackay Island National Wildlife Refuge,Oct-18,36.531,-75.952,unknown,,Blarina,Soricomorpha,Soricidae
http://arctosdb.org/home/data/; https://creativecommons.org/licenses/by-nc/3.0,United States,North Carolina,Mackay Island National Wildlife Refuge,Oct-18,36.531,-75.952,unknown,,Blarina,Soricomorpha,Soricidae
http://arctosdb.org/home/data/; https://creativecommons.org/licenses/by-nc/3.0,United States,North Carolina,Mackay Island National Wildlife Refuge,Oct-18,36.531,-75.952,male ?,,Blarina,Soricomorpha,Soricidae
http://arctosdb.org/home/data/; https://creativecommons.org/licenses/by-nc/3.0,United States,North Carolina,Mackay Island National Wildlife Refuge,Oct-18,36.531,-75.952,female ?,,Blarina,Soricomorpha,Soricidae
http://arctosdb.org/home/data/; https://creativecommons.org/licenses/by-nc/3.0,United States,North Carolina,Mackay Island National Wildlife Refuge,Oct-19,36.531,-75.952,unknown,,Blarina,Soricomorpha,Soricidae
http://arctosdb.org/home/data/; https://creativecommons.org/licenses/by-nc/3.0,United States,North Carolina,Mackay Island National Wildlife Refuge,Oct-18,36.531,-75.952,female ?,,Blarina,Soricomorpha,Soricidae
http://arctosdb.org/home/data/; https://creativecommons.org/licenses/by-nc/3.0,United States,North Carolina,Mackay Island National Wildlife Refuge,Oct-19,36.531,-75.952,female,adult,Blarina,Soricomorpha,Soricidae
http://arctosdb.org/home/data/; https://creativecommons.org/licenses/by-nc/3.0,United States,North Carolina,Mackay Island National Wildlife Refuge,Oct-19,36.531,-75.952,female,adult,Blarina,Soricomorpha,Soricidae
http://arctosdb.org/home/data/; https://creativecommons.org/licenses/by-nc/3.0,United States,North Carolina,Mackay Island National Wildlife Refuge,Oct-19,36.531,-75.952,unknown,adult,Blarina,Soricomorpha,Soricidae
http://arctosdb.org/home/data/; https://creativecommons.org/licenses/by-nc/3.0,United States,North Carolina,Mackay Island National Wildlife Refuge,Oct-19,36.531,-75.952,unknown,,Blarina,Soricomorpha,Soricidae
http://arctosdb.org/home/data/; https://creativecommons.org/licenses/by-nc/3.0,United States,North Carolina,Mackay Island National Wildlife Refuge,Oct-19,36.531,-75.952,unknown,adult,Blarina,Soricomorpha,Soricidae
http://arctosdb.org/home/data/; https://creativecommons.org/licenses/by-nc/3.0,United States,North Carolina,Mackay Island National Wildlife Refuge,Oct-19,36.531,-75.952,unknown,adult,Blarina,Soricomorpha,Soricidae
http://arctosdb.org/home/data/; https://creativecommons.org/licenses/by-nc/3.0,United States,North Carolina,Mackay Island National Wildlife Refuge,Oct-19,36.531,-75.952,unknown,adult,Blarina,Soricomorpha,Soricidae
http://arctosdb.org/home/data/; https://creativecommons.org/licenses/by-nc/3.0,United States,North Carolina,Mackay Island National Wildlife Refuge,Oct-19,36.531,-75.952,unknown,adult,Blarina,Soricomorpha,Soricidae
http://arctosdb.org/home/data/; https://creativecommons.org/licenses/by-nc/3.0,United States,North Carolina,Mackay Island National Wildlife Refuge,Oct-19,36.531,-75.952,unknown,adult,Blarina,Soricomorpha,Soricidae
http://arctosdb.org/home/data/; https://creativecommons.org/licenses/by-nc/3.0,United States,North Carolina,Mackay Island National Wildlife Refuge,Oct-19,36.531,-75.952,unknown,adult,Blarina,Soricomorpha,Soricidae
http://arctosdb.org/home/data/; https://creativecommons.org/licenses/by-nc/3.0,United States,North Carolina,Mackay Island National Wildlife Refuge,Oct-19,36.531,-75.952,unknown,adult,Blarina,Soricomorpha,Soricidae
http://arctosdb.org/home/data/; https://creativecommons.org/licenses/by-nc/3.0,United States,North Carolina,Mackay Island National Wildlife Refuge,Oct-19,36.531,-75.952,unknown,adult,Blarina,Soricomorpha,Soricidae
http://arctosdb.org/home/data/; https://creativecommons.org/licenses/by-nc/3.0,United States,North Carolina,Mackay Island National Wildlife Refuge,Oct-19,36.531,-75.952,unknown,adult,Blarina,Soricomorpha,Soricidae
http://arctosdb.org/home/data/; https://creativecommons.org/licenses/by-nc/3.0,United States,North Carolina,Mackay Island National Wildlife Refuge,Oct-19,36.531,-75.952,unknown,adult,Blarina,Soricomorpha,Soricidae
http://arctosdb.org/home/data/; https://creativecommons.org/licenses/by-nc/3.0,United States,North Carolina,Mackay Island National Wildlife Refuge,Oct-19,36.531,-75.952,unknown,adult,Blarina,Soricomorpha,Soricidae
http://arctosdb.org/home/data/; https://creativecommons.org/licenses/by-nc/3.0,United States,North Carolina,Mackay Island National Wildlife Refuge,Oct-19,36.531,-75.952,unknown,adult,Blarina,Soricomorpha,Soricidae
http://arctosdb.org/home/data/; https://creativecommons.org/licenses/by-nc/3.0,United States,North Carolina,Mackay Island National Wildlife Refuge,Oct-19,36.531,-75.952,unknown,adult,Blarina,Soricomorpha,Soricidae
http://arctosdb.org/home/data/; https://creativecommons.org/licenses/by-nc/3.0,United States,North Carolina,Mackay Island National Wildlife Refuge,Oct-19,36.531,-75.952,unknown,adult,Blarina,Soricomorpha,Soricidae
http://arctosdb.org/home/data/; https://creativecommons.org/licenses/by-nc-sa/3.0,United States,North Carolina,Mackay Island National Wildlife Refuge,11-Oct-18,36.531,-75.952,unknown,adult,Blarina,Soricomorpha,Soricidae
http://arctosdb.org/home/data/; https://creativecommons.org/licenses/by-nc-sa/3.0,United States,North Carolina,Mackay Island National Wildlife Refuge,Oct-18,36.531,-75.952,unknown,,Blarina,Soricomorpha,Soricidae
http://arctosdb.org/home/data/; https://creativecommons.org/licenses/by-nc-sa/3.0,United States,North Carolina,Mackay Island National Wildlife Refuge,Oct-19,36.531,-75.952,unknown,adult,Blarina,Soricomorpha,Soricidae
http://arctosdb.org/home/data/; https://creativecommons.org/licenses/by-nc-sa/3.0,United States,North Carolina,Mackay Island National Wildlife Refuge,Oct-19,36.531,-75.952,unknown,adult,Blarina,Soricomorpha,Soricidae
http://arctosdb.org/home/data/; https://creativecommons.org/licenses/by-nc-sa/3.0,United States,North Carolina,Mackay Island National Wildlife Refuge,Oct-18,36.531,-75.952,unknown,,Blarina,Soricomorpha,Soricidae
http://arctosdb.org/home/data/; https://creativecommons.org/licenses/by-nc-sa/3.0,United States,North Carolina,Mackay Island National Wildlife Refuge,Oct '18,36.531,-75.952,male,,Blarina,Soricomorpha,Soricidae
http://arctosdb.org/home/data/; https://creativecommons.org/licenses/by-nc-sa/3.0,United States,North Carolina,Mackay Island National Wildlife Refuge,Oct-18,36.531,-75.952,female,adult,Blarina,Soricomorpha,Soricidae
http://arctosdb.org/home/data/; https://creativecommons.org/licenses/by-nc-sa/3.0,United States,North Carolina,Mackay Island National Wildlife Refuge,11-Oct-18,36.531,-75.952,female,adult,Blarina,Soricomorpha,Soricidae
http://arctosdb.org/home/data/; https://creativecommons.org/licenses/by-nc-sa/3.0,United States,North Carolina,Mackay Island National Wildlife Refuge,11-Oct-18,36.531,-75.952,female,adult,Blarina,Soricomorpha,Soricidae
http://arctosdb.org/home/data/; https://creativecommons.org/licenses/by-nc-sa/3.0,United States,North Carolina,Mackay Island National Wildlife Refuge,11-Oct-18,36.531,-75.952,male,adult,Blarina,Soricomorpha,Soricidae
http://arctosdb.org/home/data/; https://creativecommons.org/licenses/by-nc-sa/3.0,United States,North Carolina,Mackay Island National Wildlife Refuge,Oct-18,36.531,-75.952,female,adult,Blarina,Soricomorpha,Soricidae
http://arctosdb.org/home/data/; https://creativecommons.org/licenses/by-nc-sa/3.0,United States,North Carolina,Mackay Island National Wildlife Refuge,Oct-18,36.531,-75.952,male,adult,Blarina,Soricomorpha,Soricidae
http://arctosdb.org/home/data/; https://creativecommons.org/licenses/by-nc-sa/3.0,United States,North Carolina,Mackay Island National Wildlife Refuge,Oct-18,36.531,-75.952,female ?,,Blarina,Soricomorpha,Soricidae
http://arctosdb.org/home/data/; https://creativecommons.org/licenses/by-nc-sa/3.0,United States,North Carolina,Mackay Island National Wildlife Refuge,Oct-18,36.531,-75.952,female ?,,Blarina,Soricomorpha,Soricidae
http://arctosdb.org/home/data/; https://creativecommons.org/licenses/by-nc-sa/3.0,United States,North Carolina,Mackay Island National Wildlife Refuge,Oct-18,36.531,-75.952,male,,Blarina,Soricomorpha,Soricidae
http://arctosdb.org/home/data/; https://creativecommons.org/licenses/by-nc-sa/3.0,United States,North Carolina,Mackay Island National Wildlife Refuge,Oct-18,36.531,-75.952,female ?,,Blarina,Soricomorpha,Soricidae
http://arctosdb.org/home/data/; https://creativecommons.org/licenses/by-nc-sa/3.0,United States,North Carolina,Mackay Island National Wildlife Refuge,Oct-18,36.531,-75.952,male,,Blarina,Soricomorpha,Soricidae
http://arctosdb.org/home/data/; https://creativecommons.org/licenses/by-nc-sa/3.0,United States,North Carolina,Mackay Island National Wildlife Refuge,Oct-18,36.531,-75.952,unknown,,Blarina,Soricomorpha,Soricidae
http://arctosdb.org/home/data/; https://creativecommons.org/licenses/by-nc-sa/3.0,United States,North Carolina,Mackay Island National Wildlife Refuge,Oct-18,36.531,-75.952,male ?,,Blarina,Soricomorpha,Soricidae
http://arctosdb.org/home/data/; https://creativecommons.org/licenses/by-nc-sa/3.0,United States,North Carolina,Mackay Island National Wildlife Refuge,Oct-18,36.531,-75.952,female ?,,Blarina,Soricomorpha,Soricidae
http://arctosdb.org/home/data/; https://creativecommons.org/licenses/by-nc-sa/3.0,United States,North Carolina,Mackay Island National Wildlife Refuge,Oct-19,36.531,-75.952,unknown,,Blarina,Soricomorpha,Soricidae
http://arctosdb.org/home/data/; https://creativecommons.org/licenses/by-nc-sa/3.0,United States,North Carolina,Mackay Island National Wildlife Refuge,Oct-18,36.531,-75.952,female ?,,Blarina,Soricomorpha,Soricidae
http://arctosdb.org/home/data/; https://creativecommons.org/licenses/by-nc-sa/3.0,United States,North Carolina,Mackay Island National Wildlife Refuge,Oct-19,36.531,-75.952,unknown,adult,Blarina,Soricomorpha,Soricidae
http://arctosdb.org/home/data/; https://creativecommons.org/licenses/by-nc-sa/3.0,United States,North Carolina,Mackay Island National Wildlife Refuge,Oct-19,36.531,-75.952,unknown,adult,Blarina,Soricomorpha,Soricidae
http://arctosdb.org/home/data/; https://creativecommons.org/licenses/by-nc-sa/3.0,United States,North Carolina,Mackay Island National Wildlife Refuge,Oct-19,36.531,-75.952,female,adult,Blarina,Soricomorpha,Soricidae
http://arctosdb.org/home/data/; https://creativecommons.org/licenses/by-nc-sa/3.0,United States,North Carolina,Mackay Island National Wildlife Refuge,Oct-19,36.531,-75.952,female,adult,Blarina,Soricomorpha,Soricidae
http://arctosdb.org/home/data/; https://creativecommons.org/licenses/by-nc-sa/3.0,United States,North Carolina,Mackay Island National Wildlife Refuge,Oct-19,36.531,-75.952,unknown,adult,Blarina,Soricomorpha,Soricidae
http://arctosdb.org/home/data/; https://creativecommons.org/licenses/by-nc-sa/3.0,United States,North Carolina,Mackay Island National Wildlife Refuge,Oct-19,36.531,-75.952,unknown,,Blarina,Soricomorpha,Soricidae
http://arctosdb.org/home/data/; https://creativecommons.org/licenses/by-nc-sa/3.0,United States,North Carolina,Mackay Island National Wildlife Refuge,Oct-19,36.531,-75.952,unknown,adult,Blarina,Soricomorpha,Soricidae
http://arctosdb.org/home/data/; https://creativecommons.org/licenses/by-nc-sa/3.0,United States,North Carolina,Mackay Island National Wildlife Refuge,Oct-19,36.531,-75.952,unknown,adult,Blarina,Soricomorpha,Soricidae
http://arctosdb.org/home/data/; https://creativecommons.org/licenses/by-nc-sa/3.0,United States,North Carolina,Mackay Island National Wildlife Refuge,Oct-19,36.531,-75.952,unknown,adult,Blarina,Soricomorpha,Soricidae
http://arctosdb.org/home/data/; https://creativecommons.org/licenses/by-nc-sa/3.0,United States,North Carolina,Mackay Island National Wildlife Refuge,Oct-19,36.531,-75.952,unknown,adult,Blarina,Soricomorpha,Soricidae
http://arctosdb.org/home/data/; https://creativecommons.org/licenses/by-nc-sa/3.0,United States,North Carolina,Mackay Island National Wildlife Refuge,Oct-19,36.531,-75.952,unknown,adult,Blarina,Soricomorpha,Soricidae
http://arctosdb.org/home/data/; https://creativecommons.org/licenses/by-nc-sa/3.0,United States,North Carolina,Mackay Island National Wildlife Refuge,Oct-19,36.531,-75.952,unknown,adult,Blarina,Soricomorpha,Soricidae
http://arctosdb.org/home/data/; https://creativecommons.org/licenses/by-nc-sa/3.0,United States,North Carolina,Mackay Island National Wildlife Refuge,Oct-19,36.531,-75.952,unknown,adult,Blarina,Soricomorpha,Soricidae
http://arctosdb.org/home/data/; https://creativecommons.org/licenses/by-nc-sa/3.0,United States,North Carolina,Mackay Island National Wildlife Refuge,Oct-19,36.531,-75.952,unknown,adult,Blarina,Soricomorpha,Soricidae
http://arctosdb.org/home/data/; https://creativecommons.org/licenses/by-nc-sa/3.0,United States,North Carolina,"Mackay Island National Wildlife Refuge, Knotts Island",23 Sept. 2019,36.51344,-75.929644,female,adult,Blarina,Soricomorpha,Soricidae
http://arctosdb.org/home/data/; https://creativecommons.org/licenses/by-nc-sa/3.0,United States,North Carolina,"Mackay Island National Wildlife Refuge, Knotts Island",21 Jan. 2020,36.51344,-75.929644,female,adult,Blarina,Soricomorpha,Soricidae
http://arctosdb.org/home/data/; https://creativecommons.org/licenses/by-nc-sa/3.0,United States,North Carolina,"Mackay Island National Wildlife Refuge, Knotts Island",17 Dec. 2019,36.51344,-75.929644,female,adult,Blarina,Soricomorpha,Soricidae
http://arctosdb.org/home/data/; https://creativecommons.org/licenses/by-nc-sa/3.0,United States,North Carolina,"Mackay Island National Wildlife Refuge, Knotts Island",21 Jan. 2020,36.51344,-75.929644,male,adult,Blarina,Soricomorpha,Soricidae
http://arctosdb.org/home/data/; https://creativecommons.org/licenses/by-nc-sa/3.0,United States,North Carolina,"Mackay Island National Wildlife Refuge, Knotts Island",21 Jan. 2020,36.51344,-75.929644,female,adult,Blarina,Soricomorpha,Soricidae
http://arctosdb.org/home/data/; https://creativecommons.org/licenses/by-nc-sa/3.0,United States,North Carolina,"Mackay Island National Wildlife Refuge, Knotts Island",22 Jan. 2020,36.51344,-75.929644,female,adult,Blarina,Soricomorpha,Soricidae
http://arctosdb.org/home/data/; https://creativecommons.org/licenses/by-nc-sa/3.0,United States,North Carolina,"Mackay Island National Wildlife Refuge, Knotts Island, near Refuge Manager Road and Mackay Island Road",14-Jun-19,36.51344,-75.929644,female,adult,Blarina,Soricomorpha,Soricidae
http://arctosdb.org/home/data/; https://creativecommons.org/licenses/by-nc-sa/3.0,United States,North Carolina,"Mackay Island National Wildlife Refuge, Knotts Island, near Refuge Manager Road and Mackay Island Road",27-Oct-19,36.51344,-75.929644,male,adult,Blarina,Soricomorpha,Soricidae
http://arctosdb.org/home/data/; https://creativecommons.org/licenses/by-nc-sa/3.0,United States,North Carolina,"Mackay Island National Wildlife Refuge, Knotts Island, near Refuge Manager Road and Mackay Island Road",26-Jun-19,36.51344,-75.929644,unknown,adult,Blarina,Soricomorpha,Soricidae
http://arctosdb.org/home/data/; https://creativecommons.org/licenses/by-nc-sa/3.0,United States,North Carolina,"Mackay Island National Wildlife Refuge, Knotts Island, near Refuge Manager Road and Mackay Island Road",17-Dec-19,36.51344,-75.929644,female,adult,Blarina,Soricomorpha,Soricidae
http://arctosdb.org/home/data/; https://creativecommons.org/licenses/by-nc-sa/3.0,United States,North Carolina,"Mackay Island National Wildlife Refuge, Knotts Island, near Refuge Manager Road and Mackay Island Road",17-Dec-19,36.51344,-75.929644,male,adult,Blarina,Soricomorpha,Soricidae
http://arctosdb.org/home/data/; https://creativecommons.org/licenses/by-nc-sa/3.0,United States,North Carolina,"Mackay Island National Wildlife Refuge, Knotts Island, near Refuge Manager Road and Mackay Island Road",22-Sep-19,36.51344,-75.929644,female,adult,Blarina,Soricomorpha,Soricidae
http://arctosdb.org/home/data/; https://creativecommons.org/licenses/by-nc-sa/3.0,United States,North Carolina,"Mackay Island National Wildlife Refuge, Knotts Island, near Refuge Manager Road and Mackay Island Road",22-Jan-20,36.51344,-75.929644,female,adult,Blarina,Soricomorpha,Soricidae
http://arctosdb.org/home/data/; https://creativecommons.org/licenses/by-nc-sa/3.0,United States,North Carolina,"Mackay Island National Wildlife Refuge, Knotts Island, near Refuge Manager Road and Mackay Island Road",21-Jan-20,36.51344,-75.929644,female,adult,Blarina,Soricomorpha,Soricidae
http://arctosdb.org/home/data/; https://creativecommons.org/licenses/by-nc-sa/3.0,United States,North Carolina,"Mackay Island National Wildlife Refuge, Knotts Island, near Refuge Manager Road and Mackay Island Road",14-Jun-19,36.51344,-75.929644,female,adult,Blarina,Soricomorpha,Soricidae
http://arctosdb.org/home/data/; https://creativecommons.org/licenses/by-nc-sa/3.0,United States,North Carolina,"Mackay Island National Wildlife Refuge, Knotts Island, near Refuge Manager Road and Mackay Island Road",21-Jan-20,36.51344,-75.929644,female,adult,Blarina,Soricomorpha,Soricidae
http://arctosdb.org/home/data/; https://creativecommons.org/licenses/by-nc-sa/3.0,United States,North Carolina,"Mackay Island National Wildlife Refuge, Knotts Island, near Refuge Manager Road and Mackay Island Road",21-Jan-20,36.51344,-75.929644,male,adult,Blarina,Soricomorpha,Soricidae
http://arctosdb.org/home/data/; https://creativecommons.org/licenses/by-nc-sa/3.0,United States,North Carolina,"Mackay Island National Wildlife Refuge, Knotts Island, near Refuge Manager Road and Mackay Island Road",25-Jul-19,36.51344,-75.929644,female,adult,Blarina,Soricomorpha,Soricidae
http://arctosdb.org/home/data/; https://creativecommons.org/licenses/by-nc-sa/3.0,United States,North Carolina,"Mackay Island National Wildlife Refuge, Knotts Island, near Refuge Manager Road and Mackay Island Road",17-Feb-20,36.51344,-75.929644,male,adult,Blarina,Soricomorpha,Soricidae
http://arctosdb.org/home/data/; https://creativecommons.org/licenses/by-nc-sa/3.0,United States,North Carolina,"Mackay Island National Wildlife Refuge, Knotts Island, near Refuge Manager Road and Mackay Island Road",22-Jan-20,36.51344,-75.929644,male,adult,Blarina,Soricomorpha,Soricidae
http://arctosdb.org/home/data/; https://creativecommons.org/licenses/by-nc-sa/3.0,United States,North Carolina,"Mackay Island National Wildlife Refuge, Knotts Island, near Refuge Manager Road and Mackay Island Road",17-Dec-19,36.51344,-75.929644,female,adult,Blarina,Soricomorpha,Soricidae
http://arctosdb.org/home/data/; https://creativecommons.org/licenses/by-nc-sa/3.0,United States,North Carolina,"Mackay Island National Wildlife Refuge, Knotts Island, near Refuge Manager Road and Mackay Island Road",10-Jul-19,36.51344,-75.929644,female,adult,Blarina,Soricomorpha,Soricidae
http://arctosdb.org/home/data/; https://creativecommons.org/licenses/by-nc/3.0,United States,North Carolina,2 mi E MANTEO,1-Dec-87,35.9088,-75.6398,unknown,,Sylvilagus,Lagomorpha,Leporidae
http://mvz.berkeley.edu/mvzdata_terms; https://creativecommons.org/licenses/by/3.0,United States,North Carolina,Cape Hatteras,1915,35.2252,-75.531,unknown,,Tursiops,Cetacea,Delphinidae
http://mvz.berkeley.edu/mvzdata_terms; https://creativecommons.org/licenses/by/3.0,United States,North Carolina,Cape Hatteras,1915,35.2252,-75.531,unknown,,Tursiops,Cetacea,Delphinidae
http://mvz.berkeley.edu/mvzdata_terms; https://creativecommons.org/licenses/by/3.0,United States,North Carolina,Cape Hatteras,1915,35.2252,-75.531,unknown,,Tursiops,Cetacea,Delphinidae
http://mvz.berkeley.edu/mvzdata_terms; https://creativecommons.org/licenses/by/3.0,United States,North Carolina,Cape Hatteras,1915,35.2252,-75.531,unknown,,Tursiops,Cetacea,Delphinidae
http://mvz.berkeley.edu/mvzdata_terms; https://creativecommons.org/licenses/by/3.0,United States,North Carolina,Cape Hatteras,1915,35.2252,-75.531,unknown,,Tursiops,Cetacea,Delphinidae
http://mvz.berkeley.edu/mvzdata_terms; https://creativecommons.org/licenses/by/3.0,United States,North Carolina,Cape Hatteras,1915,35.2252,-75.531,unknown,,Tursiops,Cetacea,Delphinidae
http://mvz.berkeley.edu/mvzdata_terms; https://creativecommons.org/licenses/by/3.0,United States,North Carolina,Cape Hatteras,1915,35.2252,-75.531,unknown,,Tursiops,Cetacea,Delphinidae
http://mvz.berkeley.edu/mvzdata_terms; https://creativecommons.org/licenses/by/3.0,United States,North Carolina,Cape Hatteras,1915,35.2252,-75.531,unknown,,Tursiops,Cetacea,Delphinidae
http://mvz.berkeley.edu/mvzdata_terms; https://creativecommons.org/licenses/by/3.0,United States,North Carolina,Cape Hatteras,1915,35.2252,-75.531,unknown,,Tursiops,Cetacea,Delphinidae
http://mvz.berkeley.edu/mvzdata_terms; https://creativecommons.org/licenses/by/3.0,United States,North Carolina,Cape Hatteras,1915,35.2252,-75.531,unknown,,Tursiops,Cetacea,Delphinidae
http://mvz.berkeley.edu/mvzdata_terms; https://creativecommons.org/licenses/by/3.0,United States,North Carolina,Cape Hatteras,1915,35.2252,-75.531,unknown,,Tursiops,Cetacea,Delphinidae
http://mvz.berkeley.edu/mvzdata_terms; https://creativecommons.org/licenses/by/3.0,United States,North Carolina,Cape Hatteras,1915,35.2252,-75.531,unknown,,Steno,Cetacea,Delphinidae
http://mvz.berkeley.edu/mvzdata_terms; https://creativecommons.org/licenses/by/3.0,United States,North Carolina,Cape Hatteras,1915,35.2252,-75.531,unknown,,Steno,Cetacea,Delphinidae
http://mvz.berkeley.edu/mvzdata_terms; https://creativecommons.org/licenses/by/3.0,United States,North Carolina,Cape Hatteras,1915,35.2252,-75.531,unknown,,Tursiops,Cetacea,Delphinidae
http://arctosdb.org/home/data/; https://creativecommons.org/licenses/by-nc/3.0,United States,North Carolina,AVON,1-Dec-87,35.3519,-75.5108,male,,Oryzomys,Rodentia,Cricetidae
http://arctosdb.org/home/data/; https://creativecommons.org/licenses/by-nc/3.0,United States,North Carolina,AVON,1-Jan-87,35.3519,-75.5108,female,,Mus,Rodentia,Muridae
http://arctosdb.org/home/data/; https://creativecommons.org/licenses/by-nc/3.0,United States,North Carolina,AVON,1-Dec-87,35.3519,-75.5108,male,,Oryzomys,Rodentia,Cricetidae
http://arctosdb.org/home/data/; https://creativecommons.org/licenses/by-nc/3.0,United States,North Carolina,2 mi S SALVO,2-Apr-72,35.5105,-75.4733,female,,Oryzomys,Rodentia,Cricetidae
http://arctosdb.org/home/data/; https://creativecommons.org/licenses/by-nc/3.0,United States,North Carolina,FORT BRAGG,18-May-98,,,male,,Peromyscus,Rodentia,Cricetidae
http://arctosdb.org/home/data/; https://creativecommons.org/licenses/by-nc/3.0,United States,North Carolina,FORT BRAGG,18-May-98,,,female,,Peromyscus,Rodentia,Cricetidae
http://arctosdb.org/home/data/; https://creativecommons.org/licenses/by-nc/3.0,United States,North Carolina,FORT BRAGG,18-May-98,,,male,,Peromyscus,Rodentia,Cricetidae
http://arctosdb.org/home/data/; https://creativecommons.org/licenses/by-nc/3.0,United States,North Carolina,FORT BRAGG,18-May-98,,,female,,Peromyscus,Rodentia,Cricetidae
http://arctosdb.org/home/data/; https://creativecommons.org/licenses/by-nc/3.0,United States,North Carolina,FORT BRAGG,18-May-98,,,male,,Peromyscus,Rodentia,Cricetidae
http://arctosdb.org/home/data/; https://creativecommons.org/licenses/by-nc/3.0,United States,North Carolina,FORT BRAGG,18-May-98,,,male,,Peromyscus,Rodentia,Cricetidae
http://arctosdb.org/home/data/; https://creativecommons.org/licenses/by-nc/3.0,United States,North Carolina,FORT BRAGG,18-May-98,,,male,,Peromyscus,Rodentia,Cricetidae
http://arctosdb.org/home/data/; https://creativecommons.org/licenses/by-nc/3.0,United States,North Carolina,FORT BRAGG,18-May-98,,,male,,Peromyscus,Rodentia,Cricetidae
http://arctosdb.org/home/data/; https://creativecommons.org/licenses/by-nc/3.0,United States,North Carolina,FORT BRAGG,18-May-98,,,male,,Peromyscus,Rodentia,Cricetidae
http://arctosdb.org/home/data/; https://creativecommons.org/licenses/by-nc/3.0,United States,North Carolina,FORT BRAGG,18-May-98,,,female,,Peromyscus,Rodentia,Cricetidae
http://arctosdb.org/home/data/; https://creativecommons.org/licenses/by-nc/3.0,United States,North Carolina,FORT BRAGG,30-Apr-97,,,male,,Peromyscus,Rodentia,Cricetidae
http://arctosdb.org/home/data/; https://creativecommons.org/licenses/by-nc/3.0,United States,North Carolina,FORT BRAGG,30-Apr-97,,,male,,Peromyscus,Rodentia,Cricetidae
http://arctosdb.org/home/data/; https://creativecommons.org/licenses/by-nc/3.0,United States,North Carolina,FORT BRAGG,30-Apr-97,,,female,,Peromyscus,Rodentia,Cricetidae
http://arctosdb.org/home/data/; https://creativecommons.org/licenses/by-nc/3.0,United States,North Carolina,FORT BRAGG,30-Apr-97,,,female,,Peromyscus,Rodentia,Cricetidae
http://arctosdb.org/home/data/; https://creativecommons.org/licenses/by-nc/3.0,United States,North Carolina,FORT BRAGG,30-Apr-97,,,male,,Peromyscus,Rodentia,Cricetidae
http://arctosdb.org/home/data/; https://creativecommons.org/licenses/by-nc/3.0,United States,North Carolina,FORT BRAGG,30-Apr-97,,,female,,Peromyscus,Rodentia,Cricetidae
http://arctosdb.org/home/data/; https://creativecommons.org/licenses/by-nc/3.0,United States,North Carolina,FORT BRAGG,30-Apr-97,,,female,,Peromyscus,Rodentia,Cricetidae
http://arctosdb.org/home/data/; https://creativecommons.org/licenses/by-nc/3.0,United States,North Carolina,Fort Bragg,8-May-96,,,female,,Peromyscus,Rodentia,Cricetidae
http://arctosdb.org/home/data/; https://creativecommons.org/licenses/by-nc/3.0,United States,North Carolina,Fort Bragg,8-May-96,,,female,,Peromyscus,Rodentia,Cricetidae
http://arctosdb.org/home/data/; https://creativecommons.org/licenses/by-nc/3.0,United States,North Carolina,Fort Bragg,8-May-96,,,male,,Mus,Rodentia,Muridae
http://arctosdb.org/home/data/; https://creativecommons.org/licenses/by-nc/3.0,United States,North Carolina,Fort Bragg,8-May-96,,,female,,Peromyscus,Rodentia,Cricetidae
http://arctosdb.org/home/data/; https://creativecommons.org/licenses/by-nc/3.0,United States,North Carolina,Fort Bragg,8-May-96,,,male,,Peromyscus,Rodentia,Cricetidae
http://arctosdb.org/home/data/; https://creativecommons.org/licenses/by-nc/3.0,United States,North Carolina,Fort Bragg,8-May-96,,,male,,Peromyscus,Rodentia,Cricetidae
http://arctosdb.org/home/data/; https://creativecommons.org/licenses/by-nc/3.0,United States,North Carolina,Fort Bragg,8-May-96,,,male,,Peromyscus,Rodentia,Cricetidae
http://arctosdb.org/home/data/; https://creativecommons.org/licenses/by-nc/3.0,United States,North Carolina,Fort Bragg,9-May-96,,,female,,Peromyscus,Rodentia,Cricetidae
http://arctosdb.org/home/data/; https://creativecommons.org/licenses/by-nc/3.0,United States,North Carolina,Fort Bragg,9-May-96,,,female,,Mus,Rodentia,Muridae
http://arctosdb.org/home/data/; https://creativecommons.org/licenses/by-nc/3.0,United States,North Carolina,Fort Bragg,9-May-96,,,male,,Peromyscus,Rodentia,Cricetidae
http://arctosdb.org/home/data/; https://creativecommons.org/licenses/by-nc/3.0,United States,North Carolina,Fort Bragg,9-May-96,,,male,,Peromyscus,Rodentia,Cricetidae
http://arctosdb.org/home/data/; https://creativecommons.org/licenses/by-nc/3.0,United States,North Carolina,Fort Bragg,9-May-96,,,female,,Peromyscus,Rodentia,Cricetidae
http://arctosdb.org/home/data/; https://creativecommons.org/licenses/by-nc/3.0,United States,North Carolina,Fort Bragg,9-May-96,,,female,,Sigmodon,Rodentia,Cricetidae
http://arctosdb.org/home/data/; https://creativecommons.org/licenses/by-nc/3.0,United States,North Carolina,Fort Bragg,9-May-96,,,female,,Sigmodon,Rodentia,Cricetidae
http://mvz.berkeley.edu/mvzdata_terms; https://creativecommons.org/licenses/by/3.0,United States,North Carolina,"Alligator Lake, [New Lake]",19-Jun-41,,,female,,Peromyscus,Rodentia,Cricetidae
http://arctosdb.org/home/data/; https://creativecommons.org/licenses/by-nc-sa/3.0,United States,North Carolina,"LE 118mm WT 10.0gr TA 52mm HF 19mm ""wood mouse"" Found in woods RPS306 ""N.C. State Museum""",24-Dec-88,,,male,,Peromyscus,Rodentia,Cricetidae
http://arctosdb.org/home/data/; https://creativecommons.org/licenses/by-nc-sa/3.0,United States,North Carolina,"LE 161mm WT 24.5gr TA 74mm HF 21mm ""wood mouse"" Found in woods RPS319 ""N.C. State Museum""",1-Jan-89,,,male,,Peromyscus,Rodentia,Cricetidae
http://arctosdb.org/home/data/; https://creativecommons.org/licenses/by-nc-sa/3.0,United States,North Carolina,"LE 117mm WT 12.3g TA 52mm HF 19mm ""wood mouse""? Found in woods RPS307 ""NC State Museum""",26-Dec-88,,,male,,Peromyscus,Rodentia,Cricetidae
http://arctosdb.org/home/data/; https://creativecommons.org/licenses/by-nc-sa/3.0,United States,North Carolina,not recorded,8-Jul-83,,,,,Blarina,Soricomorpha,Soricidae
http://arctosdb.org/home/data/; https://creativecommons.org/licenses/by-nc-sa/3.0,United States,North Carolina,"LE 130mm WT 15.3gr TA 61mm HF 19mm ""wood mouse""? Found in woods RPS318 ""N.C. State Museum""",1-Jan-89,,,male,,Peromyscus,Rodentia,Cricetidae
http://arctosdb.org/home/data/; https://creativecommons.org/licenses/by-nc-sa/3.0,United States,North Carolina,not recorded,16-Nov-87,,,,,Blarina,Soricomorpha,Soricidae
http://arctosdb.org/home/data/; https://creativecommons.org/licenses/by-nc/3.0,United States,North Carolina,Falling Creek,10 January 1894,,,female,,Sylvilagus,Lagomorpha,Leporidae
http://arctosdb.org/home/data/; https://creativecommons.org/licenses/by-nc/3.0,United States,North Carolina,Falling Creek,10 January 1894,,,male,,Sylvilagus,Lagomorpha,Leporidae
http://arctosdb.org/home/data/; https://creativecommons.org/licenses/by-nc/3.0,United States,North Carolina,No specific locality recorded.,no date recorded - before 12/12/2013,,,,,Scalopus,Soricomorpha,Talpidae
http://arctosdb.org/home/data/; https://creativecommons.org/licenses/by-nc/3.0,United States,North Carolina,Raleigh,1 February 1897,,,female,,Cryptotis,Soricomorpha,Soricidae
http://arctosdb.org/home/data/; https://creativecommons.org/licenses/by-nc/3.0,United States,North Carolina,Raleigh,13 July 1891,,,female,,Perimyotis,Chiroptera,Vespertilionidae
http://arctosdb.org/home/data/; https://creativecommons.org/licenses/by-nc/3.0,United States,North Carolina,Raleigh,19 July 1892,,,male,,Perimyotis,Chiroptera,Vespertilionidae
http://arctosdb.org/home/data/; https://creativecommons.org/licenses/by-nc/3.0,United States,North Carolina,Raleigh,31 December 1892,,,male,,Sylvilagus,Lagomorpha,Leporidae
http://arctosdb.org/home/data/; https://creativecommons.org/licenses/by-nc/3.0,United States,North Carolina,Raleigh,23 November 1891,,,female,,Reithrodontomys,Rodentia,Cricetidae
http://arctosdb.org/home/data/; https://creativecommons.org/licenses/by-nc/3.0,United States,North Carolina,Raleigh,9-Apr-00,,,female,,Oryzomys,Rodentia,Cricetidae
http://arctosdb.org/home/data/; https://creativecommons.org/licenses/by-nc/3.0,United States,North Carolina,Penderlea,11-Jul-43,,,male,,Mus,Rodentia,Muridae
http://arctosdb.org/home/data/; https://creativecommons.org/licenses/by-nc/3.0,United States,North Carolina,Penderlea,7-Mar-43,,,male,,Sigmodon,Rodentia,Cricetidae
http://arctosdb.org/home/data/; https://creativecommons.org/licenses/by-nc/3.0,United States,North Carolina,Penderlea,7-Mar-43,,,male,,Sigmodon,Rodentia,Cricetidae
http://arctosdb.org/home/data/; https://creativecommons.org/licenses/by-nc/3.0,United States,North Carolina,Penderlea,25-Dec-42,,,male,,Sylvilagus,Lagomorpha,Leporidae
http://arctosdb.org/home/data/; https://creativecommons.org/licenses/by-nc/3.0,United States,North Carolina,Penderlea,6-May-43,,,male,,Nycticeius,Chiroptera,Vespertilionidae
http://arctosdb.org/home/data/; https://creativecommons.org/licenses/by-nc/3.0,United States,North Carolina,Penderlea,6-May-43,,,male,,Nycticeius,Chiroptera,Vespertilionidae
http://arctosdb.org/home/data/; https://creativecommons.org/licenses/by-nc/3.0,United States,North Carolina,Weaverville,22 January 1894,,,female,,Microtus,Rodentia,Cricetidae
http://arctosdb.org/home/data/; https://creativecommons.org/licenses/by-nc/3.0,United States,North Carolina,Weaverville,26 January 1894,,,male,,Microtus,Rodentia,Cricetidae
http://arctosdb.org/home/data/; https://creativecommons.org/licenses/by-nc/3.0,United States,North Carolina,Weaverville,4 December 1893,,,female,,Blarina,Soricomorpha,Soricidae
http://arctosdb.org/home/data/; https://creativecommons.org/licenses/by-nc/3.0,United States,North Carolina,Weaverville,4 December 1893,,,female,,Blarina,Soricomorpha,Soricidae
http://arctosdb.org/home/data/; https://creativecommons.org/licenses/by-nc/3.0,United States,North Carolina,Weaverville,26 September 1893,,,female,,Tamias,Rodentia,Sciuridae
http://arctosdb.org/home/data/; https://creativecommons.org/licenses/by-nc/3.0,United States,North Carolina,Weaverville,24 October 1893,,,male,,Peromyscus,Rodentia,Cricetidae
http://arctosdb.org/home/data/; https://creativecommons.org/licenses/by-nc/3.0,United States,North Carolina,Weaverville,24 October 1893,,,male,,Peromyscus,Rodentia,Cricetidae
http://arctosdb.org/home/data/; https://creativecommons.org/licenses/by-nc/3.0,United States,North Carolina,Weaverville,26 December1893,,,male,,Peromyscus,Rodentia,Cricetidae
http://arctosdb.org/home/data/; https://creativecommons.org/licenses/by-nc/3.0,United States,North Carolina,Weaverville,24 November 1893,,,male,,Peromyscus,Rodentia,Cricetidae
http://arctosdb.org/home/data/; https://creativecommons.org/licenses/by-nc/3.0,United States,North Carolina,Weaverville,25 December 1893,,,male,,Peromyscus,Rodentia,Cricetidae
http://arctosdb.org/home/data/; https://creativecommons.org/licenses/by-nc/3.0,United States,North Carolina,Weaverville,29 January 1894,,,female,,Synaptomys,Rodentia,Cricetidae
http://arctosdb.org/home/data/; https://creativecommons.org/licenses/by-nc/3.0,United States,North Carolina,Weaverville,25 January 1894,,,male,,Synaptomys,Rodentia,Cricetidae
http://arctosdb.org/home/data/; https://creativecommons.org/licenses/by-nc/3.0,United States,North Carolina,Wilmington,20-Jun-45,,,male,,Scalopus,Soricomorpha,Talpidae
http://arctosdb.org/home/data/; https://creativecommons.org/licenses/by-nc/3.0,United States,North Carolina,Rodburn,26-Jan-51,,,female,,Peromyscus,Rodentia,Cricetidae
http://arctosdb.org/home/data/; https://creativecommons.org/publicdomain/zero/1.0,United States,North Carolina,No specific locality recorded.,prior to 1895,,,unknown,,Zapus,Rodentia,Dipodidae
http://arctosdb.org/home/data/; https://creativecommons.org/publicdomain/zero/1.0,United States,North Carolina,No specific locality recorded.,prior to 1895,,,unknown,,Zapus,Rodentia,Dipodidae
http://arctosdb.org/home/data/; https://creativecommons.org/publicdomain/zero/1.0,United States,North Carolina,No specific locality recorded.,prior to 1895,,,unknown,,Zapus,Rodentia,Dipodidae
http://arctosdb.org/home/data/; https://creativecommons.org/publicdomain/zero/1.0,United States,North Carolina,No specific locality recorded.,prior to 1895,,,unknown,,Zapus,Rodentia,Dipodidae
http://arctosdb.org/home/data/; https://creativecommons.org/publicdomain/zero/1.0,United States,North Carolina,"Mount Kephart, Great Smoky Mountains National Park",[transcribed directly into formatted date fields],,,male,,Microtus,Rodentia,Cricetidae
http://arctosdb.org/home/data/; https://creativecommons.org/publicdomain/zero/1.0,United States,North Carolina,"Silers Bald, Great Smoky Mountains National Park",[transcribed directly into formatted date fields],,,male,,Synaptomys,Rodentia,Cricetidae
http://arctosdb.org/home/data/; https://creativecommons.org/publicdomain/zero/1.0,United States,North Carolina,No specific locality recorded.,prior to 1895,,,unknown,,Zapus,Rodentia,Dipodidae
http://arctosdb.org/home/data/; https://creativecommons.org/publicdomain/zero/1.0,United States,North Carolina,No specific locality recorded.,prior to 1895,,,unknown,,Zapus,Rodentia,Dipodidae
http://arctosdb.org/home/data/; https://creativecommons.org/publicdomain/zero/1.0,United States,North Carolina,No specific locality recorded.,pre-1895,,,unknown,,Scalopus,Soricomorpha,Talpidae
http://arctosdb.org/home/data/; https://creativecommons.org/publicdomain/zero/1.0,United States,North Carolina,No specific locality recorded.,prior to 1895,,,unknown,,Zapus,Rodentia,Dipodidae
http://arctosdb.org/home/data/; https://creativecommons.org/publicdomain/zero/1.0,United States,North Carolina,"Silers Bald, Great Smoky Mountains National Park",[transcribed directly into formatted date fields],,,female,,Blarina,Soricomorpha,Soricidae
http://arctosdb.org/home/data/; https://creativecommons.org/licenses/by-nc/3.0,United States,North Carolina,Pittsboro,DY 18 | MO JUL | YR 2001,,,female,,Arctictis,Carnivora,Viverridae
http://arctosdb.org/home/data/; https://creativecommons.org/licenses/by-nc/3.0,United States,North Carolina,Pittsboro,DY 29 | MO SEP | YR 2001,,,male,,Arctictis,Carnivora,Viverridae
http://arctosdb.org/home/data/; https://creativecommons.org/licenses/by/3.0,United States,North Carolina,Talus Slope above highway; Gt. Smokey Mt Nat Park,19-Dec-50,,,female,,Microtus,Rodentia,Cricetidae
http://arctosdb.org/home/data/; https://creativecommons.org/licenses/by/3.0,United States,North Carolina,2mi S of Wake Forest,25-Nov-50,,,male,,Urocyon,Carnivora,Canidae
http://arctosdb.org/home/data/; https://creativecommons.org/licenses/by/3.0,United States,North Carolina,Cary,4-Jun-58,,,male,,Urocyon,Carnivora,Canidae
http://arctosdb.org/home/data/; https://creativecommons.org/licenses/by-nc/3.0,United States,North Carolina,No specific locality recorded.,no verbatim date recorded,,,,,Glaucomys,Rodentia,Sciuridae
http://arctosdb.org/home/data/; https://creativecommons.org/licenses/by/3.0,United States,North Carolina,No specific locality recorded.,1979,,,unknown,,Sciurus,Rodentia,Sciuridae
http://arctosdb.org/home/data/; https://creativecommons.org/licenses/by/3.0,United States,North Carolina,No specific locality recorded.,Probably 1940's-1960's,,,unknown,,Tursiops,Cetacea,Delphinidae
http://arctosdb.org/home/data/; https://creativecommons.org/licenses/by-nc/3.0,United States,North Carolina,"Pisgah National Forest, 0.64 km N of Bruce Knob, along NC Highway 215",16-Jan-21,,,female,adult,Peromyscus,Rodentia,Cricetidae
http://arctosdb.org/home/data/; https://creativecommons.org/licenses/by-nc/3.0,United States,North Carolina,"Nantahala National Forest, 1.12 km E of Bryson Knob, along State Road 1756",20-Mar-21,,,female,adult,Peromyscus,Rodentia,Cricetidae
http://arctosdb.org/home/data/; https://creativecommons.org/licenses/by-nc/3.0,United States,North Carolina,"Nantahala National Forest, 1.12 km E of Bryson Knob, along State Road 1756",20-Mar-21,,,male,adult,Peromyscus,Rodentia,Cricetidae
http://arctosdb.org/home/data/; https://creativecommons.org/licenses/by-nc/3.0,United States,North Carolina,"Pisgah National Forest, 0.8 km NE Rocky Knob, along NC Highway 215",29-Aug-21,,,male,adult,Peromyscus,Rodentia,Cricetidae
http://arctosdb.org/home/data/; https://creativecommons.org/licenses/by-nc/3.0,United States,North Carolina,Sandhill Gamelands,20-Nov-20,,,female,adult,Sciurus,Rodentia,Sciuridae
http://arctosdb.org/home/data/; https://creativecommons.org/licenses/by-nc/3.0,United States,North Carolina,Sandhill Gamelands,2019,,,male,,Sciurus,Rodentia,Sciuridae
http://arctosdb.org/home/data/; https://creativecommons.org/licenses/by-nc/3.0,United States,North Carolina,No specific locality recorded.,20-Nov-20,,,female,adult,Tamias,Rodentia,Sciuridae
http://arctosdb.org/home/data/; https://creativecommons.org/licenses/by-nc/3.0,United States,North Carolina,"Pisgah National Forest, 5 km ESE Mount Mitchell, forest edge near junction of South Toe River Road and Forest Service Road 2074",11-Mar-22,,,female,adult,Sorex,Soricomorpha,Soricidae
http://arctosdb.org/home/data/; https://creativecommons.org/licenses/by/3.0,United States,North Carolina,Pisgah National Forest,10 Aug. 1977,,,female,,Microtus,Rodentia,Cricetidae
http://arctosdb.org/home/data/; https://creativecommons.org/licenses/by/3.0,United States,North Carolina,Pisgah National Forest,10 Aug. 1977,,,male,,Napaeozapus,Rodentia,Dipodidae
http://arctosdb.org/home/data/; https://creativecommons.org/licenses/by/3.0,United States,North Carolina,Pisgah National Forest,10 Aug. 1977,,,female,,Blarina,Soricomorpha,Soricidae
http://arctosdb.org/home/data/; https://creativecommons.org/licenses/by/3.0,United States,North Carolina,Pisgah National Forest,10 Aug. 1977,,,female,,Napaeozapus,Rodentia,Dipodidae
http://arctosdb.org/home/data/; https://creativecommons.org/licenses/by/3.0,United States,North Carolina,Pisgah National Forest,10 Aug. 1977,,,male,,Myotis,Chiroptera,Vespertilionidae
http://arctosdb.org/home/data/; https://creativecommons.org/licenses/by/3.0,United States,North Carolina,Pisgah National Forest,11 Aug. 1977,,,male,,Myotis,Chiroptera,Vespertilionidae
http://arctosdb.org/home/data/; https://creativecommons.org/licenses/by/3.0,United States,North Carolina,Pisgah National Forest,11 Aug. 1977,,,male,,Myotis,Chiroptera,Vespertilionidae
http://arctosdb.org/home/data/; https://creativecommons.org/licenses/by/3.0,United States,North Carolina,Pisgah National Forest,11 Aug. 1977,,,male,,Myotis,Chiroptera,Vespertilionidae
http://arctosdb.org/home/data/; https://creativecommons.org/licenses/by/3.0,United States,North Carolina,Pisgah National Forest,11 Aug. 1977,,,male,,Myotis,Chiroptera,Vespertilionidae
http://arctosdb.org/home/data/; https://creativecommons.org/licenses/by/3.0,United States,North Carolina,Pisgah National Forest,11 Aug. 1977,,,male,,Myotis,Chiroptera,Vespertilionidae
http://arctosdb.org/home/data/; https://creativecommons.org/licenses/by/3.0,United States,North Carolina,Pisgah National Forest,11 Aug. 1977,,,male,,Myotis,Chiroptera,Vespertilionidae
http://arctosdb.org/home/data/; https://creativecommons.org/licenses/by/3.0,United States,North Carolina,Pisgah National Forest,12 Aug. 1977,,,female,,Pipistrellus,Chiroptera,Vespertilionidae
http://arctosdb.org/home/data/; https://creativecommons.org/licenses/by/3.0,United States,North Carolina,Pisgah National Forest,11 Aug. 1977,,,male,,Lasiurus,Chiroptera,Vespertilionidae
http://arctosdb.org/home/data/; https://creativecommons.org/licenses/by/3.0,United States,North Carolina,Pisgah National Forest,10 Aug. 1977,,,male,,Peromyscus,Rodentia,Cricetidae
http://arctosdb.org/home/data/; https://creativecommons.org/licenses/by/3.0,United States,North Carolina,Pisgah National Forest,10 Aug. 1977,,,female,,Peromyscus,Rodentia,Cricetidae
http://arctosdb.org/home/data/; https://creativecommons.org/licenses/by/3.0,United States,North Carolina,Pisgah National Forest,10 Aug. 1977,,,male,,Peromyscus,Rodentia,Cricetidae
http://arctosdb.org/home/data/; https://creativecommons.org/licenses/by/3.0,United States,North Carolina,Pisgah National Forest,10 Aug. 1977,,,male,,Peromyscus,Rodentia,Cricetidae
http://arctosdb.org/home/data/; https://creativecommons.org/licenses/by/3.0,United States,North Carolina,Pisgah National Forest,10 Aug. 1977,,,female,,Blarina,Soricomorpha,Soricidae
http://arctosdb.org/home/data/; https://creativecommons.org/licenses/by/3.0,United States,North Carolina,Pisgah National Forest,10 Aug. 1977,,,female,,Blarina,Soricomorpha,Soricidae
http://arctosdb.org/home/data/; https://creativecommons.org/licenses/by/3.0,United States,North Carolina,Pisgah National Forest,10 Aug. 1977,,,male,,Blarina,Soricomorpha,Soricidae
http://arctosdb.org/home/data/; https://creativecommons.org/licenses/by/3.0,United States,North Carolina,Pisgah National Forest,10 Aug. 1977,,,female,,Napaeozapus,Rodentia,Dipodidae
http://arctosdb.org/home/data/; https://creativecommons.org/licenses/by/3.0,United States,North Carolina,Pisgah National Forest,10 Aug. 1977,,,male,,Lasiurus,Chiroptera,Vespertilionidae
http://arctosdb.org/home/data/; https://creativecommons.org/licenses/by/3.0,United States,North Carolina,Pisgah National Forest,10 Aug. 1977,,,male,,Lasiurus,Chiroptera,Vespertilionidae
http://arctosdb.org/home/data/; https://creativecommons.org/licenses/by/3.0,United States,North Carolina,Pisgah National Forest,10 Aug. 1977,,,female,,Peromyscus,Rodentia,Cricetidae
http://arctosdb.org/home/data/; https://creativecommons.org/licenses/by/3.0,United States,North Carolina,Pisgah National Forest,10 Aug. 1977,,,male,,Microtus,Rodentia,Cricetidae
http://arctosdb.org/home/data/; https://creativecommons.org/licenses/by/3.0,United States,North Carolina,Pisgah National Forest,10 Aug. 1977,,,female,,Microtus,Rodentia,Cricetidae
http://arctosdb.org/home/data/; https://creativecommons.org/licenses/by/3.0,United States,North Carolina,Pisgah National Forest,10 Aug. 1977,,,male,,Microtus,Rodentia,Cricetidae
http://arctosdb.org/home/data/; https://creativecommons.org/licenses/by/3.0,United States,North Carolina,Pisgah National Forest,10 Aug. 1977,,,male,,Napaeozapus,Rodentia,Dipodidae
http://arctosdb.org/home/data/; https://creativecommons.org/licenses/by/3.0,United States,North Carolina,Pisgah National Forest,10 Aug. 1977,,,male,,Napaeozapus,Rodentia,Dipodidae
http://arctosdb.org/home/data/; https://creativecommons.org/licenses/by/3.0,United States,North Carolina,Pisgah National Forest,10 Aug. 1977,,,male,,Napaeozapus,Rodentia,Dipodidae
http://arctosdb.org/home/data/; https://creativecommons.org/licenses/by/3.0,United States,North Carolina,Pisgah National Forest,10 Aug. 1977,,,female,,Napaeozapus,Rodentia,Dipodidae
http://arctosdb.org/home/data/; https://creativecommons.org/licenses/by/3.0,United States,North Carolina,Pisgah National Forest,10 Aug. 1977,,,male,,Peromyscus,Rodentia,Cricetidae
http://arctosdb.org/home/data/; https://creativecommons.org/licenses/by/3.0,United States,North Carolina,Pisgah National Forest,10 Aug. 1977,,,female,,Peromyscus,Rodentia,Cricetidae
http://arctosdb.org/home/data/; https://creativecommons.org/licenses/by/3.0,United States,North Carolina,Pisgah National Forest,10 Aug. 1977,,,female,,Napaeozapus,Rodentia,Dipodidae
http://arctosdb.org/home/data/; https://creativecommons.org/licenses/by/3.0,United States,North Carolina,Pisgah National Forest,10 Aug. 1977,,,female,,Blarina,Soricomorpha,Soricidae
http://arctosdb.org/home/data/; https://creativecommons.org/licenses/by/3.0,United States,North Carolina,Pisgah National Forest,10 Aug. 1977,,,female,,Blarina,Soricomorpha,Soricidae
http://arctosdb.org/home/data/; https://creativecommons.org/licenses/by/3.0,United States,North Carolina,Pisgah National Forest,11 Aug. 1976,,,male,,Peromyscus,Rodentia,Cricetidae
http://arctosdb.org/home/data/; https://creativecommons.org/licenses/by/3.0,United States,North Carolina,Pisgah National Forest,11 Aug. 1976,,,male,,Peromyscus,Rodentia,Cricetidae
http://arctosdb.org/home/data/; https://creativecommons.org/licenses/by/3.0,United States,North Carolina,Pisgah National Forest,11 Aug. 1976,,,male,,Peromyscus,Rodentia,Cricetidae
http://arctosdb.org/home/data/; https://creativecommons.org/licenses/by/3.0,United States,North Carolina,Pisgah National Forest,11 Aug. 1976,,,male,,Peromyscus,Rodentia,Cricetidae
http://arctosdb.org/home/data/; https://creativecommons.org/licenses/by/3.0,United States,North Carolina,Pisgah National Forest,11 Aug. 1976,,,male,,Peromyscus,Rodentia,Cricetidae
http://arctosdb.org/home/data/; https://creativecommons.org/licenses/by/3.0,United States,North Carolina,Pisgah National Forest,11 Aug. 1976,,,male,,Peromyscus,Rodentia,Cricetidae
http://arctosdb.org/home/data/; https://creativecommons.org/licenses/by/3.0,United States,North Carolina,Pisgah National Forest,11 Aug. 1976,,,male,,Peromyscus,Rodentia,Cricetidae
http://arctosdb.org/home/data/; https://creativecommons.org/licenses/by/3.0,United States,North Carolina,Pisgah National Forest,11 Aug. 1976,,,male,,Peromyscus,Rodentia,Cricetidae
http://arctosdb.org/home/data/; https://creativecommons.org/licenses/by/3.0,United States,North Carolina,Pisgah National Forest,11 Aug. 1976,,,male,,Peromyscus,Rodentia,Cricetidae
http://arctosdb.org/home/data/; https://creativecommons.org/licenses/by/3.0,United States,North Carolina,Pisgah National Forest,11 Aug. 1976,,,male,,Peromyscus,Rodentia,Cricetidae
http://arctosdb.org/home/data/; https://creativecommons.org/licenses/by/3.0,United States,North Carolina,Pisgah National Forest,11 Aug. 1976,,,male,,Peromyscus,Rodentia,Cricetidae
http://arctosdb.org/home/data/; https://creativecommons.org/licenses/by/3.0,United States,North Carolina,Pisgah National Forest,11 Aug. 1976,,,male,,Peromyscus,Rodentia,Cricetidae
http://arctosdb.org/home/data/; https://creativecommons.org/licenses/by/3.0,United States,North Carolina,Pisgah National Forest,11 Aug. 1976,,,female,,Peromyscus,Rodentia,Cricetidae
http://arctosdb.org/home/data/; https://creativecommons.org/licenses/by/3.0,United States,North Carolina,Pisgah National Forest,11 Aug. 1976,,,female,,Peromyscus,Rodentia,Cricetidae
http://arctosdb.org/home/data/; https://creativecommons.org/licenses/by/3.0,United States,North Carolina,Pisgah National Forest,11 Aug. 1976,,,female,,Peromyscus,Rodentia,Cricetidae
http://arctosdb.org/home/data/; https://creativecommons.org/licenses/by/3.0,United States,North Carolina,Pisgah National Forest,11 Aug. 1976,,,female,,Peromyscus,Rodentia,Cricetidae
http://arctosdb.org/home/data/; https://creativecommons.org/licenses/by/3.0,United States,North Carolina,Pisgah National Forest,11 Aug. 1976,,,,,Peromyscus,Rodentia,Cricetidae
http://arctosdb.org/home/data/; https://creativecommons.org/licenses/by/3.0,United States,North Carolina,Pisgah National Forest,11 Aug. 1976,,,female,,Blarina,Soricomorpha,Soricidae
http://arctosdb.org/home/data/; https://creativecommons.org/licenses/by/3.0,United States,North Carolina,Pisgah National Forest,11 Aug. 1976,,,female,,Blarina,Soricomorpha,Soricidae
http://arctosdb.org/home/data/; https://creativecommons.org/licenses/by/3.0,United States,North Carolina,Pisgah National Forest,11 Aug. 1976,,,female,,Napaeozapus,Rodentia,Dipodidae
http://arctosdb.org/home/data/; https://creativecommons.org/licenses/by/3.0,United States,North Carolina,Pisgah National Forest,10 Aug. 1977,,,female,,Blarina,Soricomorpha,Soricidae
http://arctosdb.org/home/data/; https://creativecommons.org/licenses/by/3.0,United States,North Carolina,Pisgah National Forest,10 Aug. 1977,,,male,,Pipistrellus,Chiroptera,Vespertilionidae
http://arctosdb.org/home/data/; https://creativecommons.org/licenses/by-nc/3.0,United States,North Carolina,"Pisgah National Forest, 6 km ESE Mount Mitchell, along Forest Service Road 2074 at Neals Creek",28-May-22,,,female,adult,Sorex,Soricomorpha,Soricidae
http://arctosdb.org/home/data/; https://creativecommons.org/licenses/by-nc/3.0,United States,North Carolina,Raleigh,2 January 1892,,,female,,Rattus,Rodentia,Muridae
http://arctosdb.org/home/data/; https://creativecommons.org/licenses/by-nc/3.0,United States,North Carolina,Woods next to agricultural field,13-Feb-04,,,female,adult,Canis,Carnivora,Canidae
http://arctosdb.org/home/data/; https://creativecommons.org/licenses/by-nc/3.0,United States,North Carolina,Raleigh,13 January 1892,,,male,,Microtus,Rodentia,Cricetidae
http://arctosdb.org/home/data/; https://creativecommons.org/licenses/by-nc/3.0,United States,North Carolina,Raleigh,6 April 1893,,,male,,Microtus,Rodentia,Cricetidae
http://arctosdb.org/home/data/; https://creativecommons.org/licenses/by-nc/3.0,United States,North Carolina,Raleigh,16 March 1894,,,male,,Microtus,Rodentia,Cricetidae
http://arctosdb.org/home/data/; https://creativecommons.org/licenses/by-nc/3.0,United States,North Carolina,Raleigh,21 March 1892,,,female,adult,Microtus,Rodentia,Cricetidae
http://arctosdb.org/home/data/; https://creativecommons.org/licenses/by-nc/3.0,United States,North Carolina,Raleigh,5 January 1892,,,male,,Rattus,Rodentia,Muridae
http://arctosdb.org/home/data/; https://creativecommons.org/licenses/by-nc/3.0,United States,North Carolina,No specific locality recorded.,2 August 1892,,,male,,Perimyotis,Chiroptera,Vespertilionidae
http://arctosdb.org/home/data/; https://creativecommons.org/licenses/by-nc/3.0,United States,North Carolina,Craggy Mountain,8 October 1892,,,female,adult,Tamias,Rodentia,Sciuridae
http://arctosdb.org/home/data/; https://creativecommons.org/licenses/by-nc/3.0,United States,North Carolina,Craggy Mountain,8 October 1892,,,male,adult,Tamias,Rodentia,Sciuridae
http://arctosdb.org/home/data/; https://creativecommons.org/licenses/by-nc/3.0,United States,North Carolina,No specific locality recorded.,1 March 1892,,,female,adult,Ochrotomys,Rodentia,Cricetidae
http://arctosdb.org/home/data/; https://creativecommons.org/licenses/by-nc/3.0,United States,North Carolina,No specific locality recorded.,1 February 1892,,,male,adult,Ochrotomys,Rodentia,Cricetidae
http://arctosdb.org/home/data/; https://creativecommons.org/licenses/by-nc/3.0,United States,North Carolina,Alligator River National Wildlife Refuge,15-Jun-88,,,male,adult,Canis,Carnivora,Canidae
http://arctosdb.org/home/data/; https://creativecommons.org/licenses/by-nc/3.0,United States,North Carolina,Alligator River National Wildlife Refuge,29-May-88,,,male,adult,Canis,Carnivora,Canidae
http://arctosdb.org/home/data/; https://creativecommons.org/licenses/by-nc/3.0,United States,North Carolina,Alligator River National Wildlife Refuge,31-Jul-89,,,male,adult,Canis,Carnivora,Canidae
http://arctosdb.org/home/data/; https://creativecommons.org/licenses/by-nc/3.0,United States,North Carolina,Raleigh,4 January 1897,,,male,adult,Neogale,Carnivora,Mustelidae
http://arctosdb.org/home/data/; https://creativecommons.org/licenses/by-nc/3.0,United States,North Carolina,"Great Smoky Mountains National Park, Appalacian Trail, between Peck's Corner shelter and Tricorner Knob shelter",23-Jul-81,,,male,adult,Parascalops,Soricomorpha,Talpidae
http://arctosdb.org/home/data/; https://creativecommons.org/licenses/by-nc/3.0,United States,North Carolina,No specific locality recorded.,14 February 1893,,,female,adult,Ochrotomys,Rodentia,Cricetidae
http://arctosdb.org/home/data/; https://creativecommons.org/licenses/by-nc/3.0,United States,North Carolina,Agricultural field,10-Feb-04,,,female,adult,Canis,Carnivora,Canidae
http://arctosdb.org/home/data/; https://creativecommons.org/licenses/by-nc/3.0,United States,North Carolina,Agricultural field,8-Jan-04,,,male,adult,Canis,Carnivora,Canidae
http://arctosdb.org/home/data/; https://creativecommons.org/licenses/by-nc/3.0,United States,North Carolina,Maple Hill,unknown,,,,,,,
http://arctosdb.org/home/data/; https://creativecommons.org/licenses/by-nc/3.0,United States,North Carolina,Lee Creek Phosphate Mine,,,,,,,Cetacea,Balaenopteridae
http://arctosdb.org/home/data/; https://creativecommons.org/licenses/by-nc/3.0,United States,North Carolina,Lee Creek Phosphate Mine,,,,,,,Cete,
http://arctosdb.org/home/data/; https://creativecommons.org/licenses/by-nc/3.0,United States,North Carolina,Lee Creek Phosphate Mine,,,,,,,Cete,
http://arctosdb.org/home/data/; https://creativecommons.org/licenses/by-nc/3.0,United States,North Carolina,Lee Creek Phosphate Mine,,,,,,,Cete,
http://arctosdb.org/home/data/; https://creativecommons.org/licenses/by-nc/3.0,United States,North Carolina,Lee Creek Phosphate Mine,,,,,,,Cete,
http://arctosdb.org/home/data/; https://creativecommons.org/licenses/by-nc/3.0,United States,North Carolina,Lee Creek Phosphate Mine,,,,,,,Cete,
http://arctosdb.org/home/data/; https://creativecommons.org/licenses/by-nc/3.0,United States,North Carolina,Lee Creek Phosphate Mine,,,,,,,Cete,
http://arctosdb.org/home/data/; https://creativecommons.org/licenses/by-nc/3.0,United States,North Carolina,North Carolina Pleistocene No Data,,,,,,,Proboscidea,Gomphotheriidae
http://arctosdb.org/home/data/; https://creativecommons.org/licenses/by-nc/3.0,United States,North Carolina,Lee Creek Phosphate Mine,,,,,,,Proboscidea,Gomphotheriidae
http://arctosdb.org/home/data/; https://creativecommons.org/licenses/by-nc/3.0,United States,North Carolina,Lee Creek Phosphate Mine,,,,,,,Cete,
http://arctosdb.org/home/data/; https://creativecommons.org/licenses/by-nc/3.0,United States,North Carolina,Lee Creek Phosphate Mine,,,,,,,Cete,
http://arctosdb.org/home/data/; https://creativecommons.org/licenses/by-nc/3.0,United States,North Carolina,Lee Creek Phosphate Mine,pre 2012,,,,,Equus,Perissodactyla,Equidae
http://arctosdb.org/home/data/; https://creativecommons.org/licenses/by-nc/3.0,United States,North Carolina,Lee Creek Phosphate Mine,pre 2012,,,,,Equus,Perissodactyla,Equidae
http://arctosdb.org/home/data/; https://creativecommons.org/licenses/by-nc/3.0,United States,North Carolina,Lee Creek Phosphate Mine,,,,,,,Cete,
http://arctosdb.org/home/data/; https://creativecommons.org/licenses/by-nc/3.0,United States,North Carolina,Lee Creek Phosphate Mine,,,,,,,Cete,
http://arctosdb.org/home/data/; https://creativecommons.org/licenses/by-nc/3.0,United States,North Carolina,Lee Creek Phosphate Mine,,,,,,,Carnivora,
http://arctosdb.org/home/data/; https://creativecommons.org/licenses/by-nc/3.0,United States,North Carolina,Lee Creek Phosphate Mine,,,,,,,Cete,
http://arctosdb.org/home/data/; https://creativecommons.org/licenses/by-nc/3.0,United States,North Carolina,Lee Creek Phosphate Mine,,,,,,,Cete,
http://arctosdb.org/home/data/; https://creativecommons.org/licenses/by-nc/3.0,United States,North Carolina,Lee Creek Phosphate Mine,,,,,,,Cete,
http://arctosdb.org/home/data/; https://creativecommons.org/licenses/by-nc/3.0,United States,North Carolina,Lee Creek Phosphate Mine,,,,,,,Cetacea,Physeteridae
http://arctosdb.org/home/data/; https://creativecommons.org/licenses/by/3.0,United States,North Carolina,"Charles Sturgill Christmas tree farm, 17 N 0473971, 4037784",3-Apr-15,,,male,,Sylvilagus,Lagomorpha,Leporidae
http://arctosdb.org/home/data/; https://creativecommons.org/licenses/by-nc/3.0,United States,North Carolina,Lee Creek Phosphate Mine,,,,,,,Cete,
http://arctosdb.org/home/data/; https://creativecommons.org/licenses/by-nc/3.0,United States,North Carolina,Lee Creek Phosphate Mine,,,,,,,Cete,
http://arctosdb.org/home/data/; https://creativecommons.org/licenses/by-nc/3.0,United States,North Carolina,Lee Creek Phosphate Mine,,,,,,,Cete,
http://arctosdb.org/home/data/; https://creativecommons.org/licenses/by-nc/3.0,United States,North Carolina,Lee Creek Phosphate Mine,,,,,,,Cete,
http://arctosdb.org/home/data/; https://creativecommons.org/licenses/by-nc/3.0,United States,North Carolina,Lee Creek Phosphate Mine,,,,,,,Cete,
http://arctosdb.org/home/data/; https://creativecommons.org/licenses/by-nc/3.0,United States,North Carolina,Lee Creek Phosphate Mine,,,,,,,Cete,
http://arctosdb.org/home/data/; https://creativecommons.org/licenses/by-nc/3.0,United States,North Carolina,Lee Creek Phosphate Mine,,,,,,,Cete,
http://arctosdb.org/home/data/; https://creativecommons.org/licenses/by-nc/3.0,United States,North Carolina,Lee Creek Phosphate Mine,,,,,,,Cete,
http://arctosdb.org/home/data/; https://creativecommons.org/licenses/by-nc/3.0,United States,North Carolina,Lee Creek Phosphate Mine,,,,,,,Cete,
http://arctosdb.org/home/data/; https://creativecommons.org/licenses/by-nc/3.0,United States,North Carolina,Lee Creek Phosphate Mine,,,,,,,Cete,
http://arctosdb.org/home/data/; https://creativecommons.org/licenses/by-nc/3.0,United States,North Carolina,Lee Creek Phosphate Mine,,,,,,,Cete,
http://arctosdb.org/home/data/; https://creativecommons.org/licenses/by-nc/3.0,United States,North Carolina,Lee Creek Phosphate Mine,,,,,,,Cete,
http://arctosdb.org/home/data/; https://creativecommons.org/licenses/by-nc/3.0,United States,North Carolina,Lee Creek Phosphate Mine,,,,,,,Cete,
http://arctosdb.org/home/data/; https://creativecommons.org/licenses/by-nc/3.0,United States,North Carolina,Lee Creek Phosphate Mine,1980s?,,,,,,Cete,
http://arctosdb.org/home/data/; https://creativecommons.org/licenses/by-nc/3.0,United States,North Carolina,Lee Creek Phosphate Mine,,,,,,,Cete,
http://arctosdb.org/home/data/; https://creativecommons.org/licenses/by-nc/3.0,United States,North Carolina,Lee Creek Phosphate Mine,,,,,,,Cete,
http://arctosdb.org/home/data/; https://creativecommons.org/licenses/by-nc/3.0,United States,North Carolina,Lee Creek Phosphate Mine,,,,,,,Cete,
http://arctosdb.org/home/data/; https://creativecommons.org/licenses/by-nc/3.0,United States,North Carolina,Sandhills Game Lands,27-Oct-18,,,male,adult,Sciurus,Rodentia,Sciuridae
http://arctosdb.org/home/data/; https://creativecommons.org/licenses/by-nc/3.0,United States,North Carolina,Elon University (=Elon College),5/14/48,,,,,Lasiurus,Chiroptera,Vespertilionidae
http://arctosdb.org/home/data/; https://creativecommons.org/licenses/by/3.0,United States,North Carolina,Specific locality encumbered,1986 June 15,,,male,,Sigmodon,Rodentia,Cricetidae
http://arctosdb.org/home/data/; https://creativecommons.org/licenses/by-nc/3.0,United States,North Carolina,Macon County,30-Sep-86,,,,,,Squamata,
http://arctosdb.org/home/data/; https://creativecommons.org/licenses/by-nc/3.0,United States,North Carolina,No specific locality recorded.,10-Feb-84,,,male,,Mus,Rodentia,Muridae
http://arctosdb.org/home/data/; https://creativecommons.org/licenses/by-nc/3.0,United States,North Carolina,No specific locality recorded.,,,,male,,Mustela,Carnivora,Mustelidae
http://arctosdb.org/home/data/; https://creativecommons.org/licenses/by-nc/3.0,United States,North Carolina,No specific locality recorded.,Feb-82,,,male,adult,Didelphis,Didelphimorphia,Didelphidae
http://arctosdb.org/home/data/; https://creativecommons.org/licenses/by-nc/3.0,United States,North Carolina,No specific locality recorded.,March 25 1982,,,female,,Cryptotis,Soricomorpha,Soricidae
http://arctosdb.org/home/data/; https://creativecommons.org/licenses/by-nc/3.0,United States,North Carolina,No specific locality recorded.,,,,,,Scalopus,Soricomorpha,Talpidae
http://arctosdb.org/home/data/; https://creativecommons.org/licenses/by-nc/3.0,United States,North Carolina,No specific locality recorded.,Feb-82,,,male,,Glaucomys,Rodentia,Sciuridae
http://arctosdb.org/home/data/; https://creativecommons.org/licenses/by-nc/3.0,United States,North Carolina,No specific locality recorded.,Mar-82,,,female,,Myotis,Chiroptera,Vespertilionidae
http://arctosdb.org/home/data/; https://creativecommons.org/licenses/by-nc/3.0,United States,North Carolina,No specific locality recorded.,March 25 1982,,,female,,Cryptotis,Soricomorpha,Soricidae
http://arctosdb.org/home/data/; https://creativecommons.org/licenses/by-nc/3.0,United States,North Carolina,No specific locality recorded.,Feb-82,,,male,adult,Tamias,Rodentia,Sciuridae
http://arctosdb.org/home/data/; https://creativecommons.org/licenses/by-nc/3.0,United States,North Carolina,No specific locality recorded.,Apr-82,,,male,,Nycticeius,Chiroptera,Vespertilionidae
http://arctosdb.org/home/data/; https://creativecommons.org/licenses/by-nc/3.0,United States,North Carolina,No specific locality recorded.,,,,male,,Eptesicus,Chiroptera,Vespertilionidae
http://arctosdb.org/home/data/; https://creativecommons.org/licenses/by-nc/3.0,United States,North Carolina,No specific locality recorded.,1979,,,female,,Peromyscus,Rodentia,Cricetidae
http://arctosdb.org/home/data/; https://creativecommons.org/licenses/by-nc/3.0,United States,North Carolina,No specific locality recorded.,October 8 1892,,,female,,Tamias,Rodentia,Sciuridae
http://arctosdb.org/home/data/; https://creativecommons.org/licenses/by-nc/3.0,United States,North Carolina,No specific locality recorded.,May 16 1948,,,,,Sorex,Soricomorpha,Soricidae
http://arctosdb.org/home/data/; https://creativecommons.org/licenses/by-nc/3.0,United States,North Carolina,No specific locality recorded.,Mar-82,,,female,,Blarina,Soricomorpha,Soricidae
http://arctosdb.org/home/data/; https://creativecommons.org/licenses/by-nc/3.0,United States,North Carolina,No specific locality recorded.,Feb-82,,,,,Mus,Rodentia,Muridae
http://arctosdb.org/home/data/; https://creativecommons.org/licenses/by-nc/3.0,United States,North Carolina,No specific locality recorded.,Feb-82,,,male,adult,Sciurus,Rodentia,Sciuridae
http://arctosdb.org/home/data/; https://creativecommons.org/licenses/by-nc/3.0,United States,North Carolina,No specific locality recorded.,March 17 1982,,,,,Sciurus,Rodentia,Sciuridae
http://arctosdb.org/home/data/; https://creativecommons.org/licenses/by/3.0,United States,North Carolina,Raleigh,,,,,,Glaucomys,Rodentia,Sciuridae
http://arctosdb.org/home/data/; https://creativecommons.org/licenses/by/3.0,United States,North Carolina,Raleigh,,,,,,Glaucomys,Rodentia,Sciuridae
http://arctosdb.org/home/data/; https://creativecommons.org/licenses/by/3.0,United States,North Carolina,Raleigh,,,,,,Ochrotomys,Rodentia,Cricetidae
http://arctosdb.org/home/data/; https://creativecommons.org/licenses/by/3.0,United States,North Carolina,5 mi W of Raleigh,,,,,,Ochrotomys,Rodentia,Cricetidae
http://arctosdb.org/home/data/; https://creativecommons.org/licenses/by/3.0,United States,North Carolina,4 mi W of Raleigh,,,,,,Ochrotomys,Rodentia,Cricetidae
http://arctosdb.org/home/data/; https://creativecommons.org/licenses/by/3.0,United States,North Carolina,Reedy-Creek Park,,,,,,Ochrotomys,Rodentia,Cricetidae
http://arctosdb.org/home/data/; https://creativecommons.org/licenses/by/3.0,United States,North Carolina,Waynesville,,,,,,Ochrotomys,Rodentia,Cricetidae
http://arctosdb.org/home/data/; https://creativecommons.org/licenses/by/3.0,United States,North Carolina,2 mi W of Raleigh,,,,,,Reithrodontomys,Rodentia,Cricetidae
http://arctosdb.org/home/data/; https://creativecommons.org/licenses/by/3.0,United States,North Carolina,Raleigh,,,,,,Reithrodontomys,Rodentia,Cricetidae
http://arctosdb.org/home/data/; https://creativecommons.org/licenses/by/3.0,United States,North Carolina,Raleigh,,,,,,Reithrodontomys,Rodentia,Cricetidae
http://arctosdb.org/home/data/; https://creativecommons.org/licenses/by/3.0,United States,North Carolina,"Raleigh, Prison Farm",,,,,,Reithrodontomys,Rodentia,Cricetidae
http://arctosdb.org/home/data/; https://creativecommons.org/licenses/by/3.0,United States,North Carolina,"Raleigh, Prison Farm",,,,,,Reithrodontomys,Rodentia,Cricetidae
http://arctosdb.org/home/data/; https://creativecommons.org/licenses/by/3.0,United States,North Carolina,Raleigh,,,,,,Glaucomys,Rodentia,Sciuridae
http://arctosdb.org/home/data/; https://creativecommons.org/licenses/by/3.0,United States,North Carolina,"4 mi S, 5 mi W of Winston-Salem",,,,,,Sorex,Soricomorpha,Soricidae
http://arctosdb.org/home/data/; https://creativecommons.org/licenses/by/3.0,United States,North Carolina,Busick,,,,,,Peromyscus,Rodentia,Cricetidae
http://arctosdb.org/home/data/; https://creativecommons.org/licenses/by/3.0,United States,North Carolina,Busick,,,,,,Peromyscus,Rodentia,Cricetidae
http://arctosdb.org/home/data/; https://creativecommons.org/licenses/by/3.0,United States,North Carolina,Busick,,,,,,Peromyscus,Rodentia,Cricetidae
http://arctosdb.org/home/data/; https://creativecommons.org/licenses/by/3.0,United States,North Carolina,Busick,,,,,,Peromyscus,Rodentia,Cricetidae
http://arctosdb.org/home/data/; https://creativecommons.org/licenses/by/3.0,United States,North Carolina,Busick,,,,,,Myodes,Rodentia,Cricetidae
http://arctosdb.org/home/data/; https://creativecommons.org/licenses/by/3.0,United States,North Carolina,Busick,,,,,,Microtus,Rodentia,Cricetidae
http://arctosdb.org/home/data/; https://creativecommons.org/licenses/by/3.0,United States,North Carolina,Busick,,,,,,Napaeozapus,Rodentia,Dipodidae
http://arctosdb.org/home/data/; https://creativecommons.org/licenses/by/3.0,United States,North Carolina,"Roan Mountain, 6.5 mi N, 2 mi E of Bakersville",,,,,,Sorex,Soricomorpha,Soricidae
http://arctosdb.org/home/data/; https://creativecommons.org/licenses/by/3.0,United States,North Carolina,"Roan Mountain, 6 mi N, 3.25 mi E of Bakersville",,,,,,Sorex,Soricomorpha,Soricidae
http://arctosdb.org/home/data/; https://creativecommons.org/licenses/by/3.0,United States,North Carolina,"Roan Mountain, 6 mi N, 3.25 mi E of Bakersville",,,,,,Sorex,Soricomorpha,Soricidae
http://arctosdb.org/home/data/; https://creativecommons.org/licenses/by/3.0,United States,North Carolina,"Roan Mountain, 6 mi N, 3.25 mi E of Bakersville",,,,,,Sorex,Soricomorpha,Soricidae
http://arctosdb.org/home/data/; https://creativecommons.org/licenses/by/3.0,United States,North Carolina,"Roan Mountain, 6 mi N, 3.25 mi E of Bakersville",,,,,,Sorex,Soricomorpha,Soricidae
http://arctosdb.org/home/data/; https://creativecommons.org/licenses/by/3.0,United States,North Carolina,"Roan Mountain, 6 mi N, 3.25 mi E of Bakersville",,,,,,Sorex,Soricomorpha,Soricidae
http://arctosdb.org/home/data/; https://creativecommons.org/licenses/by/3.0,United States,North Carolina,"Roan Mountain, 6 mi N, 3.25 mi E of Bakersville",,,,,,Sorex,Soricomorpha,Soricidae
http://arctosdb.org/home/data/; https://creativecommons.org/licenses/by/3.0,United States,North Carolina,"Roan Mountain, 6.5 mi N, 2 mi E of Bakersville",,,,,,Peromyscus,Rodentia,Cricetidae
http://arctosdb.org/home/data/; https://creativecommons.org/licenses/by/3.0,United States,North Carolina,"Roan Mountain, 6 mi N, 3.25 mi E of Bakersville",,,,,,Peromyscus,Rodentia,Cricetidae
http://arctosdb.org/home/data/; https://creativecommons.org/licenses/by/3.0,United States,North Carolina,"Roan Mountain, 6 mi N, 3.25 mi E of Bakersville",,,,,,Peromyscus,Rodentia,Cricetidae
http://arctosdb.org/home/data/; https://creativecommons.org/licenses/by/3.0,United States,North Carolina,"Roan Mountain, 6.5 mi N, 2 mi E of Bakersville",,,,,,Myodes,Rodentia,Cricetidae
http://arctosdb.org/home/data/; https://creativecommons.org/licenses/by/3.0,United States,North Carolina,"Roan Mountain, 6 mi N, 3.25 mi E of Bakersville",,,,,,Myodes,Rodentia,Cricetidae
http://arctosdb.org/home/data/; https://creativecommons.org/licenses/by/3.0,United States,North Carolina,"Roan Mountain, 6 mi N, 3.25 mi E of Bakersville",,,,,,Myodes,Rodentia,Cricetidae
http://arctosdb.org/home/data/; https://creativecommons.org/licenses/by/3.0,United States,North Carolina,"Roan Mountain, 6 mi N, 3.25 mi E of Bakersville",,,,,,Myodes,Rodentia,Cricetidae
http://arctosdb.org/home/data/; https://creativecommons.org/licenses/by/3.0,United States,North Carolina,"Roan Mountain, 6 mi N, 3.25 mi E of Bakersville",,,,,,Myodes,Rodentia,Cricetidae
http://arctosdb.org/home/data/; https://creativecommons.org/licenses/by/3.0,United States,North Carolina,"Roan Mountain, 6.5 mi N, 2 mi E of Bakersville",,,,,,Microtus,Rodentia,Cricetidae
http://arctosdb.org/home/data/; https://creativecommons.org/licenses/by/3.0,United States,North Carolina,"Roan Mountain, 6 mi N, 3.25 mi E of Bakersville",,,,,,Napaeozapus,Rodentia,Dipodidae
http://arctosdb.org/home/data/; https://creativecommons.org/licenses/by/3.0,United States,North Carolina,"Roan Mountain, 6 mi N, 3.25 mi E of Bakersville",,,,,,Napaeozapus,Rodentia,Dipodidae
http://arctosdb.org/home/data/; https://creativecommons.org/licenses/by/3.0,United States,North Carolina,"Roan Mountain, 6 mi N, 3.25 mi E of Bakersville",,,,,,Napaeozapus,Rodentia,Dipodidae
http://arctosdb.org/home/data/; https://creativecommons.org/licenses/by/3.0,United States,North Carolina,"Roan Mountain, 6 mi N, 3.25 mi E of Bakersville",,,,,,Napaeozapus,Rodentia,Dipodidae
http://arctosdb.org/home/data/; https://creativecommons.org/licenses/by/3.0,United States,North Carolina,"Roan Mountain, 6.5 mi N, 2 mi E of Bakersville",,,,,,Zapus,Rodentia,Dipodidae
http://arctosdb.org/home/data/; https://creativecommons.org/licenses/by/3.0,United States,North Carolina,"Roan Mountain, 6.5 mi N, 2 mi E of Bakersville",,,,,,Zapus,Rodentia,Dipodidae
http://arctosdb.org/home/data/; https://creativecommons.org/licenses/by-nc/3.0,United States,North Carolina,No specific locality recorded.,28-3-85,,,,adult,Glaucomys,Rodentia,Sciuridae
http://arctosdb.org/home/data/; https://creativecommons.org/licenses/by-nc/3.0,United States,North Carolina,No specific locality recorded.,22-4-90,,,,,Blarina,Soricomorpha,Soricidae