gbifID,datasetKey,occurrenceID,kingdom,phylum,class,order,family,genus,species,infraspecificEpithet,taxonRank,scientificName,verbatimScientificName,verbatimScientificNameAuthorship,countryCode,locality,stateProvince,occurrenceStatus,individualCount,publishingOrgKey,decimalLatitude,decimalLongitude,coordinateUncertaintyInMeters,coordinatePrecision,elevation,elevationAccuracy,depth,depthAccuracy,eventDate,day,month,year,taxonKey,speciesKey,basisOfRecord,institutionCode,collectionCode,catalogNumber,recordNumber,identifiedBy,dateIdentified,license,rightsHolder,recordedBy,typeStatus,establishmentMeans,lastInterpreted,mediaType,issue
686469095,1d04e739-98a9-4e16-9970-8f8f3bf9e9e3,8f49cdc6-1ed8-11e3-bfac-90b11c41863e,Animalia,Chordata,Mammalia,Soricomorpha,Soricidae,Sorex,Sorex vagrans,vagrans,SUBSPECIES,"Sorex vagrans vagrans Baird, 1857",Sorex vagrans vagrans,,US,"HAYSTACK RANCH, 0.5 MI W OF; INDEPENDENCE MTS",Nevada,PRESENT,,b554c320-0560-11d8-b851-b8a03c50a862,41.3545489,-115.7983463,0.98,,,,,,7/12/84,12,7,1984,7194092,2436042,PRESERVED_SPECIMEN,KU,KUM,141963,,,,CC_BY_4_0,,M Ports,,,2026-04-29T14:04:40.395Z,,COORDINATE_REPROJECTED;RECORDED_DATE_INVALID
686466312,1d04e739-98a9-4e16-9970-8f8f3bf9e9e3,8f21bf6b-1ed8-11e3-bfac-90b11c41863e,Animalia,Chordata,Mammalia,Soricomorpha,Soricidae,Sorex,Sorex vagrans,vagrans,SUBSPECIES,"Sorex vagrans vagrans Baird, 1857",Sorex vagrans vagrans,,US,"NORTH FORK, 8 MI S, 4.75 MI W OF; INDEPENDENCE MTS",Nevada,PRESENT,,b554c320-0560-11d8-b851-b8a03c50a862,41.3664079,-115.9079992,0.51,,,,,,6/28/82,28,6,1982,7194092,2436042,PRESERVED_SPECIMEN,KU,KUM,139102,,,,CC_BY_4_0,,M Ports,,,2026-04-29T14:04:39.631Z,,COORDINATE_REPROJECTED
686460419,1d04e739-98a9-4e16-9970-8f8f3bf9e9e3,8edd4a06-1ed8-11e3-bfac-90b11c41863e,Animalia,Chordata,Mammalia,Soricomorpha,Soricidae,Sorex,Sorex vagrans,vagrans,SUBSPECIES,"Sorex vagrans vagrans Baird, 1857",Sorex vagrans vagrans,,US,"MARLETTE LAKE, SE EDGE OF; ASPEN",Nevada,PRESENT,,b554c320-0560-11d8-b851-b8a03c50a862,39.1629332,-119.8969377,1.01,,,,,,7/19/77,19,7,1977,7194092,2436042,PRESERVED_SPECIMEN,KU,KUM,133134,,,,CC_BY_4_0,,N L Dodd,,,2026-04-29T14:04:37.817Z,,COORDINATE_REPROJECTED
686460229,1d04e739-98a9-4e16-9970-8f8f3bf9e9e3,8eda714c-1ed8-11e3-bfac-90b11c41863e,Animalia,Chordata,Mammalia,Soricomorpha,Soricidae,Sorex,Sorex vagrans,vagrans,SUBSPECIES,"Sorex vagrans vagrans Baird, 1857",Sorex vagrans vagrans,,US,"MARLETTE LAKE, SE EDGE OF; ASPEN",Nevada,PRESENT,,b554c320-0560-11d8-b851-b8a03c50a862,39.1629332,-119.8969377,1.01,,,,,,7/21/77,21,7,1977,7194092,2436042,PRESERVED_SPECIMEN,KU,KUM,132943,,,,CC_BY_4_0,,T O Osborne,,,2026-04-29T14:04:37.767Z,,COORDINATE_REPROJECTED
686460228,1d04e739-98a9-4e16-9970-8f8f3bf9e9e3,8eda6e29-1ed8-11e3-bfac-90b11c41863e,Animalia,Chordata,Mammalia,Soricomorpha,Soricidae,Sorex,Sorex vagrans,vagrans,SUBSPECIES,"Sorex vagrans vagrans Baird, 1857",Sorex vagrans vagrans,,US,"MARLETTE LAKE, SE EDGE OF; ASPEN",Nevada,PRESENT,,b554c320-0560-11d8-b851-b8a03c50a862,39.1629332,-119.8969377,1.01,,,,,,7/21/77,21,7,1977,7194092,2436042,PRESERVED_SPECIMEN,KU,KUM,132942,,,,CC_BY_4_0,,T O Osborne,,,2026-04-29T14:04:37.766Z,,COORDINATE_REPROJECTED
686460222,1d04e739-98a9-4e16-9970-8f8f3bf9e9e3,8eda5b4c-1ed8-11e3-bfac-90b11c41863e,Animalia,Chordata,Mammalia,Soricomorpha,Soricidae,Sorex,Sorex vagrans,vagrans,SUBSPECIES,"Sorex vagrans vagrans Baird, 1857",Sorex vagrans vagrans,,US,"MARLETTE LAKE, SE EDGE OF; MEADOW",Nevada,PRESENT,,b554c320-0560-11d8-b851-b8a03c50a862,39.1629332,-119.8969377,1.01,,,,,,7/20/77,20,7,1977,7194092,2436042,PRESERVED_SPECIMEN,KU,KUM,132936,,,,CC_BY_4_0,,T O Osborne,,,2026-04-29T14:04:37.793Z,,COORDINATE_REPROJECTED
686460220,1d04e739-98a9-4e16-9970-8f8f3bf9e9e3,8eda552a-1ed8-11e3-bfac-90b11c41863e,Animalia,Chordata,Mammalia,Soricomorpha,Soricidae,Sorex,Sorex vagrans,vagrans,SUBSPECIES,"Sorex vagrans vagrans Baird, 1857",Sorex vagrans vagrans,,US,"MARLETTE LAKE, SE EDGE OF; ASPEN",Nevada,PRESENT,,b554c320-0560-11d8-b851-b8a03c50a862,39.1629332,-119.8969377,1.01,,,,,,7/20/77,20,7,1977,7194092,2436042,PRESERVED_SPECIMEN,KU,KUM,132934,,,,CC_BY_4_0,,T O Osborne,,,2026-04-29T14:04:37.862Z,,COORDINATE_REPROJECTED
686460219,1d04e739-98a9-4e16-9970-8f8f3bf9e9e3,8eda521d-1ed8-11e3-bfac-90b11c41863e,Animalia,Chordata,Mammalia,Soricomorpha,Soricidae,Sorex,Sorex vagrans,vagrans,SUBSPECIES,"Sorex vagrans vagrans Baird, 1857",Sorex vagrans vagrans,,US,"MARLETTE LAKE, SE EDGE OF; ASPEN",Nevada,PRESENT,,b554c320-0560-11d8-b851-b8a03c50a862,39.1629332,-119.8969377,1.01,,,,,,7/20/77,20,7,1977,7194092,2436042,PRESERVED_SPECIMEN,KU,KUM,132933,,,,CC_BY_4_0,,T O Osborne,,,2026-04-29T14:04:37.814Z,,COORDINATE_REPROJECTED
686460218,1d04e739-98a9-4e16-9970-8f8f3bf9e9e3,8eda4f14-1ed8-11e3-bfac-90b11c41863e,Animalia,Chordata,Mammalia,Soricomorpha,Soricidae,Sorex,Sorex vagrans,vagrans,SUBSPECIES,"Sorex vagrans vagrans Baird, 1857",Sorex vagrans vagrans,,US,"MARLETTE LAKE, SE EDGE OF; ASPEN",Nevada,PRESENT,,b554c320-0560-11d8-b851-b8a03c50a862,39.1629332,-119.8969377,1.01,,,,,,7/20/77,20,7,1977,7194092,2436042,PRESERVED_SPECIMEN,KU,KUM,132932,,,,CC_BY_4_0,,T O Osborne,,,2026-04-29T14:04:37.860Z,,COORDINATE_REPROJECTED
686460217,1d04e739-98a9-4e16-9970-8f8f3bf9e9e3,8eda4c05-1ed8-11e3-bfac-90b11c41863e,Animalia,Chordata,Mammalia,Soricomorpha,Soricidae,Sorex,Sorex vagrans,vagrans,SUBSPECIES,"Sorex vagrans vagrans Baird, 1857",Sorex vagrans vagrans,,US,"MARLETTE LAKE, SE EDGE OF; ASPEN",Nevada,PRESENT,,b554c320-0560-11d8-b851-b8a03c50a862,39.1629332,-119.8969377,1.01,,,,,,7/20/77,20,7,1977,7194092,2436042,PRESERVED_SPECIMEN,KU,KUM,132931,,,,CC_BY_4_0,,T O Osborne,,,2026-04-29T14:04:37.760Z,,COORDINATE_REPROJECTED
686460216,1d04e739-98a9-4e16-9970-8f8f3bf9e9e3,8eda48fa-1ed8-11e3-bfac-90b11c41863e,Animalia,Chordata,Mammalia,Soricomorpha,Soricidae,Sorex,Sorex vagrans,vagrans,SUBSPECIES,"Sorex vagrans vagrans Baird, 1857",Sorex vagrans vagrans,,US,"MARLETTE LAKE, SE EDGE OF; ASPEN",Nevada,PRESENT,,b554c320-0560-11d8-b851-b8a03c50a862,39.1629332,-119.8969377,1.01,,,,,,7/20/77,20,7,1977,7194092,2436042,PRESERVED_SPECIMEN,KU,KUM,132930,,,,CC_BY_4_0,,T O Osborne,,,2026-04-29T14:04:37.787Z,,COORDINATE_REPROJECTED
686460215,1d04e739-98a9-4e16-9970-8f8f3bf9e9e3,8eda45eb-1ed8-11e3-bfac-90b11c41863e,Animalia,Chordata,Mammalia,Soricomorpha,Soricidae,Sorex,Sorex vagrans,vagrans,SUBSPECIES,"Sorex vagrans vagrans Baird, 1857",Sorex vagrans vagrans,,US,"MARLETTE LAKE, SE EDGE OF; ASPEN",Nevada,PRESENT,,b554c320-0560-11d8-b851-b8a03c50a862,39.1629332,-119.8969377,1.01,,,,,,7/20/77,20,7,1977,7194092,2436042,PRESERVED_SPECIMEN,KU,KUM,132929,,,,CC_BY_4_0,,T O Osborne,,,2026-04-29T14:04:37.806Z,,COORDINATE_REPROJECTED
686460214,1d04e739-98a9-4e16-9970-8f8f3bf9e9e3,8eda42e4-1ed8-11e3-bfac-90b11c41863e,Animalia,Chordata,Mammalia,Soricomorpha,Soricidae,Sorex,Sorex vagrans,vagrans,SUBSPECIES,"Sorex vagrans vagrans Baird, 1857",Sorex vagrans vagrans,,US,"MARLETTE LAKE, SE EDGE OF; ASPEN",Nevada,PRESENT,,b554c320-0560-11d8-b851-b8a03c50a862,39.1629332,-119.8969377,1.01,,,,,,7/20/77,20,7,1977,7194092,2436042,PRESERVED_SPECIMEN,KU,KUM,132928,,,,CC_BY_4_0,,T O Osborne,,,2026-04-29T14:04:37.859Z,,COORDINATE_REPROJECTED
686460213,1d04e739-98a9-4e16-9970-8f8f3bf9e9e3,8eda3fdb-1ed8-11e3-bfac-90b11c41863e,Animalia,Chordata,Mammalia,Soricomorpha,Soricidae,Sorex,Sorex vagrans,vagrans,SUBSPECIES,"Sorex vagrans vagrans Baird, 1857",Sorex vagrans vagrans,,US,"MARLETTE LAKE, SE EDGE OF; ASPEN",Nevada,PRESENT,,b554c320-0560-11d8-b851-b8a03c50a862,39.1629332,-119.8969377,1.01,,,,,,7/20/77,20,7,1977,7194092,2436042,PRESERVED_SPECIMEN,KU,KUM,132927,,,,CC_BY_4_0,,T O Osborne,,,2026-04-29T14:04:37.790Z,,COORDINATE_REPROJECTED
686460212,1d04e739-98a9-4e16-9970-8f8f3bf9e9e3,8eda3cd5-1ed8-11e3-bfac-90b11c41863e,Animalia,Chordata,Mammalia,Soricomorpha,Soricidae,Sorex,Sorex vagrans,vagrans,SUBSPECIES,"Sorex vagrans vagrans Baird, 1857",Sorex vagrans vagrans,,US,"MARLETTE LAKE, SE EDGE OF; ASPEN",Nevada,PRESENT,,b554c320-0560-11d8-b851-b8a03c50a862,39.1629332,-119.8969377,1.01,,,,,,7/20/77,20,7,1977,7194092,2436042,PRESERVED_SPECIMEN,KU,KUM,132926,,,,CC_BY_4_0,,T O Osborne,,,2026-04-29T14:04:37.804Z,,COORDINATE_REPROJECTED
686460211,1d04e739-98a9-4e16-9970-8f8f3bf9e9e3,8eda39cd-1ed8-11e3-bfac-90b11c41863e,Animalia,Chordata,Mammalia,Soricomorpha,Soricidae,Sorex,Sorex vagrans,vagrans,SUBSPECIES,"Sorex vagrans vagrans Baird, 1857",Sorex vagrans vagrans,,US,"MARLETTE LAKE, SE EDGE OF; ASPEN",Nevada,PRESENT,,b554c320-0560-11d8-b851-b8a03c50a862,39.1629332,-119.8969377,1.01,,,,,,7/20/77,20,7,1977,7194092,2436042,PRESERVED_SPECIMEN,KU,KUM,132925,,,,CC_BY_4_0,,T O Osborne,,,2026-04-29T14:04:37.813Z,,COORDINATE_REPROJECTED
686460210,1d04e739-98a9-4e16-9970-8f8f3bf9e9e3,8eda36c8-1ed8-11e3-bfac-90b11c41863e,Animalia,Chordata,Mammalia,Soricomorpha,Soricidae,Sorex,Sorex vagrans,vagrans,SUBSPECIES,"Sorex vagrans vagrans Baird, 1857",Sorex vagrans vagrans,,US,"MARLETTE LAKE, SE EDGE OF; ASPEN",Nevada,PRESENT,,b554c320-0560-11d8-b851-b8a03c50a862,39.1629332,-119.8969377,1.01,,,,,,7/20/77,20,7,1977,7194092,2436042,PRESERVED_SPECIMEN,KU,KUM,132924,,,,CC_BY_4_0,,T O Osborne,,,2026-04-29T14:04:37.803Z,,COORDINATE_REPROJECTED
686460209,1d04e739-98a9-4e16-9970-8f8f3bf9e9e3,8eda33c5-1ed8-11e3-bfac-90b11c41863e,Animalia,Chordata,Mammalia,Soricomorpha,Soricidae,Sorex,Sorex vagrans,vagrans,SUBSPECIES,"Sorex vagrans vagrans Baird, 1857",Sorex vagrans vagrans,,US,"MARLETTE LAKE, SE EDGE OF; ASPEN",Nevada,PRESENT,,b554c320-0560-11d8-b851-b8a03c50a862,39.1629332,-119.8969377,1.01,,,,,,7/20/77,20,7,1977,7194092,2436042,PRESERVED_SPECIMEN,KU,KUM,132923,,,,CC_BY_4_0,,T O Osborne,,,2026-04-29T14:04:37.785Z,,COORDINATE_REPROJECTED
686377401,1d04e739-98a9-4e16-9970-8f8f3bf9e9e3,8afed485-1ed8-11e3-bfac-90b11c41863e,Animalia,Chordata,Mammalia,Soricomorpha,Soricidae,Sorex,Sorex vagrans,vagrans,SUBSPECIES,"Sorex vagrans vagrans Baird, 1857",Sorex vagrans vagrans,,US,RUBY MTS; GREEN MT CANYON; HARRISON PASS RANGER STATION,Nevada,PRESENT,,b554c320-0560-11d8-b851-b8a03c50a862,40.34539,-115.59535,0.5,,,,,,6/26/28,26,6,1928,7194092,2436042,PRESERVED_SPECIMEN,KU,KUM,48119,,,,CC_BY_4_0,,A E Borell,,,2026-04-29T14:04:10.559Z,,GEODETIC_DATUM_ASSUMED_WGS84
686377399,1d04e739-98a9-4e16-9970-8f8f3bf9e9e3,8afec4fe-1ed8-11e3-bfac-90b11c41863e,Animalia,Chordata,Mammalia,Soricomorpha,Soricidae,Sorex,Sorex vagrans,vagrans,SUBSPECIES,"Sorex vagrans vagrans Baird, 1857",Sorex vagrans vagrans,,US,JARBRIDGE MTS; SUMMIT BETWEEN HEADS OF COPPER CREEK AND COON,Nevada,PRESENT,,b554c320-0560-11d8-b851-b8a03c50a862,41.7948252,-115.4884443,0.26,,,,,,7/20/29,20,7,1929,7194092,2436042,PRESERVED_SPECIMEN,KU,KUM,48117,,,,CC_BY_4_0,,A E Borell,,,2026-04-29T14:04:15.105Z,,COORDINATE_REPROJECTED
686374706,1d04e739-98a9-4e16-9970-8f8f3bf9e9e3,8adc1f5d-1ed8-11e3-bfac-90b11c41863e,Animalia,Chordata,Mammalia,Soricomorpha,Soricidae,Sorex,Sorex vagrans,vagrans,SUBSPECIES,"Sorex vagrans vagrans Baird, 1857",Sorex vagrans vagrans,,US,JARBRIDGE MTS; SUMMIT BETWEEN HEADS OF COPPER CREEK AND COON,Nevada,PRESENT,,b554c320-0560-11d8-b851-b8a03c50a862,41.7948252,-115.4884443,0.26,,,,,,7/21/29,21,7,1929,7194092,2436042,PRESERVED_SPECIMEN,KU,KUM,45418,,,,CC_BY_4_0,,A E Borell,,,2026-04-29T14:04:14.357Z,,COORDINATE_REPROJECTED
686374705,1d04e739-98a9-4e16-9970-8f8f3bf9e9e3,8adc1bce-1ed8-11e3-bfac-90b11c41863e,Animalia,Chordata,Mammalia,Soricomorpha,Soricidae,Sorex,Sorex vagrans,vagrans,SUBSPECIES,"Sorex vagrans vagrans Baird, 1857",Sorex vagrans vagrans,,US,JARBRIDGE MTS; SUMMIT BETWEEN HEADS OF COPPER CREEK AND COON,Nevada,PRESENT,,b554c320-0560-11d8-b851-b8a03c50a862,41.7948252,-115.4884443,0.26,,,,,,7/21/29,21,7,1929,7194092,2436042,PRESERVED_SPECIMEN,KU,KUM,45417,,,,CC_BY_4_0,,A E Borell,,,2026-04-29T14:04:09.743Z,,COORDINATE_REPROJECTED
686374704,1d04e739-98a9-4e16-9970-8f8f3bf9e9e3,8adc1837-1ed8-11e3-bfac-90b11c41863e,Animalia,Chordata,Mammalia,Soricomorpha,Soricidae,Sorex,Sorex vagrans,vagrans,SUBSPECIES,"Sorex vagrans vagrans Baird, 1857",Sorex vagrans vagrans,,US,JARBRIDGE MTS; SUMMIT BETWEEN HEADS OF COPPER CREEK AND COON,Nevada,PRESENT,,b554c320-0560-11d8-b851-b8a03c50a862,41.7948252,-115.4884443,0.26,,,,,,7/20/29,20,7,1929,7194092,2436042,PRESERVED_SPECIMEN,KU,KUM,45416,,,,CC_BY_4_0,,A E Borell,,,2026-04-29T14:04:14.707Z,,COORDINATE_REPROJECTED
686374703,1d04e739-98a9-4e16-9970-8f8f3bf9e9e3,8adc134b-1ed8-11e3-bfac-90b11c41863e,Animalia,Chordata,Mammalia,Soricomorpha,Soricidae,Sorex,Sorex vagrans,vagrans,SUBSPECIES,"Sorex vagrans vagrans Baird, 1857",Sorex vagrans vagrans,,US,RUBY MTS; SUMMIT OF SECRET PASS,Nevada,PRESENT,,b554c320-0560-11d8-b851-b8a03c50a862,40.8175,-115.22195,0.2,,,,,,7/12/27,12,7,1927,7194092,2436042,PRESERVED_SPECIMEN,KU,KUM,45415,,,,CC_BY_4_0,,A E Borell,,,2026-04-29T14:04:09.742Z,,GEODETIC_DATUM_ASSUMED_WGS84;RECORDED_DATE_INVALID
686374697,1d04e739-98a9-4e16-9970-8f8f3bf9e9e3,8adbf920-1ed8-11e3-bfac-90b11c41863e,Animalia,Chordata,Mammalia,Soricomorpha,Soricidae,Sorex,Sorex vagrans,vagrans,SUBSPECIES,"Sorex vagrans vagrans Baird, 1857",Sorex vagrans vagrans,,US,RUBY MTS; S FORK OF LONG CREEK,Nevada,PRESENT,,b554c320-0560-11d8-b851-b8a03c50a862,40.50948,-115.43653,0.5,,,,,,7/20/28,20,7,1928,7194092,2436042,PRESERVED_SPECIMEN,KU,KUM,45409,,,,CC_BY_4_0,,A E Borell,,,2026-04-29T14:04:14.355Z,,GEODETIC_DATUM_ASSUMED_WGS84
686374694,1d04e739-98a9-4e16-9970-8f8f3bf9e9e3,8adbeebc-1ed8-11e3-bfac-90b11c41863e,Animalia,Chordata,Mammalia,Soricomorpha,Soricidae,Sorex,Sorex vagrans,vagrans,SUBSPECIES,"Sorex vagrans vagrans Baird, 1857",Sorex vagrans vagrans,,US,RUBY MTS; S FORK OF LONG CREEK,Nevada,PRESENT,,b554c320-0560-11d8-b851-b8a03c50a862,40.52321,-115.44466,0.5,,,,,,7/10/28,10,7,1928,7194092,2436042,PRESERVED_SPECIMEN,KU,KUM,45406,,,,CC_BY_4_0,,A E Borell,,,2026-04-29T14:04:14.354Z,,GEODETIC_DATUM_ASSUMED_WGS84;RECORDED_DATE_INVALID
686374693,1d04e739-98a9-4e16-9970-8f8f3bf9e9e3,8adbeb43-1ed8-11e3-bfac-90b11c41863e,Animalia,Chordata,Mammalia,Soricomorpha,Soricidae,Sorex,Sorex vagrans,vagrans,SUBSPECIES,"Sorex vagrans vagrans Baird, 1857",Sorex vagrans vagrans,,US,RUBY MTS; S FORK OF LONG CREEK,Nevada,PRESENT,,b554c320-0560-11d8-b851-b8a03c50a862,40.52321,-115.44466,0.5,,,,,,7/9/28,9,7,1928,7194092,2436042,PRESERVED_SPECIMEN,KU,KUM,45405,,,,CC_BY_4_0,,A E Borell,,,2026-04-29T14:04:14.703Z,,GEODETIC_DATUM_ASSUMED_WGS84;RECORDED_DATE_INVALID
686374692,1d04e739-98a9-4e16-9970-8f8f3bf9e9e3,8adbe7be-1ed8-11e3-bfac-90b11c41863e,Animalia,Chordata,Mammalia,Soricomorpha,Soricidae,Sorex,Sorex vagrans,vagrans,SUBSPECIES,"Sorex vagrans vagrans Baird, 1857",Sorex vagrans vagrans,,US,RUBY MTS; S FORK OF LONG CREEK,Nevada,PRESENT,,b554c320-0560-11d8-b851-b8a03c50a862,40.52321,-115.44466,0.5,,,,,,7/9/28,9,7,1928,7194092,2436042,PRESERVED_SPECIMEN,KU,KUM,45404,,,,CC_BY_4_0,,A E Borell,,,2026-04-29T14:04:14.456Z,,GEODETIC_DATUM_ASSUMED_WGS84;RECORDED_DATE_INVALID
686374691,1d04e739-98a9-4e16-9970-8f8f3bf9e9e3,8adbe3f4-1ed8-11e3-bfac-90b11c41863e,Animalia,Chordata,Mammalia,Soricomorpha,Soricidae,Sorex,Sorex vagrans,vagrans,SUBSPECIES,"Sorex vagrans vagrans Baird, 1857",Sorex vagrans vagrans,,US,RUBY MTS; GREEN MT CANYON; HARRISON PASS RANGER STATION,Nevada,PRESENT,,b554c320-0560-11d8-b851-b8a03c50a862,40.34539,-115.59535,0.5,,,,,,6/26/28,26,6,1928,7194092,2436042,PRESERVED_SPECIMEN,KU,KUM,45403,,,,CC_BY_4_0,,A E Borell,,,2026-04-29T14:04:14.454Z,,GEODETIC_DATUM_ASSUMED_WGS84
686374690,1d04e739-98a9-4e16-9970-8f8f3bf9e9e3,8adbe078-1ed8-11e3-bfac-90b11c41863e,Animalia,Chordata,Mammalia,Soricomorpha,Soricidae,Sorex,Sorex vagrans,vagrans,SUBSPECIES,"Sorex vagrans vagrans Baird, 1857",Sorex vagrans vagrans,,US,RUBY MTS; GREEN MT CANYON; HARRISON PASS RANGER STATION,Nevada,PRESENT,,b554c320-0560-11d8-b851-b8a03c50a862,40.34539,-115.59535,0.5,,,,,,6/24/28,24,6,1928,7194092,2436042,PRESERVED_SPECIMEN,KU,KUM,45402,,,,CC_BY_4_0,,A E Borell,,,2026-04-29T14:04:09.740Z,,GEODETIC_DATUM_ASSUMED_WGS84
686374689,1d04e739-98a9-4e16-9970-8f8f3bf9e9e3,8adbdd01-1ed8-11e3-bfac-90b11c41863e,Animalia,Chordata,Mammalia,Soricomorpha,Soricidae,Sorex,Sorex vagrans,vagrans,SUBSPECIES,"Sorex vagrans vagrans Baird, 1857",Sorex vagrans vagrans,,US,RUBY MTS; GREEN MT CANYON; HARRISON PASS RANGER STATION,Nevada,PRESENT,,b554c320-0560-11d8-b851-b8a03c50a862,40.34539,-115.59535,0.5,,,,,,6/23/28,23,6,1928,7194092,2436042,PRESERVED_SPECIMEN,KU,KUM,45401,,,,CC_BY_4_0,,A E Borell,,,2026-04-29T14:04:09.739Z,,GEODETIC_DATUM_ASSUMED_WGS84
686374688,1d04e739-98a9-4e16-9970-8f8f3bf9e9e3,8adbd98a-1ed8-11e3-bfac-90b11c41863e,Animalia,Chordata,Mammalia,Soricomorpha,Soricidae,Sorex,Sorex vagrans,vagrans,SUBSPECIES,"Sorex vagrans vagrans Baird, 1857",Sorex vagrans vagrans,,US,RUBY MTS; GREEN MT CANYON; HARRISON PASS RANGER STATION,Nevada,PRESENT,,b554c320-0560-11d8-b851-b8a03c50a862,40.34539,-115.59535,0.5,,,,,,6/18/28,18,6,1928,7194092,2436042,PRESERVED_SPECIMEN,KU,KUM,45400,,,,CC_BY_4_0,,A E Borell,,,2026-04-29T14:04:09.752Z,,GEODETIC_DATUM_ASSUMED_WGS84
686374687,1d04e739-98a9-4e16-9970-8f8f3bf9e9e3,8adbd616-1ed8-11e3-bfac-90b11c41863e,Animalia,Chordata,Mammalia,Soricomorpha,Soricidae,Sorex,Sorex vagrans,vagrans,SUBSPECIES,"Sorex vagrans vagrans Baird, 1857",Sorex vagrans vagrans,,US,RUBY MTS; GREEN MT CANYON; HARRISON PASS RANGER STATION,Nevada,PRESENT,,b554c320-0560-11d8-b851-b8a03c50a862,40.34539,-115.59535,0.5,,,,,,6/18/28,18,6,1928,7194092,2436042,PRESERVED_SPECIMEN,KU,KUM,45399,,,,CC_BY_4_0,,A E Borell,,,2026-04-29T14:04:14.453Z,,GEODETIC_DATUM_ASSUMED_WGS84
686374686,1d04e739-98a9-4e16-9970-8f8f3bf9e9e3,8adbd2a2-1ed8-11e3-bfac-90b11c41863e,Animalia,Chordata,Mammalia,Soricomorpha,Soricidae,Sorex,Sorex vagrans,vagrans,SUBSPECIES,"Sorex vagrans vagrans Baird, 1857",Sorex vagrans vagrans,,US,"ELKO-WHITE PINE CO LINE, 3 MI N OF; W SIDE OF RUBY LAKE",Nevada,PRESENT,,b554c320-0560-11d8-b851-b8a03c50a862,40.16402,-115.50397,0.5,,,,,,12/31/27,31,12,1927,7194092,2436042,PRESERVED_SPECIMEN,KU,KUM,45398,,,,CC_BY_4_0,,A E Borell,,,2026-04-29T14:04:14.517Z,,GEODETIC_DATUM_INVALID;GEODETIC_DATUM_ASSUMED_WGS84
686374685,1d04e739-98a9-4e16-9970-8f8f3bf9e9e3,8adbcf2b-1ed8-11e3-bfac-90b11c41863e,Animalia,Chordata,Mammalia,Soricomorpha,Soricidae,Sorex,Sorex vagrans,vagrans,SUBSPECIES,"Sorex vagrans vagrans Baird, 1857",Sorex vagrans vagrans,,US,"ELKO-WHITE PINE CO LINE, 3 MI N OF; W SIDE OF RUBY LAKE",Nevada,PRESENT,,b554c320-0560-11d8-b851-b8a03c50a862,40.16402,-115.50397,0.5,,,,,,12/31/27,31,12,1927,7194092,2436042,PRESERVED_SPECIMEN,KU,KUM,45397,,,,CC_BY_4_0,,A E Borell,,,2026-04-29T14:04:14.515Z,,GEODETIC_DATUM_INVALID;GEODETIC_DATUM_ASSUMED_WGS84
686374684,1d04e739-98a9-4e16-9970-8f8f3bf9e9e3,8adbcbb8-1ed8-11e3-bfac-90b11c41863e,Animalia,Chordata,Mammalia,Soricomorpha,Soricidae,Sorex,Sorex vagrans,vagrans,SUBSPECIES,"Sorex vagrans vagrans Baird, 1857",Sorex vagrans vagrans,,US,"ELKO-WHITE PINE CO LINE, 3 MI N OF; W SIDE OF RUBY LAKE",Nevada,PRESENT,,b554c320-0560-11d8-b851-b8a03c50a862,40.16402,-115.50397,0.5,,,,,,12/31/27,31,12,1927,7194092,2436042,PRESERVED_SPECIMEN,KU,KUM,45396,,,,CC_BY_4_0,,A E Borell,,,2026-04-29T14:04:14.451Z,,GEODETIC_DATUM_INVALID;GEODETIC_DATUM_ASSUMED_WGS84
686374683,1d04e739-98a9-4e16-9970-8f8f3bf9e9e3,8adbc845-1ed8-11e3-bfac-90b11c41863e,Animalia,Chordata,Mammalia,Soricomorpha,Soricidae,Sorex,Sorex vagrans,vagrans,SUBSPECIES,"Sorex vagrans vagrans Baird, 1857",Sorex vagrans vagrans,,US,"ELKO-WHITE PINE CO LINE, 3 MI N OF; W SIDE OF RUBY LAKE",Nevada,PRESENT,,b554c320-0560-11d8-b851-b8a03c50a862,40.16402,-115.50397,0.5,,,,,,12/27/27,27,12,1927,7194092,2436042,PRESERVED_SPECIMEN,KU,KUM,45395,,,,CC_BY_4_0,,A E Borell,,,2026-04-29T14:04:09.738Z,,GEODETIC_DATUM_INVALID;GEODETIC_DATUM_ASSUMED_WGS84
686374682,1d04e739-98a9-4e16-9970-8f8f3bf9e9e3,8adbc4d6-1ed8-11e3-bfac-90b11c41863e,Animalia,Chordata,Mammalia,Soricomorpha,Soricidae,Sorex,Sorex vagrans,vagrans,SUBSPECIES,"Sorex vagrans vagrans Baird, 1857",Sorex vagrans vagrans,,US,"ELKO-WHITE PINE CO LINE, 3 MI N OF; W SIDE OF RUBY LAKE",Nevada,PRESENT,,b554c320-0560-11d8-b851-b8a03c50a862,40.16402,-115.50397,0.5,,,,,,12/27/27,27,12,1927,7194092,2436042,PRESERVED_SPECIMEN,KU,KUM,45394,,,,CC_BY_4_0,,A E Borell,,,2026-04-29T14:04:14.352Z,,GEODETIC_DATUM_INVALID;GEODETIC_DATUM_ASSUMED_WGS84
686374681,1d04e739-98a9-4e16-9970-8f8f3bf9e9e3,8adbc168-1ed8-11e3-bfac-90b11c41863e,Animalia,Chordata,Mammalia,Soricomorpha,Soricidae,Sorex,Sorex vagrans,vagrans,SUBSPECIES,"Sorex vagrans vagrans Baird, 1857",Sorex vagrans vagrans,,US,"ELKO-WHITE PINE CO LINE, 3 MI N OF; W SIDE OF RUBY LAKE",Nevada,PRESENT,,b554c320-0560-11d8-b851-b8a03c50a862,40.16402,-115.50397,0.5,,,,,,12/21/27,21,12,1927,7194092,2436042,PRESERVED_SPECIMEN,KU,KUM,45393,,,,CC_BY_4_0,,A E Borell,,,2026-04-29T14:04:14.701Z,,GEODETIC_DATUM_INVALID;GEODETIC_DATUM_ASSUMED_WGS84
686374680,1d04e739-98a9-4e16-9970-8f8f3bf9e9e3,8adbbdf9-1ed8-11e3-bfac-90b11c41863e,Animalia,Chordata,Mammalia,Soricomorpha,Soricidae,Sorex,Sorex vagrans,vagrans,SUBSPECIES,"Sorex vagrans vagrans Baird, 1857",Sorex vagrans vagrans,,US,"ELKO-WHITE PINE CO LINE, 3 MI N OF; W SIDE OF RUBY LAKE",Nevada,PRESENT,,b554c320-0560-11d8-b851-b8a03c50a862,40.16402,-115.50397,0.5,,,,,,12/21/27,21,12,1927,7194092,2436042,PRESERVED_SPECIMEN,KU,KUM,45392,,,,CC_BY_4_0,,A E Borell,,,2026-04-29T14:04:09.751Z,,GEODETIC_DATUM_INVALID;GEODETIC_DATUM_ASSUMED_WGS84
686374679,1d04e739-98a9-4e16-9970-8f8f3bf9e9e3,8adbba8d-1ed8-11e3-bfac-90b11c41863e,Animalia,Chordata,Mammalia,Soricomorpha,Soricidae,Sorex,Sorex vagrans,vagrans,SUBSPECIES,"Sorex vagrans vagrans Baird, 1857",Sorex vagrans vagrans,,US,"ELKO-WHITE PINE CO LINE, 3 MI N OF; W SIDE OF RUBY LAKE",Nevada,PRESENT,,b554c320-0560-11d8-b851-b8a03c50a862,40.16402,-115.50397,0.5,,,,,,12/18/27,18,12,1927,7194092,2436042,PRESERVED_SPECIMEN,KU,KUM,45391,,,,CC_BY_4_0,,A E Borell,,,2026-04-29T14:04:14.699Z,,GEODETIC_DATUM_INVALID;GEODETIC_DATUM_ASSUMED_WGS84
686374678,1d04e739-98a9-4e16-9970-8f8f3bf9e9e3,8adbb724-1ed8-11e3-bfac-90b11c41863e,Animalia,Chordata,Mammalia,Soricomorpha,Soricidae,Sorex,Sorex vagrans,vagrans,SUBSPECIES,"Sorex vagrans vagrans Baird, 1857",Sorex vagrans vagrans,,US,RUBY MTS; 2 MI S OF WHITE PINE-ELKO CO LINE; WILLOW CREEK,Nevada,PRESENT,,b554c320-0560-11d8-b851-b8a03c50a862,40.0992,-115.65998,0.5,,,,,,6/2/29,2,6,1929,7194092,2436042,PRESERVED_SPECIMEN,KU,KUM,45390,,,,CC_BY_4_0,,A E Borell,,,2026-04-29T14:04:09.736Z,,GEODETIC_DATUM_ASSUMED_WGS84;RECORDED_DATE_INVALID
686374677,1d04e739-98a9-4e16-9970-8f8f3bf9e9e3,8adbb3a0-1ed8-11e3-bfac-90b11c41863e,Animalia,Chordata,Mammalia,Soricomorpha,Soricidae,Sorex,Sorex vagrans,vagrans,SUBSPECIES,"Sorex vagrans vagrans Baird, 1857",Sorex vagrans vagrans,,US,RUBY MTS; 2 MI S OF WHITE PINE-ELKO CO LINE; WILLOW CREEK,Nevada,PRESENT,,b554c320-0560-11d8-b851-b8a03c50a862,40.0992,-115.65998,0.5,,,,,,6/2/29,2,6,1929,7194092,2436042,PRESERVED_SPECIMEN,KU,KUM,45389,,,,CC_BY_4_0,,A E Borell,,,2026-04-29T14:04:09.734Z,,GEODETIC_DATUM_ASSUMED_WGS84;RECORDED_DATE_INVALID
686374676,1d04e739-98a9-4e16-9970-8f8f3bf9e9e3,8adbaba1-1ed8-11e3-bfac-90b11c41863e,Animalia,Chordata,Mammalia,Soricomorpha,Soricidae,Sorex,Sorex vagrans,vagrans,SUBSPECIES,"Sorex vagrans vagrans Baird, 1857",Sorex vagrans vagrans,,US,"WHITE PINE-ELKO CO LINE, 3 MI S OF; W SIDE OF RUBY LAKE",Nevada,PRESENT,,b554c320-0560-11d8-b851-b8a03c50a862,40.07374,-115.53598,1,,,,,,11/4/29,4,11,1929,7194092,2436042,PRESERVED_SPECIMEN,KU,KUM,45388,,,,CC_BY_4_0,,A E Borell,,,2026-04-29T14:04:14.351Z,,GEODETIC_DATUM_ASSUMED_WGS84;RECORDED_DATE_INVALID
665917591,41fc5c40-5e81-496f-9733-6b5681b3b7a5,039c9b24-9274-41bb-b218-b20e0a142574,Animalia,Chordata,Mammalia,Soricomorpha,Soricidae,Sorex,Sorex vagrans,vagrans,SUBSPECIES,"Sorex vagrans vagrans Baird, 1857",Sorex vagrans vagrans,,US,"Ruby Mts, vicinity of Harrison Pass guard station",Nevada,PRESENT,1,7b8aff00-a9f8-11d8-944b-b8a03c50a862,40.345389,-115.59535,,,,,,,8/8/06,8,8,2006,7194092,2436042,PRESERVED_SPECIMEN,FMNH,Mammals,198348,UU-6011,,,CC0_1_0,The Field Museum of Natural History,E. A. Rickart,,,2026-04-24T10:47:44.260Z,,GEODETIC_DATUM_ASSUMED_WGS84;OCCURRENCE_STATUS_INFERRED_FROM_INDIVIDUAL_COUNT;INSTITUTION_MATCH_FUZZY;COLLECTION_MATCH_FUZZY
665879581,41fc5c40-5e81-496f-9733-6b5681b3b7a5,9879f521-6f71-48bd-83e8-a10a5923d20d,Animalia,Chordata,Mammalia,Soricomorpha,Soricidae,Sorex,Sorex vagrans,vagrans,SUBSPECIES,"Sorex vagrans vagrans Baird, 1857",Sorex vagrans vagrans,,US,"Snake Range, Lehman Creek headwaters",Nevada,PRESENT,1,7b8aff00-a9f8-11d8-944b-b8a03c50a862,39.006889,-114.304993,,,,,,,7/25/00,25,7,2000,7194092,2436042,PRESERVED_SPECIMEN,FMNH,Mammals,168436,FMNH-Mammals-6257,,,CC0_1_0,The Field Museum of Natural History,L. R. Heaney,,,2026-04-24T10:47:44.584Z,,COORDINATE_ROUNDED;GEODETIC_DATUM_INVALID;GEODETIC_DATUM_ASSUMED_WGS84;OCCURRENCE_STATUS_INFERRED_FROM_INDIVIDUAL_COUNT;INSTITUTION_MATCH_FUZZY;COLLECTION_MATCH_FUZZY
665879580,41fc5c40-5e81-496f-9733-6b5681b3b7a5,3aff2193-29f0-4d37-8c69-b9eb11a21c6c,Animalia,Chordata,Mammalia,Soricomorpha,Soricidae,Sorex,Sorex vagrans,vagrans,SUBSPECIES,"Sorex vagrans vagrans Baird, 1857",Sorex vagrans vagrans,,US,"Snake Range, Lehman Creek headwaters",Nevada,PRESENT,1,7b8aff00-a9f8-11d8-944b-b8a03c50a862,39.006889,-114.304993,,,,,,,7/25/00,25,7,2000,7194092,2436042,PRESERVED_SPECIMEN,FMNH,Mammals,168435,FMNH-Mammals-6256,,,CC0_1_0,The Field Museum of Natural History,L. R. Heaney,,,2026-04-24T10:47:47.306Z,,COORDINATE_ROUNDED;GEODETIC_DATUM_INVALID;GEODETIC_DATUM_ASSUMED_WGS84;OCCURRENCE_STATUS_INFERRED_FROM_INDIVIDUAL_COUNT;INSTITUTION_MATCH_FUZZY;COLLECTION_MATCH_FUZZY
665879579,41fc5c40-5e81-496f-9733-6b5681b3b7a5,797ed600-0172-4c1a-bb17-4e698bad513c,Animalia,Chordata,Mammalia,Soricomorpha,Soricidae,Sorex,Sorex vagrans,vagrans,SUBSPECIES,"Sorex vagrans vagrans Baird, 1857",Sorex vagrans vagrans,,US,"Snake Range, Lehman Creek headwaters",Nevada,PRESENT,1,7b8aff00-a9f8-11d8-944b-b8a03c50a862,39.006889,-114.304993,,,,,,,7/25/00,25,7,2000,7194092,2436042,PRESERVED_SPECIMEN,FMNH,Mammals,168434,FMNH-Mammals-6255,,,CC0_1_0,The Field Museum of Natural History,L. R. Heaney,,,2026-04-24T10:47:49.129Z,,COORDINATE_ROUNDED;GEODETIC_DATUM_INVALID;GEODETIC_DATUM_ASSUMED_WGS84;OCCURRENCE_STATUS_INFERRED_FROM_INDIVIDUAL_COUNT;INSTITUTION_MATCH_FUZZY;COLLECTION_MATCH_FUZZY
665879578,41fc5c40-5e81-496f-9733-6b5681b3b7a5,6fa44fd1-58db-4ff6-a391-d1f87b61bcb5,Animalia,Chordata,Mammalia,Soricomorpha,Soricidae,Sorex,Sorex vagrans,vagrans,SUBSPECIES,"Sorex vagrans vagrans Baird, 1857",Sorex vagrans vagrans,,US,"Snake Range, Lehman Creek headwaters",Nevada,PRESENT,1,7b8aff00-a9f8-11d8-944b-b8a03c50a862,39.006889,-114.304993,,,,,,,7/25/00,25,7,2000,7194092,2436042,PRESERVED_SPECIMEN,FMNH,Mammals,168433,FMNH-Mammals-6254,,,CC0_1_0,The Field Museum of Natural History,L. R. Heaney,,,2026-04-24T10:47:40.643Z,,COORDINATE_ROUNDED;GEODETIC_DATUM_INVALID;GEODETIC_DATUM_ASSUMED_WGS84;OCCURRENCE_STATUS_INFERRED_FROM_INDIVIDUAL_COUNT;INSTITUTION_MATCH_FUZZY;COLLECTION_MATCH_FUZZY
665879577,41fc5c40-5e81-496f-9733-6b5681b3b7a5,93d5de65-3bee-4d43-b66d-cb20c7a2eea7,Animalia,Chordata,Mammalia,Soricomorpha,Soricidae,Sorex,Sorex vagrans,vagrans,SUBSPECIES,"Sorex vagrans vagrans Baird, 1857",Sorex vagrans vagrans,,US,"Snake Range, Lehman Creek headwaters",Nevada,PRESENT,1,7b8aff00-a9f8-11d8-944b-b8a03c50a862,39.006889,-114.304993,,,,,,,7/23/00,23,7,2000,7194092,2436042,PRESERVED_SPECIMEN,FMNH,Mammals,168432,FMNH-Mammals-6244,,,CC0_1_0,The Field Museum of Natural History,L. R. Heaney,,,2026-04-24T10:47:41.764Z,,COORDINATE_ROUNDED;GEODETIC_DATUM_INVALID;GEODETIC_DATUM_ASSUMED_WGS84;OCCURRENCE_STATUS_INFERRED_FROM_INDIVIDUAL_COUNT;INSTITUTION_MATCH_FUZZY;COLLECTION_MATCH_FUZZY
665879576,41fc5c40-5e81-496f-9733-6b5681b3b7a5,442733ed-1f2d-489a-9b1f-6eee601cbd46,Animalia,Chordata,Mammalia,Soricomorpha,Soricidae,Sorex,Sorex vagrans,vagrans,SUBSPECIES,"Sorex vagrans vagrans Baird, 1857",Sorex vagrans vagrans,,US,"Snake Range, Lehman Creek headwaters",Nevada,PRESENT,1,7b8aff00-a9f8-11d8-944b-b8a03c50a862,39.006889,-114.304993,,,,,,,7/23/00,23,7,2000,7194092,2436042,PRESERVED_SPECIMEN,FMNH,Mammals,168431,FMNH-Mammals-6243,,,CC0_1_0,The Field Museum of Natural History,L. R. Heaney,,,2026-04-24T10:47:38.231Z,,COORDINATE_ROUNDED;GEODETIC_DATUM_INVALID;GEODETIC_DATUM_ASSUMED_WGS84;OCCURRENCE_STATUS_INFERRED_FROM_INDIVIDUAL_COUNT;INSTITUTION_MATCH_FUZZY;COLLECTION_MATCH_FUZZY
665879575,41fc5c40-5e81-496f-9733-6b5681b3b7a5,87d25648-2714-40c5-b88d-8ce1e9cf1e04,Animalia,Chordata,Mammalia,Soricomorpha,Soricidae,Sorex,Sorex vagrans,vagrans,SUBSPECIES,"Sorex vagrans vagrans Baird, 1857",Sorex vagrans vagrans,,US,"Snake Range, Lehman Creek headwaters",Nevada,PRESENT,1,7b8aff00-a9f8-11d8-944b-b8a03c50a862,39.006889,-114.304993,,,,,,,7/23/00,23,7,2000,7194092,2436042,PRESERVED_SPECIMEN,FMNH,Mammals,168430,FMNH-Mammals-6242,,,CC0_1_0,The Field Museum of Natural History,L. R. Heaney,,,2026-04-24T10:47:49.346Z,,COORDINATE_ROUNDED;GEODETIC_DATUM_INVALID;GEODETIC_DATUM_ASSUMED_WGS84;OCCURRENCE_STATUS_INFERRED_FROM_INDIVIDUAL_COUNT;INSTITUTION_MATCH_FUZZY;COLLECTION_MATCH_FUZZY
665879574,41fc5c40-5e81-496f-9733-6b5681b3b7a5,2b4f8b6d-1586-42b3-b9ea-b110e6f40974,Animalia,Chordata,Mammalia,Soricomorpha,Soricidae,Sorex,Sorex vagrans,vagrans,SUBSPECIES,"Sorex vagrans vagrans Baird, 1857",Sorex vagrans vagrans,,US,"Snake Range, Lehman Creek headwaters",Nevada,PRESENT,1,7b8aff00-a9f8-11d8-944b-b8a03c50a862,39.006889,-114.304993,,,,,,,7/23/00,23,7,2000,7194092,2436042,PRESERVED_SPECIMEN,FMNH,Mammals,168429,FMNH-Mammals-6241,,,CC0_1_0,The Field Museum of Natural History,L. R. Heaney,,,2026-04-24T10:47:36.678Z,,COORDINATE_ROUNDED;GEODETIC_DATUM_INVALID;GEODETIC_DATUM_ASSUMED_WGS84;OCCURRENCE_STATUS_INFERRED_FROM_INDIVIDUAL_COUNT;INSTITUTION_MATCH_FUZZY;COLLECTION_MATCH_FUZZY
665879573,41fc5c40-5e81-496f-9733-6b5681b3b7a5,69ba36ae-b9e6-4f56-a734-2ed855aa72d9,Animalia,Chordata,Mammalia,Soricomorpha,Soricidae,Sorex,Sorex vagrans,vagrans,SUBSPECIES,"Sorex vagrans vagrans Baird, 1857",Sorex vagrans vagrans,,US,"Snake Range, Lehman Creek headwaters",Nevada,PRESENT,1,7b8aff00-a9f8-11d8-944b-b8a03c50a862,39.006889,-114.304993,,,,,,,7/22/00,22,7,2000,7194092,2436042,PRESERVED_SPECIMEN,FMNH,Mammals,168428,FMNH-Mammals-6237,,,CC0_1_0,The Field Museum of Natural History,L. R. Heaney,,,2026-04-24T10:47:48.422Z,,COORDINATE_ROUNDED;GEODETIC_DATUM_INVALID;GEODETIC_DATUM_ASSUMED_WGS84;OCCURRENCE_STATUS_INFERRED_FROM_INDIVIDUAL_COUNT;INSTITUTION_MATCH_FUZZY;COLLECTION_MATCH_FUZZY
665724217,41fc5c40-5e81-496f-9733-6b5681b3b7a5,6d8d52c5-dc0b-4284-bb3a-7f7dad20b74d,Animalia,Chordata,Mammalia,Soricomorpha,Soricidae,Sorex,Sorex vagrans,vagrans,SUBSPECIES,"Sorex vagrans vagrans Baird, 1857",Sorex vagrans vagrans,,US,"Snake Range, Lehman Creek headwaters",Nevada,PRESENT,1,7b8aff00-a9f8-11d8-944b-b8a03c50a862,39.011059,-114.300835,,,,,,,7/20/00,20,7,2000,7194092,2436042,PRESERVED_SPECIMEN,FMNH,Mammals,168551,FMNH-Mammals-6190,,,CC0_1_0,The Field Museum of Natural History,L. R. Heaney,,,2026-04-24T10:47:45.780Z,,COORDINATE_ROUNDED;GEODETIC_DATUM_INVALID;GEODETIC_DATUM_ASSUMED_WGS84;OCCURRENCE_STATUS_INFERRED_FROM_INDIVIDUAL_COUNT;INSTITUTION_MATCH_FUZZY;COLLECTION_MATCH_FUZZY
665724210,41fc5c40-5e81-496f-9733-6b5681b3b7a5,0bbf51de-e28f-40bb-a4c6-9ba39a4b7253,Animalia,Chordata,Mammalia,Soricomorpha,Soricidae,Sorex,Sorex vagrans,vagrans,SUBSPECIES,"Sorex vagrans vagrans Baird, 1857",Sorex vagrans vagrans,,US,"Snake Range, Lehman Creek headwaters",Nevada,PRESENT,1,7b8aff00-a9f8-11d8-944b-b8a03c50a862,39.011059,-114.300835,,,,,,,7/19/00,19,7,2000,7194092,2436042,PRESERVED_SPECIMEN,FMNH,Mammals,168550,FMNH-Mammals-6172,,,CC0_1_0,The Field Museum of Natural History,L. R. Heaney,,,2026-04-24T10:47:32.612Z,,COORDINATE_ROUNDED;GEODETIC_DATUM_INVALID;GEODETIC_DATUM_ASSUMED_WGS84;OCCURRENCE_STATUS_INFERRED_FROM_INDIVIDUAL_COUNT;INSTITUTION_MATCH_FUZZY;COLLECTION_MATCH_FUZZY
665724190,41fc5c40-5e81-496f-9733-6b5681b3b7a5,72e01dea-d70b-4e2e-9362-b15450f88b6f,Animalia,Chordata,Mammalia,Soricomorpha,Soricidae,Sorex,Sorex vagrans,vagrans,SUBSPECIES,"Sorex vagrans vagrans Baird, 1857",Sorex vagrans vagrans,,US,"Snake Range, Lehman Creek headwaters",Nevada,PRESENT,1,7b8aff00-a9f8-11d8-944b-b8a03c50a862,39.011059,-114.300835,,,,,,,7/20/00,20,7,2000,7194092,2436042,PRESERVED_SPECIMEN,FMNH,Mammals,168427,FMNH-Mammals-6191,,,CC0_1_0,The Field Museum of Natural History,L. R. Heaney,,,2026-04-24T10:47:39.150Z,,COORDINATE_ROUNDED;GEODETIC_DATUM_INVALID;GEODETIC_DATUM_ASSUMED_WGS84;OCCURRENCE_STATUS_INFERRED_FROM_INDIVIDUAL_COUNT;INSTITUTION_MATCH_FUZZY;COLLECTION_MATCH_FUZZY
6187804205,58daed7d-de25-416c-a923-22eb737b6a67,https://arctos.database.museum/guid/UNCG:Mamm:2100,Animalia,Chordata,Mammalia,Soricomorpha,Soricidae,Sorex,Sorex palustris,,SPECIES,"Sorex navigator (Baird, 1858)",Sorex navigator,,US,"Humboldt-Toiyabe National Forest, Ruby Mountains, 7.5 km NE of Overland Lake, Myers Creek",Nevada,PRESENT,,a3606783-50d7-42e7-8cad-14cb6214def4,40.511052,-115.384312,5,,2229,0,,,,,,,12105209,2436006,PRESERVED_SPECIMEN,UNCG,Mammalogy,UNCG:Mamm:2100,,Olivia S. Chapman,2025-07-23T00:00:00,CC_BY_NC_4_0,,"Collector(s): Amanda K. Weller, Helen B. Plylar, Olivia S. Chapman, Wade M. Burris, Kristin E. Stierman, Munkh-Orgil Sainzorigt",,,2026-04-24T09:30:41.228Z,,COORDINATE_ROUNDED;CONTINENT_DERIVED_FROM_COORDINATES;INSTITUTION_MATCH_FUZZY;INSTITUTION_COLLECTION_MISMATCH
6187804099,58daed7d-de25-416c-a923-22eb737b6a67,https://arctos.database.museum/guid/UNCG:Mamm:2117,Animalia,Chordata,Mammalia,Soricomorpha,Soricidae,Sorex,Sorex vagrans,,SPECIES,"Sorex vagrans Baird, 1857",Sorex vagrans,,US,"Humboldt-Toiyabe National Forest, Ruby Mountains, 7.5 km NE of Overland Lake, Myers Creek",Nevada,PRESENT,,a3606783-50d7-42e7-8cad-14cb6214def4,40.510541,-115.384181,5,,1932,0,,,,,,,2436042,2436042,PRESERVED_SPECIMEN,UNCG,Mammalogy,UNCG:Mamm:2117,,Olivia S. Chapman,2025-07-24T00:00:00,CC_BY_NC_4_0,,"Collector(s): Amanda K. Weller, Helen B. Plylar, Olivia S. Chapman, Wade M. Burris, Kristin E. Stierman, Munkh-Orgil Sainzorigt",,,2026-04-24T09:30:40.414Z,,COORDINATE_ROUNDED;CONTINENT_DERIVED_FROM_COORDINATES;INSTITUTION_MATCH_FUZZY;INSTITUTION_COLLECTION_MISMATCH
6187804090,58daed7d-de25-416c-a923-22eb737b6a67,https://arctos.database.museum/guid/UNCG:Mamm:2118,Animalia,Chordata,Mammalia,Soricomorpha,Soricidae,Sorex,Sorex palustris,,SPECIES,"Sorex navigator (Baird, 1858)",Sorex navigator,,US,"Humboldt-Toiyabe National Forest, Ruby Mountains, 7.5 km NE of Overland Lake, Myers Creek",Nevada,PRESENT,,a3606783-50d7-42e7-8cad-14cb6214def4,40.51078,-115.38453,5,,1924,0,,,,,,,12105209,2436006,PRESERVED_SPECIMEN,UNCG,Mammalogy,UNCG:Mamm:2118,,Olivia S. Chapman,2025-07-24T00:00:00,CC_BY_NC_4_0,,"Collector(s): Amanda K. Weller, Helen B. Plylar, Olivia S. Chapman, Wade M. Burris, Kristin E. Stierman, Munkh-Orgil Sainzorigt",,,2026-04-24T09:30:41.155Z,,COORDINATE_ROUNDED;CONTINENT_DERIVED_FROM_COORDINATES;INSTITUTION_MATCH_FUZZY;INSTITUTION_COLLECTION_MISMATCH
6187803958,58daed7d-de25-416c-a923-22eb737b6a67,https://arctos.database.museum/guid/UNCG:Mamm:1925,Animalia,Chordata,Mammalia,Soricomorpha,Soricidae,Sorex,Sorex vagrans,,SPECIES,"Sorex vagrans Baird, 1857",Sorex vagrans,,US,"Humboldt-Toiyabe National Forest, 5 km NE of North Toiyabe Peak, Birch Creek",Nevada,PRESENT,,a3606783-50d7-42e7-8cad-14cb6214def4,39.398962,-117.045601,5,,2168,0,,,,,,,2436042,2436042,PRESERVED_SPECIMEN,UNCG,Mammalogy,UNCG:Mamm:1925,,Olivia S. Chapman,2025-07-10T00:00:00,CC_BY_NC_4_0,,"Collector(s): Amanda K. Weller, Bryan S. McLean, Olivia S. Chapman, Wade M. Burris, Kristin E. Stierman, Munkh-Orgil Sainzorigt, Helen B. Plylar",,,2026-04-24T09:30:39.462Z,,COORDINATE_ROUNDED;CONTINENT_DERIVED_FROM_COORDINATES;INSTITUTION_MATCH_FUZZY;INSTITUTION_COLLECTION_MISMATCH
6187803951,58daed7d-de25-416c-a923-22eb737b6a67,https://arctos.database.museum/guid/UNCG:Mamm:1952,Animalia,Chordata,Mammalia,Soricomorpha,Soricidae,Sorex,Sorex vagrans,,SPECIES,"Sorex vagrans Baird, 1857",Sorex vagrans,,US,"Humboldt-Toiyabe National Forest, 5 km NE of North Toiyabe Peak, Birch Creek",Nevada,PRESENT,,a3606783-50d7-42e7-8cad-14cb6214def4,39.398827,-117.047159,5,,2179,0,,,,,,,2436042,2436042,PRESERVED_SPECIMEN,UNCG,Mammalogy,UNCG:Mamm:1952,,Olivia S. Chapman,2025-07-11T00:00:00,CC_BY_NC_4_0,,"Collector(s): Amanda K. Weller, Bryan S. McLean, Olivia S. Chapman, Wade M. Burris, Kristin E. Stierman, Munkh-Orgil Sainzorigt, Helen B. Plylar",,,2026-04-24T09:30:40.665Z,,COORDINATE_ROUNDED;CONTINENT_DERIVED_FROM_COORDINATES;INSTITUTION_MATCH_FUZZY;INSTITUTION_COLLECTION_MISMATCH
6187803920,58daed7d-de25-416c-a923-22eb737b6a67,https://arctos.database.museum/guid/UNCG:Mamm:1963,Animalia,Chordata,Mammalia,Soricomorpha,Soricidae,Sorex,Sorex vagrans,,SPECIES,"Sorex vagrans Baird, 1857",Sorex vagrans,,US,"Humboldt-Toiyabe National Forest, 2.75 km WSW North Schell Peak, Timber Creek",Nevada,PRESENT,,a3606783-50d7-42e7-8cad-14cb6214def4,39.399733,-114.627411,5,,2671,0,,,,,,,2436042,2436042,PRESERVED_SPECIMEN,UNCG,Mammalogy,UNCG:Mamm:1963,,Olivia S. Chapman,2025-07-13T00:00:00,CC_BY_NC_4_0,,"Collector(s): Amanda K. Weller, Helen B. Plylar, Olivia S. Chapman, Wade M. Burris, Kristin E. Stierman, Munkh-Orgil Sainzorigt",,,2026-04-24T09:30:40.099Z,,COORDINATE_ROUNDED;CONTINENT_DERIVED_FROM_COORDINATES;INSTITUTION_MATCH_FUZZY;INSTITUTION_COLLECTION_MISMATCH
6187803917,58daed7d-de25-416c-a923-22eb737b6a67,https://arctos.database.museum/guid/UNCG:Mamm:1964,Animalia,Chordata,Mammalia,Soricomorpha,Soricidae,Sorex,Sorex vagrans,,SPECIES,"Sorex vagrans Baird, 1857",Sorex vagrans,,US,"Humboldt-Toiyabe National Forest, 2.75 km WSW North Schell Peak, Timber Creek",Nevada,PRESENT,,a3606783-50d7-42e7-8cad-14cb6214def4,39.399744,-114.627549,5,,2673,0,,,,,,,2436042,2436042,PRESERVED_SPECIMEN,UNCG,Mammalogy,UNCG:Mamm:1964,,Olivia S. Chapman,2025-07-13T00:00:00,CC_BY_NC_4_0,,"Collector(s): Amanda K. Weller, Helen B. Plylar, Olivia S. Chapman, Wade M. Burris, Kristin E. Stierman, Munkh-Orgil Sainzorigt",,,2026-04-24T09:30:41.204Z,,COORDINATE_ROUNDED;CONTINENT_DERIVED_FROM_COORDINATES;INSTITUTION_MATCH_FUZZY;INSTITUTION_COLLECTION_MISMATCH
6187803916,58daed7d-de25-416c-a923-22eb737b6a67,https://arctos.database.museum/guid/UNCG:Mamm:1967,Animalia,Chordata,Mammalia,Soricomorpha,Soricidae,Sorex,Sorex vagrans,,SPECIES,"Sorex vagrans Baird, 1857",Sorex vagrans,,US,"Humboldt-Toiyabe National Forest, 2.75 km WSW North Schell Peak, Timber Creek",Nevada,PRESENT,,a3606783-50d7-42e7-8cad-14cb6214def4,39.399866,-114.627819,5,,2663,0,,,,,,,2436042,2436042,PRESERVED_SPECIMEN,UNCG,Mammalogy,UNCG:Mamm:1967,,Olivia S. Chapman,2025-07-13T00:00:00,CC_BY_NC_4_0,,"Collector(s): Amanda K. Weller, Helen B. Plylar, Olivia S. Chapman, Wade M. Burris, Kristin E. Stierman, Munkh-Orgil Sainzorigt",,,2026-04-24T09:30:40.674Z,,COORDINATE_ROUNDED;CONTINENT_DERIVED_FROM_COORDINATES;INSTITUTION_MATCH_FUZZY;INSTITUTION_COLLECTION_MISMATCH
6187803914,58daed7d-de25-416c-a923-22eb737b6a67,https://arctos.database.museum/guid/UNCG:Mamm:1969,Animalia,Chordata,Mammalia,Soricomorpha,Soricidae,Sorex,Sorex vagrans,,SPECIES,"Sorex vagrans Baird, 1857",Sorex vagrans,,US,"Humboldt-Toiyabe National Forest, 2.75 km WSW North Schell Peak, Timber Creek",Nevada,PRESENT,,a3606783-50d7-42e7-8cad-14cb6214def4,39.399732,-114.627558,5,,2670,0,,,,,,,2436042,2436042,PRESERVED_SPECIMEN,UNCG,Mammalogy,UNCG:Mamm:1969,,Olivia S. Chapman,2025-07-13T00:00:00,CC_BY_NC_4_0,,"Collector(s): Amanda K. Weller, Helen B. Plylar, Olivia S. Chapman, Wade M. Burris, Kristin E. Stierman, Munkh-Orgil Sainzorigt",,,2026-04-24T09:30:40.392Z,,COORDINATE_ROUNDED;CONTINENT_DERIVED_FROM_COORDINATES;INSTITUTION_MATCH_FUZZY;INSTITUTION_COLLECTION_MISMATCH
6187803913,58daed7d-de25-416c-a923-22eb737b6a67,https://arctos.database.museum/guid/UNCG:Mamm:1968,Animalia,Chordata,Mammalia,Soricomorpha,Soricidae,Sorex,Sorex vagrans,,SPECIES,"Sorex vagrans Baird, 1857",Sorex vagrans,,US,"Humboldt-Toiyabe National Forest, 2.75 km WSW North Schell Peak, Timber Creek",Nevada,PRESENT,,a3606783-50d7-42e7-8cad-14cb6214def4,39.39983,-114.627574,5,,2670,0,,,,,,,2436042,2436042,PRESERVED_SPECIMEN,UNCG,Mammalogy,UNCG:Mamm:1968,,Olivia S. Chapman,2025-07-13T00:00:00,CC_BY_NC_4_0,,"Collector(s): Amanda K. Weller, Helen B. Plylar, Olivia S. Chapman, Wade M. Burris, Kristin E. Stierman, Munkh-Orgil Sainzorigt",,,2026-04-24T09:30:41.385Z,,COORDINATE_ROUNDED;CONTINENT_DERIVED_FROM_COORDINATES;INSTITUTION_MATCH_FUZZY;INSTITUTION_COLLECTION_MISMATCH
6187803909,58daed7d-de25-416c-a923-22eb737b6a67,https://arctos.database.museum/guid/UNCG:Mamm:1994,Animalia,Chordata,Mammalia,Soricomorpha,Soricidae,Sorex,Sorex vagrans,,SPECIES,"Sorex vagrans Baird, 1857",Sorex vagrans,,US,"Humboldt-Toiyabe National Forest, 2.75 km WSW North Schell Peak, Timber Creek",Nevada,PRESENT,,a3606783-50d7-42e7-8cad-14cb6214def4,39.399741,-114.627511,5,,2676,0,,,,,,,2436042,2436042,PRESERVED_SPECIMEN,UNCG,Mammalogy,UNCG:Mamm:1994,,Olivia S. Chapman,2025-07-14T00:00:00,CC_BY_NC_4_0,,"Collector(s): Amanda K. Weller, Helen B. Plylar, Olivia S. Chapman, Wade M. Burris, Kristin E. Stierman, Munkh-Orgil Sainzorigt",,,2026-04-24T09:30:39.570Z,,COORDINATE_ROUNDED;CONTINENT_DERIVED_FROM_COORDINATES;INSTITUTION_MATCH_FUZZY;INSTITUTION_COLLECTION_MISMATCH
6187803907,58daed7d-de25-416c-a923-22eb737b6a67,https://arctos.database.museum/guid/UNCG:Mamm:1996,Animalia,Chordata,Mammalia,Soricomorpha,Soricidae,Sorex,Sorex vagrans,,SPECIES,"Sorex vagrans Baird, 1857",Sorex vagrans,,US,"Humboldt-Toiyabe National Forest, 2.75 km WSW North Schell Peak, Timber Creek",Nevada,PRESENT,,a3606783-50d7-42e7-8cad-14cb6214def4,39.399544,-114.62794,5,,2653,0,,,,,,,2436042,2436042,PRESERVED_SPECIMEN,UNCG,Mammalogy,UNCG:Mamm:1996,,Olivia S. Chapman,2025-07-14T00:00:00,CC_BY_NC_4_0,,"Collector(s): Amanda K. Weller, Helen B. Plylar, Olivia S. Chapman, Wade M. Burris, Kristin E. Stierman, Munkh-Orgil Sainzorigt",,,2026-04-24T09:30:39.170Z,,COORDINATE_ROUNDED;CONTINENT_DERIVED_FROM_COORDINATES;INSTITUTION_MATCH_FUZZY;INSTITUTION_COLLECTION_MISMATCH
6187803904,58daed7d-de25-416c-a923-22eb737b6a67,https://arctos.database.museum/guid/UNCG:Mamm:1997,Animalia,Chordata,Mammalia,Soricomorpha,Soricidae,Sorex,Sorex vagrans,,SPECIES,"Sorex vagrans Baird, 1857",Sorex vagrans,,US,"Humboldt-Toiyabe National Forest, 2.75 km WSW North Schell Peak, Timber Creek",Nevada,PRESENT,,a3606783-50d7-42e7-8cad-14cb6214def4,39.399613,-114.627907,5,,2655,0,,,,,,,2436042,2436042,PRESERVED_SPECIMEN,UNCG,Mammalogy,UNCG:Mamm:1997,,Olivia S. Chapman,2025-07-14T00:00:00,CC_BY_NC_4_0,,"Collector(s): Amanda K. Weller, Helen B. Plylar, Olivia S. Chapman, Wade M. Burris, Kristin E. Stierman, Munkh-Orgil Sainzorigt",,,2026-04-24T09:30:39.944Z,,COORDINATE_ROUNDED;CONTINENT_DERIVED_FROM_COORDINATES;INSTITUTION_MATCH_FUZZY;INSTITUTION_COLLECTION_MISMATCH
6187803903,58daed7d-de25-416c-a923-22eb737b6a67,https://arctos.database.museum/guid/UNCG:Mamm:1999,Animalia,Chordata,Mammalia,Soricomorpha,Soricidae,Sorex,Sorex vagrans,,SPECIES,"Sorex vagrans Baird, 1857",Sorex vagrans,,US,"Humboldt-Toiyabe National Forest, 2.75 km WSW North Schell Peak, Timber Creek",Nevada,PRESENT,,a3606783-50d7-42e7-8cad-14cb6214def4,39.399796,-114.627869,5,,2661,0,,,,,,,2436042,2436042,PRESERVED_SPECIMEN,UNCG,Mammalogy,UNCG:Mamm:1999,,Olivia S. Chapman,2025-07-14T00:00:00,CC_BY_NC_4_0,,"Collector(s): Amanda K. Weller, Helen B. Plylar, Olivia S. Chapman, Wade M. Burris, Kristin E. Stierman, Munkh-Orgil Sainzorigt",,,2026-04-24T09:30:41.498Z,,COORDINATE_ROUNDED;CONTINENT_DERIVED_FROM_COORDINATES;INSTITUTION_MATCH_FUZZY;INSTITUTION_COLLECTION_MISMATCH
6187803756,58daed7d-de25-416c-a923-22eb737b6a67,https://arctos.database.museum/guid/UNCG:Mamm:2003,Animalia,Chordata,Mammalia,Soricomorpha,Soricidae,Sorex,Sorex vagrans,,SPECIES,"Sorex vagrans Baird, 1857",Sorex vagrans,,US,"Humboldt-Toiyabe National Forest, 2.75 km WSW North Schell Peak, Timber Creek",Nevada,PRESENT,,a3606783-50d7-42e7-8cad-14cb6214def4,39.383526,-117.021632,5,,2568,0,,,,,,,2436042,2436042,PRESERVED_SPECIMEN,UNCG,Mammalogy,UNCG:Mamm:2003,,Olivia S. Chapman,2025-07-14T00:00:00,CC_BY_NC_4_0,,"Collector(s): Amanda K. Weller, Helen B. Plylar, Olivia S. Chapman, Wade M. Burris, Kristin E. Stierman, Munkh-Orgil Sainzorigt",,,2026-04-24T09:30:40.298Z,,COORDINATE_ROUNDED;CONTINENT_DERIVED_FROM_COORDINATES;INSTITUTION_MATCH_FUZZY;INSTITUTION_COLLECTION_MISMATCH
6187803744,58daed7d-de25-416c-a923-22eb737b6a67,https://arctos.database.museum/guid/UNCG:Mamm:3335,Animalia,Chordata,Mammalia,Soricomorpha,Soricidae,Sorex,Sorex vagrans,,SPECIES,"Sorex vagrans Baird, 1857",Sorex vagrans,,US,"Humboldt-Toiyabe National Forest, 7.5 km W of Toiyabe Range Peak, San Juan Campground",Nevada,PRESENT,,a3606783-50d7-42e7-8cad-14cb6214def4,39.122372,-117.275046,5,,2209,0,,,,,,,2436042,2436042,PRESERVED_SPECIMEN,UNCG,Mammalogy,UNCG:Mamm:3335,,Olivia S. Chapman,2025-07-07T00:00:00,CC_BY_NC_4_0,,"Collector(s): Amanda K. Weller, Bryan S. McLean, Olivia S. Chapman, Wade M. Burris, Kristin E. Stierman, Munkh-Orgil Sainzorigt, Helen B. Plylar",,,2026-04-24T09:30:40.104Z,,COORDINATE_ROUNDED;CONTINENT_DERIVED_FROM_COORDINATES;INSTITUTION_MATCH_FUZZY;INSTITUTION_COLLECTION_MISMATCH
6187803733,58daed7d-de25-416c-a923-22eb737b6a67,https://arctos.database.museum/guid/UNCG:Mamm:2008,Animalia,Chordata,Mammalia,Soricomorpha,Soricidae,Sorex,Sorex vagrans,,SPECIES,"Sorex vagrans Baird, 1857",Sorex vagrans,,US,"Humboldt-Toiyabe National Forest, 2.75 km WSW North Schell Peak, Timber Creek",Nevada,PRESENT,,a3606783-50d7-42e7-8cad-14cb6214def4,39.400066,-114.622861,5,,2707,0,,,,,,,2436042,2436042,PRESERVED_SPECIMEN,UNCG,Mammalogy,UNCG:Mamm:2008,,Olivia S. Chapman,2025-07-14T00:00:00,CC_BY_NC_4_0,,"Collector(s): Amanda K. Weller, Helen B. Plylar, Olivia S. Chapman, Wade M. Burris, Kristin E. Stierman, Munkh-Orgil Sainzorigt",,,2026-04-24T09:30:39.524Z,,CONTINENT_DERIVED_FROM_COORDINATES;INSTITUTION_MATCH_FUZZY;INSTITUTION_COLLECTION_MISMATCH
6187803690,58daed7d-de25-416c-a923-22eb737b6a67,https://arctos.database.museum/guid/UNCG:Mamm:2023,Animalia,Chordata,Mammalia,Soricomorpha,Soricidae,Sorex,Sorex vagrans,,SPECIES,"Sorex vagrans Baird, 1857",Sorex vagrans,,US,"Humboldt-Toiyabe National Forest, 2.75 km WSW North Schell Peak, Timber Creek",Nevada,PRESENT,,a3606783-50d7-42e7-8cad-14cb6214def4,39.400056,-114.627468,150,,,,,,,,,,2436042,2436042,PRESERVED_SPECIMEN,UNCG,Mammalogy,UNCG:Mamm:2023,,Olivia S. Chapman,2025-07-16T00:00:00,CC_BY_NC_4_0,,"Collector(s): Amanda K. Weller, Helen B. Plylar, Olivia S. Chapman, Wade M. Burris, Kristin E. Stierman, Munkh-Orgil Sainzorigt",,,2026-04-24T09:30:41.522Z,,COORDINATE_ROUNDED;CONTINENT_DERIVED_FROM_COORDINATES;INSTITUTION_MATCH_FUZZY;INSTITUTION_COLLECTION_MISMATCH
6187803681,58daed7d-de25-416c-a923-22eb737b6a67,https://arctos.database.museum/guid/UNCG:Mamm:2024,Animalia,Chordata,Mammalia,Soricomorpha,Soricidae,Sorex,Sorex vagrans,,SPECIES,"Sorex vagrans Baird, 1857",Sorex vagrans,,US,"Humboldt-Toiyabe National Forest, 2.75 km WSW North Schell Peak, Timber Creek",Nevada,PRESENT,,a3606783-50d7-42e7-8cad-14cb6214def4,39.400056,-114.627468,150,,,,,,,,,,2436042,2436042,PRESERVED_SPECIMEN,UNCG,Mammalogy,UNCG:Mamm:2024,,Olivia S. Chapman,2025-07-16T00:00:00,CC_BY_NC_4_0,,"Collector(s): Amanda K. Weller, Helen B. Plylar, Olivia S. Chapman, Wade M. Burris, Kristin E. Stierman, Munkh-Orgil Sainzorigt",,,2026-04-24T09:30:41.259Z,,COORDINATE_ROUNDED;CONTINENT_DERIVED_FROM_COORDINATES;INSTITUTION_MATCH_FUZZY;INSTITUTION_COLLECTION_MISMATCH
6187803676,58daed7d-de25-416c-a923-22eb737b6a67,https://arctos.database.museum/guid/UNCG:Mamm:3357,Animalia,Chordata,Mammalia,Soricomorpha,Soricidae,Sorex,Sorex vagrans,,SPECIES,"Sorex vagrans Baird, 1857",Sorex vagrans,,US,"Humboldt-Toiyabe National Forest, 2.75 km WSW North Schell Peak, Timber Creek",Nevada,PRESENT,,a3606783-50d7-42e7-8cad-14cb6214def4,39.400195,-114.62319,5,,2687,0,,,,,,,2436042,2436042,PRESERVED_SPECIMEN,UNCG,Mammalogy,UNCG:Mamm:3357,,Olivia S. Chapman,2025-07-15T00:00:00,CC_BY_NC_4_0,,"Collector(s): Amanda K. Weller, Helen B. Plylar, Olivia S. Chapman, Wade M. Burris, Kristin E. Stierman, Munkh-Orgil Sainzorigt",,,2026-04-24T09:30:39.730Z,,CONTINENT_DERIVED_FROM_COORDINATES;INSTITUTION_MATCH_FUZZY;INSTITUTION_COLLECTION_MISMATCH
6187803666,58daed7d-de25-416c-a923-22eb737b6a67,https://arctos.database.museum/guid/UNCG:Mamm:2010,Animalia,Chordata,Mammalia,Soricomorpha,Soricidae,Sorex,Sorex vagrans,,SPECIES,"Sorex vagrans Baird, 1857",Sorex vagrans,,US,"Humboldt-Toiyabe National Forest, 2.75 km WSW North Schell Peak, Timber Creek",Nevada,PRESENT,,a3606783-50d7-42e7-8cad-14cb6214def4,39.400062,-114.622856,5,,2707,0,,,,,,,2436042,2436042,PRESERVED_SPECIMEN,UNCG,Mammalogy,UNCG:Mamm:2010,,Olivia S. Chapman,2025-07-15T00:00:00,CC_BY_NC_4_0,,"Collector(s): Amanda K. Weller, Helen B. Plylar, Olivia S. Chapman, Wade M. Burris, Kristin E. Stierman, Munkh-Orgil Sainzorigt",,,2026-04-24T09:30:41.347Z,,COORDINATE_ROUNDED;CONTINENT_DERIVED_FROM_COORDINATES;INSTITUTION_MATCH_FUZZY;INSTITUTION_COLLECTION_MISMATCH
6187803658,58daed7d-de25-416c-a923-22eb737b6a67,https://arctos.database.museum/guid/UNCG:Mamm:2012,Animalia,Chordata,Mammalia,Soricomorpha,Soricidae,Sorex,Sorex vagrans,,SPECIES,"Sorex vagrans Baird, 1857",Sorex vagrans,,US,"Humboldt-Toiyabe National Forest, 2.75 km WSW North Schell Peak, Timber Creek",Nevada,PRESENT,,a3606783-50d7-42e7-8cad-14cb6214def4,39.400062,-114.622856,5,,2707,0,,,,,,,2436042,2436042,PRESERVED_SPECIMEN,UNCG,Mammalogy,UNCG:Mamm:2012,,Olivia S. Chapman,2025-07-15T00:00:00,CC_BY_NC_4_0,,"Collector(s): Amanda K. Weller, Helen B. Plylar, Olivia S. Chapman, Wade M. Burris, Kristin E. Stierman, Munkh-Orgil Sainzorigt",,,2026-04-24T09:30:39.520Z,,COORDINATE_ROUNDED;CONTINENT_DERIVED_FROM_COORDINATES;INSTITUTION_MATCH_FUZZY;INSTITUTION_COLLECTION_MISMATCH
6187803651,58daed7d-de25-416c-a923-22eb737b6a67,https://arctos.database.museum/guid/UNCG:Mamm:2014,Animalia,Chordata,Mammalia,Soricomorpha,Soricidae,Sorex,Sorex vagrans,,SPECIES,"Sorex vagrans Baird, 1857",Sorex vagrans,,US,"Humboldt-Toiyabe National Forest, 2.75 km WSW North Schell Peak, Timber Creek",Nevada,PRESENT,,a3606783-50d7-42e7-8cad-14cb6214def4,39.40012,-114.621308,5,,2716,0,,,,,,,2436042,2436042,PRESERVED_SPECIMEN,UNCG,Mammalogy,UNCG:Mamm:2014,,Olivia S. Chapman,2025-07-15T00:00:00,CC_BY_NC_4_0,,"Collector(s): Amanda K. Weller, Helen B. Plylar, Olivia S. Chapman, Wade M. Burris, Kristin E. Stierman, Munkh-Orgil Sainzorigt",,,2026-04-24T09:30:41.372Z,,COORDINATE_ROUNDED;CONTINENT_DERIVED_FROM_COORDINATES;INSTITUTION_MATCH_FUZZY;INSTITUTION_COLLECTION_MISMATCH
6187803647,58daed7d-de25-416c-a923-22eb737b6a67,https://arctos.database.museum/guid/UNCG:Mamm:2013,Animalia,Chordata,Mammalia,Soricomorpha,Soricidae,Sorex,Sorex vagrans,,SPECIES,"Sorex vagrans Baird, 1857",Sorex vagrans,,US,"Humboldt-Toiyabe National Forest, 2.75 km WSW North Schell Peak, Timber Creek",Nevada,PRESENT,,a3606783-50d7-42e7-8cad-14cb6214def4,39.400062,-114.622859,5,,2707,0,,,,,,,2436042,2436042,PRESERVED_SPECIMEN,UNCG,Mammalogy,UNCG:Mamm:2013,,Olivia S. Chapman,2025-07-15T00:00:00,CC_BY_NC_4_0,,"Collector(s): Amanda K. Weller, Helen B. Plylar, Olivia S. Chapman, Wade M. Burris, Kristin E. Stierman, Munkh-Orgil Sainzorigt",,,2026-04-24T09:30:41.608Z,,COORDINATE_ROUNDED;CONTINENT_DERIVED_FROM_COORDINATES;INSTITUTION_MATCH_FUZZY;INSTITUTION_COLLECTION_MISMATCH
6187803605,58daed7d-de25-416c-a923-22eb737b6a67,https://arctos.database.museum/guid/UNCG:Mamm:2046,Animalia,Chordata,Mammalia,Soricomorpha,Soricidae,Sorex,Sorex vagrans,,SPECIES,"Sorex vagrans Baird, 1857",Sorex vagrans,,US,"Humboldt-Toiyabe National Forest, Ruby Mountains, 2.4 km N of Mt. Gilbert, Lamoille Creek",Nevada,PRESENT,,a3606783-50d7-42e7-8cad-14cb6214def4,40.627414,-115.368855,5,,2517,0,,,,,,,2436042,2436042,PRESERVED_SPECIMEN,UNCG,Mammalogy,UNCG:Mamm:2046,,Olivia S. Chapman,2025-07-19T00:00:00,CC_BY_NC_4_0,,"Collector(s): Amanda K. Weller, Helen B. Plylar, Olivia S. Chapman, Wade M. Burris, Kristin E. Stierman, Munkh-Orgil Sainzorigt",,,2026-04-24T09:30:41.160Z,,CONTINENT_DERIVED_FROM_COORDINATES;INSTITUTION_MATCH_FUZZY;INSTITUTION_COLLECTION_MISMATCH
6187803591,58daed7d-de25-416c-a923-22eb737b6a67,https://arctos.database.museum/guid/UNCG:Mamm:2031,Animalia,Chordata,Mammalia,Soricomorpha,Soricidae,Sorex,Sorex vagrans,,SPECIES,"Sorex vagrans Baird, 1857",Sorex vagrans,,US,"Humboldt-Toiyabe National Forest, Ruby Mountains, 2.4 km N of Mt. Gilbert, Lamoille Creek",Nevada,PRESENT,,a3606783-50d7-42e7-8cad-14cb6214def4,40.661177,-115.441747,5,,2173,0,,,,,,,2436042,2436042,PRESERVED_SPECIMEN,UNCG,Mammalogy,UNCG:Mamm:2031,,Olivia S. Chapman,2025-07-17T00:00:00,CC_BY_NC_4_0,,"Collector(s): Amanda K. Weller, Helen B. Plylar, Olivia S. Chapman, Wade M. Burris, Kristin E. Stierman, Munkh-Orgil Sainzorigt",,,2026-04-24T09:30:39.630Z,,COORDINATE_ROUNDED;CONTINENT_DERIVED_FROM_COORDINATES;INSTITUTION_MATCH_FUZZY;INSTITUTION_COLLECTION_MISMATCH
6187803549,58daed7d-de25-416c-a923-22eb737b6a67,https://arctos.database.museum/guid/UNCG:Mamm:2068,Animalia,Chordata,Mammalia,Soricomorpha,Soricidae,Sorex,Sorex vagrans,,SPECIES,"Sorex vagrans Baird, 1857",Sorex vagrans,,US,"Humboldt-Toiyabe National Forest, Ruby Mountains, 2.4 km N of Mt. Gilbert, Lamoille Creek",Nevada,PRESENT,,a3606783-50d7-42e7-8cad-14cb6214def4,40.627464,-115.368726,5,,2521,0,,,,,,,2436042,2436042,PRESERVED_SPECIMEN,UNCG,Mammalogy,UNCG:Mamm:2068,,Olivia S. Chapman,2025-07-20T00:00:00,CC_BY_NC_4_0,,"Collector(s): Amanda K. Weller, Helen B. Plylar, Olivia S. Chapman, Wade M. Burris, Kristin E. Stierman, Munkh-Orgil Sainzorigt",,,2026-04-24T09:30:40.690Z,,COORDINATE_ROUNDED;CONTINENT_DERIVED_FROM_COORDINATES;INSTITUTION_MATCH_FUZZY;INSTITUTION_COLLECTION_MISMATCH
6187803494,58daed7d-de25-416c-a923-22eb737b6a67,https://arctos.database.museum/guid/UNCG:Mamm:2072,Animalia,Chordata,Mammalia,Soricomorpha,Soricidae,Sorex,Sorex vagrans,,SPECIES,"Sorex vagrans Baird, 1857",Sorex vagrans,,US,"Humboldt-Toiyabe National Forest, Ruby Mountains, 2.4 km N of Mt. Gilbert, Lamoille Creek",Nevada,PRESENT,,a3606783-50d7-42e7-8cad-14cb6214def4,40.628518,-115.36886,5,,2552,0,,,,,,,2436042,2436042,PRESERVED_SPECIMEN,UNCG,Mammalogy,UNCG:Mamm:2072,,Olivia S. Chapman,2025-07-20T00:00:00,CC_BY_NC_4_0,,"Collector(s): Amanda K. Weller, Helen B. Plylar, Olivia S. Chapman, Wade M. Burris, Kristin E. Stierman, Munkh-Orgil Sainzorigt",,,2026-04-24T09:30:39.709Z,,COORDINATE_ROUNDED;CONTINENT_DERIVED_FROM_COORDINATES;INSTITUTION_MATCH_FUZZY;INSTITUTION_COLLECTION_MISMATCH
6187803492,58daed7d-de25-416c-a923-22eb737b6a67,https://arctos.database.museum/guid/UNCG:Mamm:2071,Animalia,Chordata,Mammalia,Soricomorpha,Soricidae,Sorex,Sorex vagrans,,SPECIES,"Sorex vagrans Baird, 1857",Sorex vagrans,,US,"Humboldt-Toiyabe National Forest, Ruby Mountains, 2.4 km N of Mt. Gilbert, Lamoille Creek",Nevada,PRESENT,,a3606783-50d7-42e7-8cad-14cb6214def4,40.628501,-115.369025,5,,2581,0,,,,,,,2436042,2436042,PRESERVED_SPECIMEN,UNCG,Mammalogy,UNCG:Mamm:2071,,Olivia S. Chapman,2025-07-20T00:00:00,CC_BY_NC_4_0,,"Collector(s): Amanda K. Weller, Helen B. Plylar, Olivia S. Chapman, Wade M. Burris, Kristin E. Stierman, Munkh-Orgil Sainzorigt",,,2026-04-24T09:30:40.560Z,,COORDINATE_ROUNDED;CONTINENT_DERIVED_FROM_COORDINATES;INSTITUTION_MATCH_FUZZY;INSTITUTION_COLLECTION_MISMATCH
6187803482,58daed7d-de25-416c-a923-22eb737b6a67,https://arctos.database.museum/guid/UNCG:Mamm:2078,Animalia,Chordata,Mammalia,Soricomorpha,Soricidae,Sorex,Sorex palustris,,SPECIES,"Sorex navigator (Baird, 1858)",Sorex navigator,,US,"Humboldt-Toiyabe National Forest, Ruby Mountains, 7.5 km NE of Overland Lake, Myers Creek",Nevada,PRESENT,,a3606783-50d7-42e7-8cad-14cb6214def4,40.505051,-115.388463,5,,2222,0,,,,,,,12105209,2436006,PRESERVED_SPECIMEN,UNCG,Mammalogy,UNCG:Mamm:2078,,Olivia S. Chapman,2025-07-21T00:00:00,CC_BY_NC_4_0,,"Collector(s): Amanda K. Weller, Helen B. Plylar, Olivia S. Chapman, Wade M. Burris, Kristin E. Stierman, Munkh-Orgil Sainzorigt",,,2026-04-24T09:30:38.647Z,,COORDINATE_ROUNDED;CONTINENT_DERIVED_FROM_COORDINATES;INSTITUTION_MATCH_FUZZY;INSTITUTION_COLLECTION_MISMATCH
6187803477,58daed7d-de25-416c-a923-22eb737b6a67,https://arctos.database.museum/guid/UNCG:Mamm:2079,Animalia,Chordata,Mammalia,Soricomorpha,Soricidae,Sorex,Sorex palustris,,SPECIES,"Sorex navigator (Baird, 1858)",Sorex navigator,,US,"Humboldt-Toiyabe National Forest, Ruby Mountains, 7.5 km NE of Overland Lake, Myers Creek",Nevada,PRESENT,,a3606783-50d7-42e7-8cad-14cb6214def4,40.505198,-115.389186,5,,2238,0,,,,,,,12105209,2436006,PRESERVED_SPECIMEN,UNCG,Mammalogy,UNCG:Mamm:2079,,Olivia S. Chapman,2025-07-21T00:00:00,CC_BY_NC_4_0,,"Collector(s): Amanda K. Weller, Helen B. Plylar, Olivia S. Chapman, Wade M. Burris, Kristin E. Stierman, Munkh-Orgil Sainzorigt",,,2026-04-24T09:30:40.837Z,,COORDINATE_ROUNDED;CONTINENT_DERIVED_FROM_COORDINATES;INSTITUTION_MATCH_FUZZY;INSTITUTION_COLLECTION_MISMATCH
6187803447,58daed7d-de25-416c-a923-22eb737b6a67,https://arctos.database.museum/guid/UNCG:Mamm:1804,Animalia,Chordata,Mammalia,Soricomorpha,Soricidae,Sorex,Sorex vagrans,,SPECIES,"Sorex vagrans Baird, 1857",Sorex vagrans,,US,"Humboldt-Toiyabe National Forest, 7.5 km W of Toiyabe Range Peak, San Juan Campground",Nevada,PRESENT,,a3606783-50d7-42e7-8cad-14cb6214def4,39.121275,-117.27514,5,,2213,0,,,,,,,2436042,2436042,PRESERVED_SPECIMEN,UNCG,Mammalogy,UNCG:Mamm:1804,,Olivia S. Chapman,2025-07-05T00:00:00,CC_BY_NC_4_0,,"Collector(s): Amanda K. Weller, Bryan S. McLean, Olivia S. Chapman, Wade M. Burris, Kristin E. Stierman, Munkh-Orgil Sainzorigt, Helen B. Plylar",,,2026-04-24T09:30:40.560Z,,COORDINATE_ROUNDED;CONTINENT_DERIVED_FROM_COORDINATES;INSTITUTION_MATCH_FUZZY;INSTITUTION_COLLECTION_MISMATCH
6187803446,58daed7d-de25-416c-a923-22eb737b6a67,https://arctos.database.museum/guid/UNCG:Mamm:1803,Animalia,Chordata,Mammalia,Soricomorpha,Soricidae,Sorex,Sorex vagrans,,SPECIES,"Sorex vagrans Baird, 1857",Sorex vagrans,,US,"Humboldt-Toiyabe National Forest, 7.5 km W of Toiyabe Range Peak, San Juan Campground",Nevada,PRESENT,,a3606783-50d7-42e7-8cad-14cb6214def4,39.123209,-117.275383,150,,,,,,,,,,2436042,2436042,PRESERVED_SPECIMEN,UNCG,Mammalogy,UNCG:Mamm:1803,,Olivia S. Chapman,2025-07-05T00:00:00,CC_BY_NC_4_0,,"Collector(s): Amanda K. Weller, Bryan S. McLean, Olivia S. Chapman, Wade M. Burris, Kristin E. Stierman, Munkh-Orgil Sainzorigt, Helen B. Plylar",,,2026-04-24T09:30:41.665Z,,COORDINATE_ROUNDED;CONTINENT_DERIVED_FROM_COORDINATES;INSTITUTION_MATCH_FUZZY;INSTITUTION_COLLECTION_MISMATCH
6187803445,58daed7d-de25-416c-a923-22eb737b6a67,https://arctos.database.museum/guid/UNCG:Mamm:1806,Animalia,Chordata,Mammalia,Soricomorpha,Soricidae,Sorex,Sorex vagrans,,SPECIES,"Sorex vagrans Baird, 1857",Sorex vagrans,,US,"Humboldt-Toiyabe National Forest, 7.5 km W of Toiyabe Range Peak, San Juan Campground",Nevada,PRESENT,,a3606783-50d7-42e7-8cad-14cb6214def4,39.123209,-117.275383,150,,,,,,,,,,2436042,2436042,PRESERVED_SPECIMEN,UNCG,Mammalogy,UNCG:Mamm:1806,,Olivia S. Chapman,2025-07-05T00:00:00,CC_BY_NC_4_0,,"Collector(s): Amanda K. Weller, Bryan S. McLean, Olivia S. Chapman, Wade M. Burris, Kristin E. Stierman, Munkh-Orgil Sainzorigt, Helen B. Plylar",,,2026-04-24T09:30:39.700Z,,COORDINATE_ROUNDED;CONTINENT_DERIVED_FROM_COORDINATES;INSTITUTION_MATCH_FUZZY;INSTITUTION_COLLECTION_MISMATCH
6187803444,58daed7d-de25-416c-a923-22eb737b6a67,https://arctos.database.museum/guid/UNCG:Mamm:1805,Animalia,Chordata,Mammalia,Soricomorpha,Soricidae,Sorex,Sorex vagrans,,SPECIES,"Sorex vagrans Baird, 1857",Sorex vagrans,,US,"Humboldt-Toiyabe National Forest, 7.5 km W of Toiyabe Range Peak, San Juan Campground",Nevada,PRESENT,,a3606783-50d7-42e7-8cad-14cb6214def4,39.123209,-117.275383,150,,2213,0,,,,,,,2436042,2436042,PRESERVED_SPECIMEN,UNCG,Mammalogy,UNCG:Mamm:1805,,Olivia S. Chapman,2025-07-05T00:00:00,CC_BY_NC_4_0,,"Collector(s): Amanda K. Weller, Bryan S. McLean, Olivia S. Chapman, Wade M. Burris, Kristin E. Stierman, Munkh-Orgil Sainzorigt, Helen B. Plylar",,,2026-04-24T09:30:39.945Z,,COORDINATE_ROUNDED;CONTINENT_DERIVED_FROM_COORDINATES;INSTITUTION_MATCH_FUZZY;INSTITUTION_COLLECTION_MISMATCH
6187803440,58daed7d-de25-416c-a923-22eb737b6a67,https://arctos.database.museum/guid/UNCG:Mamm:1831,Animalia,Chordata,Mammalia,Soricomorpha,Soricidae,Sorex,Sorex palustris,,SPECIES,"Sorex navigator (Baird, 1858)",Sorex navigator,,US,"Humboldt-Toiyabe National Forest, 7.5 km W of Toiyabe Range Peak, San Juan Campground",Nevada,PRESENT,,a3606783-50d7-42e7-8cad-14cb6214def4,39.121518,-117.275184,5,,2255,0,,,,,,,12105209,2436006,PRESERVED_SPECIMEN,UNCG,Mammalogy,UNCG:Mamm:1831,,Olivia S. Chapman,2025-07-06T00:00:00,CC_BY_NC_4_0,,"Collector(s): Amanda K. Weller, Bryan S. McLean, Olivia S. Chapman, Wade M. Burris, Kristin E. Stierman, Munkh-Orgil Sainzorigt, Helen B. Plylar",,,2026-04-24T09:30:41.056Z,,CONTINENT_DERIVED_FROM_COORDINATES;INSTITUTION_MATCH_FUZZY;INSTITUTION_COLLECTION_MISMATCH
6187803439,58daed7d-de25-416c-a923-22eb737b6a67,https://arctos.database.museum/guid/UNCG:Mamm:1830,Animalia,Chordata,Mammalia,Soricomorpha,Soricidae,Sorex,Sorex palustris,,SPECIES,"Sorex navigator (Baird, 1858)",Sorex navigator,,US,"Humboldt-Toiyabe National Forest, 7.5 km W of Toiyabe Range Peak, San Juan Campground",Nevada,PRESENT,,a3606783-50d7-42e7-8cad-14cb6214def4,39.121191,-117.275089,5,,2243,0,,,,,,,12105209,2436006,PRESERVED_SPECIMEN,UNCG,Mammalogy,UNCG:Mamm:1830,,Olivia S. Chapman,2025-07-06T00:00:00,CC_BY_NC_4_0,,"Collector(s): Amanda K. Weller, Bryan S. McLean, Olivia S. Chapman, Wade M. Burris, Kristin E. Stierman, Munkh-Orgil Sainzorigt, Helen B. Plylar",,,2026-04-24T09:30:41.113Z,,COORDINATE_ROUNDED;CONTINENT_DERIVED_FROM_COORDINATES;INSTITUTION_MATCH_FUZZY;INSTITUTION_COLLECTION_MISMATCH
6187803423,58daed7d-de25-416c-a923-22eb737b6a67,https://arctos.database.museum/guid/UNCG:Mamm:1828,Animalia,Chordata,Mammalia,Soricomorpha,Soricidae,Sorex,Sorex palustris,,SPECIES,"Sorex navigator (Baird, 1858)",Sorex navigator,,US,"Humboldt-Toiyabe National Forest, 7.5 km W of Toiyabe Range Peak, San Juan Campground",Nevada,PRESENT,,a3606783-50d7-42e7-8cad-14cb6214def4,39.121191,-117.275089,5,,2243,0,,,,,,,12105209,2436006,PRESERVED_SPECIMEN,UNCG,Mammalogy,UNCG:Mamm:1828,,Olivia S. Chapman,2025-07-06T00:00:00,CC_BY_NC_4_0,,"Collector(s): Amanda K. Weller, Bryan S. McLean, Olivia S. Chapman, Wade M. Burris, Kristin E. Stierman, Munkh-Orgil Sainzorigt, Helen B. Plylar",,,2026-04-24T09:30:40.979Z,,COORDINATE_ROUNDED;CONTINENT_DERIVED_FROM_COORDINATES;INSTITUTION_MATCH_FUZZY;INSTITUTION_COLLECTION_MISMATCH
6187803422,58daed7d-de25-416c-a923-22eb737b6a67,https://arctos.database.museum/guid/UNCG:Mamm:1827,Animalia,Chordata,Mammalia,Soricomorpha,Soricidae,Sorex,Sorex vagrans,,SPECIES,"Sorex vagrans Baird, 1857",Sorex vagrans,,US,"Humboldt-Toiyabe National Forest, 7.5 km W of Toiyabe Range Peak, San Juan Campground",Nevada,PRESENT,,a3606783-50d7-42e7-8cad-14cb6214def4,39.122519,-117.276099,5,,2224,0,,,,,,,2436042,2436042,PRESERVED_SPECIMEN,UNCG,Mammalogy,UNCG:Mamm:1827,,Olivia S. Chapman,2025-07-05T00:00:00,CC_BY_NC_4_0,,"Collector(s): Amanda K. Weller, Bryan S. McLean, Olivia S. Chapman, Wade M. Burris, Kristin E. Stierman, Munkh-Orgil Sainzorigt, Helen B. Plylar",,,2026-04-24T09:30:40.020Z,,COORDINATE_ROUNDED;CONTINENT_DERIVED_FROM_COORDINATES;INSTITUTION_MATCH_FUZZY;INSTITUTION_COLLECTION_MISMATCH
6187803421,58daed7d-de25-416c-a923-22eb737b6a67,https://arctos.database.museum/guid/UNCG:Mamm:1829,Animalia,Chordata,Mammalia,Soricomorpha,Soricidae,Sorex,Sorex palustris,,SPECIES,"Sorex navigator (Baird, 1858)",Sorex navigator,,US,"Humboldt-Toiyabe National Forest, 7.5 km W of Toiyabe Range Peak, San Juan Campground",Nevada,PRESENT,,a3606783-50d7-42e7-8cad-14cb6214def4,39.121191,-117.275089,5,,2243,0,,,,,,,12105209,2436006,PRESERVED_SPECIMEN,UNCG,Mammalogy,UNCG:Mamm:1829,,Olivia S. Chapman,2025-07-06T00:00:00,CC_BY_NC_4_0,,"Collector(s): Amanda K. Weller, Bryan S. McLean, Olivia S. Chapman, Wade M. Burris, Kristin E. Stierman, Munkh-Orgil Sainzorigt, Helen B. Plylar",,,2026-04-24T09:30:39.743Z,,COORDINATE_ROUNDED;CONTINENT_DERIVED_FROM_COORDINATES;INSTITUTION_MATCH_FUZZY;INSTITUTION_COLLECTION_MISMATCH
6187803416,58daed7d-de25-416c-a923-22eb737b6a67,https://arctos.database.museum/guid/UNCG:Mamm:1855,Animalia,Chordata,Mammalia,Soricomorpha,Soricidae,Sorex,Sorex vagrans,,SPECIES,"Sorex vagrans Baird, 1857",Sorex vagrans,,US,"Humboldt-Toiyabe National Forest, 7.5 km W of Toiyabe Range Peak, San Juan Campground",Nevada,PRESENT,,a3606783-50d7-42e7-8cad-14cb6214def4,39.118517,-117.266859,5,,2263,0,,,,,,,2436042,2436042,PRESERVED_SPECIMEN,UNCG,Mammalogy,UNCG:Mamm:1855,,Olivia S. Chapman,2025-07-07T00:00:00,CC_BY_NC_4_0,,"Collector(s): Amanda K. Weller, Bryan S. McLean, Olivia S. Chapman, Wade M. Burris, Kristin E. Stierman, Munkh-Orgil Sainzorigt, Helen B. Plylar",,,2026-04-24T09:30:41.450Z,,COORDINATE_ROUNDED;CONTINENT_DERIVED_FROM_COORDINATES;INSTITUTION_MATCH_FUZZY;INSTITUTION_COLLECTION_MISMATCH
6187803415,58daed7d-de25-416c-a923-22eb737b6a67,https://arctos.database.museum/guid/UNCG:Mamm:1854,Animalia,Chordata,Mammalia,Soricomorpha,Soricidae,Sorex,Sorex vagrans,,SPECIES,"Sorex vagrans Baird, 1857",Sorex vagrans,,US,"Humboldt-Toiyabe National Forest, 7.5 km W of Toiyabe Range Peak, San Juan Campground",Nevada,PRESENT,,a3606783-50d7-42e7-8cad-14cb6214def4,39.121995,-117.275136,5,,2206,0,,,,,,,2436042,2436042,PRESERVED_SPECIMEN,UNCG,Mammalogy,UNCG:Mamm:1854,,Olivia S. Chapman,2025-07-06T00:00:00,CC_BY_NC_4_0,,"Collector(s): Amanda K. Weller, Bryan S. McLean, Olivia S. Chapman, Wade M. Burris, Kristin E. Stierman, Munkh-Orgil Sainzorigt, Helen B. Plylar",,,2026-04-24T09:30:41.039Z,,COORDINATE_ROUNDED;CONTINENT_DERIVED_FROM_COORDINATES;INSTITUTION_MATCH_FUZZY;INSTITUTION_COLLECTION_MISMATCH
6187803414,58daed7d-de25-416c-a923-22eb737b6a67,https://arctos.database.museum/guid/UNCG:Mamm:1857,Animalia,Chordata,Mammalia,Soricomorpha,Soricidae,Sorex,Sorex palustris,,SPECIES,"Sorex navigator (Baird, 1858)",Sorex navigator,,US,"Humboldt-Toiyabe National Forest, 7.5 km W of Toiyabe Range Peak, San Juan Campground",Nevada,PRESENT,,a3606783-50d7-42e7-8cad-14cb6214def4,39.120529,-117.275121,5,,2220,0,,,,,,,12105209,2436006,PRESERVED_SPECIMEN,UNCG,Mammalogy,UNCG:Mamm:1857,,Olivia S. Chapman,2025-07-07T00:00:00,CC_BY_NC_4_0,,"Collector(s): Amanda K. Weller, Bryan S. McLean, Olivia S. Chapman, Wade M. Burris, Kristin E. Stierman, Munkh-Orgil Sainzorigt, Helen B. Plylar",,,2026-04-24T09:30:40.109Z,,COORDINATE_ROUNDED;CONTINENT_DERIVED_FROM_COORDINATES;INSTITUTION_MATCH_FUZZY;INSTITUTION_COLLECTION_MISMATCH
6187803413,58daed7d-de25-416c-a923-22eb737b6a67,https://arctos.database.museum/guid/UNCG:Mamm:1856,Animalia,Chordata,Mammalia,Soricomorpha,Soricidae,Sorex,Sorex palustris,,SPECIES,"Sorex navigator (Baird, 1858)",Sorex navigator,,US,"Humboldt-Toiyabe National Forest, 7.5 km W of Toiyabe Range Peak, San Juan Campground",Nevada,PRESENT,,a3606783-50d7-42e7-8cad-14cb6214def4,39.120529,-117.275121,5,,2220,0,,,,,,,12105209,2436006,PRESERVED_SPECIMEN,UNCG,Mammalogy,UNCG:Mamm:1856,,Olivia S. Chapman,2025-07-07T00:00:00,CC_BY_NC_4_0,,"Collector(s): Amanda K. Weller, Bryan S. McLean, Olivia S. Chapman, Wade M. Burris, Kristin E. Stierman, Munkh-Orgil Sainzorigt, Helen B. Plylar",,,2026-04-24T09:30:39.349Z,,COORDINATE_ROUNDED;CONTINENT_DERIVED_FROM_COORDINATES;INSTITUTION_MATCH_FUZZY;INSTITUTION_COLLECTION_MISMATCH
6187803412,58daed7d-de25-416c-a923-22eb737b6a67,https://arctos.database.museum/guid/UNCG:Mamm:1859,Animalia,Chordata,Mammalia,Soricomorpha,Soricidae,Sorex,Sorex palustris,,SPECIES,"Sorex navigator (Baird, 1858)",Sorex navigator,,US,"Humboldt-Toiyabe National Forest, 7.5 km W of Toiyabe Range Peak, San Juan Campground",Nevada,PRESENT,,a3606783-50d7-42e7-8cad-14cb6214def4,39.120548,-117.275149,5,,2219,0,,,,,,,12105209,2436006,PRESERVED_SPECIMEN,UNCG,Mammalogy,UNCG:Mamm:1859,,Olivia S. Chapman,2025-07-07T00:00:00,CC_BY_NC_4_0,,"Collector(s): Amanda K. Weller, Bryan S. McLean, Olivia S. Chapman, Wade M. Burris, Kristin E. Stierman, Munkh-Orgil Sainzorigt, Helen B. Plylar",,,2026-04-24T09:30:39.196Z,,COORDINATE_ROUNDED;CONTINENT_DERIVED_FROM_COORDINATES;INSTITUTION_MATCH_FUZZY;INSTITUTION_COLLECTION_MISMATCH
6187803411,58daed7d-de25-416c-a923-22eb737b6a67,https://arctos.database.museum/guid/UNCG:Mamm:1858,Animalia,Chordata,Mammalia,Soricomorpha,Soricidae,Sorex,Sorex palustris,,SPECIES,"Sorex navigator (Baird, 1858)",Sorex navigator,,US,"Humboldt-Toiyabe National Forest, 7.5 km W of Toiyabe Range Peak, San Juan Campground",Nevada,PRESENT,,a3606783-50d7-42e7-8cad-14cb6214def4,39.120529,-117.275121,5,,2220,0,,,,,,,12105209,2436006,PRESERVED_SPECIMEN,UNCG,Mammalogy,UNCG:Mamm:1858,,Olivia S. Chapman,2025-07-07T00:00:00,CC_BY_NC_4_0,,"Collector(s): Amanda K. Weller, Bryan S. McLean, Olivia S. Chapman, Wade M. Burris, Kristin E. Stierman, Munkh-Orgil Sainzorigt, Helen B. Plylar",,,2026-04-24T09:30:41.020Z,,COORDINATE_ROUNDED;CONTINENT_DERIVED_FROM_COORDINATES;INSTITUTION_MATCH_FUZZY;INSTITUTION_COLLECTION_MISMATCH
6187803392,58daed7d-de25-416c-a923-22eb737b6a67,https://arctos.database.museum/guid/UNCG:Mamm:1879,Animalia,Chordata,Mammalia,Soricomorpha,Soricidae,Sorex,Sorex vagrans,,SPECIES,"Sorex vagrans Baird, 1857",Sorex vagrans,,US,"Humboldt-Toiyabe National Forest, 7.5 km W of Toiyabe Range Peak, San Juan Campground",Nevada,PRESENT,,a3606783-50d7-42e7-8cad-14cb6214def4,39.118476,-117.266736,5,,2253,0,,,,,,,2436042,2436042,PRESERVED_SPECIMEN,UNCG,Mammalogy,UNCG:Mamm:1879,,Olivia S. Chapman,2025-07-07T00:00:00,CC_BY_NC_4_0,,"Collector(s): Amanda K. Weller, Bryan S. McLean, Olivia S. Chapman, Wade M. Burris, Kristin E. Stierman, Munkh-Orgil Sainzorigt, Helen B. Plylar",,,2026-04-24T09:30:40.231Z,,COORDINATE_ROUNDED;CONTINENT_DERIVED_FROM_COORDINATES;INSTITUTION_MATCH_FUZZY;INSTITUTION_COLLECTION_MISMATCH
6187803390,58daed7d-de25-416c-a923-22eb737b6a67,https://arctos.database.museum/guid/UNCG:Mamm:1860,Animalia,Chordata,Mammalia,Soricomorpha,Soricidae,Sorex,Sorex vagrans,,SPECIES,"Sorex vagrans Baird, 1857",Sorex vagrans,,US,"Humboldt-Toiyabe National Forest, 7.5 km W of Toiyabe Range Peak, San Juan Campground",Nevada,PRESENT,,a3606783-50d7-42e7-8cad-14cb6214def4,39.121814,-117.275249,5,,2214,0,,,,,,,2436042,2436042,PRESERVED_SPECIMEN,UNCG,Mammalogy,UNCG:Mamm:1860,,Olivia S. Chapman,2025-07-07T00:00:00,CC_BY_NC_4_0,,"Collector(s): Amanda K. Weller, Bryan S. McLean, Olivia S. Chapman, Wade M. Burris, Kristin E. Stierman, Munkh-Orgil Sainzorigt, Helen B. Plylar",,,2026-04-24T09:30:41.423Z,,COORDINATE_ROUNDED;CONTINENT_DERIVED_FROM_COORDINATES;INSTITUTION_MATCH_FUZZY;INSTITUTION_COLLECTION_MISMATCH
6187803386,58daed7d-de25-416c-a923-22eb737b6a67,https://arctos.database.museum/guid/UNCG:Mamm:1863,Animalia,Chordata,Mammalia,Soricomorpha,Soricidae,Sorex,Sorex vagrans,,SPECIES,"Sorex vagrans Baird, 1857",Sorex vagrans,,US,"Humboldt-Toiyabe National Forest, 7.5 km W of Toiyabe Range Peak, San Juan Campground",Nevada,PRESENT,,a3606783-50d7-42e7-8cad-14cb6214def4,39.118496,-117.266878,5,,2263,0,,,,,,,2436042,2436042,PRESERVED_SPECIMEN,UNCG,Mammalogy,UNCG:Mamm:1863,,Olivia S. Chapman,2025-07-07T00:00:00,CC_BY_NC_4_0,,"Collector(s): Amanda K. Weller, Bryan S. McLean, Olivia S. Chapman, Wade M. Burris, Kristin E. Stierman, Munkh-Orgil Sainzorigt, Helen B. Plylar",,,2026-04-24T09:30:39.432Z,,COORDINATE_ROUNDED;CONTINENT_DERIVED_FROM_COORDINATES;INSTITUTION_MATCH_FUZZY;INSTITUTION_COLLECTION_MISMATCH
6187803377,58daed7d-de25-416c-a923-22eb737b6a67,https://arctos.database.museum/guid/UNCG:Mamm:1892,Animalia,Chordata,Mammalia,Soricomorpha,Soricidae,Sorex,Sorex vagrans,,SPECIES,"Sorex vagrans Baird, 1857",Sorex vagrans,,US,"Humboldt-Toiyabe National Forest, 7.5 km W of Toiyabe Range Peak, San Juan Campground",Nevada,PRESENT,,a3606783-50d7-42e7-8cad-14cb6214def4,39.1185,-117.266881,5,,2261,0,,,,,,,2436042,2436042,PRESERVED_SPECIMEN,UNCG,Mammalogy,UNCG:Mamm:1892,,Olivia S. Chapman,2025-07-08T00:00:00,CC_BY_NC_4_0,,"Collector(s): Amanda K. Weller, Bryan S. McLean, Olivia S. Chapman, Wade M. Burris, Kristin E. Stierman, Munkh-Orgil Sainzorigt, Helen B. Plylar",,,2026-04-24T09:30:40.200Z,,COORDINATE_ROUNDED;CONTINENT_DERIVED_FROM_COORDINATES;INSTITUTION_MATCH_FUZZY;INSTITUTION_COLLECTION_MISMATCH
6187803369,58daed7d-de25-416c-a923-22eb737b6a67,https://arctos.database.museum/guid/UNCG:Mamm:1899,Animalia,Chordata,Mammalia,Soricomorpha,Soricidae,Sorex,Sorex vagrans,,SPECIES,"Sorex vagrans Baird, 1857",Sorex vagrans,,US,"Humboldt-Toiyabe National Forest, 5 km NE of North Toiyabe Peak, Birch Creek",Nevada,PRESENT,,a3606783-50d7-42e7-8cad-14cb6214def4,39.383318,-117.021448,5,,2000,0,,,,,,,2436042,2436042,PRESERVED_SPECIMEN,UNCG,Mammalogy,UNCG:Mamm:1899,,Olivia S. Chapman,2025-07-09T00:00:00,CC_BY_NC_4_0,,"Collector(s): Amanda K. Weller, Bryan S. McLean, Olivia S. Chapman, Wade M. Burris, Kristin E. Stierman, Munkh-Orgil Sainzorigt, Helen B. Plylar",,,2026-04-24T09:30:40.597Z,,COORDINATE_ROUNDED;CONTINENT_DERIVED_FROM_COORDINATES;INSTITUTION_MATCH_FUZZY;INSTITUTION_COLLECTION_MISMATCH
6187803355,58daed7d-de25-416c-a923-22eb737b6a67,https://arctos.database.museum/guid/UNCG:Mamm:1886,Animalia,Chordata,Mammalia,Soricomorpha,Soricidae,Sorex,Sorex vagrans,,SPECIES,"Sorex vagrans Baird, 1857",Sorex vagrans,,US,"Humboldt-Toiyabe National Forest, 7.5 km W of Toiyabe Range Peak, San Juan Campground",Nevada,PRESENT,,a3606783-50d7-42e7-8cad-14cb6214def4,39.11846,-117.266853,5,,2262,0,,,,,,,2436042,2436042,PRESERVED_SPECIMEN,UNCG,Mammalogy,UNCG:Mamm:1886,,Olivia S. Chapman,2025-07-08T00:00:00,CC_BY_NC_4_0,,"Collector(s): Amanda K. Weller, Bryan S. McLean, Olivia S. Chapman, Wade M. Burris, Kristin E. Stierman, Munkh-Orgil Sainzorigt, Helen B. Plylar",,,2026-04-24T09:30:40.904Z,,COORDINATE_ROUNDED;CONTINENT_DERIVED_FROM_COORDINATES;INSTITUTION_MATCH_FUZZY;INSTITUTION_COLLECTION_MISMATCH
6187803354,58daed7d-de25-416c-a923-22eb737b6a67,https://arctos.database.museum/guid/UNCG:Mamm:1885,Animalia,Chordata,Mammalia,Soricomorpha,Soricidae,Sorex,Sorex vagrans,,SPECIES,"Sorex vagrans Baird, 1857",Sorex vagrans,,US,"Humboldt-Toiyabe National Forest, 7.5 km W of Toiyabe Range Peak, San Juan Campground",Nevada,PRESENT,,a3606783-50d7-42e7-8cad-14cb6214def4,39.122372,-117.275046,5,,2209,0,,,,,,,2436042,2436042,PRESERVED_SPECIMEN,UNCG,Mammalogy,UNCG:Mamm:1885,,Olivia S. Chapman,2025-07-07T00:00:00,CC_BY_NC_4_0,,"Collector(s): Amanda K. Weller, Bryan S. McLean, Olivia S. Chapman, Wade M. Burris, Kristin E. Stierman, Munkh-Orgil Sainzorigt, Helen B. Plylar",,,2026-04-24T09:30:40.900Z,,COORDINATE_ROUNDED;CONTINENT_DERIVED_FROM_COORDINATES;INSTITUTION_MATCH_FUZZY;INSTITUTION_COLLECTION_MISMATCH
6187803352,58daed7d-de25-416c-a923-22eb737b6a67,https://arctos.database.museum/guid/UNCG:Mamm:1887,Animalia,Chordata,Mammalia,Soricomorpha,Soricidae,Sorex,Sorex vagrans,,SPECIES,"Sorex vagrans Baird, 1857",Sorex vagrans,,US,"Humboldt-Toiyabe National Forest, 7.5 km W of Toiyabe Range Peak, San Juan Campground",Nevada,PRESENT,,a3606783-50d7-42e7-8cad-14cb6214def4,39.120531,-117.275124,5,,2220,0,,,,,,,2436042,2436042,PRESERVED_SPECIMEN,UNCG,Mammalogy,UNCG:Mamm:1887,,Olivia S. Chapman,2025-07-08T00:00:00,CC_BY_NC_4_0,,"Collector(s): Amanda K. Weller, Bryan S. McLean, Olivia S. Chapman, Wade M. Burris, Kristin E. Stierman, Munkh-Orgil Sainzorigt, Helen B. Plylar",,,2026-04-24T09:30:40.004Z,,COORDINATE_ROUNDED;CONTINENT_DERIVED_FROM_COORDINATES;INSTITUTION_MATCH_FUZZY;INSTITUTION_COLLECTION_MISMATCH
583474038,6ce7290f-47f6-4046-8356-371f5b6749df,urn:catalog:CAS:MAM:10580,Animalia,Chordata,Mammalia,Soricomorpha,Soricidae,Sorex,Sorex vagrans,,SPECIES,"Sorex vagrans Baird, 1857",Sorex vagrans amoenus,,US,3 miles SE Gardnerville,Nevada,PRESENT,,66522820-055c-11d8-b84e-b8a03c50a862,38.9104796,-119.70996,3037,,,,,,5/10/53,10,5,1953,2436042,2436042,PRESERVED_SPECIMEN,CAS,MAM,10580,,,,CC0_1_0,,F. M. Prince,,,2026-04-30T11:04:06.057Z,,COORDINATE_REPROJECTED;TAXON_MATCH_HIGHERRANK
583474034,6ce7290f-47f6-4046-8356-371f5b6749df,urn:catalog:CAS:MAM:10579,Animalia,Chordata,Mammalia,Soricomorpha,Soricidae,Sorex,Sorex vagrans,,SPECIES,"Sorex vagrans Baird, 1857",Sorex vagrans amoenus,,US,3 miles SE Gardnerville,Nevada,PRESENT,,66522820-055c-11d8-b84e-b8a03c50a862,38.9104796,-119.70996,3037,,,,,,5/10/53,10,5,1953,2436042,2436042,PRESERVED_SPECIMEN,CAS,MAM,10579,,,,CC0_1_0,,F. M. Prince,,,2026-04-30T11:04:13.111Z,,COORDINATE_REPROJECTED;TAXON_MATCH_HIGHERRANK
583474031,6ce7290f-47f6-4046-8356-371f5b6749df,urn:catalog:CAS:MAM:10578,Animalia,Chordata,Mammalia,Soricomorpha,Soricidae,Sorex,Sorex vagrans,,SPECIES,"Sorex vagrans Baird, 1857",Sorex vagrans amoenus,,US,3 miles SE Gardnerville,Nevada,PRESENT,,66522820-055c-11d8-b84e-b8a03c50a862,38.9104796,-119.70996,3037,,,,,,5/10/53,10,5,1953,2436042,2436042,PRESERVED_SPECIMEN,CAS,MAM,10578,,,,CC0_1_0,,F. M. Prince,,,2026-04-30T11:04:06.040Z,,COORDINATE_REPROJECTED;TAXON_MATCH_HIGHERRANK
583474028,6ce7290f-47f6-4046-8356-371f5b6749df,urn:catalog:CAS:MAM:10577,Animalia,Chordata,Mammalia,Soricomorpha,Soricidae,Sorex,Sorex vagrans,,SPECIES,"Sorex vagrans Baird, 1857",Sorex vagrans amoenus,,US,3 miles SE Gardnerville,Nevada,PRESENT,,66522820-055c-11d8-b84e-b8a03c50a862,38.9104796,-119.70996,3037,,,,,,5/10/53,10,5,1953,2436042,2436042,PRESERVED_SPECIMEN,CAS,MAM,10577,,,,CC0_1_0,,F. M. Prince,,,2026-04-30T11:04:06.051Z,,COORDINATE_REPROJECTED;TAXON_MATCH_HIGHERRANK
5228991072,58daed7d-de25-416c-a923-22eb737b6a67,https://arctos.database.museum/guid/UNCG:Mamm:1256,Animalia,Chordata,Mammalia,Soricomorpha,Soricidae,Sorex,Sorex vagrans,,SPECIES,"Sorex vagrans Baird, 1857",Sorex vagrans,,US,"Humboldt-Toiyabe National Forest, 5 km W Taff Peak, Berry Creek",Nevada,PRESENT,,a3606783-50d7-42e7-8cad-14cb6214def4,39.349774,-114.647828,,,2480,0,,,7/1/24,1,7,2024,2436042,2436042,PRESERVED_SPECIMEN,UNCG,Mammalogy,UNCG:Mamm:1256,,,2024-07-01T00:00:00,CC_BY_NC_4_0,,"Collector(s): Andre A. Plantinga-Kapteyn, Wade M. Burris, Kristin E. Stierman, Amanda K. Weller",,,2026-04-24T09:30:40.855Z,,COORDINATE_ROUNDED;CONTINENT_DERIVED_FROM_COORDINATES;INSTITUTION_MATCH_FUZZY;INSTITUTION_COLLECTION_MISMATCH
5228990645,58daed7d-de25-416c-a923-22eb737b6a67,https://arctos.database.museum/guid/UNCG:Mamm:1134,Animalia,Chordata,Mammalia,Soricomorpha,Soricidae,Sorex,Sorex vagrans,,SPECIES,"Sorex vagrans Baird, 1857",Sorex vagrans,,US,"Humboldt-Toiyabe National Forest, 2.75 km WSW North Schell Peak, Timber Creek",Nevada,PRESENT,,a3606783-50d7-42e7-8cad-14cb6214def4,39.399806,-114.627461,5,,2602,0,,,6/25/24,25,6,2024,2436042,2436042,PRESERVED_SPECIMEN,UNCG,Mammalogy,UNCG:Mamm:1134,,Andre A. Plantinga-Kapteyn,2024-06-25T00:00:00,CC_BY_NC_4_0,,"Collector(s): Andre A. Plantinga-Kapteyn, Amanda K. Weller, Wade M. Burris, Kristin E. Stierman",,,2026-04-24T09:30:40.971Z,,COORDINATE_ROUNDED;CONTINENT_DERIVED_FROM_COORDINATES;INSTITUTION_MATCH_FUZZY;INSTITUTION_COLLECTION_MISMATCH
5228990621,58daed7d-de25-416c-a923-22eb737b6a67,https://arctos.database.museum/guid/UNCG:Mamm:1123,Animalia,Chordata,Mammalia,Soricomorpha,Soricidae,Sorex,Sorex vagrans,,SPECIES,"Sorex vagrans Baird, 1857",Sorex vagrans,,US,"Humboldt-Toiyabe National Forest, 2.75 km WSW North Schell Peak, Timber Creek",Nevada,PRESENT,,a3606783-50d7-42e7-8cad-14cb6214def4,39.349642,-114.647266,5,,2471,0,,,6/24/24,24,6,2024,2436042,2436042,PRESERVED_SPECIMEN,UNCG,Mammalogy,UNCG:Mamm:1123,,Andre A. Plantinga-Kapteyn,2024-06-24T00:00:00,CC_BY_NC_4_0,,"Collector(s): Andre A. Plantinga-Kapteyn, Amanda K. Weller, Wade M. Burris, Kristin E. Stierman",,,2026-04-24T09:30:41.607Z,,COORDINATE_ROUNDED;CONTINENT_DERIVED_FROM_COORDINATES;INSTITUTION_MATCH_FUZZY;INSTITUTION_COLLECTION_MISMATCH
5228990619,58daed7d-de25-416c-a923-22eb737b6a67,https://arctos.database.museum/guid/UNCG:Mamm:1122,Animalia,Chordata,Mammalia,Soricomorpha,Soricidae,Sorex,Sorex vagrans,,SPECIES,"Sorex vagrans Baird, 1857",Sorex vagrans,,US,"Humboldt-Toiyabe National Forest, 2.75 km WSW North Schell Peak, Timber Creek",Nevada,PRESENT,,a3606783-50d7-42e7-8cad-14cb6214def4,39.399797,-114.627431,5,,2663,0,,,6/24/24,24,6,2024,2436042,2436042,PRESERVED_SPECIMEN,UNCG,Mammalogy,UNCG:Mamm:1122,,Andre A. Plantinga-Kapteyn,2024-06-24T00:00:00,CC_BY_NC_4_0,,"Collector(s): Andre A. Plantinga-Kapteyn, Amanda K. Weller, Wade M. Burris, Kristin E. Stierman",,,2026-04-24T09:30:40.577Z,,COORDINATE_ROUNDED;CONTINENT_DERIVED_FROM_COORDINATES;INSTITUTION_MATCH_FUZZY;INSTITUTION_COLLECTION_MISMATCH
5228990617,58daed7d-de25-416c-a923-22eb737b6a67,https://arctos.database.museum/guid/UNCG:Mamm:1125,Animalia,Chordata,Mammalia,Soricomorpha,Soricidae,Sorex,Sorex vagrans,,SPECIES,"Sorex vagrans Baird, 1857",Sorex vagrans,,US,"Humboldt-Toiyabe National Forest, 2.75 km WSW North Schell Peak, Timber Creek",Nevada,PRESENT,,a3606783-50d7-42e7-8cad-14cb6214def4,39.399733,-114.627683,5,,2659,0,,,6/24/24,24,6,2024,2436042,2436042,PRESERVED_SPECIMEN,UNCG,Mammalogy,UNCG:Mamm:1125,,Andre A. Plantinga-Kapteyn,2024-06-24T00:00:00,CC_BY_NC_4_0,,"Collector(s): Andre A. Plantinga-Kapteyn, Amanda K. Weller, Wade M. Burris, Kristin E. Stierman",,,2026-04-24T09:30:40.131Z,,COORDINATE_ROUNDED;CONTINENT_DERIVED_FROM_COORDINATES;INSTITUTION_MATCH_FUZZY;INSTITUTION_COLLECTION_MISMATCH
5228990615,58daed7d-de25-416c-a923-22eb737b6a67,https://arctos.database.museum/guid/UNCG:Mamm:1124,Animalia,Chordata,Mammalia,Soricomorpha,Soricidae,Sorex,Sorex vagrans,,SPECIES,"Sorex vagrans Baird, 1857",Sorex vagrans,,US,"Humboldt-Toiyabe National Forest, 2.75 km WSW North Schell Peak, Timber Creek",Nevada,PRESENT,,a3606783-50d7-42e7-8cad-14cb6214def4,39.399723,-114.627218,5,,2663,0,,,6/24/24,24,6,2024,2436042,2436042,PRESERVED_SPECIMEN,UNCG,Mammalogy,UNCG:Mamm:1124,,Andre A. Plantinga-Kapteyn,2024-06-24T00:00:00,CC_BY_NC_4_0,,"Collector(s): Andre A. Plantinga-Kapteyn, Amanda K. Weller, Wade M. Burris, Kristin E. Stierman",,,2026-04-24T09:30:41.602Z,,COORDINATE_ROUNDED;CONTINENT_DERIVED_FROM_COORDINATES;INSTITUTION_MATCH_FUZZY;INSTITUTION_COLLECTION_MISMATCH
5228990611,58daed7d-de25-416c-a923-22eb737b6a67,https://arctos.database.museum/guid/UNCG:Mamm:1126,Animalia,Chordata,Mammalia,Soricomorpha,Soricidae,Sorex,Sorex vagrans,,SPECIES,"Sorex vagrans Baird, 1857",Sorex vagrans,,US,"Humboldt-Toiyabe National Forest, 2.75 km WSW North Schell Peak, Timber Creek",Nevada,PRESENT,,a3606783-50d7-42e7-8cad-14cb6214def4,39.353631,-114.651148,5,,2473,0,,,6/25/24,25,6,2024,2436042,2436042,PRESERVED_SPECIMEN,UNCG,Mammalogy,UNCG:Mamm:1126,,Andre A. Plantinga-Kapteyn,2024-06-25T00:00:00,CC_BY_NC_4_0,,"Collector(s): Andre A. Plantinga-Kapteyn, Amanda K. Weller, Wade M. Burris, Kristin E. Stierman",,,2026-04-24T09:30:41.127Z,,COORDINATE_ROUNDED;CONTINENT_DERIVED_FROM_COORDINATES;INSTITUTION_MATCH_FUZZY;INSTITUTION_COLLECTION_MISMATCH
5228990572,58daed7d-de25-416c-a923-22eb737b6a67,https://arctos.database.museum/guid/UNCG:Mamm:1147,Animalia,Chordata,Mammalia,Soricomorpha,Soricidae,Sorex,Sorex vagrans,,SPECIES,"Sorex vagrans Baird, 1857",Sorex vagrans,,US,"Humboldt-Toiyabe National Forest, 2.75 km WSW North Schell Peak, Timber Creek",Nevada,PRESENT,,a3606783-50d7-42e7-8cad-14cb6214def4,39.399809,-114.627425,5,,2630,0,,,6/26/24,26,6,2024,2436042,2436042,PRESERVED_SPECIMEN,UNCG,Mammalogy,UNCG:Mamm:1147,,Andre A. Plantinga-Kapteyn,2024-06-26T00:00:00,CC_BY_NC_4_0,,"Collector(s): Andre A. Plantinga-Kapteyn, Amanda K. Weller, Wade M. Burris, Kristin E. Stierman",,,2026-04-24T09:30:39.890Z,,COORDINATE_ROUNDED;CONTINENT_DERIVED_FROM_COORDINATES;INSTITUTION_MATCH_FUZZY;INSTITUTION_COLLECTION_MISMATCH
5228990570,58daed7d-de25-416c-a923-22eb737b6a67,https://arctos.database.museum/guid/UNCG:Mamm:1146,Animalia,Chordata,Mammalia,Soricomorpha,Soricidae,Sorex,Sorex vagrans,,SPECIES,"Sorex vagrans Baird, 1857",Sorex vagrans,,US,"Humboldt-Toiyabe National Forest, 2.75 km WSW North Schell Peak, Timber Creek",Nevada,PRESENT,,a3606783-50d7-42e7-8cad-14cb6214def4,39.399323,-114.628125,5,,2628,0,,,6/26/24,26,6,2024,2436042,2436042,PRESERVED_SPECIMEN,UNCG,Mammalogy,UNCG:Mamm:1146,,Andre A. Plantinga-Kapteyn,2024-06-26T00:00:00,CC_BY_NC_4_0,,"Collector(s): Andre A. Plantinga-Kapteyn, Amanda K. Weller, Wade M. Burris, Kristin E. Stierman",,,2026-04-24T09:30:41.597Z,,COORDINATE_ROUNDED;CONTINENT_DERIVED_FROM_COORDINATES;INSTITUTION_MATCH_FUZZY;INSTITUTION_COLLECTION_MISMATCH
5228990568,58daed7d-de25-416c-a923-22eb737b6a67,https://arctos.database.museum/guid/UNCG:Mamm:1149,Animalia,Chordata,Mammalia,Soricomorpha,Soricidae,Sorex,Sorex vagrans,,SPECIES,"Sorex vagrans Baird, 1857",Sorex vagrans,,US,"Humboldt-Toiyabe National Forest, 2.75 km WSW North Schell Peak, Timber Creek",Nevada,PRESENT,,a3606783-50d7-42e7-8cad-14cb6214def4,39.399774,-114.627373,5,,2662,0,,,6/26/24,26,6,2024,2436042,2436042,PRESERVED_SPECIMEN,UNCG,Mammalogy,UNCG:Mamm:1149,,Andre A. Plantinga-Kapteyn,2024-06-26T00:00:00,CC_BY_NC_4_0,,"Collector(s): Andre A. Plantinga-Kapteyn, Amanda K. Weller, Wade M. Burris, Kristin E. Stierman",,,2026-04-24T09:30:40.062Z,,COORDINATE_ROUNDED;CONTINENT_DERIVED_FROM_COORDINATES;INSTITUTION_MATCH_FUZZY;INSTITUTION_COLLECTION_MISMATCH
5228990567,58daed7d-de25-416c-a923-22eb737b6a67,https://arctos.database.museum/guid/UNCG:Mamm:1148,Animalia,Chordata,Mammalia,Soricomorpha,Soricidae,Sorex,Sorex vagrans,,SPECIES,"Sorex vagrans Baird, 1857",Sorex vagrans,,US,"Humboldt-Toiyabe National Forest, 2.75 km WSW North Schell Peak, Timber Creek",Nevada,PRESENT,,a3606783-50d7-42e7-8cad-14cb6214def4,39.402948,-114.642849,5,,2527,0,,,6/26/24,26,6,2024,2436042,2436042,PRESERVED_SPECIMEN,UNCG,Mammalogy,UNCG:Mamm:1148,,Andre A. Plantinga-Kapteyn,2024-06-26T00:00:00,CC_BY_NC_4_0,,"Collector(s): Andre A. Plantinga-Kapteyn, Amanda K. Weller, Wade M. Burris, Kristin E. Stierman",,,2026-04-24T09:30:41.624Z,,COORDINATE_ROUNDED;CONTINENT_DERIVED_FROM_COORDINATES;INSTITUTION_MATCH_FUZZY;INSTITUTION_COLLECTION_MISMATCH
5228990566,58daed7d-de25-416c-a923-22eb737b6a67,https://arctos.database.museum/guid/UNCG:Mamm:1170,Animalia,Chordata,Mammalia,Soricomorpha,Soricidae,Sorex,Sorex vagrans,,SPECIES,"Sorex vagrans Baird, 1857",Sorex vagrans,,US,"Humboldt-Toiyabe National Forest, 2.75 km WSW North Schell Peak, Timber Creek",Nevada,PRESENT,,a3606783-50d7-42e7-8cad-14cb6214def4,39.399863,-114.62727,5,,2592,0,,,6/27/24,27,6,2024,2436042,2436042,PRESERVED_SPECIMEN,UNCG,Mammalogy,UNCG:Mamm:1170,,Andre A. Plantinga-Kapteyn,2024-06-27T00:00:00,CC_BY_NC_4_0,,"Collector(s): Andre A. Plantinga-Kapteyn, Amanda K. Weller, Wade M. Burris, Kristin E. Stierman",,,2026-04-24T09:30:40.383Z,,COORDINATE_ROUNDED;CONTINENT_DERIVED_FROM_COORDINATES;INSTITUTION_MATCH_FUZZY;INSTITUTION_COLLECTION_MISMATCH
5228990564,58daed7d-de25-416c-a923-22eb737b6a67,https://arctos.database.museum/guid/UNCG:Mamm:1171,Animalia,Chordata,Mammalia,Soricomorpha,Soricidae,Sorex,Sorex vagrans,,SPECIES,"Sorex vagrans Baird, 1857",Sorex vagrans,,US,"Humboldt-Toiyabe National Forest, 2.75 km WSW North Schell Peak, Timber Creek",Nevada,PRESENT,,a3606783-50d7-42e7-8cad-14cb6214def4,39.39985,-114.627261,5,,2592,0,,,6/27/24,27,6,2024,2436042,2436042,PRESERVED_SPECIMEN,UNCG,Mammalogy,UNCG:Mamm:1171,,Andre A. Plantinga-Kapteyn,2024-06-27T00:00:00,CC_BY_NC_4_0,,"Collector(s): Andre A. Plantinga-Kapteyn, Amanda K. Weller, Wade M. Burris, Kristin E. Stierman",,,2026-04-24T09:30:40.792Z,,CONTINENT_DERIVED_FROM_COORDINATES;INSTITUTION_MATCH_FUZZY;INSTITUTION_COLLECTION_MISMATCH
5228990563,58daed7d-de25-416c-a923-22eb737b6a67,https://arctos.database.museum/guid/UNCG:Mamm:1174,Animalia,Chordata,Mammalia,Soricomorpha,Soricidae,Sorex,Sorex vagrans,,SPECIES,"Sorex vagrans Baird, 1857",Sorex vagrans,,US,"Humboldt-Toiyabe National Forest, 2.75 km WSW North Schell Peak, Timber Creek",Nevada,PRESENT,,a3606783-50d7-42e7-8cad-14cb6214def4,39.399724,-114.627391,5,,2584,0,,,6/27/24,27,6,2024,2436042,2436042,PRESERVED_SPECIMEN,UNCG,Mammalogy,UNCG:Mamm:1174,,Andre A. Plantinga-Kapteyn,2024-06-27T00:00:00,CC_BY_NC_4_0,,"Collector(s): Andre A. Plantinga-Kapteyn, Amanda K. Weller, Wade M. Burris, Kristin E. Stierman",,,2026-04-24T09:30:40.672Z,,COORDINATE_ROUNDED;CONTINENT_DERIVED_FROM_COORDINATES;INSTITUTION_MATCH_FUZZY;INSTITUTION_COLLECTION_MISMATCH
5228990561,58daed7d-de25-416c-a923-22eb737b6a67,https://arctos.database.museum/guid/UNCG:Mamm:1176,Animalia,Chordata,Mammalia,Soricomorpha,Soricidae,Sorex,Sorex vagrans,,SPECIES,"Sorex vagrans Baird, 1857",Sorex vagrans,,US,"Humboldt-Toiyabe National Forest, 2.75 km WSW North Schell Peak, Timber Creek",Nevada,PRESENT,,a3606783-50d7-42e7-8cad-14cb6214def4,39.399724,-114.627414,5,,2585,0,,,6/27/24,27,6,2024,2436042,2436042,PRESERVED_SPECIMEN,UNCG,Mammalogy,UNCG:Mamm:1176,,Andre A. Plantinga-Kapteyn,2024-06-27T00:00:00,CC_BY_NC_4_0,,"Collector(s): Andre A. Plantinga-Kapteyn, Amanda K. Weller, Wade M. Burris, Kristin E. Stierman",,,2026-04-24T09:30:39.725Z,,COORDINATE_ROUNDED;CONTINENT_DERIVED_FROM_COORDINATES;INSTITUTION_MATCH_FUZZY;INSTITUTION_COLLECTION_MISMATCH
5228990560,58daed7d-de25-416c-a923-22eb737b6a67,https://arctos.database.museum/guid/UNCG:Mamm:1175,Animalia,Chordata,Mammalia,Soricomorpha,Soricidae,Sorex,Sorex vagrans,,SPECIES,"Sorex vagrans Baird, 1857",Sorex vagrans,,US,"Humboldt-Toiyabe National Forest, 2.75 km WSW North Schell Peak, Timber Creek",Nevada,PRESENT,,a3606783-50d7-42e7-8cad-14cb6214def4,39.399724,-114.627414,5,,2585,0,,,6/27/24,27,6,2024,2436042,2436042,PRESERVED_SPECIMEN,UNCG,Mammalogy,UNCG:Mamm:1175,,Andre A. Plantinga-Kapteyn,2024-06-27T00:00:00,CC_BY_NC_4_0,,"Collector(s): Andre A. Plantinga-Kapteyn, Amanda K. Weller, Wade M. Burris, Kristin E. Stierman",,,2026-04-24T09:30:40.442Z,,COORDINATE_ROUNDED;CONTINENT_DERIVED_FROM_COORDINATES;INSTITUTION_MATCH_FUZZY;INSTITUTION_COLLECTION_MISMATCH
5228990559,58daed7d-de25-416c-a923-22eb737b6a67,https://arctos.database.museum/guid/UNCG:Mamm:1178,Animalia,Chordata,Mammalia,Soricomorpha,Soricidae,Sorex,Sorex palustris,,SPECIES,"Sorex navigator (Baird, 1858)",Sorex navigator,,US,"Humboldt-Toiyabe National Forest, 2.75 km WSW North Schell Peak, Timber Creek",Nevada,PRESENT,,a3606783-50d7-42e7-8cad-14cb6214def4,39.399867,-114.628259,5,,2688,0,,,6/27/24,27,6,2024,12105209,2436006,PRESERVED_SPECIMEN,UNCG,Mammalogy,UNCG:Mamm:1178,,,,CC_BY_NC_4_0,,"Collector(s): Andre A. Plantinga-Kapteyn, Amanda K. Weller, Wade M. Burris, Kristin E. Stierman",,,2026-04-24T09:30:39.594Z,,COORDINATE_ROUNDED;CONTINENT_DERIVED_FROM_COORDINATES;INSTITUTION_MATCH_FUZZY;INSTITUTION_COLLECTION_MISMATCH
5228990541,58daed7d-de25-416c-a923-22eb737b6a67,https://arctos.database.museum/guid/UNCG:Mamm:1167,Animalia,Chordata,Mammalia,Soricomorpha,Soricidae,Sorex,Sorex vagrans,,SPECIES,"Sorex vagrans Baird, 1857",Sorex vagrans,,US,"Humboldt-Toiyabe National Forest, 2.75 km WSW North Schell Peak, Timber Creek",Nevada,PRESENT,,a3606783-50d7-42e7-8cad-14cb6214def4,39.399775,-114.627492,5,,2701,0,,,6/27/24,27,6,2024,2436042,2436042,PRESERVED_SPECIMEN,UNCG,Mammalogy,UNCG:Mamm:1167,,Andre A. Plantinga-Kapteyn,2024-06-27T00:00:00,CC_BY_NC_4_0,,"Collector(s): Andre A. Plantinga-Kapteyn, Amanda K. Weller, Wade M. Burris, Kristin E. Stierman",,,2026-04-24T09:30:41.101Z,,COORDINATE_ROUNDED;CONTINENT_DERIVED_FROM_COORDINATES;INSTITUTION_MATCH_FUZZY;INSTITUTION_COLLECTION_MISMATCH
5228990539,58daed7d-de25-416c-a923-22eb737b6a67,https://arctos.database.museum/guid/UNCG:Mamm:1169,Animalia,Chordata,Mammalia,Soricomorpha,Soricidae,Sorex,Sorex vagrans,,SPECIES,"Sorex vagrans Baird, 1857",Sorex vagrans,,US,"Humboldt-Toiyabe National Forest, 2.75 km WSW North Schell Peak, Timber Creek",Nevada,PRESENT,,a3606783-50d7-42e7-8cad-14cb6214def4,39.399777,-114.627143,5,,2701,0,,,6/27/24,27,6,2024,2436042,2436042,PRESERVED_SPECIMEN,UNCG,Mammalogy,UNCG:Mamm:1169,,Andre A. Plantinga-Kapteyn,2024-06-27T00:00:00,CC_BY_NC_4_0,,"Collector(s): Andre A. Plantinga-Kapteyn, Amanda K. Weller, Wade M. Burris, Kristin E. Stierman",,,2026-04-24T09:30:39.962Z,,COORDINATE_ROUNDED;CONTINENT_DERIVED_FROM_COORDINATES;INSTITUTION_MATCH_FUZZY;INSTITUTION_COLLECTION_MISMATCH
5228990538,58daed7d-de25-416c-a923-22eb737b6a67,https://arctos.database.museum/guid/UNCG:Mamm:1168,Animalia,Chordata,Mammalia,Soricomorpha,Soricidae,Sorex,Sorex vagrans,,SPECIES,"Sorex vagrans Baird, 1857",Sorex vagrans,,US,"Humboldt-Toiyabe National Forest, 2.75 km WSW North Schell Peak, Timber Creek",Nevada,PRESENT,,a3606783-50d7-42e7-8cad-14cb6214def4,39.399927,-114.628888,5,,2677,0,,,6/27/24,27,6,2024,2436042,2436042,PRESERVED_SPECIMEN,UNCG,Mammalogy,UNCG:Mamm:1168,,Andre A. Plantinga-Kapteyn,2024-06-27T00:00:00,CC_BY_NC_4_0,,"Collector(s): Andre A. Plantinga-Kapteyn, Amanda K. Weller, Wade M. Burris, Kristin E. Stierman",,,2026-04-24T09:30:40.906Z,,COORDINATE_ROUNDED;CONTINENT_DERIVED_FROM_COORDINATES;INSTITUTION_MATCH_FUZZY;INSTITUTION_COLLECTION_MISMATCH
5195982591,ce4fe924-1ddf-4546-856f-b3319aded91b,https://arctos.database.museum/guid/UNR:Mamm:2003,Animalia,Chordata,Mammalia,Soricomorpha,Soricidae,Sorex,Sorex vagrans,,SPECIES,"Sorex vagrans Baird, 1857",Sorex vagrans,,US,"Short Lane, Reno, Nevada",Nevada,PRESENT,,470365d0-812d-11de-86fe-b8a03c50a862,39.529633,-119.813803,14007,,,,,,4/20/69,20,4,1969,2436042,2436042,PRESERVED_SPECIMEN,UNR,Mammalogy,UNR:Mamm:2003,6,C. B. Jones,1969-04-20T00:00:00,CC0_1_0,,Collector(s): C. B. Jones,,,2026-04-30T10:29:12.641Z,,CONTINENT_DERIVED_FROM_COORDINATES;INSTITUTION_MATCH_FUZZY;INSTITUTION_COLLECTION_MISMATCH
5195982532,ce4fe924-1ddf-4546-856f-b3319aded91b,https://arctos.database.museum/guid/UNR:Mamm:360,Animalia,Chordata,Mammalia,Soricomorpha,Soricidae,Sorex,Sorex vagrans,,SPECIES,"Sorex vagrans Baird, 1857",Sorex vagrans monticola,,US,"8.5 mi SW of Wells, Ruby Mts, below Angel Lake",Nevada,PRESENT,,470365d0-812d-11de-86fe-b8a03c50a862,41.024434,-115.080091,7730,,2499,0,,,8/12/62,12,8,1962,2436042,2436042,PRESERVED_SPECIMEN,UNR,Mammalogy,UNR:Mamm:360,211,Seth B. Benson,,CC0_1_0,,Collector(s): Ronald Ryser,,,2026-04-30T10:29:12.537Z,,CONTINENT_DERIVED_FROM_COORDINATES;INSTITUTION_MATCH_FUZZY;INSTITUTION_COLLECTION_MISMATCH;TAXON_MATCH_HIGHERRANK
5195982531,ce4fe924-1ddf-4546-856f-b3319aded91b,https://arctos.database.museum/guid/UNR:Mamm:361,Animalia,Chordata,Mammalia,Soricomorpha,Soricidae,Sorex,Sorex vagrans,,SPECIES,"Sorex vagrans Baird, 1857",Sorex vagrans monticola,,US,"8.5 mi SW of Wells, Ruby Mts, below Angel Lake",Nevada,PRESENT,,470365d0-812d-11de-86fe-b8a03c50a862,41.024434,-115.080091,7730,,2499,0,,,8/12/62,12,8,1962,2436042,2436042,PRESERVED_SPECIMEN,UNR,Mammalogy,UNR:Mamm:361,,Seth B. Benson,,CC0_1_0,,Collector(s): Ronald Ryser; Preparator(s): W. Verne Woodbury,,,2026-04-30T10:29:12.574Z,,CONTINENT_DERIVED_FROM_COORDINATES;INSTITUTION_MATCH_FUZZY;INSTITUTION_COLLECTION_MISMATCH;TAXON_MATCH_HIGHERRANK
5195982529,ce4fe924-1ddf-4546-856f-b3319aded91b,https://arctos.database.museum/guid/UNR:Mamm:362,Animalia,Chordata,Mammalia,Soricomorpha,Soricidae,Sorex,Sorex vagrans,,SPECIES,"Sorex vagrans Baird, 1857",Sorex vagrans monticola,,US,"Angel Lake, Ruby Mts, 8.5 mi SW of Wells",Nevada,PRESENT,,470365d0-812d-11de-86fe-b8a03c50a862,41.024434,-115.080091,7730,,2499,0,,,8/12/62,12,8,1962,2436042,2436042,PRESERVED_SPECIMEN,UNR,Mammalogy,UNR:Mamm:362,8,N. West,,CC0_1_0,,Collector(s): N. West,,,2026-04-30T10:29:13.229Z,,CONTINENT_DERIVED_FROM_COORDINATES;INSTITUTION_MATCH_FUZZY;INSTITUTION_COLLECTION_MISMATCH;TAXON_MATCH_HIGHERRANK
5195982527,ce4fe924-1ddf-4546-856f-b3319aded91b,https://arctos.database.museum/guid/UNR:Mamm:363,Animalia,Chordata,Mammalia,Soricomorpha,Soricidae,Sorex,Sorex vagrans,,SPECIES,"Sorex vagrans Baird, 1857",Sorex vagrans,,US,"8.5 mi SW of Wells, Ruby Mts, Angel Lake",Nevada,PRESENT,,470365d0-812d-11de-86fe-b8a03c50a862,41.024434,-115.080091,7730,,2499,0,,,8/12/62,12,8,1962,2436042,2436042,PRESERVED_SPECIMEN,UNR,Mammalogy,UNR:Mamm:363,,Ronald Ryser,,CC0_1_0,,Collector(s): Ronald Ryser; Preparator(s): W. Verne Woodbury,,,2026-04-30T10:29:12.509Z,,CONTINENT_DERIVED_FROM_COORDINATES;INSTITUTION_MATCH_FUZZY;INSTITUTION_COLLECTION_MISMATCH
5195982514,ce4fe924-1ddf-4546-856f-b3319aded91b,https://arctos.database.museum/guid/UNR:Mamm:357,Animalia,Chordata,Mammalia,Soricomorpha,Soricidae,Sorex,Sorex vagrans,,SPECIES,"Sorex vagrans Baird, 1857",Sorex vagrans monticola,,US,"8 mi SW of Wells, Ruby Mts, below Angel Lake",Nevada,PRESENT,,470365d0-812d-11de-86fe-b8a03c50a862,41.029563,-115.073291,8621,,2499,0,,,8/11/62,11,8,1962,2436042,2436042,PRESERVED_SPECIMEN,UNR,Mammalogy,UNR:Mamm:357,208,Seth B. Benson,,CC0_1_0,,Collector(s): Ronald Ryser,,,2026-04-30T10:29:13.213Z,,CONTINENT_DERIVED_FROM_COORDINATES;INSTITUTION_MATCH_FUZZY;INSTITUTION_COLLECTION_MISMATCH;TAXON_MATCH_HIGHERRANK
5195982512,ce4fe924-1ddf-4546-856f-b3319aded91b,https://arctos.database.museum/guid/UNR:Mamm:358,Animalia,Chordata,Mammalia,Soricomorpha,Soricidae,Sorex,Sorex vagrans,,SPECIES,"Sorex vagrans Baird, 1857",Sorex vagrans monticola,,US,"8.5 mi SW of Wells, Ruby Mts, below Angel Lake",Nevada,PRESENT,,470365d0-812d-11de-86fe-b8a03c50a862,41.024434,-115.080091,7730,,2499,0,,,8/12/62,12,8,1962,2436042,2436042,PRESERVED_SPECIMEN,UNR,Mammalogy,UNR:Mamm:358,210,Seth B. Benson,,CC0_1_0,,Collector(s): Ronald Ryser,,,2026-04-30T10:29:13.159Z,,CONTINENT_DERIVED_FROM_COORDINATES;INSTITUTION_MATCH_FUZZY;INSTITUTION_COLLECTION_MISMATCH;TAXON_MATCH_HIGHERRANK
5195982511,ce4fe924-1ddf-4546-856f-b3319aded91b,https://arctos.database.museum/guid/UNR:Mamm:359,Animalia,Chordata,Mammalia,Soricomorpha,Soricidae,Sorex,Sorex vagrans,,SPECIES,"Sorex vagrans Baird, 1857",Sorex vagrans monticola,,US,"Angel Lake, Ruby Mts, 8.5 mi SW of Wells",Nevada,PRESENT,,470365d0-812d-11de-86fe-b8a03c50a862,41.024434,-115.080091,7730,,2499,0,,,8/12/62,12,8,1962,2436042,2436042,PRESERVED_SPECIMEN,UNR,Mammalogy,UNR:Mamm:359,9,Seth B. Benson,,CC0_1_0,,Collector(s): N. West,,,2026-04-30T10:29:12.629Z,,CONTINENT_DERIVED_FROM_COORDINATES;INSTITUTION_MATCH_FUZZY;INSTITUTION_COLLECTION_MISMATCH;TAXON_MATCH_HIGHERRANK
5195982477,ce4fe924-1ddf-4546-856f-b3319aded91b,https://arctos.database.museum/guid/UNR:Mamm:2051,Animalia,Chordata,Mammalia,Soricomorpha,Soricidae,Sorex,Sorex vagrans,,SPECIES,"Sorex vagrans Baird, 1857",Sorex vagrans,,US,"Huffaker and Lakeside, Reno",Nevada,PRESENT,,470365d0-812d-11de-86fe-b8a03c50a862,39.45,-119.7667,,,1372,0,,,3/22/69,22,3,1969,2436042,2436042,PRESERVED_SPECIMEN,UNR,Mammalogy,UNR:Mamm:2051,4,R. B. Quilici,1969-03-22T00:00:00,CC0_1_0,,Collector(s): R. B. Quilici,,,2026-04-30T10:29:12.597Z,,CONTINENT_DERIVED_FROM_COORDINATES;INSTITUTION_MATCH_FUZZY;INSTITUTION_COLLECTION_MISMATCH
5195982474,ce4fe924-1ddf-4546-856f-b3319aded91b,https://arctos.database.museum/guid/UNR:Mamm:2052,Animalia,Chordata,Mammalia,Soricomorpha,Soricidae,Sorex,Sorex vagrans,,SPECIES,"Sorex vagrans Baird, 1857",Sorex vagrans,,US,N of Verdi Bridge by Verdi,Nevada,PRESENT,,470365d0-812d-11de-86fe-b8a03c50a862,39.518243,-119.988811,,,,,,,5/20/71,20,5,1971,2436042,2436042,PRESERVED_SPECIMEN,UNR,Mammalogy,UNR:Mamm:2052,15,D. E. Weller,1971-05-20T00:00:00,CC0_1_0,,Collector(s): D. E. Weller,,,2026-04-30T10:29:13.135Z,,CONTINENT_DERIVED_FROM_COORDINATES;INSTITUTION_MATCH_FUZZY;INSTITUTION_COLLECTION_MISMATCH
5195982388,ce4fe924-1ddf-4546-856f-b3319aded91b,https://arctos.database.museum/guid/UNR:Mamm:314,Animalia,Chordata,Mammalia,Soricomorpha,Soricidae,Sorex,Sorex vagrans,,SPECIES,"Sorex vagrans Baird, 1857",Sorex vagrans,,US,3 mi below Johnson Lake along Snake Creek,Nevada,PRESENT,,470365d0-812d-11de-86fe-b8a03c50a862,38.938239,-114.26954,,,2560,0,,,8/7/59,7,8,1959,2436042,2436042,PRESERVED_SPECIMEN,UNR,Mammalogy,UNR:Mamm:314,31,Fred A. Ryser,1959-08-07T00:00:00,CC0_1_0,,"Collector(s): Fred A. Ryser, A. V. Anderson",,,2026-04-30T10:29:13.077Z,,CONTINENT_DERIVED_FROM_COORDINATES;INSTITUTION_MATCH_FUZZY;INSTITUTION_COLLECTION_MISMATCH
5195982386,ce4fe924-1ddf-4546-856f-b3319aded91b,https://arctos.database.museum/guid/UNR:Mamm:315,Animalia,Chordata,Mammalia,Soricomorpha,Soricidae,Sorex,Sorex vagrans,,SPECIES,"Sorex vagrans Baird, 1857",Sorex vagrans amoenus,,US,"Along Truckee River, 6 mi W of Reno on Hwy 40",Nevada,PRESENT,,470365d0-812d-11de-86fe-b8a03c50a862,39.50451,-119.900329,,,1494,0,,,4/2/61,2,4,1961,2436042,2436042,PRESERVED_SPECIMEN,UNR,Mammalogy,UNR:Mamm:315,9,Seth B. Benson,,CC0_1_0,,Collector(s): W. D. Ashton,,,2026-04-30T10:29:12.556Z,,CONTINENT_DERIVED_FROM_COORDINATES;INSTITUTION_MATCH_FUZZY;INSTITUTION_COLLECTION_MISMATCH;TAXON_MATCH_HIGHERRANK
5195980907,ce4fe924-1ddf-4546-856f-b3319aded91b,https://arctos.database.museum/guid/UNR:Mamm:1618,Animalia,Chordata,Mammalia,Soricomorpha,Soricidae,Sorex,Sorex vagrans,,SPECIES,"Sorex vagrans Baird, 1857",Sorex vagrans,,US,"3 mi E of Sparks, 0.25 mi S of US 40, 100 yd from Truckee River, Casci Ranch",Nevada,PRESENT,,470365d0-812d-11de-86fe-b8a03c50a862,39.522111,-119.701119,12657,,,,,,3/26/66,26,3,1966,2436042,2436042,PRESERVED_SPECIMEN,UNR,Mammalogy,UNR:Mamm:1618,4,R. Rock,1966-03-26T00:00:00,CC0_1_0,,Collector(s): R. Rock,,,2026-04-30T10:29:12.814Z,,CONTINENT_DERIVED_FROM_COORDINATES;INSTITUTION_MATCH_FUZZY;INSTITUTION_COLLECTION_MISMATCH
5195980905,ce4fe924-1ddf-4546-856f-b3319aded91b,https://arctos.database.museum/guid/UNR:Mamm:1619,Animalia,Chordata,Mammalia,Soricomorpha,Soricidae,Sorex,Sorex vagrans,,SPECIES,"Sorex vagrans Baird, 1857",Sorex vagrans,,US,"3 mi E of Sparks, 0.25 mi S of US 40, 100 yd from Truckee River, Casci Ranch",Nevada,PRESENT,,470365d0-812d-11de-86fe-b8a03c50a862,39.522111,-119.701119,12657,,,,,,3/26/66,26,3,1966,2436042,2436042,PRESERVED_SPECIMEN,UNR,Mammalogy,UNR:Mamm:1619,5,R. Rock,1966-03-26T00:00:00,CC0_1_0,,Collector(s): R. Rock,,,2026-04-30T10:29:12.813Z,,CONTINENT_DERIVED_FROM_COORDINATES;INSTITUTION_MATCH_FUZZY;INSTITUTION_COLLECTION_MISMATCH
5195980880,ce4fe924-1ddf-4546-856f-b3319aded91b,https://arctos.database.museum/guid/UNR:Mamm:1620,Animalia,Chordata,Mammalia,Soricomorpha,Soricidae,Sorex,Sorex vagrans,,SPECIES,"Sorex vagrans Baird, 1857",Sorex vagrans,,US,"3 mi E of Sparks, 0.25 mi S of U.S. 40, 100 yd from Truckee River, Casci Ranch",Nevada,PRESENT,,470365d0-812d-11de-86fe-b8a03c50a862,39.522111,-119.701119,12657,,,,,,3/26/66,26,3,1966,2436042,2436042,PRESERVED_SPECIMEN,UNR,Mammalogy,UNR:Mamm:1620,6,R. Rock,1966-03-26T00:00:00,CC0_1_0,,Collector(s): R. Rock,,,2026-04-30T10:29:12.238Z,,CONTINENT_DERIVED_FROM_COORDINATES;INSTITUTION_MATCH_FUZZY;INSTITUTION_COLLECTION_MISMATCH
5195980853,ce4fe924-1ddf-4546-856f-b3319aded91b,https://arctos.database.museum/guid/UNR:Mamm:2055,Animalia,Chordata,Mammalia,Soricomorpha,Soricidae,Sorex,Sorex vagrans,,SPECIES,"Sorex vagrans Baird, 1857",Sorex vagrans,,US,"3 mi E of Sparks, 0.25 mi S of US 40, 100 yds S of Truckee River, Casci Ranch",Nevada,PRESENT,,470365d0-812d-11de-86fe-b8a03c50a862,39.522111,-119.701119,12657,,,,,,3/26/66,26,3,1966,2436042,2436042,PRESERVED_SPECIMEN,UNR,Mammalogy,UNR:Mamm:2055,9,S. Martini,1966-03-26T00:00:00,CC0_1_0,,Collector(s): S. Martini,,,2026-04-30T10:29:12.226Z,,CONTINENT_DERIVED_FROM_COORDINATES;INSTITUTION_MATCH_FUZZY;INSTITUTION_COLLECTION_MISMATCH
5195980835,ce4fe924-1ddf-4546-856f-b3319aded91b,https://arctos.database.museum/guid/UNR:Mamm:2068,Animalia,Chordata,Mammalia,Soricomorpha,Soricidae,Sorex,Sorex vagrans,,SPECIES,"Sorex vagrans Baird, 1857",Sorex vagrans,,US,"3 mi E of Sparks, 0.25 mi S of US 40, 100 yds S of Truckee River, Casci Ranch",Nevada,PRESENT,,470365d0-812d-11de-86fe-b8a03c50a862,39.522111,-119.701119,12657,,,,,,3/26/66,26,3,1966,2436042,2436042,PRESERVED_SPECIMEN,UNR,Mammalogy,UNR:Mamm:2068,6,S. Martini,1966-03-26T00:00:00,CC0_1_0,,Collector(s): S. Martini,,,2026-04-30T10:29:12.236Z,,CONTINENT_DERIVED_FROM_COORDINATES;INSTITUTION_MATCH_FUZZY;INSTITUTION_COLLECTION_MISMATCH
5195979298,ce4fe924-1ddf-4546-856f-b3319aded91b,https://arctos.database.museum/guid/UNR:Mamm:672,Animalia,Chordata,Mammalia,Soricomorpha,Soricidae,Sorex,Sorex vagrans,,SPECIES,"Sorex vagrans Baird, 1857",Sorex vagrans,,US,2 mi SE Zephyr Cove,Nevada,PRESENT,,470365d0-812d-11de-86fe-b8a03c50a862,38.986904,-119.925743,,,,,,,7/27/63,27,7,1963,2436042,2436042,PRESERVED_SPECIMEN,UNR,Mammalogy,UNR:Mamm:672,28631,J. Raymond Alcorn,1963-07-27T00:00:00,CC0_1_0,,Collector(s): J. Raymond Alcorn,,,2026-04-30T10:29:12.421Z,,CONTINENT_DERIVED_FROM_COORDINATES;INSTITUTION_MATCH_FUZZY;INSTITUTION_COLLECTION_MISMATCH
5195979287,ce4fe924-1ddf-4546-856f-b3319aded91b,https://arctos.database.museum/guid/UNR:Mamm:2761,Animalia,Chordata,Mammalia,Soricomorpha,Soricidae,Sorex,Sorex vagrans,,SPECIES,"Sorex vagrans Baird, 1857",Sorex vagrans,,US,"Juniper Basin, Virginia Mountains, 3 mi WNW Pyramid Lake",Nevada,PRESENT,,470365d0-812d-11de-86fe-b8a03c50a862,40.138803,-119.792576,5000,,,,,,6/1/98,1,6,1998,2436042,2436042,PRESERVED_SPECIMEN,UNR,Mammalogy,UNR:Mamm:2761,12,Erik Beever,1998-06-01T00:00:00,CC0_1_0,,Collector(s): Erik Beever,,,2026-04-30T10:29:11.975Z,,CONTINENT_DERIVED_FROM_COORDINATES;INSTITUTION_MATCH_FUZZY;INSTITUTION_COLLECTION_MISMATCH
5195978421,ce4fe924-1ddf-4546-856f-b3319aded91b,https://arctos.database.museum/guid/UNR:Mamm:1227,Animalia,Chordata,Mammalia,Soricomorpha,Soricidae,Sorex,Sorex vagrans,,SPECIES,"Sorex vagrans Baird, 1857",Sorex vagrans,,US,3 mi E of Verdi,Nevada,PRESENT,,470365d0-812d-11de-86fe-b8a03c50a862,39.518229,-119.932441,,,1372,0,,,4/19/69,19,4,1969,2436042,2436042,PRESERVED_SPECIMEN,UNR,Mammalogy,UNR:Mamm:1227,19,M. L. Menesini,,CC0_1_0,,Collector(s): M. L. Menesini,,,2026-04-30T10:29:11.690Z,,CONTINENT_DERIVED_FROM_COORDINATES;INSTITUTION_MATCH_FUZZY;INSTITUTION_COLLECTION_MISMATCH
5195978389,ce4fe924-1ddf-4546-856f-b3319aded91b,https://arctos.database.museum/guid/UNR:Mamm:1234,Animalia,Chordata,Mammalia,Soricomorpha,Soricidae,Sorex,Sorex vagrans,,SPECIES,"Sorex vagrans Baird, 1857",Sorex vagrans,,US,"End of Boynton Lane at intersection with Peckham Lane, Reno",Nevada,PRESENT,,470365d0-812d-11de-86fe-b8a03c50a862,39.529633,-119.813803,14007,,,,,,3/7/67,7,3,1967,2436042,2436042,PRESERVED_SPECIMEN,UNR,Mammalogy,UNR:Mamm:1234,1,R. W. Hansen,1967-03-07T00:00:00,CC0_1_0,,Collector(s): R. W. Hansen,,,2026-04-30T10:29:11.385Z,,CONTINENT_DERIVED_FROM_COORDINATES;INSTITUTION_MATCH_FUZZY;INSTITUTION_COLLECTION_MISMATCH
5195978385,ce4fe924-1ddf-4546-856f-b3319aded91b,https://arctos.database.museum/guid/UNR:Mamm:1235,Animalia,Chordata,Mammalia,Soricomorpha,Soricidae,Sorex,Sorex vagrans,,SPECIES,"Sorex vagrans Baird, 1857",Sorex vagrans,,US,"Huffaker and Lakeside Dr, Reno",Nevada,PRESENT,,470365d0-812d-11de-86fe-b8a03c50a862,39.45,-119.7667,,,1372,0,,,3/27/69,27,3,1969,2436042,2436042,PRESERVED_SPECIMEN,UNR,Mammalogy,UNR:Mamm:1235,10,R. B. Quilici,,CC0_1_0,,Collector(s): R. B. Quilici,,,2026-04-30T10:29:11.359Z,,CONTINENT_DERIVED_FROM_COORDINATES;INSTITUTION_MATCH_FUZZY;INSTITUTION_COLLECTION_MISMATCH
5195978383,ce4fe924-1ddf-4546-856f-b3319aded91b,https://arctos.database.museum/guid/UNR:Mamm:1236,Animalia,Chordata,Mammalia,Soricomorpha,Soricidae,Sorex,Sorex vagrans,,SPECIES,"Sorex vagrans Baird, 1857",Sorex vagrans,,US,"11 mi E of Carson and 3 mi E of Dayton, Gene Minor Ranch",Nevada,PRESENT,,470365d0-812d-11de-86fe-b8a03c50a862,39.237122,-119.536805,14074,,1280,0,,,4/6/68,6,4,1968,2436042,2436042,PRESERVED_SPECIMEN,UNR,Mammalogy,UNR:Mamm:1236,27,Richard S. Funk,,CC0_1_0,,"Collector(s): Richard S. Funk, Tom L. Bean",,,2026-04-30T10:29:11.358Z,,CONTINENT_DERIVED_FROM_COORDINATES;INSTITUTION_MATCH_FUZZY;INSTITUTION_COLLECTION_MISMATCH
5195978370,ce4fe924-1ddf-4546-856f-b3319aded91b,https://arctos.database.museum/guid/UNR:Mamm:1232,Animalia,Chordata,Mammalia,Soricomorpha,Soricidae,Sorex,Sorex vagrans,,SPECIES,"Sorex vagrans Baird, 1857",Sorex vagrans,,US,"Marsh's Lake, Verdi, Nevada",Nevada,PRESENT,,470365d0-812d-11de-86fe-b8a03c50a862,39.518243,-119.988811,,,,,,,3/30/69,30,3,1969,2436042,2436042,PRESERVED_SPECIMEN,UNR,Mammalogy,UNR:Mamm:1232,,R. B. Quilici,,CC0_1_0,,Collector(s): R. B. Quilici; Preparator(s): C. Jones,,,2026-04-30T10:29:11.314Z,,CONTINENT_DERIVED_FROM_COORDINATES;INSTITUTION_MATCH_FUZZY;INSTITUTION_COLLECTION_MISMATCH
5195978369,ce4fe924-1ddf-4546-856f-b3319aded91b,https://arctos.database.museum/guid/UNR:Mamm:1233,Animalia,Chordata,Mammalia,Soricomorpha,Soricidae,Sorex,Sorex vagrans,,SPECIES,"Sorex vagrans Baird, 1857",Sorex vagrans,,US,"Huffaker and Lakeside Dr, Reno",Nevada,PRESENT,,470365d0-812d-11de-86fe-b8a03c50a862,39.45,-119.7667,,,1372,0,,,3/19/69,19,3,1969,2436042,2436042,PRESERVED_SPECIMEN,UNR,Mammalogy,UNR:Mamm:1233,1,R. B. Quilici,,CC0_1_0,,Collector(s): R. B. Quilici,,,2026-04-30T10:29:11.582Z,,CONTINENT_DERIVED_FROM_COORDINATES;INSTITUTION_MATCH_FUZZY;INSTITUTION_COLLECTION_MISMATCH
5195974140,ce4fe924-1ddf-4546-856f-b3319aded91b,https://arctos.database.museum/guid/UNR:Mamm:145,Animalia,Chordata,Mammalia,Soricomorpha,Soricidae,Sorex,Sorex vagrans,,SPECIES,"Sorex vagrans Baird, 1857",Sorex vagrans,,US,S end of Marlette Lake,Nevada,PRESENT,,470365d0-812d-11de-86fe-b8a03c50a862,39.17369,-119.901645,,,2438,0,,,7/19/59,19,7,1959,2436042,2436042,PRESERVED_SPECIMEN,UNR,Mammalogy,UNR:Mamm:145,,Fred A. Ryser,1959-07-19T00:00:00,CC0_1_0,,"Collector(s): Fred A. Ryser, A. V. Anderson; Preparator(s): Fred A. Ryser",,,2026-04-30T10:29:11.157Z,,CONTINENT_DERIVED_FROM_COORDINATES;INSTITUTION_MATCH_FUZZY;INSTITUTION_COLLECTION_MISMATCH
5195974135,ce4fe924-1ddf-4546-856f-b3319aded91b,https://arctos.database.museum/guid/UNR:Mamm:146,Animalia,Chordata,Mammalia,Soricomorpha,Soricidae,Sorex,Sorex vagrans,,SPECIES,"Sorex vagrans Baird, 1857",Sorex vagrans,,US,S end of Marlette Lake,Nevada,PRESENT,,470365d0-812d-11de-86fe-b8a03c50a862,39.17369,-119.901645,,,2438,0,,,7/18/59,18,7,1959,2436042,2436042,PRESERVED_SPECIMEN,UNR,Mammalogy,UNR:Mamm:146,,Fred A. Ryser,1959-07-18T00:00:00,CC0_1_0,,"Collector(s): Fred A. Ryser, A. V. Anderson; Preparator(s): Fred A. Ryser",,,2026-04-30T10:29:11.380Z,,CONTINENT_DERIVED_FROM_COORDINATES;INSTITUTION_MATCH_FUZZY;INSTITUTION_COLLECTION_MISMATCH
5195974132,ce4fe924-1ddf-4546-856f-b3319aded91b,https://arctos.database.museum/guid/UNR:Mamm:147,Animalia,Chordata,Mammalia,Soricomorpha,Soricidae,Sorex,Sorex vagrans,,SPECIES,"Sorex vagrans Baird, 1857",Sorex vagrans,,US,S end of Marlette Lake,Nevada,PRESENT,,470365d0-812d-11de-86fe-b8a03c50a862,39.17369,-119.901645,,,2438,0,,,7/18/59,18,7,1959,2436042,2436042,PRESERVED_SPECIMEN,UNR,Mammalogy,UNR:Mamm:147,,Fred A. Ryser,1959-07-18T00:00:00,CC0_1_0,,"Collector(s): Fred A. Ryser, A. V. Anderson; Preparator(s): Fred A. Ryser",,,2026-04-30T10:29:11.154Z,,CONTINENT_DERIVED_FROM_COORDINATES;INSTITUTION_MATCH_FUZZY;INSTITUTION_COLLECTION_MISMATCH
5195974111,ce4fe924-1ddf-4546-856f-b3319aded91b,https://arctos.database.museum/guid/UNR:Mamm:142,Animalia,Chordata,Mammalia,Soricomorpha,Soricidae,Sorex,Sorex vagrans,,SPECIES,"Sorex vagrans Baird, 1857",Sorex vagrans amoenus,,US,S end of Marlette Lake,Nevada,PRESENT,,470365d0-812d-11de-86fe-b8a03c50a862,39.17369,-119.901645,,,2438,0,,,7/18/59,18,7,1959,2436042,2436042,PRESERVED_SPECIMEN,UNR,Mammalogy,UNR:Mamm:142,,Seth B. Benson,1959-07-18T00:00:00,CC0_1_0,,"Collector(s): Fred A. Ryser, A. V. Anderson; Preparator(s): Fred A. Ryser",,,2026-04-30T10:29:11.379Z,,CONTINENT_DERIVED_FROM_COORDINATES;INSTITUTION_MATCH_FUZZY;INSTITUTION_COLLECTION_MISMATCH;TAXON_MATCH_HIGHERRANK
5195974110,ce4fe924-1ddf-4546-856f-b3319aded91b,https://arctos.database.museum/guid/UNR:Mamm:143,Animalia,Chordata,Mammalia,Soricomorpha,Soricidae,Sorex,Sorex vagrans,,SPECIES,"Sorex vagrans Baird, 1857",Sorex vagrans amoenus,,US,S end of Marlette Lake,Nevada,PRESENT,,470365d0-812d-11de-86fe-b8a03c50a862,39.17369,-119.901645,,,2438,0,,,7/18/59,18,7,1959,2436042,2436042,PRESERVED_SPECIMEN,UNR,Mammalogy,UNR:Mamm:143,,B. O. Smith,1959-07-18T00:00:00,CC0_1_0,,"Collector(s): Fred A. Ryser, A. V. Anderson; Preparator(s): Fred A. Ryser",,,2026-04-30T10:29:11.420Z,,CONTINENT_DERIVED_FROM_COORDINATES;INSTITUTION_MATCH_FUZZY;INSTITUTION_COLLECTION_MISMATCH;TAXON_MATCH_HIGHERRANK
5195974108,ce4fe924-1ddf-4546-856f-b3319aded91b,https://arctos.database.museum/guid/UNR:Mamm:144,Animalia,Chordata,Mammalia,Soricomorpha,Soricidae,Sorex,Sorex vagrans,,SPECIES,"Sorex vagrans Baird, 1857",Sorex vagrans amoenus,,US,S end of Marlette Lake,Nevada,PRESENT,,470365d0-812d-11de-86fe-b8a03c50a862,39.17369,-119.901645,,,2438,0,,,7/19/59,19,7,1959,2436042,2436042,PRESERVED_SPECIMEN,UNR,Mammalogy,UNR:Mamm:144,,B. O. Smith,1959-07-19T00:00:00,CC0_1_0,,"Collector(s): Fred A. Ryser, A. V. Anderson; Preparator(s): Fred A. Ryser",,,2026-04-30T10:29:11.419Z,,CONTINENT_DERIVED_FROM_COORDINATES;INSTITUTION_MATCH_FUZZY;INSTITUTION_COLLECTION_MISMATCH;TAXON_MATCH_HIGHERRANK
5195974018,ce4fe924-1ddf-4546-856f-b3319aded91b,https://arctos.database.museum/guid/UNR:Mamm:110,Animalia,Chordata,Mammalia,Soricomorpha,Soricidae,Sorex,Sorex vagrans,,SPECIES,"Sorex vagrans Baird, 1857",Sorex vagrans amoenus,,US,"Truckee River, Crystal Peak Park, Verdi",Nevada,PRESENT,,470365d0-812d-11de-86fe-b8a03c50a862,39.513548,-119.996045,,,1463,0,,,5/3/59,3,5,1959,2436042,2436042,PRESERVED_SPECIMEN,UNR,Mammalogy,UNR:Mamm:110,9,C. R. Troupe,1959-05-03T00:00:00,CC0_1_0,,Collector(s): C. R. Troupe,,,2026-04-30T10:29:11.364Z,,CONTINENT_DERIVED_FROM_COORDINATES;INSTITUTION_MATCH_FUZZY;INSTITUTION_COLLECTION_MISMATCH;TAXON_MATCH_HIGHERRANK
5195974015,ce4fe924-1ddf-4546-856f-b3319aded91b,https://arctos.database.museum/guid/UNR:Mamm:109,Animalia,Chordata,Mammalia,Soricomorpha,Soricidae,Sorex,Sorex vagrans,,SPECIES,"Sorex vagrans Baird, 1857",Sorex vagrans,,US,"Truckee River, Crystal Peak Park, Verdi",Nevada,PRESENT,,470365d0-812d-11de-86fe-b8a03c50a862,39.513548,-119.996045,,,1463,0,,,5/3/59,3,5,1959,2436042,2436042,PRESERVED_SPECIMEN,UNR,Mammalogy,UNR:Mamm:109,5,unknown,,CC0_1_0,,Collector(s): unknown; Preparator(s): J. R. Smith,,,2026-04-30T10:29:11.346Z,,CONTINENT_DERIVED_FROM_COORDINATES;INSTITUTION_MATCH_FUZZY;INSTITUTION_COLLECTION_MISMATCH
5195974010,ce4fe924-1ddf-4546-856f-b3319aded91b,https://arctos.database.museum/guid/UNR:Mamm:103,Animalia,Chordata,Mammalia,Soricomorpha,Soricidae,Sorex,Sorex vagrans,,SPECIES,"Sorex vagrans Baird, 1857",Sorex vagrans amoenus,,US,North city limits of Reno,Nevada,PRESENT,,470365d0-812d-11de-86fe-b8a03c50a862,39.529633,-119.813803,14007,,1372,0,,,5/3/53,3,5,1953,2436042,2436042,PRESERVED_SPECIMEN,UNR,Mammalogy,UNR:Mamm:103,710,Seth B. Benson,1963-02-01T00:00:00,CC0_1_0,,Collector(s): Ned K. Johnson,,,2026-04-30T10:29:11.049Z,,CONTINENT_DERIVED_FROM_COORDINATES;INSTITUTION_MATCH_FUZZY;INSTITUTION_COLLECTION_MISMATCH;TAXON_MATCH_HIGHERRANK
5195974008,ce4fe924-1ddf-4546-856f-b3319aded91b,https://arctos.database.museum/guid/UNR:Mamm:104,Animalia,Chordata,Mammalia,Soricomorpha,Soricidae,Sorex,Sorex vagrans,,SPECIES,"Sorex vagrans Baird, 1857",Sorex vagrans,,US,"Steamboat Creek, just NE of junction of Hwy 395 and Hwy 17",Nevada,PRESENT,,470365d0-812d-11de-86fe-b8a03c50a862,39.32921,-119.801719,90,,1372,0,,,2/7/59,7,2,1959,2436042,2436042,PRESERVED_SPECIMEN,UNR,Mammalogy,UNR:Mamm:104,21C,Fred A. Ryser,1959-02-07T00:00:00,CC0_1_0,,Collector(s): Fred A. Ryser,,,2026-04-30T10:29:11.282Z,,CONTINENT_DERIVED_FROM_COORDINATES;INSTITUTION_MATCH_FUZZY;INSTITUTION_COLLECTION_MISMATCH
5195974006,ce4fe924-1ddf-4546-856f-b3319aded91b,https://arctos.database.museum/guid/UNR:Mamm:105,Animalia,Chordata,Mammalia,Soricomorpha,Soricidae,Sorex,Sorex vagrans,,SPECIES,"Sorex vagrans Baird, 1857",Sorex vagrans,,US,Steamboat Creek,Nevada,PRESENT,,470365d0-812d-11de-86fe-b8a03c50a862,39.520375,-119.703163,,,1390,0,,,2/21/55,21,2,1955,2436042,2436042,PRESERVED_SPECIMEN,UNR,Mammalogy,UNR:Mamm:105,C-25,Fred A. Ryser,1955-02-21T00:00:00,CC0_1_0,,Collector(s): Fred A. Ryser,,,2026-04-30T10:29:11.274Z,,CONTINENT_DERIVED_FROM_COORDINATES;INSTITUTION_MATCH_FUZZY;INSTITUTION_COLLECTION_MISMATCH
5195974005,ce4fe924-1ddf-4546-856f-b3319aded91b,https://arctos.database.museum/guid/UNR:Mamm:106,Animalia,Chordata,Mammalia,Soricomorpha,Soricidae,Sorex,Sorex vagrans,,SPECIES,"Sorex vagrans Baird, 1857",Sorex vagrans,,US,"Truckee River, Crystal Peak Park, Verdi",Nevada,PRESENT,,470365d0-812d-11de-86fe-b8a03c50a862,39.513548,-119.996045,,,,,,,2/24/55,24,2,1955,2436042,2436042,PRESERVED_SPECIMEN,UNR,Mammalogy,UNR:Mamm:106,N-1,Fred A. Ryser,1955-02-24T00:00:00,CC0_1_0,,Collector(s): Fred A. Ryser,,,2026-04-30T10:29:11.043Z,,CONTINENT_DERIVED_FROM_COORDINATES;INSTITUTION_MATCH_FUZZY;INSTITUTION_COLLECTION_MISMATCH
5195974004,ce4fe924-1ddf-4546-856f-b3319aded91b,https://arctos.database.museum/guid/UNR:Mamm:107,Animalia,Chordata,Mammalia,Soricomorpha,Soricidae,Sorex,Sorex vagrans,,SPECIES,"Sorex vagrans Baird, 1857",Sorex vagrans,,US,"Steamboat Creek, 1.9 S of junction of Hwy 27 and Hwy 395",Nevada,PRESENT,,470365d0-812d-11de-86fe-b8a03c50a862,39.32921,-119.801719,90,,1390,0,,,2/21/55,21,2,1955,2436042,2436042,PRESERVED_SPECIMEN,UNR,Mammalogy,UNR:Mamm:107,C-24,Fred A. Ryser,1955-02-21T00:00:00,CC0_1_0,,Collector(s): Fred A. Ryser,,,2026-04-30T10:29:11.344Z,,CONTINENT_DERIVED_FROM_COORDINATES;INSTITUTION_MATCH_FUZZY;INSTITUTION_COLLECTION_MISMATCH
5195973977,ce4fe924-1ddf-4546-856f-b3319aded91b,https://arctos.database.museum/guid/UNR:Mamm:1772,Animalia,Chordata,Mammalia,Soricomorpha,Soricidae,Sorex,Sorex vagrans,,SPECIES,"Sorex vagrans Baird, 1857",Sorex vagrans,,US,"Along creek near Viking Metal Corp, Verdi",Nevada,PRESENT,,470365d0-812d-11de-86fe-b8a03c50a862,39.518243,-119.988811,,,,,,,5/9/72,9,5,1972,2436042,2436042,PRESERVED_SPECIMEN,UNR,Mammalogy,UNR:Mamm:1772,6,L. Teske,,CC0_1_0,,Collector(s): L. Teske,,,2026-04-30T10:29:11.236Z,,CONTINENT_DERIVED_FROM_COORDINATES;INSTITUTION_MATCH_FUZZY;INSTITUTION_COLLECTION_MISMATCH
5195973901,ce4fe924-1ddf-4546-856f-b3319aded91b,https://arctos.database.museum/guid/UNR:Mamm:971,Animalia,Chordata,Mammalia,Soricomorpha,Soricidae,Sorex,Sorex vagrans,,SPECIES,"Sorex vagrans Baird, 1857",Sorex vagrans,,US,5 mi SE of Verdi,Nevada,PRESENT,,470365d0-812d-11de-86fe-b8a03c50a862,39.466976,-119.922378,,,,,,,9/13/64,13,9,1964,2436042,2436042,PRESERVED_SPECIMEN,UNR,Mammalogy,UNR:Mamm:971,34,R. K. Coffman,,CC0_1_0,,Collector(s): R. K. Coffman,,,2026-04-30T10:29:11.282Z,,CONTINENT_DERIVED_FROM_COORDINATES;INSTITUTION_MATCH_FUZZY;INSTITUTION_COLLECTION_MISMATCH
5195973837,ce4fe924-1ddf-4546-856f-b3319aded91b,https://arctos.database.museum/guid/UNR:Mamm:1722,Animalia,Chordata,Mammalia,Soricomorpha,Soricidae,Sorex,Sorex vagrans,,SPECIES,"Sorex vagrans Baird, 1857",Sorex vagrans,,US,"Huffaker and Lakeside Dr., Reno",Nevada,PRESENT,,470365d0-812d-11de-86fe-b8a03c50a862,39.45,-119.7667,,,1372,0,,,3/25/69,25,3,1969,2436042,2436042,PRESERVED_SPECIMEN,UNR,Mammalogy,UNR:Mamm:1722,6,R. B. Quilici,1969-03-25T00:00:00,CC0_1_0,,Collector(s): R. B. Quilici,,,2026-04-30T10:29:10.884Z,,CONTINENT_DERIVED_FROM_COORDINATES;INSTITUTION_MATCH_FUZZY;INSTITUTION_COLLECTION_MISMATCH
5195973835,ce4fe924-1ddf-4546-856f-b3319aded91b,https://arctos.database.museum/guid/UNR:Mamm:1723,Animalia,Chordata,Mammalia,Soricomorpha,Soricidae,Sorex,Sorex vagrans,,SPECIES,"Sorex vagrans Baird, 1857",Sorex vagrans,,US,"1 mi S of Verdi, near Verdi Fish Hatchery",Nevada,PRESENT,,470365d0-812d-11de-86fe-b8a03c50a862,39.503748,-119.988811,,,1495,0,,,4/13/71,13,4,1971,2436042,2436042,PRESERVED_SPECIMEN,UNR,Mammalogy,UNR:Mamm:1723,38,F. Manz,1971-04-13T00:00:00,CC0_1_0,,Collector(s): F. Manz,,,2026-04-30T10:29:10.996Z,,CONTINENT_DERIVED_FROM_COORDINATES;INSTITUTION_MATCH_FUZZY;INSTITUTION_COLLECTION_MISMATCH
5195973799,ce4fe924-1ddf-4546-856f-b3319aded91b,https://arctos.database.museum/guid/UNR:Mamm:1744,Animalia,Chordata,Mammalia,Soricomorpha,Soricidae,Sorex,Sorex vagrans,,SPECIES,"Sorex vagrans Baird, 1857",Sorex vagrans,,US,"3 mi E of Sparks, 0.25 mi S of US 40, 100 yds S of Truckee River, Casci Ranch",Nevada,PRESENT,,470365d0-812d-11de-86fe-b8a03c50a862,39.522111,-119.701119,12657,,,,,,3/26/66,26,3,1966,2436042,2436042,PRESERVED_SPECIMEN,UNR,Mammalogy,UNR:Mamm:1744,8,S. Martini,1966-03-26T00:00:00,CC0_1_0,,Collector(s): S. Martini,,,2026-04-30T10:29:11.028Z,,CONTINENT_DERIVED_FROM_COORDINATES;INSTITUTION_MATCH_FUZZY;INSTITUTION_COLLECTION_MISMATCH
5195973573,ce4fe924-1ddf-4546-856f-b3319aded91b,https://arctos.database.museum/guid/UNR:Mamm:1079,Animalia,Chordata,Mammalia,Soricomorpha,Soricidae,Sorex,Sorex vagrans,,SPECIES,"Sorex vagrans Baird, 1857",Sorex vagrans,,US,"3 mi E of Sparks, 0.25 mi S of US 40, 100 yds S of Truckee River, Casci Ranch",Nevada,PRESENT,,470365d0-812d-11de-86fe-b8a03c50a862,39.522111,-119.701119,12657,,,,,,3/26/66,26,3,1966,2436042,2436042,PRESERVED_SPECIMEN,UNR,Mammalogy,UNR:Mamm:1079,7,S. Martini,1966-03-26T00:00:00,CC0_1_0,,Collector(s): S. Martini,,,2026-04-30T10:29:10.875Z,,CONTINENT_DERIVED_FROM_COORDINATES;INSTITUTION_MATCH_FUZZY;INSTITUTION_COLLECTION_MISMATCH
5195973565,ce4fe924-1ddf-4546-856f-b3319aded91b,https://arctos.database.museum/guid/UNR:Mamm:1080,Animalia,Chordata,Mammalia,Soricomorpha,Soricidae,Sorex,Sorex vagrans,,SPECIES,"Sorex vagrans Baird, 1857",Sorex vagrans,,US,"3 mi E of Sparks, 0.25 mi S of U.S. 40, 100 yd from Truckee River, Casci Ranch",Nevada,PRESENT,,470365d0-812d-11de-86fe-b8a03c50a862,39.522111,-119.701119,12657,,,,,,3/26/66,26,3,1966,2436042,2436042,PRESERVED_SPECIMEN,UNR,Mammalogy,UNR:Mamm:1080,3,R. Rock,1966-03-26T00:00:00,CC0_1_0,,Collector(s): R. Rock,,,2026-04-30T10:29:10.408Z,,CONTINENT_DERIVED_FROM_COORDINATES;INSTITUTION_MATCH_FUZZY;INSTITUTION_COLLECTION_MISMATCH
5195973411,ce4fe924-1ddf-4546-856f-b3319aded91b,https://arctos.database.museum/guid/UNR:Mamm:1862,Animalia,Chordata,Mammalia,Soricomorpha,Soricidae,Sorex,Sorex vagrans,,SPECIES,"Sorex vagrans Baird, 1857",Sorex vagrans,,US,"Near Verdi Canal, Verdi",Nevada,PRESENT,,470365d0-812d-11de-86fe-b8a03c50a862,39.518243,-119.988811,,,1494,0,,,3/21/73,21,3,1973,2436042,2436042,PRESERVED_SPECIMEN,UNR,Mammalogy,UNR:Mamm:1862,5,D. Powning,1973-03-21T00:00:00,CC0_1_0,,Collector(s): D. Powning,,,2026-04-30T10:29:10.154Z,,CONTINENT_DERIVED_FROM_COORDINATES;INSTITUTION_MATCH_FUZZY;INSTITUTION_COLLECTION_MISMATCH
5147398971,0daed095-478a-4af6-abf5-18acb790fbb2,https://arctos.database.museum/guid/MVZ:Mamm:88041,Animalia,Chordata,Mammalia,Soricomorpha,Soricidae,Sorex,Sorex vagrans,vagrans,SUBSPECIES,"Sorex vagrans vagrans Baird, 1857",Sorex vagrans vagrans,,US,Kingston Canyon,Nevada,PRESENT,,8edbbde0-055e-11d8-b850-b8a03c50a862,39.16222,-117.09639,12901,,2134,0,,,8/10/39,10,8,1939,7194092,2436042,PRESERVED_SPECIMEN,MVZ,Mammalogy,MVZ:Mamm:88041,J. Raymond Alcorn 334,James L. Patton,2018-12-03T00:00:00,CC0_1_0,,Collector(s): J. Raymond Alcorn,,,2026-04-30T11:03:05.776Z,,CONTINENT_DERIVED_FROM_COORDINATES;INSTITUTION_MATCH_FUZZY;INSTITUTION_COLLECTION_MISMATCH
5147386093,0daed095-478a-4af6-abf5-18acb790fbb2,https://arctos.database.museum/guid/MVZ:Mamm:67040,Animalia,Chordata,Mammalia,Soricomorpha,Soricidae,Sorex,Sorex vagrans,vagrans,SUBSPECIES,"Sorex vagrans vagrans Baird, 1857",Sorex vagrans vagrans,,US,Marlette Lake,Nevada,PRESENT,,8edbbde0-055e-11d8-b850-b8a03c50a862,39.163952,-119.897816,322,,2438,0,,,8/17/35,17,8,1935,7194092,2436042,PRESERVED_SPECIMEN,MVZ,Mammalogy,MVZ:Mamm:67040,E. Raymond Hall 4930,James L. Patton,2018-12-03T00:00:00,CC0_1_0,,Collector(s): E. Raymond Hall,,,2026-04-30T11:03:05.929Z,,COORDINATE_ROUNDED;CONTINENT_DERIVED_FROM_COORDINATES;INSTITUTION_MATCH_FUZZY;INSTITUTION_COLLECTION_MISMATCH
5147381195,0daed095-478a-4af6-abf5-18acb790fbb2,https://arctos.database.museum/guid/MVZ:Mamm:45435,Animalia,Chordata,Mammalia,Soricomorpha,Soricidae,Sorex,Sorex vagrans,vagrans,SUBSPECIES,"Sorex vagrans vagrans Baird, 1857",Sorex vagrans vagrans,,US,Wisconsin Creek,Nevada,PRESENT,,8edbbde0-055e-11d8-b850-b8a03c50a862,38.90889,-117.14583,11291,,2286,0,,,5/26/30,26,5,1930,7194092,2436042,PRESERVED_SPECIMEN,MVZ,Mammalogy,MVZ:Mamm:45435,Jean M. Linsdale 3182,James L. Patton,2018-12-03T00:00:00,CC0_1_0,,Collector(s): Jean M. Linsdale,,,2026-04-30T11:03:07.009Z,,CONTINENT_DERIVED_FROM_COORDINATES;INSTITUTION_MATCH_FUZZY;INSTITUTION_COLLECTION_MISMATCH
5147377756,0daed095-478a-4af6-abf5-18acb790fbb2,https://arctos.database.museum/guid/MVZ:Mamm:35026,Animalia,Chordata,Mammalia,Soricomorpha,Soricidae,Sorex,Sorex vagrans,vagrans,SUBSPECIES,"Sorex vagrans vagrans Baird, 1857",Sorex vagrans vagrans,,US,"Bell's Ranch, Reese River",Nevada,PRESENT,,8edbbde0-055e-11d8-b850-b8a03c50a862,38.93389,-117.48083,428,,2100,0,,,6/3/25,3,6,1925,7194092,2436042,PRESERVED_SPECIMEN,MVZ,Mammalogy,MVZ:Mamm:35026,Louise Kellogg 16,James L. Patton,2018-12-03T00:00:00,CC0_1_0,,Collector(s): Louise Kellogg,,,2026-04-30T11:02:58.638Z,,CONTINENT_DERIVED_FROM_COORDINATES;INSTITUTION_MATCH_FUZZY;INSTITUTION_COLLECTION_MISMATCH
5147375754,0daed095-478a-4af6-abf5-18acb790fbb2,https://arctos.database.museum/guid/MVZ:Mamm:35027,Animalia,Chordata,Mammalia,Soricomorpha,Soricidae,Sorex,Sorex vagrans,vagrans,SUBSPECIES,"Sorex vagrans vagrans Baird, 1857",Sorex vagrans vagrans,,US,"Bell's Ranch, Reese River",Nevada,PRESENT,,8edbbde0-055e-11d8-b850-b8a03c50a862,38.93389,-117.48083,428,,2100,0,,,6/2/25,2,6,1925,7194092,2436042,PRESERVED_SPECIMEN,MVZ,Mammalogy,MVZ:Mamm:35027,Louise Kellogg 17,James L. Patton,2018-12-03T00:00:00,CC0_1_0,,Collector(s): Louise Kellogg,,,2026-04-30T11:03:05.150Z,,CONTINENT_DERIVED_FROM_COORDINATES;INSTITUTION_MATCH_FUZZY;INSTITUTION_COLLECTION_MISMATCH
5147303325,0daed095-478a-4af6-abf5-18acb790fbb2,https://arctos.database.museum/guid/MVZ:Mamm:120715,Animalia,Chordata,Mammalia,Soricomorpha,Soricidae,Sorex,Sorex vagrans,vagrans,SUBSPECIES,"Sorex vagrans vagrans Baird, 1857",Sorex vagrans vagrans,,US,"Thomas Creek, Ruby Mts.",Nevada,PRESENT,,8edbbde0-055e-11d8-b850-b8a03c50a862,40.65028,-115.40583,3727,,2316,0,,,6/15/56,15,6,1956,7194092,2436042,PRESERVED_SPECIMEN,MVZ,Mammalogy,MVZ:Mamm:120715,Ward C. Russell 12845,James L. Patton,2018-12-03T00:00:00,CC0_1_0,,Collector(s): Ward C. Russell,,,2026-04-30T11:03:05.817Z,,CONTINENT_DERIVED_FROM_COORDINATES;INSTITUTION_MATCH_FUZZY;INSTITUTION_COLLECTION_MISMATCH
5147281972,0daed095-478a-4af6-abf5-18acb790fbb2,https://arctos.database.museum/guid/MVZ:Mamm:88042,Animalia,Chordata,Mammalia,Soricomorpha,Soricidae,Sorex,Sorex vagrans,vagrans,SUBSPECIES,"Sorex vagrans vagrans Baird, 1857",Sorex vagrans vagrans,,US,Baker Creek,Nevada,PRESENT,,8edbbde0-055e-11d8-b850-b8a03c50a862,38.96917,-114.28,24166,,3383,0,,,8/14/39,14,8,1939,7194092,2436042,PRESERVED_SPECIMEN,MVZ,Mammalogy,MVZ:Mamm:88042,William M. Longhurst 463,James L. Patton,2018-12-03T00:00:00,CC0_1_0,,Collector(s): William M. Longhurst,,,2026-04-30T11:03:02.336Z,,CONTINENT_DERIVED_FROM_COORDINATES;INSTITUTION_MATCH_FUZZY;INSTITUTION_COLLECTION_MISMATCH
5147272090,0daed095-478a-4af6-abf5-18acb790fbb2,https://arctos.database.museum/guid/MVZ:Mamm:67042,Animalia,Chordata,Mammalia,Soricomorpha,Soricidae,Sorex,Sorex vagrans,vagrans,SUBSPECIES,"Sorex vagrans vagrans Baird, 1857",Sorex vagrans vagrans,,US,0.5 mi S Marlette Lake,Nevada,PRESENT,,8edbbde0-055e-11d8-b850-b8a03c50a862,39.16006,-119.898036,658,,2484,0,,,8/18/35,18,8,1935,7194092,2436042,PRESERVED_SPECIMEN,MVZ,Mammalogy,MVZ:Mamm:67042,E. Raymond Hall 4937,James L. Patton,2018-12-03T00:00:00,CC0_1_0,,Collector(s): E. Raymond Hall,,,2026-04-30T11:03:08.715Z,,COORDINATE_ROUNDED;CONTINENT_DERIVED_FROM_COORDINATES;INSTITUTION_MATCH_FUZZY;INSTITUTION_COLLECTION_MISMATCH
5147267165,0daed095-478a-4af6-abf5-18acb790fbb2,https://arctos.database.museum/guid/MVZ:Mamm:68784,Animalia,Chordata,Mammalia,Soricomorpha,Soricidae,Sorex,Sorex vagrans,vagrans,SUBSPECIES,"Sorex vagrans vagrans Baird, 1857",Sorex vagrans vagrans,,US,Marlette Lake,Nevada,PRESENT,,8edbbde0-055e-11d8-b850-b8a03c50a862,39.163952,-119.897816,322,,2438,0,,,9/20/35,20,9,1935,7194092,2436042,PRESERVED_SPECIMEN,MVZ,Mammalogy,MVZ:Mamm:68784,E. Raymond Hall 4959,James L. Patton,2018-12-03T00:00:00,CC0_1_0,,Collector(s): E. Raymond Hall,,,2026-04-30T11:03:08.716Z,,COORDINATE_ROUNDED;CONTINENT_DERIVED_FROM_COORDINATES;INSTITUTION_MATCH_FUZZY;INSTITUTION_COLLECTION_MISMATCH
5147264206,0daed095-478a-4af6-abf5-18acb790fbb2,https://arctos.database.museum/guid/MVZ:Mamm:45889,Animalia,Chordata,Mammalia,Soricomorpha,Soricidae,Sorex,Sorex vagrans,vagrans,SUBSPECIES,"Sorex vagrans vagrans Baird, 1857",Sorex vagrans vagrans,,US,"Cleveland Ranch, Spring Valley",Nevada,PRESENT,,8edbbde0-055e-11d8-b850-b8a03c50a862,39.25639,-114.48722,428,,1829,0,,,7/30/30,30,7,1930,7194092,2436042,PRESERVED_SPECIMEN,MVZ,Mammalogy,MVZ:Mamm:45889,E. Raymond Hall 2976,James L. Patton,2018-12-03T00:00:00,CC0_1_0,,Collector(s): E. Raymond Hall,,,2026-04-30T11:03:05.295Z,,CONTINENT_DERIVED_FROM_COORDINATES;INSTITUTION_MATCH_FUZZY;INSTITUTION_COLLECTION_MISMATCH
5147258194,0daed095-478a-4af6-abf5-18acb790fbb2,https://arctos.database.museum/guid/MVZ:Mamm:45436,Animalia,Chordata,Mammalia,Soricomorpha,Soricidae,Sorex,Sorex vagrans,vagrans,SUBSPECIES,"Sorex vagrans vagrans Baird, 1857",Sorex vagrans vagrans,,US,Wisconsin Creek,Nevada,PRESENT,,8edbbde0-055e-11d8-b850-b8a03c50a862,38.90889,-117.14583,11291,,2286,0,,,5/30/30,30,5,1930,7194092,2436042,PRESERVED_SPECIMEN,MVZ,Mammalogy,MVZ:Mamm:45436,Chester C. Lamb 12426,James L. Patton,2018-12-03T00:00:00,CC0_1_0,,Collector(s): Chester C. Lamb,,,2026-04-30T11:03:02.462Z,,CONTINENT_DERIVED_FROM_COORDINATES;INSTITUTION_MATCH_FUZZY;INSTITUTION_COLLECTION_MISMATCH
5147256026,0daed095-478a-4af6-abf5-18acb790fbb2,https://arctos.database.museum/guid/MVZ:Mamm:41471,Animalia,Chordata,Mammalia,Soricomorpha,Soricidae,Sorex,Sorex vagrans,vagrans,SUBSPECIES,"Sorex vagrans vagrans Baird, 1857",Sorex vagrans vagrans,,US,Baker Creek,Nevada,PRESENT,,8edbbde0-055e-11d8-b850-b8a03c50a862,38.96917,-114.28,24166,,2012,0,,,6/7/29,7,6,1929,7194092,2436042,PRESERVED_SPECIMEN,MVZ,Mammalogy,MVZ:Mamm:41471,E. Raymond Hall 2793,James L. Patton,2018-12-03T00:00:00,CC0_1_0,,Collector(s): E. Raymond Hall,,,2026-04-30T11:03:05.620Z,,CONTINENT_DERIVED_FROM_COORDINATES;INSTITUTION_MATCH_FUZZY;INSTITUTION_COLLECTION_MISMATCH
5147230804,0daed095-478a-4af6-abf5-18acb790fbb2,https://arctos.database.museum/guid/MVZ:Mamm:228083,Animalia,Chordata,Mammalia,Soricomorpha,Soricidae,Sorex,Sorex vagrans,vagrans,SUBSPECIES,"Sorex vagrans vagrans Baird, 1857",Sorex vagrans vagrans,,US,"vicinity Cold Spring, Pine Forest Range, 0.84 km N, 3.32 km E Duffer Peak summit",Nevada,PRESENT,,8edbbde0-055e-11d8-b850-b8a03c50a862,41.66959,-118.69062,50,,2393,0,,,8/14/12,14,8,2012,7194092,2436042,PRESERVED_SPECIMEN,MVZ,Mammalogy,MVZ:Mamm:228083,James L. Patton 25808,James L. Patton,2018-12-03T00:00:00,CC0_1_0,,Collector(s): James L. Patton,,,2026-04-30T11:03:04.990Z,,CONTINENT_DERIVED_FROM_COORDINATES;INSTITUTION_MATCH_FUZZY;INSTITUTION_COLLECTION_MISMATCH
5147225809,0daed095-478a-4af6-abf5-18acb790fbb2,https://arctos.database.museum/guid/MVZ:Mamm:227948,Animalia,Chordata,Mammalia,Soricomorpha,Soricidae,Sorex,Sorex vagrans,vagrans,SUBSPECIES,"Sorex vagrans vagrans Baird, 1857",Sorex vagrans vagrans,,US,"Alder Creek, 5.77 km N & 3.19 km W Duffer Peak summit, Pine Forest Range",Nevada,PRESENT,,8edbbde0-055e-11d8-b850-b8a03c50a862,41.71517,-118.76801,200,,1612,0,,,6/30/12,30,6,2012,7194092,2436042,PRESERVED_SPECIMEN,MVZ,Mammalogy,MVZ:Mamm:227948,James L. Patton 25705,James L. Patton,2018-12-03T00:00:00,CC0_1_0,,Collector(s): James L. Patton,,,2026-04-30T11:02:56.121Z,,CONTINENT_DERIVED_FROM_COORDINATES;INSTITUTION_MATCH_FUZZY;INSTITUTION_COLLECTION_MISMATCH
5147160973,0daed095-478a-4af6-abf5-18acb790fbb2,https://arctos.database.museum/guid/MVZ:Mamm:88043,Animalia,Chordata,Mammalia,Soricomorpha,Soricidae,Sorex,Sorex vagrans,vagrans,SUBSPECIES,"Sorex vagrans vagrans Baird, 1857",Sorex vagrans vagrans,,US,Baker Creek,Nevada,PRESENT,,8edbbde0-055e-11d8-b850-b8a03c50a862,38.96917,-114.28,24166,,3383,0,,,8/15/39,15,8,1939,7194092,2436042,PRESERVED_SPECIMEN,MVZ,Mammalogy,MVZ:Mamm:88043,J. Raymond Alcorn 351,James L. Patton,2018-12-03T00:00:00,CC0_1_0,,Collector(s): J. Raymond Alcorn,,,2026-04-30T11:03:01.225Z,,CONTINENT_DERIVED_FROM_COORDINATES;INSTITUTION_MATCH_FUZZY;INSTITUTION_COLLECTION_MISMATCH
5147141197,0daed095-478a-4af6-abf5-18acb790fbb2,https://arctos.database.museum/guid/MVZ:Mamm:45434,Animalia,Chordata,Mammalia,Soricomorpha,Soricidae,Sorex,Sorex vagrans,vagrans,SUBSPECIES,"Sorex vagrans vagrans Baird, 1857",Sorex vagrans vagrans,,US,Wisconsin Creek,Nevada,PRESENT,,8edbbde0-055e-11d8-b850-b8a03c50a862,38.90889,-117.14583,11291,,2286,0,,,5/26/30,26,5,1930,7194092,2436042,PRESERVED_SPECIMEN,MVZ,Mammalogy,MVZ:Mamm:45434,Chester C. Lamb 12397,James L. Patton,2018-12-03T00:00:00,CC0_1_0,,Collector(s): Chester C. Lamb,,,2026-04-30T11:03:03.204Z,,CONTINENT_DERIVED_FROM_COORDINATES;INSTITUTION_MATCH_FUZZY;INSTITUTION_COLLECTION_MISMATCH
5147139196,0daed095-478a-4af6-abf5-18acb790fbb2,https://arctos.database.museum/guid/MVZ:Mamm:45437,Animalia,Chordata,Mammalia,Soricomorpha,Soricidae,Sorex,Sorex vagrans,vagrans,SUBSPECIES,"Sorex vagrans vagrans Baird, 1857",Sorex vagrans vagrans,,US,Kingston Ranger Station,Nevada,PRESENT,,8edbbde0-055e-11d8-b850-b8a03c50a862,39.25556,-117.1625,428,,2286,0,,,6/6/30,6,6,1930,7194092,2436042,PRESERVED_SPECIMEN,MVZ,Mammalogy,MVZ:Mamm:45437,Chester C. Lamb 12482,James L. Patton,2018-12-03T00:00:00,CC0_1_0,,Collector(s): Chester C. Lamb,,,2026-04-30T11:02:55.120Z,,CONTINENT_DERIVED_FROM_COORDINATES;INSTITUTION_MATCH_FUZZY;INSTITUTION_COLLECTION_MISMATCH
5147135204,0daed095-478a-4af6-abf5-18acb790fbb2,https://arctos.database.museum/guid/MVZ:Mamm:45888,Animalia,Chordata,Mammalia,Soricomorpha,Soricidae,Sorex,Sorex vagrans,vagrans,SUBSPECIES,"Sorex vagrans vagrans Baird, 1857",Sorex vagrans vagrans,,US,Baker Creek,Nevada,PRESENT,,8edbbde0-055e-11d8-b850-b8a03c50a862,38.96917,-114.28,24166,,,,,,7/28/30,28,7,1930,7194092,2436042,PRESERVED_SPECIMEN,MVZ,Mammalogy,MVZ:Mamm:45888,Robert D. Moore 502,James L. Patton,2018-12-03T00:00:00,CC0_1_0,,Collector(s): Robert D. Moore,,,2026-04-30T11:03:02.663Z,,CONTINENT_DERIVED_FROM_COORDINATES;INSTITUTION_MATCH_FUZZY;INSTITUTION_COLLECTION_MISMATCH
5147037974,0daed095-478a-4af6-abf5-18acb790fbb2,https://arctos.database.museum/guid/MVZ:Mamm:88044,Animalia,Chordata,Mammalia,Soricomorpha,Soricidae,Sorex,Sorex vagrans,vagrans,SUBSPECIES,"Sorex vagrans vagrans Baird, 1857",Sorex vagrans vagrans,,US,Baker Creek,Nevada,PRESENT,,8edbbde0-055e-11d8-b850-b8a03c50a862,38.96917,-114.28,24166,,3383,0,,,8/15/39,15,8,1939,7194092,2436042,PRESERVED_SPECIMEN,MVZ,Mammalogy,MVZ:Mamm:88044,William M. Longhurst 465,James L. Patton,2018-12-03T00:00:00,CC0_1_0,,Collector(s): William M. Longhurst,,,2026-04-30T11:03:01.546Z,,CONTINENT_DERIVED_FROM_COORDINATES;INSTITUTION_MATCH_FUZZY;INSTITUTION_COLLECTION_MISMATCH
5147030245,0daed095-478a-4af6-abf5-18acb790fbb2,https://arctos.database.museum/guid/MVZ:Mamm:70521,Animalia,Chordata,Mammalia,Soricomorpha,Soricidae,Sorex,Sorex vagrans,vagrans,SUBSPECIES,"Sorex vagrans vagrans Baird, 1857",Sorex vagrans vagrans,,US,Evans,Nevada,PRESENT,,8edbbde0-055e-11d8-b850-b8a03c50a862,40.49611,-116.12278,428,,,,,,5/30/36,30,5,1936,7194092,2436042,PRESERVED_SPECIMEN,MVZ,Mammalogy,MVZ:Mamm:70521,Ward C. Russell 4596,James L. Patton,2018-09-14T00:00:00,CC0_1_0,,Collector(s): Ward C. Russell,,,2026-04-30T11:03:00.525Z,,CONTINENT_DERIVED_FROM_COORDINATES;INSTITUTION_MATCH_FUZZY;INSTITUTION_COLLECTION_MISMATCH
5147013199,0daed095-478a-4af6-abf5-18acb790fbb2,https://arctos.database.museum/guid/MVZ:Mamm:45438,Animalia,Chordata,Mammalia,Soricomorpha,Soricidae,Sorex,Sorex vagrans,vagrans,SUBSPECIES,"Sorex vagrans vagrans Baird, 1857",Sorex vagrans vagrans,,US,Kingston Ranger Station,Nevada,PRESENT,,8edbbde0-055e-11d8-b850-b8a03c50a862,39.25556,-117.1625,428,,2286,0,,,6/14/30,14,6,1930,7194092,2436042,PRESERVED_SPECIMEN,MVZ,Mammalogy,MVZ:Mamm:45438,Chester C. Lamb 12575,James L. Patton,2018-12-03T00:00:00,CC0_1_0,,Collector(s): Chester C. Lamb,,,2026-04-30T11:03:03.730Z,,CONTINENT_DERIVED_FROM_COORDINATES;INSTITUTION_MATCH_FUZZY;INSTITUTION_COLLECTION_MISMATCH
5146956977,0daed095-478a-4af6-abf5-18acb790fbb2,https://arctos.database.museum/guid/MVZ:Mamm:88045,Animalia,Chordata,Mammalia,Soricomorpha,Soricidae,Sorex,Sorex vagrans,vagrans,SUBSPECIES,"Sorex vagrans vagrans Baird, 1857",Sorex vagrans vagrans,,US,Baker Creek,Nevada,PRESENT,,8edbbde0-055e-11d8-b850-b8a03c50a862,38.96917,-114.28,24166,,3383,0,,,8/16/39,16,8,1939,7194092,2436042,PRESERVED_SPECIMEN,MVZ,Mammalogy,MVZ:Mamm:88045,J. Raymond Alcorn 353,James L. Patton,2018-12-03T00:00:00,CC0_1_0,,Collector(s): J. Raymond Alcorn,,,2026-04-30T11:02:57.093Z,,CONTINENT_DERIVED_FROM_COORDINATES;INSTITUTION_MATCH_FUZZY;INSTITUTION_COLLECTION_MISMATCH
5146949087,0daed095-478a-4af6-abf5-18acb790fbb2,https://arctos.database.museum/guid/MVZ:Mamm:67043,Animalia,Chordata,Mammalia,Soricomorpha,Soricidae,Sorex,Sorex vagrans,vagrans,SUBSPECIES,"Sorex vagrans vagrans Baird, 1857",Sorex vagrans vagrans,,US,0.5 mi S Marlette Lake,Nevada,PRESENT,,8edbbde0-055e-11d8-b850-b8a03c50a862,39.16006,-119.898036,658,,2484,0,,,8/18/35,18,8,1935,7194092,2436042,PRESERVED_SPECIMEN,MVZ,Mammalogy,MVZ:Mamm:67043,E. Raymond Hall 4938,James L. Patton,2018-12-03T00:00:00,CC0_1_0,,Collector(s): E. Raymond Hall,,,2026-04-30T11:02:55.354Z,,COORDINATE_ROUNDED;CONTINENT_DERIVED_FROM_COORDINATES;INSTITUTION_MATCH_FUZZY;INSTITUTION_COLLECTION_MISMATCH
5146947203,0daed095-478a-4af6-abf5-18acb790fbb2,https://arctos.database.museum/guid/MVZ:Mamm:45439,Animalia,Chordata,Mammalia,Soricomorpha,Soricidae,Sorex,Sorex vagrans,vagrans,SUBSPECIES,"Sorex vagrans vagrans Baird, 1857",Sorex vagrans vagrans,,US,Kingston Ranger Station,Nevada,PRESENT,,8edbbde0-055e-11d8-b850-b8a03c50a862,39.25556,-117.1625,428,,2286,0,,,6/15/30,15,6,1930,7194092,2436042,PRESERVED_SPECIMEN,MVZ,Mammalogy,MVZ:Mamm:45439,Alden H. Miller 770,James L. Patton,2018-12-03T00:00:00,CC0_1_0,,Collector(s): Alden H. Miller,,,2026-04-30T11:02:52.042Z,,CONTINENT_DERIVED_FROM_COORDINATES;INSTITUTION_MATCH_FUZZY;INSTITUTION_COLLECTION_MISMATCH
5146946978,0daed095-478a-4af6-abf5-18acb790fbb2,https://arctos.database.museum/guid/MVZ:Mamm:40126,Animalia,Chordata,Mammalia,Soricomorpha,Soricidae,Sorex,Sorex vagrans,vagrans,SUBSPECIES,"Sorex vagrans vagrans Baird, 1857",Sorex vagrans vagrans,,US,"W side Ruby Lake, 3 mi N Elko County line",Nevada,PRESENT,,8edbbde0-055e-11d8-b850-b8a03c50a862,40.17,-115.51,428,,,,,,1927-12-01/1927-12-31,,12,1927,7194092,2436042,PRESERVED_SPECIMEN,MVZ,Mammalogy,MVZ:Mamm:40126,,James L. Patton,2018-12-03T00:00:00,CC0_1_0,,Collector(s): Adrey E. Borell,,,2026-04-30T11:02:52.082Z,,CONTINENT_DERIVED_FROM_COORDINATES;INSTITUTION_MATCH_FUZZY;INSTITUTION_COLLECTION_MISMATCH
5146946199,0daed095-478a-4af6-abf5-18acb790fbb2,https://arctos.database.museum/guid/MVZ:Mamm:45433,Animalia,Chordata,Mammalia,Soricomorpha,Soricidae,Sorex,Sorex vagrans,vagrans,SUBSPECIES,"Sorex vagrans vagrans Baird, 1857",Sorex vagrans vagrans,,US,5 mi SE Millett Post Office,Nevada,PRESENT,,8edbbde0-055e-11d8-b850-b8a03c50a862,38.96403,-117.1143,4068,,1676,0,,,4/24/30,24,4,1930,7194092,2436042,PRESERVED_SPECIMEN,MVZ,Mammalogy,MVZ:Mamm:45433,Chester C. Lamb 12141,James L. Patton,2018-12-03T00:00:00,CC0_1_0,,Collector(s): Chester C. Lamb,,,2026-04-30T11:02:51.975Z,,CONTINENT_DERIVED_FROM_COORDINATES;INSTITUTION_MATCH_FUZZY;INSTITUTION_COLLECTION_MISMATCH
5146944196,0daed095-478a-4af6-abf5-18acb790fbb2,https://arctos.database.museum/guid/MVZ:Mamm:45432,Animalia,Chordata,Mammalia,Soricomorpha,Soricidae,Sorex,Sorex vagrans,vagrans,SUBSPECIES,"Sorex vagrans vagrans Baird, 1857",Sorex vagrans vagrans,,US,5 mi SE Millett Post Office,Nevada,PRESENT,,8edbbde0-055e-11d8-b850-b8a03c50a862,38.96403,-117.1143,4068,,1676,0,,,4/23/30,23,4,1930,7194092,2436042,PRESERVED_SPECIMEN,MVZ,Mammalogy,MVZ:Mamm:45432,Chester C. Lamb 12133,James L. Patton,2018-12-03T00:00:00,CC0_1_0,,Collector(s): Chester C. Lamb,,,2026-04-30T11:03:00.026Z,,CONTINENT_DERIVED_FROM_COORDINATES;INSTITUTION_MATCH_FUZZY;INSTITUTION_COLLECTION_MISMATCH
5146943205,0daed095-478a-4af6-abf5-18acb790fbb2,https://arctos.database.museum/guid/MVZ:Mamm:45890,Animalia,Chordata,Mammalia,Soricomorpha,Soricidae,Sorex,Sorex vagrans,vagrans,SUBSPECIES,"Sorex vagrans vagrans Baird, 1857",Sorex vagrans vagrans,,US,"Cleveland Ranch, Spring Valley",Nevada,PRESENT,,8edbbde0-055e-11d8-b850-b8a03c50a862,39.25639,-114.48722,428,,1829,0,,,7/31/30,31,7,1930,7194092,2436042,PRESERVED_SPECIMEN,MVZ,Mammalogy,MVZ:Mamm:45890,714,James L. Patton,2018-12-03T00:00:00,CC0_1_0,,"Collector(s): Ward C. Russell, E. Raymond Hall",,,2026-04-30T11:02:51.673Z,,CONTINENT_DERIVED_FROM_COORDINATES;INSTITUTION_MATCH_FUZZY;INSTITUTION_COLLECTION_MISMATCH
5146943204,0daed095-478a-4af6-abf5-18acb790fbb2,https://arctos.database.museum/guid/MVZ:Mamm:45887,Animalia,Chordata,Mammalia,Soricomorpha,Soricidae,Sorex,Sorex vagrans,vagrans,SUBSPECIES,"Sorex vagrans vagrans Baird, 1857",Sorex vagrans vagrans,,US,Baker Creek,Nevada,PRESENT,,8edbbde0-055e-11d8-b850-b8a03c50a862,38.96917,-114.28,24166,,,,,,7/28/30,28,7,1930,7194092,2436042,PRESERVED_SPECIMEN,MVZ,Mammalogy,MVZ:Mamm:45887,Robert D. Moore 501,James L. Patton,2018-12-03T00:00:00,CC0_1_0,,Collector(s): Robert D. Moore,,,2026-04-30T11:02:51.728Z,,CONTINENT_DERIVED_FROM_COORDINATES;INSTITUTION_MATCH_FUZZY;INSTITUTION_COLLECTION_MISMATCH
5099609406,b15d4952-7d20-46f1-8a3e-556a512b04c5,https://arctos.database.museum/guid/MSB:Mamm:225002,Animalia,Chordata,Mammalia,Soricomorpha,Soricidae,Sorex,Sorex vagrans,,SPECIES,"Sorex vagrans Baird, 1857",Sorex vagrans,,US,Humboldt-Toiyabe National Forest: Copper Mts. 2km N 2km E Bear Creek Summit,Nevada,PRESENT,,939ed180-aa7b-11db-8edf-b8a03c50a862,41.8355,-115.4335,1000,,2458,0,,,7/7/10,7,7,2010,2436042,2436042,PRESERVED_SPECIMEN,MSB,Mammalogy,MSB:Mamm:225002,,Jason L. Malaney,2010-07-07T00:00:00,CC0_1_0,,"Collector(s): Jason L. Malaney, Randle D. McCain, Sophia S. Thompson",,,2026-04-30T10:59:50.400Z,,CONTINENT_DERIVED_FROM_COORDINATES;INSTITUTION_MATCH_FUZZY;INSTITUTION_COLLECTION_MISMATCH
5099605530,b15d4952-7d20-46f1-8a3e-556a512b04c5,https://arctos.database.museum/guid/MSB:Mamm:225662,Animalia,Chordata,Mammalia,Soricomorpha,Soricidae,Sorex,Sorex vagrans,,SPECIES,"Sorex vagrans Baird, 1857",Sorex vagrans,,US,"Humboldt-Toiyabe National Forest, Copper Mts. 2km N 2km E Bear Creek  Summit",Nevada,PRESENT,,939ed180-aa7b-11db-8edf-b8a03c50a862,41.8355,-115.4335,1000,,2458,0,,,7/7/10,7,7,2010,2436042,2436042,PRESERVED_SPECIMEN,MSB,Mammalogy,MSB:Mamm:225662,,Jason L. Malaney,2010-07-07T00:00:00,CC0_1_0,,"Collector(s): Jason L. Malaney, Randle D. McCain, Sophia S. Thompson",,,2026-04-30T10:59:44.911Z,,CONTINENT_DERIVED_FROM_COORDINATES;INSTITUTION_MATCH_FUZZY;INSTITUTION_COLLECTION_MISMATCH
5099602548,b15d4952-7d20-46f1-8a3e-556a512b04c5,https://arctos.database.museum/guid/MSB:Mamm:225634,Animalia,Chordata,Mammalia,Soricomorpha,Soricidae,Sorex,Sorex vagrans,,SPECIES,"Sorex vagrans Baird, 1857",Sorex vagrans,,US,"Humboldt-Toiyabe National Forest, Bull Run Mts, Trail Creek and Timber Gulch",Nevada,PRESENT,,939ed180-aa7b-11db-8edf-b8a03c50a862,41.6959,-116.026,1000,,1892,0,,,7/9/10,9,7,2010,2436042,2436042,PRESERVED_SPECIMEN,MSB,Mammalogy,MSB:Mamm:225634,,Jason L. Malaney,2010-07-09T00:00:00,CC0_1_0,,"Collector(s): Jason L. Malaney, Randle D. McCain, Sophia S. Thompson",,,2026-04-30T10:59:50.332Z,,CONTINENT_DERIVED_FROM_COORDINATES;INSTITUTION_MATCH_FUZZY;INSTITUTION_COLLECTION_MISMATCH
3356360541,1da75725-1eb5-4e17-b586-ffad7b783987,https://arctos.database.museum/guid/BYU:Mamm:21211,Animalia,Chordata,Mammalia,Soricomorpha,Soricidae,Sorex,Sorex vagrans,,SPECIES,"Sorex vagrans Baird, 1857",Sorex vagrans,,US,"W Walker River, 0.25 mi W Wellington",Nevada,PRESENT,,fd70f580-4ce2-11db-b80e-b8a03c50a862,38.756302,-119.38062,780,,,,,,2/7/41,7,2,1941,2436042,2436042,PRESERVED_SPECIMEN,BYU,Mammalogy,BYU:Mamm:21211,,J. Raymond Alcorn,1941-02-07T00:00:00,CC0_1_0,,"Collector(s): J. Raymond Alcorn; Preparator(s): J. Raymond Alcorn, T. J. Trelease",,,2026-05-02T08:39:24.193Z,,COORDINATE_ROUNDED;CONTINENT_DERIVED_FROM_COORDINATES;INSTITUTION_MATCH_FUZZY
3356360336,1da75725-1eb5-4e17-b586-ffad7b783987,https://arctos.database.museum/guid/BYU:Mamm:21214,Animalia,Chordata,Mammalia,Soricomorpha,Soricidae,Sorex,Sorex vagrans,,SPECIES,"Sorex vagrans Baird, 1857",Sorex vagrans,,US,Verdi,Nevada,PRESENT,,fd70f580-4ce2-11db-b80e-b8a03c50a862,39.518243,-119.988811,400,,,,,,4/27/72,27,4,1972,2436042,2436042,PRESERVED_SPECIMEN,BYU,Mammalogy,BYU:Mamm:21214,,C. J. Mack,1972-04-27T00:00:00,CC0_1_0,,Collector(s): C. J. Mack; Preparator(s): C. J. Mack,,,2026-05-02T08:39:24.157Z,,CONTINENT_DERIVED_FROM_COORDINATES;INSTITUTION_MATCH_FUZZY
3356346745,1da75725-1eb5-4e17-b586-ffad7b783987,https://arctos.database.museum/guid/BYU:Mamm:21212,Animalia,Chordata,Mammalia,Soricomorpha,Soricidae,Sorex,Sorex vagrans,,SPECIES,"Sorex vagrans Baird, 1857",Sorex vagrans,,US,"W Walker River, 0.25 mi W Wellington",Nevada,PRESENT,,fd70f580-4ce2-11db-b80e-b8a03c50a862,38.756302,-119.38062,780,,,,,,2/27/41,27,2,1941,2436042,2436042,PRESERVED_SPECIMEN,BYU,Mammalogy,BYU:Mamm:21212,,J. Raymond Alcorn,1941-02-27T00:00:00,CC0_1_0,,"Collector(s): J. Raymond Alcorn; Preparator(s): J. Raymond Alcorn, T. J. Trelease",,,2026-05-02T08:39:20.685Z,,COORDINATE_ROUNDED;CONTINENT_DERIVED_FROM_COORDINATES;INSTITUTION_MATCH_FUZZY
3356334429,1da75725-1eb5-4e17-b586-ffad7b783987,https://arctos.database.museum/guid/BYU:Mamm:21213,Animalia,Chordata,Mammalia,Soricomorpha,Soricidae,Sorex,Sorex vagrans,,SPECIES,"Sorex vagrans Baird, 1857",Sorex vagrans,,US,"Hunter's Creek, Sierra Nevada Mts., 7500 ft elevation",Nevada,PRESENT,,fd70f580-4ce2-11db-b80e-b8a03c50a862,39.46933,-119.917831,4679,,2286,0,,,7/11/42,11,7,1942,2436042,2436042,PRESERVED_SPECIMEN,BYU,Mammalogy,BYU:Mamm:21213,,J. Raymond Alcorn,1942-07-11T00:00:00,CC0_1_0,,"Collector(s): J. Raymond Alcorn; Preparator(s): J. Raymond Alcorn, T. J. Trelease",,,2026-05-02T08:39:16.732Z,,COORDINATE_ROUNDED;CONTINENT_DERIVED_FROM_COORDINATES;INSTITUTION_MATCH_FUZZY
2540712118,7a25f7aa-03fb-4322-aaeb-66719e1a9527,99e6510c-be25-4998-b400-3aa965682f9d,Animalia,Chordata,Mammalia,Soricomorpha,Soricidae,Sorex,Sorex vagrans,vagrans,SUBSPECIES,"Sorex vagrans vagrans Baird, 1857",Sorex (Otisorex) vagrans vagrans,"Baird, 1857",US,Hobart Creek Reservoir,Nevada,PRESENT,,493fe050-055d-11d8-b84f-b8a03c50a862,39.19,-119.87,,,,,,,7/19/16,19,7,2016,7194092,2436042,PRESERVED_SPECIMEN,LACM,Mammals,98393,HCA2M-MA,,,CC0_1_0,,"Lunn, K and Smith, T",,native,2026-04-29T14:09:55.998Z,,GEODETIC_DATUM_ASSUMED_WGS84;CONTINENT_DERIVED_FROM_COORDINATES
2540712105,7a25f7aa-03fb-4322-aaeb-66719e1a9527,3cb56cab-dabb-4fd0-a8bb-4e6053b21f5b,Animalia,Chordata,Mammalia,Soricomorpha,Soricidae,Sorex,Sorex vagrans,vagrans,SUBSPECIES,"Sorex vagrans vagrans Baird, 1857",Sorex (Otisorex) vagrans vagrans,"Baird, 1857",US,Little Salmon Creek,Nevada,PRESENT,,493fe050-055d-11d8-b84f-b8a03c50a862,41.96,-115.85,,,,,,,7/13/16,13,7,2016,7194092,2436042,PRESERVED_SPECIMEN,LACM,Mammals,98394,SCPF3-MA,,,CC0_1_0,,"Lunn, K and Smith, T",,native,2026-04-29T14:09:58.226Z,,GEODETIC_DATUM_ASSUMED_WGS84;CONTINENT_DERIVED_FROM_COORDINATES
2540711110,7a25f7aa-03fb-4322-aaeb-66719e1a9527,549491e3-7d1d-411a-868a-755d9499c7c9,Animalia,Chordata,Mammalia,Soricomorpha,Soricidae,Sorex,Sorex vagrans,vagrans,SUBSPECIES,"Sorex vagrans vagrans Baird, 1857",Sorex (Otisorex) vagrans vagrans,"Baird, 1857",US,"North Canyon, Spooner Backcountry",Nevada,PRESENT,,493fe050-055d-11d8-b84f-b8a03c50a862,39.11,-119.92,,,,,,,8/26/19,26,8,2019,7194092,2436042,PRESERVED_SPECIMEN,LACM,Mammals,98383,NCM6L-MB,,,CC0_1_0,,"Lunn, K and Smith, T",,native,2026-04-29T14:09:48.874Z,,GEODETIC_DATUM_ASSUMED_WGS84;CONTINENT_DERIVED_FROM_COORDINATES
2540710125,7a25f7aa-03fb-4322-aaeb-66719e1a9527,928ca3da-422a-4242-860a-e9f8f2918661,Animalia,Chordata,Mammalia,Soricomorpha,Soricidae,Sorex,Sorex vagrans,vagrans,SUBSPECIES,"Sorex vagrans vagrans Baird, 1857",Sorex (Otisorex) vagrans vagrans,"Baird, 1857",US,Hobart Creek Reservoir,Nevada,PRESENT,,493fe050-055d-11d8-b84f-b8a03c50a862,39.19,-119.87,,,,,,,7/20/16,20,7,2016,7194092,2436042,PRESERVED_SPECIMEN,LACM,Mammals,98388,HM95-MA,,,CC0_1_0,,"Lunn, K and Smith, T",,native,2026-04-29T14:09:56.258Z,,GEODETIC_DATUM_ASSUMED_WGS84;CONTINENT_DERIVED_FROM_COORDINATES
2540710122,7a25f7aa-03fb-4322-aaeb-66719e1a9527,8dd74fdf-1a08-4bc4-bafb-8b6e303fff88,Animalia,Chordata,Mammalia,Soricomorpha,Soricidae,Sorex,Sorex vagrans,vagrans,SUBSPECIES,"Sorex vagrans vagrans Baird, 1857",Sorex (Otisorex) vagrans vagrans,"Baird, 1857",US,,Nevada,PRESENT,,493fe050-055d-11d8-b84f-b8a03c50a862,41.2,-115.99,,,,,,,9/14/16,14,9,2016,7194092,2436042,PRESERVED_SPECIMEN,LACM,Mammals,98408,BIGBIRD2,,,CC0_1_0,,"Fox, S",,native,2026-04-29T14:09:58.355Z,,GEODETIC_DATUM_ASSUMED_WGS84;CONTINENT_DERIVED_FROM_COORDINATES
2540710120,7a25f7aa-03fb-4322-aaeb-66719e1a9527,87c7120b-4c8e-435c-b401-94869f2001e8,Animalia,Chordata,Mammalia,Soricomorpha,Soricidae,Sorex,Sorex vagrans,vagrans,SUBSPECIES,"Sorex vagrans vagrans Baird, 1857",Sorex (Otisorex) vagrans vagrans,"Baird, 1857",US,Tahoe State Park,Nevada,PRESENT,,493fe050-055d-11d8-b84f-b8a03c50a862,39.15,-119.85,,,,,,,8/25/16,25,8,2016,7194092,2436042,PRESERVED_SPECIMEN,LACM,Mammals,98386,NCM6L-MA,,,CC0_1_0,,"Lunn, K and Smith, T",,native,2026-04-29T14:09:59.710Z,,GEODETIC_DATUM_ASSUMED_WGS84;CONTINENT_DERIVED_FROM_COORDINATES
2540709122,7a25f7aa-03fb-4322-aaeb-66719e1a9527,6bf999b4-6a0d-43f3-92eb-c49f2becea50,Animalia,Chordata,Mammalia,Soricomorpha,Soricidae,Sorex,Sorex vagrans,vagrans,SUBSPECIES,"Sorex vagrans vagrans Baird, 1857",Sorex (Otisorex) vagrans vagrans,"Baird, 1857",US,"North Canyon, Spooner Backcountry",Nevada,PRESENT,,493fe050-055d-11d8-b84f-b8a03c50a862,39.11,-119.92,,,,,,,8/26/19,26,8,2019,7194092,2436042,PRESERVED_SPECIMEN,LACM,Mammals,98384,NCCB6S-MA,,,CC0_1_0,,"Lunn, K and Smith, T",,native,2026-04-29T14:09:49.088Z,,GEODETIC_DATUM_ASSUMED_WGS84;CONTINENT_DERIVED_FROM_COORDINATES
2540708116,7a25f7aa-03fb-4322-aaeb-66719e1a9527,5fcfd6ee-7fa6-4af6-b79c-f531bba0106d,Animalia,Chordata,Mammalia,Soricomorpha,Soricidae,Sorex,Sorex vagrans,vagrans,SUBSPECIES,"Sorex vagrans vagrans Baird, 1857",Sorex (Otisorex) vagrans vagrans,"Baird, 1857",US,Tahoe State Park,Nevada,PRESENT,,493fe050-055d-11d8-b84f-b8a03c50a862,39.15,-119.89,,,,,,,8/25/16,25,8,2016,7194092,2436042,PRESERVED_SPECIMEN,LACM,Mammals,98387,NCM9L-MA,,,CC0_1_0,,"Lunn, K and Smith, T",,native,2026-04-29T14:09:49.129Z,,GEODETIC_DATUM_ASSUMED_WGS84;CONTINENT_DERIVED_FROM_COORDINATES
2540708115,7a25f7aa-03fb-4322-aaeb-66719e1a9527,5be13a5c-e685-42b7-b6d2-260a4a63a322,Animalia,Chordata,Mammalia,Soricomorpha,Soricidae,Sorex,Sorex vagrans,vagrans,SUBSPECIES,"Sorex vagrans vagrans Baird, 1857",Sorex (Otisorex) vagrans vagrans,"Baird, 1857",US,Tahoe State Park,Nevada,PRESENT,,493fe050-055d-11d8-b84f-b8a03c50a862,39.15,-119.85,,,,,,,8/24/16,24,8,2016,7194092,2436042,PRESERVED_SPECIMEN,LACM,Mammals,98385,NCM15L-MA,,,CC0_1_0,,"Lunn, K and Smith, T",,native,2026-04-29T14:09:49.166Z,,GEODETIC_DATUM_ASSUMED_WGS84;CONTINENT_DERIVED_FROM_COORDINATES
2540708104,7a25f7aa-03fb-4322-aaeb-66719e1a9527,0cf0c8a1-09e3-4fd5-adb3-d6f3c2aa4306,Animalia,Chordata,Mammalia,Soricomorpha,Soricidae,Sorex,Sorex vagrans,vagrans,SUBSPECIES,"Sorex vagrans vagrans Baird, 1857",Sorex (Otisorex) vagrans vagrans,"Baird, 1857",US,,Nevada,PRESENT,,493fe050-055d-11d8-b84f-b8a03c50a862,41.2,-115.99,,,,,,,9/16/16,16,9,2016,7194092,2436042,PRESERVED_SPECIMEN,LACM,Mammals,98410,BIGBIRD5,,,CC0_1_0,,,,native,2026-04-29T14:09:49.131Z,,GEODETIC_DATUM_ASSUMED_WGS84;CONTINENT_DERIVED_FROM_COORDINATES
2540707113,7a25f7aa-03fb-4322-aaeb-66719e1a9527,5c0e5812-ccd2-4f22-8a32-3fb918c34e5e,Animalia,Chordata,Mammalia,Soricomorpha,Soricidae,Sorex,Sorex vagrans,vagrans,SUBSPECIES,"Sorex vagrans vagrans Baird, 1857",Sorex (Otisorex) vagrans vagrans,"Baird, 1857",US,,Nevada,PRESENT,,493fe050-055d-11d8-b84f-b8a03c50a862,39.14,-119.9,,,,,,,8/23/16,23,8,2016,7194092,2436042,PRESERVED_SPECIMEN,LACM,Mammals,98382,NCCA5S-MA,,,CC0_1_0,,"Lunn, K and Smith, T",,native,2026-04-29T14:09:49.336Z,,GEODETIC_DATUM_ASSUMED_WGS84;CONTINENT_DERIVED_FROM_COORDINATES
2540705133,7a25f7aa-03fb-4322-aaeb-66719e1a9527,fd7aa30d-789a-4b70-b3b5-f81756dd6812,Animalia,Chordata,Mammalia,Soricomorpha,Soricidae,Sorex,Sorex vagrans,vagrans,SUBSPECIES,"Sorex vagrans vagrans Baird, 1857",Sorex (Otisorex) vagrans vagrans,"Baird, 1857",US,,Nevada,PRESENT,,493fe050-055d-11d8-b84f-b8a03c50a862,41.2,-115.99,,,,,,,9/16/16,16,9,2016,7194092,2436042,PRESERVED_SPECIMEN,LACM,Mammals,98409,BIGBIRD4,,,CC0_1_0,,,,native,2026-04-29T14:09:49.304Z,,GEODETIC_DATUM_ASSUMED_WGS84;CONTINENT_DERIVED_FROM_COORDINATES
2540705108,7a25f7aa-03fb-4322-aaeb-66719e1a9527,71bb4d26-9cfe-4d8f-b980-7c420d16ecc4,Animalia,Chordata,Mammalia,Soricomorpha,Soricidae,Sorex,Sorex vagrans,vagrans,SUBSPECIES,"Sorex vagrans vagrans Baird, 1857",Sorex (Otisorex) vagrans vagrans,"Baird, 1857",US,Hobart Creek Reservoir,Nevada,PRESENT,,493fe050-055d-11d8-b84f-b8a03c50a862,39.19,-119.87,,,,,,,7/20/16,20,7,2016,7194092,2436042,PRESERVED_SPECIMEN,LACM,Mammals,98390,HR3M-MA,,,CC0_1_0,,"Lunn, K and Smith, T",,native,2026-04-29T14:09:49.086Z,,GEODETIC_DATUM_ASSUMED_WGS84;CONTINENT_DERIVED_FROM_COORDINATES
2540704136,7a25f7aa-03fb-4322-aaeb-66719e1a9527,e4b5a4e5-18f1-4a45-b9ef-0b7368c4c19c,Animalia,Chordata,Mammalia,Soricomorpha,Soricidae,Sorex,Sorex vagrans,vagrans,SUBSPECIES,"Sorex vagrans vagrans Baird, 1857",Sorex (Otisorex) vagrans vagrans,"Baird, 1857",US,,Nevada,PRESENT,,493fe050-055d-11d8-b84f-b8a03c50a862,40.89,-116.18,,,,,,,12/8/16,8,12,2016,7194092,2436042,PRESERVED_SPECIMEN,LACM,Mammals,98406,JPD 612,,,CC0_1_0,,"Lunn, K and Smith, T",,native,2026-04-29T14:09:55.972Z,,GEODETIC_DATUM_ASSUMED_WGS84;CONTINENT_DERIVED_FROM_COORDINATES
2540704132,7a25f7aa-03fb-4322-aaeb-66719e1a9527,be5edcfd-f475-4f1a-8203-d0cb800fb8d8,Animalia,Chordata,Mammalia,Soricomorpha,Soricidae,Sorex,Sorex vagrans,vagrans,SUBSPECIES,"Sorex vagrans vagrans Baird, 1857",Sorex (Otisorex) vagrans vagrans,"Baird, 1857",US,Toyn Creek,Nevada,PRESENT,,493fe050-055d-11d8-b84f-b8a03c50a862,40.32,-115.54,,,,,,,7/1/16,1,7,2016,7194092,2436042,PRESERVED_SPECIMEN,LACM,Mammals,98395,TCM14M-M,,,CC0_1_0,,,,native,2026-04-29T14:09:58.298Z,,GEODETIC_DATUM_ASSUMED_WGS84;CONTINENT_DERIVED_FROM_COORDINATES
2540704118,7a25f7aa-03fb-4322-aaeb-66719e1a9527,6bac84bd-49cb-45f7-80b9-2f3489ff2dcd,Animalia,Chordata,Mammalia,Soricomorpha,Soricidae,Sorex,Sorex vagrans,vagrans,SUBSPECIES,"Sorex vagrans vagrans Baird, 1857",Sorex (Otisorex) vagrans vagrans,"Baird, 1857",US,Franktown Creek,Nevada,PRESENT,,493fe050-055d-11d8-b84f-b8a03c50a862,39.2,-119.87,,,,,,,7/22/16,22,7,2016,7194092,2436042,PRESERVED_SPECIMEN,LACM,Mammals,98392,HCB2L-MA,,,CC0_1_0,,"Lunn, K and Smith, T",,native,2026-04-29T14:09:59.634Z,,GEODETIC_DATUM_ASSUMED_WGS84;CONTINENT_DERIVED_FROM_COORDINATES
2540703124,7a25f7aa-03fb-4322-aaeb-66719e1a9527,8f63a422-2c25-44c8-9fa7-dcc45f1811c6,Animalia,Chordata,Mammalia,Soricomorpha,Soricidae,Sorex,Sorex vagrans,vagrans,SUBSPECIES,"Sorex vagrans vagrans Baird, 1857",Sorex (Otisorex) vagrans vagrans,"Baird, 1857",US,Hobart Creek Reservoir,Nevada,PRESENT,,493fe050-055d-11d8-b84f-b8a03c50a862,39.19,-119.87,,,,,,,7/21/16,21,7,2016,7194092,2436042,PRESERVED_SPECIMEN,LACM,Mammals,98389,HR205-MA,,,CC0_1_0,,"Lunn, K and Smith, T",,native,2026-04-29T14:09:58.418Z,,GEODETIC_DATUM_ASSUMED_WGS84;CONTINENT_DERIVED_FROM_COORDINATES
2540703083,7a25f7aa-03fb-4322-aaeb-66719e1a9527,e2756009-00b6-4541-bf44-9d377e968386,Animalia,Chordata,Mammalia,Soricomorpha,Soricidae,Sorex,Sorex vagrans,vagrans,SUBSPECIES,"Sorex vagrans vagrans Baird, 1857",Sorex (Otisorex) vagrans vagrans,"Baird, 1857",US,Hobart Creek Reservoir,Nevada,PRESENT,,493fe050-055d-11d8-b84f-b8a03c50a862,39.19,-119.87,,,,,,,7/22/16,22,7,2016,7194092,2436042,PRESERVED_SPECIMEN,LACM,Mammals,98391,HR1L-MA,,,CC0_1_0,,"Lunn, K and Smith, T",,native,2026-04-29T14:09:49.140Z,,GEODETIC_DATUM_ASSUMED_WGS84;CONTINENT_DERIVED_FROM_COORDINATES
2540703080,7a25f7aa-03fb-4322-aaeb-66719e1a9527,c7f1859d-4bc0-455f-95cd-266d96209cd1,Animalia,Chordata,Mammalia,Soricomorpha,Soricidae,Sorex,Sorex vagrans,vagrans,SUBSPECIES,"Sorex vagrans vagrans Baird, 1857",Sorex (Otisorex) vagrans vagrans,"Baird, 1857",US,Spooner Lake,Nevada,PRESENT,,493fe050-055d-11d8-b84f-b8a03c50a862,39.11,-119.92,,,,,,,9/9/16,9,9,2016,7194092,2436042,PRESERVED_SPECIMEN,LACM,Mammals,98396,SC31M-MA,,,CC0_1_0,,"Fox, S",,native,2026-04-29T14:09:49.118Z,,GEODETIC_DATUM_ASSUMED_WGS84;CONTINENT_DERIVED_FROM_COORDINATES
1805735806,41fc5c40-5e81-496f-9733-6b5681b3b7a5,ae9a3e36-ca2e-4b70-9ac7-32388560b110,Animalia,Chordata,Mammalia,Soricomorpha,Soricidae,Sorex,Sorex vagrans,vagrans,SUBSPECIES,"Sorex vagrans vagrans Baird, 1857",Sorex vagrans vagrans,,US,"Toiyabe Range, Bade Creek, 0.80 km S, 1.20 km E Austin Summit",Nevada,PRESENT,1,7b8aff00-a9f8-11d8-944b-b8a03c50a862,39.47429,-117.00176,,,,,,,7/3/11,3,7,2011,7194092,2436042,PRESERVED_SPECIMEN,FMNH,Mammals,213870,FMNH-Mammals-8227,,,CC0_1_0,The Field Museum of Natural History,L. R. Heaney,,,2026-04-24T10:47:43.566Z,,GEODETIC_DATUM_ASSUMED_WGS84;RECORDED_DATE_INVALID;OCCURRENCE_STATUS_INFERRED_FROM_INDIVIDUAL_COUNT;INSTITUTION_MATCH_FUZZY;COLLECTION_MATCH_FUZZY
1805735797,41fc5c40-5e81-496f-9733-6b5681b3b7a5,6955ea07-706e-4eaa-b9e7-5ceeb1fa3d95,Animalia,Chordata,Mammalia,Soricomorpha,Soricidae,Sorex,Sorex vagrans,vagrans,SUBSPECIES,"Sorex vagrans vagrans Baird, 1857",Sorex vagrans vagrans,,US,"Toiyabe Range, Bade Creek, 0.80 km S, 1.20 km E Austin Summit",Nevada,PRESENT,1,7b8aff00-a9f8-11d8-944b-b8a03c50a862,39.47429,-117.00176,,,,,,,7/3/11,3,7,2011,7194092,2436042,PRESERVED_SPECIMEN,FMNH,Mammals,213869,FMNH-Mammals-8226,,,CC0_1_0,The Field Museum of Natural History,L. R. Heaney,,,2026-04-24T10:47:46.221Z,,GEODETIC_DATUM_ASSUMED_WGS84;RECORDED_DATE_INVALID;OCCURRENCE_STATUS_INFERRED_FROM_INDIVIDUAL_COUNT;INSTITUTION_MATCH_FUZZY;COLLECTION_MATCH_FUZZY
1805735789,41fc5c40-5e81-496f-9733-6b5681b3b7a5,4cca0df8-c486-4630-adfe-3ab9bbd2e5d2,Animalia,Chordata,Mammalia,Soricomorpha,Soricidae,Sorex,Sorex vagrans,vagrans,SUBSPECIES,"Sorex vagrans vagrans Baird, 1857",Sorex vagrans vagrans,,US,"Toiyabe Range, Bade Creek, 0.80 km S, 1.20 km E Austin Summit",Nevada,PRESENT,1,7b8aff00-a9f8-11d8-944b-b8a03c50a862,39.47429,-117.00176,,,,,,,7/5/11,5,7,2011,7194092,2436042,PRESERVED_SPECIMEN,FMNH,Mammals,213874,FMNH-Mammals-8248,,,CC0_1_0,The Field Museum of Natural History,L. R. Heaney,,,2026-04-24T10:47:40.169Z,,GEODETIC_DATUM_ASSUMED_WGS84;RECORDED_DATE_INVALID;OCCURRENCE_STATUS_INFERRED_FROM_INDIVIDUAL_COUNT;INSTITUTION_MATCH_FUZZY;COLLECTION_MATCH_FUZZY
1805735769,41fc5c40-5e81-496f-9733-6b5681b3b7a5,ded1aab4-b5d4-417d-8e6b-aaf46aa0f9ff,Animalia,Chordata,Mammalia,Soricomorpha,Soricidae,Sorex,Sorex vagrans,vagrans,SUBSPECIES,"Sorex vagrans vagrans Baird, 1857",Sorex vagrans vagrans,,US,"Toiyabe Range, Bade Creek, 0.80 km S, 1.20 km E Austin Summit",Nevada,PRESENT,1,7b8aff00-a9f8-11d8-944b-b8a03c50a862,39.47429,-117.00176,,,,,,,7/4/11,4,7,2011,7194092,2436042,PRESERVED_SPECIMEN,FMNH,Mammals,213871,FMNH-Mammals-8233,,,CC0_1_0,The Field Museum of Natural History,L. R. Heaney,,,2026-04-24T10:47:44.324Z,,GEODETIC_DATUM_ASSUMED_WGS84;RECORDED_DATE_INVALID;OCCURRENCE_STATUS_INFERRED_FROM_INDIVIDUAL_COUNT;INSTITUTION_MATCH_FUZZY;COLLECTION_MATCH_FUZZY
1805735760,41fc5c40-5e81-496f-9733-6b5681b3b7a5,7c708efd-c892-4bba-ba47-8afd22790c31,Animalia,Chordata,Mammalia,Soricomorpha,Soricidae,Sorex,Sorex vagrans,vagrans,SUBSPECIES,"Sorex vagrans vagrans Baird, 1857",Sorex vagrans vagrans,,US,"Toiyabe Range, Bade Creek, 0.80 km S, 1.20 km E Austin Summit",Nevada,PRESENT,1,7b8aff00-a9f8-11d8-944b-b8a03c50a862,39.47429,-117.00176,,,,,,,7/2/11,2,7,2011,7194092,2436042,PRESERVED_SPECIMEN,FMNH,Mammals,213864,FMNH-Mammals-8188,,,CC0_1_0,The Field Museum of Natural History,L. R. Heaney,,,2026-04-24T10:47:43.170Z,,GEODETIC_DATUM_ASSUMED_WGS84;RECORDED_DATE_INVALID;OCCURRENCE_STATUS_INFERRED_FROM_INDIVIDUAL_COUNT;INSTITUTION_MATCH_FUZZY;COLLECTION_MATCH_FUZZY
1805735748,41fc5c40-5e81-496f-9733-6b5681b3b7a5,c366d9cd-0878-40e7-86d9-963a8c8557c4,Animalia,Chordata,Mammalia,Soricomorpha,Soricidae,Sorex,Sorex vagrans,vagrans,SUBSPECIES,"Sorex vagrans vagrans Baird, 1857",Sorex vagrans vagrans,,US,"Toiyabe Range, Bade Creek, 0.80 km S, 1.20 km E Austin Summit",Nevada,PRESENT,1,7b8aff00-a9f8-11d8-944b-b8a03c50a862,39.47429,-117.00176,,,,,,,7/5/11,5,7,2011,7194092,2436042,PRESERVED_SPECIMEN,FMNH,Mammals,213873,FMNH-Mammals-8247,,,CC0_1_0,The Field Museum of Natural History,L. R. Heaney,,,2026-04-24T10:47:43.719Z,,GEODETIC_DATUM_ASSUMED_WGS84;RECORDED_DATE_INVALID;OCCURRENCE_STATUS_INFERRED_FROM_INDIVIDUAL_COUNT;INSTITUTION_MATCH_FUZZY;COLLECTION_MATCH_FUZZY
1805735733,41fc5c40-5e81-496f-9733-6b5681b3b7a5,5deea771-555d-4618-9876-ab844fbb9865,Animalia,Chordata,Mammalia,Soricomorpha,Soricidae,Sorex,Sorex vagrans,vagrans,SUBSPECIES,"Sorex vagrans vagrans Baird, 1857",Sorex vagrans vagrans,,US,"Toiyabe Range, Bade Creek, 0.80 km S, 1.20 km E Austin Summit",Nevada,PRESENT,1,7b8aff00-a9f8-11d8-944b-b8a03c50a862,39.47429,-117.00176,,,,,,,7/2/11,2,7,2011,7194092,2436042,PRESERVED_SPECIMEN,FMNH,Mammals,213865,FMNH-Mammals-8208,,,CC0_1_0,The Field Museum of Natural History,L. R. Heaney,,,2026-04-24T10:47:39.172Z,,GEODETIC_DATUM_ASSUMED_WGS84;RECORDED_DATE_INVALID;OCCURRENCE_STATUS_INFERRED_FROM_INDIVIDUAL_COUNT;INSTITUTION_MATCH_FUZZY;COLLECTION_MATCH_FUZZY
1805735720,41fc5c40-5e81-496f-9733-6b5681b3b7a5,8a95629a-415f-486e-977c-1997fa3c8a5e,Animalia,Chordata,Mammalia,Soricomorpha,Soricidae,Sorex,Sorex vagrans,vagrans,SUBSPECIES,"Sorex vagrans vagrans Baird, 1857",Sorex vagrans vagrans,,US,"Toiyabe Range, Bade Creek, 0.80 km S, 1.20 km E Austin Summit",Nevada,PRESENT,1,7b8aff00-a9f8-11d8-944b-b8a03c50a862,39.47429,-117.00176,,,,,,,7/3/11,3,7,2011,7194092,2436042,PRESERVED_SPECIMEN,FMNH,Mammals,213866,FMNH-Mammals-8209,,,CC0_1_0,The Field Museum of Natural History,L. R. Heaney,,,2026-04-24T10:47:45.777Z,,GEODETIC_DATUM_ASSUMED_WGS84;RECORDED_DATE_INVALID;OCCURRENCE_STATUS_INFERRED_FROM_INDIVIDUAL_COUNT;INSTITUTION_MATCH_FUZZY;COLLECTION_MATCH_FUZZY
1805735713,41fc5c40-5e81-496f-9733-6b5681b3b7a5,8962932e-e5d4-4cb4-9699-bf850bd0750f,Animalia,Chordata,Mammalia,Soricomorpha,Soricidae,Sorex,Sorex vagrans,vagrans,SUBSPECIES,"Sorex vagrans vagrans Baird, 1857",Sorex vagrans vagrans,,US,"Toiyabe Range, Bade Creek, 0.80 km S, 1.20 km E Austin Summit",Nevada,PRESENT,1,7b8aff00-a9f8-11d8-944b-b8a03c50a862,39.47429,-117.00176,,,,,,,7/2/11,2,7,2011,7194092,2436042,PRESERVED_SPECIMEN,FMNH,Mammals,213863,FMNH-Mammals-8187,,,CC0_1_0,The Field Museum of Natural History,L. R. Heaney,,,2026-04-24T10:47:43.771Z,,GEODETIC_DATUM_ASSUMED_WGS84;RECORDED_DATE_INVALID;OCCURRENCE_STATUS_INFERRED_FROM_INDIVIDUAL_COUNT;INSTITUTION_MATCH_FUZZY;COLLECTION_MATCH_FUZZY
1805735712,41fc5c40-5e81-496f-9733-6b5681b3b7a5,c42f5d60-c08f-4c01-9b03-eb2b1797bcbe,Animalia,Chordata,Mammalia,Soricomorpha,Soricidae,Sorex,Sorex vagrans,vagrans,SUBSPECIES,"Sorex vagrans vagrans Baird, 1857",Sorex vagrans vagrans,,US,"Toiyabe Range, Bade Creek, 0.80 km S, 1.20 km E Austin Summit",Nevada,PRESENT,1,7b8aff00-a9f8-11d8-944b-b8a03c50a862,39.47429,-117.00176,,,,,,,7/3/11,3,7,2011,7194092,2436042,PRESERVED_SPECIMEN,FMNH,Mammals,213868,FMNH-Mammals-8225,,,CC0_1_0,The Field Museum of Natural History,L. R. Heaney,,,2026-04-24T10:47:44.635Z,,GEODETIC_DATUM_ASSUMED_WGS84;RECORDED_DATE_INVALID;OCCURRENCE_STATUS_INFERRED_FROM_INDIVIDUAL_COUNT;INSTITUTION_MATCH_FUZZY;COLLECTION_MATCH_FUZZY
1805735696,41fc5c40-5e81-496f-9733-6b5681b3b7a5,55e9abbc-959a-464b-8333-87e20936dc05,Animalia,Chordata,Mammalia,Soricomorpha,Soricidae,Sorex,Sorex vagrans,vagrans,SUBSPECIES,"Sorex vagrans vagrans Baird, 1857",Sorex vagrans vagrans,,US,"Toiyabe Range, Bade Creek, 0.80 km S, 1.20 km E Austin Summit",Nevada,PRESENT,1,7b8aff00-a9f8-11d8-944b-b8a03c50a862,39.47429,-117.00176,,,,,,,7/3/11,3,7,2011,7194092,2436042,PRESERVED_SPECIMEN,FMNH,Mammals,213867,FMNH-Mammals-8210,,,CC0_1_0,The Field Museum of Natural History,L. R. Heaney,,,2026-04-24T10:47:38.572Z,,GEODETIC_DATUM_ASSUMED_WGS84;RECORDED_DATE_INVALID;OCCURRENCE_STATUS_INFERRED_FROM_INDIVIDUAL_COUNT;INSTITUTION_MATCH_FUZZY;COLLECTION_MATCH_FUZZY
1805735685,41fc5c40-5e81-496f-9733-6b5681b3b7a5,5ecb0db8-1b4a-4490-ad35-a8d092d09023,Animalia,Chordata,Mammalia,Soricomorpha,Soricidae,Sorex,Sorex vagrans,vagrans,SUBSPECIES,"Sorex vagrans vagrans Baird, 1857",Sorex vagrans vagrans,,US,"Toiyabe Range, Bade Creek, 0.80 km S, 1.20 km E Austin Summit",Nevada,PRESENT,1,7b8aff00-a9f8-11d8-944b-b8a03c50a862,39.47429,-117.00176,,,,,,,7/4/11,4,7,2011,7194092,2436042,PRESERVED_SPECIMEN,FMNH,Mammals,213872,FMNH-Mammals-8246,,,CC0_1_0,The Field Museum of Natural History,L. R. Heaney,,,2026-04-24T10:47:39.982Z,,GEODETIC_DATUM_ASSUMED_WGS84;RECORDED_DATE_INVALID;OCCURRENCE_STATUS_INFERRED_FROM_INDIVIDUAL_COUNT;INSTITUTION_MATCH_FUZZY;COLLECTION_MATCH_FUZZY
1802547659,06a00852-f764-4fb8-80d4-ca51f0918459,https://arctos.database.museum/guid/UMNH:Mamm:42444,Animalia,Chordata,Mammalia,Soricomorpha,Soricidae,Sorex,Sorex palustris,,SPECIES,"Sorex navigator (Baird, 1858)",Sorex navigator,,US,"Snake Range, Great Basin National Park, Snake Creek",Nevada,PRESENT,,2d6267a0-0561-11d8-b851-b8a03c50a862,38.92535,-114.25156,100,,2480,0,,,2017-06-23/2017-11-21,,,2017,12105209,2436006,PRESERVED_SPECIMEN,UMNH,Mammalogy,UMNH:Mamm:42444,,Katrina M. Derieg,2021-09-27T00:00:00,CC0_1_0,,Collector(s): Bryan T. Hamilton; Preparator(s): Eric A. Rickart,,,2026-05-02T09:09:06.504Z,,CONTINENT_DERIVED_FROM_COORDINATES;INSTITUTION_MATCH_FUZZY;INSTITUTION_COLLECTION_MISMATCH
1802547652,06a00852-f764-4fb8-80d4-ca51f0918459,https://arctos.database.museum/guid/UMNH:Mamm:42465,Animalia,Chordata,Mammalia,Soricomorpha,Soricidae,Sorex,Sorex vagrans,vagrans,SUBSPECIES,"Sorex vagrans vagrans Baird, 1857",Sorex vagrans vagrans,,US,"Snake Range, Great Basin National Park, Cave Springs, 1.0 km N, 1.3 km W Lehman Caves Visitor Center",Nevada,PRESENT,,2d6267a0-0561-11d8-b851-b8a03c50a862,39.01511,-114.23586,100,,2213,0,,,2016-07-22/2017-11-24,,,,7194092,2436042,PRESERVED_SPECIMEN,UMNH,Mammalogy,UMNH:Mamm:42465,,Eric A. Rickart,2017-11-24T00:00:00,CC0_1_0,,Collector(s): Bryan T. Hamilton; Preparator(s): Eric A. Rickart,,,2026-05-02T09:09:06.724Z,,CONTINENT_DERIVED_FROM_COORDINATES;INSTITUTION_MATCH_FUZZY;INSTITUTION_COLLECTION_MISMATCH
1802547649,06a00852-f764-4fb8-80d4-ca51f0918459,https://arctos.database.museum/guid/UMNH:Mamm:42455,Animalia,Chordata,Mammalia,Soricomorpha,Soricidae,Sorex,Sorex vagrans,vagrans,SUBSPECIES,"Sorex vagrans vagrans Baird, 1857",Sorex vagrans vagrans,,US,"Snake Range, Great Basin National Park, Cave Springs, 1.0 km N, 1.3 km W Lehman Caves Visitor Center",Nevada,PRESENT,,2d6267a0-0561-11d8-b851-b8a03c50a862,39.01511,-114.23586,100,,2213,0,,,2016-07-22/2017-11-24,,,,7194092,2436042,PRESERVED_SPECIMEN,UMNH,Mammalogy,UMNH:Mamm:42455,,Eric A. Rickart,2017-11-24T00:00:00,CC0_1_0,,Collector(s): Bryan T. Hamilton; Preparator(s): Eric A. Rickart,,,2026-05-02T09:09:06.723Z,,CONTINENT_DERIVED_FROM_COORDINATES;INSTITUTION_MATCH_FUZZY;INSTITUTION_COLLECTION_MISMATCH
1802547642,06a00852-f764-4fb8-80d4-ca51f0918459,https://arctos.database.museum/guid/UMNH:Mamm:42461,Animalia,Chordata,Mammalia,Soricomorpha,Soricidae,Sorex,Sorex vagrans,vagrans,SUBSPECIES,"Sorex vagrans vagrans Baird, 1857",Sorex vagrans vagrans,,US,"Snake Range, Great Basin National Park, Cave Springs, 1.0 km N, 1.3 km W Lehman Caves Visitor Center",Nevada,PRESENT,,2d6267a0-0561-11d8-b851-b8a03c50a862,39.01511,-114.23586,100,,2213,0,,,2016-07-21/2017-11-24,,,,7194092,2436042,PRESERVED_SPECIMEN,UMNH,Mammalogy,UMNH:Mamm:42461,,Eric A. Rickart,2017-11-24T00:00:00,CC0_1_0,,Collector(s): Bryan T. Hamilton; Preparator(s): Eric A. Rickart,,,2026-05-02T09:09:06.617Z,,CONTINENT_DERIVED_FROM_COORDINATES;INSTITUTION_MATCH_FUZZY;INSTITUTION_COLLECTION_MISMATCH
1802547640,06a00852-f764-4fb8-80d4-ca51f0918459,https://arctos.database.museum/guid/UMNH:Mamm:42456,Animalia,Chordata,Mammalia,Soricomorpha,Soricidae,Sorex,Sorex vagrans,vagrans,SUBSPECIES,"Sorex vagrans vagrans Baird, 1857",Sorex vagrans vagrans,,US,"Snake Range, Great Basin National Park, Cave Springs, 1.0 km N, 1.3 km W Lehman Caves Visitor Center",Nevada,PRESENT,,2d6267a0-0561-11d8-b851-b8a03c50a862,39.01511,-114.23586,100,,2213,0,,,2017-07-20/2017-11-24,,,2017,7194092,2436042,PRESERVED_SPECIMEN,UMNH,Mammalogy,UMNH:Mamm:42456,,Eric A. Rickart,2017-11-24T00:00:00,CC0_1_0,,Collector(s): Bryan T. Hamilton; Preparator(s): Eric A. Rickart,,,2026-05-02T09:09:07.263Z,,CONTINENT_DERIVED_FROM_COORDINATES;INSTITUTION_MATCH_FUZZY;INSTITUTION_COLLECTION_MISMATCH
1802547639,06a00852-f764-4fb8-80d4-ca51f0918459,https://arctos.database.museum/guid/UMNH:Mamm:42466,Animalia,Chordata,Mammalia,Soricomorpha,Soricidae,Sorex,Sorex vagrans,vagrans,SUBSPECIES,"Sorex vagrans vagrans Baird, 1857",Sorex vagrans vagrans,,US,"Snake Range, Great Basin National Park, Cave Springs, 1.0 km N, 1.3 km W Lehman Caves Visitor Center",Nevada,PRESENT,,2d6267a0-0561-11d8-b851-b8a03c50a862,39.01511,-114.23586,100,,2213,0,,,2017-07-20/2017-11-24,,,2017,7194092,2436042,PRESERVED_SPECIMEN,UMNH,Mammalogy,UMNH:Mamm:42466,,Eric A. Rickart,2017-11-24T00:00:00,CC0_1_0,,Collector(s): Bryan T. Hamilton; Preparator(s): Eric A. Rickart,,,2026-05-02T09:09:06.481Z,,CONTINENT_DERIVED_FROM_COORDINATES;INSTITUTION_MATCH_FUZZY;INSTITUTION_COLLECTION_MISMATCH
1802547633,06a00852-f764-4fb8-80d4-ca51f0918459,https://arctos.database.museum/guid/UMNH:Mamm:42454,Animalia,Chordata,Mammalia,Soricomorpha,Soricidae,Sorex,Sorex vagrans,vagrans,SUBSPECIES,"Sorex vagrans vagrans Baird, 1857",Sorex vagrans vagrans,,US,"Snake Range, Great Basin National Park, Cave Springs, 1.0 km N, 1.3 km W Lehman Caves Visitor Center",Nevada,PRESENT,,2d6267a0-0561-11d8-b851-b8a03c50a862,39.01511,-114.23586,100,,2213,0,,,2016-07-20/2017-11-24,,,,7194092,2436042,PRESERVED_SPECIMEN,UMNH,Mammalogy,UMNH:Mamm:42454,,Eric A. Rickart,2017-11-24T00:00:00,CC0_1_0,,Collector(s): Bryan T. Hamilton; Preparator(s): Eric A. Rickart,,,2026-05-02T09:09:06.676Z,,CONTINENT_DERIVED_FROM_COORDINATES;INSTITUTION_MATCH_FUZZY;INSTITUTION_COLLECTION_MISMATCH
1802547630,06a00852-f764-4fb8-80d4-ca51f0918459,https://arctos.database.museum/guid/UMNH:Mamm:42463,Animalia,Chordata,Mammalia,Soricomorpha,Soricidae,Sorex,Sorex vagrans,vagrans,SUBSPECIES,"Sorex vagrans vagrans Baird, 1857",Sorex vagrans vagrans,,US,"Snake Range, Great Basin National Park, Cave Springs, 1.0 km N, 1.3 km W Lehman Caves Visitor Center",Nevada,PRESENT,,2d6267a0-0561-11d8-b851-b8a03c50a862,39.01511,-114.23586,100,,2213,0,,,2016-07-21/2017-11-24,,,,7194092,2436042,PRESERVED_SPECIMEN,UMNH,Mammalogy,UMNH:Mamm:42463,,Eric A. Rickart,2017-11-24T00:00:00,CC0_1_0,,Collector(s): Bryan T. Hamilton; Preparator(s): Eric A. Rickart,,,2026-05-02T09:09:06.478Z,,CONTINENT_DERIVED_FROM_COORDINATES;INSTITUTION_MATCH_FUZZY;INSTITUTION_COLLECTION_MISMATCH
1802547627,06a00852-f764-4fb8-80d4-ca51f0918459,https://arctos.database.museum/guid/UMNH:Mamm:42453,Animalia,Chordata,Mammalia,Soricomorpha,Soricidae,Sorex,Sorex vagrans,vagrans,SUBSPECIES,"Sorex vagrans vagrans Baird, 1857",Sorex vagrans vagrans,,US,"Snake Range, Great Basin National Park, Cave Springs,1.0 km N, 1.3 km W Lehman Caves Visitor Center",Nevada,PRESENT,,2d6267a0-0561-11d8-b851-b8a03c50a862,39.01511,-114.23586,100,,2213,0,,,2016-07-19/2017-11-22,,,,7194092,2436042,PRESERVED_SPECIMEN,UMNH,Mammalogy,UMNH:Mamm:42453,,Eric A. Rickart,2017-11-24T00:00:00,CC0_1_0,,Collector(s): Bryan T. Hamilton; Preparator(s): Eric A. Rickart,,,2026-05-02T09:09:06.676Z,,CONTINENT_DERIVED_FROM_COORDINATES;INSTITUTION_MATCH_FUZZY;INSTITUTION_COLLECTION_MISMATCH
1802547625,06a00852-f764-4fb8-80d4-ca51f0918459,https://arctos.database.museum/guid/UMNH:Mamm:42464,Animalia,Chordata,Mammalia,Soricomorpha,Soricidae,Sorex,Sorex vagrans,vagrans,SUBSPECIES,"Sorex vagrans vagrans Baird, 1857",Sorex vagrans vagrans,,US,"Snake Range, Great Basin National Park, Cave Springs, 1.0 km N, 1.3 km W Lehman Caves Visitor Center",Nevada,PRESENT,,2d6267a0-0561-11d8-b851-b8a03c50a862,39.01511,-114.23586,100,,2213,0,,,2016-07-22/2017-11-24,,,,7194092,2436042,PRESERVED_SPECIMEN,UMNH,Mammalogy,UMNH:Mamm:42464,,Eric A. Rickart,2017-11-24T00:00:00,CC0_1_0,,Collector(s): Bryan T. Hamilton; Preparator(s): Eric A. Rickart,,,2026-05-02T09:09:06.588Z,,CONTINENT_DERIVED_FROM_COORDINATES;INSTITUTION_MATCH_FUZZY;INSTITUTION_COLLECTION_MISMATCH
1802547616,06a00852-f764-4fb8-80d4-ca51f0918459,https://arctos.database.museum/guid/UMNH:Mamm:42462,Animalia,Chordata,Mammalia,Soricomorpha,Soricidae,Sorex,Sorex vagrans,vagrans,SUBSPECIES,"Sorex vagrans vagrans Baird, 1857",Sorex vagrans vagrans,,US,"Snake Range, Great Basin National Park, Cave Springs, 1.0 km N, 1.3 km W Lehman Caves Visitor Center",Nevada,PRESENT,,2d6267a0-0561-11d8-b851-b8a03c50a862,39.01511,-114.23586,100,,2213,0,,,2016-07-21/2017-11-24,,,,7194092,2436042,PRESERVED_SPECIMEN,UMNH,Mammalogy,UMNH:Mamm:42462,,Eric A. Rickart,2017-11-24T00:00:00,CC0_1_0,,Collector(s): Bryan T. Hamilton; Preparator(s): Eric A. Rickart,,,2026-05-02T09:09:06.472Z,,CONTINENT_DERIVED_FROM_COORDINATES;INSTITUTION_MATCH_FUZZY;INSTITUTION_COLLECTION_MISMATCH
1802547613,06a00852-f764-4fb8-80d4-ca51f0918459,https://arctos.database.museum/guid/UMNH:Mamm:42460,Animalia,Chordata,Mammalia,Soricomorpha,Soricidae,Sorex,Sorex vagrans,vagrans,SUBSPECIES,"Sorex vagrans vagrans Baird, 1857",Sorex vagrans vagrans,,US,"Snake Range, Great Basin National Park, Cave Springs, 1.0 km N, 1.3 km W Lehman Caves Visitor Center",Nevada,PRESENT,,2d6267a0-0561-11d8-b851-b8a03c50a862,39.01511,-114.23586,100,,2213,0,,,2016-07-19/2017-11-24,,,,7194092,2436042,PRESERVED_SPECIMEN,UMNH,Mammalogy,UMNH:Mamm:42460,,Eric A. Rickart,2017-11-24T00:00:00,CC0_1_0,,Collector(s): Bryan T. Hamilton; Preparator(s): Eric A. Rickart,,,2026-05-02T09:09:06.719Z,,CONTINENT_DERIVED_FROM_COORDINATES;INSTITUTION_MATCH_FUZZY;INSTITUTION_COLLECTION_MISMATCH
1802547610,06a00852-f764-4fb8-80d4-ca51f0918459,https://arctos.database.museum/guid/UMNH:Mamm:42459,Animalia,Chordata,Mammalia,Soricomorpha,Soricidae,Sorex,Sorex vagrans,vagrans,SUBSPECIES,"Sorex vagrans vagrans Baird, 1857",Sorex vagrans vagrans,,US,"Snake Range, Great Basin National Park, Cave Springs, 1.0 km N, 1.3 km W Lehman Caves Visitor Center",Nevada,PRESENT,,2d6267a0-0561-11d8-b851-b8a03c50a862,39.01511,-114.23586,100,,2213,0,,,2016-07-19/2017-11-24,,,,7194092,2436042,PRESERVED_SPECIMEN,UMNH,Mammalogy,UMNH:Mamm:42459,,Eric A. Rickart,2017-11-24T00:00:00,CC0_1_0,,Collector(s): Bryan T. Hamilton; Preparator(s): Eric A. Rickart,,,2026-05-02T09:09:06.429Z,,CONTINENT_DERIVED_FROM_COORDINATES;INSTITUTION_MATCH_FUZZY;INSTITUTION_COLLECTION_MISMATCH
1802547606,06a00852-f764-4fb8-80d4-ca51f0918459,https://arctos.database.museum/guid/UMNH:Mamm:42447,Animalia,Chordata,Mammalia,Soricomorpha,Soricidae,Sorex,Sorex vagrans,vagrans,SUBSPECIES,"Sorex vagrans vagrans Baird, 1857",Sorex vagrans vagrans,,US,"Snake Range, Great Basin National Park, Cave Springs, 1.0 km N, 1.3 km W Lehman Caves Visitor Center",Nevada,PRESENT,,2d6267a0-0561-11d8-b851-b8a03c50a862,39.01511,-114.23586,100,,2213,0,,,2016-07-22/2017-11-21,,,,7194092,2436042,PRESERVED_SPECIMEN,UMNH,Mammalogy,UMNH:Mamm:42447,,Eric A. Rickart,2017-11-21T00:00:00,CC0_1_0,,Collector(s): Bryan T. Hamilton; Preparator(s): Eric A. Rickart,,,2026-05-02T09:09:06.427Z,,CONTINENT_DERIVED_FROM_COORDINATES;INSTITUTION_MATCH_FUZZY;INSTITUTION_COLLECTION_MISMATCH
1656062520,06a00852-f764-4fb8-80d4-ca51f0918459,https://arctos.database.museum/guid/UMNH:Mamm:41202,Animalia,Chordata,Mammalia,Soricomorpha,Soricidae,Sorex,Sorex vagrans,vagrans,SUBSPECIES,"Sorex vagrans vagrans Baird, 1857",Sorex vagrans vagrans,,US,"Snake Range, Great Basin National Park, Baker Creek, 1.2 km N Pyramid Peak",Nevada,PRESENT,,2d6267a0-0561-11d8-b851-b8a03c50a862,38.95815,-114.29432,100,,3094,0,,,8/26/16,26,8,2016,7194092,2436042,PRESERVED_SPECIMEN,UMNH,Mammalogy,UMNH:Mamm:41202,BAK 1247,Brooks A. Kohli,2016-08-26T00:00:00,CC0_1_0,,Collector(s): Brooks A. Kohli,,,2026-05-02T09:09:04.023Z,,CONTINENT_DERIVED_FROM_COORDINATES;INSTITUTION_MATCH_FUZZY;INSTITUTION_COLLECTION_MISMATCH
1656062513,06a00852-f764-4fb8-80d4-ca51f0918459,https://arctos.database.museum/guid/UMNH:Mamm:41200,Animalia,Chordata,Mammalia,Soricomorpha,Soricidae,Sorex,Sorex vagrans,vagrans,SUBSPECIES,"Sorex vagrans vagrans Baird, 1857",Sorex vagrans vagrans,,US,"Snake Range, Great Basin National Park, Baker Creek, 1.2 km N Pyramid Peak",Nevada,PRESENT,,2d6267a0-0561-11d8-b851-b8a03c50a862,38.96058,-114.29488,100,,3043,0,,,8/26/16,26,8,2016,7194092,2436042,PRESERVED_SPECIMEN,UMNH,Mammalogy,UMNH:Mamm:41200,BAK 1241,Brooks A. Kohli,2016-08-26T00:00:00,CC0_1_0,,Collector(s): Brooks A. Kohli,,,2026-05-02T09:09:04.022Z,,CONTINENT_DERIVED_FROM_COORDINATES;INSTITUTION_MATCH_FUZZY;INSTITUTION_COLLECTION_MISMATCH
1656062511,06a00852-f764-4fb8-80d4-ca51f0918459,https://arctos.database.museum/guid/UMNH:Mamm:41201,Animalia,Chordata,Mammalia,Soricomorpha,Soricidae,Sorex,Sorex vagrans,vagrans,SUBSPECIES,"Sorex vagrans vagrans Baird, 1857",Sorex vagrans vagrans,,US,"Snake Range, Great Basin National Park, Baker Creek, 1.2 km N Pyramid Peak",Nevada,PRESENT,,2d6267a0-0561-11d8-b851-b8a03c50a862,38.95847,-114.29528,100,,3062,0,,,8/26/16,26,8,2016,7194092,2436042,PRESERVED_SPECIMEN,UMNH,Mammalogy,UMNH:Mamm:41201,BAK 1245,Brooks A. Kohli,2016-08-26T00:00:00,CC0_1_0,,Collector(s): Brooks A. Kohli,,,2026-05-02T09:09:04.151Z,,CONTINENT_DERIVED_FROM_COORDINATES;INSTITUTION_MATCH_FUZZY;INSTITUTION_COLLECTION_MISMATCH
1656062491,06a00852-f764-4fb8-80d4-ca51f0918459,https://arctos.database.museum/guid/UMNH:Mamm:41195,Animalia,Chordata,Mammalia,Soricomorpha,Soricidae,Sorex,Sorex vagrans,vagrans,SUBSPECIES,"Sorex vagrans vagrans Baird, 1857",Sorex vagrans vagrans,,US,"Snake Range, Great Basin National Park, Baker Creek, 1.2 km N Pyramid Peak",Nevada,PRESENT,,2d6267a0-0561-11d8-b851-b8a03c50a862,38.96058,-114.29488,100,,3043,0,,,8/24/16,24,8,2016,7194092,2436042,PRESERVED_SPECIMEN,UMNH,Mammalogy,UMNH:Mamm:41195,BAK 1220,Brooks A. Kohli,2016-08-24T00:00:00,CC0_1_0,,Collector(s): Brooks A. Kohli,,,2026-05-02T09:09:03.888Z,,CONTINENT_DERIVED_FROM_COORDINATES;INSTITUTION_MATCH_FUZZY;INSTITUTION_COLLECTION_MISMATCH
1656062489,06a00852-f764-4fb8-80d4-ca51f0918459,https://arctos.database.museum/guid/UMNH:Mamm:41190,Animalia,Chordata,Mammalia,Soricomorpha,Soricidae,Sorex,Sorex palustris,,SPECIES,"Sorex navigator (Baird, 1858)",Sorex navigator,,US,"Snake Range, Great Basin National Park, Baker Creek, 1.2 km N Pyramid Peak",Nevada,PRESENT,,2d6267a0-0561-11d8-b851-b8a03c50a862,38.96058,-114.29488,100,,3043,0,,,8/24/16,24,8,2016,12105209,2436006,PRESERVED_SPECIMEN,UMNH,Mammalogy,UMNH:Mamm:41190,Brooks A. Kohli BAK 1218,Katrina M. Derieg,2021-09-27T00:00:00,CC0_1_0,,Collector(s): Brooks A. Kohli,,,2026-05-02T09:09:03.886Z,,CONTINENT_DERIVED_FROM_COORDINATES;INSTITUTION_MATCH_FUZZY;INSTITUTION_COLLECTION_MISMATCH
1656062486,06a00852-f764-4fb8-80d4-ca51f0918459,https://arctos.database.museum/guid/UMNH:Mamm:41194,Animalia,Chordata,Mammalia,Soricomorpha,Soricidae,Sorex,Sorex vagrans,vagrans,SUBSPECIES,"Sorex vagrans vagrans Baird, 1857",Sorex vagrans vagrans,,US,"Snake Range, Great Basin National Park, Baker Creek, 1.2 km N Pyramid Peak",Nevada,PRESENT,,2d6267a0-0561-11d8-b851-b8a03c50a862,38.96058,-114.29488,100,,3043,0,,,8/24/16,24,8,2016,7194092,2436042,PRESERVED_SPECIMEN,UMNH,Mammalogy,UMNH:Mamm:41194,BAK 1219,Brooks A. Kohli,2016-08-24T00:00:00,CC0_1_0,,Collector(s): Brooks A. Kohli,,,2026-05-02T09:09:03.955Z,,CONTINENT_DERIVED_FROM_COORDINATES;INSTITUTION_MATCH_FUZZY;INSTITUTION_COLLECTION_MISMATCH
1656062477,06a00852-f764-4fb8-80d4-ca51f0918459,https://arctos.database.museum/guid/UMNH:Mamm:41192,Animalia,Chordata,Mammalia,Soricomorpha,Soricidae,Sorex,Sorex palustris,,SPECIES,"Sorex navigator (Baird, 1858)",Sorex navigator,,US,"Snake Range, Great Basin National Park, Baker Creek, 1.2 km N Pyramid Peak",Nevada,PRESENT,,2d6267a0-0561-11d8-b851-b8a03c50a862,38.96058,-114.29488,100,,3043,0,,,8/26/16,26,8,2016,12105209,2436006,PRESERVED_SPECIMEN,UMNH,Mammalogy,UMNH:Mamm:41192,Brooks A. Kohli BAK 1240,Katrina M. Derieg,2021-09-27T00:00:00,CC0_1_0,,Collector(s): Brooks A. Kohli,,,2026-05-02T09:09:03.733Z,,CONTINENT_DERIVED_FROM_COORDINATES;INSTITUTION_MATCH_FUZZY;INSTITUTION_COLLECTION_MISMATCH
1656062470,06a00852-f764-4fb8-80d4-ca51f0918459,https://arctos.database.museum/guid/UMNH:Mamm:41197,Animalia,Chordata,Mammalia,Soricomorpha,Soricidae,Sorex,Sorex vagrans,vagrans,SUBSPECIES,"Sorex vagrans vagrans Baird, 1857",Sorex vagrans vagrans,,US,"Snake Range, Great Basin National Park, Baker Creek, 1.2 km N Pyramid Peak",Nevada,PRESENT,,2d6267a0-0561-11d8-b851-b8a03c50a862,38.95847,-114.29528,100,,3062,0,,,8/24/16,24,8,2016,7194092,2436042,PRESERVED_SPECIMEN,UMNH,Mammalogy,UMNH:Mamm:41197,BAK 1224,Brooks A. Kohli,2016-08-24T00:00:00,CC0_1_0,,Collector(s): Brooks A. Kohli,,,2026-05-02T09:09:04.014Z,,CONTINENT_DERIVED_FROM_COORDINATES;INSTITUTION_MATCH_FUZZY;INSTITUTION_COLLECTION_MISMATCH
1656062467,06a00852-f764-4fb8-80d4-ca51f0918459,https://arctos.database.museum/guid/UMNH:Mamm:41203,Animalia,Chordata,Mammalia,Soricomorpha,Soricidae,Sorex,Sorex vagrans,vagrans,SUBSPECIES,"Sorex vagrans vagrans Baird, 1857",Sorex vagrans vagrans,,US,"Snake Range, Great Basin National Park, Baker Creek, 1.2 km N Pyramid Peak",Nevada,PRESENT,,2d6267a0-0561-11d8-b851-b8a03c50a862,38.95847,-114.29528,100,,3062,0,,,8/27/16,27,8,2016,7194092,2436042,PRESERVED_SPECIMEN,UMNH,Mammalogy,UMNH:Mamm:41203,BAK 1253,Brooks A. Kohli,2016-08-27T00:00:00,CC0_1_0,,Collector(s): Brooks A. Kohli,,,2026-05-02T09:09:03.882Z,,CONTINENT_DERIVED_FROM_COORDINATES;INSTITUTION_MATCH_FUZZY;INSTITUTION_COLLECTION_MISMATCH
1656062463,06a00852-f764-4fb8-80d4-ca51f0918459,https://arctos.database.museum/guid/UMNH:Mamm:41193,Animalia,Chordata,Mammalia,Soricomorpha,Soricidae,Sorex,Sorex palustris,,SPECIES,"Sorex navigator (Baird, 1858)",Sorex navigator,,US,"Snake Range, Great Basin National Park, Baker Creek, 1.2 km N Pyramid Peak",Nevada,PRESENT,,2d6267a0-0561-11d8-b851-b8a03c50a862,38.96058,-114.29488,100,,3043,0,,,8/27/16,27,8,2016,12105209,2436006,PRESERVED_SPECIMEN,UMNH,Mammalogy,UMNH:Mamm:41193,Brooks A. Kohli BAK 1261,Katrina M. Derieg,2021-09-27T00:00:00,CC0_1_0,,Collector(s): Brooks A. Kohli,,,2026-05-02T09:09:03.866Z,,CONTINENT_DERIVED_FROM_COORDINATES;INSTITUTION_MATCH_FUZZY;INSTITUTION_COLLECTION_MISMATCH
1656062461,06a00852-f764-4fb8-80d4-ca51f0918459,https://arctos.database.museum/guid/UMNH:Mamm:41191,Animalia,Chordata,Mammalia,Soricomorpha,Soricidae,Sorex,Sorex palustris,,SPECIES,"Sorex navigator (Baird, 1858)",Sorex navigator,,US,"Snake Range, Great Basin National Park, Baker Creek, 1.2 km N Pyramid Peak",Nevada,PRESENT,,2d6267a0-0561-11d8-b851-b8a03c50a862,38.96058,-114.29488,100,,3043,0,,,8/26/16,26,8,2016,12105209,2436006,PRESERVED_SPECIMEN,UMNH,Mammalogy,UMNH:Mamm:41191,Brooks A. Kohli BAK 1239,Katrina M. Derieg,2021-09-27T00:00:00,CC0_1_0,,Collector(s): Brooks A. Kohli,,,2026-05-02T09:09:03.864Z,,CONTINENT_DERIVED_FROM_COORDINATES;INSTITUTION_MATCH_FUZZY;INSTITUTION_COLLECTION_MISMATCH
1656062449,06a00852-f764-4fb8-80d4-ca51f0918459,https://arctos.database.museum/guid/UMNH:Mamm:41196,Animalia,Chordata,Mammalia,Soricomorpha,Soricidae,Sorex,Sorex vagrans,vagrans,SUBSPECIES,"Sorex vagrans vagrans Baird, 1857",Sorex vagrans vagrans,,US,"Snake Range, Great Basin National Park, Baker Creek, 1.2 km N Pyramid Peak",Nevada,PRESENT,,2d6267a0-0561-11d8-b851-b8a03c50a862,38.96058,-114.29488,100,,3043,0,,,8/24/16,24,8,2016,7194092,2436042,PRESERVED_SPECIMEN,UMNH,Mammalogy,UMNH:Mamm:41196,BAK 1221,Brooks A. Kohli,2016-08-24T00:00:00,CC0_1_0,,Collector(s): Brooks A. Kohli,,,2026-05-02T09:09:03.880Z,,CONTINENT_DERIVED_FROM_COORDINATES;INSTITUTION_MATCH_FUZZY;INSTITUTION_COLLECTION_MISMATCH
1656062434,06a00852-f764-4fb8-80d4-ca51f0918459,https://arctos.database.museum/guid/UMNH:Mamm:41198,Animalia,Chordata,Mammalia,Soricomorpha,Soricidae,Sorex,Sorex vagrans,vagrans,SUBSPECIES,"Sorex vagrans vagrans Baird, 1857",Sorex vagrans vagrans,,US,"Snake Range, Great Basin National Park, Baker Creek, 1.2 km N Pyramid Peak",Nevada,PRESENT,,2d6267a0-0561-11d8-b851-b8a03c50a862,38.95847,-114.29528,100,,3062,0,,,8/24/16,24,8,2016,7194092,2436042,PRESERVED_SPECIMEN,UMNH,Mammalogy,UMNH:Mamm:41198,BAK 1225,Brooks A. Kohli,2016-08-24T00:00:00,CC0_1_0,,Collector(s): Brooks A. Kohli,,,2026-05-02T09:09:04.130Z,,CONTINENT_DERIVED_FROM_COORDINATES;INSTITUTION_MATCH_FUZZY;INSTITUTION_COLLECTION_MISMATCH
1656062430,06a00852-f764-4fb8-80d4-ca51f0918459,https://arctos.database.museum/guid/UMNH:Mamm:41199,Animalia,Chordata,Mammalia,Soricomorpha,Soricidae,Sorex,Sorex vagrans,vagrans,SUBSPECIES,"Sorex vagrans vagrans Baird, 1857",Sorex vagrans vagrans,,US,"Snake Range, Great Basin National Park, Baker Creek, 1.2 km N Pyramid Peak",Nevada,PRESENT,,2d6267a0-0561-11d8-b851-b8a03c50a862,38.95847,-114.29528,100,,3062,0,,,8/25/16,25,8,2016,7194092,2436042,PRESERVED_SPECIMEN,UMNH,Mammalogy,UMNH:Mamm:41199,BAK 1235,Brooks A. Kohli,2016-08-25T00:00:00,CC0_1_0,,Collector(s): Brooks A. Kohli,,,2026-05-02T09:09:04.003Z,,CONTINENT_DERIVED_FROM_COORDINATES;INSTITUTION_MATCH_FUZZY;INSTITUTION_COLLECTION_MISMATCH
1656062217,06a00852-f764-4fb8-80d4-ca51f0918459,https://arctos.database.museum/guid/UMNH:Mamm:40903,Animalia,Chordata,Mammalia,Soricomorpha,Soricidae,Sorex,Sorex vagrans,vagrans,SUBSPECIES,"Sorex vagrans vagrans Baird, 1857",Sorex vagrans vagrans,,US,"Snake Range, Great Basin National Park, Strawberry Creek, 4.4 km S, 7.2 km E Osceola",Nevada,PRESENT,,2d6267a0-0561-11d8-b851-b8a03c50a862,39.05482,-114.30404,100,,2416,0,,,6/23/16,23,6,2016,7194092,2436042,PRESERVED_SPECIMEN,UMNH,Mammalogy,UMNH:Mamm:40903,BAK 1206,Brooks A. Kohli,2016-06-23T00:00:00,CC0_1_0,,Collector(s): Brooks A. Kohli,,,2026-05-02T09:09:03.797Z,,CONTINENT_DERIVED_FROM_COORDINATES;INSTITUTION_MATCH_FUZZY;INSTITUTION_COLLECTION_MISMATCH
1656062204,06a00852-f764-4fb8-80d4-ca51f0918459,https://arctos.database.museum/guid/UMNH:Mamm:40902,Animalia,Chordata,Mammalia,Soricomorpha,Soricidae,Sorex,Sorex vagrans,vagrans,SUBSPECIES,"Sorex vagrans vagrans Baird, 1857",Sorex vagrans vagrans,,US,"Snake Range, Great Basin National Park, Strawberry Creek, 4.4 km S, 7.2 km E Osceola",Nevada,PRESENT,,2d6267a0-0561-11d8-b851-b8a03c50a862,39.05482,-114.30404,100,,2416,0,,,6/23/16,23,6,2016,7194092,2436042,PRESERVED_SPECIMEN,UMNH,Mammalogy,UMNH:Mamm:40902,BAK 1205,Brooks A. Kohli,2016-06-23T00:00:00,CC0_1_0,,Collector(s): Brooks A. Kohli,,,2026-05-02T09:09:03.882Z,,CONTINENT_DERIVED_FROM_COORDINATES;INSTITUTION_MATCH_FUZZY;INSTITUTION_COLLECTION_MISMATCH
1656062187,06a00852-f764-4fb8-80d4-ca51f0918459,https://arctos.database.museum/guid/UMNH:Mamm:40880,Animalia,Chordata,Mammalia,Soricomorpha,Soricidae,Sorex,Sorex vagrans,vagrans,SUBSPECIES,"Sorex vagrans vagrans Baird, 1857",Sorex vagrans vagrans,,US,"Snake Range, Baker Creek, 1.6 km S, 6 km W Baker",Nevada,PRESENT,,2d6267a0-0561-11d8-b851-b8a03c50a862,38.99762,-114.19296,100,,1950,0,,,6/5/16,5,6,2016,7194092,2436042,PRESERVED_SPECIMEN,UMNH,Mammalogy,UMNH:Mamm:40880,BAK 999,Brooks A. Kohli,2016-06-05T00:00:00,CC0_1_0,,Collector(s): Brooks A. Kohli,,,2026-05-02T09:09:03.622Z,,CONTINENT_DERIVED_FROM_COORDINATES;INSTITUTION_MATCH_FUZZY;INSTITUTION_COLLECTION_MISMATCH
1656062170,06a00852-f764-4fb8-80d4-ca51f0918459,https://arctos.database.museum/guid/UMNH:Mamm:40899,Animalia,Chordata,Mammalia,Soricomorpha,Soricidae,Sorex,Sorex vagrans,vagrans,SUBSPECIES,"Sorex vagrans vagrans Baird, 1857",Sorex vagrans vagrans,,US,"Snake Range, Great Basin National Park, Strawberry Creek, 4.4 km S, 7.2 km E Osceola",Nevada,PRESENT,,2d6267a0-0561-11d8-b851-b8a03c50a862,39.05482,-114.30404,100,,2416,0,,,6/22/16,22,6,2016,7194092,2436042,PRESERVED_SPECIMEN,UMNH,Mammalogy,UMNH:Mamm:40899,BAK 1193,Brooks A. Kohli,2016-06-22T00:00:00,CC0_1_0,,Collector(s): Brooks A. Kohli,,,2026-05-02T09:09:03.934Z,,CONTINENT_DERIVED_FROM_COORDINATES;INSTITUTION_MATCH_FUZZY;INSTITUTION_COLLECTION_MISMATCH
1656062163,06a00852-f764-4fb8-80d4-ca51f0918459,https://arctos.database.museum/guid/UMNH:Mamm:40890,Animalia,Chordata,Mammalia,Soricomorpha,Soricidae,Sorex,Sorex vagrans,vagrans,SUBSPECIES,"Sorex vagrans vagrans Baird, 1857",Sorex vagrans vagrans,,US,"Snake Range, Willard Creek, 8 km S Osceola",Nevada,PRESENT,,2d6267a0-0561-11d8-b851-b8a03c50a862,39.02821,-114.3808,100,,2138,0,,,6/12/16,12,6,2016,7194092,2436042,PRESERVED_SPECIMEN,UMNH,Mammalogy,UMNH:Mamm:40890,BAK 1066,Brooks A. Kohli,2016-06-12T00:00:00,CC0_1_0,,Collector(s): Brooks A. Kohli,,,2026-05-02T09:09:03.609Z,,CONTINENT_DERIVED_FROM_COORDINATES;INSTITUTION_MATCH_FUZZY;INSTITUTION_COLLECTION_MISMATCH
1656062162,06a00852-f764-4fb8-80d4-ca51f0918459,https://arctos.database.museum/guid/UMNH:Mamm:40879,Animalia,Chordata,Mammalia,Soricomorpha,Soricidae,Sorex,Sorex vagrans,vagrans,SUBSPECIES,"Sorex vagrans vagrans Baird, 1857",Sorex vagrans vagrans,,US,"Snake Range, Baker Creek, 1.6 km S, 6 km W Baker",Nevada,PRESENT,,2d6267a0-0561-11d8-b851-b8a03c50a862,38.99762,-114.19296,100,,1950,0,,,6/5/16,5,6,2016,7194092,2436042,PRESERVED_SPECIMEN,UMNH,Mammalogy,UMNH:Mamm:40879,BAK 998,Brooks A. Kohli,2016-06-05T00:00:00,CC0_1_0,,Collector(s): Brooks A. Kohli,,,2026-05-02T09:09:03.874Z,,CONTINENT_DERIVED_FROM_COORDINATES;INSTITUTION_MATCH_FUZZY;INSTITUTION_COLLECTION_MISMATCH
1656062158,06a00852-f764-4fb8-80d4-ca51f0918459,https://arctos.database.museum/guid/UMNH:Mamm:40897,Animalia,Chordata,Mammalia,Soricomorpha,Soricidae,Sorex,Sorex vagrans,vagrans,SUBSPECIES,"Sorex vagrans vagrans Baird, 1857",Sorex vagrans vagrans,,US,"Snake Range, Great Basin National Park, Strawberry Creek, 4.4 km S, 7.2 km E Osceola",Nevada,PRESENT,,2d6267a0-0561-11d8-b851-b8a03c50a862,39.05482,-114.30404,100,,2416,0,,,6/21/16,21,6,2016,7194092,2436042,PRESERVED_SPECIMEN,UMNH,Mammalogy,UMNH:Mamm:40897,BAK 1176,Brooks A. Kohli,2016-06-21T00:00:00,CC0_1_0,,Collector(s): Brooks A. Kohli,,,2026-05-02T09:09:03.608Z,,CONTINENT_DERIVED_FROM_COORDINATES;INSTITUTION_MATCH_FUZZY;INSTITUTION_COLLECTION_MISMATCH
1656062157,06a00852-f764-4fb8-80d4-ca51f0918459,https://arctos.database.museum/guid/UMNH:Mamm:40893,Animalia,Chordata,Mammalia,Soricomorpha,Soricidae,Sorex,Sorex vagrans,vagrans,SUBSPECIES,"Sorex vagrans vagrans Baird, 1857",Sorex vagrans vagrans,,US,"Snake Range, Great Basin National Park, Snake Creek Canyon, 2.4 km S, 4 km E Pyramid Peak",Nevada,PRESENT,,2d6267a0-0561-11d8-b851-b8a03c50a862,38.93007,-114.25277,100,,2520,0,,,6/16/16,16,6,2016,7194092,2436042,PRESERVED_SPECIMEN,UMNH,Mammalogy,UMNH:Mamm:40893,BAK 1102,Brooks A. Kohli,2016-06-16T00:00:00,CC0_1_0,,Collector(s): Brooks A. Kohli,,,2026-05-02T09:09:03.802Z,,CONTINENT_DERIVED_FROM_COORDINATES;INSTITUTION_MATCH_FUZZY;INSTITUTION_COLLECTION_MISMATCH
1656062151,06a00852-f764-4fb8-80d4-ca51f0918459,https://arctos.database.museum/guid/UMNH:Mamm:40896,Animalia,Chordata,Mammalia,Soricomorpha,Soricidae,Sorex,Sorex vagrans,vagrans,SUBSPECIES,"Sorex vagrans vagrans Baird, 1857",Sorex vagrans vagrans,,US,"Snake Range, Great Basin National Park, Strawberry Creek, 4.4 km S, 7.2 km E Osceola",Nevada,PRESENT,,2d6267a0-0561-11d8-b851-b8a03c50a862,39.05482,-114.30404,100,,2416,0,,,6/20/16,20,6,2016,7194092,2436042,PRESERVED_SPECIMEN,UMNH,Mammalogy,UMNH:Mamm:40896,BAK 1159,Brooks A. Kohli,2016-06-20T00:00:00,CC0_1_0,,Collector(s): Brooks A. Kohli,,,2026-05-02T09:09:04.049Z,,CONTINENT_DERIVED_FROM_COORDINATES;INSTITUTION_MATCH_FUZZY;INSTITUTION_COLLECTION_MISMATCH
1656062149,06a00852-f764-4fb8-80d4-ca51f0918459,https://arctos.database.museum/guid/UMNH:Mamm:40886,Animalia,Chordata,Mammalia,Soricomorpha,Soricidae,Sorex,Sorex vagrans,vagrans,SUBSPECIES,"Sorex vagrans vagrans Baird, 1857",Sorex vagrans vagrans,,US,"Snake Range, Baker Creek, 1.6 km S, 6 km W Baker",Nevada,PRESENT,,2d6267a0-0561-11d8-b851-b8a03c50a862,38.99762,-114.19296,100,,1950,0,,,6/6/16,6,6,2016,7194092,2436042,PRESERVED_SPECIMEN,UMNH,Mammalogy,UMNH:Mamm:40886,BAK 1010,Brooks A. Kohli,2016-06-06T00:00:00,CC0_1_0,,Collector(s): Brooks A. Kohli,,,2026-05-02T09:09:03.763Z,,CONTINENT_DERIVED_FROM_COORDINATES;INSTITUTION_MATCH_FUZZY;INSTITUTION_COLLECTION_MISMATCH
1656062148,06a00852-f764-4fb8-80d4-ca51f0918459,https://arctos.database.museum/guid/UMNH:Mamm:40895,Animalia,Chordata,Mammalia,Soricomorpha,Soricidae,Sorex,Sorex vagrans,vagrans,SUBSPECIES,"Sorex vagrans vagrans Baird, 1857",Sorex vagrans vagrans,,US,"Snake Range, Great Basin National Park, Snake Creek Canyon, 2.4 km S, 4 km E Pyramid Peak",Nevada,PRESENT,,2d6267a0-0561-11d8-b851-b8a03c50a862,38.93007,-114.25277,100,,2520,0,,,6/19/16,19,6,2016,7194092,2436042,PRESERVED_SPECIMEN,UMNH,Mammalogy,UMNH:Mamm:40895,BAK 1154,Brooks A. Kohli,2016-06-19T00:00:00,CC0_1_0,,Collector(s): Brooks A. Kohli,,,2026-05-02T09:09:03.607Z,,CONTINENT_DERIVED_FROM_COORDINATES;INSTITUTION_MATCH_FUZZY;INSTITUTION_COLLECTION_MISMATCH
1656062147,06a00852-f764-4fb8-80d4-ca51f0918459,https://arctos.database.museum/guid/UMNH:Mamm:40888,Animalia,Chordata,Mammalia,Soricomorpha,Soricidae,Sorex,Sorex vagrans,vagrans,SUBSPECIES,"Sorex vagrans vagrans Baird, 1857",Sorex vagrans vagrans,,US,"Snake Range, Willard Creek, 8 km S Osceola",Nevada,PRESENT,,2d6267a0-0561-11d8-b851-b8a03c50a862,39.02821,-114.3808,100,,2138,0,,,6/9/16,9,6,2016,7194092,2436042,PRESERVED_SPECIMEN,UMNH,Mammalogy,UMNH:Mamm:40888,BAK 1039,Brooks A. Kohli,2016-06-09T00:00:00,CC0_1_0,,Collector(s): Brooks A. Kohli,,,2026-05-02T09:09:03.796Z,,CONTINENT_DERIVED_FROM_COORDINATES;INSTITUTION_MATCH_FUZZY;INSTITUTION_COLLECTION_MISMATCH
1656062145,06a00852-f764-4fb8-80d4-ca51f0918459,https://arctos.database.museum/guid/UMNH:Mamm:40900,Animalia,Chordata,Mammalia,Soricomorpha,Soricidae,Sorex,Sorex vagrans,vagrans,SUBSPECIES,"Sorex vagrans vagrans Baird, 1857",Sorex vagrans vagrans,,US,"Snake Range, Great Basin National Park, Strawberry Creek, 4.4 km S, 7.2 km E Osceola",Nevada,PRESENT,,2d6267a0-0561-11d8-b851-b8a03c50a862,39.05482,-114.30404,100,,2416,0,,,6/22/16,22,6,2016,7194092,2436042,PRESERVED_SPECIMEN,UMNH,Mammalogy,UMNH:Mamm:40900,BAK 1203,Brooks A. Kohli,2016-06-22T00:00:00,CC0_1_0,,Collector(s): Brooks A. Kohli,,,2026-05-02T09:09:03.869Z,,CONTINENT_DERIVED_FROM_COORDINATES;INSTITUTION_MATCH_FUZZY;INSTITUTION_COLLECTION_MISMATCH
1656062144,06a00852-f764-4fb8-80d4-ca51f0918459,https://arctos.database.museum/guid/UMNH:Mamm:40905,Animalia,Chordata,Mammalia,Soricomorpha,Soricidae,Sorex,Sorex vagrans,vagrans,SUBSPECIES,"Sorex vagrans vagrans Baird, 1857",Sorex vagrans vagrans,,US,"Snake Range, Great Basin National Park, Strawberry Creek, 4 km S, 8 km E Osceola",Nevada,PRESENT,,2d6267a0-0561-11d8-b851-b8a03c50a862,39.0589,-114.29414,100,,2321,0,,,6/23/16,23,6,2016,7194092,2436042,PRESERVED_SPECIMEN,UMNH,Mammalogy,UMNH:Mamm:40905,BAK 1210,Brooks A. Kohli,2016-06-23T00:00:00,CC0_1_0,,Collector(s): Brooks A. Kohli,,,2026-05-02T09:09:03.761Z,,CONTINENT_DERIVED_FROM_COORDINATES;INSTITUTION_MATCH_FUZZY;INSTITUTION_COLLECTION_MISMATCH
1656062141,06a00852-f764-4fb8-80d4-ca51f0918459,https://arctos.database.museum/guid/UMNH:Mamm:40876,Animalia,Chordata,Mammalia,Soricomorpha,Soricidae,Sorex,Sorex vagrans,vagrans,SUBSPECIES,"Sorex vagrans vagrans Baird, 1857",Sorex vagrans vagrans,,US,"Snake Range, Baker Creek, 1.6 km S, 6 km W Baker",Nevada,PRESENT,,2d6267a0-0561-11d8-b851-b8a03c50a862,38.99762,-114.19296,100,,1950,0,,,6/4/16,4,6,2016,7194092,2436042,PRESERVED_SPECIMEN,UMNH,Mammalogy,UMNH:Mamm:40876,BAK 984,Brooks A. Kohli,2016-06-04T00:00:00,CC0_1_0,,Collector(s): Brooks A. Kohli,,,2026-05-02T09:09:03.760Z,,CONTINENT_DERIVED_FROM_COORDINATES;INSTITUTION_MATCH_FUZZY;INSTITUTION_COLLECTION_MISMATCH
1656062137,06a00852-f764-4fb8-80d4-ca51f0918459,https://arctos.database.museum/guid/UMNH:Mamm:40891,Animalia,Chordata,Mammalia,Soricomorpha,Soricidae,Sorex,Sorex vagrans,vagrans,SUBSPECIES,"Sorex vagrans vagrans Baird, 1857",Sorex vagrans vagrans,,US,"Snake Range, Willard Creek, 8 km S Osceola",Nevada,PRESENT,,2d6267a0-0561-11d8-b851-b8a03c50a862,39.02821,-114.3808,100,,2138,0,,,6/12/16,12,6,2016,7194092,2436042,PRESERVED_SPECIMEN,UMNH,Mammalogy,UMNH:Mamm:40891,BAK 1067,Brooks A. Kohli,2016-06-12T00:00:00,CC0_1_0,,Collector(s): Brooks A. Kohli,,,2026-05-02T09:09:04.045Z,,CONTINENT_DERIVED_FROM_COORDINATES;INSTITUTION_MATCH_FUZZY;INSTITUTION_COLLECTION_MISMATCH
1656062136,06a00852-f764-4fb8-80d4-ca51f0918459,https://arctos.database.museum/guid/UMNH:Mamm:40892,Animalia,Chordata,Mammalia,Soricomorpha,Soricidae,Sorex,Sorex vagrans,vagrans,SUBSPECIES,"Sorex vagrans vagrans Baird, 1857",Sorex vagrans vagrans,,US,"Snake Range, Willard Creek, 8 km S Osceola",Nevada,PRESENT,,2d6267a0-0561-11d8-b851-b8a03c50a862,39.02821,-114.3808,100,,2138,0,,,6/12/16,12,6,2016,7194092,2436042,PRESERVED_SPECIMEN,UMNH,Mammalogy,UMNH:Mamm:40892,BAK 1068,Brooks A. Kohli,2016-06-12T00:00:00,CC0_1_0,,Collector(s): Brooks A. Kohli,,,2026-05-02T09:09:03.758Z,,CONTINENT_DERIVED_FROM_COORDINATES;INSTITUTION_MATCH_FUZZY;INSTITUTION_COLLECTION_MISMATCH
1656062133,06a00852-f764-4fb8-80d4-ca51f0918459,https://arctos.database.museum/guid/UMNH:Mamm:40889,Animalia,Chordata,Mammalia,Soricomorpha,Soricidae,Sorex,Sorex vagrans,vagrans,SUBSPECIES,"Sorex vagrans vagrans Baird, 1857",Sorex vagrans vagrans,,US,"Snake Range, Willard Creek, 8 km S Osceola",Nevada,PRESENT,,2d6267a0-0561-11d8-b851-b8a03c50a862,39.02821,-114.3808,100,,2138,0,,,6/10/16,10,6,2016,7194092,2436042,PRESERVED_SPECIMEN,UMNH,Mammalogy,UMNH:Mamm:40889,BAK 1051,Brooks A. Kohli,2016-06-10T00:00:00,CC0_1_0,,Collector(s): Brooks A. Kohli,,,2026-05-02T09:09:03.598Z,,CONTINENT_DERIVED_FROM_COORDINATES;INSTITUTION_MATCH_FUZZY;INSTITUTION_COLLECTION_MISMATCH
1656062128,06a00852-f764-4fb8-80d4-ca51f0918459,https://arctos.database.museum/guid/UMNH:Mamm:40874,Animalia,Chordata,Mammalia,Soricomorpha,Soricidae,Sorex,Sorex vagrans,vagrans,SUBSPECIES,"Sorex vagrans vagrans Baird, 1857",Sorex vagrans vagrans,,US,"Snake Range, Baker Creek, 1.6 km S, 6 km W Baker",Nevada,PRESENT,,2d6267a0-0561-11d8-b851-b8a03c50a862,38.99762,-114.19296,100,,1950,0,,,6/3/16,3,6,2016,7194092,2436042,PRESERVED_SPECIMEN,UMNH,Mammalogy,UMNH:Mamm:40874,BAK 965,Brooks A. Kohli,2016-06-03T00:00:00,CC0_1_0,,Collector(s): Brooks A. Kohli,,,2026-05-02T09:09:03.792Z,,CONTINENT_DERIVED_FROM_COORDINATES;INSTITUTION_MATCH_FUZZY;INSTITUTION_COLLECTION_MISMATCH
1656062126,06a00852-f764-4fb8-80d4-ca51f0918459,https://arctos.database.museum/guid/UMNH:Mamm:40887,Animalia,Chordata,Mammalia,Soricomorpha,Soricidae,Sorex,Sorex vagrans,vagrans,SUBSPECIES,"Sorex vagrans vagrans Baird, 1857",Sorex vagrans vagrans,,US,"Snake Range, Willard Creek, 8 km S Osceola",Nevada,PRESENT,,2d6267a0-0561-11d8-b851-b8a03c50a862,39.02821,-114.3808,100,,2138,0,,,6/9/16,9,6,2016,7194092,2436042,PRESERVED_SPECIMEN,UMNH,Mammalogy,UMNH:Mamm:40887,BAK 1038,Brooks A. Kohli,2016-06-09T00:00:00,CC0_1_0,,Collector(s): Brooks A. Kohli,,,2026-05-02T09:09:03.756Z,,CONTINENT_DERIVED_FROM_COORDINATES;INSTITUTION_MATCH_FUZZY;INSTITUTION_COLLECTION_MISMATCH
1656062125,06a00852-f764-4fb8-80d4-ca51f0918459,https://arctos.database.museum/guid/UMNH:Mamm:40878,Animalia,Chordata,Mammalia,Soricomorpha,Soricidae,Sorex,Sorex vagrans,vagrans,SUBSPECIES,"Sorex vagrans vagrans Baird, 1857",Sorex vagrans vagrans,,US,"Snake Range, Baker Creek, 1.6 km S, 6 km W Baker",Nevada,PRESENT,,2d6267a0-0561-11d8-b851-b8a03c50a862,38.99762,-114.19296,100,,1950,0,,,6/4/16,4,6,2016,7194092,2436042,PRESERVED_SPECIMEN,UMNH,Mammalogy,UMNH:Mamm:40878,BAK 997,Brooks A. Kohli,2016-06-04T00:00:00,CC0_1_0,,Collector(s): Brooks A. Kohli,,,2026-05-02T09:09:03.850Z,,CONTINENT_DERIVED_FROM_COORDINATES;INSTITUTION_MATCH_FUZZY;INSTITUTION_COLLECTION_MISMATCH
1656062123,06a00852-f764-4fb8-80d4-ca51f0918459,https://arctos.database.museum/guid/UMNH:Mamm:40901,Animalia,Chordata,Mammalia,Soricomorpha,Soricidae,Sorex,Sorex vagrans,vagrans,SUBSPECIES,"Sorex vagrans vagrans Baird, 1857",Sorex vagrans vagrans,,US,"Snake Range, Great Basin National Park, Strawberry Creek, 4.4 km S, 7.2 km E Osceola",Nevada,PRESENT,,2d6267a0-0561-11d8-b851-b8a03c50a862,39.05482,-114.30404,100,,2416,0,,,6/23/16,23,6,2016,7194092,2436042,PRESERVED_SPECIMEN,UMNH,Mammalogy,UMNH:Mamm:40901,BAK 1204,Brooks A. Kohli,2016-06-23T00:00:00,CC0_1_0,,Collector(s): Brooks A. Kohli,,,2026-05-02T09:09:03.595Z,,CONTINENT_DERIVED_FROM_COORDINATES;INSTITUTION_MATCH_FUZZY;INSTITUTION_COLLECTION_MISMATCH
1656062120,06a00852-f764-4fb8-80d4-ca51f0918459,https://arctos.database.museum/guid/UMNH:Mamm:40885,Animalia,Chordata,Mammalia,Soricomorpha,Soricidae,Sorex,Sorex vagrans,vagrans,SUBSPECIES,"Sorex vagrans vagrans Baird, 1857",Sorex vagrans vagrans,,US,"Snake Range, Baker Creek, 1.6 km S, 6 km W Baker",Nevada,PRESENT,,2d6267a0-0561-11d8-b851-b8a03c50a862,38.99762,-114.19296,100,,1950,0,,,6/5/16,5,6,2016,7194092,2436042,PRESERVED_SPECIMEN,UMNH,Mammalogy,UMNH:Mamm:40885,BAK 1005,Brooks A. Kohli,2016-06-05T00:00:00,CC0_1_0,,Collector(s): Brooks A. Kohli,,,2026-05-02T09:09:04.041Z,,CONTINENT_DERIVED_FROM_COORDINATES;INSTITUTION_MATCH_FUZZY;INSTITUTION_COLLECTION_MISMATCH
1656062116,06a00852-f764-4fb8-80d4-ca51f0918459,https://arctos.database.museum/guid/UMNH:Mamm:40877,Animalia,Chordata,Mammalia,Soricomorpha,Soricidae,Sorex,Sorex vagrans,vagrans,SUBSPECIES,"Sorex vagrans vagrans Baird, 1857",Sorex vagrans vagrans,,US,"Snake Range, Baker Creek, 1.6 km S, 6 km W Baker",Nevada,PRESENT,,2d6267a0-0561-11d8-b851-b8a03c50a862,38.99762,-114.19296,100,,1950,0,,,6/4/16,4,6,2016,7194092,2436042,PRESERVED_SPECIMEN,UMNH,Mammalogy,UMNH:Mamm:40877,BAK 996,Brooks A. Kohli,2016-06-04T00:00:00,CC0_1_0,,Collector(s): Brooks A. Kohli,,,2026-05-02T09:09:03.928Z,,CONTINENT_DERIVED_FROM_COORDINATES;INSTITUTION_MATCH_FUZZY;INSTITUTION_COLLECTION_MISMATCH
1656062110,06a00852-f764-4fb8-80d4-ca51f0918459,https://arctos.database.museum/guid/UMNH:Mamm:40881,Animalia,Chordata,Mammalia,Soricomorpha,Soricidae,Sorex,Sorex vagrans,vagrans,SUBSPECIES,"Sorex vagrans vagrans Baird, 1857",Sorex vagrans vagrans,,US,"Snake Range, Baker Creek, 1.6 km S, 6 km W Baker",Nevada,PRESENT,,2d6267a0-0561-11d8-b851-b8a03c50a862,38.99762,-114.19296,100,,1950,0,,,6/5/16,5,6,2016,7194092,2436042,PRESERVED_SPECIMEN,UMNH,Mammalogy,UMNH:Mamm:40881,BAK 1000,Brooks A. Kohli,2016-06-05T00:00:00,CC0_1_0,,Collector(s): Brooks A. Kohli,,,2026-05-02T09:09:03.751Z,,CONTINENT_DERIVED_FROM_COORDINATES;INSTITUTION_MATCH_FUZZY;INSTITUTION_COLLECTION_MISMATCH
1656062109,06a00852-f764-4fb8-80d4-ca51f0918459,https://arctos.database.museum/guid/UMNH:Mamm:40904,Animalia,Chordata,Mammalia,Soricomorpha,Soricidae,Sorex,Sorex vagrans,vagrans,SUBSPECIES,"Sorex vagrans vagrans Baird, 1857",Sorex vagrans vagrans,,US,"Snake Range, Great Basin National Park, Strawberry Creek, 4.4 km S, 7.2 km E Osceola",Nevada,PRESENT,,2d6267a0-0561-11d8-b851-b8a03c50a862,39.05596,-114.30629,100,,2425,0,,,6/23/16,23,6,2016,7194092,2436042,PRESERVED_SPECIMEN,UMNH,Mammalogy,UMNH:Mamm:40904,BAK 1209,Brooks A. Kohli,2016-06-23T00:00:00,CC0_1_0,,Collector(s): Brooks A. Kohli,,,2026-05-02T09:09:03.925Z,,CONTINENT_DERIVED_FROM_COORDINATES;INSTITUTION_MATCH_FUZZY;INSTITUTION_COLLECTION_MISMATCH
1656062106,06a00852-f764-4fb8-80d4-ca51f0918459,https://arctos.database.museum/guid/UMNH:Mamm:40882,Animalia,Chordata,Mammalia,Soricomorpha,Soricidae,Sorex,Sorex vagrans,vagrans,SUBSPECIES,"Sorex vagrans vagrans Baird, 1857",Sorex vagrans vagrans,,US,"Snake Range, Baker Creek, 1.6 km S, 6 km W Baker",Nevada,PRESENT,,2d6267a0-0561-11d8-b851-b8a03c50a862,38.99762,-114.19296,100,,1950,0,,,6/5/16,5,6,2016,7194092,2436042,PRESERVED_SPECIMEN,UMNH,Mammalogy,UMNH:Mamm:40882,BAK 1001,Brooks A. Kohli,2016-06-05T00:00:00,CC0_1_0,,Collector(s): Brooks A. Kohli,,,2026-05-02T09:09:03.924Z,,CONTINENT_DERIVED_FROM_COORDINATES;INSTITUTION_MATCH_FUZZY;INSTITUTION_COLLECTION_MISMATCH
1656062098,06a00852-f764-4fb8-80d4-ca51f0918459,https://arctos.database.museum/guid/UMNH:Mamm:40883,Animalia,Chordata,Mammalia,Soricomorpha,Soricidae,Sorex,Sorex vagrans,vagrans,SUBSPECIES,"Sorex vagrans vagrans Baird, 1857",Sorex vagrans vagrans,,US,"Snake Range, Baker Creek, 1.6 km S, 6 km W Baker",Nevada,PRESENT,,2d6267a0-0561-11d8-b851-b8a03c50a862,38.99762,-114.19296,100,,1950,0,,,6/5/16,5,6,2016,7194092,2436042,PRESERVED_SPECIMEN,UMNH,Mammalogy,UMNH:Mamm:40883,BAK 1002,Brooks A. Kohli,2016-06-05T00:00:00,CC0_1_0,,Collector(s): Brooks A. Kohli,,,2026-05-02T09:09:04.033Z,,CONTINENT_DERIVED_FROM_COORDINATES;INSTITUTION_MATCH_FUZZY;INSTITUTION_COLLECTION_MISMATCH
1656062093,06a00852-f764-4fb8-80d4-ca51f0918459,https://arctos.database.museum/guid/UMNH:Mamm:40894,Animalia,Chordata,Mammalia,Soricomorpha,Soricidae,Sorex,Sorex vagrans,vagrans,SUBSPECIES,"Sorex vagrans vagrans Baird, 1857",Sorex vagrans vagrans,,US,"Snake Range, Great Basin National Park, Snake Creek Canyon, 2.4 km S, 4 km E Pyramid Peak",Nevada,PRESENT,,2d6267a0-0561-11d8-b851-b8a03c50a862,38.93007,-114.25277,100,,2520,0,,,6/18/16,18,6,2016,7194092,2436042,PRESERVED_SPECIMEN,UMNH,Mammalogy,UMNH:Mamm:40894,BAK 1144,Brooks A. Kohli,2016-06-18T00:00:00,CC0_1_0,,Collector(s): Brooks A. Kohli,,,2026-05-02T09:09:03.587Z,,CONTINENT_DERIVED_FROM_COORDINATES;INSTITUTION_MATCH_FUZZY;INSTITUTION_COLLECTION_MISMATCH
1656062092,06a00852-f764-4fb8-80d4-ca51f0918459,https://arctos.database.museum/guid/UMNH:Mamm:40898,Animalia,Chordata,Mammalia,Soricomorpha,Soricidae,Sorex,Sorex vagrans,vagrans,SUBSPECIES,"Sorex vagrans vagrans Baird, 1857",Sorex vagrans vagrans,,US,"Snake Range, Great Basin National Park, Strawberry Creek, 4.4 km S, 7.2 km E Osceola",Nevada,PRESENT,,2d6267a0-0561-11d8-b851-b8a03c50a862,39.05482,-114.30404,100,,2416,0,,,6/22/16,22,6,2016,7194092,2436042,PRESERVED_SPECIMEN,UMNH,Mammalogy,UMNH:Mamm:40898,BAK 1192,Brooks A. Kohli,2016-06-22T00:00:00,CC0_1_0,,Collector(s): Brooks A. Kohli,,,2026-05-02T09:09:03.921Z,,CONTINENT_DERIVED_FROM_COORDINATES;INSTITUTION_MATCH_FUZZY;INSTITUTION_COLLECTION_MISMATCH
1656062087,06a00852-f764-4fb8-80d4-ca51f0918459,https://arctos.database.museum/guid/UMNH:Mamm:40884,Animalia,Chordata,Mammalia,Soricomorpha,Soricidae,Sorex,Sorex vagrans,vagrans,SUBSPECIES,"Sorex vagrans vagrans Baird, 1857",Sorex vagrans vagrans,,US,"Snake Range, Baker Creek, 1.6 km S, 6 km W Baker",Nevada,PRESENT,,2d6267a0-0561-11d8-b851-b8a03c50a862,38.99762,-114.19296,100,,1950,0,,,6/5/16,5,6,2016,7194092,2436042,PRESERVED_SPECIMEN,UMNH,Mammalogy,UMNH:Mamm:40884,BAK 1004,Brooks A. Kohli,2016-06-05T00:00:00,CC0_1_0,,Collector(s): Brooks A. Kohli,,,2026-05-02T09:09:03.785Z,,CONTINENT_DERIVED_FROM_COORDINATES;INSTITUTION_MATCH_FUZZY;INSTITUTION_COLLECTION_MISMATCH
1656062068,06a00852-f764-4fb8-80d4-ca51f0918459,https://arctos.database.museum/guid/UMNH:Mamm:40875,Animalia,Chordata,Mammalia,Soricomorpha,Soricidae,Sorex,Sorex vagrans,vagrans,SUBSPECIES,"Sorex vagrans vagrans Baird, 1857",Sorex vagrans vagrans,,US,"Snake Range, Baker Creek, 1.6 km S, 6 km W Baker",Nevada,PRESENT,,2d6267a0-0561-11d8-b851-b8a03c50a862,38.99762,-114.19296,100,,1950,0,,,6/4/16,4,6,2016,7194092,2436042,PRESERVED_SPECIMEN,UMNH,Mammalogy,UMNH:Mamm:40875,BAK 983,Brooks A. Kohli,2016-06-04T00:00:00,CC0_1_0,,Collector(s): Brooks A. Kohli,,,2026-05-02T09:09:03.577Z,,CONTINENT_DERIVED_FROM_COORDINATES;INSTITUTION_MATCH_FUZZY;INSTITUTION_COLLECTION_MISMATCH
1656061803,06a00852-f764-4fb8-80d4-ca51f0918459,https://arctos.database.museum/guid/UMNH:Mamm:40551,Animalia,Chordata,Mammalia,Soricomorpha,Soricidae,Sorex,Sorex vagrans,vagrans,SUBSPECIES,"Sorex vagrans vagrans Baird, 1857",Sorex vagrans vagrans,,US,"Snake Range, Great Basin National Park, 1.05 km N, 1.30 km W Lehman Caves Visitor Center",Nevada,PRESENT,,2d6267a0-0561-11d8-b851-b8a03c50a862,39.01496,-114.23518,20,,2212,0,,,7/15/14,15,7,2014,7194092,2436042,PRESERVED_SPECIMEN,UMNH,Mammalogy,UMNH:Mamm:40551,EAR 10089,unknown,2016-10-24T00:00:00,CC0_1_0,,Collector(s): Eric A. Rickart,,,2026-05-02T09:09:03.707Z,,CONTINENT_DERIVED_FROM_COORDINATES;INSTITUTION_MATCH_FUZZY;INSTITUTION_COLLECTION_MISMATCH
1656061799,06a00852-f764-4fb8-80d4-ca51f0918459,https://arctos.database.museum/guid/UMNH:Mamm:40555,Animalia,Chordata,Mammalia,Soricomorpha,Soricidae,Sorex,Sorex vagrans,vagrans,SUBSPECIES,"Sorex vagrans vagrans Baird, 1857",Sorex vagrans vagrans,,US,"Snake Range, Great Basin National Park, 1.05 km N, 1.30 km W Lehman Caves Visitor Center",Nevada,PRESENT,,2d6267a0-0561-11d8-b851-b8a03c50a862,39.01496,-114.23518,20,,2212,0,,,7/16/14,16,7,2014,7194092,2436042,PRESERVED_SPECIMEN,UMNH,Mammalogy,UMNH:Mamm:40555,EAR 10093,unknown,2016-10-24T00:00:00,CC0_1_0,,Collector(s): Eric A. Rickart,,,2026-05-02T09:09:03.706Z,,CONTINENT_DERIVED_FROM_COORDINATES;INSTITUTION_MATCH_FUZZY;INSTITUTION_COLLECTION_MISMATCH
1656061744,06a00852-f764-4fb8-80d4-ca51f0918459,https://arctos.database.museum/guid/UMNH:Mamm:40554,Animalia,Chordata,Mammalia,Soricomorpha,Soricidae,Sorex,Sorex vagrans,vagrans,SUBSPECIES,"Sorex vagrans vagrans Baird, 1857",Sorex vagrans vagrans,,US,"Snake Range, Great Basin National Park, 1.05 km N, 1.30 km W Lehman Caves Visitor Center",Nevada,PRESENT,,2d6267a0-0561-11d8-b851-b8a03c50a862,39.01496,-114.23518,20,,2212,0,,,7/16/14,16,7,2014,7194092,2436042,PRESERVED_SPECIMEN,UMNH,Mammalogy,UMNH:Mamm:40554,EAR 10092,unknown,2016-10-24T00:00:00,CC0_1_0,,Collector(s): Eric A. Rickart,,,2026-05-02T09:09:03.510Z,,CONTINENT_DERIVED_FROM_COORDINATES;INSTITUTION_MATCH_FUZZY;INSTITUTION_COLLECTION_MISMATCH
1656061736,06a00852-f764-4fb8-80d4-ca51f0918459,https://arctos.database.museum/guid/UMNH:Mamm:40553,Animalia,Chordata,Mammalia,Soricomorpha,Soricidae,Sorex,Sorex vagrans,vagrans,SUBSPECIES,"Sorex vagrans vagrans Baird, 1857",Sorex vagrans vagrans,,US,"Snake Range, Great Basin National Park, 1.05 km N, 1.30 km W Lehman Caves Visitor Center",Nevada,PRESENT,,2d6267a0-0561-11d8-b851-b8a03c50a862,39.01496,-114.23518,20,,2212,0,,,7/16/14,16,7,2014,7194092,2436042,PRESERVED_SPECIMEN,UMNH,Mammalogy,UMNH:Mamm:40553,EAR 10091,unknown,2016-10-24T00:00:00,CC0_1_0,,Collector(s): Eric A. Rickart,,,2026-05-02T09:09:03.737Z,,CONTINENT_DERIVED_FROM_COORDINATES;INSTITUTION_MATCH_FUZZY;INSTITUTION_COLLECTION_MISMATCH
1656061713,06a00852-f764-4fb8-80d4-ca51f0918459,https://arctos.database.museum/guid/UMNH:Mamm:40552,Animalia,Chordata,Mammalia,Soricomorpha,Soricidae,Sorex,Sorex vagrans,vagrans,SUBSPECIES,"Sorex vagrans vagrans Baird, 1857",Sorex vagrans vagrans,,US,"Snake Range, Great Basin National Park, 1.05 km N, 1.30 km W Lehman Caves Visitor Center",Nevada,PRESENT,,2d6267a0-0561-11d8-b851-b8a03c50a862,39.01496,-114.23518,20,,2212,0,,,7/16/14,16,7,2014,7194092,2436042,PRESERVED_SPECIMEN,UMNH,Mammalogy,UMNH:Mamm:40552,EAR 10090,unknown,2016-10-24T00:00:00,CC0_1_0,,Collector(s): Eric A. Rickart,,,2026-05-02T09:09:03.730Z,,CONTINENT_DERIVED_FROM_COORDINATES;INSTITUTION_MATCH_FUZZY;INSTITUTION_COLLECTION_MISMATCH
1656061037,06a00852-f764-4fb8-80d4-ca51f0918459,https://arctos.database.museum/guid/UMNH:Mamm:39833,Animalia,Chordata,Mammalia,Soricomorpha,Soricidae,Sorex,Sorex vagrans,vagrans,SUBSPECIES,"Sorex vagrans vagrans Baird, 1857",Sorex vagrans vagrans,,US,"Snake Range, Great Basin National Park, 0.30 km S, 0.40 km W confluence of main and south forks of Baker Creek",Nevada,PRESENT,,2d6267a0-0561-11d8-b851-b8a03c50a862,38.97264,-114.25201,100,,2515,0,,,8/16/15,16,8,2015,7194092,2436042,PRESERVED_SPECIMEN,UMNH,Mammalogy,UMNH:Mamm:39833,BAK 626,unknown,2016-10-24T00:00:00,CC0_1_0,,Collector(s): Brooks A. Kohli,,,2026-05-02T09:09:03.552Z,,CONTINENT_DERIVED_FROM_COORDINATES;INSTITUTION_MATCH_FUZZY;INSTITUTION_COLLECTION_MISMATCH
1656061005,06a00852-f764-4fb8-80d4-ca51f0918459,https://arctos.database.museum/guid/UMNH:Mamm:39838,Animalia,Chordata,Mammalia,Soricomorpha,Soricidae,Sorex,Sorex vagrans,vagrans,SUBSPECIES,"Sorex vagrans vagrans Baird, 1857",Sorex vagrans vagrans,,US,"Snake Range, Great Basin National Park, 0.65 km N, 0.45 km E outlet of Stella Lake",Nevada,PRESENT,,2d6267a0-0561-11d8-b851-b8a03c50a862,39.01174,-114.31362,100,,3146,0,,,8/21/15,21,8,2015,7194092,2436042,PRESERVED_SPECIMEN,UMNH,Mammalogy,UMNH:Mamm:39838,BAK 760,unknown,2016-10-24T00:00:00,CC0_1_0,,Collector(s): Brooks A. Kohli,,,2026-05-02T09:09:03.521Z,,CONTINENT_DERIVED_FROM_COORDINATES;INSTITUTION_MATCH_FUZZY;INSTITUTION_COLLECTION_MISMATCH
1656061000,06a00852-f764-4fb8-80d4-ca51f0918459,https://arctos.database.museum/guid/UMNH:Mamm:39830,Animalia,Chordata,Mammalia,Soricomorpha,Soricidae,Sorex,Sorex vagrans,vagrans,SUBSPECIES,"Sorex vagrans vagrans Baird, 1857",Sorex vagrans vagrans,,US,"Snake Range, Great Basin National Park, 0.30 km S, 0.40 km W confluence of main and south forks of Baker Creek",Nevada,PRESENT,,2d6267a0-0561-11d8-b851-b8a03c50a862,38.97264,-114.25201,100,,2515,0,,,8/16/15,16,8,2015,7194092,2436042,PRESERVED_SPECIMEN,UMNH,Mammalogy,UMNH:Mamm:39830,BAK 623,unknown,2016-10-24T00:00:00,CC0_1_0,,Collector(s): Brooks A. Kohli,,,2026-05-02T09:09:03.124Z,,CONTINENT_DERIVED_FROM_COORDINATES;INSTITUTION_MATCH_FUZZY;INSTITUTION_COLLECTION_MISMATCH
1656060992,06a00852-f764-4fb8-80d4-ca51f0918459,https://arctos.database.museum/guid/UMNH:Mamm:39836,Animalia,Chordata,Mammalia,Soricomorpha,Soricidae,Sorex,Sorex vagrans,vagrans,SUBSPECIES,"Sorex vagrans vagrans Baird, 1857",Sorex vagrans vagrans,,US,"Snake Range, Great Basin National Park, 0.65 km N, 0.45 km E outlet of Stella Lake",Nevada,PRESENT,,2d6267a0-0561-11d8-b851-b8a03c50a862,39.01174,-114.31362,100,,3146,0,,,8/20/15,20,8,2015,7194092,2436042,PRESERVED_SPECIMEN,UMNH,Mammalogy,UMNH:Mamm:39836,BAK 732,unknown,2016-10-24T00:00:00,CC0_1_0,,Collector(s): Brooks A. Kohli,,,2026-05-02T09:09:03.719Z,,CONTINENT_DERIVED_FROM_COORDINATES;INSTITUTION_MATCH_FUZZY;INSTITUTION_COLLECTION_MISMATCH
1656060975,06a00852-f764-4fb8-80d4-ca51f0918459,https://arctos.database.museum/guid/UMNH:Mamm:39837,Animalia,Chordata,Mammalia,Soricomorpha,Soricidae,Sorex,Sorex vagrans,vagrans,SUBSPECIES,"Sorex vagrans vagrans Baird, 1857",Sorex vagrans vagrans,,US,"Snake Range, Great Basin National Park, 0.65 km N, 0.45 km E outlet of Stella Lake",Nevada,PRESENT,,2d6267a0-0561-11d8-b851-b8a03c50a862,39.01174,-114.31362,100,,3146,0,,,8/21/15,21,8,2015,7194092,2436042,PRESERVED_SPECIMEN,UMNH,Mammalogy,UMNH:Mamm:39837,BAK 759,unknown,2016-10-24T00:00:00,CC0_1_0,,Collector(s): Brooks A. Kohli,,,2026-05-02T09:09:03.456Z,,CONTINENT_DERIVED_FROM_COORDINATES;INSTITUTION_MATCH_FUZZY;INSTITUTION_COLLECTION_MISMATCH
1656060973,06a00852-f764-4fb8-80d4-ca51f0918459,https://arctos.database.museum/guid/UMNH:Mamm:39826,Animalia,Chordata,Mammalia,Soricomorpha,Soricidae,Sorex,Sorex vagrans,vagrans,SUBSPECIES,"Sorex vagrans vagrans Baird, 1857",Sorex vagrans vagrans,,US,"Snake Range, Great Basin National Park, 0.30 km S, 0.40 km W confluence of main and south forks of Baker Creek",Nevada,PRESENT,,2d6267a0-0561-11d8-b851-b8a03c50a862,38.97264,-114.25201,100,,2515,0,,,8/14/15,14,8,2015,7194092,2436042,PRESERVED_SPECIMEN,UMNH,Mammalogy,UMNH:Mamm:39826,BAK 585,unknown,2016-10-24T00:00:00,CC0_1_0,,Collector(s): Brooks A. Kohli,,,2026-05-02T09:09:03.454Z,,CONTINENT_DERIVED_FROM_COORDINATES;INSTITUTION_MATCH_FUZZY;INSTITUTION_COLLECTION_MISMATCH
1656060970,06a00852-f764-4fb8-80d4-ca51f0918459,https://arctos.database.museum/guid/UMNH:Mamm:39829,Animalia,Chordata,Mammalia,Soricomorpha,Soricidae,Sorex,Sorex vagrans,vagrans,SUBSPECIES,"Sorex vagrans vagrans Baird, 1857",Sorex vagrans vagrans,,US,"Snake Range, Great Basin National Park, 0.30 km S, 0.40 km W confluence of main and south forks of Baker Creek",Nevada,PRESENT,,2d6267a0-0561-11d8-b851-b8a03c50a862,38.97264,-114.25201,100,,2515,0,,,8/15/15,15,8,2015,7194092,2436042,PRESERVED_SPECIMEN,UMNH,Mammalogy,UMNH:Mamm:39829,BAK 588,unknown,2016-10-24T00:00:00,CC0_1_0,,Collector(s): Brooks A. Kohli,,,2026-05-02T09:09:03.503Z,,CONTINENT_DERIVED_FROM_COORDINATES;INSTITUTION_MATCH_FUZZY;INSTITUTION_COLLECTION_MISMATCH
1656060965,06a00852-f764-4fb8-80d4-ca51f0918459,https://arctos.database.museum/guid/UMNH:Mamm:39825,Animalia,Chordata,Mammalia,Soricomorpha,Soricidae,Sorex,Sorex vagrans,vagrans,SUBSPECIES,"Sorex vagrans vagrans Baird, 1857",Sorex vagrans vagrans,,US,"Snake Range, Great Basin National Park, 0.30 km S, 0.40 km W confluence of main and south forks of Baker Creek",Nevada,PRESENT,,2d6267a0-0561-11d8-b851-b8a03c50a862,38.97264,-114.25201,100,,2515,0,,,8/14/15,14,8,2015,7194092,2436042,PRESERVED_SPECIMEN,UMNH,Mammalogy,UMNH:Mamm:39825,BAK 584,unknown,2016-10-24T00:00:00,CC0_1_0,,Collector(s): Brooks A. Kohli,,,2026-05-02T09:09:03.453Z,,CONTINENT_DERIVED_FROM_COORDINATES;INSTITUTION_MATCH_FUZZY;INSTITUTION_COLLECTION_MISMATCH
1656060962,06a00852-f764-4fb8-80d4-ca51f0918459,https://arctos.database.museum/guid/UMNH:Mamm:39832,Animalia,Chordata,Mammalia,Soricomorpha,Soricidae,Sorex,Sorex vagrans,vagrans,SUBSPECIES,"Sorex vagrans vagrans Baird, 1857",Sorex vagrans vagrans,,US,"Snake Range, Great Basin National Park, 0.30 km S, 0.40 km W confluence of main and south forks of Baker Creek",Nevada,PRESENT,,2d6267a0-0561-11d8-b851-b8a03c50a862,38.97264,-114.25201,100,,2515,0,,,8/16/15,16,8,2015,7194092,2436042,PRESERVED_SPECIMEN,UMNH,Mammalogy,UMNH:Mamm:39832,BAK 625,unknown,2016-10-24T00:00:00,CC0_1_0,,Collector(s): Brooks A. Kohli,,,2026-05-02T09:09:03.510Z,,CONTINENT_DERIVED_FROM_COORDINATES;INSTITUTION_MATCH_FUZZY;INSTITUTION_COLLECTION_MISMATCH
1656060958,06a00852-f764-4fb8-80d4-ca51f0918459,https://arctos.database.museum/guid/UMNH:Mamm:39821,Animalia,Chordata,Mammalia,Soricomorpha,Soricidae,Sorex,Sorex vagrans,vagrans,SUBSPECIES,"Sorex vagrans vagrans Baird, 1857",Sorex vagrans vagrans,,US,"Snake Range, Great Basin National Park, 0.30 km S, 0.40 km W confluence of main and south forks of Baker Creek",Nevada,PRESENT,,2d6267a0-0561-11d8-b851-b8a03c50a862,38.97264,-114.25201,100,,2515,0,,,8/14/15,14,8,2015,7194092,2436042,PRESERVED_SPECIMEN,UMNH,Mammalogy,UMNH:Mamm:39821,BAK 563,unknown,2016-10-24T00:00:00,CC0_1_0,,Collector(s): Brooks A. Kohli,,,2026-05-02T09:09:03.508Z,,CONTINENT_DERIVED_FROM_COORDINATES;INSTITUTION_MATCH_FUZZY;INSTITUTION_COLLECTION_MISMATCH
1656060954,06a00852-f764-4fb8-80d4-ca51f0918459,https://arctos.database.museum/guid/UMNH:Mamm:39820,Animalia,Chordata,Mammalia,Soricomorpha,Soricidae,Sorex,Sorex vagrans,vagrans,SUBSPECIES,"Sorex vagrans vagrans Baird, 1857",Sorex vagrans vagrans,,US,"Snake Range, Great Basin National Park, 0.30 km S, 0.40 km W confluence of main and south forks of Baker Creek",Nevada,PRESENT,,2d6267a0-0561-11d8-b851-b8a03c50a862,38.97264,-114.25201,100,,2515,0,,,8/14/15,14,8,2015,7194092,2436042,PRESERVED_SPECIMEN,UMNH,Mammalogy,UMNH:Mamm:39820,BAK 562,unknown,2016-10-24T00:00:00,CC0_1_0,,Collector(s): Brooks A. Kohli,,,2026-05-02T09:09:03.452Z,,CONTINENT_DERIVED_FROM_COORDINATES;INSTITUTION_MATCH_FUZZY;INSTITUTION_COLLECTION_MISMATCH
1656060952,06a00852-f764-4fb8-80d4-ca51f0918459,https://arctos.database.museum/guid/UMNH:Mamm:39828,Animalia,Chordata,Mammalia,Soricomorpha,Soricidae,Sorex,Sorex vagrans,vagrans,SUBSPECIES,"Sorex vagrans vagrans Baird, 1857",Sorex vagrans vagrans,,US,"Snake Range, Great Basin National Park, 0.30 km S, 0.40 km W confluence of main and south forks of Baker Creek",Nevada,PRESENT,,2d6267a0-0561-11d8-b851-b8a03c50a862,38.97264,-114.25201,100,,2515,0,,,8/15/15,15,8,2015,7194092,2436042,PRESERVED_SPECIMEN,UMNH,Mammalogy,UMNH:Mamm:39828,BAK 587,unknown,2016-10-24T00:00:00,CC0_1_0,,Collector(s): Brooks A. Kohli,,,2026-05-02T09:09:03.498Z,,CONTINENT_DERIVED_FROM_COORDINATES;INSTITUTION_MATCH_FUZZY;INSTITUTION_COLLECTION_MISMATCH
1656060951,06a00852-f764-4fb8-80d4-ca51f0918459,https://arctos.database.museum/guid/UMNH:Mamm:39827,Animalia,Chordata,Mammalia,Soricomorpha,Soricidae,Sorex,Sorex vagrans,vagrans,SUBSPECIES,"Sorex vagrans vagrans Baird, 1857",Sorex vagrans vagrans,,US,"Snake Range, Great Basin National Park, 0.30 km S, 0.40 km W confluence of main and south forks of Baker Creek",Nevada,PRESENT,,2d6267a0-0561-11d8-b851-b8a03c50a862,38.97264,-114.25201,100,,2515,0,,,8/14/15,14,8,2015,7194092,2436042,PRESERVED_SPECIMEN,UMNH,Mammalogy,UMNH:Mamm:39827,BAK 586,unknown,2016-10-24T00:00:00,CC0_1_0,,Collector(s): Brooks A. Kohli,,,2026-05-02T09:09:03.505Z,,CONTINENT_DERIVED_FROM_COORDINATES;INSTITUTION_MATCH_FUZZY;INSTITUTION_COLLECTION_MISMATCH
1656060945,06a00852-f764-4fb8-80d4-ca51f0918459,https://arctos.database.museum/guid/UMNH:Mamm:39834,Animalia,Chordata,Mammalia,Soricomorpha,Soricidae,Sorex,Sorex vagrans,vagrans,SUBSPECIES,"Sorex vagrans vagrans Baird, 1857",Sorex vagrans vagrans,,US,"Snake Range, Great Basin National Park, 0.65 km N, 0.45 km E outlet of Stella Lake",Nevada,PRESENT,,2d6267a0-0561-11d8-b851-b8a03c50a862,39.01174,-114.31362,100,,3146,0,,,8/19/15,19,8,2015,7194092,2436042,PRESERVED_SPECIMEN,UMNH,Mammalogy,UMNH:Mamm:39834,BAK 692,unknown,2016-10-24T00:00:00,CC0_1_0,,Collector(s): Brooks A. Kohli,,,2026-05-02T09:09:03.504Z,,CONTINENT_DERIVED_FROM_COORDINATES;INSTITUTION_MATCH_FUZZY;INSTITUTION_COLLECTION_MISMATCH
1656060944,06a00852-f764-4fb8-80d4-ca51f0918459,https://arctos.database.museum/guid/UMNH:Mamm:39831,Animalia,Chordata,Mammalia,Soricomorpha,Soricidae,Sorex,Sorex vagrans,vagrans,SUBSPECIES,"Sorex vagrans vagrans Baird, 1857",Sorex vagrans vagrans,,US,"Snake Range, Great Basin National Park, 0.30 km S, 0.40 km W confluence of main and south forks of Baker Creek",Nevada,PRESENT,,2d6267a0-0561-11d8-b851-b8a03c50a862,38.97264,-114.25201,100,,2515,0,,,8/16/15,16,8,2015,7194092,2436042,PRESERVED_SPECIMEN,UMNH,Mammalogy,UMNH:Mamm:39831,BAK 624,unknown,2016-10-24T00:00:00,CC0_1_0,,Collector(s): Brooks A. Kohli,,,2026-05-02T09:09:03.712Z,,CONTINENT_DERIVED_FROM_COORDINATES;INSTITUTION_MATCH_FUZZY;INSTITUTION_COLLECTION_MISMATCH
1656060940,06a00852-f764-4fb8-80d4-ca51f0918459,https://arctos.database.museum/guid/UMNH:Mamm:39819,Animalia,Chordata,Mammalia,Soricomorpha,Soricidae,Sorex,Sorex vagrans,vagrans,SUBSPECIES,"Sorex vagrans vagrans Baird, 1857",Sorex vagrans vagrans,,US,"Snake Range, Great Basin National Park, 0.30 km S, 0.40 km W confluence of main and south forks of Baker Creek",Nevada,PRESENT,,2d6267a0-0561-11d8-b851-b8a03c50a862,38.97264,-114.25201,100,,2515,0,,,8/13/15,13,8,2015,7194092,2436042,PRESERVED_SPECIMEN,UMNH,Mammalogy,UMNH:Mamm:39819,BAK 530,unknown,2016-10-24T00:00:00,CC0_1_0,,Collector(s): Brooks A. Kohli,,,2026-05-02T09:09:03.502Z,,CONTINENT_DERIVED_FROM_COORDINATES;INSTITUTION_MATCH_FUZZY;INSTITUTION_COLLECTION_MISMATCH
1656060934,06a00852-f764-4fb8-80d4-ca51f0918459,https://arctos.database.museum/guid/UMNH:Mamm:39823,Animalia,Chordata,Mammalia,Soricomorpha,Soricidae,Sorex,Sorex vagrans,vagrans,SUBSPECIES,"Sorex vagrans vagrans Baird, 1857",Sorex vagrans vagrans,,US,"Snake Range, Great Basin National Park, 0.30 km S, 0.40 km W confluence of main and south forks of Baker Creek",Nevada,PRESENT,,2d6267a0-0561-11d8-b851-b8a03c50a862,38.97264,-114.25201,100,,2515,0,,,8/14/15,14,8,2015,7194092,2436042,PRESERVED_SPECIMEN,UMNH,Mammalogy,UMNH:Mamm:39823,BAK 565,unknown,2016-10-24T00:00:00,CC0_1_0,,Collector(s): Brooks A. Kohli,,,2026-05-02T09:09:03.708Z,,CONTINENT_DERIVED_FROM_COORDINATES;INSTITUTION_MATCH_FUZZY;INSTITUTION_COLLECTION_MISMATCH
1656060933,06a00852-f764-4fb8-80d4-ca51f0918459,https://arctos.database.museum/guid/UMNH:Mamm:39835,Animalia,Chordata,Mammalia,Soricomorpha,Soricidae,Sorex,Sorex vagrans,vagrans,SUBSPECIES,"Sorex vagrans vagrans Baird, 1857",Sorex vagrans vagrans,,US,"Snake Range, Great Basin National Park, 0.65 km N, 0.45 km E outlet of Stella Lake",Nevada,PRESENT,,2d6267a0-0561-11d8-b851-b8a03c50a862,39.01174,-114.31362,100,,3146,0,,,8/19/15,19,8,2015,7194092,2436042,PRESERVED_SPECIMEN,UMNH,Mammalogy,UMNH:Mamm:39835,BAK 731,unknown,2016-10-24T00:00:00,CC0_1_0,,Collector(s): Brooks A. Kohli,,,2026-05-02T09:09:03.490Z,,CONTINENT_DERIVED_FROM_COORDINATES;INSTITUTION_MATCH_FUZZY;INSTITUTION_COLLECTION_MISMATCH
1656060925,06a00852-f764-4fb8-80d4-ca51f0918459,https://arctos.database.museum/guid/UMNH:Mamm:39824,Animalia,Chordata,Mammalia,Soricomorpha,Soricidae,Sorex,Sorex vagrans,vagrans,SUBSPECIES,"Sorex vagrans vagrans Baird, 1857",Sorex vagrans vagrans,,US,"Snake Range, Great Basin National Park, 0.30 km S, 0.40 km W confluence of main and south forks of Baker Creek",Nevada,PRESENT,,2d6267a0-0561-11d8-b851-b8a03c50a862,38.97264,-114.25201,100,,2515,0,,,8/14/15,14,8,2015,7194092,2436042,PRESERVED_SPECIMEN,UMNH,Mammalogy,UMNH:Mamm:39824,BAK 566,unknown,2016-10-24T00:00:00,CC0_1_0,,Collector(s): Brooks A. Kohli,,,2026-05-02T09:09:03.707Z,,CONTINENT_DERIVED_FROM_COORDINATES;INSTITUTION_MATCH_FUZZY;INSTITUTION_COLLECTION_MISMATCH
1656060912,06a00852-f764-4fb8-80d4-ca51f0918459,https://arctos.database.museum/guid/UMNH:Mamm:39822,Animalia,Chordata,Mammalia,Soricomorpha,Soricidae,Sorex,Sorex vagrans,vagrans,SUBSPECIES,"Sorex vagrans vagrans Baird, 1857",Sorex vagrans vagrans,,US,"Snake Range, Great Basin National Park, 0.30 km S, 0.40 km W confluence of main and south forks of Baker Creek",Nevada,PRESENT,,2d6267a0-0561-11d8-b851-b8a03c50a862,38.97264,-114.25201,100,,2515,0,,,8/14/15,14,8,2015,7194092,2436042,PRESERVED_SPECIMEN,UMNH,Mammalogy,UMNH:Mamm:39822,BAK 564,unknown,2016-10-24T00:00:00,CC0_1_0,,Collector(s): Brooks A. Kohli,,,2026-05-02T09:09:03.484Z,,CONTINENT_DERIVED_FROM_COORDINATES;INSTITUTION_MATCH_FUZZY;INSTITUTION_COLLECTION_MISMATCH
1656060550,06a00852-f764-4fb8-80d4-ca51f0918459,https://arctos.database.museum/guid/UMNH:Mamm:39450,Animalia,Chordata,Mammalia,Soricomorpha,Soricidae,Sorex,Sorex vagrans,vagrans,SUBSPECIES,"Sorex vagrans vagrans Baird, 1857",Sorex vagrans vagrans,,US,"Snake Range, Great Basin National Park, Wheeler Peak campground",Nevada,PRESENT,,2d6267a0-0561-11d8-b851-b8a03c50a862,39.01101,-114.30127,100,,2998,0,,,8/24/15,24,8,2015,7194092,2436042,PRESERVED_SPECIMEN,UMNH,Mammalogy,UMNH:Mamm:39450,EAR 9862,unknown,2016-10-24T00:00:00,CC0_1_0,,Collector(s): Eric A. Rickart,,,2026-05-02T09:09:03.362Z,,CONTINENT_DERIVED_FROM_COORDINATES;INSTITUTION_MATCH_FUZZY;INSTITUTION_COLLECTION_MISMATCH
1656059724,06a00852-f764-4fb8-80d4-ca51f0918459,https://arctos.database.museum/guid/UMNH:Mamm:38691,Animalia,Chordata,Mammalia,Soricomorpha,Soricidae,Sorex,Sorex vagrans,vagrans,SUBSPECIES,"Sorex vagrans vagrans Baird, 1857",Sorex vagrans vagrans,,US,"Snake Range, Great Basin National Park, Lehman Creek Canyon",Nevada,PRESENT,,2d6267a0-0561-11d8-b851-b8a03c50a862,39.01267,-114.25832,20,,2428,0,,,7/25/15,25,7,2015,7194092,2436042,PRESERVED_SPECIMEN,UMNH,Mammalogy,UMNH:Mamm:38691,BAK 358,unknown,2016-10-24T00:00:00,CC0_1_0,,Collector(s): Brooks A. Kohli,,,2026-05-02T09:09:03.213Z,,CONTINENT_DERIVED_FROM_COORDINATES;INSTITUTION_MATCH_FUZZY;INSTITUTION_COLLECTION_MISMATCH
1656059708,06a00852-f764-4fb8-80d4-ca51f0918459,https://arctos.database.museum/guid/UMNH:Mamm:38693,Animalia,Chordata,Mammalia,Soricomorpha,Soricidae,Sorex,Sorex vagrans,vagrans,SUBSPECIES,"Sorex vagrans vagrans Baird, 1857",Sorex vagrans vagrans,,US,"Snake Range, Great Basin National Park, Lehman Creek Canyon",Nevada,PRESENT,,2d6267a0-0561-11d8-b851-b8a03c50a862,39.01267,-114.25832,20,,2428,0,,,7/27/15,27,7,2015,7194092,2436042,PRESERVED_SPECIMEN,UMNH,Mammalogy,UMNH:Mamm:38693,BAK 450,unknown,2016-10-24T00:00:00,CC0_1_0,,Collector(s): Brooks A. Kohli,,,2026-05-02T09:09:03.198Z,,CONTINENT_DERIVED_FROM_COORDINATES;INSTITUTION_MATCH_FUZZY;INSTITUTION_COLLECTION_MISMATCH
1656059705,06a00852-f764-4fb8-80d4-ca51f0918459,https://arctos.database.museum/guid/UMNH:Mamm:38690,Animalia,Chordata,Mammalia,Soricomorpha,Soricidae,Sorex,Sorex palustris,,SPECIES,"Sorex navigator (Baird, 1858)",Sorex navigator,,US,"Snake Range, Great Basin National Park, Lehman Creek Canyon",Nevada,PRESENT,,2d6267a0-0561-11d8-b851-b8a03c50a862,39.01267,-114.25832,20,,2428,0,,,7/28/15,28,7,2015,12105209,2436006,PRESERVED_SPECIMEN,UMNH,Mammalogy,UMNH:Mamm:38690,Brooks A. Kohli BAK 469,Katrina M. Derieg,2021-09-27T00:00:00,CC0_1_0,,Collector(s): Brooks A. Kohli,,,2026-05-02T09:09:03.197Z,,CONTINENT_DERIVED_FROM_COORDINATES;INSTITUTION_MATCH_FUZZY;INSTITUTION_COLLECTION_MISMATCH
1656059691,06a00852-f764-4fb8-80d4-ca51f0918459,https://arctos.database.museum/guid/UMNH:Mamm:38692,Animalia,Chordata,Mammalia,Soricomorpha,Soricidae,Sorex,Sorex vagrans,vagrans,SUBSPECIES,"Sorex vagrans vagrans Baird, 1857",Sorex vagrans vagrans,,US,"Snake Range, Great Basin National Park, Lehman Creek Canyon",Nevada,PRESENT,,2d6267a0-0561-11d8-b851-b8a03c50a862,39.01267,-114.25832,20,,2428,0,,,7/25/15,25,7,2015,7194092,2436042,PRESERVED_SPECIMEN,UMNH,Mammalogy,UMNH:Mamm:38692,BAK 359,unknown,2016-10-24T00:00:00,CC0_1_0,,Collector(s): Brooks A. Kohli,,,2026-05-02T09:09:03.193Z,,CONTINENT_DERIVED_FROM_COORDINATES;INSTITUTION_MATCH_FUZZY;INSTITUTION_COLLECTION_MISMATCH
1656059689,06a00852-f764-4fb8-80d4-ca51f0918459,https://arctos.database.museum/guid/UMNH:Mamm:38689,Animalia,Chordata,Mammalia,Soricomorpha,Soricidae,Sorex,Sorex palustris,,SPECIES,"Sorex navigator (Baird, 1858)",Sorex navigator,,US,"Snake Range, Great Basin National Park, Lehman Creek Canyon",Nevada,PRESENT,,2d6267a0-0561-11d8-b851-b8a03c50a862,39.01267,-114.25832,20,,2428,0,,,7/25/15,25,7,2015,12105209,2436006,PRESERVED_SPECIMEN,UMNH,Mammalogy,UMNH:Mamm:38689,Brooks A. Kohli BAK 357,Katrina M. Derieg,2021-09-27T00:00:00,CC0_1_0,,Collector(s): Brooks A. Kohli,,,2026-05-02T09:09:02.773Z,,CONTINENT_DERIVED_FROM_COORDINATES;INSTITUTION_MATCH_FUZZY;INSTITUTION_COLLECTION_MISMATCH
1656059686,06a00852-f764-4fb8-80d4-ca51f0918459,https://arctos.database.museum/guid/UMNH:Mamm:38697,Animalia,Chordata,Mammalia,Soricomorpha,Soricidae,Sorex,Sorex vagrans,vagrans,SUBSPECIES,"Sorex vagrans vagrans Baird, 1857",Sorex vagrans vagrans,,US,"Snake Range, Great Basin National Park, Lehman Creek Canyon",Nevada,PRESENT,,2d6267a0-0561-11d8-b851-b8a03c50a862,39.01251,-114.25932,20,,2414,0,,,7/28/15,28,7,2015,7194092,2436042,PRESERVED_SPECIMEN,UMNH,Mammalogy,UMNH:Mamm:38697,BAK 476,unknown,2016-10-24T00:00:00,CC0_1_0,,Collector(s): Brooks A. Kohli,,,2026-05-02T09:09:03.160Z,,CONTINENT_DERIVED_FROM_COORDINATES;INSTITUTION_MATCH_FUZZY;INSTITUTION_COLLECTION_MISMATCH
1656059680,06a00852-f764-4fb8-80d4-ca51f0918459,https://arctos.database.museum/guid/UMNH:Mamm:38696,Animalia,Chordata,Mammalia,Soricomorpha,Soricidae,Sorex,Sorex vagrans,vagrans,SUBSPECIES,"Sorex vagrans vagrans Baird, 1857",Sorex vagrans vagrans,,US,"Snake Range, Great Basin National Park, Lehman Creek Canyon",Nevada,PRESENT,,2d6267a0-0561-11d8-b851-b8a03c50a862,39.01267,-114.25832,20,,2428,0,,,7/28/15,28,7,2015,7194092,2436042,PRESERVED_SPECIMEN,UMNH,Mammalogy,UMNH:Mamm:38696,BAK 471,unknown,2016-10-24T00:00:00,CC0_1_0,,Collector(s): Brooks A. Kohli,,,2026-05-02T09:09:03.203Z,,CONTINENT_DERIVED_FROM_COORDINATES;INSTITUTION_MATCH_FUZZY;INSTITUTION_COLLECTION_MISMATCH
1656059675,06a00852-f764-4fb8-80d4-ca51f0918459,https://arctos.database.museum/guid/UMNH:Mamm:38694,Animalia,Chordata,Mammalia,Soricomorpha,Soricidae,Sorex,Sorex vagrans,vagrans,SUBSPECIES,"Sorex vagrans vagrans Baird, 1857",Sorex vagrans vagrans,,US,"Snake Range, Great Basin National Park, Lehman Creek Canyon",Nevada,PRESENT,,2d6267a0-0561-11d8-b851-b8a03c50a862,39.01108,-114.25896,20,,2426,0,,,7/27/15,27,7,2015,7194092,2436042,PRESERVED_SPECIMEN,UMNH,Mammalogy,UMNH:Mamm:38694,BAK 457,unknown,2016-10-24T00:00:00,CC0_1_0,,Collector(s): Brooks A. Kohli,,,2026-05-02T09:09:03.152Z,,CONTINENT_DERIVED_FROM_COORDINATES;INSTITUTION_MATCH_FUZZY;INSTITUTION_COLLECTION_MISMATCH
1656059668,06a00852-f764-4fb8-80d4-ca51f0918459,https://arctos.database.museum/guid/UMNH:Mamm:38695,Animalia,Chordata,Mammalia,Soricomorpha,Soricidae,Sorex,Sorex vagrans,vagrans,SUBSPECIES,"Sorex vagrans vagrans Baird, 1857",Sorex vagrans vagrans,,US,"Snake Range, Great Basin National Park, Lehman Creek Canyon",Nevada,PRESENT,,2d6267a0-0561-11d8-b851-b8a03c50a862,39.01267,-114.25832,20,,2428,0,,,7/28/15,28,7,2015,7194092,2436042,PRESERVED_SPECIMEN,UMNH,Mammalogy,UMNH:Mamm:38695,BAK 470,unknown,2016-10-24T00:00:00,CC0_1_0,,Collector(s): Brooks A. Kohli,,,2026-05-02T09:09:03.197Z,,CONTINENT_DERIVED_FROM_COORDINATES;INSTITUTION_MATCH_FUZZY;INSTITUTION_COLLECTION_MISMATCH
1656059575,06a00852-f764-4fb8-80d4-ca51f0918459,https://arctos.database.museum/guid/UMNH:Mamm:38513,Animalia,Chordata,Mammalia,Soricomorpha,Soricidae,Sorex,Sorex vagrans,vagrans,SUBSPECIES,"Sorex vagrans vagrans Baird, 1857",Sorex vagrans vagrans,,US,"Snake Range, Great Basin National Park, Baker Creek trailhead",Nevada,PRESENT,,2d6267a0-0561-11d8-b851-b8a03c50a862,38.97601,-114.24632,20,,2452,0,,,7/3/15,3,7,2015,7194092,2436042,PRESERVED_SPECIMEN,UMNH,Mammalogy,UMNH:Mamm:38513,BAK 318,unknown,2016-10-24T00:00:00,CC0_1_0,,Collector(s): Brooks A. Kohli,,,2026-05-02T09:09:03.164Z,,CONTINENT_DERIVED_FROM_COORDINATES;INSTITUTION_MATCH_FUZZY;INSTITUTION_COLLECTION_MISMATCH
1656059546,06a00852-f764-4fb8-80d4-ca51f0918459,https://arctos.database.museum/guid/UMNH:Mamm:38487,Animalia,Chordata,Mammalia,Soricomorpha,Soricidae,Sorex,Sorex vagrans,vagrans,SUBSPECIES,"Sorex vagrans vagrans Baird, 1857",Sorex vagrans vagrans,,US,"Snake Range, Great Basin National Park, Baker Creek trailhead",Nevada,PRESENT,,2d6267a0-0561-11d8-b851-b8a03c50a862,38.9753,-114.24762,20,,2469,0,,,6/30/15,30,6,2015,7194092,2436042,PRESERVED_SPECIMEN,UMNH,Mammalogy,UMNH:Mamm:38487,BAK 223,unknown,2016-10-24T00:00:00,CC0_1_0,,Collector(s): Brooks A. Kohli,,,2026-05-02T09:09:03.336Z,,CONTINENT_DERIVED_FROM_COORDINATES;INSTITUTION_MATCH_FUZZY;INSTITUTION_COLLECTION_MISMATCH
1656059528,06a00852-f764-4fb8-80d4-ca51f0918459,https://arctos.database.museum/guid/UMNH:Mamm:38500,Animalia,Chordata,Mammalia,Soricomorpha,Soricidae,Sorex,Sorex vagrans,vagrans,SUBSPECIES,"Sorex vagrans vagrans Baird, 1857",Sorex vagrans vagrans,,US,"Snake Range, Great Basin National Park, Baker Creek trailhead",Nevada,PRESENT,,2d6267a0-0561-11d8-b851-b8a03c50a862,38.97601,-114.24632,20,,2452,0,,,6/30/15,30,6,2015,7194092,2436042,PRESERVED_SPECIMEN,UMNH,Mammalogy,UMNH:Mamm:38500,BAK 247,unknown,2016-10-24T00:00:00,CC0_1_0,,Collector(s): Brooks A. Kohli,,,2026-05-02T09:09:03.146Z,,CONTINENT_DERIVED_FROM_COORDINATES;INSTITUTION_MATCH_FUZZY;INSTITUTION_COLLECTION_MISMATCH
1656059525,06a00852-f764-4fb8-80d4-ca51f0918459,https://arctos.database.museum/guid/UMNH:Mamm:38516,Animalia,Chordata,Mammalia,Soricomorpha,Soricidae,Sorex,Sorex vagrans,vagrans,SUBSPECIES,"Sorex vagrans vagrans Baird, 1857",Sorex vagrans vagrans,,US,"Snake Range, Great Basin National Park, mouth of Pole Canyon",Nevada,PRESENT,,2d6267a0-0561-11d8-b851-b8a03c50a862,38.98944,-114.21261,20,,2097,0,,,7/6/15,6,7,2015,7194092,2436042,PRESERVED_SPECIMEN,UMNH,Mammalogy,UMNH:Mamm:38516,BAK 338,unknown,2016-10-24T00:00:00,CC0_1_0,,Collector(s): Brooks A. Kohli,,,2026-05-02T09:09:02.735Z,,CONTINENT_DERIVED_FROM_COORDINATES;INSTITUTION_MATCH_FUZZY;INSTITUTION_COLLECTION_MISMATCH
1656059524,06a00852-f764-4fb8-80d4-ca51f0918459,https://arctos.database.museum/guid/UMNH:Mamm:38499,Animalia,Chordata,Mammalia,Soricomorpha,Soricidae,Sorex,Sorex vagrans,vagrans,SUBSPECIES,"Sorex vagrans vagrans Baird, 1857",Sorex vagrans vagrans,,US,"Snake Range, Great Basin National Park, Baker Creek trailhead",Nevada,PRESENT,,2d6267a0-0561-11d8-b851-b8a03c50a862,38.97601,-114.24632,20,,2452,0,,,6/30/15,30,6,2015,7194092,2436042,PRESERVED_SPECIMEN,UMNH,Mammalogy,UMNH:Mamm:38499,BAK 241,unknown,2016-10-24T00:00:00,CC0_1_0,,Collector(s): Brooks A. Kohli,,,2026-05-02T09:09:03.149Z,,CONTINENT_DERIVED_FROM_COORDINATES;INSTITUTION_MATCH_FUZZY;INSTITUTION_COLLECTION_MISMATCH
1656059522,06a00852-f764-4fb8-80d4-ca51f0918459,https://arctos.database.museum/guid/UMNH:Mamm:38510,Animalia,Chordata,Mammalia,Soricomorpha,Soricidae,Sorex,Sorex vagrans,vagrans,SUBSPECIES,"Sorex vagrans vagrans Baird, 1857",Sorex vagrans vagrans,,US,"Snake Range, Great Basin National Park, Baker Creek trailhead",Nevada,PRESENT,,2d6267a0-0561-11d8-b851-b8a03c50a862,38.97601,-114.24632,20,,2452,0,,,7/2/15,2,7,2015,7194092,2436042,PRESERVED_SPECIMEN,UMNH,Mammalogy,UMNH:Mamm:38510,BAK 302,unknown,2016-10-24T00:00:00,CC0_1_0,,Collector(s): Brooks A. Kohli,,,2026-05-02T09:09:03.144Z,,CONTINENT_DERIVED_FROM_COORDINATES;INSTITUTION_MATCH_FUZZY;INSTITUTION_COLLECTION_MISMATCH
1656059521,06a00852-f764-4fb8-80d4-ca51f0918459,https://arctos.database.museum/guid/UMNH:Mamm:38514,Animalia,Chordata,Mammalia,Soricomorpha,Soricidae,Sorex,Sorex vagrans,vagrans,SUBSPECIES,"Sorex vagrans vagrans Baird, 1857",Sorex vagrans vagrans,,US,"Snake Range, Great Basin National Park, Baker Creek trailhead",Nevada,PRESENT,,2d6267a0-0561-11d8-b851-b8a03c50a862,38.97601,-114.24632,20,,2452,0,,,7/3/15,3,7,2015,7194092,2436042,PRESERVED_SPECIMEN,UMNH,Mammalogy,UMNH:Mamm:38514,BAK 319,unknown,2016-10-24T00:00:00,CC0_1_0,,Collector(s): Brooks A. Kohli,,,2026-05-02T09:09:02.733Z,,CONTINENT_DERIVED_FROM_COORDINATES;INSTITUTION_MATCH_FUZZY;INSTITUTION_COLLECTION_MISMATCH
1656059520,06a00852-f764-4fb8-80d4-ca51f0918459,https://arctos.database.museum/guid/UMNH:Mamm:38498,Animalia,Chordata,Mammalia,Soricomorpha,Soricidae,Sorex,Sorex vagrans,vagrans,SUBSPECIES,"Sorex vagrans vagrans Baird, 1857",Sorex vagrans vagrans,,US,"Snake Range, Great Basin National Park, Baker Creek trailhead",Nevada,PRESENT,,2d6267a0-0561-11d8-b851-b8a03c50a862,38.9753,-114.24762,20,,2469,0,,,7/3/15,3,7,2015,7194092,2436042,PRESERVED_SPECIMEN,UMNH,Mammalogy,UMNH:Mamm:38498,BAK 315,unknown,2016-10-24T00:00:00,CC0_1_0,,Collector(s): Brooks A. Kohli,,,2026-05-02T09:09:03.127Z,,CONTINENT_DERIVED_FROM_COORDINATES;INSTITUTION_MATCH_FUZZY;INSTITUTION_COLLECTION_MISMATCH
1656059516,06a00852-f764-4fb8-80d4-ca51f0918459,https://arctos.database.museum/guid/UMNH:Mamm:38512,Animalia,Chordata,Mammalia,Soricomorpha,Soricidae,Sorex,Sorex vagrans,vagrans,SUBSPECIES,"Sorex vagrans vagrans Baird, 1857",Sorex vagrans vagrans,,US,"Snake Range, Great Basin National Park, Baker Creek trailhead",Nevada,PRESENT,,2d6267a0-0561-11d8-b851-b8a03c50a862,38.97601,-114.24632,20,,2452,0,,,7/3/15,3,7,2015,7194092,2436042,PRESERVED_SPECIMEN,UMNH,Mammalogy,UMNH:Mamm:38512,BAK 317,unknown,2016-10-24T00:00:00,CC0_1_0,,Collector(s): Brooks A. Kohli,,,2026-05-02T09:09:02.731Z,,CONTINENT_DERIVED_FROM_COORDINATES;INSTITUTION_MATCH_FUZZY;INSTITUTION_COLLECTION_MISMATCH
1656059515,06a00852-f764-4fb8-80d4-ca51f0918459,https://arctos.database.museum/guid/UMNH:Mamm:38511,Animalia,Chordata,Mammalia,Soricomorpha,Soricidae,Sorex,Sorex vagrans,vagrans,SUBSPECIES,"Sorex vagrans vagrans Baird, 1857",Sorex vagrans vagrans,,US,"Snake Range, Great Basin National Park, Baker Creek trailhead",Nevada,PRESENT,,2d6267a0-0561-11d8-b851-b8a03c50a862,38.97601,-114.24632,20,,2452,0,,,7/3/15,3,7,2015,7194092,2436042,PRESERVED_SPECIMEN,UMNH,Mammalogy,UMNH:Mamm:38511,BAK 316,unknown,2016-10-24T00:00:00,CC0_1_0,,Collector(s): Brooks A. Kohli,,,2026-05-02T09:09:03.125Z,,CONTINENT_DERIVED_FROM_COORDINATES;INSTITUTION_MATCH_FUZZY;INSTITUTION_COLLECTION_MISMATCH
1656059514,06a00852-f764-4fb8-80d4-ca51f0918459,https://arctos.database.museum/guid/UMNH:Mamm:38509,Animalia,Chordata,Mammalia,Soricomorpha,Soricidae,Sorex,Sorex vagrans,vagrans,SUBSPECIES,"Sorex vagrans vagrans Baird, 1857",Sorex vagrans vagrans,,US,"Snake Range, Great Basin National Park, Baker Creek trailhead",Nevada,PRESENT,,2d6267a0-0561-11d8-b851-b8a03c50a862,38.97601,-114.24632,20,,2452,0,,,7/2/15,2,7,2015,7194092,2436042,PRESERVED_SPECIMEN,UMNH,Mammalogy,UMNH:Mamm:38509,BAK 301,unknown,2016-10-24T00:00:00,CC0_1_0,,Collector(s): Brooks A. Kohli,,,2026-05-02T09:09:03.147Z,,CONTINENT_DERIVED_FROM_COORDINATES;INSTITUTION_MATCH_FUZZY;INSTITUTION_COLLECTION_MISMATCH
1656059513,06a00852-f764-4fb8-80d4-ca51f0918459,https://arctos.database.museum/guid/UMNH:Mamm:38507,Animalia,Chordata,Mammalia,Soricomorpha,Soricidae,Sorex,Sorex vagrans,vagrans,SUBSPECIES,"Sorex vagrans vagrans Baird, 1857",Sorex vagrans vagrans,,US,"Snake Range, Great Basin National Park, Baker Creek trailhead",Nevada,PRESENT,,2d6267a0-0561-11d8-b851-b8a03c50a862,38.97601,-114.24632,20,,2452,0,,,7/2/15,2,7,2015,7194092,2436042,PRESERVED_SPECIMEN,UMNH,Mammalogy,UMNH:Mamm:38507,BAK 284,unknown,2016-10-24T00:00:00,CC0_1_0,,Collector(s): Brooks A. Kohli,,,2026-05-02T09:09:03.141Z,,CONTINENT_DERIVED_FROM_COORDINATES;INSTITUTION_MATCH_FUZZY;INSTITUTION_COLLECTION_MISMATCH
1656059511,06a00852-f764-4fb8-80d4-ca51f0918459,https://arctos.database.museum/guid/UMNH:Mamm:38505,Animalia,Chordata,Mammalia,Soricomorpha,Soricidae,Sorex,Sorex vagrans,vagrans,SUBSPECIES,"Sorex vagrans vagrans Baird, 1857",Sorex vagrans vagrans,,US,"Snake Range, Great Basin National Park, Baker Creek trailhead",Nevada,PRESENT,,2d6267a0-0561-11d8-b851-b8a03c50a862,38.97601,-114.24632,20,,2452,0,,,7/2/15,2,7,2015,7194092,2436042,PRESERVED_SPECIMEN,UMNH,Mammalogy,UMNH:Mamm:38505,BAK 282,unknown,2016-10-24T00:00:00,CC0_1_0,,Collector(s): Brooks A. Kohli,,,2026-05-02T09:09:03.145Z,,CONTINENT_DERIVED_FROM_COORDINATES;INSTITUTION_MATCH_FUZZY;INSTITUTION_COLLECTION_MISMATCH
1656059510,06a00852-f764-4fb8-80d4-ca51f0918459,https://arctos.database.museum/guid/UMNH:Mamm:38503,Animalia,Chordata,Mammalia,Soricomorpha,Soricidae,Sorex,Sorex vagrans,vagrans,SUBSPECIES,"Sorex vagrans vagrans Baird, 1857",Sorex vagrans vagrans,,US,"Snake Range, Great Basin National Park, Baker Creek trailhead",Nevada,PRESENT,,2d6267a0-0561-11d8-b851-b8a03c50a862,38.97601,-114.24632,20,,2452,0,,,7/1/15,1,7,2015,7194092,2436042,PRESERVED_SPECIMEN,UMNH,Mammalogy,UMNH:Mamm:38503,BAK 272,unknown,2016-10-24T00:00:00,CC0_1_0,,Collector(s): Brooks A. Kohli,,,2026-05-02T09:09:03.144Z,,CONTINENT_DERIVED_FROM_COORDINATES;INSTITUTION_MATCH_FUZZY;INSTITUTION_COLLECTION_MISMATCH
1656059509,06a00852-f764-4fb8-80d4-ca51f0918459,https://arctos.database.museum/guid/UMNH:Mamm:38504,Animalia,Chordata,Mammalia,Soricomorpha,Soricidae,Sorex,Sorex vagrans,vagrans,SUBSPECIES,"Sorex vagrans vagrans Baird, 1857",Sorex vagrans vagrans,,US,"Snake Range, Great Basin National Park, Baker Creek trailhead",Nevada,PRESENT,,2d6267a0-0561-11d8-b851-b8a03c50a862,38.97601,-114.24632,20,,2452,0,,,7/1/15,1,7,2015,7194092,2436042,PRESERVED_SPECIMEN,UMNH,Mammalogy,UMNH:Mamm:38504,BAK 281,unknown,2016-10-24T00:00:00,CC0_1_0,,Collector(s): Brooks A. Kohli,,,2026-05-02T09:09:03.140Z,,CONTINENT_DERIVED_FROM_COORDINATES;INSTITUTION_MATCH_FUZZY;INSTITUTION_COLLECTION_MISMATCH
1656059508,06a00852-f764-4fb8-80d4-ca51f0918459,https://arctos.database.museum/guid/UMNH:Mamm:38489,Animalia,Chordata,Mammalia,Soricomorpha,Soricidae,Sorex,Sorex vagrans,vagrans,SUBSPECIES,"Sorex vagrans vagrans Baird, 1857",Sorex vagrans vagrans,,US,"Snake Range, Great Basin National Park, Baker Creek trailhead",Nevada,PRESENT,,2d6267a0-0561-11d8-b851-b8a03c50a862,38.9753,-114.24762,20,,2469,0,,,7/1/15,1,7,2015,7194092,2436042,PRESERVED_SPECIMEN,UMNH,Mammalogy,UMNH:Mamm:38489,BAK 255,unknown,2016-10-24T00:00:00,CC0_1_0,,Collector(s): Brooks A. Kohli,,,2026-05-02T09:09:03.138Z,,CONTINENT_DERIVED_FROM_COORDINATES;INSTITUTION_MATCH_FUZZY;INSTITUTION_COLLECTION_MISMATCH
1656059501,06a00852-f764-4fb8-80d4-ca51f0918459,https://arctos.database.museum/guid/UMNH:Mamm:38517,Animalia,Chordata,Mammalia,Soricomorpha,Soricidae,Sorex,Sorex vagrans,vagrans,SUBSPECIES,"Sorex vagrans vagrans Baird, 1857",Sorex vagrans vagrans,,US,"Snake Range, Great Basin National Park, mouth of Pole Canyon",Nevada,PRESENT,,2d6267a0-0561-11d8-b851-b8a03c50a862,38.98944,-114.21261,20,,2097,0,,,7/6/15,6,7,2015,7194092,2436042,PRESERVED_SPECIMEN,UMNH,Mammalogy,UMNH:Mamm:38517,BAK 345,unknown,2016-10-24T00:00:00,CC0_1_0,,Collector(s): Brooks A. Kohli,,,2026-05-02T09:09:03.141Z,,CONTINENT_DERIVED_FROM_COORDINATES;INSTITUTION_MATCH_FUZZY;INSTITUTION_COLLECTION_MISMATCH
1656059497,06a00852-f764-4fb8-80d4-ca51f0918459,https://arctos.database.museum/guid/UMNH:Mamm:38508,Animalia,Chordata,Mammalia,Soricomorpha,Soricidae,Sorex,Sorex vagrans,vagrans,SUBSPECIES,"Sorex vagrans vagrans Baird, 1857",Sorex vagrans vagrans,,US,"Snake Range, Great Basin National Park, Baker Creek trailhead",Nevada,PRESENT,,2d6267a0-0561-11d8-b851-b8a03c50a862,38.97601,-114.24632,20,,2452,0,,,7/2/15,2,7,2015,7194092,2436042,PRESERVED_SPECIMEN,UMNH,Mammalogy,UMNH:Mamm:38508,BAK 285,unknown,2016-10-24T00:00:00,CC0_1_0,,Collector(s): Brooks A. Kohli,,,2026-05-02T09:09:03.328Z,,CONTINENT_DERIVED_FROM_COORDINATES;INSTITUTION_MATCH_FUZZY;INSTITUTION_COLLECTION_MISMATCH
1656059493,06a00852-f764-4fb8-80d4-ca51f0918459,https://arctos.database.museum/guid/UMNH:Mamm:38490,Animalia,Chordata,Mammalia,Soricomorpha,Soricidae,Sorex,Sorex vagrans,vagrans,SUBSPECIES,"Sorex vagrans vagrans Baird, 1857",Sorex vagrans vagrans,,US,"Snake Range, Great Basin National Park, Baker Creek trailhead",Nevada,PRESENT,,2d6267a0-0561-11d8-b851-b8a03c50a862,38.9753,-114.24762,20,,2469,0,,,7/1/15,1,7,2015,7194092,2436042,PRESERVED_SPECIMEN,UMNH,Mammalogy,UMNH:Mamm:38490,BAK 256,unknown,2016-10-24T00:00:00,CC0_1_0,,Collector(s): Brooks A. Kohli,,,2026-05-02T09:09:03.119Z,,CONTINENT_DERIVED_FROM_COORDINATES;INSTITUTION_MATCH_FUZZY;INSTITUTION_COLLECTION_MISMATCH
1656059492,06a00852-f764-4fb8-80d4-ca51f0918459,https://arctos.database.museum/guid/UMNH:Mamm:38495,Animalia,Chordata,Mammalia,Soricomorpha,Soricidae,Sorex,Sorex vagrans,vagrans,SUBSPECIES,"Sorex vagrans vagrans Baird, 1857",Sorex vagrans vagrans,,US,"Snake Range, Great Basin National Park, Baker Creek trailhead",Nevada,PRESENT,,2d6267a0-0561-11d8-b851-b8a03c50a862,38.9753,-114.24762,20,,2469,0,,,7/2/15,2,7,2015,7194092,2436042,PRESERVED_SPECIMEN,UMNH,Mammalogy,UMNH:Mamm:38495,BAK 299,unknown,2016-10-24T00:00:00,CC0_1_0,,Collector(s): Brooks A. Kohli,,,2026-05-02T09:09:03.135Z,,CONTINENT_DERIVED_FROM_COORDINATES;INSTITUTION_MATCH_FUZZY;INSTITUTION_COLLECTION_MISMATCH
1656059491,06a00852-f764-4fb8-80d4-ca51f0918459,https://arctos.database.museum/guid/UMNH:Mamm:38515,Animalia,Chordata,Mammalia,Soricomorpha,Soricidae,Sorex,Sorex vagrans,vagrans,SUBSPECIES,"Sorex vagrans vagrans Baird, 1857",Sorex vagrans vagrans,,US,"Snake Range, Great Basin National Park, mouth of Pole Canyon",Nevada,PRESENT,,2d6267a0-0561-11d8-b851-b8a03c50a862,38.98944,-114.21261,20,,2097,0,,,7/6/15,6,7,2015,7194092,2436042,PRESERVED_SPECIMEN,UMNH,Mammalogy,UMNH:Mamm:38515,BAK 337,unknown,2016-10-24T00:00:00,CC0_1_0,,Collector(s): Brooks A. Kohli,,,2026-05-02T09:09:03.133Z,,CONTINENT_DERIVED_FROM_COORDINATES;INSTITUTION_MATCH_FUZZY;INSTITUTION_COLLECTION_MISMATCH
1656059489,06a00852-f764-4fb8-80d4-ca51f0918459,https://arctos.database.museum/guid/UMNH:Mamm:38488,Animalia,Chordata,Mammalia,Soricomorpha,Soricidae,Sorex,Sorex vagrans,vagrans,SUBSPECIES,"Sorex vagrans vagrans Baird, 1857",Sorex vagrans vagrans,,US,"Snake Range, Great Basin National Park, Baker Creek trailhead",Nevada,PRESENT,,2d6267a0-0561-11d8-b851-b8a03c50a862,38.9753,-114.24762,20,,2469,0,,,7/1/15,1,7,2015,7194092,2436042,PRESERVED_SPECIMEN,UMNH,Mammalogy,UMNH:Mamm:38488,BAK 254,unknown,2016-10-24T00:00:00,CC0_1_0,,Collector(s): Brooks A. Kohli,,,2026-05-02T09:09:02.729Z,,CONTINENT_DERIVED_FROM_COORDINATES;INSTITUTION_MATCH_FUZZY;INSTITUTION_COLLECTION_MISMATCH
1656059484,06a00852-f764-4fb8-80d4-ca51f0918459,https://arctos.database.museum/guid/UMNH:Mamm:38492,Animalia,Chordata,Mammalia,Soricomorpha,Soricidae,Sorex,Sorex vagrans,vagrans,SUBSPECIES,"Sorex vagrans vagrans Baird, 1857",Sorex vagrans vagrans,,US,"Snake Range, Great Basin National Park, Baker Creek trailhead",Nevada,PRESENT,,2d6267a0-0561-11d8-b851-b8a03c50a862,38.9753,-114.24762,20,,2469,0,,,7/2/15,2,7,2015,7194092,2436042,PRESERVED_SPECIMEN,UMNH,Mammalogy,UMNH:Mamm:38492,BAK 292,unknown,2016-10-24T00:00:00,CC0_1_0,,Collector(s): Brooks A. Kohli,,,2026-05-02T09:09:03.132Z,,CONTINENT_DERIVED_FROM_COORDINATES;INSTITUTION_MATCH_FUZZY;INSTITUTION_COLLECTION_MISMATCH
1656059480,06a00852-f764-4fb8-80d4-ca51f0918459,https://arctos.database.museum/guid/UMNH:Mamm:38497,Animalia,Chordata,Mammalia,Soricomorpha,Soricidae,Sorex,Sorex vagrans,vagrans,SUBSPECIES,"Sorex vagrans vagrans Baird, 1857",Sorex vagrans vagrans,,US,"Snake Range, Great Basin National Park, Baker Creek trailhead",Nevada,PRESENT,,2d6267a0-0561-11d8-b851-b8a03c50a862,38.9753,-114.24762,20,,2469,0,,,7/3/15,3,7,2015,7194092,2436042,PRESERVED_SPECIMEN,UMNH,Mammalogy,UMNH:Mamm:38497,BAK 314,unknown,2016-10-24T00:00:00,CC0_1_0,,Collector(s): Brooks A. Kohli,,,2026-05-02T09:09:03.116Z,,CONTINENT_DERIVED_FROM_COORDINATES;INSTITUTION_MATCH_FUZZY;INSTITUTION_COLLECTION_MISMATCH
1656059478,06a00852-f764-4fb8-80d4-ca51f0918459,https://arctos.database.museum/guid/UMNH:Mamm:38506,Animalia,Chordata,Mammalia,Soricomorpha,Soricidae,Sorex,Sorex vagrans,vagrans,SUBSPECIES,"Sorex vagrans vagrans Baird, 1857",Sorex vagrans vagrans,,US,"Snake Range, Great Basin National Park, Baker Creek trailhead",Nevada,PRESENT,,2d6267a0-0561-11d8-b851-b8a03c50a862,38.97601,-114.24632,20,,2452,0,,,7/2/15,2,7,2015,7194092,2436042,PRESERVED_SPECIMEN,UMNH,Mammalogy,UMNH:Mamm:38506,BAK 283,unknown,2016-10-24T00:00:00,CC0_1_0,,Collector(s): Brooks A. Kohli,,,2026-05-02T09:09:03.326Z,,CONTINENT_DERIVED_FROM_COORDINATES;INSTITUTION_MATCH_FUZZY;INSTITUTION_COLLECTION_MISMATCH
1656059477,06a00852-f764-4fb8-80d4-ca51f0918459,https://arctos.database.museum/guid/UMNH:Mamm:38496,Animalia,Chordata,Mammalia,Soricomorpha,Soricidae,Sorex,Sorex vagrans,vagrans,SUBSPECIES,"Sorex vagrans vagrans Baird, 1857",Sorex vagrans vagrans,,US,"Snake Range, Great Basin National Park, Baker Creek trailhead",Nevada,PRESENT,,2d6267a0-0561-11d8-b851-b8a03c50a862,38.9753,-114.24762,20,,2469,0,,,7/2/15,2,7,2015,7194092,2436042,PRESERVED_SPECIMEN,UMNH,Mammalogy,UMNH:Mamm:38496,BAK 300,unknown,2016-10-24T00:00:00,CC0_1_0,,Collector(s): Brooks A. Kohli,,,2026-05-02T09:09:03.116Z,,CONTINENT_DERIVED_FROM_COORDINATES;INSTITUTION_MATCH_FUZZY;INSTITUTION_COLLECTION_MISMATCH
1656059476,06a00852-f764-4fb8-80d4-ca51f0918459,https://arctos.database.museum/guid/UMNH:Mamm:38501,Animalia,Chordata,Mammalia,Soricomorpha,Soricidae,Sorex,Sorex vagrans,vagrans,SUBSPECIES,"Sorex vagrans vagrans Baird, 1857",Sorex vagrans vagrans,,US,"Snake Range, Great Basin National Park, Baker Creek trailhead",Nevada,PRESENT,,2d6267a0-0561-11d8-b851-b8a03c50a862,38.97601,-114.24632,20,,2452,0,,,7/1/15,1,7,2015,7194092,2436042,PRESERVED_SPECIMEN,UMNH,Mammalogy,UMNH:Mamm:38501,BAK 270,unknown,2016-10-24T00:00:00,CC0_1_0,,Collector(s): Brooks A. Kohli,,,2026-05-02T09:09:03.115Z,,CONTINENT_DERIVED_FROM_COORDINATES;INSTITUTION_MATCH_FUZZY;INSTITUTION_COLLECTION_MISMATCH
1656059468,06a00852-f764-4fb8-80d4-ca51f0918459,https://arctos.database.museum/guid/UMNH:Mamm:38518,Animalia,Chordata,Mammalia,Soricomorpha,Soricidae,Sorex,Sorex vagrans,vagrans,SUBSPECIES,"Sorex vagrans vagrans Baird, 1857",Sorex vagrans vagrans,,US,"Snake Range, Great Basin National Park, mouth of Pole Canyon",Nevada,PRESENT,,2d6267a0-0561-11d8-b851-b8a03c50a862,38.98944,-114.21261,20,,2097,0,,,7/7/15,7,7,2015,7194092,2436042,PRESERVED_SPECIMEN,UMNH,Mammalogy,UMNH:Mamm:38518,BAK 349,unknown,2016-10-24T00:00:00,CC0_1_0,,Collector(s): Brooks A. Kohli,,,2026-05-02T09:09:03.112Z,,CONTINENT_DERIVED_FROM_COORDINATES;INSTITUTION_MATCH_FUZZY;INSTITUTION_COLLECTION_MISMATCH
1656059467,06a00852-f764-4fb8-80d4-ca51f0918459,https://arctos.database.museum/guid/UMNH:Mamm:38502,Animalia,Chordata,Mammalia,Soricomorpha,Soricidae,Sorex,Sorex vagrans,vagrans,SUBSPECIES,"Sorex vagrans vagrans Baird, 1857",Sorex vagrans vagrans,,US,"Snake Range, Great Basin National Park, Baker Creek trailhead",Nevada,PRESENT,,2d6267a0-0561-11d8-b851-b8a03c50a862,38.97601,-114.24632,20,,2452,0,,,7/1/15,1,7,2015,7194092,2436042,PRESERVED_SPECIMEN,UMNH,Mammalogy,UMNH:Mamm:38502,BAK 271,unknown,2016-10-24T00:00:00,CC0_1_0,,Collector(s): Brooks A. Kohli,,,2026-05-02T09:09:03.325Z,,CONTINENT_DERIVED_FROM_COORDINATES;INSTITUTION_MATCH_FUZZY;INSTITUTION_COLLECTION_MISMATCH
1656059463,06a00852-f764-4fb8-80d4-ca51f0918459,https://arctos.database.museum/guid/UMNH:Mamm:38491,Animalia,Chordata,Mammalia,Soricomorpha,Soricidae,Sorex,Sorex vagrans,vagrans,SUBSPECIES,"Sorex vagrans vagrans Baird, 1857",Sorex vagrans vagrans,,US,"Snake Range, Great Basin National Park, Baker Creek trailhead",Nevada,PRESENT,,2d6267a0-0561-11d8-b851-b8a03c50a862,38.9753,-114.24762,20,,2469,0,,,7/1/15,1,7,2015,7194092,2436042,PRESERVED_SPECIMEN,UMNH,Mammalogy,UMNH:Mamm:38491,BAK 280,unknown,2016-10-24T00:00:00,CC0_1_0,,Collector(s): Brooks A. Kohli,,,2026-05-02T09:09:03.111Z,,CONTINENT_DERIVED_FROM_COORDINATES;INSTITUTION_MATCH_FUZZY;INSTITUTION_COLLECTION_MISMATCH
1656059457,06a00852-f764-4fb8-80d4-ca51f0918459,https://arctos.database.museum/guid/UMNH:Mamm:38493,Animalia,Chordata,Mammalia,Soricomorpha,Soricidae,Sorex,Sorex vagrans,vagrans,SUBSPECIES,"Sorex vagrans vagrans Baird, 1857",Sorex vagrans vagrans,,US,"Snake Range, Great Basin National Park, Baker Creek trailhead",Nevada,PRESENT,,2d6267a0-0561-11d8-b851-b8a03c50a862,38.9753,-114.24762,20,,2469,0,,,7/2/15,2,7,2015,7194092,2436042,PRESERVED_SPECIMEN,UMNH,Mammalogy,UMNH:Mamm:38493,BAK 293,unknown,2016-10-24T00:00:00,CC0_1_0,,Collector(s): Brooks A. Kohli,,,2026-05-02T09:09:03.108Z,,CONTINENT_DERIVED_FROM_COORDINATES;INSTITUTION_MATCH_FUZZY;INSTITUTION_COLLECTION_MISMATCH
1656059443,06a00852-f764-4fb8-80d4-ca51f0918459,https://arctos.database.museum/guid/UMNH:Mamm:38494,Animalia,Chordata,Mammalia,Soricomorpha,Soricidae,Sorex,Sorex vagrans,vagrans,SUBSPECIES,"Sorex vagrans vagrans Baird, 1857",Sorex vagrans vagrans,,US,"Snake Range, Great Basin National Park, Baker Creek trailhead",Nevada,PRESENT,,2d6267a0-0561-11d8-b851-b8a03c50a862,38.9753,-114.24762,20,,2469,0,,,7/2/15,2,7,2015,7194092,2436042,PRESERVED_SPECIMEN,UMNH,Mammalogy,UMNH:Mamm:38494,BAK 298,unknown,2016-10-24T00:00:00,CC0_1_0,,Collector(s): Brooks A. Kohli,,,2026-05-02T09:09:03.319Z,,CONTINENT_DERIVED_FROM_COORDINATES;INSTITUTION_MATCH_FUZZY;INSTITUTION_COLLECTION_MISMATCH
1656059424,06a00852-f764-4fb8-80d4-ca51f0918459,https://arctos.database.museum/guid/UMNH:Mamm:38382,Animalia,Chordata,Mammalia,Soricomorpha,Soricidae,Sorex,Sorex vagrans,vagrans,SUBSPECIES,"Sorex vagrans vagrans Baird, 1857",Sorex vagrans vagrans,,US,"Snake Range, Great Basin National Park, 1.95 km S, 1.15 km W Lehman Caves visitors center",Nevada,PRESENT,,2d6267a0-0561-11d8-b851-b8a03c50a862,38.9882,-114.23231,20,,2250,0,,,7/2/15,2,7,2015,7194092,2436042,PRESERVED_SPECIMEN,UMNH,Mammalogy,UMNH:Mamm:38382,EAR 9737,unknown,2016-10-24T00:00:00,CC0_1_0,,Collector(s): Eric A. Rickart,,,2026-05-02T09:09:03.117Z,,CONTINENT_DERIVED_FROM_COORDINATES;INSTITUTION_MATCH_FUZZY;INSTITUTION_COLLECTION_MISMATCH
1656059418,06a00852-f764-4fb8-80d4-ca51f0918459,https://arctos.database.museum/guid/UMNH:Mamm:38381,Animalia,Chordata,Mammalia,Soricomorpha,Soricidae,Sorex,Sorex vagrans,vagrans,SUBSPECIES,"Sorex vagrans vagrans Baird, 1857",Sorex vagrans vagrans,,US,"Snake Range, Great Basin National Park, 1.95 km S, 1.15 km W Lehman Caves visitors center",Nevada,PRESENT,,2d6267a0-0561-11d8-b851-b8a03c50a862,38.9882,-114.23231,20,,2250,0,,,7/2/15,2,7,2015,7194092,2436042,PRESERVED_SPECIMEN,UMNH,Mammalogy,UMNH:Mamm:38381,EAR 9736,unknown,2016-10-24T00:00:00,CC0_1_0,,Collector(s): Eric A. Rickart,,,2026-05-02T09:09:03.115Z,,CONTINENT_DERIVED_FROM_COORDINATES;INSTITUTION_MATCH_FUZZY;INSTITUTION_COLLECTION_MISMATCH
1656059404,06a00852-f764-4fb8-80d4-ca51f0918459,https://arctos.database.museum/guid/UMNH:Mamm:38362,Animalia,Chordata,Mammalia,Soricomorpha,Soricidae,Sorex,Sorex vagrans,vagrans,SUBSPECIES,"Sorex vagrans vagrans Baird, 1857",Sorex vagrans vagrans,,US,"Snake Range, Great Basin National Park, 1.90 km S, 1.40 km W Lehman Caves visitors center",Nevada,PRESENT,,2d6267a0-0561-11d8-b851-b8a03c50a862,38.98881,-114.23573,20,,2268,0,,,6/30/15,30,6,2015,7194092,2436042,PRESERVED_SPECIMEN,UMNH,Mammalogy,UMNH:Mamm:38362,EAR 9668,unknown,2016-10-24T00:00:00,CC0_1_0,,Collector(s): Eric A. Rickart,,,2026-05-02T09:09:03.111Z,,CONTINENT_DERIVED_FROM_COORDINATES;INSTITUTION_MATCH_FUZZY;INSTITUTION_COLLECTION_MISMATCH
1656059402,06a00852-f764-4fb8-80d4-ca51f0918459,https://arctos.database.museum/guid/UMNH:Mamm:38380,Animalia,Chordata,Mammalia,Soricomorpha,Soricidae,Sorex,Sorex vagrans,vagrans,SUBSPECIES,"Sorex vagrans vagrans Baird, 1857",Sorex vagrans vagrans,,US,"Snake Range, Great Basin National Park, 1.95 km S, 1.15 km W Lehman Caves visitors center",Nevada,PRESENT,,2d6267a0-0561-11d8-b851-b8a03c50a862,38.9882,-114.23231,20,,2250,0,,,7/2/15,2,7,2015,7194092,2436042,PRESERVED_SPECIMEN,UMNH,Mammalogy,UMNH:Mamm:38380,EAR 9735,unknown,2016-10-24T00:00:00,CC0_1_0,,Collector(s): Eric A. Rickart,,,2026-05-02T09:09:03.122Z,,CONTINENT_DERIVED_FROM_COORDINATES;INSTITUTION_MATCH_FUZZY;INSTITUTION_COLLECTION_MISMATCH
1656059391,06a00852-f764-4fb8-80d4-ca51f0918459,https://arctos.database.museum/guid/UMNH:Mamm:38364,Animalia,Chordata,Mammalia,Soricomorpha,Soricidae,Sorex,Sorex vagrans,vagrans,SUBSPECIES,"Sorex vagrans vagrans Baird, 1857",Sorex vagrans vagrans,,US,"Snake Range, Great Basin National Park, 1.90 km S, 1.40 km W Lehman Caves visitors center",Nevada,PRESENT,,2d6267a0-0561-11d8-b851-b8a03c50a862,38.98881,-114.23573,20,,2268,0,,,7/1/15,1,7,2015,7194092,2436042,PRESERVED_SPECIMEN,UMNH,Mammalogy,UMNH:Mamm:38364,EAR 9699,unknown,2016-10-24T00:00:00,CC0_1_0,,Collector(s): Eric A. Rickart,,,2026-05-02T09:09:03.308Z,,CONTINENT_DERIVED_FROM_COORDINATES;INSTITUTION_MATCH_FUZZY;INSTITUTION_COLLECTION_MISMATCH
1656059387,06a00852-f764-4fb8-80d4-ca51f0918459,https://arctos.database.museum/guid/UMNH:Mamm:38373,Animalia,Chordata,Mammalia,Soricomorpha,Soricidae,Sorex,Sorex vagrans,vagrans,SUBSPECIES,"Sorex vagrans vagrans Baird, 1857",Sorex vagrans vagrans,,US,"Snake Range, Great Basin National Park, 1.90 km S, 1.40 km W Lehman Caves visitors center",Nevada,PRESENT,,2d6267a0-0561-11d8-b851-b8a03c50a862,38.98881,-114.23573,20,,2268,0,,,7/3/15,3,7,2015,7194092,2436042,PRESERVED_SPECIMEN,UMNH,Mammalogy,UMNH:Mamm:38373,EAR 9763,unknown,2016-10-24T00:00:00,CC0_1_0,,Collector(s): Eric A. Rickart,,,2026-05-02T09:09:02.709Z,,CONTINENT_DERIVED_FROM_COORDINATES;INSTITUTION_MATCH_FUZZY;INSTITUTION_COLLECTION_MISMATCH
1656059382,06a00852-f764-4fb8-80d4-ca51f0918459,https://arctos.database.museum/guid/UMNH:Mamm:38379,Animalia,Chordata,Mammalia,Soricomorpha,Soricidae,Sorex,Sorex vagrans,vagrans,SUBSPECIES,"Sorex vagrans vagrans Baird, 1857",Sorex vagrans vagrans,,US,"Snake Range, Great Basin National Park, 1.95 km S, 1.15 km W Lehman Caves visitors center",Nevada,PRESENT,,2d6267a0-0561-11d8-b851-b8a03c50a862,38.9882,-114.23231,20,,2250,0,,,7/1/15,1,7,2015,7194092,2436042,PRESERVED_SPECIMEN,UMNH,Mammalogy,UMNH:Mamm:38379,EAR 9688,unknown,2016-10-24T00:00:00,CC0_1_0,,Collector(s): Eric A. Rickart,,,2026-05-02T09:09:03.105Z,,CONTINENT_DERIVED_FROM_COORDINATES;INSTITUTION_MATCH_FUZZY;INSTITUTION_COLLECTION_MISMATCH
1656059380,06a00852-f764-4fb8-80d4-ca51f0918459,https://arctos.database.museum/guid/UMNH:Mamm:38370,Animalia,Chordata,Mammalia,Soricomorpha,Soricidae,Sorex,Sorex vagrans,vagrans,SUBSPECIES,"Sorex vagrans vagrans Baird, 1857",Sorex vagrans vagrans,,US,"Snake Range, Great Basin National Park, 1.90 km S, 1.40 km W Lehman Caves visitors center",Nevada,PRESENT,,2d6267a0-0561-11d8-b851-b8a03c50a862,38.98881,-114.23573,20,,2268,0,,,7/3/15,3,7,2015,7194092,2436042,PRESERVED_SPECIMEN,UMNH,Mammalogy,UMNH:Mamm:38370,EAR 9760,unknown,2016-10-24T00:00:00,CC0_1_0,,Collector(s): Eric A. Rickart,,,2026-05-02T09:09:03.117Z,,CONTINENT_DERIVED_FROM_COORDINATES;INSTITUTION_MATCH_FUZZY;INSTITUTION_COLLECTION_MISMATCH
1656059375,06a00852-f764-4fb8-80d4-ca51f0918459,https://arctos.database.museum/guid/UMNH:Mamm:38371,Animalia,Chordata,Mammalia,Soricomorpha,Soricidae,Sorex,Sorex vagrans,vagrans,SUBSPECIES,"Sorex vagrans vagrans Baird, 1857",Sorex vagrans vagrans,,US,"Snake Range, Great Basin National Park, 1.90 km S, 1.40 km W Lehman Caves visitors center",Nevada,PRESENT,,2d6267a0-0561-11d8-b851-b8a03c50a862,38.98881,-114.23573,20,,2268,0,,,7/3/15,3,7,2015,7194092,2436042,PRESERVED_SPECIMEN,UMNH,Mammalogy,UMNH:Mamm:38371,EAR 9761,unknown,2016-10-24T00:00:00,CC0_1_0,,Collector(s): Eric A. Rickart,,,2026-05-02T09:09:03.093Z,,CONTINENT_DERIVED_FROM_COORDINATES;INSTITUTION_MATCH_FUZZY;INSTITUTION_COLLECTION_MISMATCH
1656059372,06a00852-f764-4fb8-80d4-ca51f0918459,https://arctos.database.museum/guid/UMNH:Mamm:38384,Animalia,Chordata,Mammalia,Soricomorpha,Soricidae,Sorex,Sorex vagrans,vagrans,SUBSPECIES,"Sorex vagrans vagrans Baird, 1857",Sorex vagrans vagrans,,US,"Snake Range, Great Basin National Park, 1.95 km S, 1.15 km W Lehman Caves visitors center",Nevada,PRESENT,,2d6267a0-0561-11d8-b851-b8a03c50a862,38.9882,-114.23231,20,,2250,0,,,7/3/15,3,7,2015,7194092,2436042,PRESERVED_SPECIMEN,UMNH,Mammalogy,UMNH:Mamm:38384,EAR 9757,unknown,2016-10-24T00:00:00,CC0_1_0,,Collector(s): Eric A. Rickart,,,2026-05-02T09:09:03.116Z,,CONTINENT_DERIVED_FROM_COORDINATES;INSTITUTION_MATCH_FUZZY;INSTITUTION_COLLECTION_MISMATCH
1656059366,06a00852-f764-4fb8-80d4-ca51f0918459,https://arctos.database.museum/guid/UMNH:Mamm:38367,Animalia,Chordata,Mammalia,Soricomorpha,Soricidae,Sorex,Sorex vagrans,vagrans,SUBSPECIES,"Sorex vagrans vagrans Baird, 1857",Sorex vagrans vagrans,,US,"Snake Range, Great Basin National Park, 1.90 km S, 1.40 km W Lehman Caves visitors center",Nevada,PRESENT,,2d6267a0-0561-11d8-b851-b8a03c50a862,38.98881,-114.23573,20,,2268,0,,,7/2/15,2,7,2015,7194092,2436042,PRESERVED_SPECIMEN,UMNH,Mammalogy,UMNH:Mamm:38367,EAR 9729,unknown,2016-10-24T00:00:00,CC0_1_0,,Collector(s): Eric A. Rickart,,,2026-05-02T09:09:03.302Z,,CONTINENT_DERIVED_FROM_COORDINATES;INSTITUTION_MATCH_FUZZY;INSTITUTION_COLLECTION_MISMATCH
1656059361,06a00852-f764-4fb8-80d4-ca51f0918459,https://arctos.database.museum/guid/UMNH:Mamm:38372,Animalia,Chordata,Mammalia,Soricomorpha,Soricidae,Sorex,Sorex vagrans,vagrans,SUBSPECIES,"Sorex vagrans vagrans Baird, 1857",Sorex vagrans vagrans,,US,"Snake Range, Great Basin National Park, 1.90 km S, 1.40 km W Lehman Caves visitors center",Nevada,PRESENT,,2d6267a0-0561-11d8-b851-b8a03c50a862,38.98881,-114.23573,20,,2268,0,,,7/3/15,3,7,2015,7194092,2436042,PRESERVED_SPECIMEN,UMNH,Mammalogy,UMNH:Mamm:38372,EAR 9762,unknown,2016-10-24T00:00:00,CC0_1_0,,Collector(s): Eric A. Rickart,,,2026-05-02T09:09:03.087Z,,CONTINENT_DERIVED_FROM_COORDINATES;INSTITUTION_MATCH_FUZZY;INSTITUTION_COLLECTION_MISMATCH
1656059358,06a00852-f764-4fb8-80d4-ca51f0918459,https://arctos.database.museum/guid/UMNH:Mamm:38378,Animalia,Chordata,Mammalia,Soricomorpha,Soricidae,Sorex,Sorex vagrans,vagrans,SUBSPECIES,"Sorex vagrans vagrans Baird, 1857",Sorex vagrans vagrans,,US,"Snake Range, Great Basin National Park, 1.95 km S, 1.15 km W Lehman Caves visitors center",Nevada,PRESENT,,2d6267a0-0561-11d8-b851-b8a03c50a862,38.9882,-114.23231,20,,2250,0,,,7/1/15,1,7,2015,7194092,2436042,PRESERVED_SPECIMEN,UMNH,Mammalogy,UMNH:Mamm:38378,EAR 9687,unknown,2016-10-24T00:00:00,CC0_1_0,,Collector(s): Eric A. Rickart,,,2026-05-02T09:09:03.297Z,,CONTINENT_DERIVED_FROM_COORDINATES;INSTITUTION_MATCH_FUZZY;INSTITUTION_COLLECTION_MISMATCH
1656059347,06a00852-f764-4fb8-80d4-ca51f0918459,https://arctos.database.museum/guid/UMNH:Mamm:38369,Animalia,Chordata,Mammalia,Soricomorpha,Soricidae,Sorex,Sorex vagrans,vagrans,SUBSPECIES,"Sorex vagrans vagrans Baird, 1857",Sorex vagrans vagrans,,US,"Snake Range, Great Basin National Park, 1.90 km S, 1.40 km W Lehman Caves visitors center",Nevada,PRESENT,,2d6267a0-0561-11d8-b851-b8a03c50a862,38.98881,-114.23573,20,,2268,0,,,7/3/15,3,7,2015,7194092,2436042,PRESERVED_SPECIMEN,UMNH,Mammalogy,UMNH:Mamm:38369,EAR 9759,unknown,2016-10-24T00:00:00,CC0_1_0,,Collector(s): Eric A. Rickart,,,2026-05-02T09:09:03.111Z,,CONTINENT_DERIVED_FROM_COORDINATES;INSTITUTION_MATCH_FUZZY;INSTITUTION_COLLECTION_MISMATCH
1656059345,06a00852-f764-4fb8-80d4-ca51f0918459,https://arctos.database.museum/guid/UMNH:Mamm:38376,Animalia,Chordata,Mammalia,Soricomorpha,Soricidae,Sorex,Sorex vagrans,vagrans,SUBSPECIES,"Sorex vagrans vagrans Baird, 1857",Sorex vagrans vagrans,,US,"Snake Range, Great Basin National Park, 1.95 km S, 1.15 km W Lehman Caves visitors center",Nevada,PRESENT,,2d6267a0-0561-11d8-b851-b8a03c50a862,38.9882,-114.23231,20,,2250,0,,,7/1/15,1,7,2015,7194092,2436042,PRESERVED_SPECIMEN,UMNH,Mammalogy,UMNH:Mamm:38376,EAR 9685,unknown,2016-10-24T00:00:00,CC0_1_0,,Collector(s): Eric A. Rickart,,,2026-05-02T09:09:03.294Z,,CONTINENT_DERIVED_FROM_COORDINATES;INSTITUTION_MATCH_FUZZY;INSTITUTION_COLLECTION_MISMATCH
1656059343,06a00852-f764-4fb8-80d4-ca51f0918459,https://arctos.database.museum/guid/UMNH:Mamm:38365,Animalia,Chordata,Mammalia,Soricomorpha,Soricidae,Sorex,Sorex vagrans,vagrans,SUBSPECIES,"Sorex vagrans vagrans Baird, 1857",Sorex vagrans vagrans,,US,"Snake Range, Great Basin National Park, 1.90 km S, 1.40 km W Lehman Caves visitors center",Nevada,PRESENT,,2d6267a0-0561-11d8-b851-b8a03c50a862,38.98881,-114.23573,20,,2268,0,,,7/1/15,1,7,2015,7194092,2436042,PRESERVED_SPECIMEN,UMNH,Mammalogy,UMNH:Mamm:38365,EAR 9700,unknown,2016-10-24T00:00:00,CC0_1_0,,Collector(s): Eric A. Rickart,,,2026-05-02T09:09:03.084Z,,CONTINENT_DERIVED_FROM_COORDINATES;INSTITUTION_MATCH_FUZZY;INSTITUTION_COLLECTION_MISMATCH
1656059338,06a00852-f764-4fb8-80d4-ca51f0918459,https://arctos.database.museum/guid/UMNH:Mamm:38366,Animalia,Chordata,Mammalia,Soricomorpha,Soricidae,Sorex,Sorex vagrans,vagrans,SUBSPECIES,"Sorex vagrans vagrans Baird, 1857",Sorex vagrans vagrans,,US,"Snake Range, Great Basin National Park, 1.90 km S, 1.40 km W Lehman Caves visitors center",Nevada,PRESENT,,2d6267a0-0561-11d8-b851-b8a03c50a862,38.98881,-114.23573,20,,2268,0,,,7/2/15,2,7,2015,7194092,2436042,PRESERVED_SPECIMEN,UMNH,Mammalogy,UMNH:Mamm:38366,EAR 9728,unknown,2016-10-24T00:00:00,CC0_1_0,,Collector(s): Eric A. Rickart,,,2026-05-02T09:09:03.109Z,,CONTINENT_DERIVED_FROM_COORDINATES;INSTITUTION_MATCH_FUZZY;INSTITUTION_COLLECTION_MISMATCH
1656059335,06a00852-f764-4fb8-80d4-ca51f0918459,https://arctos.database.museum/guid/UMNH:Mamm:38375,Animalia,Chordata,Mammalia,Soricomorpha,Soricidae,Sorex,Sorex vagrans,vagrans,SUBSPECIES,"Sorex vagrans vagrans Baird, 1857",Sorex vagrans vagrans,,US,"Snake Range, Great Basin National Park, 1.95 km S, 1.15 km W Lehman Caves visitors center",Nevada,PRESENT,,2d6267a0-0561-11d8-b851-b8a03c50a862,38.9882,-114.23231,20,,2250,0,,,7/1/15,1,7,2015,7194092,2436042,PRESERVED_SPECIMEN,UMNH,Mammalogy,UMNH:Mamm:38375,EAR 9684,unknown,2016-10-24T00:00:00,CC0_1_0,,Collector(s): Eric A. Rickart,,,2026-05-02T09:09:03.108Z,,CONTINENT_DERIVED_FROM_COORDINATES;INSTITUTION_MATCH_FUZZY;INSTITUTION_COLLECTION_MISMATCH
1656059325,06a00852-f764-4fb8-80d4-ca51f0918459,https://arctos.database.museum/guid/UMNH:Mamm:38368,Animalia,Chordata,Mammalia,Soricomorpha,Soricidae,Sorex,Sorex vagrans,vagrans,SUBSPECIES,"Sorex vagrans vagrans Baird, 1857",Sorex vagrans vagrans,,US,"Snake Range, Great Basin National Park, 1.90 km S, 1.40 km W Lehman Caves visitors center",Nevada,PRESENT,,2d6267a0-0561-11d8-b851-b8a03c50a862,38.98881,-114.23573,20,,2268,0,,,7/2/15,2,7,2015,7194092,2436042,PRESERVED_SPECIMEN,UMNH,Mammalogy,UMNH:Mamm:38368,EAR 9730,unknown,2016-10-24T00:00:00,CC0_1_0,,Collector(s): Eric A. Rickart,,,2026-05-02T09:09:03.285Z,,CONTINENT_DERIVED_FROM_COORDINATES;INSTITUTION_MATCH_FUZZY;INSTITUTION_COLLECTION_MISMATCH
1656059324,06a00852-f764-4fb8-80d4-ca51f0918459,https://arctos.database.museum/guid/UMNH:Mamm:38363,Animalia,Chordata,Mammalia,Soricomorpha,Soricidae,Sorex,Sorex vagrans,vagrans,SUBSPECIES,"Sorex vagrans vagrans Baird, 1857",Sorex vagrans vagrans,,US,"Snake Range, Great Basin National Park, 1.90 km S, 1.40 km W Lehman Caves visitors center",Nevada,PRESENT,,2d6267a0-0561-11d8-b851-b8a03c50a862,38.98881,-114.23573,20,,2268,0,,,7/1/15,1,7,2015,7194092,2436042,PRESERVED_SPECIMEN,UMNH,Mammalogy,UMNH:Mamm:38363,EAR 9698,unknown,2016-10-24T00:00:00,CC0_1_0,,Collector(s): Eric A. Rickart,,,2026-05-02T09:09:03.106Z,,CONTINENT_DERIVED_FROM_COORDINATES;INSTITUTION_MATCH_FUZZY;INSTITUTION_COLLECTION_MISMATCH
1656059323,06a00852-f764-4fb8-80d4-ca51f0918459,https://arctos.database.museum/guid/UMNH:Mamm:38383,Animalia,Chordata,Mammalia,Soricomorpha,Soricidae,Sorex,Sorex vagrans,vagrans,SUBSPECIES,"Sorex vagrans vagrans Baird, 1857",Sorex vagrans vagrans,,US,"Snake Range, Great Basin National Park, 1.95 km S, 1.15 km W Lehman Caves visitors center",Nevada,PRESENT,,2d6267a0-0561-11d8-b851-b8a03c50a862,38.9882,-114.23231,20,,2250,0,,,7/2/15,2,7,2015,7194092,2436042,PRESERVED_SPECIMEN,UMNH,Mammalogy,UMNH:Mamm:38383,EAR 9738,unknown,2016-10-24T00:00:00,CC0_1_0,,Collector(s): Eric A. Rickart,,,2026-05-02T09:09:02.691Z,,CONTINENT_DERIVED_FROM_COORDINATES;INSTITUTION_MATCH_FUZZY;INSTITUTION_COLLECTION_MISMATCH
1656059322,06a00852-f764-4fb8-80d4-ca51f0918459,https://arctos.database.museum/guid/UMNH:Mamm:38374,Animalia,Chordata,Mammalia,Soricomorpha,Soricidae,Sorex,Sorex vagrans,vagrans,SUBSPECIES,"Sorex vagrans vagrans Baird, 1857",Sorex vagrans vagrans,,US,"Snake Range, Great Basin National Park, 1.95 km S, 1.15 km W Lehman Caves visitors center",Nevada,PRESENT,,2d6267a0-0561-11d8-b851-b8a03c50a862,38.9882,-114.23231,20,,2250,0,,,7/1/15,1,7,2015,7194092,2436042,PRESERVED_SPECIMEN,UMNH,Mammalogy,UMNH:Mamm:38374,EAR 9683,unknown,2016-10-24T00:00:00,CC0_1_0,,Collector(s): Eric A. Rickart,,,2026-05-02T09:09:03.105Z,,CONTINENT_DERIVED_FROM_COORDINATES;INSTITUTION_MATCH_FUZZY;INSTITUTION_COLLECTION_MISMATCH
1656059317,06a00852-f764-4fb8-80d4-ca51f0918459,https://arctos.database.museum/guid/UMNH:Mamm:38377,Animalia,Chordata,Mammalia,Soricomorpha,Soricidae,Sorex,Sorex vagrans,vagrans,SUBSPECIES,"Sorex vagrans vagrans Baird, 1857",Sorex vagrans vagrans,,US,"Snake Range, Great Basin National Park, 1.95 km S, 1.15 km W Lehman Caves visitors center",Nevada,PRESENT,,2d6267a0-0561-11d8-b851-b8a03c50a862,38.9882,-114.23231,20,,2250,0,,,7/1/15,1,7,2015,7194092,2436042,PRESERVED_SPECIMEN,UMNH,Mammalogy,UMNH:Mamm:38377,EAR 9686,unknown,2016-10-24T00:00:00,CC0_1_0,,Collector(s): Eric A. Rickart,,,2026-05-02T09:09:03.104Z,,CONTINENT_DERIVED_FROM_COORDINATES;INSTITUTION_MATCH_FUZZY;INSTITUTION_COLLECTION_MISMATCH
1656058915,06a00852-f764-4fb8-80d4-ca51f0918459,https://arctos.database.museum/guid/UMNH:Mamm:37948,Animalia,Chordata,Mammalia,Soricomorpha,Soricidae,Sorex,Sorex vagrans,vagrans,SUBSPECIES,"Sorex vagrans vagrans Baird, 1857",Sorex vagrans vagrans,,US,"Snake Range, Strawberry Creek, Great Basin National Park",Nevada,PRESENT,,2d6267a0-0561-11d8-b851-b8a03c50a862,39.05258,-114.31018,20,,,,,,8/7/07,7,8,2007,7194092,2436042,PRESERVED_SPECIMEN,UMNH,Mammalogy,UMNH:Mamm:37948,BTH 386,unknown,2016-10-24T00:00:00,CC0_1_0,,Collector(s): Bryan T. Hamilton,,,2026-05-02T09:09:02.396Z,,CONTINENT_DERIVED_FROM_COORDINATES;INSTITUTION_MATCH_FUZZY;INSTITUTION_COLLECTION_MISMATCH
1656058903,06a00852-f764-4fb8-80d4-ca51f0918459,https://arctos.database.museum/guid/UMNH:Mamm:37949,Animalia,Chordata,Mammalia,Soricomorpha,Soricidae,Sorex,Sorex vagrans,vagrans,SUBSPECIES,"Sorex vagrans vagrans Baird, 1857",Sorex vagrans vagrans,,US,"Snake Range, Lehman Creek, Great Basin National Park",Nevada,PRESENT,,2d6267a0-0561-11d8-b851-b8a03c50a862,39.01529,-114.23468,20,,,,,,7/10/07,10,7,2007,7194092,2436042,PRESERVED_SPECIMEN,UMNH,Mammalogy,UMNH:Mamm:37949,BTH 262,unknown,2016-10-24T00:00:00,CC0_1_0,,Collector(s): Bryan T. Hamilton,,,2026-05-02T09:09:02.722Z,,CONTINENT_DERIVED_FROM_COORDINATES;INSTITUTION_MATCH_FUZZY;INSTITUTION_COLLECTION_MISMATCH
1656058898,06a00852-f764-4fb8-80d4-ca51f0918459,https://arctos.database.museum/guid/UMNH:Mamm:37950,Animalia,Chordata,Mammalia,Soricomorpha,Soricidae,Sorex,Sorex vagrans,vagrans,SUBSPECIES,"Sorex vagrans vagrans Baird, 1857",Sorex vagrans vagrans,,US,"Snake Range, Great Basin National Park",Nevada,PRESENT,,2d6267a0-0561-11d8-b851-b8a03c50a862,39.00927,-114.20758,20,,,,,,7/5/06,5,7,2006,7194092,2436042,PRESERVED_SPECIMEN,UMNH,Mammalogy,UMNH:Mamm:37950,BTH 215,unknown,2016-10-24T00:00:00,CC0_1_0,,Collector(s): Bryan T. Hamilton,,,2026-05-02T09:09:02.404Z,,CONTINENT_DERIVED_FROM_COORDINATES;INSTITUTION_MATCH_FUZZY;INSTITUTION_COLLECTION_MISMATCH
1656058888,06a00852-f764-4fb8-80d4-ca51f0918459,https://arctos.database.museum/guid/UMNH:Mamm:37952,Animalia,Chordata,Mammalia,Soricomorpha,Soricidae,Sorex,Sorex vagrans,vagrans,SUBSPECIES,"Sorex vagrans vagrans Baird, 1857",Sorex vagrans vagrans,,US,"Snake Range, Baker Creek, Great Basin National Park",Nevada,PRESENT,,2d6267a0-0561-11d8-b851-b8a03c50a862,38.98759,-114.23436,20,,,,,,8/1/08,1,8,2008,7194092,2436042,PRESERVED_SPECIMEN,UMNH,Mammalogy,UMNH:Mamm:37952,BTH 379,unknown,2016-10-24T00:00:00,CC0_1_0,,Collector(s): Bryan T. Hamilton,,,2026-05-02T09:09:02.624Z,,CONTINENT_DERIVED_FROM_COORDINATES;INSTITUTION_MATCH_FUZZY;INSTITUTION_COLLECTION_MISMATCH
1656058878,06a00852-f764-4fb8-80d4-ca51f0918459,https://arctos.database.museum/guid/UMNH:Mamm:37951,Animalia,Chordata,Mammalia,Soricomorpha,Soricidae,Sorex,Sorex vagrans,vagrans,SUBSPECIES,"Sorex vagrans vagrans Baird, 1857",Sorex vagrans vagrans,,US,"Snake Range, Lehman Creek, Great Basin National Park",Nevada,PRESENT,,2d6267a0-0561-11d8-b851-b8a03c50a862,39.01461,-114.23471,20,,,,,,8/2/06,2,8,2006,7194092,2436042,PRESERVED_SPECIMEN,UMNH,Mammalogy,UMNH:Mamm:37951,BTH 264,unknown,2016-10-24T00:00:00,CC0_1_0,,Collector(s): Bryan T. Hamilton,,,2026-05-02T09:09:02.416Z,,CONTINENT_DERIVED_FROM_COORDINATES;INSTITUTION_MATCH_FUZZY;INSTITUTION_COLLECTION_MISMATCH
1656057657,06a00852-f764-4fb8-80d4-ca51f0918459,https://arctos.database.museum/guid/UMNH:Mamm:36757,Animalia,Chordata,Mammalia,Soricomorpha,Soricidae,Sorex,Sorex vagrans,vagrans,SUBSPECIES,"Sorex vagrans vagrans Baird, 1857",Sorex vagrans vagrans,,US,"Snake Range, Cave Springs, Great Basin National Park",Nevada,PRESENT,,2d6267a0-0561-11d8-b851-b8a03c50a862,39.01511,-114.23552,20,,,,,,7/19/11,19,7,2011,7194092,2436042,PRESERVED_SPECIMEN,UMNH,Mammalogy,UMNH:Mamm:36757,BTH 554,unknown,2016-10-24T00:00:00,CC0_1_0,,Collector(s): Bryan T. Hamilton,,,2026-05-02T09:09:02.047Z,,CONTINENT_DERIVED_FROM_COORDINATES;INSTITUTION_MATCH_FUZZY;INSTITUTION_COLLECTION_MISMATCH
1656057624,06a00852-f764-4fb8-80d4-ca51f0918459,https://arctos.database.museum/guid/UMNH:Mamm:36759,Animalia,Chordata,Mammalia,Soricomorpha,Soricidae,Sorex,Sorex vagrans,vagrans,SUBSPECIES,"Sorex vagrans vagrans Baird, 1857",Sorex vagrans vagrans,,US,"Snake Range, Cave Springs, Great Basin National Park",Nevada,PRESENT,,2d6267a0-0561-11d8-b851-b8a03c50a862,39.01482,-114.23501,20,,,,,,7/20/11,20,7,2011,7194092,2436042,PRESERVED_SPECIMEN,UMNH,Mammalogy,UMNH:Mamm:36759,BTH 556,unknown,2016-10-24T00:00:00,CC0_1_0,,Collector(s): Bryan T. Hamilton,,,2026-05-02T09:09:02.114Z,,CONTINENT_DERIVED_FROM_COORDINATES;INSTITUTION_MATCH_FUZZY;INSTITUTION_COLLECTION_MISMATCH
1656057615,06a00852-f764-4fb8-80d4-ca51f0918459,https://arctos.database.museum/guid/UMNH:Mamm:36758,Animalia,Chordata,Mammalia,Soricomorpha,Soricidae,Sorex,Sorex vagrans,vagrans,SUBSPECIES,"Sorex vagrans vagrans Baird, 1857",Sorex vagrans vagrans,,US,"Snake Range, Cave Springs, Great Basin National Park",Nevada,PRESENT,,2d6267a0-0561-11d8-b851-b8a03c50a862,39.01538,-114.23568,20,,,,,,7/19/11,19,7,2011,7194092,2436042,PRESERVED_SPECIMEN,UMNH,Mammalogy,UMNH:Mamm:36758,BTH 555,unknown,2016-10-24T00:00:00,CC0_1_0,,Collector(s): Bryan T. Hamilton,,,2026-05-02T09:09:02.013Z,,CONTINENT_DERIVED_FROM_COORDINATES;INSTITUTION_MATCH_FUZZY;INSTITUTION_COLLECTION_MISMATCH
1656057590,06a00852-f764-4fb8-80d4-ca51f0918459,https://arctos.database.museum/guid/UMNH:Mamm:36760,Animalia,Chordata,Mammalia,Soricomorpha,Soricidae,Sorex,Sorex vagrans,vagrans,SUBSPECIES,"Sorex vagrans vagrans Baird, 1857",Sorex vagrans vagrans,,US,"Snake Range, Cave Springs, Great Basin National Park",Nevada,PRESENT,,2d6267a0-0561-11d8-b851-b8a03c50a862,39.01538,-114.23585,20,,,,,,7/19/11,19,7,2011,7194092,2436042,PRESERVED_SPECIMEN,UMNH,Mammalogy,UMNH:Mamm:36760,BTH 557,unknown,2016-10-24T00:00:00,CC0_1_0,,Collector(s): Bryan T. Hamilton,,,2026-05-02T09:09:02.030Z,,CONTINENT_DERIVED_FROM_COORDINATES;INSTITUTION_MATCH_FUZZY;INSTITUTION_COLLECTION_MISMATCH
1656057534,06a00852-f764-4fb8-80d4-ca51f0918459,https://arctos.database.museum/guid/UMNH:Mamm:36756,Animalia,Chordata,Mammalia,Soricomorpha,Soricidae,Sorex,Sorex vagrans,vagrans,SUBSPECIES,"Sorex vagrans vagrans Baird, 1857",Sorex vagrans vagrans,,US,"Snake Range, Cave Springs, Great Basin National Park",Nevada,PRESENT,,2d6267a0-0561-11d8-b851-b8a03c50a862,39.01511,-114.23569,20,,,,,,7/19/11,19,7,2011,7194092,2436042,PRESERVED_SPECIMEN,UMNH,Mammalogy,UMNH:Mamm:36756,BTH 553,unknown,2016-10-24T00:00:00,CC0_1_0,,Collector(s): Bryan T. Hamilton,,,2026-05-02T09:09:02.095Z,,CONTINENT_DERIVED_FROM_COORDINATES;INSTITUTION_MATCH_FUZZY;INSTITUTION_COLLECTION_MISMATCH
1656057470,06a00852-f764-4fb8-80d4-ca51f0918459,https://arctos.database.museum/guid/UMNH:Mamm:36585,Animalia,Chordata,Mammalia,Soricomorpha,Soricidae,Sorex,Sorex palustris,,SPECIES,"Sorex navigator (Baird, 1858)",Sorex navigator,,US,"Ruby Mountains, Lamoille Canyon, 1.4 km N, 0.4 km W Favre Peak summit",Nevada,PRESENT,,2d6267a0-0561-11d8-b851-b8a03c50a862,40.59728,-115.37918,20,,2808,0,,,7/12/13,12,7,2013,12105209,2436006,PRESERVED_SPECIMEN,UMNH,Mammalogy,UMNH:Mamm:36585,Rebecca J. Rowe RJR 3216,Katrina M. Derieg,2021-09-27T00:00:00,CC0_1_0,,Collector(s): Rebecca J. Rowe; Preparator(s): Lois F. Alexander,,,2026-05-02T09:09:02.085Z,,CONTINENT_DERIVED_FROM_COORDINATES;INSTITUTION_MATCH_FUZZY;INSTITUTION_COLLECTION_MISMATCH
1656057435,06a00852-f764-4fb8-80d4-ca51f0918459,https://arctos.database.museum/guid/UMNH:Mamm:36583,Animalia,Chordata,Mammalia,Soricomorpha,Soricidae,Sorex,Sorex palustris,,SPECIES,"Sorex navigator (Baird, 1858)",Sorex navigator,,US,"Ruby Mountains, Lamoille Canyon, 1.4 km N, 0.4 km W Favre Peak summit",Nevada,PRESENT,,2d6267a0-0561-11d8-b851-b8a03c50a862,40.59728,-115.37918,20,,2808,0,,,7/11/13,11,7,2013,12105209,2436006,PRESERVED_SPECIMEN,UMNH,Mammalogy,UMNH:Mamm:36583,Rebecca J. Rowe RJR 3204,Katrina M. Derieg,2021-09-27T00:00:00,CC0_1_0,,Collector(s): Rebecca J. Rowe; Preparator(s): Lois F. Alexander,,,2026-05-02T09:09:01.997Z,,CONTINENT_DERIVED_FROM_COORDINATES;INSTITUTION_MATCH_FUZZY;INSTITUTION_COLLECTION_MISMATCH
1656057425,06a00852-f764-4fb8-80d4-ca51f0918459,https://arctos.database.museum/guid/UMNH:Mamm:36581,Animalia,Chordata,Mammalia,Soricomorpha,Soricidae,Sorex,Sorex palustris,,SPECIES,"Sorex navigator (Baird, 1858)",Sorex navigator,,US,"Ruby Mountains, Lamoille Canyon, 1.4 km N, 0.4 km W Favre Peak summit",Nevada,PRESENT,,2d6267a0-0561-11d8-b851-b8a03c50a862,40.59728,-115.37918,20,,2808,0,,,7/10/13,10,7,2013,12105209,2436006,PRESERVED_SPECIMEN,UMNH,Mammalogy,UMNH:Mamm:36581,Rebecca J. Rowe RJR 3189,Katrina M. Derieg,2021-09-27T00:00:00,CC0_1_0,,Collector(s): Rebecca J. Rowe; Preparator(s): Lois F. Alexander,,,2026-05-02T09:09:02.071Z,,CONTINENT_DERIVED_FROM_COORDINATES;INSTITUTION_MATCH_FUZZY;INSTITUTION_COLLECTION_MISMATCH
1656057421,06a00852-f764-4fb8-80d4-ca51f0918459,https://arctos.database.museum/guid/UMNH:Mamm:36598,Animalia,Chordata,Mammalia,Soricomorpha,Soricidae,Sorex,Sorex palustris,,SPECIES,"Sorex navigator (Baird, 1858)",Sorex navigator,,US,"Ruby Mountains, Dollar Lakes, 0.85 km N, 0.925 km W Favre Peak summit",Nevada,PRESENT,,2d6267a0-0561-11d8-b851-b8a03c50a862,40.59248,-115.38567,20,,2934,0,,,7/14/13,14,7,2013,12105209,2436006,PRESERVED_SPECIMEN,UMNH,Mammalogy,UMNH:Mamm:36598,Rebecca J. Rowe RJR 3230,Katrina M. Derieg,2021-09-27T00:00:00,CC0_1_0,,Collector(s): Rebecca J. Rowe,,,2026-05-02T09:09:01.993Z,,CONTINENT_DERIVED_FROM_COORDINATES;INSTITUTION_MATCH_FUZZY;INSTITUTION_COLLECTION_MISMATCH
1656057411,06a00852-f764-4fb8-80d4-ca51f0918459,https://arctos.database.museum/guid/UMNH:Mamm:36599,Animalia,Chordata,Mammalia,Soricomorpha,Soricidae,Sorex,Sorex palustris,,SPECIES,"Sorex navigator (Baird, 1858)",Sorex navigator,,US,"Ruby Mountains, Lamoille Creek, 1.0 km N, 1.25 km W Favre Peak summit",Nevada,PRESENT,,2d6267a0-0561-11d8-b851-b8a03c50a862,40.59416,-115.38976,20,,2949,0,,,7/16/13,16,7,2013,12105209,2436006,PRESERVED_SPECIMEN,UMNH,Mammalogy,UMNH:Mamm:36599,Rebecca J. Rowe RJR 3277,Katrina M. Derieg,2021-09-27T00:00:00,CC0_1_0,,Collector(s): Rebecca J. Rowe,,,2026-05-02T09:09:02.183Z,,CONTINENT_DERIVED_FROM_COORDINATES;INSTITUTION_MATCH_FUZZY;INSTITUTION_COLLECTION_MISMATCH
1656057387,06a00852-f764-4fb8-80d4-ca51f0918459,https://arctos.database.museum/guid/UMNH:Mamm:36600,Animalia,Chordata,Mammalia,Soricomorpha,Soricidae,Sorex,Sorex palustris,,SPECIES,"Sorex navigator (Baird, 1858)",Sorex navigator,,US,"Ruby Mountains, Dollar Lakes, 0.85 km N, 0.925 km W Favre Peak summit",Nevada,PRESENT,,2d6267a0-0561-11d8-b851-b8a03c50a862,40.59248,-115.38567,20,,2934,0,,,7/16/13,16,7,2013,12105209,2436006,PRESERVED_SPECIMEN,UMNH,Mammalogy,UMNH:Mamm:36600,Rebecca J. Rowe RJR 3286,Katrina M. Derieg,2021-09-27T00:00:00,CC0_1_0,,Collector(s): Rebecca J. Rowe,,,2026-05-02T09:09:01.929Z,,CONTINENT_DERIVED_FROM_COORDINATES;INSTITUTION_MATCH_FUZZY;INSTITUTION_COLLECTION_MISMATCH
1656057383,06a00852-f764-4fb8-80d4-ca51f0918459,https://arctos.database.museum/guid/UMNH:Mamm:36584,Animalia,Chordata,Mammalia,Soricomorpha,Soricidae,Sorex,Sorex palustris,,SPECIES,"Sorex navigator (Baird, 1858)",Sorex navigator,,US,"Ruby Mountains, Lamoille Canyon, 1.4 km N, 0.4 km W Favre Peak summit",Nevada,PRESENT,,2d6267a0-0561-11d8-b851-b8a03c50a862,40.59728,-115.37918,20,,2808,0,,,7/12/13,12,7,2013,12105209,2436006,PRESERVED_SPECIMEN,UMNH,Mammalogy,UMNH:Mamm:36584,Rebecca J. Rowe RJR 3215,Katrina M. Derieg,2021-09-27T00:00:00,CC0_1_0,,Collector(s): Rebecca J. Rowe; Preparator(s): Lois F. Alexander,,,2026-05-02T09:09:01.928Z,,CONTINENT_DERIVED_FROM_COORDINATES;INSTITUTION_MATCH_FUZZY;INSTITUTION_COLLECTION_MISMATCH
1656057351,06a00852-f764-4fb8-80d4-ca51f0918459,https://arctos.database.museum/guid/UMNH:Mamm:36582,Animalia,Chordata,Mammalia,Soricomorpha,Soricidae,Sorex,Sorex palustris,,SPECIES,"Sorex navigator (Baird, 1858)",Sorex navigator,,US,"Ruby Mountains, Lamoille Canyon, 1.4 km N, 0.4 km W Favre Peak summit",Nevada,PRESENT,,2d6267a0-0561-11d8-b851-b8a03c50a862,40.59728,-115.37918,20,,2808,0,,,7/10/13,10,7,2013,12105209,2436006,PRESERVED_SPECIMEN,UMNH,Mammalogy,UMNH:Mamm:36582,Rebecca J. Rowe RJR 3190,Katrina M. Derieg,2021-09-27T00:00:00,CC0_1_0,,Collector(s): Rebecca J. Rowe; Preparator(s): Lois F. Alexander,,,2026-05-02T09:09:01.983Z,,CONTINENT_DERIVED_FROM_COORDINATES;INSTITUTION_MATCH_FUZZY;INSTITUTION_COLLECTION_MISMATCH
1656057333,06a00852-f764-4fb8-80d4-ca51f0918459,https://arctos.database.museum/guid/UMNH:Mamm:36558,Animalia,Chordata,Mammalia,Soricomorpha,Soricidae,Sorex,Sorex vagrans,vagrans,SUBSPECIES,"Sorex vagrans vagrans Baird, 1857",Sorex vagrans vagrans,,US,"Ruby Mountains, Thomas Creek, 0.2 km above mouth",Nevada,PRESENT,,2d6267a0-0561-11d8-b851-b8a03c50a862,40.64897,-115.40548,20,,2316,0,,,7/20/13,20,7,2013,7194092,2436042,PRESERVED_SPECIMEN,UMNH,Mammalogy,UMNH:Mamm:36558,RJR 3351,unknown,2016-10-24T00:00:00,CC0_1_0,,Collector(s): Rebecca J. Rowe,,,2026-05-02T09:09:01.977Z,,CONTINENT_DERIVED_FROM_COORDINATES;INSTITUTION_MATCH_FUZZY;INSTITUTION_COLLECTION_MISMATCH
1656057328,06a00852-f764-4fb8-80d4-ca51f0918459,https://arctos.database.museum/guid/UMNH:Mamm:36490,Animalia,Chordata,Mammalia,Soricomorpha,Soricidae,Sorex,Sorex vagrans,vagrans,SUBSPECIES,"Sorex vagrans vagrans Baird, 1857",Sorex vagrans vagrans,,US,"Ruby Mountains, Thomas Creek, 0.2 km above mouth",Nevada,PRESENT,,2d6267a0-0561-11d8-b851-b8a03c50a862,40.64897,-115.40548,20,,2316,0,,,7/17/13,17,7,2013,7194092,2436042,PRESERVED_SPECIMEN,UMNH,Mammalogy,UMNH:Mamm:36490,EAR 8720,unknown,2016-10-24T00:00:00,CC0_1_0,,Collector(s): Eric A. Rickart,,,2026-05-02T09:09:01.853Z,,CONTINENT_DERIVED_FROM_COORDINATES;INSTITUTION_MATCH_FUZZY;INSTITUTION_COLLECTION_MISMATCH
1656057326,06a00852-f764-4fb8-80d4-ca51f0918459,https://arctos.database.museum/guid/UMNH:Mamm:36601,Animalia,Chordata,Mammalia,Soricomorpha,Soricidae,Sorex,Sorex palustris,,SPECIES,"Sorex navigator (Baird, 1858)",Sorex navigator,,US,"Ruby Mountains, Dollar Lakes, 0.85 km N, 0.925 km W Favre Peak summit",Nevada,PRESENT,,2d6267a0-0561-11d8-b851-b8a03c50a862,40.59248,-115.38567,20,,2934,0,,,7/16/13,16,7,2013,12105209,2436006,PRESERVED_SPECIMEN,UMNH,Mammalogy,UMNH:Mamm:36601,Rebecca J. Rowe RJR 3288,Katrina M. Derieg,2021-09-27T00:00:00,CC0_1_0,,Collector(s): Rebecca J. Rowe,,,2026-05-02T09:09:01.850Z,,CONTINENT_DERIVED_FROM_COORDINATES;INSTITUTION_MATCH_FUZZY;INSTITUTION_COLLECTION_MISMATCH
1656057323,06a00852-f764-4fb8-80d4-ca51f0918459,https://arctos.database.museum/guid/UMNH:Mamm:36509,Animalia,Chordata,Mammalia,Soricomorpha,Soricidae,Sorex,Sorex palustris,,SPECIES,"Sorex navigator (Baird, 1858)",Sorex navigator,,US,"Ruby Mountains, Lamoille Canyon, 2.15 km N, 0.25 km W Favre Peak summit",Nevada,PRESENT,,2d6267a0-0561-11d8-b851-b8a03c50a862,40.60389,-115.27799,20,,2688,0,,,7/11/13,11,7,2013,12105209,2436006,PRESERVED_SPECIMEN,UMNH,Mammalogy,UMNH:Mamm:36509,Eric A. Rickart EAR 8707,Katrina M. Derieg,2021-09-27T00:00:00,CC0_1_0,,Collector(s): Eric A. Rickart,,,2026-05-02T09:09:02.168Z,,CONTINENT_DERIVED_FROM_COORDINATES;INSTITUTION_MATCH_FUZZY;INSTITUTION_COLLECTION_MISMATCH
1656057283,06a00852-f764-4fb8-80d4-ca51f0918459,https://arctos.database.museum/guid/UMNH:Mamm:36510,Animalia,Chordata,Mammalia,Soricomorpha,Soricidae,Sorex,Sorex palustris,,SPECIES,"Sorex navigator (Baird, 1858)",Sorex navigator,,US,"Ruby Mountains, Lamoille Canyon, 2.15 km N, 0.25 km W Favre Peak summit",Nevada,PRESENT,,2d6267a0-0561-11d8-b851-b8a03c50a862,40.60389,-115.27799,20,,2688,0,,,7/12/13,12,7,2013,12105209,2436006,PRESERVED_SPECIMEN,UMNH,Mammalogy,UMNH:Mamm:36510,Eric A. Rickart EAR 8708,Katrina M. Derieg,2021-09-27T00:00:00,CC0_1_0,,Collector(s): Eric A. Rickart,,,2026-05-02T09:09:01.899Z,,CONTINENT_DERIVED_FROM_COORDINATES;INSTITUTION_MATCH_FUZZY;INSTITUTION_COLLECTION_MISMATCH
1656056598,06a00852-f764-4fb8-80d4-ca51f0918459,https://arctos.database.museum/guid/UMNH:Mamm:35852,Animalia,Chordata,Mammalia,Soricomorpha,Soricidae,Sorex,Sorex palustris,,SPECIES,"Sorex navigator (Baird, 1858)",Sorex navigator,,US,"Pine Forest Range, vicinity of Cold Spring, 0.78 km N, 3.32 km E Duffer Peak summit",Nevada,PRESENT,,2d6267a0-0561-11d8-b851-b8a03c50a862,41.6692,-118.68967,20,,2387,0,,,8/12/12,12,8,2012,12105209,2436006,PRESERVED_SPECIMEN,UMNH,Mammalogy,UMNH:Mamm:35852,Eric A. Rickart EAR 8487,Katrina M. Derieg,2021-09-27T00:00:00,CC0_1_0,,Collector(s): Eric A. Rickart,,,2026-05-02T09:09:01.852Z,,CONTINENT_DERIVED_FROM_COORDINATES;INSTITUTION_MATCH_FUZZY;INSTITUTION_COLLECTION_MISMATCH
1656056595,06a00852-f764-4fb8-80d4-ca51f0918459,https://arctos.database.museum/guid/UMNH:Mamm:35851,Animalia,Chordata,Mammalia,Soricomorpha,Soricidae,Sorex,Sorex palustris,,SPECIES,"Sorex navigator (Baird, 1858)",Sorex navigator,,US,"Pine Forest Range, vicinity of Cold Spring, 0.78 km N, 3.32 km E Duffer Peak summit",Nevada,PRESENT,,2d6267a0-0561-11d8-b851-b8a03c50a862,41.6692,-118.68967,20,,2387,0,,,8/10/12,10,8,2012,12105209,2436006,PRESERVED_SPECIMEN,UMNH,Mammalogy,UMNH:Mamm:35851,Eric A. Rickart EAR 8427,Katrina M. Derieg,2021-09-27T00:00:00,CC0_1_0,,Collector(s): Eric A. Rickart,,,2026-05-02T09:09:01.720Z,,CONTINENT_DERIVED_FROM_COORDINATES;INSTITUTION_MATCH_FUZZY;INSTITUTION_COLLECTION_MISMATCH
1656056364,06a00852-f764-4fb8-80d4-ca51f0918459,https://arctos.database.museum/guid/UMNH:Mamm:35679,Animalia,Chordata,Mammalia,Soricomorpha,Soricidae,Sorex,Sorex palustris,,SPECIES,"Sorex navigator (Baird, 1858)",Sorex navigator,,US,"Pine Forest Range, vicinity of Onion Valley Reservoir, 3.13 km N, 1.00 km W Duffer Peak summit",Nevada,PRESENT,,2d6267a0-0561-11d8-b851-b8a03c50a862,41.69035,-118.7414,20,,2161,0,,,6/28/12,28,6,2012,12105209,2436006,PRESERVED_SPECIMEN,UMNH,Mammalogy,UMNH:Mamm:35679,Rebecca J. Rowe RJR 3024,Katrina M. Derieg,2021-09-27T00:00:00,CC0_1_0,,Collector(s): Rebecca J. Rowe; Preparator(s): Ryan B. Stephens,,,2026-05-02T09:09:01.764Z,,CONTINENT_DERIVED_FROM_COORDINATES;INSTITUTION_MATCH_FUZZY;INSTITUTION_COLLECTION_MISMATCH
1656056349,06a00852-f764-4fb8-80d4-ca51f0918459,https://arctos.database.museum/guid/UMNH:Mamm:35646,Animalia,Chordata,Mammalia,Soricomorpha,Soricidae,Sorex,Sorex palustris,,SPECIES,"Sorex navigator (Baird, 1858)",Sorex navigator,,US,"Pine Forest Range, vicinity of Onion Valley Reservoir, 3.13 km N, 1.00 km W Duffer Peak summit",Nevada,PRESENT,,2d6267a0-0561-11d8-b851-b8a03c50a862,41.69035,-118.7414,20,,2161,0,,,6/28/12,28,6,2012,12105209,2436006,PRESERVED_SPECIMEN,UMNH,Mammalogy,UMNH:Mamm:35646,RJR 3025,Katrina M. Derieg,2021-09-27T00:00:00,CC0_1_0,,Collector(s): Rebecca J. Rowe,,,2026-05-02T09:09:01.511Z,,CONTINENT_DERIVED_FROM_COORDINATES;INSTITUTION_MATCH_FUZZY;INSTITUTION_COLLECTION_MISMATCH
1656056342,06a00852-f764-4fb8-80d4-ca51f0918459,https://arctos.database.museum/guid/UMNH:Mamm:35680,Animalia,Chordata,Mammalia,Soricomorpha,Soricidae,Sorex,Sorex palustris,,SPECIES,"Sorex navigator (Baird, 1858)",Sorex navigator,,US,"Pine Forest Range, vicinity of Onion Valley Reservoir, 3.13 km N, 1.00 km W Duffer Peak summit",Nevada,PRESENT,,2d6267a0-0561-11d8-b851-b8a03c50a862,41.69035,-118.7414,20,,2161,0,,,7/1/12,1,7,2012,12105209,2436006,PRESERVED_SPECIMEN,UMNH,Mammalogy,UMNH:Mamm:35680,Rebecca J. Rowe RJR 3108,Katrina M. Derieg,2021-09-27T00:00:00,CC0_1_0,,Collector(s): Rebecca J. Rowe; Preparator(s): Ryan B. Stephens,,,2026-05-02T09:09:01.843Z,,CONTINENT_DERIVED_FROM_COORDINATES;INSTITUTION_MATCH_FUZZY;INSTITUTION_COLLECTION_MISMATCH
1656055109,06a00852-f764-4fb8-80d4-ca51f0918459,https://arctos.database.museum/guid/UMNH:Mamm:34467,Animalia,Chordata,Mammalia,Soricomorpha,Soricidae,Sorex,Sorex vagrans,vagrans,SUBSPECIES,"Sorex vagrans vagrans Baird, 1857",Sorex vagrans vagrans,,US,"Toiyabe Range, Birch Creek, 1.98 km  N, 5.67 km E North Toiyabe Peak",Nevada,PRESENT,,2d6267a0-0561-11d8-b851-b8a03c50a862,39.37731,-117.00854,20,,1935,0,,,7/15/11,15,7,2011,7194092,2436042,PRESERVED_SPECIMEN,UMNH,Mammalogy,UMNH:Mamm:34467,RJR 2785,unknown,2016-10-24T00:00:00,CC0_1_0,,Collector(s): Rebecca J. Rowe,,,2026-05-02T09:09:01.017Z,,CONTINENT_DERIVED_FROM_COORDINATES;INSTITUTION_MATCH_FUZZY;INSTITUTION_COLLECTION_MISMATCH
1656055080,06a00852-f764-4fb8-80d4-ca51f0918459,https://arctos.database.museum/guid/UMNH:Mamm:34482,Animalia,Chordata,Mammalia,Soricomorpha,Soricidae,Sorex,Sorex vagrans,vagrans,SUBSPECIES,"Sorex vagrans vagrans Baird, 1857",Sorex vagrans vagrans,,US,"Toiyabe Range, Birch Creek, 4.25 km  N, 3.05 km E North Toiyabe Peak",Nevada,PRESENT,,2d6267a0-0561-11d8-b851-b8a03c50a862,39.3978,-117.03893,20,,2156,0,,,7/13/11,13,7,2011,7194092,2436042,PRESERVED_SPECIMEN,UMNH,Mammalogy,UMNH:Mamm:34482,EAR 7872,unknown,2016-10-24T00:00:00,CC0_1_0,,Collector(s): Eric A. Rickart,,,2026-05-02T09:09:01.005Z,,CONTINENT_DERIVED_FROM_COORDINATES;INSTITUTION_MATCH_FUZZY;INSTITUTION_COLLECTION_MISMATCH
1656055069,06a00852-f764-4fb8-80d4-ca51f0918459,https://arctos.database.museum/guid/UMNH:Mamm:34465,Animalia,Chordata,Mammalia,Soricomorpha,Soricidae,Sorex,Sorex vagrans,vagrans,SUBSPECIES,"Sorex vagrans vagrans Baird, 1857",Sorex vagrans vagrans,,US,"Toiyabe Range, Birch Creek, 1.98 km  N, 5.67 km E North Toiyabe Peak",Nevada,PRESENT,,2d6267a0-0561-11d8-b851-b8a03c50a862,39.37731,-117.00854,20,,1935,0,,,7/14/11,14,7,2011,7194092,2436042,PRESERVED_SPECIMEN,UMNH,Mammalogy,UMNH:Mamm:34465,RJR 2774,unknown,2016-10-24T00:00:00,CC0_1_0,,Collector(s): Rebecca J. Rowe,,,2026-05-02T09:09:00.817Z,,CONTINENT_DERIVED_FROM_COORDINATES;INSTITUTION_MATCH_FUZZY;INSTITUTION_COLLECTION_MISMATCH
1656055059,06a00852-f764-4fb8-80d4-ca51f0918459,https://arctos.database.museum/guid/UMNH:Mamm:34484,Animalia,Chordata,Mammalia,Soricomorpha,Soricidae,Sorex,Sorex vagrans,vagrans,SUBSPECIES,"Sorex vagrans vagrans Baird, 1857",Sorex vagrans vagrans,,US,"Toiyabe Range, Birch Creek, 4.25 km  N, 3.05 km E North Toiyabe Peak",Nevada,PRESENT,,2d6267a0-0561-11d8-b851-b8a03c50a862,39.3978,-117.03893,20,,2156,0,,,7/14/11,14,7,2011,7194092,2436042,PRESERVED_SPECIMEN,UMNH,Mammalogy,UMNH:Mamm:34484,EAR 7922,unknown,2016-10-24T00:00:00,CC0_1_0,,Collector(s): Eric A. Rickart,,,2026-05-02T09:09:00.810Z,,CONTINENT_DERIVED_FROM_COORDINATES;INSTITUTION_MATCH_FUZZY;INSTITUTION_COLLECTION_MISMATCH
1656055052,06a00852-f764-4fb8-80d4-ca51f0918459,https://arctos.database.museum/guid/UMNH:Mamm:34483,Animalia,Chordata,Mammalia,Soricomorpha,Soricidae,Sorex,Sorex vagrans,vagrans,SUBSPECIES,"Sorex vagrans vagrans Baird, 1857",Sorex vagrans vagrans,,US,"Toiyabe Range, Birch Creek, 4.25 km  N, 3.05 km E North Toiyabe Peak",Nevada,PRESENT,,2d6267a0-0561-11d8-b851-b8a03c50a862,39.3978,-117.03893,20,,2156,0,,,7/13/11,13,7,2011,7194092,2436042,PRESERVED_SPECIMEN,UMNH,Mammalogy,UMNH:Mamm:34483,EAR 7873,unknown,2016-10-24T00:00:00,CC0_1_0,,Collector(s): Eric A. Rickart,,,2026-05-02T09:09:01.001Z,,CONTINENT_DERIVED_FROM_COORDINATES;INSTITUTION_MATCH_FUZZY;INSTITUTION_COLLECTION_MISMATCH
1656055038,06a00852-f764-4fb8-80d4-ca51f0918459,https://arctos.database.museum/guid/UMNH:Mamm:34466,Animalia,Chordata,Mammalia,Soricomorpha,Soricidae,Sorex,Sorex vagrans,vagrans,SUBSPECIES,"Sorex vagrans vagrans Baird, 1857",Sorex vagrans vagrans,,US,"Toiyabe Range, Birch Creek, 1.98 km  N, 5.67 km E North Toiyabe Peak",Nevada,PRESENT,,2d6267a0-0561-11d8-b851-b8a03c50a862,39.37731,-117.00854,20,,1935,0,,,7/14/11,14,7,2011,7194092,2436042,PRESERVED_SPECIMEN,UMNH,Mammalogy,UMNH:Mamm:34466,RJR 2775,unknown,2016-10-24T00:00:00,CC0_1_0,,Collector(s): Rebecca J. Rowe,,,2026-05-02T09:09:00.996Z,,CONTINENT_DERIVED_FROM_COORDINATES;INSTITUTION_MATCH_FUZZY;INSTITUTION_COLLECTION_MISMATCH
1656055020,06a00852-f764-4fb8-80d4-ca51f0918459,https://arctos.database.museum/guid/UMNH:Mamm:34464,Animalia,Chordata,Mammalia,Soricomorpha,Soricidae,Sorex,Sorex vagrans,vagrans,SUBSPECIES,"Sorex vagrans vagrans Baird, 1857",Sorex vagrans vagrans,,US,"Toiyabe Range, Birch Creek, 1.98 km  N, 5.67 km E North Toiyabe Peak",Nevada,PRESENT,,2d6267a0-0561-11d8-b851-b8a03c50a862,39.37731,-117.00854,20,,1935,0,,,7/13/11,13,7,2011,7194092,2436042,PRESERVED_SPECIMEN,UMNH,Mammalogy,UMNH:Mamm:34464,RJR 2723,unknown,2016-10-24T00:00:00,CC0_1_0,,Collector(s): Rebecca J. Rowe,,,2026-05-02T09:09:01.086Z,,CONTINENT_DERIVED_FROM_COORDINATES;INSTITUTION_MATCH_FUZZY;INSTITUTION_COLLECTION_MISMATCH
1656054990,06a00852-f764-4fb8-80d4-ca51f0918459,https://arctos.database.museum/guid/UMNH:Mamm:34318,Animalia,Chordata,Mammalia,Soricomorpha,Soricidae,Sorex,Sorex vagrans,vagrans,SUBSPECIES,"Sorex vagrans vagrans Baird, 1857",Sorex vagrans vagrans,,US,"Toiyabe Range, Birch Creek, 4.32 km  N, 3.07 km E North Toiyabe Peak",Nevada,PRESENT,,2d6267a0-0561-11d8-b851-b8a03c50a862,39.39843,-117.03887,20,,2156,0,,,7/14/11,14,7,2011,7194092,2436042,PRESERVED_SPECIMEN,UMNH,Mammalogy,UMNH:Mamm:34318,EAR 7925,unknown,2016-10-24T00:00:00,CC0_1_0,,Collector(s): Eric A. Rickart,,,2026-05-02T09:09:00.797Z,,CONTINENT_DERIVED_FROM_COORDINATES;INSTITUTION_MATCH_FUZZY;INSTITUTION_COLLECTION_MISMATCH
1656054965,06a00852-f764-4fb8-80d4-ca51f0918459,https://arctos.database.museum/guid/UMNH:Mamm:34327,Animalia,Chordata,Mammalia,Soricomorpha,Soricidae,Sorex,Sorex vagrans,vagrans,SUBSPECIES,"Sorex vagrans vagrans Baird, 1857",Sorex vagrans vagrans,,US,"Toiyabe Range, Birch Creek, 4.32 km  N, 3.07 km E North Toiyabe Peak",Nevada,PRESENT,,2d6267a0-0561-11d8-b851-b8a03c50a862,39.39843,-117.03887,20,,2156,0,,,7/16/11,16,7,2011,7194092,2436042,PRESERVED_SPECIMEN,UMNH,Mammalogy,UMNH:Mamm:34327,EAR 7973,unknown,2016-10-24T00:00:00,CC0_1_0,,Collector(s): Eric A. Rickart,,,2026-05-02T09:09:01.408Z,,CONTINENT_DERIVED_FROM_COORDINATES;INSTITUTION_MATCH_FUZZY;INSTITUTION_COLLECTION_MISMATCH
1656054955,06a00852-f764-4fb8-80d4-ca51f0918459,https://arctos.database.museum/guid/UMNH:Mamm:34329,Animalia,Chordata,Mammalia,Soricomorpha,Soricidae,Sorex,Sorex vagrans,vagrans,SUBSPECIES,"Sorex vagrans vagrans Baird, 1857",Sorex vagrans vagrans,,US,"Toiyabe Range, Birch Creek, 4.32 km  N, 3.07 km E North Toiyabe Peak",Nevada,PRESENT,,2d6267a0-0561-11d8-b851-b8a03c50a862,39.39843,-117.03887,20,,2156,0,,,7/16/11,16,7,2011,7194092,2436042,PRESERVED_SPECIMEN,UMNH,Mammalogy,UMNH:Mamm:34329,EAR 7975,unknown,2016-10-24T00:00:00,CC0_1_0,,Collector(s): Eric A. Rickart,,,2026-05-02T09:09:01.112Z,,CONTINENT_DERIVED_FROM_COORDINATES;INSTITUTION_MATCH_FUZZY;INSTITUTION_COLLECTION_MISMATCH
1656054945,06a00852-f764-4fb8-80d4-ca51f0918459,https://arctos.database.museum/guid/UMNH:Mamm:34321,Animalia,Chordata,Mammalia,Soricomorpha,Soricidae,Sorex,Sorex vagrans,vagrans,SUBSPECIES,"Sorex vagrans vagrans Baird, 1857",Sorex vagrans vagrans,,US,"Toiyabe Range, Birch Creek, 4.25 km  N, 3.05 km E North Toiyabe Peak",Nevada,PRESENT,,2d6267a0-0561-11d8-b851-b8a03c50a862,39.3978,-117.03893,20,,2156,0,,,7/15/11,15,7,2011,7194092,2436042,PRESERVED_SPECIMEN,UMNH,Mammalogy,UMNH:Mamm:34321,EAR 7965,unknown,2016-10-24T00:00:00,CC0_1_0,,Collector(s): Eric A. Rickart,,,2026-05-02T09:09:01.403Z,,CONTINENT_DERIVED_FROM_COORDINATES;INSTITUTION_MATCH_FUZZY;INSTITUTION_COLLECTION_MISMATCH
1656054937,06a00852-f764-4fb8-80d4-ca51f0918459,https://arctos.database.museum/guid/UMNH:Mamm:34319,Animalia,Chordata,Mammalia,Soricomorpha,Soricidae,Sorex,Sorex vagrans,vagrans,SUBSPECIES,"Sorex vagrans vagrans Baird, 1857",Sorex vagrans vagrans,,US,"Toiyabe Range, Birch Creek, 4.32 km  N, 3.07 km E North Toiyabe Peak",Nevada,PRESENT,,2d6267a0-0561-11d8-b851-b8a03c50a862,39.39843,-117.03887,20,,2156,0,,,7/14/11,14,7,2011,7194092,2436042,PRESERVED_SPECIMEN,UMNH,Mammalogy,UMNH:Mamm:34319,EAR 7941,unknown,2016-10-24T00:00:00,CC0_1_0,,Collector(s): Eric A. Rickart,,,2026-05-02T09:09:01.061Z,,CONTINENT_DERIVED_FROM_COORDINATES;INSTITUTION_MATCH_FUZZY;INSTITUTION_COLLECTION_MISMATCH
1656054928,06a00852-f764-4fb8-80d4-ca51f0918459,https://arctos.database.museum/guid/UMNH:Mamm:34335,Animalia,Chordata,Mammalia,Soricomorpha,Soricidae,Sorex,Sorex vagrans,vagrans,SUBSPECIES,"Sorex vagrans vagrans Baird, 1857",Sorex vagrans vagrans,,US,"Toiyabe Range, Birch Creek, 4.25 km  N, 3.05 km E North Toiyabe Peak",Nevada,PRESENT,,2d6267a0-0561-11d8-b851-b8a03c50a862,39.3978,-117.03893,20,,2156,0,,,7/16/11,16,7,2011,7194092,2436042,PRESERVED_SPECIMEN,UMNH,Mammalogy,UMNH:Mamm:34335,EAR 7981,unknown,2016-10-24T00:00:00,CC0_1_0,,Collector(s): Eric A. Rickart,,,2026-05-02T09:09:00.965Z,,CONTINENT_DERIVED_FROM_COORDINATES;INSTITUTION_MATCH_FUZZY;INSTITUTION_COLLECTION_MISMATCH
1656054924,06a00852-f764-4fb8-80d4-ca51f0918459,https://arctos.database.museum/guid/UMNH:Mamm:34334,Animalia,Chordata,Mammalia,Soricomorpha,Soricidae,Sorex,Sorex vagrans,vagrans,SUBSPECIES,"Sorex vagrans vagrans Baird, 1857",Sorex vagrans vagrans,,US,"Toiyabe Range, Birch Creek, 4.25 km  N, 3.05 km E North Toiyabe Peak",Nevada,PRESENT,,2d6267a0-0561-11d8-b851-b8a03c50a862,39.3978,-117.03893,20,,2156,0,,,7/16/11,16,7,2011,7194092,2436042,PRESERVED_SPECIMEN,UMNH,Mammalogy,UMNH:Mamm:34334,EAR 7980,unknown,2016-10-24T00:00:00,CC0_1_0,,Collector(s): Eric A. Rickart,,,2026-05-02T09:09:00.964Z,,CONTINENT_DERIVED_FROM_COORDINATES;INSTITUTION_MATCH_FUZZY;INSTITUTION_COLLECTION_MISMATCH
1656054921,06a00852-f764-4fb8-80d4-ca51f0918459,https://arctos.database.museum/guid/UMNH:Mamm:34323,Animalia,Chordata,Mammalia,Soricomorpha,Soricidae,Sorex,Sorex vagrans,vagrans,SUBSPECIES,"Sorex vagrans vagrans Baird, 1857",Sorex vagrans vagrans,,US,"Toiyabe Range, Birch Creek, 4.25 km  N, 3.05 km E North Toiyabe Peak",Nevada,PRESENT,,2d6267a0-0561-11d8-b851-b8a03c50a862,39.3978,-117.03893,20,,2156,0,,,7/15/11,15,7,2011,7194092,2436042,PRESERVED_SPECIMEN,UMNH,Mammalogy,UMNH:Mamm:34323,EAR 7967,unknown,2016-10-24T00:00:00,CC0_1_0,,Collector(s): Eric A. Rickart,,,2026-05-02T09:09:01.106Z,,CONTINENT_DERIVED_FROM_COORDINATES;INSTITUTION_MATCH_FUZZY;INSTITUTION_COLLECTION_MISMATCH
1656054913,06a00852-f764-4fb8-80d4-ca51f0918459,https://arctos.database.museum/guid/UMNH:Mamm:34336,Animalia,Chordata,Mammalia,Soricomorpha,Soricidae,Sorex,Sorex vagrans,vagrans,SUBSPECIES,"Sorex vagrans vagrans Baird, 1857",Sorex vagrans vagrans,,US,"Toiyabe Range, Birch Creek, 4.25 km  N, 3.05 km E North Toiyabe Peak",Nevada,PRESENT,,2d6267a0-0561-11d8-b851-b8a03c50a862,39.3978,-117.03893,20,,2156,0,,,7/16/11,16,7,2011,7194092,2436042,PRESERVED_SPECIMEN,UMNH,Mammalogy,UMNH:Mamm:34336,EAR 7982,unknown,2016-10-24T00:00:00,CC0_1_0,,Collector(s): Eric A. Rickart,,,2026-05-02T09:09:01.393Z,,CONTINENT_DERIVED_FROM_COORDINATES;INSTITUTION_MATCH_FUZZY;INSTITUTION_COLLECTION_MISMATCH
1656054908,06a00852-f764-4fb8-80d4-ca51f0918459,https://arctos.database.museum/guid/UMNH:Mamm:34324,Animalia,Chordata,Mammalia,Soricomorpha,Soricidae,Sorex,Sorex vagrans,vagrans,SUBSPECIES,"Sorex vagrans vagrans Baird, 1857",Sorex vagrans vagrans,,US,"Toiyabe Range, Birch Creek, 4.32 km  N, 3.07 km E North Toiyabe Peak",Nevada,PRESENT,,2d6267a0-0561-11d8-b851-b8a03c50a862,39.39843,-117.03887,20,,2156,0,,,7/15/11,15,7,2011,7194092,2436042,PRESERVED_SPECIMEN,UMNH,Mammalogy,UMNH:Mamm:34324,EAR 7968,unknown,2016-10-24T00:00:00,CC0_1_0,,Collector(s): Eric A. Rickart,,,2026-05-02T09:09:01.208Z,,CONTINENT_DERIVED_FROM_COORDINATES;INSTITUTION_MATCH_FUZZY;INSTITUTION_COLLECTION_MISMATCH
1656054906,06a00852-f764-4fb8-80d4-ca51f0918459,https://arctos.database.museum/guid/UMNH:Mamm:34322,Animalia,Chordata,Mammalia,Soricomorpha,Soricidae,Sorex,Sorex vagrans,vagrans,SUBSPECIES,"Sorex vagrans vagrans Baird, 1857",Sorex vagrans vagrans,,US,"Toiyabe Range, Birch Creek, 4.25 km  N, 3.05 km E North Toiyabe Peak",Nevada,PRESENT,,2d6267a0-0561-11d8-b851-b8a03c50a862,39.3978,-117.03893,20,,2156,0,,,7/15/11,15,7,2011,7194092,2436042,PRESERVED_SPECIMEN,UMNH,Mammalogy,UMNH:Mamm:34322,EAR 7966,unknown,2016-10-24T00:00:00,CC0_1_0,,Collector(s): Eric A. Rickart,,,2026-05-02T09:09:00.786Z,,CONTINENT_DERIVED_FROM_COORDINATES;INSTITUTION_MATCH_FUZZY;INSTITUTION_COLLECTION_MISMATCH
1656054900,06a00852-f764-4fb8-80d4-ca51f0918459,https://arctos.database.museum/guid/UMNH:Mamm:34332,Animalia,Chordata,Mammalia,Soricomorpha,Soricidae,Sorex,Sorex vagrans,vagrans,SUBSPECIES,"Sorex vagrans vagrans Baird, 1857",Sorex vagrans vagrans,,US,"Toiyabe Range, Birch Creek, 4.32 km  N, 3.07 km E North Toiyabe Peak",Nevada,PRESENT,,2d6267a0-0561-11d8-b851-b8a03c50a862,39.39843,-117.03887,20,,2156,0,,,7/16/11,16,7,2011,7194092,2436042,PRESERVED_SPECIMEN,UMNH,Mammalogy,UMNH:Mamm:34332,EAR 7978,unknown,2016-10-24T00:00:00,CC0_1_0,,Collector(s): Eric A. Rickart,,,2026-05-02T09:09:01.389Z,,CONTINENT_DERIVED_FROM_COORDINATES;INSTITUTION_MATCH_FUZZY;INSTITUTION_COLLECTION_MISMATCH
1656054897,06a00852-f764-4fb8-80d4-ca51f0918459,https://arctos.database.museum/guid/UMNH:Mamm:34331,Animalia,Chordata,Mammalia,Soricomorpha,Soricidae,Sorex,Sorex vagrans,vagrans,SUBSPECIES,"Sorex vagrans vagrans Baird, 1857",Sorex vagrans vagrans,,US,"Toiyabe Range, Birch Creek, 4.32 km  N, 3.07 km E North Toiyabe Peak",Nevada,PRESENT,,2d6267a0-0561-11d8-b851-b8a03c50a862,39.39843,-117.03887,20,,2156,0,,,7/16/11,16,7,2011,7194092,2436042,PRESERVED_SPECIMEN,UMNH,Mammalogy,UMNH:Mamm:34331,EAR 7977,unknown,2016-10-24T00:00:00,CC0_1_0,,Collector(s): Eric A. Rickart,,,2026-05-02T09:09:01.388Z,,CONTINENT_DERIVED_FROM_COORDINATES;INSTITUTION_MATCH_FUZZY;INSTITUTION_COLLECTION_MISMATCH
1656054885,06a00852-f764-4fb8-80d4-ca51f0918459,https://arctos.database.museum/guid/UMNH:Mamm:34333,Animalia,Chordata,Mammalia,Soricomorpha,Soricidae,Sorex,Sorex vagrans,vagrans,SUBSPECIES,"Sorex vagrans vagrans Baird, 1857",Sorex vagrans vagrans,,US,"Toiyabe Range, Birch Creek, 4.25 km  N, 3.05 km E North Toiyabe Peak",Nevada,PRESENT,,2d6267a0-0561-11d8-b851-b8a03c50a862,39.3978,-117.03893,20,,2156,0,,,7/16/11,16,7,2011,7194092,2436042,PRESERVED_SPECIMEN,UMNH,Mammalogy,UMNH:Mamm:34333,EAR 7979,unknown,2016-10-24T00:00:00,CC0_1_0,,Collector(s): Eric A. Rickart,,,2026-05-02T09:09:01.385Z,,CONTINENT_DERIVED_FROM_COORDINATES;INSTITUTION_MATCH_FUZZY;INSTITUTION_COLLECTION_MISMATCH
1656054879,06a00852-f764-4fb8-80d4-ca51f0918459,https://arctos.database.museum/guid/UMNH:Mamm:34325,Animalia,Chordata,Mammalia,Soricomorpha,Soricidae,Sorex,Sorex vagrans,vagrans,SUBSPECIES,"Sorex vagrans vagrans Baird, 1857",Sorex vagrans vagrans,,US,"Toiyabe Range, Birch Creek, 4.32 km  N, 3.07 km E North Toiyabe Peak",Nevada,PRESENT,,2d6267a0-0561-11d8-b851-b8a03c50a862,39.39843,-117.03887,20,,2156,0,,,7/15/11,15,7,2011,7194092,2436042,PRESERVED_SPECIMEN,UMNH,Mammalogy,UMNH:Mamm:34325,EAR 7969,unknown,2016-10-24T00:00:00,CC0_1_0,,Collector(s): Eric A. Rickart,,,2026-05-02T09:09:01.198Z,,CONTINENT_DERIVED_FROM_COORDINATES;INSTITUTION_MATCH_FUZZY;INSTITUTION_COLLECTION_MISMATCH
1656054878,06a00852-f764-4fb8-80d4-ca51f0918459,https://arctos.database.museum/guid/UMNH:Mamm:34328,Animalia,Chordata,Mammalia,Soricomorpha,Soricidae,Sorex,Sorex vagrans,vagrans,SUBSPECIES,"Sorex vagrans vagrans Baird, 1857",Sorex vagrans vagrans,,US,"Toiyabe Range, Birch Creek, 4.32 km  N, 3.07 km E North Toiyabe Peak",Nevada,PRESENT,,2d6267a0-0561-11d8-b851-b8a03c50a862,39.39843,-117.03887,20,,2156,0,,,7/16/11,16,7,2011,7194092,2436042,PRESERVED_SPECIMEN,UMNH,Mammalogy,UMNH:Mamm:34328,EAR 7974,unknown,2016-10-24T00:00:00,CC0_1_0,,Collector(s): Eric A. Rickart,,,2026-05-02T09:09:00.778Z,,CONTINENT_DERIVED_FROM_COORDINATES;INSTITUTION_MATCH_FUZZY;INSTITUTION_COLLECTION_MISMATCH
1656054877,06a00852-f764-4fb8-80d4-ca51f0918459,https://arctos.database.museum/guid/UMNH:Mamm:34330,Animalia,Chordata,Mammalia,Soricomorpha,Soricidae,Sorex,Sorex vagrans,vagrans,SUBSPECIES,"Sorex vagrans vagrans Baird, 1857",Sorex vagrans vagrans,,US,"Toiyabe Range, Birch Creek, 4.32 km  N, 3.07 km E North Toiyabe Peak",Nevada,PRESENT,,2d6267a0-0561-11d8-b851-b8a03c50a862,39.39843,-117.03887,20,,2156,0,,,7/16/11,16,7,2011,7194092,2436042,PRESERVED_SPECIMEN,UMNH,Mammalogy,UMNH:Mamm:34330,EAR 7976,unknown,2016-10-24T00:00:00,CC0_1_0,,Collector(s): Eric A. Rickart,,,2026-05-02T09:09:00.958Z,,CONTINENT_DERIVED_FROM_COORDINATES;INSTITUTION_MATCH_FUZZY;INSTITUTION_COLLECTION_MISMATCH
1656054822,06a00852-f764-4fb8-80d4-ca51f0918459,https://arctos.database.museum/guid/UMNH:Mamm:34320,Animalia,Chordata,Mammalia,Soricomorpha,Soricidae,Sorex,Sorex vagrans,vagrans,SUBSPECIES,"Sorex vagrans vagrans Baird, 1857",Sorex vagrans vagrans,,US,"Toiyabe Range, Birch Creek, 4.32 km  N, 3.07 km E North Toiyabe Peak",Nevada,PRESENT,,2d6267a0-0561-11d8-b851-b8a03c50a862,39.39843,-117.03887,20,,2156,0,,,7/14/11,14,7,2011,7194092,2436042,PRESERVED_SPECIMEN,UMNH,Mammalogy,UMNH:Mamm:34320,EAR 7942,unknown,2016-10-24T00:00:00,CC0_1_0,,Collector(s): Eric A. Rickart,,,2026-05-02T09:09:00.949Z,,CONTINENT_DERIVED_FROM_COORDINATES;INSTITUTION_MATCH_FUZZY;INSTITUTION_COLLECTION_MISMATCH
1656054768,06a00852-f764-4fb8-80d4-ca51f0918459,https://arctos.database.museum/guid/UMNH:Mamm:34141,Animalia,Chordata,Mammalia,Soricomorpha,Soricidae,Sorex,Sorex vagrans,vagrans,SUBSPECIES,"Sorex vagrans vagrans Baird, 1857",Sorex vagrans vagrans,,US,"Toiyabe Range, Wisconsin Creek, 5.30 km N, 2.20 km E South Toiyabe Peak",Nevada,PRESENT,,2d6267a0-0561-11d8-b851-b8a03c50a862,38.96756,-117.28153,20,,2469,0,,,6/14/11,14,6,2011,7194092,2436042,PRESERVED_SPECIMEN,UMNH,Mammalogy,UMNH:Mamm:34141,EAR 7803,unknown,2016-10-24T00:00:00,CC0_1_0,,Collector(s): Eric A. Rickart,,,2026-05-02T09:09:01.027Z,,CONTINENT_DERIVED_FROM_COORDINATES;INSTITUTION_MATCH_FUZZY;INSTITUTION_COLLECTION_MISMATCH
1656054752,06a00852-f764-4fb8-80d4-ca51f0918459,https://arctos.database.museum/guid/UMNH:Mamm:34143,Animalia,Chordata,Mammalia,Soricomorpha,Soricidae,Sorex,Sorex vagrans,vagrans,SUBSPECIES,"Sorex vagrans vagrans Baird, 1857",Sorex vagrans vagrans,,US,"Toiyabe Range, Wisconsin Creek, 5.30 km N, 2.20 km E South Toiyabe Peak",Nevada,PRESENT,,2d6267a0-0561-11d8-b851-b8a03c50a862,38.96832,-117.28286,20,,2499,0,,,6/13/11,13,6,2011,7194092,2436042,PRESERVED_SPECIMEN,UMNH,Mammalogy,UMNH:Mamm:34143,EAR 7778,unknown,2016-10-24T00:00:00,CC0_1_0,,Collector(s): Eric A. Rickart,,,2026-05-02T09:09:00.931Z,,CONTINENT_DERIVED_FROM_COORDINATES;INSTITUTION_MATCH_FUZZY;INSTITUTION_COLLECTION_MISMATCH
1656054751,06a00852-f764-4fb8-80d4-ca51f0918459,https://arctos.database.museum/guid/UMNH:Mamm:34136,Animalia,Chordata,Mammalia,Soricomorpha,Soricidae,Sorex,Sorex vagrans,vagrans,SUBSPECIES,"Sorex vagrans vagrans Baird, 1857",Sorex vagrans vagrans,,US,"Toiyabe Range, Wisconsin Creek, 5.30 km N, 2.20 km E South Toiyabe Peak",Nevada,PRESENT,,2d6267a0-0561-11d8-b851-b8a03c50a862,38.96756,-117.28153,20,,2469,0,,,6/12/11,12,6,2011,7194092,2436042,PRESERVED_SPECIMEN,UMNH,Mammalogy,UMNH:Mamm:34136,EAR 7726,unknown,2016-10-24T00:00:00,CC0_1_0,,Collector(s): Eric A. Rickart,,,2026-05-02T09:09:01.024Z,,CONTINENT_DERIVED_FROM_COORDINATES;INSTITUTION_MATCH_FUZZY;INSTITUTION_COLLECTION_MISMATCH
1656054746,06a00852-f764-4fb8-80d4-ca51f0918459,https://arctos.database.museum/guid/UMNH:Mamm:34188,Animalia,Chordata,Mammalia,Soricomorpha,Soricidae,Sorex,Sorex palustris,,SPECIES,"Sorex navigator (Baird, 1858)",Sorex navigator,,US,"Toiyabe Range, Wisconsin Creek, 4.65 km N, 2.75 km E South Toiyabe Peak",Nevada,PRESENT,,2d6267a0-0561-11d8-b851-b8a03c50a862,38.96066,-117.27203,20,,2317,0,,,6/13/11,13,6,2011,12105209,2436006,PRESERVED_SPECIMEN,UMNH,Mammalogy,UMNH:Mamm:34188,Rebecca J. Rowe RJR 2576,Katrina M. Derieg,2021-09-27T00:00:00,CC0_1_0,,Collector(s): Rebecca J. Rowe,,,2026-05-02T09:09:01.340Z,,CONTINENT_DERIVED_FROM_COORDINATES;INSTITUTION_MATCH_FUZZY;INSTITUTION_COLLECTION_MISMATCH
1656054737,06a00852-f764-4fb8-80d4-ca51f0918459,https://arctos.database.museum/guid/UMNH:Mamm:34169,Animalia,Chordata,Mammalia,Soricomorpha,Soricidae,Sorex,Sorex vagrans,vagrans,SUBSPECIES,"Sorex vagrans vagrans Baird, 1857",Sorex vagrans vagrans,,US,"Toiyabe Range, Wisconsin Creek, 5.30 km N, 2.20 km E South Toiyabe Peak",Nevada,PRESENT,,2d6267a0-0561-11d8-b851-b8a03c50a862,38.96756,-117.28153,20,,2469,0,,,6/15/11,15,6,2011,7194092,2436042,PRESERVED_SPECIMEN,UMNH,Mammalogy,UMNH:Mamm:34169,EAR 7805,unknown,2016-10-24T00:00:00,CC0_1_0,,Collector(s): Eric A. Rickart,,,2026-05-02T09:09:01.060Z,,CONTINENT_DERIVED_FROM_COORDINATES;INSTITUTION_MATCH_FUZZY;INSTITUTION_COLLECTION_MISMATCH
1656054712,06a00852-f764-4fb8-80d4-ca51f0918459,https://arctos.database.museum/guid/UMNH:Mamm:34135,Animalia,Chordata,Mammalia,Soricomorpha,Soricidae,Sorex,Sorex palustris,,SPECIES,"Sorex navigator (Baird, 1858)",Sorex navigator,,US,"Toiyabe Range, Wisconsin Creek, 5.30 km N, 2.20 km E South Toiyabe Peak",Nevada,PRESENT,,2d6267a0-0561-11d8-b851-b8a03c50a862,38.96756,-117.28153,20,,2469,0,,,6/12/11,12,6,2011,12105209,2436006,PRESERVED_SPECIMEN,UMNH,Mammalogy,UMNH:Mamm:34135,EAR 7759,Katrina M. Derieg,2021-09-27T00:00:00,CC0_1_0,,Collector(s): Eric A. Rickart,,,2026-05-02T09:09:00.920Z,,CONTINENT_DERIVED_FROM_COORDINATES;INSTITUTION_MATCH_FUZZY;INSTITUTION_COLLECTION_MISMATCH
1656054701,06a00852-f764-4fb8-80d4-ca51f0918459,https://arctos.database.museum/guid/UMNH:Mamm:34137,Animalia,Chordata,Mammalia,Soricomorpha,Soricidae,Sorex,Sorex vagrans,vagrans,SUBSPECIES,"Sorex vagrans vagrans Baird, 1857",Sorex vagrans vagrans,,US,"Toiyabe Range, Wisconsin Creek, 5.30 km N, 2.20 km E South Toiyabe Peak",Nevada,PRESENT,,2d6267a0-0561-11d8-b851-b8a03c50a862,38.96756,-117.28153,20,,2469,0,,,6/13/11,13,6,2011,7194092,2436042,PRESERVED_SPECIMEN,UMNH,Mammalogy,UMNH:Mamm:34137,EAR 7788,unknown,2016-10-24T00:00:00,CC0_1_0,,Collector(s): Eric A. Rickart,,,2026-05-02T09:09:01.055Z,,CONTINENT_DERIVED_FROM_COORDINATES;INSTITUTION_MATCH_FUZZY;INSTITUTION_COLLECTION_MISMATCH
1656054691,06a00852-f764-4fb8-80d4-ca51f0918459,https://arctos.database.museum/guid/UMNH:Mamm:34142,Animalia,Chordata,Mammalia,Soricomorpha,Soricidae,Sorex,Sorex vagrans,vagrans,SUBSPECIES,"Sorex vagrans vagrans Baird, 1857",Sorex vagrans vagrans,,US,"Toiyabe Range, Wisconsin Creek, 5.30 km N, 2.20 km E South Toiyabe Peak",Nevada,PRESENT,,2d6267a0-0561-11d8-b851-b8a03c50a862,38.96756,-117.28153,20,,2469,0,,,6/14/11,14,6,2011,7194092,2436042,PRESERVED_SPECIMEN,UMNH,Mammalogy,UMNH:Mamm:34142,EAR 7804,unknown,2016-10-24T00:00:00,CC0_1_0,,Collector(s): Eric A. Rickart,,,2026-05-02T09:09:01.053Z,,CONTINENT_DERIVED_FROM_COORDINATES;INSTITUTION_MATCH_FUZZY;INSTITUTION_COLLECTION_MISMATCH
1656054690,06a00852-f764-4fb8-80d4-ca51f0918459,https://arctos.database.museum/guid/UMNH:Mamm:34140,Animalia,Chordata,Mammalia,Soricomorpha,Soricidae,Sorex,Sorex vagrans,vagrans,SUBSPECIES,"Sorex vagrans vagrans Baird, 1857",Sorex vagrans vagrans,,US,"Toiyabe Range, Wisconsin Creek, 5.30 km N, 2.20 km E South Toiyabe Peak",Nevada,PRESENT,,2d6267a0-0561-11d8-b851-b8a03c50a862,38.96756,-117.28153,20,,2469,0,,,6/14/11,14,6,2011,7194092,2436042,PRESERVED_SPECIMEN,UMNH,Mammalogy,UMNH:Mamm:34140,EAR 7791,unknown,2016-10-24T00:00:00,CC0_1_0,,Collector(s): Eric A. Rickart,,,2026-05-02T09:09:01.052Z,,CONTINENT_DERIVED_FROM_COORDINATES;INSTITUTION_MATCH_FUZZY;INSTITUTION_COLLECTION_MISMATCH
1656054687,06a00852-f764-4fb8-80d4-ca51f0918459,https://arctos.database.museum/guid/UMNH:Mamm:34139,Animalia,Chordata,Mammalia,Soricomorpha,Soricidae,Sorex,Sorex vagrans,vagrans,SUBSPECIES,"Sorex vagrans vagrans Baird, 1857",Sorex vagrans vagrans,,US,"Toiyabe Range, Wisconsin Creek, 5.30 km N, 2.20 km E South Toiyabe Peak",Nevada,PRESENT,,2d6267a0-0561-11d8-b851-b8a03c50a862,38.96756,-117.28153,20,,2469,0,,,6/14/11,14,6,2011,7194092,2436042,PRESERVED_SPECIMEN,UMNH,Mammalogy,UMNH:Mamm:34139,EAR 7790,unknown,2016-10-24T00:00:00,CC0_1_0,,Collector(s): Eric A. Rickart,,,2026-05-02T09:09:01.153Z,,CONTINENT_DERIVED_FROM_COORDINATES;INSTITUTION_MATCH_FUZZY;INSTITUTION_COLLECTION_MISMATCH
1656054685,06a00852-f764-4fb8-80d4-ca51f0918459,https://arctos.database.museum/guid/UMNH:Mamm:34138,Animalia,Chordata,Mammalia,Soricomorpha,Soricidae,Sorex,Sorex vagrans,vagrans,SUBSPECIES,"Sorex vagrans vagrans Baird, 1857",Sorex vagrans vagrans,,US,"Toiyabe Range, Wisconsin Creek, 5.30 km N, 2.20 km E South Toiyabe Peak",Nevada,PRESENT,,2d6267a0-0561-11d8-b851-b8a03c50a862,38.96756,-117.28153,20,,2469,0,,,6/14/11,14,6,2011,7194092,2436042,PRESERVED_SPECIMEN,UMNH,Mammalogy,UMNH:Mamm:34138,EAR 7789,unknown,2016-10-24T00:00:00,CC0_1_0,,Collector(s): Eric A. Rickart,,,2026-05-02T09:09:00.741Z,,CONTINENT_DERIVED_FROM_COORDINATES;INSTITUTION_MATCH_FUZZY;INSTITUTION_COLLECTION_MISMATCH
1656054657,06a00852-f764-4fb8-80d4-ca51f0918459,https://arctos.database.museum/guid/UMNH:Mamm:34144,Animalia,Chordata,Mammalia,Soricomorpha,Soricidae,Sorex,Sorex vagrans,vagrans,SUBSPECIES,"Sorex vagrans vagrans Baird, 1857",Sorex vagrans vagrans,,US,"Toiyabe Range, Wisconsin Creek, 5.30 km N, 2.20 km E South Toiyabe Peak",Nevada,PRESENT,,2d6267a0-0561-11d8-b851-b8a03c50a862,38.96832,-117.28286,20,,2499,0,,,6/14/11,14,6,2011,7194092,2436042,PRESERVED_SPECIMEN,UMNH,Mammalogy,UMNH:Mamm:34144,EAR 7796,unknown,2016-10-24T00:00:00,CC0_1_0,,Collector(s): Eric A. Rickart,,,2026-05-02T09:09:01.041Z,,CONTINENT_DERIVED_FROM_COORDINATES;INSTITUTION_MATCH_FUZZY;INSTITUTION_COLLECTION_MISMATCH
1656054624,06a00852-f764-4fb8-80d4-ca51f0918459,https://arctos.database.museum/guid/UMNH:Mamm:34078,Animalia,Chordata,Mammalia,Soricomorpha,Soricidae,Sorex,Sorex vagrans,vagrans,SUBSPECIES,"Sorex vagrans vagrans Baird, 1857",Sorex vagrans vagrans,,US,"Toiyabe Range, Wisconsin Creek, 4.65 km N, 2.75 km E South Toiyabe Peak",Nevada,PRESENT,,2d6267a0-0561-11d8-b851-b8a03c50a862,38.96066,-117.27203,20,,2317,0,,,6/13/11,13,6,2011,7194092,2436042,PRESERVED_SPECIMEN,UMNH,Mammalogy,UMNH:Mamm:34078,RJR 2577,unknown,2016-10-24T00:00:00,CC0_1_0,,Collector(s): Rebecca J. Rowe,,,2026-05-02T09:09:01.312Z,,CONTINENT_DERIVED_FROM_COORDINATES;INSTITUTION_MATCH_FUZZY;INSTITUTION_COLLECTION_MISMATCH
1656054374,06a00852-f764-4fb8-80d4-ca51f0918459,https://arctos.database.museum/guid/UMNH:Mamm:33816,Animalia,Chordata,Mammalia,Soricomorpha,Soricidae,Sorex,Sorex vagrans,vagrans,SUBSPECIES,"Sorex vagrans vagrans Baird, 1857",Sorex vagrans vagrans,,US,"Warm Creek, 3.75 mi S, 9.5 mi W Haystack Ranch",Nevada,PRESENT,,2d6267a0-0561-11d8-b851-b8a03c50a862,41.292,-115.988,1000,,2073,0,,,5/26/81,26,5,1981,7194092,2436042,PRESERVED_SPECIMEN,UMNH,Mammalogy,UMNH:Mamm:33816,Mark A. Ports MAP 280,unknown,2016-10-24T00:00:00,CC0_1_0,,Collector(s): Mark A. Ports,,,2026-05-02T09:09:00.844Z,,CONTINENT_DERIVED_FROM_COORDINATES;INSTITUTION_MATCH_FUZZY;INSTITUTION_COLLECTION_MISMATCH
1656054373,06a00852-f764-4fb8-80d4-ca51f0918459,https://arctos.database.museum/guid/UMNH:Mamm:33817,Animalia,Chordata,Mammalia,Soricomorpha,Soricidae,Sorex,Sorex vagrans,vagrans,SUBSPECIES,"Sorex vagrans vagrans Baird, 1857",Sorex vagrans vagrans,,US,"Independence Mountains, Sheep Creek, 0.5 mi W Haystack Ranch",Nevada,PRESENT,,2d6267a0-0561-11d8-b851-b8a03c50a862,41.353,-115.8015,1000,,1801,0,,,7/12/84,12,7,1984,7194092,2436042,PRESERVED_SPECIMEN,UMNH,Mammalogy,UMNH:Mamm:33817,MAP 431,unknown,2016-10-24T00:00:00,CC0_1_0,,Collector(s): Mark A. Ports,,,2026-05-02T09:09:01.072Z,,CONTINENT_DERIVED_FROM_COORDINATES;INSTITUTION_MATCH_FUZZY;INSTITUTION_COLLECTION_MISMATCH
1656054359,06a00852-f764-4fb8-80d4-ca51f0918459,https://arctos.database.museum/guid/UMNH:Mamm:33820,Animalia,Chordata,Mammalia,Soricomorpha,Soricidae,Sorex,Sorex vagrans,vagrans,SUBSPECIES,"Sorex vagrans vagrans Baird, 1857",Sorex vagrans vagrans,,US,"Independence Mountains, Sheep Creek, 0.5 mi W Haystack Ranch",Nevada,PRESENT,,2d6267a0-0561-11d8-b851-b8a03c50a862,41.353,-115.8015,1000,,1801,0,,,7/12/84,12,7,1984,7194092,2436042,PRESERVED_SPECIMEN,UMNH,Mammalogy,UMNH:Mamm:33820,MAP 435,unknown,2016-10-24T00:00:00,CC0_1_0,,Collector(s): Mark A. Ports,,,2026-05-02T09:09:00.989Z,,CONTINENT_DERIVED_FROM_COORDINATES;INSTITUTION_MATCH_FUZZY;INSTITUTION_COLLECTION_MISMATCH
1656054353,06a00852-f764-4fb8-80d4-ca51f0918459,https://arctos.database.museum/guid/UMNH:Mamm:33819,Animalia,Chordata,Mammalia,Soricomorpha,Soricidae,Sorex,Sorex vagrans,vagrans,SUBSPECIES,"Sorex vagrans vagrans Baird, 1857",Sorex vagrans vagrans,,US,"Independence Mountains, Sheep Creek, 0.5 mi W Haystack Ranch",Nevada,PRESENT,,2d6267a0-0561-11d8-b851-b8a03c50a862,41.353,-115.8015,1000,,1801,0,,,7/12/84,12,7,1984,7194092,2436042,PRESERVED_SPECIMEN,UMNH,Mammalogy,UMNH:Mamm:33819,MAP 433,unknown,2016-10-24T00:00:00,CC0_1_0,,Collector(s): Mark A. Ports,,,2026-05-02T09:09:00.840Z,,CONTINENT_DERIVED_FROM_COORDINATES;INSTITUTION_MATCH_FUZZY;INSTITUTION_COLLECTION_MISMATCH
1656054352,06a00852-f764-4fb8-80d4-ca51f0918459,https://arctos.database.museum/guid/UMNH:Mamm:33814,Animalia,Chordata,Mammalia,Soricomorpha,Soricidae,Sorex,Sorex palustris,,SPECIES,"Sorex navigator (Baird, 1858)",Sorex navigator,,US,"Gance Creek, 3.75 mi S, 7.25 mi W Haystack Ranch",Nevada,PRESENT,,2d6267a0-0561-11d8-b851-b8a03c50a862,41.292,-115.9235,1000,,1920,0,,,5/29/81,29,5,1981,12105209,2436006,PRESERVED_SPECIMEN,UMNH,Mammalogy,UMNH:Mamm:33814,Mark A. Ports MAP 277,Katrina M. Derieg,2021-09-27T00:00:00,CC0_1_0,,Collector(s): Mark A. Ports,,,2026-05-02T09:09:00.929Z,,CONTINENT_DERIVED_FROM_COORDINATES;INSTITUTION_MATCH_FUZZY;INSTITUTION_COLLECTION_MISMATCH
1656054347,06a00852-f764-4fb8-80d4-ca51f0918459,https://arctos.database.museum/guid/UMNH:Mamm:33800,Animalia,Chordata,Mammalia,Soricomorpha,Soricidae,Sorex,Sorex vagrans,vagrans,SUBSPECIES,"Sorex vagrans vagrans Baird, 1857",Sorex vagrans vagrans,,US,"Snake Range, Lehman Flat,Great Basin National Park",Nevada,PRESENT,,2d6267a0-0561-11d8-b851-b8a03c50a862,39.01529,-114.234683,20,,,,,,7/11/07,11,7,2007,7194092,2436042,PRESERVED_SPECIMEN,UMNH,Mammalogy,UMNH:Mamm:33800,BTH 429,unknown,2016-10-24T00:00:00,CC0_1_0,,Collector(s): Bryan T. Hamilton,,,2026-05-02T09:09:00.837Z,,COORDINATE_ROUNDED;CONTINENT_DERIVED_FROM_COORDINATES;INSTITUTION_MATCH_FUZZY;INSTITUTION_COLLECTION_MISMATCH
1656054346,06a00852-f764-4fb8-80d4-ca51f0918459,https://arctos.database.museum/guid/UMNH:Mamm:33796,Animalia,Chordata,Mammalia,Soricomorpha,Soricidae,Sorex,Sorex vagrans,vagrans,SUBSPECIES,"Sorex vagrans vagrans Baird, 1857",Sorex vagrans vagrans,,US,"Snake Range, Lehman Flat,Great Basin National Park",Nevada,PRESENT,,2d6267a0-0561-11d8-b851-b8a03c50a862,39.009258,-114.206882,20,,,,,,7/4/08,4,7,2008,7194092,2436042,PRESERVED_SPECIMEN,UMNH,Mammalogy,UMNH:Mamm:33796,BTH 406,unknown,2016-10-24T00:00:00,CC0_1_0,,Collector(s): Bryan T. Hamilton,,,2026-05-02T09:09:01.062Z,,COORDINATE_ROUNDED;CONTINENT_DERIVED_FROM_COORDINATES;INSTITUTION_MATCH_FUZZY;INSTITUTION_COLLECTION_MISMATCH
1656054340,06a00852-f764-4fb8-80d4-ca51f0918459,https://arctos.database.museum/guid/UMNH:Mamm:33799,Animalia,Chordata,Mammalia,Soricomorpha,Soricidae,Sorex,Sorex vagrans,vagrans,SUBSPECIES,"Sorex vagrans vagrans Baird, 1857",Sorex vagrans vagrans,,US,"Snake Range, Lehman Flat,Great Basin National Park",Nevada,PRESENT,,2d6267a0-0561-11d8-b851-b8a03c50a862,39.01475,-114.234704,20,,,,,,8/3/06,3,8,2006,7194092,2436042,PRESERVED_SPECIMEN,UMNH,Mammalogy,UMNH:Mamm:33799,BTH 402,unknown,2016-10-24T00:00:00,CC0_1_0,,Collector(s): Bryan T. Hamilton,,,2026-05-02T09:09:00.924Z,,COORDINATE_ROUNDED;CONTINENT_DERIVED_FROM_COORDINATES;INSTITUTION_MATCH_FUZZY;INSTITUTION_COLLECTION_MISMATCH
1656054333,06a00852-f764-4fb8-80d4-ca51f0918459,https://arctos.database.museum/guid/UMNH:Mamm:33795,Animalia,Chordata,Mammalia,Soricomorpha,Soricidae,Sorex,Sorex vagrans,vagrans,SUBSPECIES,"Sorex vagrans vagrans Baird, 1857",Sorex vagrans vagrans,,US,"Snake Range, Lehman Flat, Great Basin National Park",Nevada,PRESENT,,2d6267a0-0561-11d8-b851-b8a03c50a862,39.010157,-114.210935,20,,,,,,8/7/08,7,8,2008,7194092,2436042,PRESERVED_SPECIMEN,UMNH,Mammalogy,UMNH:Mamm:33795,BTH 397,unknown,2016-10-24T00:00:00,CC0_1_0,,Collector(s): Bryan T. Hamilton,,,2026-05-02T09:09:00.923Z,,COORDINATE_ROUNDED;CONTINENT_DERIVED_FROM_COORDINATES;INSTITUTION_MATCH_FUZZY;INSTITUTION_COLLECTION_MISMATCH
1656054332,06a00852-f764-4fb8-80d4-ca51f0918459,https://arctos.database.museum/guid/UMNH:Mamm:33818,Animalia,Chordata,Mammalia,Soricomorpha,Soricidae,Sorex,Sorex vagrans,vagrans,SUBSPECIES,"Sorex vagrans vagrans Baird, 1857",Sorex vagrans vagrans,,US,"Independence Mountains, Sheep Creek, 0.5 mi W Haystack Ranch",Nevada,PRESENT,,2d6267a0-0561-11d8-b851-b8a03c50a862,41.353,-115.8015,1000,,1801,0,,,7/12/84,12,7,1984,7194092,2436042,PRESERVED_SPECIMEN,UMNH,Mammalogy,UMNH:Mamm:33818,MAP 432,unknown,2016-10-24T00:00:00,CC0_1_0,,Collector(s): Mark A. Ports,,,2026-05-02T09:09:01.188Z,,CONTINENT_DERIVED_FROM_COORDINATES;INSTITUTION_MATCH_FUZZY;INSTITUTION_COLLECTION_MISMATCH
1656054328,06a00852-f764-4fb8-80d4-ca51f0918459,https://arctos.database.museum/guid/UMNH:Mamm:33797,Animalia,Chordata,Mammalia,Soricomorpha,Soricidae,Sorex,Sorex vagrans,vagrans,SUBSPECIES,"Sorex vagrans vagrans Baird, 1857",Sorex vagrans vagrans,,US,"Snake Range, Lehman Flat,Great Basin National Park",Nevada,PRESENT,,2d6267a0-0561-11d8-b851-b8a03c50a862,39.009258,-114.206882,20,,,,,,2002-01-01/2009-12-31,,,,7194092,2436042,PRESERVED_SPECIMEN,UMNH,Mammalogy,UMNH:Mamm:33797,BTH 410,unknown,2016-10-24T00:00:00,CC0_1_0,,Collector(s): Bryan T. Hamilton,,,2026-05-02T09:09:00.982Z,,COORDINATE_ROUNDED;CONTINENT_DERIVED_FROM_COORDINATES;INSTITUTION_MATCH_FUZZY;INSTITUTION_COLLECTION_MISMATCH
1656054320,06a00852-f764-4fb8-80d4-ca51f0918459,https://arctos.database.museum/guid/UMNH:Mamm:33815,Animalia,Chordata,Mammalia,Soricomorpha,Soricidae,Sorex,Sorex palustris,,SPECIES,"Sorex navigator (Baird, 1858)",Sorex navigator,,US,"White Rock Creek, 4 mi N, 0.8 mi E Bull Run Reservoir spillway (T44N, R52E, NE 1/4 sec 21)",Nevada,PRESENT,,2d6267a0-0561-11d8-b851-b8a03c50a862,41.6982,-116.1341,1000,,2499,0,,,7/23/83,23,7,1983,12105209,2436006,PRESERVED_SPECIMEN,UMNH,Mammalogy,UMNH:Mamm:33815,Mark A. Ports MAP 384,Katrina M. Derieg,2021-09-27T00:00:00,CC0_1_0,,Collector(s): Mark A. Ports,,,2026-05-02T09:09:01.058Z,,CONTINENT_DERIVED_FROM_COORDINATES;INSTITUTION_MATCH_FUZZY;INSTITUTION_COLLECTION_MISMATCH
1656054315,06a00852-f764-4fb8-80d4-ca51f0918459,https://arctos.database.museum/guid/UMNH:Mamm:33821,Animalia,Chordata,Mammalia,Soricomorpha,Soricidae,Sorex,Sorex vagrans,vagrans,SUBSPECIES,"Sorex vagrans vagrans Baird, 1857",Sorex vagrans vagrans,,US,"Adobe Hills, Kittridge Springs, 7.4 mi N Elko (T35N, R55E, SW 1/4 sec 7)",Nevada,PRESENT,,2d6267a0-0561-11d8-b851-b8a03c50a862,40.9308,-115.8226,1000,,1996,0,,,7/6/87,6,7,1987,7194092,2436042,PRESERVED_SPECIMEN,UMNH,Mammalogy,UMNH:Mamm:33821,MAP 595,unknown,2016-10-24T00:00:00,CC0_1_0,,Collector(s): Mark A. Ports,,,2026-05-02T09:09:00.829Z,,CONTINENT_DERIVED_FROM_COORDINATES;INSTITUTION_MATCH_FUZZY;INSTITUTION_COLLECTION_MISMATCH
1656054278,06a00852-f764-4fb8-80d4-ca51f0918459,https://arctos.database.museum/guid/UMNH:Mamm:33709,Animalia,Chordata,Mammalia,Soricomorpha,Soricidae,Sorex,Sorex vagrans,vagrans,SUBSPECIES,"Sorex vagrans vagrans Baird, 1857",Sorex vagrans vagrans,,US,"Toiyabe Range, Big Creek Canyon, 0.2 km N, 0.4 km W confluence North Fork and Big Creek",Nevada,PRESENT,,2d6267a0-0561-11d8-b851-b8a03c50a862,39.34185,-117.12899,20,,2073,0,,,8/11/10,11,8,2010,7194092,2436042,PRESERVED_SPECIMEN,UMNH,Mammalogy,UMNH:Mamm:33709,EAR 7630,unknown,2016-10-24T00:00:00,CC0_1_0,,Collector(s): Eric A. Rickart,,,2026-05-02T09:09:00.886Z,,CONTINENT_DERIVED_FROM_COORDINATES;INSTITUTION_MATCH_FUZZY;INSTITUTION_COLLECTION_MISMATCH
1656054251,06a00852-f764-4fb8-80d4-ca51f0918459,https://arctos.database.museum/guid/UMNH:Mamm:33710,Animalia,Chordata,Mammalia,Soricomorpha,Soricidae,Sorex,Sorex vagrans,vagrans,SUBSPECIES,"Sorex vagrans vagrans Baird, 1857",Sorex vagrans vagrans,,US,"Toiyabe Range, Big Creek Canyon, 0.2 km N, 0.4 km W confluence North Fork and Big Creek",Nevada,PRESENT,,2d6267a0-0561-11d8-b851-b8a03c50a862,39.34196,-117.12805,20,,2073,0,,,8/12/10,12,8,2010,7194092,2436042,PRESERVED_SPECIMEN,UMNH,Mammalogy,UMNH:Mamm:33710,EAR 7635,unknown,2016-10-24T00:00:00,CC0_1_0,,Collector(s): Eric A. Rickart,,,2026-05-02T09:09:00.839Z,,CONTINENT_DERIVED_FROM_COORDINATES;INSTITUTION_MATCH_FUZZY;INSTITUTION_COLLECTION_MISMATCH
1656054240,06a00852-f764-4fb8-80d4-ca51f0918459,https://arctos.database.museum/guid/UMNH:Mamm:33705,Animalia,Chordata,Mammalia,Soricomorpha,Soricidae,Sorex,Sorex vagrans,vagrans,SUBSPECIES,"Sorex vagrans vagrans Baird, 1857",Sorex vagrans vagrans,,US,"Toiyabe Range, Big Creek Canyon, 0.2 km N, 0.4 km W confluence North Fork and Big Creek",Nevada,PRESENT,,2d6267a0-0561-11d8-b851-b8a03c50a862,39.34196,-117.12805,20,,2073,0,,,8/9/10,9,8,2010,7194092,2436042,PRESERVED_SPECIMEN,UMNH,Mammalogy,UMNH:Mamm:33705,EAR 7575,unknown,2016-10-24T00:00:00,CC0_1_0,,Collector(s): Eric A. Rickart,,,2026-05-02T09:09:01.157Z,,CONTINENT_DERIVED_FROM_COORDINATES;INSTITUTION_MATCH_FUZZY;INSTITUTION_COLLECTION_MISMATCH
1656054235,06a00852-f764-4fb8-80d4-ca51f0918459,https://arctos.database.museum/guid/UMNH:Mamm:33707,Animalia,Chordata,Mammalia,Soricomorpha,Soricidae,Sorex,Sorex vagrans,vagrans,SUBSPECIES,"Sorex vagrans vagrans Baird, 1857",Sorex vagrans vagrans,,US,"Toiyabe Range, Big Creek Canyon, 0.2 km N, 0.4 km W confluence North Fork and Big Creek",Nevada,PRESENT,,2d6267a0-0561-11d8-b851-b8a03c50a862,39.34185,-117.12899,20,,2073,0,,,8/10/10,10,8,2010,7194092,2436042,PRESERVED_SPECIMEN,UMNH,Mammalogy,UMNH:Mamm:33707,EAR 7607,unknown,2016-10-24T00:00:00,CC0_1_0,,Collector(s): Eric A. Rickart,,,2026-05-02T09:09:00.834Z,,CONTINENT_DERIVED_FROM_COORDINATES;INSTITUTION_MATCH_FUZZY;INSTITUTION_COLLECTION_MISMATCH
1656054232,06a00852-f764-4fb8-80d4-ca51f0918459,https://arctos.database.museum/guid/UMNH:Mamm:33708,Animalia,Chordata,Mammalia,Soricomorpha,Soricidae,Sorex,Sorex vagrans,vagrans,SUBSPECIES,"Sorex vagrans vagrans Baird, 1857",Sorex vagrans vagrans,,US,"Toiyabe Range, Big Creek Canyon, 0.2 km N, 0.4 km W confluence North Fork and Big Creek",Nevada,PRESENT,,2d6267a0-0561-11d8-b851-b8a03c50a862,39.34185,-117.12899,20,,2073,0,,,8/11/10,11,8,2010,7194092,2436042,PRESERVED_SPECIMEN,UMNH,Mammalogy,UMNH:Mamm:33708,EAR 7624,unknown,2016-10-24T00:00:00,CC0_1_0,,Collector(s): Eric A. Rickart,,,2026-05-02T09:09:00.878Z,,CONTINENT_DERIVED_FROM_COORDINATES;INSTITUTION_MATCH_FUZZY;INSTITUTION_COLLECTION_MISMATCH
1656054222,06a00852-f764-4fb8-80d4-ca51f0918459,https://arctos.database.museum/guid/UMNH:Mamm:33712,Animalia,Chordata,Mammalia,Soricomorpha,Soricidae,Sorex,Sorex vagrans,vagrans,SUBSPECIES,"Sorex vagrans vagrans Baird, 1857",Sorex vagrans vagrans,,US,"Toiyabe Range, Big Creek Canyon, mouth of Cottonwood Canyon",Nevada,PRESENT,,2d6267a0-0561-11d8-b851-b8a03c50a862,39.32301,-117.12084,20,,2195,0,,,8/12/10,12,8,2010,7194092,2436042,PRESERVED_SPECIMEN,UMNH,Mammalogy,UMNH:Mamm:33712,EAR 7649,unknown,2016-10-24T00:00:00,CC0_1_0,,Collector(s): Eric A. Rickart,,,2026-05-02T09:09:00.769Z,,CONTINENT_DERIVED_FROM_COORDINATES;INSTITUTION_MATCH_FUZZY;INSTITUTION_COLLECTION_MISMATCH
1656054221,06a00852-f764-4fb8-80d4-ca51f0918459,https://arctos.database.museum/guid/UMNH:Mamm:33711,Animalia,Chordata,Mammalia,Soricomorpha,Soricidae,Sorex,Sorex vagrans,vagrans,SUBSPECIES,"Sorex vagrans vagrans Baird, 1857",Sorex vagrans vagrans,,US,"Toiyabe Range, Big Creek Canyon, mouth of Cottonwood Canyon",Nevada,PRESENT,,2d6267a0-0561-11d8-b851-b8a03c50a862,39.32301,-117.12084,20,,2195,0,,,8/12/10,12,8,2010,7194092,2436042,PRESERVED_SPECIMEN,UMNH,Mammalogy,UMNH:Mamm:33711,EAR 7648,unknown,2016-10-24T00:00:00,CC0_1_0,,Collector(s): Eric A. Rickart,,,2026-05-02T09:09:00.768Z,,CONTINENT_DERIVED_FROM_COORDINATES;INSTITUTION_MATCH_FUZZY;INSTITUTION_COLLECTION_MISMATCH
1656054198,06a00852-f764-4fb8-80d4-ca51f0918459,https://arctos.database.museum/guid/UMNH:Mamm:33706,Animalia,Chordata,Mammalia,Soricomorpha,Soricidae,Sorex,Sorex vagrans,vagrans,SUBSPECIES,"Sorex vagrans vagrans Baird, 1857",Sorex vagrans vagrans,,US,"Toiyabe Range, Big Creek Canyon, 0.2 km N, 0.4 km W confluence North Fork and Big Creek",Nevada,PRESENT,,2d6267a0-0561-11d8-b851-b8a03c50a862,39.34185,-117.12899,20,,2073,0,,,8/10/10,10,8,2010,7194092,2436042,PRESERVED_SPECIMEN,UMNH,Mammalogy,UMNH:Mamm:33706,EAR 7606,unknown,2016-10-24T00:00:00,CC0_1_0,,Collector(s): Eric A. Rickart,,,2026-05-02T09:09:01.144Z,,CONTINENT_DERIVED_FROM_COORDINATES;INSTITUTION_MATCH_FUZZY;INSTITUTION_COLLECTION_MISMATCH
1656054176,06a00852-f764-4fb8-80d4-ca51f0918459,https://arctos.database.museum/guid/UMNH:Mamm:33704,Animalia,Chordata,Mammalia,Soricomorpha,Soricidae,Sorex,Sorex palustris,,SPECIES,"Sorex navigator (Baird, 1858)",Sorex navigator,,US,"Toiyabe Range, Big Creek Canyon, mouth of Cottonwood Canyon",Nevada,PRESENT,,2d6267a0-0561-11d8-b851-b8a03c50a862,39.32301,-117.12084,20,,2195,0,,,8/15/10,15,8,2010,12105209,2436006,PRESERVED_SPECIMEN,UMNH,Mammalogy,UMNH:Mamm:33704,EAR 7672,Katrina M. Derieg,2021-09-27T00:00:00,CC0_1_0,,Collector(s): Eric A. Rickart,,,2026-05-02T09:09:00.983Z,,CONTINENT_DERIVED_FROM_COORDINATES;INSTITUTION_MATCH_FUZZY;INSTITUTION_COLLECTION_MISMATCH
1656054125,06a00852-f764-4fb8-80d4-ca51f0918459,https://arctos.database.museum/guid/UMNH:Mamm:33595,Animalia,Chordata,Mammalia,Soricomorpha,Soricidae,Sorex,Sorex vagrans,vagrans,SUBSPECIES,"Sorex vagrans vagrans Baird, 1857",Sorex vagrans vagrans,,US,"Toiyabe Range, Big Creek Canyon, 1.4 km N, 0.1 km W pass between Big Creek and Kingston canyons",Nevada,PRESENT,,2d6267a0-0561-11d8-b851-b8a03c50a862,39.30549,-117.11863,20,,2393,0,,,7/11/10,11,7,2010,7194092,2436042,PRESERVED_SPECIMEN,UMNH,Mammalogy,UMNH:Mamm:33595,EAR 7257,unknown,2016-10-24T00:00:00,CC0_1_0,,Collector(s): Eric A. Rickart,,,2026-05-02T09:09:01.123Z,,CONTINENT_DERIVED_FROM_COORDINATES;INSTITUTION_MATCH_FUZZY;INSTITUTION_COLLECTION_MISMATCH
1656054082,06a00852-f764-4fb8-80d4-ca51f0918459,https://arctos.database.museum/guid/UMNH:Mamm:33594,Animalia,Chordata,Mammalia,Soricomorpha,Soricidae,Sorex,Sorex palustris,,SPECIES,"Sorex navigator (Baird, 1858)",Sorex navigator,,US,"Toiyabe Range, Big Creek Canyon, 0.8 km due N pass between Big Creek and Kingston canyons",Nevada,PRESENT,,2d6267a0-0561-11d8-b851-b8a03c50a862,39.29963,-117.11754,20,,2469,0,,,7/16/10,16,7,2010,12105209,2436006,PRESERVED_SPECIMEN,UMNH,Mammalogy,UMNH:Mamm:33594,Eric A. Rickart EAR 7476,Katrina M. Derieg,2021-09-27T00:00:00,CC0_1_0,,Collector(s): Eric A. Rickart; Preparator(s): Lois F. Alexander,,,2026-05-02T09:09:00.730Z,,CONTINENT_DERIVED_FROM_COORDINATES;INSTITUTION_MATCH_FUZZY;INSTITUTION_COLLECTION_MISMATCH
1656054065,06a00852-f764-4fb8-80d4-ca51f0918459,https://arctos.database.museum/guid/UMNH:Mamm:33525,Animalia,Chordata,Mammalia,Soricomorpha,Soricidae,Sorex,Sorex vagrans,vagrans,SUBSPECIES,"Sorex vagrans vagrans Baird, 1857",Sorex vagrans vagrans,,US,"Toiyabe Range, Big Creek Canyon, 0.7 km S, 0.1 km E confluence Cottonwood & Big creeks",Nevada,PRESENT,,2d6267a0-0561-11d8-b851-b8a03c50a862,39.31766,-117.11967,20,,2256,0,,,6/24/10,24,6,2010,7194092,2436042,PRESERVED_SPECIMEN,UMNH,Mammalogy,UMNH:Mamm:33525,EAR 7092,unknown,2016-10-24T00:00:00,CC0_1_0,,Collector(s): Eric A. Rickart,,,2026-05-02T09:09:00.726Z,,CONTINENT_DERIVED_FROM_COORDINATES;INSTITUTION_MATCH_FUZZY;INSTITUTION_COLLECTION_MISMATCH
1656053978,06a00852-f764-4fb8-80d4-ca51f0918459,https://arctos.database.museum/guid/UMNH:Mamm:33526,Animalia,Chordata,Mammalia,Soricomorpha,Soricidae,Sorex,Sorex vagrans,vagrans,SUBSPECIES,"Sorex vagrans vagrans Baird, 1857",Sorex vagrans vagrans,,US,"Toiyabe Range, Big Creek Canyon, 0.7 km S, 0.1 km E confluence Cottonwood & Big creeks",Nevada,PRESENT,,2d6267a0-0561-11d8-b851-b8a03c50a862,39.31814,-117.11979,20,,2256,0,,,6/25/10,25,6,2010,7194092,2436042,PRESERVED_SPECIMEN,UMNH,Mammalogy,UMNH:Mamm:33526,EAR 7123,unknown,2016-10-24T00:00:00,CC0_1_0,,Collector(s): Eric A. Rickart,,,2026-05-02T09:09:00.809Z,,CONTINENT_DERIVED_FROM_COORDINATES;INSTITUTION_MATCH_FUZZY;INSTITUTION_COLLECTION_MISMATCH
1656053955,06a00852-f764-4fb8-80d4-ca51f0918459,https://arctos.database.museum/guid/UMNH:Mamm:33402,Animalia,Chordata,Mammalia,Soricomorpha,Soricidae,Sorex,Sorex vagrans,vagrans,SUBSPECIES,"Sorex vagrans vagrans Baird, 1857",Sorex vagrans vagrans,,US,"Toiyabe Range, Big Creek Canyon, 0.8 km due N pass between Big Creek and Kingston canyons",Nevada,PRESENT,,2d6267a0-0561-11d8-b851-b8a03c50a862,39.29963,-117.11754,20,,2469,0,,,7/17/10,17,7,2010,7194092,2436042,PRESERVED_SPECIMEN,UMNH,Mammalogy,UMNH:Mamm:33402,EAR 7507,unknown,2016-10-24T00:00:00,CC0_1_0,,Collector(s): Eric A. Rickart,,,2026-05-02T09:09:00.706Z,,CONTINENT_DERIVED_FROM_COORDINATES;INSTITUTION_MATCH_FUZZY;INSTITUTION_COLLECTION_MISMATCH
1656053945,06a00852-f764-4fb8-80d4-ca51f0918459,https://arctos.database.museum/guid/UMNH:Mamm:33409,Animalia,Chordata,Mammalia,Soricomorpha,Soricidae,Sorex,Sorex vagrans,vagrans,SUBSPECIES,"Sorex vagrans vagrans Baird, 1857",Sorex vagrans vagrans,,US,"Toiyabe Range, Big Creek Canyon, 0.8 km due N pass between Big Creek and Kingston canyons",Nevada,PRESENT,,2d6267a0-0561-11d8-b851-b8a03c50a862,39.29963,-117.11754,20,,2469,0,,,7/17/10,17,7,2010,7194092,2436042,PRESERVED_SPECIMEN,UMNH,Mammalogy,UMNH:Mamm:33409,EAR 7515,unknown,2016-10-24T00:00:00,CC0_1_0,,Collector(s): Eric A. Rickart,,,2026-05-02T09:09:00.702Z,,CONTINENT_DERIVED_FROM_COORDINATES;INSTITUTION_MATCH_FUZZY;INSTITUTION_COLLECTION_MISMATCH
1656053942,06a00852-f764-4fb8-80d4-ca51f0918459,https://arctos.database.museum/guid/UMNH:Mamm:33415,Animalia,Chordata,Mammalia,Soricomorpha,Soricidae,Sorex,Sorex vagrans,vagrans,SUBSPECIES,"Sorex vagrans vagrans Baird, 1857",Sorex vagrans vagrans,,US,"Toiyabe Range, Big Creek Canyon, 0.8 km due N pass between Big Creek and Kingston canyons",Nevada,PRESENT,,2d6267a0-0561-11d8-b851-b8a03c50a862,39.29963,-117.11754,20,,2469,0,,,7/18/10,18,7,2010,7194092,2436042,PRESERVED_SPECIMEN,UMNH,Mammalogy,UMNH:Mamm:33415,EAR 7521,unknown,2016-10-24T00:00:00,CC0_1_0,,Collector(s): Eric A. Rickart,,,2026-05-02T09:09:00.783Z,,CONTINENT_DERIVED_FROM_COORDINATES;INSTITUTION_MATCH_FUZZY;INSTITUTION_COLLECTION_MISMATCH
1656053940,06a00852-f764-4fb8-80d4-ca51f0918459,https://arctos.database.museum/guid/UMNH:Mamm:33408,Animalia,Chordata,Mammalia,Soricomorpha,Soricidae,Sorex,Sorex vagrans,vagrans,SUBSPECIES,"Sorex vagrans vagrans Baird, 1857",Sorex vagrans vagrans,,US,"Toiyabe Range, Big Creek Canyon, 0.8 km due N pass between Big Creek and Kingston canyons",Nevada,PRESENT,,2d6267a0-0561-11d8-b851-b8a03c50a862,39.30026,-117.11864,20,,2469,0,,,7/17/10,17,7,2010,7194092,2436042,PRESERVED_SPECIMEN,UMNH,Mammalogy,UMNH:Mamm:33408,EAR 7514,unknown,2016-10-24T00:00:00,CC0_1_0,,Collector(s): Eric A. Rickart,,,2026-05-02T09:09:00.807Z,,CONTINENT_DERIVED_FROM_COORDINATES;INSTITUTION_MATCH_FUZZY;INSTITUTION_COLLECTION_MISMATCH
1656053936,06a00852-f764-4fb8-80d4-ca51f0918459,https://arctos.database.museum/guid/UMNH:Mamm:33404,Animalia,Chordata,Mammalia,Soricomorpha,Soricidae,Sorex,Sorex vagrans,vagrans,SUBSPECIES,"Sorex vagrans vagrans Baird, 1857",Sorex vagrans vagrans,,US,"Toiyabe Range, Big Creek Canyon, 0.8 km due N pass between Big Creek and Kingston canyons",Nevada,PRESENT,,2d6267a0-0561-11d8-b851-b8a03c50a862,39.29963,-117.11754,20,,2469,0,,,7/17/10,17,7,2010,7194092,2436042,PRESERVED_SPECIMEN,UMNH,Mammalogy,UMNH:Mamm:33404,EAR 7509,unknown,2016-10-24T00:00:00,CC0_1_0,,Collector(s): Eric A. Rickart,,,2026-05-02T09:09:00.920Z,,CONTINENT_DERIVED_FROM_COORDINATES;INSTITUTION_MATCH_FUZZY;INSTITUTION_COLLECTION_MISMATCH
1656053929,06a00852-f764-4fb8-80d4-ca51f0918459,https://arctos.database.museum/guid/UMNH:Mamm:33406,Animalia,Chordata,Mammalia,Soricomorpha,Soricidae,Sorex,Sorex vagrans,vagrans,SUBSPECIES,"Sorex vagrans vagrans Baird, 1857",Sorex vagrans vagrans,,US,"Toiyabe Range, Big Creek Canyon, 0.8 km due N pass between Big Creek and Kingston canyons",Nevada,PRESENT,,2d6267a0-0561-11d8-b851-b8a03c50a862,39.29963,-117.11754,20,,2469,0,,,7/17/10,17,7,2010,7194092,2436042,PRESERVED_SPECIMEN,UMNH,Mammalogy,UMNH:Mamm:33406,EAR 7511,unknown,2016-10-24T00:00:00,CC0_1_0,,Collector(s): Eric A. Rickart,,,2026-05-02T09:09:00.801Z,,CONTINENT_DERIVED_FROM_COORDINATES;INSTITUTION_MATCH_FUZZY;INSTITUTION_COLLECTION_MISMATCH
1656053927,06a00852-f764-4fb8-80d4-ca51f0918459,https://arctos.database.museum/guid/UMNH:Mamm:33419,Animalia,Chordata,Mammalia,Soricomorpha,Soricidae,Sorex,Sorex vagrans,vagrans,SUBSPECIES,"Sorex vagrans vagrans Baird, 1857",Sorex vagrans vagrans,,US,"Toiyabe Range, Big Creek Canyon, 0.8 km due N pass between Big Creek and Kingston canyons",Nevada,PRESENT,,2d6267a0-0561-11d8-b851-b8a03c50a862,39.30026,-117.11864,20,,2469,0,,,7/18/10,18,7,2010,7194092,2436042,PRESERVED_SPECIMEN,UMNH,Mammalogy,UMNH:Mamm:33419,EAR 7526,unknown,2016-10-24T00:00:00,CC0_1_0,,Collector(s): Eric A. Rickart,,,2026-05-02T09:09:00.918Z,,CONTINENT_DERIVED_FROM_COORDINATES;INSTITUTION_MATCH_FUZZY;INSTITUTION_COLLECTION_MISMATCH
1656053924,06a00852-f764-4fb8-80d4-ca51f0918459,https://arctos.database.museum/guid/UMNH:Mamm:33389,Animalia,Chordata,Mammalia,Soricomorpha,Soricidae,Sorex,Sorex vagrans,vagrans,SUBSPECIES,"Sorex vagrans vagrans Baird, 1857",Sorex vagrans vagrans,,US,"Toiyabe Range, Big Creek Canyon, 0.8 km due N pass between Big Creek and Kingston canyons",Nevada,PRESENT,,2d6267a0-0561-11d8-b851-b8a03c50a862,39.29963,-117.11754,20,,2469,0,,,7/16/10,16,7,2010,7194092,2436042,PRESERVED_SPECIMEN,UMNH,Mammalogy,UMNH:Mamm:33389,EAR 7479,unknown,2016-10-24T00:00:00,CC0_1_0,,Collector(s): Eric A. Rickart,,,2026-05-02T09:09:00.917Z,,CONTINENT_DERIVED_FROM_COORDINATES;INSTITUTION_MATCH_FUZZY;INSTITUTION_COLLECTION_MISMATCH
1656053923,06a00852-f764-4fb8-80d4-ca51f0918459,https://arctos.database.museum/guid/UMNH:Mamm:33412,Animalia,Chordata,Mammalia,Soricomorpha,Soricidae,Sorex,Sorex vagrans,vagrans,SUBSPECIES,"Sorex vagrans vagrans Baird, 1857",Sorex vagrans vagrans,,US,"Toiyabe Range, Big Creek Canyon, 0.8 km due N pass between Big Creek and Kingston canyons",Nevada,PRESENT,,2d6267a0-0561-11d8-b851-b8a03c50a862,39.29963,-117.11754,20,,2469,0,,,7/18/10,18,7,2010,7194092,2436042,PRESERVED_SPECIMEN,UMNH,Mammalogy,UMNH:Mamm:33412,EAR 7518,unknown,2016-10-24T00:00:00,CC0_1_0,,Collector(s): Eric A. Rickart,,,2026-05-02T09:09:00.778Z,,CONTINENT_DERIVED_FROM_COORDINATES;INSTITUTION_MATCH_FUZZY;INSTITUTION_COLLECTION_MISMATCH
1656053922,06a00852-f764-4fb8-80d4-ca51f0918459,https://arctos.database.museum/guid/UMNH:Mamm:33384,Animalia,Chordata,Mammalia,Soricomorpha,Soricidae,Sorex,Sorex vagrans,vagrans,SUBSPECIES,"Sorex vagrans vagrans Baird, 1857",Sorex vagrans vagrans,,US,"Toiyabe Range, Big Creek Canyon, 0.8 km due N pass between Big Creek and Kingston canyons",Nevada,PRESENT,,2d6267a0-0561-11d8-b851-b8a03c50a862,39.30026,-117.11864,20,,2469,0,,,7/16/10,16,7,2010,7194092,2436042,PRESERVED_SPECIMEN,UMNH,Mammalogy,UMNH:Mamm:33384,EAR 7466,unknown,2016-10-24T00:00:00,CC0_1_0,,Collector(s): Eric A. Rickart,,,2026-05-02T09:09:00.916Z,,CONTINENT_DERIVED_FROM_COORDINATES;INSTITUTION_MATCH_FUZZY;INSTITUTION_COLLECTION_MISMATCH
1656053919,06a00852-f764-4fb8-80d4-ca51f0918459,https://arctos.database.museum/guid/UMNH:Mamm:33400,Animalia,Chordata,Mammalia,Soricomorpha,Soricidae,Sorex,Sorex vagrans,vagrans,SUBSPECIES,"Sorex vagrans vagrans Baird, 1857",Sorex vagrans vagrans,,US,"Toiyabe Range, Big Creek Canyon, 0.8 km due N pass between Big Creek and Kingston canyons",Nevada,PRESENT,,2d6267a0-0561-11d8-b851-b8a03c50a862,39.29963,-117.11754,20,,2469,0,,,7/17/10,17,7,2010,7194092,2436042,PRESERVED_SPECIMEN,UMNH,Mammalogy,UMNH:Mamm:33400,EAR 7505,unknown,2016-10-24T00:00:00,CC0_1_0,,Collector(s): Eric A. Rickart,,,2026-05-02T09:09:00.700Z,,CONTINENT_DERIVED_FROM_COORDINATES;INSTITUTION_MATCH_FUZZY;INSTITUTION_COLLECTION_MISMATCH
1656053917,06a00852-f764-4fb8-80d4-ca51f0918459,https://arctos.database.museum/guid/UMNH:Mamm:33418,Animalia,Chordata,Mammalia,Soricomorpha,Soricidae,Sorex,Sorex vagrans,vagrans,SUBSPECIES,"Sorex vagrans vagrans Baird, 1857",Sorex vagrans vagrans,,US,"Toiyabe Range, Big Creek Canyon, 0.8 km due N pass between Big Creek and Kingston canyons",Nevada,PRESENT,,2d6267a0-0561-11d8-b851-b8a03c50a862,39.29963,-117.11754,20,,2469,0,,,7/18/10,18,7,2010,7194092,2436042,PRESERVED_SPECIMEN,UMNH,Mammalogy,UMNH:Mamm:33418,EAR 7524,unknown,2016-10-24T00:00:00,CC0_1_0,,Collector(s): Eric A. Rickart,,,2026-05-02T09:09:00.913Z,,CONTINENT_DERIVED_FROM_COORDINATES;INSTITUTION_MATCH_FUZZY;INSTITUTION_COLLECTION_MISMATCH
1656053911,06a00852-f764-4fb8-80d4-ca51f0918459,https://arctos.database.museum/guid/UMNH:Mamm:33381,Animalia,Chordata,Mammalia,Soricomorpha,Soricidae,Sorex,Sorex vagrans,vagrans,SUBSPECIES,"Sorex vagrans vagrans Baird, 1857",Sorex vagrans vagrans,,US,"Toiyabe Range, Big Creek Canyon, 0.8 km due N pass between Big Creek and Kingston canyons",Nevada,PRESENT,,2d6267a0-0561-11d8-b851-b8a03c50a862,39.30026,-117.11864,20,,2469,0,,,7/16/10,16,7,2010,7194092,2436042,PRESERVED_SPECIMEN,UMNH,Mammalogy,UMNH:Mamm:33381,EAR 7463,unknown,2016-10-24T00:00:00,CC0_1_0,,Collector(s): Eric A. Rickart,,,2026-05-02T09:09:00.697Z,,CONTINENT_DERIVED_FROM_COORDINATES;INSTITUTION_MATCH_FUZZY;INSTITUTION_COLLECTION_MISMATCH
1656053909,06a00852-f764-4fb8-80d4-ca51f0918459,https://arctos.database.museum/guid/UMNH:Mamm:33396,Animalia,Chordata,Mammalia,Soricomorpha,Soricidae,Sorex,Sorex vagrans,vagrans,SUBSPECIES,"Sorex vagrans vagrans Baird, 1857",Sorex vagrans vagrans,,US,"Toiyabe Range, Big Creek Canyon, 0.8 km due N pass between Big Creek and Kingston canyons",Nevada,PRESENT,,2d6267a0-0561-11d8-b851-b8a03c50a862,39.29963,-117.11754,20,,2469,0,,,7/17/10,17,7,2010,7194092,2436042,PRESERVED_SPECIMEN,UMNH,Mammalogy,UMNH:Mamm:33396,EAR 7501,unknown,2016-10-24T00:00:00,CC0_1_0,,Collector(s): Eric A. Rickart,,,2026-05-02T09:09:01.070Z,,CONTINENT_DERIVED_FROM_COORDINATES;INSTITUTION_MATCH_FUZZY;INSTITUTION_COLLECTION_MISMATCH
1656053908,06a00852-f764-4fb8-80d4-ca51f0918459,https://arctos.database.museum/guid/UMNH:Mamm:33390,Animalia,Chordata,Mammalia,Soricomorpha,Soricidae,Sorex,Sorex vagrans,vagrans,SUBSPECIES,"Sorex vagrans vagrans Baird, 1857",Sorex vagrans vagrans,,US,"Toiyabe Range, Big Creek Canyon, 0.8 km due N pass between Big Creek and Kingston canyons",Nevada,PRESENT,,2d6267a0-0561-11d8-b851-b8a03c50a862,39.29963,-117.11754,20,,2469,0,,,7/16/10,16,7,2010,7194092,2436042,PRESERVED_SPECIMEN,UMNH,Mammalogy,UMNH:Mamm:33390,EAR 7480,unknown,2016-10-24T00:00:00,CC0_1_0,,Collector(s): Eric A. Rickart,,,2026-05-02T09:09:01.069Z,,CONTINENT_DERIVED_FROM_COORDINATES;INSTITUTION_MATCH_FUZZY;INSTITUTION_COLLECTION_MISMATCH
1656053904,06a00852-f764-4fb8-80d4-ca51f0918459,https://arctos.database.museum/guid/UMNH:Mamm:33403,Animalia,Chordata,Mammalia,Soricomorpha,Soricidae,Sorex,Sorex vagrans,vagrans,SUBSPECIES,"Sorex vagrans vagrans Baird, 1857",Sorex vagrans vagrans,,US,"Toiyabe Range, Big Creek Canyon, 0.8 km due N pass between Big Creek and Kingston canyons",Nevada,PRESENT,,2d6267a0-0561-11d8-b851-b8a03c50a862,39.29963,-117.11754,20,,2469,0,,,7/17/10,17,7,2010,7194092,2436042,PRESERVED_SPECIMEN,UMNH,Mammalogy,UMNH:Mamm:33403,EAR 7508,unknown,2016-10-24T00:00:00,CC0_1_0,,Collector(s): Eric A. Rickart,,,2026-05-02T09:09:00.775Z,,CONTINENT_DERIVED_FROM_COORDINATES;INSTITUTION_MATCH_FUZZY;INSTITUTION_COLLECTION_MISMATCH
1656053903,06a00852-f764-4fb8-80d4-ca51f0918459,https://arctos.database.museum/guid/UMNH:Mamm:33397,Animalia,Chordata,Mammalia,Soricomorpha,Soricidae,Sorex,Sorex vagrans,vagrans,SUBSPECIES,"Sorex vagrans vagrans Baird, 1857",Sorex vagrans vagrans,,US,"Toiyabe Range, Big Creek Canyon, 0.8 km due N pass between Big Creek and Kingston canyons",Nevada,PRESENT,,2d6267a0-0561-11d8-b851-b8a03c50a862,39.29963,-117.11754,20,,2469,0,,,7/17/10,17,7,2010,7194092,2436042,PRESERVED_SPECIMEN,UMNH,Mammalogy,UMNH:Mamm:33397,EAR 7502,unknown,2016-10-24T00:00:00,CC0_1_0,,Collector(s): Eric A. Rickart,,,2026-05-02T09:09:00.773Z,,CONTINENT_DERIVED_FROM_COORDINATES;INSTITUTION_MATCH_FUZZY;INSTITUTION_COLLECTION_MISMATCH
1656053902,06a00852-f764-4fb8-80d4-ca51f0918459,https://arctos.database.museum/guid/UMNH:Mamm:33360,Animalia,Chordata,Mammalia,Soricomorpha,Soricidae,Sorex,Sorex vagrans,vagrans,SUBSPECIES,"Sorex vagrans vagrans Baird, 1857",Sorex vagrans vagrans,,US,"Toiyabe Range, Big Creek Canyon, 1.4 km N, 0.1 km W pass between Big Creek and Kingston canyons",Nevada,PRESENT,,2d6267a0-0561-11d8-b851-b8a03c50a862,39.30385,-117.11561,20,,2393,0,,,7/11/10,11,7,2010,7194092,2436042,PRESERVED_SPECIMEN,UMNH,Mammalogy,UMNH:Mamm:33360,EAR 7253,unknown,2016-10-24T00:00:00,CC0_1_0,,Collector(s): Eric A. Rickart,,,2026-05-02T09:09:00.910Z,,CONTINENT_DERIVED_FROM_COORDINATES;INSTITUTION_MATCH_FUZZY;INSTITUTION_COLLECTION_MISMATCH
1656053900,06a00852-f764-4fb8-80d4-ca51f0918459,https://arctos.database.museum/guid/UMNH:Mamm:33395,Animalia,Chordata,Mammalia,Soricomorpha,Soricidae,Sorex,Sorex vagrans,vagrans,SUBSPECIES,"Sorex vagrans vagrans Baird, 1857",Sorex vagrans vagrans,,US,"Toiyabe Range, Big Creek Canyon, 0.8 km due N pass between Big Creek and Kingston canyons",Nevada,PRESENT,,2d6267a0-0561-11d8-b851-b8a03c50a862,39.30026,-117.11864,20,,2469,0,,,7/17/10,17,7,2010,7194092,2436042,PRESERVED_SPECIMEN,UMNH,Mammalogy,UMNH:Mamm:33395,EAR 7499,unknown,2016-10-24T00:00:00,CC0_1_0,,Collector(s): Eric A. Rickart,,,2026-05-02T09:09:00.798Z,,CONTINENT_DERIVED_FROM_COORDINATES;INSTITUTION_MATCH_FUZZY;INSTITUTION_COLLECTION_MISMATCH
1656053899,06a00852-f764-4fb8-80d4-ca51f0918459,https://arctos.database.museum/guid/UMNH:Mamm:33368,Animalia,Chordata,Mammalia,Soricomorpha,Soricidae,Sorex,Sorex vagrans,vagrans,SUBSPECIES,"Sorex vagrans vagrans Baird, 1857",Sorex vagrans vagrans,,US,"Toiyabe Range, Big Creek Canyon, 0.8 km due N pass between Big Creek and Kingston canyons",Nevada,PRESENT,,2d6267a0-0561-11d8-b851-b8a03c50a862,39.29963,-117.11754,20,,2469,0,,,7/15/10,15,7,2010,7194092,2436042,PRESERVED_SPECIMEN,UMNH,Mammalogy,UMNH:Mamm:33368,EAR 7441,unknown,2016-10-24T00:00:00,CC0_1_0,,Collector(s): Eric A. Rickart,,,2026-05-02T09:09:00.909Z,,CONTINENT_DERIVED_FROM_COORDINATES;INSTITUTION_MATCH_FUZZY;INSTITUTION_COLLECTION_MISMATCH
1656053896,06a00852-f764-4fb8-80d4-ca51f0918459,https://arctos.database.museum/guid/UMNH:Mamm:33407,Animalia,Chordata,Mammalia,Soricomorpha,Soricidae,Sorex,Sorex vagrans,vagrans,SUBSPECIES,"Sorex vagrans vagrans Baird, 1857",Sorex vagrans vagrans,,US,"Toiyabe Range, Big Creek Canyon, 0.8 km due N pass between Big Creek and Kingston canyons",Nevada,PRESENT,,2d6267a0-0561-11d8-b851-b8a03c50a862,39.30026,-117.11864,20,,2469,0,,,7/17/10,17,7,2010,7194092,2436042,PRESERVED_SPECIMEN,UMNH,Mammalogy,UMNH:Mamm:33407,EAR 7513,unknown,2016-10-24T00:00:00,CC0_1_0,,Collector(s): Eric A. Rickart,,,2026-05-02T09:09:00.796Z,,CONTINENT_DERIVED_FROM_COORDINATES;INSTITUTION_MATCH_FUZZY;INSTITUTION_COLLECTION_MISMATCH
1656053895,06a00852-f764-4fb8-80d4-ca51f0918459,https://arctos.database.museum/guid/UMNH:Mamm:33382,Animalia,Chordata,Mammalia,Soricomorpha,Soricidae,Sorex,Sorex vagrans,vagrans,SUBSPECIES,"Sorex vagrans vagrans Baird, 1857",Sorex vagrans vagrans,,US,"Toiyabe Range, Big Creek Canyon, 0.8 km due N pass between Big Creek and Kingston canyons",Nevada,PRESENT,,2d6267a0-0561-11d8-b851-b8a03c50a862,39.30026,-117.11864,20,,2469,0,,,7/16/10,16,7,2010,7194092,2436042,PRESERVED_SPECIMEN,UMNH,Mammalogy,UMNH:Mamm:33382,EAR 7464,unknown,2016-10-24T00:00:00,CC0_1_0,,Collector(s): Eric A. Rickart,,,2026-05-02T09:09:00.772Z,,CONTINENT_DERIVED_FROM_COORDINATES;INSTITUTION_MATCH_FUZZY;INSTITUTION_COLLECTION_MISMATCH
1656053891,06a00852-f764-4fb8-80d4-ca51f0918459,https://arctos.database.museum/guid/UMNH:Mamm:33414,Animalia,Chordata,Mammalia,Soricomorpha,Soricidae,Sorex,Sorex vagrans,vagrans,SUBSPECIES,"Sorex vagrans vagrans Baird, 1857",Sorex vagrans vagrans,,US,"Toiyabe Range, Big Creek Canyon, 0.8 km due N pass between Big Creek and Kingston canyons",Nevada,PRESENT,,2d6267a0-0561-11d8-b851-b8a03c50a862,39.29963,-117.11754,20,,2469,0,,,7/18/10,18,7,2010,7194092,2436042,PRESERVED_SPECIMEN,UMNH,Mammalogy,UMNH:Mamm:33414,EAR 7520,unknown,2016-10-24T00:00:00,CC0_1_0,,Collector(s): Eric A. Rickart,,,2026-05-02T09:09:00.908Z,,CONTINENT_DERIVED_FROM_COORDINATES;INSTITUTION_MATCH_FUZZY;INSTITUTION_COLLECTION_MISMATCH
1656053889,06a00852-f764-4fb8-80d4-ca51f0918459,https://arctos.database.museum/guid/UMNH:Mamm:33410,Animalia,Chordata,Mammalia,Soricomorpha,Soricidae,Sorex,Sorex vagrans,vagrans,SUBSPECIES,"Sorex vagrans vagrans Baird, 1857",Sorex vagrans vagrans,,US,"Toiyabe Range, Big Creek Canyon, 0.8 km due N pass between Big Creek and Kingston canyons",Nevada,PRESENT,,2d6267a0-0561-11d8-b851-b8a03c50a862,39.29963,-117.11754,20,,2469,0,,,7/17/10,17,7,2010,7194092,2436042,PRESERVED_SPECIMEN,UMNH,Mammalogy,UMNH:Mamm:33410,EAR 7516,unknown,2016-10-24T00:00:00,CC0_1_0,,Collector(s): Eric A. Rickart,,,2026-05-02T09:09:00.906Z,,CONTINENT_DERIVED_FROM_COORDINATES;INSTITUTION_MATCH_FUZZY;INSTITUTION_COLLECTION_MISMATCH
1656053888,06a00852-f764-4fb8-80d4-ca51f0918459,https://arctos.database.museum/guid/UMNH:Mamm:33411,Animalia,Chordata,Mammalia,Soricomorpha,Soricidae,Sorex,Sorex vagrans,vagrans,SUBSPECIES,"Sorex vagrans vagrans Baird, 1857",Sorex vagrans vagrans,,US,"Toiyabe Range, Big Creek Canyon, 0.8 km due N pass between Big Creek and Kingston canyons",Nevada,PRESENT,,2d6267a0-0561-11d8-b851-b8a03c50a862,39.29963,-117.11754,20,,2469,0,,,7/18/10,18,7,2010,7194092,2436042,PRESERVED_SPECIMEN,UMNH,Mammalogy,UMNH:Mamm:33411,EAR 7517,unknown,2016-10-24T00:00:00,CC0_1_0,,Collector(s): Eric A. Rickart,,,2026-05-02T09:09:00.594Z,,CONTINENT_DERIVED_FROM_COORDINATES;INSTITUTION_MATCH_FUZZY;INSTITUTION_COLLECTION_MISMATCH
1656053887,06a00852-f764-4fb8-80d4-ca51f0918459,https://arctos.database.museum/guid/UMNH:Mamm:33386,Animalia,Chordata,Mammalia,Soricomorpha,Soricidae,Sorex,Sorex vagrans,vagrans,SUBSPECIES,"Sorex vagrans vagrans Baird, 1857",Sorex vagrans vagrans,,US,"Toiyabe Range, Big Creek Canyon, 0.8 km due N pass between Big Creek and Kingston canyons",Nevada,PRESENT,,2d6267a0-0561-11d8-b851-b8a03c50a862,39.30026,-117.11864,20,,2469,0,,,7/16/10,16,7,2010,7194092,2436042,PRESERVED_SPECIMEN,UMNH,Mammalogy,UMNH:Mamm:33386,EAR 7468,unknown,2016-10-24T00:00:00,CC0_1_0,,Collector(s): Eric A. Rickart,,,2026-05-02T09:09:00.593Z,,CONTINENT_DERIVED_FROM_COORDINATES;INSTITUTION_MATCH_FUZZY;INSTITUTION_COLLECTION_MISMATCH
1656053885,06a00852-f764-4fb8-80d4-ca51f0918459,https://arctos.database.museum/guid/UMNH:Mamm:33417,Animalia,Chordata,Mammalia,Soricomorpha,Soricidae,Sorex,Sorex vagrans,vagrans,SUBSPECIES,"Sorex vagrans vagrans Baird, 1857",Sorex vagrans vagrans,,US,"Toiyabe Range, Big Creek Canyon, 0.8 km due N pass between Big Creek and Kingston canyons",Nevada,PRESENT,,2d6267a0-0561-11d8-b851-b8a03c50a862,39.29963,-117.11754,20,,2469,0,,,7/18/10,18,7,2010,7194092,2436042,PRESERVED_SPECIMEN,UMNH,Mammalogy,UMNH:Mamm:33417,EAR 7523,unknown,2016-10-24T00:00:00,CC0_1_0,,Collector(s): Eric A. Rickart,,,2026-05-02T09:09:00.592Z,,CONTINENT_DERIVED_FROM_COORDINATES;INSTITUTION_MATCH_FUZZY;INSTITUTION_COLLECTION_MISMATCH
1656053882,06a00852-f764-4fb8-80d4-ca51f0918459,https://arctos.database.museum/guid/UMNH:Mamm:33370,Animalia,Chordata,Mammalia,Soricomorpha,Soricidae,Sorex,Sorex vagrans,vagrans,SUBSPECIES,"Sorex vagrans vagrans Baird, 1857",Sorex vagrans vagrans,,US,"Toiyabe Range, Big Creek Canyon, 0.8 km due N pass between Big Creek and Kingston canyons",Nevada,PRESENT,,2d6267a0-0561-11d8-b851-b8a03c50a862,39.29963,-117.11754,20,,2469,0,,,7/15/10,15,7,2010,7194092,2436042,PRESERVED_SPECIMEN,UMNH,Mammalogy,UMNH:Mamm:33370,EAR 7450,unknown,2016-10-24T00:00:00,CC0_1_0,,Collector(s): Eric A. Rickart,,,2026-05-02T09:09:00.795Z,,CONTINENT_DERIVED_FROM_COORDINATES;INSTITUTION_MATCH_FUZZY;INSTITUTION_COLLECTION_MISMATCH
1656053881,06a00852-f764-4fb8-80d4-ca51f0918459,https://arctos.database.museum/guid/UMNH:Mamm:33398,Animalia,Chordata,Mammalia,Soricomorpha,Soricidae,Sorex,Sorex vagrans,vagrans,SUBSPECIES,"Sorex vagrans vagrans Baird, 1857",Sorex vagrans vagrans,,US,"Toiyabe Range, Big Creek Canyon, 0.8 km due N pass between Big Creek and Kingston canyons",Nevada,PRESENT,,2d6267a0-0561-11d8-b851-b8a03c50a862,39.29963,-117.11754,20,,2469,0,,,7/17/10,17,7,2010,7194092,2436042,PRESERVED_SPECIMEN,UMNH,Mammalogy,UMNH:Mamm:33398,EAR 7503,unknown,2016-10-24T00:00:00,CC0_1_0,,Collector(s): Eric A. Rickart,,,2026-05-02T09:09:00.904Z,,CONTINENT_DERIVED_FROM_COORDINATES;INSTITUTION_MATCH_FUZZY;INSTITUTION_COLLECTION_MISMATCH
1656053880,06a00852-f764-4fb8-80d4-ca51f0918459,https://arctos.database.museum/guid/UMNH:Mamm:33366,Animalia,Chordata,Mammalia,Soricomorpha,Soricidae,Sorex,Sorex vagrans,vagrans,SUBSPECIES,"Sorex vagrans vagrans Baird, 1857",Sorex vagrans vagrans,,US,"Toiyabe Range, Big Creek Canyon, 0.8 km due N pass between Big Creek and Kingston canyons",Nevada,PRESENT,,2d6267a0-0561-11d8-b851-b8a03c50a862,39.30026,-117.11864,20,,2469,0,,,7/15/10,15,7,2010,7194092,2436042,PRESERVED_SPECIMEN,UMNH,Mammalogy,UMNH:Mamm:33366,EAR 7437,unknown,2016-10-24T00:00:00,CC0_1_0,,Collector(s): Eric A. Rickart,,,2026-05-02T09:09:00.903Z,,CONTINENT_DERIVED_FROM_COORDINATES;INSTITUTION_MATCH_FUZZY;INSTITUTION_COLLECTION_MISMATCH
1656053878,06a00852-f764-4fb8-80d4-ca51f0918459,https://arctos.database.museum/guid/UMNH:Mamm:33377,Animalia,Chordata,Mammalia,Soricomorpha,Soricidae,Sorex,Sorex vagrans,vagrans,SUBSPECIES,"Sorex vagrans vagrans Baird, 1857",Sorex vagrans vagrans,,US,"Toiyabe Range, Big Creek Canyon, 0.8 km due N pass between Big Creek and Kingston canyons",Nevada,PRESENT,,2d6267a0-0561-11d8-b851-b8a03c50a862,39.30026,-117.11864,20,,2469,0,,,7/16/10,16,7,2010,7194092,2436042,PRESERVED_SPECIMEN,UMNH,Mammalogy,UMNH:Mamm:33377,EAR 7459,unknown,2016-10-24T00:00:00,CC0_1_0,,Collector(s): Eric A. Rickart,,,2026-05-02T09:09:01.064Z,,CONTINENT_DERIVED_FROM_COORDINATES;INSTITUTION_MATCH_FUZZY;INSTITUTION_COLLECTION_MISMATCH
1656053877,06a00852-f764-4fb8-80d4-ca51f0918459,https://arctos.database.museum/guid/UMNH:Mamm:33371,Animalia,Chordata,Mammalia,Soricomorpha,Soricidae,Sorex,Sorex vagrans,vagrans,SUBSPECIES,"Sorex vagrans vagrans Baird, 1857",Sorex vagrans vagrans,,US,"Toiyabe Range, Big Creek Canyon, 0.8 km due N pass between Big Creek and Kingston canyons",Nevada,PRESENT,,2d6267a0-0561-11d8-b851-b8a03c50a862,39.30026,-117.11864,20,,2469,0,,,7/15/10,15,7,2010,7194092,2436042,PRESERVED_SPECIMEN,UMNH,Mammalogy,UMNH:Mamm:33371,EAR 7453,unknown,2016-10-24T00:00:00,CC0_1_0,,Collector(s): Eric A. Rickart,,,2026-05-02T09:09:01.063Z,,CONTINENT_DERIVED_FROM_COORDINATES;INSTITUTION_MATCH_FUZZY;INSTITUTION_COLLECTION_MISMATCH
1656053875,06a00852-f764-4fb8-80d4-ca51f0918459,https://arctos.database.museum/guid/UMNH:Mamm:33399,Animalia,Chordata,Mammalia,Soricomorpha,Soricidae,Sorex,Sorex vagrans,vagrans,SUBSPECIES,"Sorex vagrans vagrans Baird, 1857",Sorex vagrans vagrans,,US,"Toiyabe Range, Big Creek Canyon, 0.8 km due N pass between Big Creek and Kingston canyons",Nevada,PRESENT,,2d6267a0-0561-11d8-b851-b8a03c50a862,39.29963,-117.11754,20,,2469,0,,,7/17/10,17,7,2010,7194092,2436042,PRESERVED_SPECIMEN,UMNH,Mammalogy,UMNH:Mamm:33399,EAR 7504,unknown,2016-10-24T00:00:00,CC0_1_0,,Collector(s): Eric A. Rickart,,,2026-05-02T09:09:00.588Z,,CONTINENT_DERIVED_FROM_COORDINATES;INSTITUTION_MATCH_FUZZY;INSTITUTION_COLLECTION_MISMATCH
1656053874,06a00852-f764-4fb8-80d4-ca51f0918459,https://arctos.database.museum/guid/UMNH:Mamm:33385,Animalia,Chordata,Mammalia,Soricomorpha,Soricidae,Sorex,Sorex vagrans,vagrans,SUBSPECIES,"Sorex vagrans vagrans Baird, 1857",Sorex vagrans vagrans,,US,"Toiyabe Range, Big Creek Canyon, 0.8 km due N pass between Big Creek and Kingston canyons",Nevada,PRESENT,,2d6267a0-0561-11d8-b851-b8a03c50a862,39.30026,-117.11864,20,,2469,0,,,7/16/10,16,7,2010,7194092,2436042,PRESERVED_SPECIMEN,UMNH,Mammalogy,UMNH:Mamm:33385,EAR 7467,unknown,2016-10-24T00:00:00,CC0_1_0,,Collector(s): Eric A. Rickart,,,2026-05-02T09:09:00.693Z,,CONTINENT_DERIVED_FROM_COORDINATES;INSTITUTION_MATCH_FUZZY;INSTITUTION_COLLECTION_MISMATCH
1656053872,06a00852-f764-4fb8-80d4-ca51f0918459,https://arctos.database.museum/guid/UMNH:Mamm:33401,Animalia,Chordata,Mammalia,Soricomorpha,Soricidae,Sorex,Sorex vagrans,vagrans,SUBSPECIES,"Sorex vagrans vagrans Baird, 1857",Sorex vagrans vagrans,,US,"Toiyabe Range, Big Creek Canyon, 0.8 km due N pass between Big Creek and Kingston canyons",Nevada,PRESENT,,2d6267a0-0561-11d8-b851-b8a03c50a862,39.29963,-117.11754,20,,2469,0,,,7/17/10,17,7,2010,7194092,2436042,PRESERVED_SPECIMEN,UMNH,Mammalogy,UMNH:Mamm:33401,EAR 7506,unknown,2016-10-24T00:00:00,CC0_1_0,,Collector(s): Eric A. Rickart,,,2026-05-02T09:09:00.692Z,,CONTINENT_DERIVED_FROM_COORDINATES;INSTITUTION_MATCH_FUZZY;INSTITUTION_COLLECTION_MISMATCH
1656053870,06a00852-f764-4fb8-80d4-ca51f0918459,https://arctos.database.museum/guid/UMNH:Mamm:33388,Animalia,Chordata,Mammalia,Soricomorpha,Soricidae,Sorex,Sorex vagrans,vagrans,SUBSPECIES,"Sorex vagrans vagrans Baird, 1857",Sorex vagrans vagrans,,US,"Toiyabe Range, Big Creek Canyon, 0.8 km due N pass between Big Creek and Kingston canyons",Nevada,PRESENT,,2d6267a0-0561-11d8-b851-b8a03c50a862,39.29963,-117.11754,20,,2469,0,,,7/16/10,16,7,2010,7194092,2436042,PRESERVED_SPECIMEN,UMNH,Mammalogy,UMNH:Mamm:33388,EAR 7478,unknown,2016-10-24T00:00:00,CC0_1_0,,Collector(s): Eric A. Rickart,,,2026-05-02T09:09:00.587Z,,CONTINENT_DERIVED_FROM_COORDINATES;INSTITUTION_MATCH_FUZZY;INSTITUTION_COLLECTION_MISMATCH
1656053869,06a00852-f764-4fb8-80d4-ca51f0918459,https://arctos.database.museum/guid/UMNH:Mamm:33355,Animalia,Chordata,Mammalia,Soricomorpha,Soricidae,Sorex,Sorex vagrans,vagrans,SUBSPECIES,"Sorex vagrans vagrans Baird, 1857",Sorex vagrans vagrans,,US,"Toiyabe Range, Big Creek Canyon, 1.4 km N, 0.1 km W pass between Big Creek and Kingston canyons",Nevada,PRESENT,,2d6267a0-0561-11d8-b851-b8a03c50a862,39.30624,-117.11861,20,,2393,0,,,7/10/10,10,7,2010,7194092,2436042,PRESERVED_SPECIMEN,UMNH,Mammalogy,UMNH:Mamm:33355,EAR 7229,unknown,2016-10-24T00:00:00,CC0_1_0,,Collector(s): Eric A. Rickart,,,2026-05-02T09:09:00.691Z,,CONTINENT_DERIVED_FROM_COORDINATES;INSTITUTION_MATCH_FUZZY;INSTITUTION_COLLECTION_MISMATCH
1656053868,06a00852-f764-4fb8-80d4-ca51f0918459,https://arctos.database.museum/guid/UMNH:Mamm:33413,Animalia,Chordata,Mammalia,Soricomorpha,Soricidae,Sorex,Sorex vagrans,vagrans,SUBSPECIES,"Sorex vagrans vagrans Baird, 1857",Sorex vagrans vagrans,,US,"Toiyabe Range, Big Creek Canyon, 0.8 km due N pass between Big Creek and Kingston canyons",Nevada,PRESENT,,2d6267a0-0561-11d8-b851-b8a03c50a862,39.29963,-117.11754,20,,2469,0,,,7/18/10,18,7,2010,7194092,2436042,PRESERVED_SPECIMEN,UMNH,Mammalogy,UMNH:Mamm:33413,EAR 7519,unknown,2016-10-24T00:00:00,CC0_1_0,,Collector(s): Eric A. Rickart,,,2026-05-02T09:09:01.061Z,,CONTINENT_DERIVED_FROM_COORDINATES;INSTITUTION_MATCH_FUZZY;INSTITUTION_COLLECTION_MISMATCH
1656053867,06a00852-f764-4fb8-80d4-ca51f0918459,https://arctos.database.museum/guid/UMNH:Mamm:33354,Animalia,Chordata,Mammalia,Soricomorpha,Soricidae,Sorex,Sorex vagrans,vagrans,SUBSPECIES,"Sorex vagrans vagrans Baird, 1857",Sorex vagrans vagrans,,US,"Toiyabe Range, Big Creek Canyon, 1.4 km N, 0.1 km W pass between Big Creek and Kingston canyons",Nevada,PRESENT,,2d6267a0-0561-11d8-b851-b8a03c50a862,39.30597,-117.1194,20,,2393,0,,,7/10/10,10,7,2010,7194092,2436042,PRESERVED_SPECIMEN,UMNH,Mammalogy,UMNH:Mamm:33354,EAR 7224,unknown,2016-10-24T00:00:00,CC0_1_0,,Collector(s): Eric A. Rickart,,,2026-05-02T09:09:00.793Z,,CONTINENT_DERIVED_FROM_COORDINATES;INSTITUTION_MATCH_FUZZY;INSTITUTION_COLLECTION_MISMATCH
1656053865,06a00852-f764-4fb8-80d4-ca51f0918459,https://arctos.database.museum/guid/UMNH:Mamm:33361,Animalia,Chordata,Mammalia,Soricomorpha,Soricidae,Sorex,Sorex vagrans,vagrans,SUBSPECIES,"Sorex vagrans vagrans Baird, 1857",Sorex vagrans vagrans,,US,"Toiyabe Range, Big Creek Canyon, 1.4 km N, 0.1 km W pass between Big Creek and Kingston canyons",Nevada,PRESENT,,2d6267a0-0561-11d8-b851-b8a03c50a862,39.30624,-117.11861,20,,2393,0,,,7/12/10,12,7,2010,7194092,2436042,PRESERVED_SPECIMEN,UMNH,Mammalogy,UMNH:Mamm:33361,EAR 7287,unknown,2016-10-24T00:00:00,CC0_1_0,,Collector(s): Eric A. Rickart,,,2026-05-02T09:09:00.690Z,,CONTINENT_DERIVED_FROM_COORDINATES;INSTITUTION_MATCH_FUZZY;INSTITUTION_COLLECTION_MISMATCH
1656053863,06a00852-f764-4fb8-80d4-ca51f0918459,https://arctos.database.museum/guid/UMNH:Mamm:33387,Animalia,Chordata,Mammalia,Soricomorpha,Soricidae,Sorex,Sorex vagrans,vagrans,SUBSPECIES,"Sorex vagrans vagrans Baird, 1857",Sorex vagrans vagrans,,US,"Toiyabe Range, Big Creek Canyon, 0.8 km due N pass between Big Creek and Kingston canyons",Nevada,PRESENT,,2d6267a0-0561-11d8-b851-b8a03c50a862,39.29963,-117.11754,20,,2469,0,,,7/16/10,16,7,2010,7194092,2436042,PRESERVED_SPECIMEN,UMNH,Mammalogy,UMNH:Mamm:33387,EAR 7477,unknown,2016-10-24T00:00:00,CC0_1_0,,Collector(s): Eric A. Rickart,,,2026-05-02T09:09:01.059Z,,CONTINENT_DERIVED_FROM_COORDINATES;INSTITUTION_MATCH_FUZZY;INSTITUTION_COLLECTION_MISMATCH
1656053862,06a00852-f764-4fb8-80d4-ca51f0918459,https://arctos.database.museum/guid/UMNH:Mamm:33393,Animalia,Chordata,Mammalia,Soricomorpha,Soricidae,Sorex,Sorex vagrans,vagrans,SUBSPECIES,"Sorex vagrans vagrans Baird, 1857",Sorex vagrans vagrans,,US,"Toiyabe Range, Big Creek Canyon, 0.8 km due N pass between Big Creek and Kingston canyons",Nevada,PRESENT,,2d6267a0-0561-11d8-b851-b8a03c50a862,39.30026,-117.11864,20,,2469,0,,,7/16/10,16,7,2010,7194092,2436042,PRESERVED_SPECIMEN,UMNH,Mammalogy,UMNH:Mamm:33393,EAR 7497,unknown,2016-10-24T00:00:00,CC0_1_0,,Collector(s): Eric A. Rickart,,,2026-05-02T09:09:00.583Z,,CONTINENT_DERIVED_FROM_COORDINATES;INSTITUTION_MATCH_FUZZY;INSTITUTION_COLLECTION_MISMATCH
1656053859,06a00852-f764-4fb8-80d4-ca51f0918459,https://arctos.database.museum/guid/UMNH:Mamm:33391,Animalia,Chordata,Mammalia,Soricomorpha,Soricidae,Sorex,Sorex vagrans,vagrans,SUBSPECIES,"Sorex vagrans vagrans Baird, 1857",Sorex vagrans vagrans,,US,"Toiyabe Range, Big Creek Canyon, 0.8 km due N pass between Big Creek and Kingston canyons",Nevada,PRESENT,,2d6267a0-0561-11d8-b851-b8a03c50a862,39.30026,-117.11864,20,,2469,0,,,7/16/10,16,7,2010,7194092,2436042,PRESERVED_SPECIMEN,UMNH,Mammalogy,UMNH:Mamm:33391,EAR 7495,unknown,2016-10-24T00:00:00,CC0_1_0,,Collector(s): Eric A. Rickart,,,2026-05-02T09:09:00.582Z,,CONTINENT_DERIVED_FROM_COORDINATES;INSTITUTION_MATCH_FUZZY;INSTITUTION_COLLECTION_MISMATCH
1656053858,06a00852-f764-4fb8-80d4-ca51f0918459,https://arctos.database.museum/guid/UMNH:Mamm:33374,Animalia,Chordata,Mammalia,Soricomorpha,Soricidae,Sorex,Sorex vagrans,vagrans,SUBSPECIES,"Sorex vagrans vagrans Baird, 1857",Sorex vagrans vagrans,,US,"Toiyabe Range, Big Creek Canyon, 0.8 km due N pass between Big Creek and Kingston canyons",Nevada,PRESENT,,2d6267a0-0561-11d8-b851-b8a03c50a862,39.30026,-117.11864,20,,2469,0,,,7/15/10,15,7,2010,7194092,2436042,PRESERVED_SPECIMEN,UMNH,Mammalogy,UMNH:Mamm:33374,EAR 7456,unknown,2016-10-24T00:00:00,CC0_1_0,,Collector(s): Eric A. Rickart,,,2026-05-02T09:09:00.764Z,,CONTINENT_DERIVED_FROM_COORDINATES;INSTITUTION_MATCH_FUZZY;INSTITUTION_COLLECTION_MISMATCH
1656053857,06a00852-f764-4fb8-80d4-ca51f0918459,https://arctos.database.museum/guid/UMNH:Mamm:33380,Animalia,Chordata,Mammalia,Soricomorpha,Soricidae,Sorex,Sorex vagrans,vagrans,SUBSPECIES,"Sorex vagrans vagrans Baird, 1857",Sorex vagrans vagrans,,US,"Toiyabe Range, Big Creek Canyon, 0.8 km due N pass between Big Creek and Kingston canyons",Nevada,PRESENT,,2d6267a0-0561-11d8-b851-b8a03c50a862,39.30026,-117.11864,20,,2469,0,,,7/16/10,16,7,2010,7194092,2436042,PRESERVED_SPECIMEN,UMNH,Mammalogy,UMNH:Mamm:33380,EAR 7462,unknown,2016-10-24T00:00:00,CC0_1_0,,Collector(s): Eric A. Rickart,,,2026-05-02T09:09:00.581Z,,CONTINENT_DERIVED_FROM_COORDINATES;INSTITUTION_MATCH_FUZZY;INSTITUTION_COLLECTION_MISMATCH
1656053856,06a00852-f764-4fb8-80d4-ca51f0918459,https://arctos.database.museum/guid/UMNH:Mamm:33353,Animalia,Chordata,Mammalia,Soricomorpha,Soricidae,Sorex,Sorex palustris,,SPECIES,"Sorex navigator (Baird, 1858)",Sorex navigator,,US,"Toiyabe Range, Big Creek Canyon, 0.8 km due N pass between Big Creek and Kingston canyons",Nevada,PRESENT,,2d6267a0-0561-11d8-b851-b8a03c50a862,39.29963,-117.11754,20,,2469,0,,,7/18/10,18,7,2010,12105209,2436006,PRESERVED_SPECIMEN,UMNH,Mammalogy,UMNH:Mamm:33353,EAR 7525,Katrina M. Derieg,2021-09-27T00:00:00,CC0_1_0,,Collector(s): Eric A. Rickart,,,2026-05-02T09:09:00.762Z,,CONTINENT_DERIVED_FROM_COORDINATES;INSTITUTION_MATCH_FUZZY;INSTITUTION_COLLECTION_MISMATCH
1656053850,06a00852-f764-4fb8-80d4-ca51f0918459,https://arctos.database.museum/guid/UMNH:Mamm:33378,Animalia,Chordata,Mammalia,Soricomorpha,Soricidae,Sorex,Sorex vagrans,vagrans,SUBSPECIES,"Sorex vagrans vagrans Baird, 1857",Sorex vagrans vagrans,,US,"Toiyabe Range, Big Creek Canyon, 0.8 km due N pass between Big Creek and Kingston canyons",Nevada,PRESENT,,2d6267a0-0561-11d8-b851-b8a03c50a862,39.30026,-117.11864,20,,2469,0,,,7/16/10,16,7,2010,7194092,2436042,PRESERVED_SPECIMEN,UMNH,Mammalogy,UMNH:Mamm:33378,EAR 7460,unknown,2016-10-24T00:00:00,CC0_1_0,,Collector(s): Eric A. Rickart,,,2026-05-02T09:09:00.685Z,,CONTINENT_DERIVED_FROM_COORDINATES;INSTITUTION_MATCH_FUZZY;INSTITUTION_COLLECTION_MISMATCH
1656053849,06a00852-f764-4fb8-80d4-ca51f0918459,https://arctos.database.museum/guid/UMNH:Mamm:33375,Animalia,Chordata,Mammalia,Soricomorpha,Soricidae,Sorex,Sorex vagrans,vagrans,SUBSPECIES,"Sorex vagrans vagrans Baird, 1857",Sorex vagrans vagrans,,US,"Toiyabe Range, Big Creek Canyon, 0.8 km due N pass between Big Creek and Kingston canyons",Nevada,PRESENT,,2d6267a0-0561-11d8-b851-b8a03c50a862,39.30026,-117.11864,20,,2469,0,,,7/16/10,16,7,2010,7194092,2436042,PRESERVED_SPECIMEN,UMNH,Mammalogy,UMNH:Mamm:33375,EAR 7457,unknown,2016-10-24T00:00:00,CC0_1_0,,Collector(s): Eric A. Rickart,,,2026-05-02T09:09:01.058Z,,CONTINENT_DERIVED_FROM_COORDINATES;INSTITUTION_MATCH_FUZZY;INSTITUTION_COLLECTION_MISMATCH
1656053848,06a00852-f764-4fb8-80d4-ca51f0918459,https://arctos.database.museum/guid/UMNH:Mamm:33359,Animalia,Chordata,Mammalia,Soricomorpha,Soricidae,Sorex,Sorex vagrans,vagrans,SUBSPECIES,"Sorex vagrans vagrans Baird, 1857",Sorex vagrans vagrans,,US,"Toiyabe Range, Big Creek Canyon, 1.4 km N, 0.1 km W pass between Big Creek and Kingston canyons",Nevada,PRESENT,,2d6267a0-0561-11d8-b851-b8a03c50a862,39.30461,-117.11646,20,,2393,0,,,7/11/10,11,7,2010,7194092,2436042,PRESERVED_SPECIMEN,UMNH,Mammalogy,UMNH:Mamm:33359,EAR 7250,unknown,2016-10-24T00:00:00,CC0_1_0,,Collector(s): Eric A. Rickart,,,2026-05-02T09:09:00.756Z,,CONTINENT_DERIVED_FROM_COORDINATES;INSTITUTION_MATCH_FUZZY;INSTITUTION_COLLECTION_MISMATCH
1656053847,06a00852-f764-4fb8-80d4-ca51f0918459,https://arctos.database.museum/guid/UMNH:Mamm:33416,Animalia,Chordata,Mammalia,Soricomorpha,Soricidae,Sorex,Sorex vagrans,vagrans,SUBSPECIES,"Sorex vagrans vagrans Baird, 1857",Sorex vagrans vagrans,,US,"Toiyabe Range, Big Creek Canyon, 0.8 km due N pass between Big Creek and Kingston canyons",Nevada,PRESENT,,2d6267a0-0561-11d8-b851-b8a03c50a862,39.29963,-117.11754,20,,2469,0,,,7/18/10,18,7,2010,7194092,2436042,PRESERVED_SPECIMEN,UMNH,Mammalogy,UMNH:Mamm:33416,EAR 7522,unknown,2016-10-24T00:00:00,CC0_1_0,,Collector(s): Eric A. Rickart,,,2026-05-02T09:09:01.056Z,,CONTINENT_DERIVED_FROM_COORDINATES;INSTITUTION_MATCH_FUZZY;INSTITUTION_COLLECTION_MISMATCH
1656053846,06a00852-f764-4fb8-80d4-ca51f0918459,https://arctos.database.museum/guid/UMNH:Mamm:33363,Animalia,Chordata,Mammalia,Soricomorpha,Soricidae,Sorex,Sorex vagrans,vagrans,SUBSPECIES,"Sorex vagrans vagrans Baird, 1857",Sorex vagrans vagrans,,US,"Toiyabe Range, Big Creek Canyon, 1.4 km N, 0.1 km W pass between Big Creek and Kingston canyons",Nevada,PRESENT,,2d6267a0-0561-11d8-b851-b8a03c50a862,39.30461,-117.11646,20,,2393,0,,,7/12/10,12,7,2010,7194092,2436042,PRESERVED_SPECIMEN,UMNH,Mammalogy,UMNH:Mamm:33363,EAR 7290,unknown,2016-10-24T00:00:00,CC0_1_0,,Collector(s): Eric A. Rickart,,,2026-05-02T09:09:00.580Z,,CONTINENT_DERIVED_FROM_COORDINATES;INSTITUTION_MATCH_FUZZY;INSTITUTION_COLLECTION_MISMATCH
1656053844,06a00852-f764-4fb8-80d4-ca51f0918459,https://arctos.database.museum/guid/UMNH:Mamm:33405,Animalia,Chordata,Mammalia,Soricomorpha,Soricidae,Sorex,Sorex vagrans,vagrans,SUBSPECIES,"Sorex vagrans vagrans Baird, 1857",Sorex vagrans vagrans,,US,"Toiyabe Range, Big Creek Canyon, 0.8 km due N pass between Big Creek and Kingston canyons",Nevada,PRESENT,,2d6267a0-0561-11d8-b851-b8a03c50a862,39.29963,-117.11754,20,,2469,0,,,7/17/10,17,7,2010,7194092,2436042,PRESERVED_SPECIMEN,UMNH,Mammalogy,UMNH:Mamm:33405,EAR 7510,unknown,2016-10-24T00:00:00,CC0_1_0,,Collector(s): Eric A. Rickart,,,2026-05-02T09:09:00.754Z,,CONTINENT_DERIVED_FROM_COORDINATES;INSTITUTION_MATCH_FUZZY;INSTITUTION_COLLECTION_MISMATCH
1656053843,06a00852-f764-4fb8-80d4-ca51f0918459,https://arctos.database.museum/guid/UMNH:Mamm:33376,Animalia,Chordata,Mammalia,Soricomorpha,Soricidae,Sorex,Sorex vagrans,vagrans,SUBSPECIES,"Sorex vagrans vagrans Baird, 1857",Sorex vagrans vagrans,,US,"Toiyabe Range, Big Creek Canyon, 0.8 km due N pass between Big Creek and Kingston canyons",Nevada,PRESENT,,2d6267a0-0561-11d8-b851-b8a03c50a862,39.30026,-117.11864,20,,2469,0,,,7/16/10,16,7,2010,7194092,2436042,PRESERVED_SPECIMEN,UMNH,Mammalogy,UMNH:Mamm:33376,EAR 7458,unknown,2016-10-24T00:00:00,CC0_1_0,,Collector(s): Eric A. Rickart,,,2026-05-02T09:09:01.054Z,,CONTINENT_DERIVED_FROM_COORDINATES;INSTITUTION_MATCH_FUZZY;INSTITUTION_COLLECTION_MISMATCH
1656053839,06a00852-f764-4fb8-80d4-ca51f0918459,https://arctos.database.museum/guid/UMNH:Mamm:33373,Animalia,Chordata,Mammalia,Soricomorpha,Soricidae,Sorex,Sorex vagrans,vagrans,SUBSPECIES,"Sorex vagrans vagrans Baird, 1857",Sorex vagrans vagrans,,US,"Toiyabe Range, Big Creek Canyon, 0.8 km due N pass between Big Creek and Kingston canyons",Nevada,PRESENT,,2d6267a0-0561-11d8-b851-b8a03c50a862,39.30026,-117.11864,20,,2469,0,,,7/15/10,15,7,2010,7194092,2436042,PRESERVED_SPECIMEN,UMNH,Mammalogy,UMNH:Mamm:33373,EAR 7455,unknown,2016-10-24T00:00:00,CC0_1_0,,Collector(s): Eric A. Rickart,,,2026-05-02T09:09:00.753Z,,CONTINENT_DERIVED_FROM_COORDINATES;INSTITUTION_MATCH_FUZZY;INSTITUTION_COLLECTION_MISMATCH
1656053838,06a00852-f764-4fb8-80d4-ca51f0918459,https://arctos.database.museum/guid/UMNH:Mamm:33394,Animalia,Chordata,Mammalia,Soricomorpha,Soricidae,Sorex,Sorex vagrans,vagrans,SUBSPECIES,"Sorex vagrans vagrans Baird, 1857",Sorex vagrans vagrans,,US,"Toiyabe Range, Big Creek Canyon, 0.8 km due N pass between Big Creek and Kingston canyons",Nevada,PRESENT,,2d6267a0-0561-11d8-b851-b8a03c50a862,39.30026,-117.11864,20,,2469,0,,,7/17/10,17,7,2010,7194092,2436042,PRESERVED_SPECIMEN,UMNH,Mammalogy,UMNH:Mamm:33394,EAR 7498,unknown,2016-10-24T00:00:00,CC0_1_0,,Collector(s): Eric A. Rickart,,,2026-05-02T09:09:01.048Z,,CONTINENT_DERIVED_FROM_COORDINATES;INSTITUTION_MATCH_FUZZY;INSTITUTION_COLLECTION_MISMATCH
1656053837,06a00852-f764-4fb8-80d4-ca51f0918459,https://arctos.database.museum/guid/UMNH:Mamm:33367,Animalia,Chordata,Mammalia,Soricomorpha,Soricidae,Sorex,Sorex vagrans,vagrans,SUBSPECIES,"Sorex vagrans vagrans Baird, 1857",Sorex vagrans vagrans,,US,"Toiyabe Range, Big Creek Canyon, 0.8 km due N pass between Big Creek and Kingston canyons",Nevada,PRESENT,,2d6267a0-0561-11d8-b851-b8a03c50a862,39.29963,-117.11754,20,,2469,0,,,7/15/10,15,7,2010,7194092,2436042,PRESERVED_SPECIMEN,UMNH,Mammalogy,UMNH:Mamm:33367,EAR 7440,unknown,2016-10-24T00:00:00,CC0_1_0,,Collector(s): Eric A. Rickart,,,2026-05-02T09:09:00.790Z,,CONTINENT_DERIVED_FROM_COORDINATES;INSTITUTION_MATCH_FUZZY;INSTITUTION_COLLECTION_MISMATCH
1656053836,06a00852-f764-4fb8-80d4-ca51f0918459,https://arctos.database.museum/guid/UMNH:Mamm:33365,Animalia,Chordata,Mammalia,Soricomorpha,Soricidae,Sorex,Sorex vagrans,vagrans,SUBSPECIES,"Sorex vagrans vagrans Baird, 1857",Sorex vagrans vagrans,,US,"Toiyabe Range, Big Creek Canyon, 0.8 km due N pass between Big Creek and Kingston canyons",Nevada,PRESENT,,2d6267a0-0561-11d8-b851-b8a03c50a862,39.30026,-117.11864,20,,2469,0,,,7/15/10,15,7,2010,7194092,2436042,PRESERVED_SPECIMEN,UMNH,Mammalogy,UMNH:Mamm:33365,EAR 7436,unknown,2016-10-24T00:00:00,CC0_1_0,,Collector(s): Eric A. Rickart,,,2026-05-02T09:09:00.789Z,,CONTINENT_DERIVED_FROM_COORDINATES;INSTITUTION_MATCH_FUZZY;INSTITUTION_COLLECTION_MISMATCH
1656053835,06a00852-f764-4fb8-80d4-ca51f0918459,https://arctos.database.museum/guid/UMNH:Mamm:33357,Animalia,Chordata,Mammalia,Soricomorpha,Soricidae,Sorex,Sorex vagrans,vagrans,SUBSPECIES,"Sorex vagrans vagrans Baird, 1857",Sorex vagrans vagrans,,US,"Toiyabe Range, Big Creek Canyon, 1.4 km N, 0.1 km W pass between Big Creek and Kingston canyons",Nevada,PRESENT,,2d6267a0-0561-11d8-b851-b8a03c50a862,39.30624,-117.11861,20,,2393,0,,,7/10/10,10,7,2010,7194092,2436042,PRESERVED_SPECIMEN,UMNH,Mammalogy,UMNH:Mamm:33357,EAR 7245,unknown,2016-10-24T00:00:00,CC0_1_0,,Collector(s): Eric A. Rickart,,,2026-05-02T09:09:00.751Z,,CONTINENT_DERIVED_FROM_COORDINATES;INSTITUTION_MATCH_FUZZY;INSTITUTION_COLLECTION_MISMATCH
1656053833,06a00852-f764-4fb8-80d4-ca51f0918459,https://arctos.database.museum/guid/UMNH:Mamm:33352,Animalia,Chordata,Mammalia,Soricomorpha,Soricidae,Sorex,Sorex palustris,,SPECIES,"Sorex navigator (Baird, 1858)",Sorex navigator,,US,"Toiyabe Range, Big Creek Canyon, 1.4 km N, 0.1 km W pass between Big Creek and Kingston canyons",Nevada,PRESENT,,2d6267a0-0561-11d8-b851-b8a03c50a862,39.30597,-117.1194,20,,2393,0,,,7/10/10,10,7,2010,12105209,2436006,PRESERVED_SPECIMEN,UMNH,Mammalogy,UMNH:Mamm:33352,EAR 7223,Katrina M. Derieg,2021-09-27T00:00:00,CC0_1_0,,Collector(s): Eric A. Rickart,,,2026-05-02T09:09:00.786Z,,CONTINENT_DERIVED_FROM_COORDINATES;INSTITUTION_MATCH_FUZZY;INSTITUTION_COLLECTION_MISMATCH
1656053831,06a00852-f764-4fb8-80d4-ca51f0918459,https://arctos.database.museum/guid/UMNH:Mamm:33372,Animalia,Chordata,Mammalia,Soricomorpha,Soricidae,Sorex,Sorex vagrans,vagrans,SUBSPECIES,"Sorex vagrans vagrans Baird, 1857",Sorex vagrans vagrans,,US,"Toiyabe Range, Big Creek Canyon, 0.8 km due N pass between Big Creek and Kingston canyons",Nevada,PRESENT,,2d6267a0-0561-11d8-b851-b8a03c50a862,39.30026,-117.11864,20,,2469,0,,,7/15/10,15,7,2010,7194092,2436042,PRESERVED_SPECIMEN,UMNH,Mammalogy,UMNH:Mamm:33372,EAR 7454,unknown,2016-10-24T00:00:00,CC0_1_0,,Collector(s): Eric A. Rickart,,,2026-05-02T09:09:00.682Z,,CONTINENT_DERIVED_FROM_COORDINATES;INSTITUTION_MATCH_FUZZY;INSTITUTION_COLLECTION_MISMATCH
1656053826,06a00852-f764-4fb8-80d4-ca51f0918459,https://arctos.database.museum/guid/UMNH:Mamm:33364,Animalia,Chordata,Mammalia,Soricomorpha,Soricidae,Sorex,Sorex vagrans,vagrans,SUBSPECIES,"Sorex vagrans vagrans Baird, 1857",Sorex vagrans vagrans,,US,"Toiyabe Range, Big Creek Canyon, 1.4 km N, 0.1 km W pass between Big Creek and Kingston canyons",Nevada,PRESENT,,2d6267a0-0561-11d8-b851-b8a03c50a862,39.30597,-117.1194,20,,2393,0,,,7/12/10,12,7,2010,7194092,2436042,PRESERVED_SPECIMEN,UMNH,Mammalogy,UMNH:Mamm:33364,EAR 7295,unknown,2016-10-24T00:00:00,CC0_1_0,,Collector(s): Eric A. Rickart,,,2026-05-02T09:09:00.902Z,,CONTINENT_DERIVED_FROM_COORDINATES;INSTITUTION_MATCH_FUZZY;INSTITUTION_COLLECTION_MISMATCH
1656053825,06a00852-f764-4fb8-80d4-ca51f0918459,https://arctos.database.museum/guid/UMNH:Mamm:33383,Animalia,Chordata,Mammalia,Soricomorpha,Soricidae,Sorex,Sorex vagrans,vagrans,SUBSPECIES,"Sorex vagrans vagrans Baird, 1857",Sorex vagrans vagrans,,US,"Toiyabe Range, Big Creek Canyon, 0.8 km due N pass between Big Creek and Kingston canyons",Nevada,PRESENT,,2d6267a0-0561-11d8-b851-b8a03c50a862,39.30026,-117.11864,20,,2469,0,,,7/16/10,16,7,2010,7194092,2436042,PRESERVED_SPECIMEN,UMNH,Mammalogy,UMNH:Mamm:33383,EAR 7465,unknown,2016-10-24T00:00:00,CC0_1_0,,Collector(s): Eric A. Rickart,,,2026-05-02T09:09:00.785Z,,CONTINENT_DERIVED_FROM_COORDINATES;INSTITUTION_MATCH_FUZZY;INSTITUTION_COLLECTION_MISMATCH
1656053824,06a00852-f764-4fb8-80d4-ca51f0918459,https://arctos.database.museum/guid/UMNH:Mamm:33356,Animalia,Chordata,Mammalia,Soricomorpha,Soricidae,Sorex,Sorex vagrans,vagrans,SUBSPECIES,"Sorex vagrans vagrans Baird, 1857",Sorex vagrans vagrans,,US,"Toiyabe Range, Big Creek Canyon, 1.4 km N, 0.1 km W pass between Big Creek and Kingston canyons",Nevada,PRESENT,,2d6267a0-0561-11d8-b851-b8a03c50a862,39.30597,-117.1194,20,,2393,0,,,7/10/10,10,7,2010,7194092,2436042,PRESERVED_SPECIMEN,UMNH,Mammalogy,UMNH:Mamm:33356,EAR 7244,unknown,2016-10-24T00:00:00,CC0_1_0,,Collector(s): Eric A. Rickart,,,2026-05-02T09:09:01.047Z,,CONTINENT_DERIVED_FROM_COORDINATES;INSTITUTION_MATCH_FUZZY;INSTITUTION_COLLECTION_MISMATCH
1656053821,06a00852-f764-4fb8-80d4-ca51f0918459,https://arctos.database.museum/guid/UMNH:Mamm:33392,Animalia,Chordata,Mammalia,Soricomorpha,Soricidae,Sorex,Sorex vagrans,vagrans,SUBSPECIES,"Sorex vagrans vagrans Baird, 1857",Sorex vagrans vagrans,,US,"Toiyabe Range, Big Creek Canyon, 0.8 km due N pass between Big Creek and Kingston canyons",Nevada,PRESENT,,2d6267a0-0561-11d8-b851-b8a03c50a862,39.30026,-117.11864,20,,2469,0,,,7/16/10,16,7,2010,7194092,2436042,PRESERVED_SPECIMEN,UMNH,Mammalogy,UMNH:Mamm:33392,EAR 7496,unknown,2016-10-24T00:00:00,CC0_1_0,,Collector(s): Eric A. Rickart,,,2026-05-02T09:09:00.578Z,,CONTINENT_DERIVED_FROM_COORDINATES;INSTITUTION_MATCH_FUZZY;INSTITUTION_COLLECTION_MISMATCH
1656053818,06a00852-f764-4fb8-80d4-ca51f0918459,https://arctos.database.museum/guid/UMNH:Mamm:33358,Animalia,Chordata,Mammalia,Soricomorpha,Soricidae,Sorex,Sorex vagrans,vagrans,SUBSPECIES,"Sorex vagrans vagrans Baird, 1857",Sorex vagrans vagrans,,US,"Toiyabe Range, Big Creek Canyon, 1.4 km N, 0.1 km W pass between Big Creek and Kingston canyons",Nevada,PRESENT,,2d6267a0-0561-11d8-b851-b8a03c50a862,39.30624,-117.11861,20,,2393,0,,,7/10/10,10,7,2010,7194092,2436042,PRESERVED_SPECIMEN,UMNH,Mammalogy,UMNH:Mamm:33358,EAR 7247,unknown,2016-10-24T00:00:00,CC0_1_0,,Collector(s): Eric A. Rickart,,,2026-05-02T09:09:00.578Z,,CONTINENT_DERIVED_FROM_COORDINATES;INSTITUTION_MATCH_FUZZY;INSTITUTION_COLLECTION_MISMATCH
1656053810,06a00852-f764-4fb8-80d4-ca51f0918459,https://arctos.database.museum/guid/UMNH:Mamm:33379,Animalia,Chordata,Mammalia,Soricomorpha,Soricidae,Sorex,Sorex vagrans,vagrans,SUBSPECIES,"Sorex vagrans vagrans Baird, 1857",Sorex vagrans vagrans,,US,"Toiyabe Range, Big Creek Canyon, 0.8 km due N pass between Big Creek and Kingston canyons",Nevada,PRESENT,,2d6267a0-0561-11d8-b851-b8a03c50a862,39.30026,-117.11864,20,,2469,0,,,7/16/10,16,7,2010,7194092,2436042,PRESERVED_SPECIMEN,UMNH,Mammalogy,UMNH:Mamm:33379,EAR 7461,unknown,2016-10-24T00:00:00,CC0_1_0,,Collector(s): Eric A. Rickart,,,2026-05-02T09:09:00.777Z,,CONTINENT_DERIVED_FROM_COORDINATES;INSTITUTION_MATCH_FUZZY;INSTITUTION_COLLECTION_MISMATCH
1656053795,06a00852-f764-4fb8-80d4-ca51f0918459,https://arctos.database.museum/guid/UMNH:Mamm:33369,Animalia,Chordata,Mammalia,Soricomorpha,Soricidae,Sorex,Sorex vagrans,vagrans,SUBSPECIES,"Sorex vagrans vagrans Baird, 1857",Sorex vagrans vagrans,,US,"Toiyabe Range, Big Creek Canyon, 0.8 km due N pass between Big Creek and Kingston canyons",Nevada,PRESENT,,2d6267a0-0561-11d8-b851-b8a03c50a862,39.29963,-117.11754,20,,2469,0,,,7/15/10,15,7,2010,7194092,2436042,PRESERVED_SPECIMEN,UMNH,Mammalogy,UMNH:Mamm:33369,EAR 7442,unknown,2016-10-24T00:00:00,CC0_1_0,,Collector(s): Eric A. Rickart,,,2026-05-02T09:09:00.671Z,,CONTINENT_DERIVED_FROM_COORDINATES;INSTITUTION_MATCH_FUZZY;INSTITUTION_COLLECTION_MISMATCH
1656053776,06a00852-f764-4fb8-80d4-ca51f0918459,https://arctos.database.museum/guid/UMNH:Mamm:33362,Animalia,Chordata,Mammalia,Soricomorpha,Soricidae,Sorex,Sorex vagrans,vagrans,SUBSPECIES,"Sorex vagrans vagrans Baird, 1857",Sorex vagrans vagrans,,US,"Toiyabe Range, Big Creek Canyon, 1.4 km N, 0.1 km W pass between Big Creek and Kingston canyons",Nevada,PRESENT,,2d6267a0-0561-11d8-b851-b8a03c50a862,39.30461,-117.11646,20,,2393,0,,,7/12/10,12,7,2010,7194092,2436042,PRESERVED_SPECIMEN,UMNH,Mammalogy,UMNH:Mamm:33362,EAR 7289,unknown,2016-10-24T00:00:00,CC0_1_0,,Collector(s): Eric A. Rickart,,,2026-05-02T09:09:01.037Z,,CONTINENT_DERIVED_FROM_COORDINATES;INSTITUTION_MATCH_FUZZY;INSTITUTION_COLLECTION_MISMATCH
1656053759,06a00852-f764-4fb8-80d4-ca51f0918459,https://arctos.database.museum/guid/UMNH:Mamm:33214,Animalia,Chordata,Mammalia,Soricomorpha,Soricidae,Sorex,Sorex vagrans,vagrans,SUBSPECIES,"Sorex vagrans vagrans Baird, 1857",Sorex vagrans vagrans,,US,"Toiyabe Range, Big Creek Canyon, 0.7 km S, 0.1 km E confluence Cottonwood & Big creeks",Nevada,PRESENT,,2d6267a0-0561-11d8-b851-b8a03c50a862,39.31744,-117.11997,20,,2256,0,,,6/23/10,23,6,2010,7194092,2436042,PRESERVED_SPECIMEN,UMNH,Mammalogy,UMNH:Mamm:33214,EAR 7050,unknown,2016-10-24T00:00:00,CC0_1_0,,Collector(s): Eric A. Rickart,,,2026-05-02T09:09:01.034Z,,CONTINENT_DERIVED_FROM_COORDINATES;INSTITUTION_MATCH_FUZZY;INSTITUTION_COLLECTION_MISMATCH
1656053748,06a00852-f764-4fb8-80d4-ca51f0918459,https://arctos.database.museum/guid/UMNH:Mamm:33220,Animalia,Chordata,Mammalia,Soricomorpha,Soricidae,Sorex,Sorex vagrans,vagrans,SUBSPECIES,"Sorex vagrans vagrans Baird, 1857",Sorex vagrans vagrans,,US,"Toiyabe Range, Big Creek Canyon, 0.7 km S, 0.1 km E confluence Cottonwood & Big creeks",Nevada,PRESENT,,2d6267a0-0561-11d8-b851-b8a03c50a862,39.31814,-117.11979,20,,2256,0,,,6/24/10,24,6,2010,7194092,2436042,PRESERVED_SPECIMEN,UMNH,Mammalogy,UMNH:Mamm:33220,EAR 7085,unknown,2016-10-24T00:00:00,CC0_1_0,,Collector(s): Eric A. Rickart,,,2026-05-02T09:09:00.662Z,,CONTINENT_DERIVED_FROM_COORDINATES;INSTITUTION_MATCH_FUZZY;INSTITUTION_COLLECTION_MISMATCH
1656053736,06a00852-f764-4fb8-80d4-ca51f0918459,https://arctos.database.museum/guid/UMNH:Mamm:33228,Animalia,Chordata,Mammalia,Soricomorpha,Soricidae,Sorex,Sorex vagrans,vagrans,SUBSPECIES,"Sorex vagrans vagrans Baird, 1857",Sorex vagrans vagrans,,US,"Toiyabe Range, Big Creek Canyon, 0.7 km S, 0.1 km E confluence Cottonwood & Big creeks",Nevada,PRESENT,,2d6267a0-0561-11d8-b851-b8a03c50a862,39.31766,-117.11967,20,,2256,0,,,6/25/10,25,6,2010,7194092,2436042,PRESERVED_SPECIMEN,UMNH,Mammalogy,UMNH:Mamm:33228,EAR 7127,unknown,2016-10-24T00:00:00,CC0_1_0,,Collector(s): Eric A. Rickart,,,2026-05-02T09:09:00.763Z,,CONTINENT_DERIVED_FROM_COORDINATES;INSTITUTION_MATCH_FUZZY;INSTITUTION_COLLECTION_MISMATCH
1656053733,06a00852-f764-4fb8-80d4-ca51f0918459,https://arctos.database.museum/guid/UMNH:Mamm:33229,Animalia,Chordata,Mammalia,Soricomorpha,Soricidae,Sorex,Sorex vagrans,vagrans,SUBSPECIES,"Sorex vagrans vagrans Baird, 1857",Sorex vagrans vagrans,,US,"Toiyabe Range, Big Creek Canyon, 0.7 km S, 0.1 km E confluence Cottonwood & Big creeks",Nevada,PRESENT,,2d6267a0-0561-11d8-b851-b8a03c50a862,39.31814,-117.11979,20,,2256,0,,,6/25/10,25,6,2010,7194092,2436042,PRESERVED_SPECIMEN,UMNH,Mammalogy,UMNH:Mamm:33229,EAR 7136,unknown,2016-10-24T00:00:00,CC0_1_0,,Collector(s): Eric A. Rickart,,,2026-05-02T09:09:00.565Z,,CONTINENT_DERIVED_FROM_COORDINATES;INSTITUTION_MATCH_FUZZY;INSTITUTION_COLLECTION_MISMATCH
1656053729,06a00852-f764-4fb8-80d4-ca51f0918459,https://arctos.database.museum/guid/UMNH:Mamm:33213,Animalia,Chordata,Mammalia,Soricomorpha,Soricidae,Sorex,Sorex palustris,,SPECIES,"Sorex navigator (Baird, 1858)",Sorex navigator,,US,"Toiyabe Range, Big Creek Canyon, 1.6 km S, 0.1 km E confluence Cottonwood & Big creeks",Nevada,PRESENT,,2d6267a0-0561-11d8-b851-b8a03c50a862,39.30895,-117.11793,20,,2332,0,,,6/29/10,29,6,2010,12105209,2436006,PRESERVED_SPECIMEN,UMNH,Mammalogy,UMNH:Mamm:33213,EAR 7218,Katrina M. Derieg,2021-09-27T00:00:00,CC0_1_0,,Collector(s): Eric A. Rickart,,,2026-05-02T09:09:00.886Z,,CONTINENT_DERIVED_FROM_COORDINATES;INSTITUTION_MATCH_FUZZY;INSTITUTION_COLLECTION_MISMATCH
1656053726,06a00852-f764-4fb8-80d4-ca51f0918459,https://arctos.database.museum/guid/UMNH:Mamm:33218,Animalia,Chordata,Mammalia,Soricomorpha,Soricidae,Sorex,Sorex vagrans,vagrans,SUBSPECIES,"Sorex vagrans vagrans Baird, 1857",Sorex vagrans vagrans,,US,"Toiyabe Range, Big Creek Canyon, 0.7 km S, 0.1 km E confluence Cottonwood & Big creeks",Nevada,PRESENT,,2d6267a0-0561-11d8-b851-b8a03c50a862,39.31814,-117.11979,20,,2256,0,,,6/23/10,23,6,2010,7194092,2436042,PRESERVED_SPECIMEN,UMNH,Mammalogy,UMNH:Mamm:33218,EAR 7080,unknown,2016-10-24T00:00:00,CC0_1_0,,Collector(s): Eric A. Rickart,,,2026-05-02T09:09:00.761Z,,CONTINENT_DERIVED_FROM_COORDINATES;INSTITUTION_MATCH_FUZZY;INSTITUTION_COLLECTION_MISMATCH
1656053716,06a00852-f764-4fb8-80d4-ca51f0918459,https://arctos.database.museum/guid/UMNH:Mamm:33217,Animalia,Chordata,Mammalia,Soricomorpha,Soricidae,Sorex,Sorex vagrans,vagrans,SUBSPECIES,"Sorex vagrans vagrans Baird, 1857",Sorex vagrans vagrans,,US,"Toiyabe Range, Big Creek Canyon, 0.7 km S, 0.1 km E confluence Cottonwood & Big creeks",Nevada,PRESENT,,2d6267a0-0561-11d8-b851-b8a03c50a862,39.31814,-117.11979,20,,2256,0,,,6/23/10,23,6,2010,7194092,2436042,PRESERVED_SPECIMEN,UMNH,Mammalogy,UMNH:Mamm:33217,EAR 7079,unknown,2016-10-24T00:00:00,CC0_1_0,,Collector(s): Eric A. Rickart,,,2026-05-02T09:09:00.758Z,,CONTINENT_DERIVED_FROM_COORDINATES;INSTITUTION_MATCH_FUZZY;INSTITUTION_COLLECTION_MISMATCH
1656053713,06a00852-f764-4fb8-80d4-ca51f0918459,https://arctos.database.museum/guid/UMNH:Mamm:33231,Animalia,Chordata,Mammalia,Soricomorpha,Soricidae,Sorex,Sorex vagrans,vagrans,SUBSPECIES,"Sorex vagrans vagrans Baird, 1857",Sorex vagrans vagrans,,US,"Toiyabe Range, Big Creek Canyon, 1.6 km due S confluence Cottonwood & Big creeks",Nevada,PRESENT,,2d6267a0-0561-11d8-b851-b8a03c50a862,39.3094,-117.12196,20,,2332,0,,,6/26/10,26,6,2010,7194092,2436042,PRESERVED_SPECIMEN,UMNH,Mammalogy,UMNH:Mamm:33231,EAR 7171,unknown,2016-10-24T00:00:00,CC0_1_0,,Collector(s): Eric A. Rickart,,,2026-05-02T09:09:00.560Z,,CONTINENT_DERIVED_FROM_COORDINATES;INSTITUTION_MATCH_FUZZY;INSTITUTION_COLLECTION_MISMATCH
1656053712,06a00852-f764-4fb8-80d4-ca51f0918459,https://arctos.database.museum/guid/UMNH:Mamm:33230,Animalia,Chordata,Mammalia,Soricomorpha,Soricidae,Sorex,Sorex vagrans,vagrans,SUBSPECIES,"Sorex vagrans vagrans Baird, 1857",Sorex vagrans vagrans,,US,"Toiyabe Range, Big Creek Canyon, 0.8 km S, 0.2 km E confluence Cottonwood & Big creeks",Nevada,PRESENT,,2d6267a0-0561-11d8-b851-b8a03c50a862,39.31599,-117.11893,20,,2256,0,,,6/25/10,25,6,2010,7194092,2436042,PRESERVED_SPECIMEN,UMNH,Mammalogy,UMNH:Mamm:33230,EAR 7143,unknown,2016-10-24T00:00:00,CC0_1_0,,Collector(s): Eric A. Rickart,,,2026-05-02T09:09:00.883Z,,CONTINENT_DERIVED_FROM_COORDINATES;INSTITUTION_MATCH_FUZZY;INSTITUTION_COLLECTION_MISMATCH
1656053710,06a00852-f764-4fb8-80d4-ca51f0918459,https://arctos.database.museum/guid/UMNH:Mamm:33227,Animalia,Chordata,Mammalia,Soricomorpha,Soricidae,Sorex,Sorex vagrans,vagrans,SUBSPECIES,"Sorex vagrans vagrans Baird, 1857",Sorex vagrans vagrans,,US,"Toiyabe Range, Big Creek Canyon, 0.7 km S, 0.1 km E confluence Cottonwood & Big creeks",Nevada,PRESENT,,2d6267a0-0561-11d8-b851-b8a03c50a862,39.31766,-117.11967,20,,2256,0,,,6/25/10,25,6,2010,7194092,2436042,PRESERVED_SPECIMEN,UMNH,Mammalogy,UMNH:Mamm:33227,EAR 7126,unknown,2016-10-24T00:00:00,CC0_1_0,,Collector(s): Eric A. Rickart,,,2026-05-02T09:09:00.754Z,,CONTINENT_DERIVED_FROM_COORDINATES;INSTITUTION_MATCH_FUZZY;INSTITUTION_COLLECTION_MISMATCH
1656053700,06a00852-f764-4fb8-80d4-ca51f0918459,https://arctos.database.museum/guid/UMNH:Mamm:33222,Animalia,Chordata,Mammalia,Soricomorpha,Soricidae,Sorex,Sorex vagrans,vagrans,SUBSPECIES,"Sorex vagrans vagrans Baird, 1857",Sorex vagrans vagrans,,US,"Toiyabe Range, Big Creek Canyon, 0.7 km S, 0.1 km E confluence Cottonwood & Big creeks",Nevada,PRESENT,,2d6267a0-0561-11d8-b851-b8a03c50a862,39.31766,-117.11967,20,,2256,0,,,6/24/10,24,6,2010,7194092,2436042,PRESERVED_SPECIMEN,UMNH,Mammalogy,UMNH:Mamm:33222,EAR 7094,unknown,2016-10-24T00:00:00,CC0_1_0,,Collector(s): Eric A. Rickart,,,2026-05-02T09:09:00.878Z,,CONTINENT_DERIVED_FROM_COORDINATES;INSTITUTION_MATCH_FUZZY;INSTITUTION_COLLECTION_MISMATCH
1656053699,06a00852-f764-4fb8-80d4-ca51f0918459,https://arctos.database.museum/guid/UMNH:Mamm:33223,Animalia,Chordata,Mammalia,Soricomorpha,Soricidae,Sorex,Sorex vagrans,vagrans,SUBSPECIES,"Sorex vagrans vagrans Baird, 1857",Sorex vagrans vagrans,,US,"Toiyabe Range, Big Creek Canyon, 0.7 km S, 0.1 km E confluence Cottonwood & Big creeks",Nevada,PRESENT,,2d6267a0-0561-11d8-b851-b8a03c50a862,39.31814,-117.11979,20,,2256,0,,,6/24/10,24,6,2010,7194092,2436042,PRESERVED_SPECIMEN,UMNH,Mammalogy,UMNH:Mamm:33223,EAR 7098,unknown,2016-10-24T00:00:00,CC0_1_0,,Collector(s): Eric A. Rickart,,,2026-05-02T09:09:00.878Z,,CONTINENT_DERIVED_FROM_COORDINATES;INSTITUTION_MATCH_FUZZY;INSTITUTION_COLLECTION_MISMATCH
1656053695,06a00852-f764-4fb8-80d4-ca51f0918459,https://arctos.database.museum/guid/UMNH:Mamm:33215,Animalia,Chordata,Mammalia,Soricomorpha,Soricidae,Sorex,Sorex vagrans,vagrans,SUBSPECIES,"Sorex vagrans vagrans Baird, 1857",Sorex vagrans vagrans,,US,"Toiyabe Range, Big Creek Canyon, 0.7 km S, 0.1 km E confluence Cottonwood & Big creeks",Nevada,PRESENT,,2d6267a0-0561-11d8-b851-b8a03c50a862,39.31766,-117.11967,20,,2256,0,,,6/23/10,23,6,2010,7194092,2436042,PRESERVED_SPECIMEN,UMNH,Mammalogy,UMNH:Mamm:33215,EAR 7066,unknown,2016-10-24T00:00:00,CC0_1_0,,Collector(s): Eric A. Rickart,,,2026-05-02T09:09:00.555Z,,CONTINENT_DERIVED_FROM_COORDINATES;INSTITUTION_MATCH_FUZZY;INSTITUTION_COLLECTION_MISMATCH
1656053692,06a00852-f764-4fb8-80d4-ca51f0918459,https://arctos.database.museum/guid/UMNH:Mamm:33221,Animalia,Chordata,Mammalia,Soricomorpha,Soricidae,Sorex,Sorex vagrans,vagrans,SUBSPECIES,"Sorex vagrans vagrans Baird, 1857",Sorex vagrans vagrans,,US,"Toiyabe Range, Big Creek Canyon, 0.7 km S, 0.1 km E confluence Cottonwood & Big creeks",Nevada,PRESENT,,2d6267a0-0561-11d8-b851-b8a03c50a862,39.31766,-117.11967,20,,2256,0,,,6/24/10,24,6,2010,7194092,2436042,PRESERVED_SPECIMEN,UMNH,Mammalogy,UMNH:Mamm:33221,EAR 7093,unknown,2016-10-24T00:00:00,CC0_1_0,,Collector(s): Eric A. Rickart,,,2026-05-02T09:09:00.554Z,,CONTINENT_DERIVED_FROM_COORDINATES;INSTITUTION_MATCH_FUZZY;INSTITUTION_COLLECTION_MISMATCH
1656053687,06a00852-f764-4fb8-80d4-ca51f0918459,https://arctos.database.museum/guid/UMNH:Mamm:33232,Animalia,Chordata,Mammalia,Soricomorpha,Soricidae,Sorex,Sorex vagrans,vagrans,SUBSPECIES,"Sorex vagrans vagrans Baird, 1857",Sorex vagrans vagrans,,US,"Toiyabe Range, Big Creek Canyon, 1.6 km S, 0.1 km E confluence Cottonwood & Big creeks",Nevada,PRESENT,,2d6267a0-0561-11d8-b851-b8a03c50a862,39.30895,-117.11793,20,,2332,0,,,6/27/10,27,6,2010,7194092,2436042,PRESERVED_SPECIMEN,UMNH,Mammalogy,UMNH:Mamm:33232,EAR 7178,unknown,2016-10-24T00:00:00,CC0_1_0,,Collector(s): Eric A. Rickart,,,2026-05-02T09:09:00.553Z,,CONTINENT_DERIVED_FROM_COORDINATES;INSTITUTION_MATCH_FUZZY;INSTITUTION_COLLECTION_MISMATCH
1656053684,06a00852-f764-4fb8-80d4-ca51f0918459,https://arctos.database.museum/guid/UMNH:Mamm:33224,Animalia,Chordata,Mammalia,Soricomorpha,Soricidae,Sorex,Sorex vagrans,vagrans,SUBSPECIES,"Sorex vagrans vagrans Baird, 1857",Sorex vagrans vagrans,,US,"Toiyabe Range, Big Creek Canyon, 0.7 km S, 0.1 km E confluence Cottonwood & Big creeks",Nevada,PRESENT,,2d6267a0-0561-11d8-b851-b8a03c50a862,39.31814,-117.11979,20,,2256,0,,,6/24/10,24,6,2010,7194092,2436042,PRESERVED_SPECIMEN,UMNH,Mammalogy,UMNH:Mamm:33224,EAR 7099,unknown,2016-10-24T00:00:00,CC0_1_0,,Collector(s): Eric A. Rickart,,,2026-05-02T09:09:01.013Z,,CONTINENT_DERIVED_FROM_COORDINATES;INSTITUTION_MATCH_FUZZY;INSTITUTION_COLLECTION_MISMATCH
1656053669,06a00852-f764-4fb8-80d4-ca51f0918459,https://arctos.database.museum/guid/UMNH:Mamm:33225,Animalia,Chordata,Mammalia,Soricomorpha,Soricidae,Sorex,Sorex vagrans,vagrans,SUBSPECIES,"Sorex vagrans vagrans Baird, 1857",Sorex vagrans vagrans,,US,"Toiyabe Range, Big Creek Canyon, 0.7 km S, 0.1 km E confluence Cottonwood & Big creeks",Nevada,PRESENT,,2d6267a0-0561-11d8-b851-b8a03c50a862,39.31814,-117.11979,20,,2256,0,,,6/25/10,25,6,2010,7194092,2436042,PRESERVED_SPECIMEN,UMNH,Mammalogy,UMNH:Mamm:33225,EAR 7121,unknown,2016-10-24T00:00:00,CC0_1_0,,Collector(s): Eric A. Rickart,,,2026-05-02T09:09:00.747Z,,CONTINENT_DERIVED_FROM_COORDINATES;INSTITUTION_MATCH_FUZZY;INSTITUTION_COLLECTION_MISMATCH
1656053668,06a00852-f764-4fb8-80d4-ca51f0918459,https://arctos.database.museum/guid/UMNH:Mamm:33219,Animalia,Chordata,Mammalia,Soricomorpha,Soricidae,Sorex,Sorex vagrans,vagrans,SUBSPECIES,"Sorex vagrans vagrans Baird, 1857",Sorex vagrans vagrans,,US,"Toiyabe Range, Big Creek Canyon, 0.7 km S, 0.1 km E confluence Cottonwood & Big creeks",Nevada,PRESENT,,2d6267a0-0561-11d8-b851-b8a03c50a862,39.31814,-117.11979,20,,2256,0,,,6/24/10,24,6,2010,7194092,2436042,PRESERVED_SPECIMEN,UMNH,Mammalogy,UMNH:Mamm:33219,EAR 7084,unknown,2016-10-24T00:00:00,CC0_1_0,,Collector(s): Eric A. Rickart,,,2026-05-02T09:09:00.872Z,,CONTINENT_DERIVED_FROM_COORDINATES;INSTITUTION_MATCH_FUZZY;INSTITUTION_COLLECTION_MISMATCH
1656053659,06a00852-f764-4fb8-80d4-ca51f0918459,https://arctos.database.museum/guid/UMNH:Mamm:33234,Animalia,Chordata,Mammalia,Soricomorpha,Soricidae,Sorex,Sorex vagrans,vagrans,SUBSPECIES,"Sorex vagrans vagrans Baird, 1857",Sorex vagrans vagrans,,US,"Toiyabe Range, Big Creek Canyon, 1.6 km S, 0.1 km E confluence Cottonwood & Big creeks",Nevada,PRESENT,,2d6267a0-0561-11d8-b851-b8a03c50a862,39.30895,-117.11793,20,,2332,0,,,6/28/10,28,6,2010,7194092,2436042,PRESERVED_SPECIMEN,UMNH,Mammalogy,UMNH:Mamm:33234,EAR 7209,unknown,2016-10-24T00:00:00,CC0_1_0,,Collector(s): Eric A. Rickart,,,2026-05-02T09:09:00.548Z,,CONTINENT_DERIVED_FROM_COORDINATES;INSTITUTION_MATCH_FUZZY;INSTITUTION_COLLECTION_MISMATCH
1656053658,06a00852-f764-4fb8-80d4-ca51f0918459,https://arctos.database.museum/guid/UMNH:Mamm:33212,Animalia,Chordata,Mammalia,Soricomorpha,Soricidae,Sorex,Sorex palustris,,SPECIES,"Sorex navigator (Baird, 1858)",Sorex navigator,,US,"Toiyabe Range, Big Creek Canyon, 1.6 km S, 0.1 km E confluence Cottonwood & Big creeks",Nevada,PRESENT,,2d6267a0-0561-11d8-b851-b8a03c50a862,39.30954,-117.11972,20,,2332,0,,,6/28/10,28,6,2010,12105209,2436006,PRESERVED_SPECIMEN,UMNH,Mammalogy,UMNH:Mamm:33212,EAR 7199,Katrina M. Derieg,2021-09-27T00:00:00,CC0_1_0,,Collector(s): Eric A. Rickart,,,2026-05-02T09:09:01.005Z,,CONTINENT_DERIVED_FROM_COORDINATES;INSTITUTION_MATCH_FUZZY;INSTITUTION_COLLECTION_MISMATCH
1656053654,06a00852-f764-4fb8-80d4-ca51f0918459,https://arctos.database.museum/guid/UMNH:Mamm:33226,Animalia,Chordata,Mammalia,Soricomorpha,Soricidae,Sorex,Sorex vagrans,vagrans,SUBSPECIES,"Sorex vagrans vagrans Baird, 1857",Sorex vagrans vagrans,,US,"Toiyabe Range, Big Creek Canyon, 0.7 km S, 0.1 km E confluence Cottonwood & Big creeks",Nevada,PRESENT,,2d6267a0-0561-11d8-b851-b8a03c50a862,39.31814,-117.11979,20,,2256,0,,,6/25/10,25,6,2010,7194092,2436042,PRESERVED_SPECIMEN,UMNH,Mammalogy,UMNH:Mamm:33226,EAR 7122,unknown,2016-10-24T00:00:00,CC0_1_0,,Collector(s): Eric A. Rickart,,,2026-05-02T09:09:01.001Z,,CONTINENT_DERIVED_FROM_COORDINATES;INSTITUTION_MATCH_FUZZY;INSTITUTION_COLLECTION_MISMATCH
1656053652,06a00852-f764-4fb8-80d4-ca51f0918459,https://arctos.database.museum/guid/UMNH:Mamm:33216,Animalia,Chordata,Mammalia,Soricomorpha,Soricidae,Sorex,Sorex vagrans,vagrans,SUBSPECIES,"Sorex vagrans vagrans Baird, 1857",Sorex vagrans vagrans,,US,"Toiyabe Range, Big Creek Canyon, 0.7 km S, 0.1 km E confluence Cottonwood & Big creeks",Nevada,PRESENT,,2d6267a0-0561-11d8-b851-b8a03c50a862,39.31814,-117.11979,20,,2256,0,,,6/23/10,23,6,2010,7194092,2436042,PRESERVED_SPECIMEN,UMNH,Mammalogy,UMNH:Mamm:33216,EAR 7078,unknown,2016-10-24T00:00:00,CC0_1_0,,Collector(s): Eric A. Rickart,,,2026-05-02T09:09:00.547Z,,CONTINENT_DERIVED_FROM_COORDINATES;INSTITUTION_MATCH_FUZZY;INSTITUTION_COLLECTION_MISMATCH
1656053648,06a00852-f764-4fb8-80d4-ca51f0918459,https://arctos.database.museum/guid/UMNH:Mamm:33235,Animalia,Chordata,Mammalia,Soricomorpha,Soricidae,Sorex,Sorex vagrans,vagrans,SUBSPECIES,"Sorex vagrans vagrans Baird, 1857",Sorex vagrans vagrans,,US,"Toiyabe Range, Big Creek Canyon, 1.6 km S, 0.1 km E confluence Cottonwood & Big creeks",Nevada,PRESENT,,2d6267a0-0561-11d8-b851-b8a03c50a862,39.30895,-117.11793,20,,2332,0,,,6/29/10,29,6,2010,7194092,2436042,PRESERVED_SPECIMEN,UMNH,Mammalogy,UMNH:Mamm:33235,EAR 7219,unknown,2016-10-24T00:00:00,CC0_1_0,,Collector(s): Eric A. Rickart,,,2026-05-02T09:09:00.724Z,,CONTINENT_DERIVED_FROM_COORDINATES;INSTITUTION_MATCH_FUZZY;INSTITUTION_COLLECTION_MISMATCH
1656053646,06a00852-f764-4fb8-80d4-ca51f0918459,https://arctos.database.museum/guid/UMNH:Mamm:33233,Animalia,Chordata,Mammalia,Soricomorpha,Soricidae,Sorex,Sorex vagrans,vagrans,SUBSPECIES,"Sorex vagrans vagrans Baird, 1857",Sorex vagrans vagrans,,US,"Toiyabe Range, Big Creek Canyon, 1.6 km S, 0.1 km E confluence Cottonwood & Big creeks",Nevada,PRESENT,,2d6267a0-0561-11d8-b851-b8a03c50a862,39.30895,-117.11793,20,,2332,0,,,6/28/10,28,6,2010,7194092,2436042,PRESERVED_SPECIMEN,UMNH,Mammalogy,UMNH:Mamm:33233,EAR 7208,unknown,2016-10-24T00:00:00,CC0_1_0,,Collector(s): Eric A. Rickart,,,2026-05-02T09:09:00.722Z,,CONTINENT_DERIVED_FROM_COORDINATES;INSTITUTION_MATCH_FUZZY;INSTITUTION_COLLECTION_MISMATCH
1656053416,06a00852-f764-4fb8-80d4-ca51f0918459,https://arctos.database.museum/guid/UMNH:Mamm:32947,Animalia,Chordata,Mammalia,Soricomorpha,Soricidae,Sorex,Sorex vagrans,vagrans,SUBSPECIES,"Sorex vagrans vagrans Baird, 1857",Sorex vagrans vagrans,,US,"Toiyabe Range, Kingston Canyon, 0.6 km N, 3.3 km W Bunker Hill Summit",Nevada,PRESENT,,2d6267a0-0561-11d8-b851-b8a03c50a862,39.25816,-117.16306,20,,2295,0,,,7/30/09,30,7,2009,7194092,2436042,PRESERVED_SPECIMEN,UMNH,Mammalogy,UMNH:Mamm:32947,RJR 2406a,unknown,2016-10-24T00:00:00,CC0_1_0,,Collector(s): Rebecca J. Rowe,,,2026-05-02T09:09:00.933Z,,CONTINENT_DERIVED_FROM_COORDINATES;INSTITUTION_MATCH_FUZZY;INSTITUTION_COLLECTION_MISMATCH
1656053396,06a00852-f764-4fb8-80d4-ca51f0918459,https://arctos.database.museum/guid/UMNH:Mamm:32949,Animalia,Chordata,Mammalia,Soricomorpha,Soricidae,Sorex,Sorex vagrans,vagrans,SUBSPECIES,"Sorex vagrans vagrans Baird, 1857",Sorex vagrans vagrans,,US,"Toiyabe Range, Kingston Canyon, 0.6 km N, 3.3 km W Bunker Hill Summit",Nevada,PRESENT,,2d6267a0-0561-11d8-b851-b8a03c50a862,39.25816,-117.16306,20,,2295,0,,,7/31/09,31,7,2009,7194092,2436042,PRESERVED_SPECIMEN,UMNH,Mammalogy,UMNH:Mamm:32949,RJR 2421,unknown,2016-10-24T00:00:00,CC0_1_0,,Collector(s): Rebecca J. Rowe,,,2026-05-02T09:09:00.689Z,,CONTINENT_DERIVED_FROM_COORDINATES;INSTITUTION_MATCH_FUZZY;INSTITUTION_COLLECTION_MISMATCH
1656053393,06a00852-f764-4fb8-80d4-ca51f0918459,https://arctos.database.museum/guid/UMNH:Mamm:32946,Animalia,Chordata,Mammalia,Soricomorpha,Soricidae,Sorex,Sorex vagrans,vagrans,SUBSPECIES,"Sorex vagrans vagrans Baird, 1857",Sorex vagrans vagrans,,US,"Toiyabe Range, Kingston Canyon, 0.6 km N, 3.3 km W Bunker Hill Summit",Nevada,PRESENT,,2d6267a0-0561-11d8-b851-b8a03c50a862,39.25816,-117.16306,20,,2295,0,,,7/29/09,29,7,2009,7194092,2436042,PRESERVED_SPECIMEN,UMNH,Mammalogy,UMNH:Mamm:32946,RJR 2389,unknown,2016-10-24T00:00:00,CC0_1_0,,Collector(s): Rebecca J. Rowe,,,2026-05-02T09:09:00.598Z,,CONTINENT_DERIVED_FROM_COORDINATES;INSTITUTION_MATCH_FUZZY;INSTITUTION_COLLECTION_MISMATCH
1656053359,06a00852-f764-4fb8-80d4-ca51f0918459,https://arctos.database.museum/guid/UMNH:Mamm:32945,Animalia,Chordata,Mammalia,Soricomorpha,Soricidae,Sorex,Sorex vagrans,vagrans,SUBSPECIES,"Sorex vagrans vagrans Baird, 1857",Sorex vagrans vagrans,,US,"Toiyabe Range, Kingston Canyon, 0.45 km N, 3.0 km W Bunker Hill Summit",Nevada,PRESENT,,2d6267a0-0561-11d8-b851-b8a03c50a862,39.25703,-117.16039,20,,2316,0,,,7/24/09,24,7,2009,7194092,2436042,PRESERVED_SPECIMEN,UMNH,Mammalogy,UMNH:Mamm:32945,RJR 2305,unknown,2016-10-24T00:00:00,CC0_1_0,,Collector(s): Rebecca J. Rowe,,,2026-05-02T09:09:00.473Z,,CONTINENT_DERIVED_FROM_COORDINATES;INSTITUTION_MATCH_FUZZY;INSTITUTION_COLLECTION_MISMATCH
1656053328,06a00852-f764-4fb8-80d4-ca51f0918459,https://arctos.database.museum/guid/UMNH:Mamm:32948,Animalia,Chordata,Mammalia,Soricomorpha,Soricidae,Sorex,Sorex vagrans,vagrans,SUBSPECIES,"Sorex vagrans vagrans Baird, 1857",Sorex vagrans vagrans,,US,"Toiyabe Range, Kingston Canyon, 0.6 km N, 3.3 km W Bunker Hill Summit",Nevada,PRESENT,,2d6267a0-0561-11d8-b851-b8a03c50a862,39.25816,-117.16306,20,,2295,0,,,7/30/09,30,7,2009,7194092,2436042,PRESERVED_SPECIMEN,UMNH,Mammalogy,UMNH:Mamm:32948,RJR 2420,unknown,2016-10-24T00:00:00,CC0_1_0,,Collector(s): Rebecca J. Rowe,,,2026-05-02T09:09:00.675Z,,CONTINENT_DERIVED_FROM_COORDINATES;INSTITUTION_MATCH_FUZZY;INSTITUTION_COLLECTION_MISMATCH
1656053250,06a00852-f764-4fb8-80d4-ca51f0918459,https://arctos.database.museum/guid/UMNH:Mamm:32800,Animalia,Chordata,Mammalia,Soricomorpha,Soricidae,Sorex,Sorex vagrans,vagrans,SUBSPECIES,"Sorex vagrans vagrans Baird, 1857",Sorex vagrans vagrans,,US,"Toiyabe Range, Kingston Canyon, 0.45 km N, 3.0 km W Bunker Hill Summit",Nevada,PRESENT,,2d6267a0-0561-11d8-b851-b8a03c50a862,39.25703,-117.16039,20,,2316,0,,,7/23/09,23,7,2009,7194092,2436042,PRESERVED_SPECIMEN,UMNH,Mammalogy,UMNH:Mamm:32800,RJR 2287,unknown,2016-10-24T00:00:00,CC0_1_0,,Collector(s): Rebecca J. Rowe,,,2026-05-02T09:09:00.432Z,,CONTINENT_DERIVED_FROM_COORDINATES;INSTITUTION_MATCH_FUZZY;INSTITUTION_COLLECTION_MISMATCH
1656053224,06a00852-f764-4fb8-80d4-ca51f0918459,https://arctos.database.museum/guid/UMNH:Mamm:32798,Animalia,Chordata,Mammalia,Soricomorpha,Soricidae,Sorex,Sorex vagrans,vagrans,SUBSPECIES,"Sorex vagrans vagrans Baird, 1857",Sorex vagrans vagrans,,US,"Toiyabe Range, Kingston Canyon, 0.45 km N, 3.0 km W Bunker Hill Summit",Nevada,PRESENT,,2d6267a0-0561-11d8-b851-b8a03c50a862,39.25703,-117.16039,20,,2316,0,,,7/22/09,22,7,2009,7194092,2436042,PRESERVED_SPECIMEN,UMNH,Mammalogy,UMNH:Mamm:32798,RJR 2270,unknown,2016-10-24T00:00:00,CC0_1_0,,Collector(s): Rebecca J. Rowe,,,2026-05-02T09:09:00.646Z,,CONTINENT_DERIVED_FROM_COORDINATES;INSTITUTION_MATCH_FUZZY;INSTITUTION_COLLECTION_MISMATCH
1656053205,06a00852-f764-4fb8-80d4-ca51f0918459,https://arctos.database.museum/guid/UMNH:Mamm:32799,Animalia,Chordata,Mammalia,Soricomorpha,Soricidae,Sorex,Sorex vagrans,vagrans,SUBSPECIES,"Sorex vagrans vagrans Baird, 1857",Sorex vagrans vagrans,,US,"Toiyabe Range, Kingston Canyon, 0.45 km N, 3.0 km W Bunker Hill Summit",Nevada,PRESENT,,2d6267a0-0561-11d8-b851-b8a03c50a862,39.25703,-117.16039,20,,2316,0,,,7/23/09,23,7,2009,7194092,2436042,PRESERVED_SPECIMEN,UMNH,Mammalogy,UMNH:Mamm:32799,RJR 2286,unknown,2016-10-24T00:00:00,CC0_1_0,,Collector(s): Rebecca J. Rowe,,,2026-05-02T09:09:00.889Z,,CONTINENT_DERIVED_FROM_COORDINATES;INSTITUTION_MATCH_FUZZY;INSTITUTION_COLLECTION_MISMATCH
1656053195,06a00852-f764-4fb8-80d4-ca51f0918459,https://arctos.database.museum/guid/UMNH:Mamm:32801,Animalia,Chordata,Mammalia,Soricomorpha,Soricidae,Sorex,Sorex vagrans,vagrans,SUBSPECIES,"Sorex vagrans vagrans Baird, 1857",Sorex vagrans vagrans,,US,"Toiyabe Range, Kingston Canyon, 0.45 km N, 3.0 km W Bunker Hill Summit",Nevada,PRESENT,,2d6267a0-0561-11d8-b851-b8a03c50a862,39.25703,-117.16039,20,,2316,0,,,7/24/09,24,7,2009,7194092,2436042,PRESERVED_SPECIMEN,UMNH,Mammalogy,UMNH:Mamm:32801,RJR 2306,unknown,2016-10-24T00:00:00,CC0_1_0,,Collector(s): Rebecca J. Rowe,,,2026-05-02T09:09:00.567Z,,CONTINENT_DERIVED_FROM_COORDINATES;INSTITUTION_MATCH_FUZZY;INSTITUTION_COLLECTION_MISMATCH
1656053130,06a00852-f764-4fb8-80d4-ca51f0918459,https://arctos.database.museum/guid/UMNH:Mamm:32697,Animalia,Chordata,Mammalia,Soricomorpha,Soricidae,Sorex,Sorex vagrans,vagrans,SUBSPECIES,"Sorex vagrans vagrans Baird, 1857",Sorex vagrans vagrans,,US,"Snake Range, Baker Creek, Great Basin National Park",Nevada,PRESENT,,2d6267a0-0561-11d8-b851-b8a03c50a862,38.98814,-114.23378,20,,2286,0,,,8/1/08,1,8,2008,7194092,2436042,PRESERVED_SPECIMEN,UMNH,Mammalogy,UMNH:Mamm:32697,EAR 6813,unknown,2016-10-24T00:00:00,CC0_1_0,,Collector(s): Eric A. Rickart,,,2026-05-02T09:09:00.880Z,,CONTINENT_DERIVED_FROM_COORDINATES;INSTITUTION_MATCH_FUZZY;INSTITUTION_COLLECTION_MISMATCH
1656053087,06a00852-f764-4fb8-80d4-ca51f0918459,https://arctos.database.museum/guid/UMNH:Mamm:32659,Animalia,Chordata,Mammalia,Soricomorpha,Soricidae,Sorex,Sorex palustris,,SPECIES,"Sorex navigator (Baird, 1858)",Sorex navigator,,US,"Ruby Mountains, Long Canyon, 3.75 km S, 3.45 km E confluence of Mahogany and Long creeks",Nevada,PRESENT,,2d6267a0-0561-11d8-b851-b8a03c50a862,40.51453,-115.43848,20,,2499,0,,,7/25/08,25,7,2008,12105209,2436006,PRESERVED_SPECIMEN,UMNH,Mammalogy,UMNH:Mamm:32659,RJR 2163,Katrina M. Derieg,2021-09-27T00:00:00,CC0_1_0,,Collector(s): Rebecca J. Rowe,,,2026-05-02T09:09:00.353Z,,CONTINENT_DERIVED_FROM_COORDINATES;INSTITUTION_MATCH_FUZZY;INSTITUTION_COLLECTION_MISMATCH
1656053074,06a00852-f764-4fb8-80d4-ca51f0918459,https://arctos.database.museum/guid/UMNH:Mamm:32660,Animalia,Chordata,Mammalia,Soricomorpha,Soricidae,Sorex,Sorex palustris,,SPECIES,"Sorex navigator (Baird, 1858)",Sorex navigator,,US,"Ruby Mountains, Long Canyon, 3.75 km S, 3.45 km E confluence of Mahogany and Long creeks",Nevada,PRESENT,,2d6267a0-0561-11d8-b851-b8a03c50a862,40.51453,-115.43848,20,,2499,0,,,7/29/08,29,7,2008,12105209,2436006,PRESERVED_SPECIMEN,UMNH,Mammalogy,UMNH:Mamm:32660,Rebecca J. Rowe RJR 2225,Katrina M. Derieg,2021-09-27T00:00:00,CC0_1_0,,Collector(s): Rebecca J. Rowe,,,2026-05-02T09:09:00.352Z,,CONTINENT_DERIVED_FROM_COORDINATES;INSTITUTION_MATCH_FUZZY;INSTITUTION_COLLECTION_MISMATCH
1656053073,06a00852-f764-4fb8-80d4-ca51f0918459,https://arctos.database.museum/guid/UMNH:Mamm:32698,Animalia,Chordata,Mammalia,Soricomorpha,Soricidae,Sorex,Sorex vagrans,vagrans,SUBSPECIES,"Sorex vagrans vagrans Baird, 1857",Sorex vagrans vagrans,,US,"Snake Range, Lehman Creek at east boundary of Great Basin National Park",Nevada,PRESENT,,2d6267a0-0561-11d8-b851-b8a03c50a862,39.04988,-114.31988,20,,2676,0,,,7/25/08,25,7,2008,7194092,2436042,PRESERVED_SPECIMEN,UMNH,Mammalogy,UMNH:Mamm:32698,EAR 6815,unknown,2016-10-24T00:00:00,CC0_1_0,,Collector(s): Eric A. Rickart,,,2026-05-02T09:09:00.573Z,,CONTINENT_DERIVED_FROM_COORDINATES;INSTITUTION_MATCH_FUZZY;INSTITUTION_COLLECTION_MISMATCH
1656053041,06a00852-f764-4fb8-80d4-ca51f0918459,https://arctos.database.museum/guid/UMNH:Mamm:32631,Animalia,Chordata,Mammalia,Soricomorpha,Soricidae,Sorex,Sorex vagrans,vagrans,SUBSPECIES,"Sorex vagrans vagrans Baird, 1857",Sorex vagrans vagrans,,US,Ruby Valley USFS Station,Nevada,PRESENT,,2d6267a0-0561-11d8-b851-b8a03c50a862,40.73264,-115.2274,20,,1975,0,,,7/22/08,22,7,2008,7194092,2436042,PRESERVED_SPECIMEN,UMNH,Mammalogy,UMNH:Mamm:32631,EAR 6732,unknown,2016-10-24T00:00:00,CC0_1_0,,Collector(s): Eric A. Rickart,,,2026-05-02T09:09:00.549Z,,CONTINENT_DERIVED_FROM_COORDINATES;INSTITUTION_MATCH_FUZZY;INSTITUTION_COLLECTION_MISMATCH
1656052811,06a00852-f764-4fb8-80d4-ca51f0918459,https://arctos.database.museum/guid/UMNH:Mamm:32409,Animalia,Chordata,Mammalia,Soricomorpha,Soricidae,Sorex,Sorex vagrans,vagrans,SUBSPECIES,"Sorex vagrans vagrans Baird, 1857",Sorex vagrans vagrans,,US,"Ruby Mountains, Long Canyon, 3.75 km S, 3.45 km E confluence of Mahogany and Long creeks",Nevada,PRESENT,,2d6267a0-0561-11d8-b851-b8a03c50a862,40.51453,-115.43848,20,,2514,0,,,7/27/08,27,7,2008,7194092,2436042,PRESERVED_SPECIMEN,UMNH,Mammalogy,UMNH:Mamm:32409,RJR 2185,unknown,2016-10-24T00:00:00,CC0_1_0,,Collector(s): Rebecca J. Rowe,,,2026-05-02T09:09:00.521Z,,CONTINENT_DERIVED_FROM_COORDINATES;TYPE_STATUS_INVALID;INSTITUTION_MATCH_FUZZY;INSTITUTION_COLLECTION_MISMATCH
1656052805,06a00852-f764-4fb8-80d4-ca51f0918459,https://arctos.database.museum/guid/UMNH:Mamm:32404,Animalia,Chordata,Mammalia,Soricomorpha,Soricidae,Sorex,Sorex palustris,,SPECIES,"Sorex navigator (Baird, 1858)",Sorex navigator,,US,"Ruby Mountains, Long Canyon, 3.75 km S, 3.45 km E confluence of Mahogany and Long creeks",Nevada,PRESENT,,2d6267a0-0561-11d8-b851-b8a03c50a862,40.51453,-115.43848,20,,2499,0,,,7/30/08,30,7,2008,12105209,2436006,PRESERVED_SPECIMEN,UMNH,Mammalogy,UMNH:Mamm:32404,RJR 2243,Katrina M. Derieg,2021-09-27T00:00:00,CC0_1_0,,Collector(s): Rebecca J. Rowe,,,2026-05-02T09:09:00.472Z,,CONTINENT_DERIVED_FROM_COORDINATES;TYPE_STATUS_INVALID;INSTITUTION_MATCH_FUZZY;INSTITUTION_COLLECTION_MISMATCH
1656052790,06a00852-f764-4fb8-80d4-ca51f0918459,https://arctos.database.museum/guid/UMNH:Mamm:32401,Animalia,Chordata,Mammalia,Soricomorpha,Soricidae,Sorex,Sorex palustris,,SPECIES,"Sorex navigator (Baird, 1858)",Sorex navigator,,US,"Ruby Mountains, Long Canyon, 3.75 km S, 3.45 km E confluence of Mahogany and Long creeks",Nevada,PRESENT,,2d6267a0-0561-11d8-b851-b8a03c50a862,40.51453,-115.43848,20,,2499,0,,,7/25/08,25,7,2008,12105209,2436006,PRESERVED_SPECIMEN,UMNH,Mammalogy,UMNH:Mamm:32401,RJR 2162,Katrina M. Derieg,2021-09-27T00:00:00,CC0_1_0,,Collector(s): Rebecca J. Rowe,,,2026-05-02T09:09:00.806Z,,CONTINENT_DERIVED_FROM_COORDINATES;TYPE_STATUS_INVALID;INSTITUTION_MATCH_FUZZY;INSTITUTION_COLLECTION_MISMATCH
1656052788,06a00852-f764-4fb8-80d4-ca51f0918459,https://arctos.database.museum/guid/UMNH:Mamm:32406,Animalia,Chordata,Mammalia,Soricomorpha,Soricidae,Sorex,Sorex vagrans,vagrans,SUBSPECIES,"Sorex vagrans vagrans Baird, 1857",Sorex vagrans vagrans,,US,Ruby Valley USFS Station,Nevada,PRESENT,,2d6267a0-0561-11d8-b851-b8a03c50a862,40.73264,-115.2274,20,,1975,0,,,7/23/08,23,7,2008,7194092,2436042,PRESERVED_SPECIMEN,UMNH,Mammalogy,UMNH:Mamm:32406,EAR 6762,unknown,2016-10-24T00:00:00,CC0_1_0,,Collector(s): Eric A. Rickart,,,2026-05-02T09:09:00.500Z,,CONTINENT_DERIVED_FROM_COORDINATES;TYPE_STATUS_INVALID;INSTITUTION_MATCH_FUZZY;INSTITUTION_COLLECTION_MISMATCH
1656052785,06a00852-f764-4fb8-80d4-ca51f0918459,https://arctos.database.museum/guid/UMNH:Mamm:32408,Animalia,Chordata,Mammalia,Soricomorpha,Soricidae,Sorex,Sorex vagrans,vagrans,SUBSPECIES,"Sorex vagrans vagrans Baird, 1857",Sorex vagrans vagrans,,US,Ruby Valley USFS Station,Nevada,PRESENT,,2d6267a0-0561-11d8-b851-b8a03c50a862,40.73205,-115.22817,20,,1975,0,,,7/23/08,23,7,2008,7194092,2436042,PRESERVED_SPECIMEN,UMNH,Mammalogy,UMNH:Mamm:32408,EAR 6765,unknown,2016-10-24T00:00:00,CC0_1_0,,Collector(s): Eric A. Rickart,,,2026-05-02T09:09:00.803Z,,CONTINENT_DERIVED_FROM_COORDINATES;TYPE_STATUS_INVALID;INSTITUTION_MATCH_FUZZY;INSTITUTION_COLLECTION_MISMATCH
1656052779,06a00852-f764-4fb8-80d4-ca51f0918459,https://arctos.database.museum/guid/UMNH:Mamm:32403,Animalia,Chordata,Mammalia,Soricomorpha,Soricidae,Sorex,Sorex palustris,,SPECIES,"Sorex navigator (Baird, 1858)",Sorex navigator,,US,"Ruby Mountains, Long Canyon, 3.75 km S, 3.45 km E confluence of Mahogany and Long creeks",Nevada,PRESENT,,2d6267a0-0561-11d8-b851-b8a03c50a862,40.51453,-115.43848,20,,2499,0,,,7/29/08,29,7,2008,12105209,2436006,PRESERVED_SPECIMEN,UMNH,Mammalogy,UMNH:Mamm:32403,RJR 2226,Katrina M. Derieg,2021-09-27T00:00:00,CC0_1_0,,Collector(s): Rebecca J. Rowe,,,2026-05-02T09:09:00.468Z,,CONTINENT_DERIVED_FROM_COORDINATES;TYPE_STATUS_INVALID;INSTITUTION_MATCH_FUZZY;INSTITUTION_COLLECTION_MISMATCH
1656052759,06a00852-f764-4fb8-80d4-ca51f0918459,https://arctos.database.museum/guid/UMNH:Mamm:32402,Animalia,Chordata,Mammalia,Soricomorpha,Soricidae,Sorex,Sorex palustris,,SPECIES,"Sorex navigator (Baird, 1858)",Sorex navigator,,US,"Ruby Mountains, Long Canyon, 3.75 km S, 3.45 km E confluence of Mahogany and Long creeks",Nevada,PRESENT,,2d6267a0-0561-11d8-b851-b8a03c50a862,40.51453,-115.43848,20,,2499,0,,,7/27/08,27,7,2008,12105209,2436006,PRESERVED_SPECIMEN,UMNH,Mammalogy,UMNH:Mamm:32402,RJR 2188,Katrina M. Derieg,2021-09-27T00:00:00,CC0_1_0,,Collector(s): Rebecca J. Rowe,,,2026-05-02T09:09:00.294Z,,CONTINENT_DERIVED_FROM_COORDINATES;TYPE_STATUS_INVALID;INSTITUTION_MATCH_FUZZY;INSTITUTION_COLLECTION_MISMATCH
1656052753,06a00852-f764-4fb8-80d4-ca51f0918459,https://arctos.database.museum/guid/UMNH:Mamm:32407,Animalia,Chordata,Mammalia,Soricomorpha,Soricidae,Sorex,Sorex vagrans,vagrans,SUBSPECIES,"Sorex vagrans vagrans Baird, 1857",Sorex vagrans vagrans,,US,Ruby Valley USFS Station,Nevada,PRESENT,,2d6267a0-0561-11d8-b851-b8a03c50a862,40.73264,-115.2274,20,,1975,0,,,7/23/08,23,7,2008,7194092,2436042,PRESERVED_SPECIMEN,UMNH,Mammalogy,UMNH:Mamm:32407,EAR 6763,unknown,2016-10-24T00:00:00,CC0_1_0,,Collector(s): Eric A. Rickart,,,2026-05-02T09:09:00.290Z,,CONTINENT_DERIVED_FROM_COORDINATES;TYPE_STATUS_INVALID;INSTITUTION_MATCH_FUZZY;INSTITUTION_COLLECTION_MISMATCH
1656052747,06a00852-f764-4fb8-80d4-ca51f0918459,https://arctos.database.museum/guid/UMNH:Mamm:32410,Animalia,Chordata,Mammalia,Soricomorpha,Soricidae,Sorex,Sorex vagrans,vagrans,SUBSPECIES,"Sorex vagrans vagrans Baird, 1857",Sorex vagrans vagrans,,US,"Ruby Mountains, Long Canyon, 3.75 km S, 3.45 km E confluence of Mahogany and Long creeks",Nevada,PRESENT,,2d6267a0-0561-11d8-b851-b8a03c50a862,40.51453,-115.43848,20,,2514,0,,,7/27/08,27,7,2008,7194092,2436042,PRESERVED_SPECIMEN,UMNH,Mammalogy,UMNH:Mamm:32410,RJR 2186,unknown,2016-10-24T00:00:00,CC0_1_0,,Collector(s): Rebecca J. Rowe,,,2026-05-02T09:09:00.288Z,,CONTINENT_DERIVED_FROM_COORDINATES;TYPE_STATUS_INVALID;INSTITUTION_MATCH_FUZZY;INSTITUTION_COLLECTION_MISMATCH
1656052720,06a00852-f764-4fb8-80d4-ca51f0918459,https://arctos.database.museum/guid/UMNH:Mamm:32288,Animalia,Chordata,Mammalia,Soricomorpha,Soricidae,Sorex,Sorex palustris,,SPECIES,"Sorex navigator (Baird, 1858)",Sorex navigator,,US,"Ruby Mountains, Dollar Lakes, 0.85 km N, 0.925 km W Favre Peak summit",Nevada,PRESENT,,2d6267a0-0561-11d8-b851-b8a03c50a862,40.59248,-115.38567,20,,2934,0,,,8/10/07,10,8,2007,12105209,2436006,PRESERVED_SPECIMEN,UMNH,Mammalogy,UMNH:Mamm:32288,RJR 2082,Katrina M. Derieg,2021-09-27T00:00:00,CC0_1_0,,Collector(s): Rebecca J. Rowe,,,2026-05-02T09:09:00.455Z,,CONTINENT_DERIVED_FROM_COORDINATES;TYPE_STATUS_INVALID;INSTITUTION_MATCH_FUZZY;INSTITUTION_COLLECTION_MISMATCH
1656052572,06a00852-f764-4fb8-80d4-ca51f0918459,https://arctos.database.museum/guid/UMNH:Mamm:32204,Animalia,Chordata,Mammalia,Soricomorpha,Soricidae,Sorex,Sorex vagrans,vagrans,SUBSPECIES,"Sorex vagrans vagrans Baird, 1857",Sorex vagrans vagrans,,US,"Ruby Mountains, 0.6  km N, 1.1 km W confluence of Thomas and Lamoille creeks",Nevada,PRESENT,,2d6267a0-0561-11d8-b851-b8a03c50a862,40.65523,-115.43771,20,,2179,0,,,8/5/07,5,8,2007,7194092,2436042,PRESERVED_SPECIMEN,UMNH,Mammalogy,UMNH:Mamm:32204,EAR 6585,unknown,2016-10-24T00:00:00,CC0_1_0,,Collector(s): Eric A. Rickart,,,2026-05-02T09:09:00.417Z,,CONTINENT_DERIVED_FROM_COORDINATES;TYPE_STATUS_INVALID;INSTITUTION_MATCH_FUZZY;INSTITUTION_COLLECTION_MISMATCH
1656052515,06a00852-f764-4fb8-80d4-ca51f0918459,https://arctos.database.museum/guid/UMNH:Mamm:32129,Animalia,Chordata,Mammalia,Soricomorpha,Soricidae,Sorex,Sorex palustris,,SPECIES,"Sorex navigator (Baird, 1858)",Sorex navigator,,US,"Ruby Mountains, Castle Lake",Nevada,PRESENT,,2d6267a0-0561-11d8-b851-b8a03c50a862,40.57003,-115.39994,20,,3014,0,,,7/21/07,21,7,2007,12105209,2436006,PRESERVED_SPECIMEN,UMNH,Mammalogy,UMNH:Mamm:32129,EAR 6564,Katrina M. Derieg,2021-09-27T00:00:00,CC0_1_0,,Collector(s): Eric A. Rickart,,,2026-05-02T09:09:00.228Z,,CONTINENT_DERIVED_FROM_COORDINATES;TYPE_STATUS_INVALID;INSTITUTION_MATCH_FUZZY;INSTITUTION_COLLECTION_MISMATCH
1656052511,06a00852-f764-4fb8-80d4-ca51f0918459,https://arctos.database.museum/guid/UMNH:Mamm:32126,Animalia,Chordata,Mammalia,Soricomorpha,Soricidae,Sorex,Sorex palustris,,SPECIES,"Sorex navigator (Baird, 1858)",Sorex navigator,,US,"Ruby Mountains, Castle Lake",Nevada,PRESENT,,2d6267a0-0561-11d8-b851-b8a03c50a862,40.57,-115.39804,20,,2990,0,,,7/18/07,18,7,2007,12105209,2436006,PRESERVED_SPECIMEN,UMNH,Mammalogy,UMNH:Mamm:32126,EAR 6506,Katrina M. Derieg,2021-09-27T00:00:00,CC0_1_0,,Collector(s): Eric A. Rickart,,,2026-05-02T09:09:00.443Z,,CONTINENT_DERIVED_FROM_COORDINATES;TYPE_STATUS_INVALID;INSTITUTION_MATCH_FUZZY;INSTITUTION_COLLECTION_MISMATCH
1656052495,06a00852-f764-4fb8-80d4-ca51f0918459,https://arctos.database.museum/guid/UMNH:Mamm:32128,Animalia,Chordata,Mammalia,Soricomorpha,Soricidae,Sorex,Sorex palustris,,SPECIES,"Sorex navigator (Baird, 1858)",Sorex navigator,,US,"Ruby Mountains, Castle Lake",Nevada,PRESENT,,2d6267a0-0561-11d8-b851-b8a03c50a862,40.57003,-115.39994,20,,3014,0,,,7/20/07,20,7,2007,12105209,2436006,PRESERVED_SPECIMEN,UMNH,Mammalogy,UMNH:Mamm:32128,EAR 6542,Katrina M. Derieg,2021-09-27T00:00:00,CC0_1_0,,Collector(s): Eric A. Rickart,,,2026-05-02T09:09:00.731Z,,CONTINENT_DERIVED_FROM_COORDINATES;TYPE_STATUS_INVALID;INSTITUTION_MATCH_FUZZY;INSTITUTION_COLLECTION_MISMATCH
1656052468,06a00852-f764-4fb8-80d4-ca51f0918459,https://arctos.database.museum/guid/UMNH:Mamm:32127,Animalia,Chordata,Mammalia,Soricomorpha,Soricidae,Sorex,Sorex palustris,,SPECIES,"Sorex navigator (Baird, 1858)",Sorex navigator,,US,"Ruby Mountains, Castle Lake",Nevada,PRESENT,,2d6267a0-0561-11d8-b851-b8a03c50a862,40.57003,-115.39994,20,,3014,0,,,7/20/07,20,7,2007,12105209,2436006,PRESERVED_SPECIMEN,UMNH,Mammalogy,UMNH:Mamm:32127,EAR 6541,Katrina M. Derieg,2021-09-27T00:00:00,CC0_1_0,,Collector(s): Eric A. Rickart,,,2026-05-02T09:09:00.439Z,,CONTINENT_DERIVED_FROM_COORDINATES;TYPE_STATUS_INVALID;INSTITUTION_MATCH_FUZZY;INSTITUTION_COLLECTION_MISMATCH
1656052443,06a00852-f764-4fb8-80d4-ca51f0918459,https://arctos.database.museum/guid/UMNH:Mamm:32044,Animalia,Chordata,Mammalia,Soricomorpha,Soricidae,Sorex,Sorex palustris,,SPECIES,"Sorex navigator (Baird, 1858)",Sorex navigator,,US,"Ruby Mountains, Gardner Creek, 0.1 km N, 1.0 km W Secret Pass",Nevada,PRESENT,,2d6267a0-0561-11d8-b851-b8a03c50a862,40.817,-115.22272,20,,2033,0,,,6/19/07,19,6,2007,12105209,2436006,PRESERVED_SPECIMEN,UMNH,Mammalogy,UMNH:Mamm:32044,EAR 6437,Katrina M. Derieg,2021-09-27T00:00:00,CC0_1_0,,Collector(s): Eric A. Rickart,,,2026-05-02T09:09:00.202Z,,CONTINENT_DERIVED_FROM_COORDINATES;TYPE_STATUS_INVALID;INSTITUTION_MATCH_FUZZY;INSTITUTION_COLLECTION_MISMATCH
1656052415,06a00852-f764-4fb8-80d4-ca51f0918459,https://arctos.database.museum/guid/UMNH:Mamm:32045,Animalia,Chordata,Mammalia,Soricomorpha,Soricidae,Sorex,Sorex palustris,,SPECIES,"Sorex navigator (Baird, 1858)",Sorex navigator,,US,"Ruby Mountains, Gardner Creek, 0.1 km N, 1.0 km W Secret Pass",Nevada,PRESENT,,2d6267a0-0561-11d8-b851-b8a03c50a862,40.817,-115.22272,20,,2033,0,,,6/19/07,19,6,2007,12105209,2436006,PRESERVED_SPECIMEN,UMNH,Mammalogy,UMNH:Mamm:32045,EAR 6438,Katrina M. Derieg,2021-09-27T00:00:00,CC0_1_0,,Collector(s): Eric A. Rickart,,,2026-05-02T09:09:00.387Z,,CONTINENT_DERIVED_FROM_COORDINATES;TYPE_STATUS_INVALID;INSTITUTION_MATCH_FUZZY;INSTITUTION_COLLECTION_MISMATCH
1656052410,06a00852-f764-4fb8-80d4-ca51f0918459,https://arctos.database.museum/guid/UMNH:Mamm:32050,Animalia,Chordata,Mammalia,Soricomorpha,Soricidae,Sorex,Sorex vagrans,vagrans,SUBSPECIES,"Sorex vagrans vagrans Baird, 1857",Sorex vagrans vagrans,,US,"Ruby Mountains, Gardner Creek, 0.1 km N, 1.0 km W Secret Pass",Nevada,PRESENT,,2d6267a0-0561-11d8-b851-b8a03c50a862,40.817,-115.22272,20,,2033,0,,,6/23/07,23,6,2007,7194092,2436042,PRESERVED_SPECIMEN,UMNH,Mammalogy,UMNH:Mamm:32050,EAR 6476,unknown,2016-10-24T00:00:00,CC0_1_0,,Collector(s): Eric A. Rickart,,,2026-05-02T09:09:00.711Z,,CONTINENT_DERIVED_FROM_COORDINATES;TYPE_STATUS_INVALID;INSTITUTION_MATCH_FUZZY;INSTITUTION_COLLECTION_MISMATCH
1656052404,06a00852-f764-4fb8-80d4-ca51f0918459,https://arctos.database.museum/guid/UMNH:Mamm:32048,Animalia,Chordata,Mammalia,Soricomorpha,Soricidae,Sorex,Sorex vagrans,vagrans,SUBSPECIES,"Sorex vagrans vagrans Baird, 1857",Sorex vagrans vagrans,,US,"Ruby Mountains, Gardner Creek, 0.1 km N, 1.0 km W Secret Pass",Nevada,PRESENT,,2d6267a0-0561-11d8-b851-b8a03c50a862,40.81782,-115.22066,20,,2019,0,,,6/23/07,23,6,2007,7194092,2436042,PRESERVED_SPECIMEN,UMNH,Mammalogy,UMNH:Mamm:32048,EAR 6472,unknown,2016-10-24T00:00:00,CC0_1_0,,Collector(s): Eric A. Rickart,,,2026-05-02T09:09:00.194Z,,CONTINENT_DERIVED_FROM_COORDINATES;TYPE_STATUS_INVALID;INSTITUTION_MATCH_FUZZY;INSTITUTION_COLLECTION_MISMATCH
1656052403,06a00852-f764-4fb8-80d4-ca51f0918459,https://arctos.database.museum/guid/UMNH:Mamm:32051,Animalia,Chordata,Mammalia,Soricomorpha,Soricidae,Sorex,Sorex vagrans,vagrans,SUBSPECIES,"Sorex vagrans vagrans Baird, 1857",Sorex vagrans vagrans,,US,"Ruby Mountains, Gardner Creek, 0.1 km N, 1.0 km W Secret Pass",Nevada,PRESENT,,2d6267a0-0561-11d8-b851-b8a03c50a862,40.81778,-115.22326,20,,2031,0,,,6/23/07,23,6,2007,7194092,2436042,PRESERVED_SPECIMEN,UMNH,Mammalogy,UMNH:Mamm:32051,EAR 6479,unknown,2016-10-24T00:00:00,CC0_1_0,,Collector(s): Eric A. Rickart,,,2026-05-02T09:09:00.416Z,,CONTINENT_DERIVED_FROM_COORDINATES;TYPE_STATUS_INVALID;INSTITUTION_MATCH_FUZZY;INSTITUTION_COLLECTION_MISMATCH
1656052361,06a00852-f764-4fb8-80d4-ca51f0918459,https://arctos.database.museum/guid/UMNH:Mamm:32046,Animalia,Chordata,Mammalia,Soricomorpha,Soricidae,Sorex,Sorex palustris,,SPECIES,"Sorex navigator (Baird, 1858)",Sorex navigator,,US,"Ruby Mountains, Gardner Creek, 0.1 km N, 1.0 km W Secret Pass",Nevada,PRESENT,,2d6267a0-0561-11d8-b851-b8a03c50a862,40.81782,-115.22066,20,,2019,0,,,6/23/07,23,6,2007,12105209,2436006,PRESERVED_SPECIMEN,UMNH,Mammalogy,UMNH:Mamm:32046,EAR 6473,Katrina M. Derieg,2021-09-27T00:00:00,CC0_1_0,,Collector(s): Eric A. Rickart,,,2026-05-02T09:09:00.382Z,,CONTINENT_DERIVED_FROM_COORDINATES;TYPE_STATUS_INVALID;INSTITUTION_MATCH_FUZZY;INSTITUTION_COLLECTION_MISMATCH
1656052356,06a00852-f764-4fb8-80d4-ca51f0918459,https://arctos.database.museum/guid/UMNH:Mamm:31986,Animalia,Chordata,Mammalia,Soricomorpha,Soricidae,Sorex,Sorex vagrans,vagrans,SUBSPECIES,"Sorex vagrans vagrans Baird, 1857",Sorex vagrans vagrans,,US,"Ruby Mountains, Willow Creek, 1.23 km N, 0.77 km E Walker Spring",Nevada,PRESENT,,2d6267a0-0561-11d8-b851-b8a03c50a862,40.09918,-115.66263,20,,1991,0,,,5/27/07,27,5,2007,7194092,2436042,PRESERVED_SPECIMEN,UMNH,Mammalogy,UMNH:Mamm:31986,RJR 1981,unknown,2016-10-24T00:00:00,CC0_1_0,,Collector(s): Rebecca J. Rowe,,,2026-05-02T09:09:00.376Z,,CONTINENT_DERIVED_FROM_COORDINATES;TYPE_STATUS_INVALID;INSTITUTION_MATCH_FUZZY;INSTITUTION_COLLECTION_MISMATCH
1656052351,06a00852-f764-4fb8-80d4-ca51f0918459,https://arctos.database.museum/guid/UMNH:Mamm:32049,Animalia,Chordata,Mammalia,Soricomorpha,Soricidae,Sorex,Sorex vagrans,vagrans,SUBSPECIES,"Sorex vagrans vagrans Baird, 1857",Sorex vagrans vagrans,,US,"Ruby Mountains, Gardner Creek, 0.1 km N, 1.0 km W Secret Pass",Nevada,PRESENT,,2d6267a0-0561-11d8-b851-b8a03c50a862,40.817,-115.22272,20,,2033,0,,,6/23/07,23,6,2007,7194092,2436042,PRESERVED_SPECIMEN,UMNH,Mammalogy,UMNH:Mamm:32049,EAR 6475,unknown,2016-10-24T00:00:00,CC0_1_0,,Collector(s): Eric A. Rickart,,,2026-05-02T09:09:00.377Z,,CONTINENT_DERIVED_FROM_COORDINATES;TYPE_STATUS_INVALID;INSTITUTION_MATCH_FUZZY;INSTITUTION_COLLECTION_MISMATCH
1656052346,06a00852-f764-4fb8-80d4-ca51f0918459,https://arctos.database.museum/guid/UMNH:Mamm:31994,Animalia,Chordata,Mammalia,Soricomorpha,Soricidae,Sorex,Sorex vagrans,vagrans,SUBSPECIES,"Sorex vagrans vagrans Baird, 1857",Sorex vagrans vagrans,,US,"Ruby Mountains, Willow Creek, 1.23 km N, 0.77 km E Walker Spring",Nevada,PRESENT,,2d6267a0-0561-11d8-b851-b8a03c50a862,40.09918,-115.66263,20,,1991,0,,,5/29/07,29,5,2007,7194092,2436042,PRESERVED_SPECIMEN,UMNH,Mammalogy,UMNH:Mamm:31994,RJR 2002,unknown,2016-10-24T00:00:00,CC0_1_0,,Collector(s): Rebecca J. Rowe,,,2026-05-02T09:09:00.175Z,,CONTINENT_DERIVED_FROM_COORDINATES;TYPE_STATUS_INVALID;INSTITUTION_MATCH_FUZZY;INSTITUTION_COLLECTION_MISMATCH
1656052345,06a00852-f764-4fb8-80d4-ca51f0918459,https://arctos.database.museum/guid/UMNH:Mamm:32047,Animalia,Chordata,Mammalia,Soricomorpha,Soricidae,Sorex,Sorex vagrans,vagrans,SUBSPECIES,"Sorex vagrans vagrans Baird, 1857",Sorex vagrans vagrans,,US,"Ruby Mountains, Gardner Creek, 0.1 km N, 1.0 km W Secret Pass",Nevada,PRESENT,,2d6267a0-0561-11d8-b851-b8a03c50a862,40.81782,-115.22066,20,,2019,0,,,6/23/07,23,6,2007,7194092,2436042,PRESERVED_SPECIMEN,UMNH,Mammalogy,UMNH:Mamm:32047,EAR 6471,unknown,2016-10-24T00:00:00,CC0_1_0,,Collector(s): Eric A. Rickart,,,2026-05-02T09:09:00.171Z,,CONTINENT_DERIVED_FROM_COORDINATES;TYPE_STATUS_INVALID;INSTITUTION_MATCH_FUZZY;INSTITUTION_COLLECTION_MISMATCH
1656052344,06a00852-f764-4fb8-80d4-ca51f0918459,https://arctos.database.museum/guid/UMNH:Mamm:31990,Animalia,Chordata,Mammalia,Soricomorpha,Soricidae,Sorex,Sorex vagrans,vagrans,SUBSPECIES,"Sorex vagrans vagrans Baird, 1857",Sorex vagrans vagrans,,US,"Ruby Mountains, Willow Creek, 1.23 km N, 0.77 km E Walker Spring",Nevada,PRESENT,,2d6267a0-0561-11d8-b851-b8a03c50a862,40.09918,-115.66263,20,,1991,0,,,5/28/07,28,5,2007,7194092,2436042,PRESERVED_SPECIMEN,UMNH,Mammalogy,UMNH:Mamm:31990,RJR 1985,unknown,2016-10-24T00:00:00,CC0_1_0,,Collector(s): Rebecca J. Rowe,,,2026-05-02T09:09:00.693Z,,CONTINENT_DERIVED_FROM_COORDINATES;TYPE_STATUS_INVALID;INSTITUTION_MATCH_FUZZY;INSTITUTION_COLLECTION_MISMATCH
1656052340,06a00852-f764-4fb8-80d4-ca51f0918459,https://arctos.database.museum/guid/UMNH:Mamm:31983,Animalia,Chordata,Mammalia,Soricomorpha,Soricidae,Sorex,Sorex vagrans,vagrans,SUBSPECIES,"Sorex vagrans vagrans Baird, 1857",Sorex vagrans vagrans,,US,"Ruby Mountains, Willow Creek, 1.23 km N, 0.77 km E Walker Spring",Nevada,PRESENT,,2d6267a0-0561-11d8-b851-b8a03c50a862,40.09918,-115.66263,20,,1991,0,,,5/26/07,26,5,2007,7194092,2436042,PRESERVED_SPECIMEN,UMNH,Mammalogy,UMNH:Mamm:31983,RJR 1943,unknown,2016-10-24T00:00:00,CC0_1_0,,Collector(s): Rebecca J. Rowe,,,2026-05-02T09:09:00.689Z,,CONTINENT_DERIVED_FROM_COORDINATES;TYPE_STATUS_INVALID;INSTITUTION_MATCH_FUZZY;INSTITUTION_COLLECTION_MISMATCH
1656052336,06a00852-f764-4fb8-80d4-ca51f0918459,https://arctos.database.museum/guid/UMNH:Mamm:31989,Animalia,Chordata,Mammalia,Soricomorpha,Soricidae,Sorex,Sorex vagrans,vagrans,SUBSPECIES,"Sorex vagrans vagrans Baird, 1857",Sorex vagrans vagrans,,US,"Ruby Mountains, Willow Creek, 1.23 km N, 0.77 km E Walker Spring",Nevada,PRESENT,,2d6267a0-0561-11d8-b851-b8a03c50a862,40.09918,-115.66263,20,,1991,0,,,5/28/07,28,5,2007,7194092,2436042,PRESERVED_SPECIMEN,UMNH,Mammalogy,UMNH:Mamm:31989,RJR 1984,unknown,2016-10-24T00:00:00,CC0_1_0,,Collector(s): Rebecca J. Rowe,,,2026-05-02T09:09:00.373Z,,CONTINENT_DERIVED_FROM_COORDINATES;TYPE_STATUS_INVALID;INSTITUTION_MATCH_FUZZY;INSTITUTION_COLLECTION_MISMATCH
1656052332,06a00852-f764-4fb8-80d4-ca51f0918459,https://arctos.database.museum/guid/UMNH:Mamm:31987,Animalia,Chordata,Mammalia,Soricomorpha,Soricidae,Sorex,Sorex vagrans,vagrans,SUBSPECIES,"Sorex vagrans vagrans Baird, 1857",Sorex vagrans vagrans,,US,"Ruby Mountains, Willow Creek, 1.23 km N, 0.77 km E Walker Spring",Nevada,PRESENT,,2d6267a0-0561-11d8-b851-b8a03c50a862,40.09918,-115.66263,20,,1991,0,,,5/28/07,28,5,2007,7194092,2436042,PRESERVED_SPECIMEN,UMNH,Mammalogy,UMNH:Mamm:31987,RJR 1982,unknown,2016-10-24T00:00:00,CC0_1_0,,Collector(s): Rebecca J. Rowe,,,2026-05-02T09:09:00.398Z,,CONTINENT_DERIVED_FROM_COORDINATES;TYPE_STATUS_INVALID;INSTITUTION_MATCH_FUZZY;INSTITUTION_COLLECTION_MISMATCH
1656052331,06a00852-f764-4fb8-80d4-ca51f0918459,https://arctos.database.museum/guid/UMNH:Mamm:31991,Animalia,Chordata,Mammalia,Soricomorpha,Soricidae,Sorex,Sorex vagrans,vagrans,SUBSPECIES,"Sorex vagrans vagrans Baird, 1857",Sorex vagrans vagrans,,US,"Ruby Mountains, Willow Creek, 1.23 km N, 0.77 km E Walker Spring",Nevada,PRESENT,,2d6267a0-0561-11d8-b851-b8a03c50a862,40.09918,-115.66263,20,,1991,0,,,5/29/07,29,5,2007,7194092,2436042,PRESERVED_SPECIMEN,UMNH,Mammalogy,UMNH:Mamm:31991,RJR 1999,unknown,2016-10-24T00:00:00,CC0_1_0,,Collector(s): Rebecca J. Rowe,,,2026-05-02T09:09:00.683Z,,CONTINENT_DERIVED_FROM_COORDINATES;TYPE_STATUS_INVALID;INSTITUTION_MATCH_FUZZY;INSTITUTION_COLLECTION_MISMATCH
1656052318,06a00852-f764-4fb8-80d4-ca51f0918459,https://arctos.database.museum/guid/UMNH:Mamm:31985,Animalia,Chordata,Mammalia,Soricomorpha,Soricidae,Sorex,Sorex vagrans,vagrans,SUBSPECIES,"Sorex vagrans vagrans Baird, 1857",Sorex vagrans vagrans,,US,"Ruby Mountains, Willow Creek, 1.23 km N, 0.77 km E Walker Spring",Nevada,PRESENT,,2d6267a0-0561-11d8-b851-b8a03c50a862,40.09918,-115.66263,20,,1991,0,,,5/27/07,27,5,2007,7194092,2436042,PRESERVED_SPECIMEN,UMNH,Mammalogy,UMNH:Mamm:31985,RJR 1974,unknown,2016-10-24T00:00:00,CC0_1_0,,Collector(s): Rebecca J. Rowe,,,2026-05-02T09:09:00.364Z,,CONTINENT_DERIVED_FROM_COORDINATES;TYPE_STATUS_INVALID;INSTITUTION_MATCH_FUZZY;INSTITUTION_COLLECTION_MISMATCH
1656052317,06a00852-f764-4fb8-80d4-ca51f0918459,https://arctos.database.museum/guid/UMNH:Mamm:31992,Animalia,Chordata,Mammalia,Soricomorpha,Soricidae,Sorex,Sorex vagrans,vagrans,SUBSPECIES,"Sorex vagrans vagrans Baird, 1857",Sorex vagrans vagrans,,US,"Ruby Mountains, Willow Creek, 1.23 km N, 0.77 km E Walker Spring",Nevada,PRESENT,,2d6267a0-0561-11d8-b851-b8a03c50a862,40.09918,-115.66263,20,,1991,0,,,5/29/07,29,5,2007,7194092,2436042,PRESERVED_SPECIMEN,UMNH,Mammalogy,UMNH:Mamm:31992,RJR 2000,unknown,2016-10-24T00:00:00,CC0_1_0,,Collector(s): Rebecca J. Rowe,,,2026-05-02T09:09:00.356Z,,CONTINENT_DERIVED_FROM_COORDINATES;TYPE_STATUS_INVALID;INSTITUTION_MATCH_FUZZY;INSTITUTION_COLLECTION_MISMATCH
1656052315,06a00852-f764-4fb8-80d4-ca51f0918459,https://arctos.database.museum/guid/UMNH:Mamm:31984,Animalia,Chordata,Mammalia,Soricomorpha,Soricidae,Sorex,Sorex vagrans,vagrans,SUBSPECIES,"Sorex vagrans vagrans Baird, 1857",Sorex vagrans vagrans,,US,"Ruby Mountains, Willow Creek, 1.23 km N, 0.77 km E Walker Spring",Nevada,PRESENT,,2d6267a0-0561-11d8-b851-b8a03c50a862,40.09918,-115.66263,20,,1991,0,,,5/27/07,27,5,2007,7194092,2436042,PRESERVED_SPECIMEN,UMNH,Mammalogy,UMNH:Mamm:31984,RJR 1973,unknown,2016-10-24T00:00:00,CC0_1_0,,Collector(s): Rebecca J. Rowe,,,2026-05-02T09:09:00.401Z,,CONTINENT_DERIVED_FROM_COORDINATES;TYPE_STATUS_INVALID;INSTITUTION_MATCH_FUZZY;INSTITUTION_COLLECTION_MISMATCH
1656052302,06a00852-f764-4fb8-80d4-ca51f0918459,https://arctos.database.museum/guid/UMNH:Mamm:31912,Animalia,Chordata,Mammalia,Soricomorpha,Soricidae,Sorex,Sorex vagrans,vagrans,SUBSPECIES,"Sorex vagrans vagrans Baird, 1857",Sorex vagrans vagrans,,US,"Ruby Mountains, vicinity of Harrison Pass Guard Station, 0.4 km N, 0.5 km E confluence of Green Mountain and Toyn creeks",Nevada,PRESENT,,2d6267a0-0561-11d8-b851-b8a03c50a862,40.34539,-115.55914,20,,1844,0,,,8/10/06,10,8,2006,7194092,2436042,PRESERVED_SPECIMEN,UMNH,Mammalogy,UMNH:Mamm:31912,EAR 6019,unknown,2016-10-24T00:00:00,CC0_1_0,,Collector(s): Eric A. Rickart,,,2026-05-02T09:09:00.397Z,,CONTINENT_DERIVED_FROM_COORDINATES;TYPE_STATUS_INVALID;INSTITUTION_MATCH_FUZZY;INSTITUTION_COLLECTION_MISMATCH
1656052300,06a00852-f764-4fb8-80d4-ca51f0918459,https://arctos.database.museum/guid/UMNH:Mamm:31982,Animalia,Chordata,Mammalia,Soricomorpha,Soricidae,Sorex,Sorex vagrans,vagrans,SUBSPECIES,"Sorex vagrans vagrans Baird, 1857",Sorex vagrans vagrans,,US,"Ruby Mountains, Willow Creek, 1.23 km N, 0.77 km E Walker Spring",Nevada,PRESENT,,2d6267a0-0561-11d8-b851-b8a03c50a862,40.09918,-115.66263,20,,1991,0,,,5/26/07,26,5,2007,7194092,2436042,PRESERVED_SPECIMEN,UMNH,Mammalogy,UMNH:Mamm:31982,RJR 1942,unknown,2016-10-24T00:00:00,CC0_1_0,,Collector(s): Rebecca J. Rowe,,,2026-05-02T09:09:00.350Z,,CONTINENT_DERIVED_FROM_COORDINATES;TYPE_STATUS_INVALID;INSTITUTION_MATCH_FUZZY;INSTITUTION_COLLECTION_MISMATCH
1656052299,06a00852-f764-4fb8-80d4-ca51f0918459,https://arctos.database.museum/guid/UMNH:Mamm:31993,Animalia,Chordata,Mammalia,Soricomorpha,Soricidae,Sorex,Sorex vagrans,vagrans,SUBSPECIES,"Sorex vagrans vagrans Baird, 1857",Sorex vagrans vagrans,,US,"Ruby Mountains, Willow Creek, 1.23 km N, 0.77 km E Walker Spring",Nevada,PRESENT,,2d6267a0-0561-11d8-b851-b8a03c50a862,40.09918,-115.66263,20,,1991,0,,,5/29/07,29,5,2007,7194092,2436042,PRESERVED_SPECIMEN,UMNH,Mammalogy,UMNH:Mamm:31993,RJR 2001,unknown,2016-10-24T00:00:00,CC0_1_0,,Collector(s): Rebecca J. Rowe,,,2026-05-02T09:09:00.394Z,,CONTINENT_DERIVED_FROM_COORDINATES;TYPE_STATUS_INVALID;INSTITUTION_MATCH_FUZZY;INSTITUTION_COLLECTION_MISMATCH
1656052263,06a00852-f764-4fb8-80d4-ca51f0918459,https://arctos.database.museum/guid/UMNH:Mamm:31988,Animalia,Chordata,Mammalia,Soricomorpha,Soricidae,Sorex,Sorex vagrans,vagrans,SUBSPECIES,"Sorex vagrans vagrans Baird, 1857",Sorex vagrans vagrans,,US,"Ruby Mountains, Willow Creek, 1.23 km N, 0.77 km E Walker Spring",Nevada,PRESENT,,2d6267a0-0561-11d8-b851-b8a03c50a862,40.09918,-115.66263,20,,1991,0,,,5/28/07,28,5,2007,7194092,2436042,PRESERVED_SPECIMEN,UMNH,Mammalogy,UMNH:Mamm:31988,RJR 1983,unknown,2016-10-24T00:00:00,CC0_1_0,,Collector(s): Rebecca J. Rowe,,,2026-05-02T09:09:00.361Z,,CONTINENT_DERIVED_FROM_COORDINATES;TYPE_STATUS_INVALID;INSTITUTION_MATCH_FUZZY;INSTITUTION_COLLECTION_MISMATCH
1656052260,06a00852-f764-4fb8-80d4-ca51f0918459,https://arctos.database.museum/guid/UMNH:Mamm:31909,Animalia,Chordata,Mammalia,Soricomorpha,Soricidae,Sorex,Sorex vagrans,vagrans,SUBSPECIES,"Sorex vagrans vagrans Baird, 1857",Sorex vagrans vagrans,,US,"Ruby Mountains, vicinity of Harrison Pass Guard Station, 0.4 km N, 0.5 km E confluence of Green Mountain and Toyn creeks",Nevada,PRESENT,,2d6267a0-0561-11d8-b851-b8a03c50a862,40.34539,-115.55914,20,,1844,0,,,8/7/06,7,8,2006,7194092,2436042,PRESERVED_SPECIMEN,UMNH,Mammalogy,UMNH:Mamm:31909,EAR 5985,unknown,2016-10-24T00:00:00,CC0_1_0,,Collector(s): Eric A. Rickart,,,2026-05-02T09:09:00.152Z,,CONTINENT_DERIVED_FROM_COORDINATES;TYPE_STATUS_INVALID;INSTITUTION_MATCH_FUZZY;INSTITUTION_COLLECTION_MISMATCH
1656052256,06a00852-f764-4fb8-80d4-ca51f0918459,https://arctos.database.museum/guid/UMNH:Mamm:31908,Animalia,Chordata,Mammalia,Soricomorpha,Soricidae,Sorex,Sorex vagrans,vagrans,SUBSPECIES,"Sorex vagrans vagrans Baird, 1857",Sorex vagrans vagrans,,US,"Ruby Mountains, vicinity of Harrison Pass Guard Station, 0.4 km N, 0.5 km E confluence of Green Mountain and Toyn creeks",Nevada,PRESENT,,2d6267a0-0561-11d8-b851-b8a03c50a862,40.34539,-115.55914,20,,1844,0,,,8/7/06,7,8,2006,7194092,2436042,PRESERVED_SPECIMEN,UMNH,Mammalogy,UMNH:Mamm:31908,EAR 5981,unknown,2016-10-24T00:00:00,CC0_1_0,,Collector(s): Eric A. Rickart,,,2026-05-02T09:09:00.357Z,,CONTINENT_DERIVED_FROM_COORDINATES;TYPE_STATUS_INVALID;INSTITUTION_MATCH_FUZZY;INSTITUTION_COLLECTION_MISMATCH
1656052235,06a00852-f764-4fb8-80d4-ca51f0918459,https://arctos.database.museum/guid/UMNH:Mamm:31911,Animalia,Chordata,Mammalia,Soricomorpha,Soricidae,Sorex,Sorex vagrans,vagrans,SUBSPECIES,"Sorex vagrans vagrans Baird, 1857",Sorex vagrans vagrans,,US,"Ruby Mountains, vicinity of Harrison Pass Guard Station, 0.4 km N, 0.5 km E confluence of Green Mountain and Toyn creeks",Nevada,PRESENT,,2d6267a0-0561-11d8-b851-b8a03c50a862,40.34539,-115.55914,20,,1844,0,,,8/8/06,8,8,2006,7194092,2436042,PRESERVED_SPECIMEN,UMNH,Mammalogy,UMNH:Mamm:31911,EAR 6003,unknown,2016-10-24T00:00:00,CC0_1_0,,Collector(s): Eric A. Rickart,,,2026-05-02T09:09:00.665Z,,CONTINENT_DERIVED_FROM_COORDINATES;TYPE_STATUS_INVALID;INSTITUTION_MATCH_FUZZY;INSTITUTION_COLLECTION_MISMATCH
1656052231,06a00852-f764-4fb8-80d4-ca51f0918459,https://arctos.database.museum/guid/UMNH:Mamm:31910,Animalia,Chordata,Mammalia,Soricomorpha,Soricidae,Sorex,Sorex vagrans,vagrans,SUBSPECIES,"Sorex vagrans vagrans Baird, 1857",Sorex vagrans vagrans,,US,"Ruby Mountains, vicinity of Harrison Pass Guard Station, 0.4 km N, 0.5 km E confluence of Green Mountain and Toyn creeks",Nevada,PRESENT,,2d6267a0-0561-11d8-b851-b8a03c50a862,40.34539,-115.55914,20,,1844,0,,,8/8/06,8,8,2006,7194092,2436042,PRESERVED_SPECIMEN,UMNH,Mammalogy,UMNH:Mamm:31910,EAR 6001,unknown,2016-10-24T00:00:00,CC0_1_0,,Collector(s): Eric A. Rickart,,,2026-05-02T09:09:00.351Z,,CONTINENT_DERIVED_FROM_COORDINATES;TYPE_STATUS_INVALID;INSTITUTION_MATCH_FUZZY;INSTITUTION_COLLECTION_MISMATCH
1656052160,06a00852-f764-4fb8-80d4-ca51f0918459,https://arctos.database.museum/guid/UMNH:Mamm:31866,Animalia,Chordata,Mammalia,Soricomorpha,Soricidae,Sorex,Sorex vagrans,vagrans,SUBSPECIES,"Sorex vagrans vagrans Baird, 1857",Sorex vagrans vagrans,,US,"Ruby Mountains, vicinity of Flyn Spring, ca. 3 road miles N White Pine County line",Nevada,PRESENT,,2d6267a0-0561-11d8-b851-b8a03c50a862,40.16402,-115.50397,20,,1859,0,,,8/2/06,2,8,2006,7194092,2436042,PRESERVED_SPECIMEN,UMNH,Mammalogy,UMNH:Mamm:31866,EAR 5946,unknown,2016-10-24T00:00:00,CC0_1_0,,Collector(s): Eric A. Rickart,,,2026-05-02T09:09:00.324Z,,CONTINENT_DERIVED_FROM_COORDINATES;TYPE_STATUS_INVALID;INSTITUTION_MATCH_FUZZY;INSTITUTION_COLLECTION_MISMATCH
1656052153,06a00852-f764-4fb8-80d4-ca51f0918459,https://arctos.database.museum/guid/UMNH:Mamm:31793,Animalia,Chordata,Mammalia,Soricomorpha,Soricidae,Sorex,Sorex vagrans,vagrans,SUBSPECIES,"Sorex vagrans vagrans Baird, 1857",Sorex vagrans vagrans,,US,"Ruby Mountains, Thomas Creek, 0.2 km above mouth",Nevada,PRESENT,,2d6267a0-0561-11d8-b851-b8a03c50a862,40.64897,-115.40548,20,,2316,0,,,8/16/06,16,8,2006,7194092,2436042,PRESERVED_SPECIMEN,UMNH,Mammalogy,UMNH:Mamm:31793,Eric A. Rickart EAR 6099,unknown,2016-10-24T00:00:00,CC0_1_0,,Collector(s): Eric A. Rickart,,,2026-05-02T09:09:00.118Z,,CONTINENT_DERIVED_FROM_COORDINATES;TYPE_STATUS_INVALID;INSTITUTION_MATCH_FUZZY;INSTITUTION_COLLECTION_MISMATCH
1656052145,06a00852-f764-4fb8-80d4-ca51f0918459,https://arctos.database.museum/guid/UMNH:Mamm:31792,Animalia,Chordata,Mammalia,Soricomorpha,Soricidae,Sorex,Sorex vagrans,vagrans,SUBSPECIES,"Sorex vagrans vagrans Baird, 1857",Sorex vagrans vagrans,,US,"Ruby Mountains, Thomas Creek, 0.2 km above mouth",Nevada,PRESENT,,2d6267a0-0561-11d8-b851-b8a03c50a862,40.64897,-115.40548,20,,2316,0,,,8/16/06,16,8,2006,7194092,2436042,PRESERVED_SPECIMEN,UMNH,Mammalogy,UMNH:Mamm:31792,Eric A. Rickart EAR 6098,unknown,2016-10-24T00:00:00,CC0_1_0,,Collector(s): Eric A. Rickart,,,2026-05-02T09:09:00.321Z,,CONTINENT_DERIVED_FROM_COORDINATES;TYPE_STATUS_INVALID;INSTITUTION_MATCH_FUZZY;INSTITUTION_COLLECTION_MISMATCH
1656052110,06a00852-f764-4fb8-80d4-ca51f0918459,https://arctos.database.museum/guid/UMNH:Mamm:31794,Animalia,Chordata,Mammalia,Soricomorpha,Soricidae,Sorex,Sorex vagrans,vagrans,SUBSPECIES,"Sorex vagrans vagrans Baird, 1857",Sorex vagrans vagrans,,US,"Ruby Mountains, Thomas Creek, 0.2 km above mouth",Nevada,PRESENT,,2d6267a0-0561-11d8-b851-b8a03c50a862,40.64897,-115.40548,20,,2316,0,,,8/16/06,16,8,2006,7194092,2436042,PRESERVED_SPECIMEN,UMNH,Mammalogy,UMNH:Mamm:31794,Eric A. Rickart EAR 6100,unknown,2016-10-24T00:00:00,CC0_1_0,,Collector(s): Eric A. Rickart,,,2026-05-02T09:09:00.638Z,,CONTINENT_DERIVED_FROM_COORDINATES;TYPE_STATUS_INVALID;INSTITUTION_MATCH_FUZZY;INSTITUTION_COLLECTION_MISMATCH
1656052101,06a00852-f764-4fb8-80d4-ca51f0918459,https://arctos.database.museum/guid/UMNH:Mamm:31795,Animalia,Chordata,Mammalia,Soricomorpha,Soricidae,Sorex,Sorex vagrans,vagrans,SUBSPECIES,"Sorex vagrans vagrans Baird, 1857",Sorex vagrans vagrans,,US,"Ruby Mountains, Thomas Creek, 0.2 km above mouth",Nevada,PRESENT,,2d6267a0-0561-11d8-b851-b8a03c50a862,40.64897,-115.40548,20,,2316,0,,,8/16/06,16,8,2006,7194092,2436042,PRESERVED_SPECIMEN,UMNH,Mammalogy,UMNH:Mamm:31795,Eric A. Rickart EAR 6101,unknown,2016-10-24T00:00:00,CC0_1_0,,Collector(s): Eric A. Rickart,,,2026-05-02T09:09:00.305Z,,CONTINENT_DERIVED_FROM_COORDINATES;TYPE_STATUS_INVALID;INSTITUTION_MATCH_FUZZY;INSTITUTION_COLLECTION_MISMATCH
1656051963,06a00852-f764-4fb8-80d4-ca51f0918459,https://arctos.database.museum/guid/UMNH:Mamm:31635,Animalia,Chordata,Mammalia,Soricomorpha,Soricidae,Sorex,Sorex palustris,,SPECIES,"Sorex navigator (Baird, 1858)",Sorex navigator,,US,"Ruby Mountains, Thomas Canyon, 0.8 km S, 0.05 km E mouth of Thomas Creek",Nevada,PRESENT,,2d6267a0-0561-11d8-b851-b8a03c50a862,40.64321,-115.406,20,,2393,0,,,8/13/06,13,8,2006,12105209,2436006,PRESERVED_SPECIMEN,UMNH,Mammalogy,UMNH:Mamm:31635,RJR 1835,Katrina M. Derieg,2021-09-27T00:00:00,CC0_1_0,,Collector(s): Rebecca J. Rowe,,,2026-05-02T09:09:00.053Z,,CONTINENT_DERIVED_FROM_COORDINATES;TYPE_STATUS_INVALID;INSTITUTION_MATCH_FUZZY;INSTITUTION_COLLECTION_MISMATCH
1656051962,06a00852-f764-4fb8-80d4-ca51f0918459,https://arctos.database.museum/guid/UMNH:Mamm:31636,Animalia,Chordata,Mammalia,Soricomorpha,Soricidae,Sorex,Sorex palustris,,SPECIES,"Sorex navigator (Baird, 1858)",Sorex navigator,,US,"Ruby Mountains, Thomas Canyon, 0.8 km S, 0.05 km E mouth of Thomas Creek",Nevada,PRESENT,,2d6267a0-0561-11d8-b851-b8a03c50a862,40.64321,-115.406,20,,2393,0,,,8/14/06,14,8,2006,12105209,2436006,PRESERVED_SPECIMEN,UMNH,Mammalogy,UMNH:Mamm:31636,RJR 1858,Katrina M. Derieg,2021-09-27T00:00:00,CC0_1_0,,Collector(s): Rebecca J. Rowe,,,2026-05-02T09:09:00.604Z,,CONTINENT_DERIVED_FROM_COORDINATES;TYPE_STATUS_INVALID;INSTITUTION_MATCH_FUZZY;INSTITUTION_COLLECTION_MISMATCH
1656051961,06a00852-f764-4fb8-80d4-ca51f0918459,https://arctos.database.museum/guid/UMNH:Mamm:31637,Animalia,Chordata,Mammalia,Soricomorpha,Soricidae,Sorex,Sorex vagrans,vagrans,SUBSPECIES,"Sorex vagrans vagrans Baird, 1857",Sorex vagrans vagrans,,US,"Ruby Mountains, Thomas Canyon, 0.8 km S, 0.05 km E mouth of Thomas Creek",Nevada,PRESENT,,2d6267a0-0561-11d8-b851-b8a03c50a862,40.64321,-115.406,20,,2393,0,,,8/12/06,12,8,2006,7194092,2436042,PRESERVED_SPECIMEN,UMNH,Mammalogy,UMNH:Mamm:31637,RJR 1811,unknown,2016-10-24T00:00:00,CC0_1_0,,Collector(s): Rebecca J. Rowe,,,2026-05-02T09:09:00.602Z,,CONTINENT_DERIVED_FROM_COORDINATES;TYPE_STATUS_INVALID;INSTITUTION_MATCH_FUZZY;INSTITUTION_COLLECTION_MISMATCH
1656051948,06a00852-f764-4fb8-80d4-ca51f0918459,https://arctos.database.museum/guid/UMNH:Mamm:31640,Animalia,Chordata,Mammalia,Soricomorpha,Soricidae,Sorex,Sorex vagrans,vagrans,SUBSPECIES,"Sorex vagrans vagrans Baird, 1857",Sorex vagrans vagrans,,US,"Ruby Mountains, Thomas Canyon, 0.8 km S, 0.05 km E mouth of Thomas Creek",Nevada,PRESENT,,2d6267a0-0561-11d8-b851-b8a03c50a862,40.64321,-115.406,20,,2393,0,,,8/15/06,15,8,2006,7194092,2436042,PRESERVED_SPECIMEN,UMNH,Mammalogy,UMNH:Mamm:31640,RJR 1860,unknown,2016-10-24T00:00:00,CC0_1_0,,Collector(s): Rebecca J. Rowe,,,2026-05-02T09:09:00.274Z,,CONTINENT_DERIVED_FROM_COORDINATES;TYPE_STATUS_INVALID;INSTITUTION_MATCH_FUZZY;INSTITUTION_COLLECTION_MISMATCH
1656051918,06a00852-f764-4fb8-80d4-ca51f0918459,https://arctos.database.museum/guid/UMNH:Mamm:31634,Animalia,Chordata,Mammalia,Soricomorpha,Soricidae,Sorex,Sorex palustris,,SPECIES,"Sorex navigator (Baird, 1858)",Sorex navigator,,US,"Ruby Mountains, Thomas Canyon, 0.8 km S, 0.05 km E mouth of Thomas Creek",Nevada,PRESENT,,2d6267a0-0561-11d8-b851-b8a03c50a862,40.64321,-115.406,20,,2393,0,,,8/12/06,12,8,2006,12105209,2436006,PRESERVED_SPECIMEN,UMNH,Mammalogy,UMNH:Mamm:31634,RJR 1813,Katrina M. Derieg,2021-09-27T00:00:00,CC0_1_0,,Collector(s): Rebecca J. Rowe,,,2026-05-02T09:09:00.032Z,,CONTINENT_DERIVED_FROM_COORDINATES;TYPE_STATUS_INVALID;INSTITUTION_MATCH_FUZZY;INSTITUTION_COLLECTION_MISMATCH
1656051915,06a00852-f764-4fb8-80d4-ca51f0918459,https://arctos.database.museum/guid/UMNH:Mamm:31638,Animalia,Chordata,Mammalia,Soricomorpha,Soricidae,Sorex,Sorex vagrans,vagrans,SUBSPECIES,"Sorex vagrans vagrans Baird, 1857",Sorex vagrans vagrans,,US,"Ruby Mountains, Thomas Canyon, 0.8 km S, 0.05 km E mouth of Thomas Creek",Nevada,PRESENT,,2d6267a0-0561-11d8-b851-b8a03c50a862,40.64321,-115.406,20,,2393,0,,,8/12/06,12,8,2006,7194092,2436042,PRESERVED_SPECIMEN,UMNH,Mammalogy,UMNH:Mamm:31638,RJR 1812,unknown,2016-10-24T00:00:00,CC0_1_0,,Collector(s): Rebecca J. Rowe,,,2026-05-02T09:09:00.293Z,,CONTINENT_DERIVED_FROM_COORDINATES;TYPE_STATUS_INVALID;INSTITUTION_MATCH_FUZZY;INSTITUTION_COLLECTION_MISMATCH
1656051905,06a00852-f764-4fb8-80d4-ca51f0918459,https://arctos.database.museum/guid/UMNH:Mamm:31639,Animalia,Chordata,Mammalia,Soricomorpha,Soricidae,Sorex,Sorex vagrans,vagrans,SUBSPECIES,"Sorex vagrans vagrans Baird, 1857",Sorex vagrans vagrans,,US,"Ruby Mountains, Thomas Canyon, 0.8 km S, 0.05 km E mouth of Thomas Creek",Nevada,PRESENT,,2d6267a0-0561-11d8-b851-b8a03c50a862,40.64321,-115.406,20,,2393,0,,,8/14/06,14,8,2006,7194092,2436042,PRESERVED_SPECIMEN,UMNH,Mammalogy,UMNH:Mamm:31639,RJR 1859,unknown,2016-10-24T00:00:00,CC0_1_0,,Collector(s): Rebecca J. Rowe,,,2026-05-02T09:09:00.039Z,,CONTINENT_DERIVED_FROM_COORDINATES;TYPE_STATUS_INVALID;INSTITUTION_MATCH_FUZZY;INSTITUTION_COLLECTION_MISMATCH
1656051898,06a00852-f764-4fb8-80d4-ca51f0918459,https://arctos.database.museum/guid/UMNH:Mamm:31566,Animalia,Chordata,Mammalia,Soricomorpha,Soricidae,Sorex,Sorex vagrans,vagrans,SUBSPECIES,"Sorex vagrans vagrans Baird, 1857",Sorex vagrans vagrans,,US,"Ruby Mountains, Lamoille Canyon, 1.7 km S, 0.8 km W Verdi Peak summit",Nevada,PRESENT,,2d6267a0-0561-11d8-b851-b8a03c50a862,40.62915,-115.36746,20,,2585,0,,,8/19/06,19,8,2006,7194092,2436042,PRESERVED_SPECIMEN,UMNH,Mammalogy,UMNH:Mamm:31566,RJR 1928,unknown,2016-10-24T00:00:00,CC0_1_0,,Collector(s): Rebecca J. Rowe,,,2026-05-02T09:09:00.027Z,,CONTINENT_DERIVED_FROM_COORDINATES;TYPE_STATUS_INVALID;INSTITUTION_MATCH_FUZZY;INSTITUTION_COLLECTION_MISMATCH
1656051889,06a00852-f764-4fb8-80d4-ca51f0918459,https://arctos.database.museum/guid/UMNH:Mamm:31563,Animalia,Chordata,Mammalia,Soricomorpha,Soricidae,Sorex,Sorex vagrans,vagrans,SUBSPECIES,"Sorex vagrans vagrans Baird, 1857",Sorex vagrans vagrans,,US,"Ruby Mountains, Lamoille Canyon, 1.7 km S, 0.8 km W Verdi Peak summit",Nevada,PRESENT,,2d6267a0-0561-11d8-b851-b8a03c50a862,40.62915,-115.36746,20,,2585,0,,,8/16/06,16,8,2006,7194092,2436042,PRESERVED_SPECIMEN,UMNH,Mammalogy,UMNH:Mamm:31563,RJR 1891,unknown,2016-10-24T00:00:00,CC0_1_0,,Collector(s): Rebecca J. Rowe,,,2026-05-02T09:09:00.590Z,,CONTINENT_DERIVED_FROM_COORDINATES;TYPE_STATUS_INVALID;INSTITUTION_MATCH_FUZZY;INSTITUTION_COLLECTION_MISMATCH
1656051887,06a00852-f764-4fb8-80d4-ca51f0918459,https://arctos.database.museum/guid/UMNH:Mamm:31562,Animalia,Chordata,Mammalia,Soricomorpha,Soricidae,Sorex,Sorex vagrans,vagrans,SUBSPECIES,"Sorex vagrans vagrans Baird, 1857",Sorex vagrans vagrans,,US,"Ruby Mountains, Lamoille Canyon, 1.7 km S, 0.8 km W Verdi Peak summit",Nevada,PRESENT,,2d6267a0-0561-11d8-b851-b8a03c50a862,40.62915,-115.36746,20,,2585,0,,,8/16/06,16,8,2006,7194092,2436042,PRESERVED_SPECIMEN,UMNH,Mammalogy,UMNH:Mamm:31562,RJR 1890,unknown,2016-10-24T00:00:00,CC0_1_0,,Collector(s): Rebecca J. Rowe,,,2026-05-02T09:09:00.255Z,,CONTINENT_DERIVED_FROM_COORDINATES;TYPE_STATUS_INVALID;INSTITUTION_MATCH_FUZZY;INSTITUTION_COLLECTION_MISMATCH
1656051886,06a00852-f764-4fb8-80d4-ca51f0918459,https://arctos.database.museum/guid/UMNH:Mamm:31565,Animalia,Chordata,Mammalia,Soricomorpha,Soricidae,Sorex,Sorex vagrans,vagrans,SUBSPECIES,"Sorex vagrans vagrans Baird, 1857",Sorex vagrans vagrans,,US,"Ruby Mountains, Lamoille Canyon, 1.7 km S, 0.8 km W Verdi Peak summit",Nevada,PRESENT,,2d6267a0-0561-11d8-b851-b8a03c50a862,40.62915,-115.36746,20,,2585,0,,,8/18/06,18,8,2006,7194092,2436042,PRESERVED_SPECIMEN,UMNH,Mammalogy,UMNH:Mamm:31565,RJR 1927,unknown,2016-10-24T00:00:00,CC0_1_0,,Collector(s): Rebecca J. Rowe,,,2026-05-02T09:09:00.252Z,,CONTINENT_DERIVED_FROM_COORDINATES;TYPE_STATUS_INVALID;INSTITUTION_MATCH_FUZZY;INSTITUTION_COLLECTION_MISMATCH
1656051882,06a00852-f764-4fb8-80d4-ca51f0918459,https://arctos.database.museum/guid/UMNH:Mamm:31641,Animalia,Chordata,Mammalia,Soricomorpha,Soricidae,Sorex,Sorex vagrans,vagrans,SUBSPECIES,"Sorex vagrans vagrans Baird, 1857",Sorex vagrans vagrans,,US,"Ruby Mountains, Thomas Canyon, 0.8 km S, 0.05 km E mouth of Thomas Creek",Nevada,PRESENT,,2d6267a0-0561-11d8-b851-b8a03c50a862,40.64321,-115.406,20,,2393,0,,,8/15/06,15,8,2006,7194092,2436042,PRESERVED_SPECIMEN,UMNH,Mammalogy,UMNH:Mamm:31641,RJR 1861,unknown,2016-10-24T00:00:00,CC0_1_0,,Collector(s): Rebecca J. Rowe,,,2026-05-02T09:09:00.249Z,,CONTINENT_DERIVED_FROM_COORDINATES;TYPE_STATUS_INVALID;INSTITUTION_MATCH_FUZZY;INSTITUTION_COLLECTION_MISMATCH
1656051879,06a00852-f764-4fb8-80d4-ca51f0918459,https://arctos.database.museum/guid/UMNH:Mamm:31568,Animalia,Chordata,Mammalia,Soricomorpha,Soricidae,Sorex,Sorex vagrans,vagrans,SUBSPECIES,"Sorex vagrans vagrans Baird, 1857",Sorex vagrans vagrans,,US,"Ruby Mountains, Lamoille Canyon, 1.7 km S, 0.8 km W Verdi Peak summit",Nevada,PRESENT,,2d6267a0-0561-11d8-b851-b8a03c50a862,40.62915,-115.36746,20,,2585,0,,,8/20/06,20,8,2006,7194092,2436042,PRESERVED_SPECIMEN,UMNH,Mammalogy,UMNH:Mamm:31568,RJR 1939,unknown,2016-10-24T00:00:00,CC0_1_0,,Collector(s): Rebecca J. Rowe,,,2026-05-02T09:09:00.267Z,,CONTINENT_DERIVED_FROM_COORDINATES;TYPE_STATUS_INVALID;INSTITUTION_MATCH_FUZZY;INSTITUTION_COLLECTION_MISMATCH
1656051877,06a00852-f764-4fb8-80d4-ca51f0918459,https://arctos.database.museum/guid/UMNH:Mamm:31642,Animalia,Chordata,Mammalia,Soricomorpha,Soricidae,Sorex,Sorex vagrans,vagrans,SUBSPECIES,"Sorex vagrans vagrans Baird, 1857",Sorex vagrans vagrans,,US,"Ruby Mountains, Thomas Canyon, 0.8 km S, 0.05 km E mouth of Thomas Creek",Nevada,PRESENT,,2d6267a0-0561-11d8-b851-b8a03c50a862,40.64321,-115.406,20,,2393,0,,,8/15/06,15,8,2006,7194092,2436042,PRESERVED_SPECIMEN,UMNH,Mammalogy,UMNH:Mamm:31642,RJR 1862,unknown,2016-10-24T00:00:00,CC0_1_0,,Collector(s): Rebecca J. Rowe,,,2026-05-02T09:09:00.021Z,,CONTINENT_DERIVED_FROM_COORDINATES;TYPE_STATUS_INVALID;INSTITUTION_MATCH_FUZZY;INSTITUTION_COLLECTION_MISMATCH
1656051852,06a00852-f764-4fb8-80d4-ca51f0918459,https://arctos.database.museum/guid/UMNH:Mamm:31564,Animalia,Chordata,Mammalia,Soricomorpha,Soricidae,Sorex,Sorex vagrans,vagrans,SUBSPECIES,"Sorex vagrans vagrans Baird, 1857",Sorex vagrans vagrans,,US,"Ruby Mountains, Lamoille Canyon, 1.7 km S, 0.8 km W Verdi Peak summit",Nevada,PRESENT,,2d6267a0-0561-11d8-b851-b8a03c50a862,40.62915,-115.36746,20,,2585,0,,,8/16/06,16,8,2006,7194092,2436042,PRESERVED_SPECIMEN,UMNH,Mammalogy,UMNH:Mamm:31564,RJR 1892,unknown,2016-10-24T00:00:00,CC0_1_0,,Collector(s): Rebecca J. Rowe,,,2026-05-02T09:09:00.240Z,,CONTINENT_DERIVED_FROM_COORDINATES;TYPE_STATUS_INVALID;INSTITUTION_MATCH_FUZZY;INSTITUTION_COLLECTION_MISMATCH
1656051846,06a00852-f764-4fb8-80d4-ca51f0918459,https://arctos.database.museum/guid/UMNH:Mamm:31561,Animalia,Chordata,Mammalia,Soricomorpha,Soricidae,Sorex,Sorex palustris,,SPECIES,"Sorex navigator (Baird, 1858)",Sorex navigator,,US,"Ruby Mountains, Lamoille Canyon, 1.7 km S, 0.8 km W Verdi Peak summit",Nevada,PRESENT,,2d6267a0-0561-11d8-b851-b8a03c50a862,40.62915,-115.36746,20,,2585,0,,,8/19/06,19,8,2006,12105209,2436006,PRESERVED_SPECIMEN,UMNH,Mammalogy,UMNH:Mamm:31561,RJR 1925,Katrina M. Derieg,2021-09-27T00:00:00,CC0_1_0,,Collector(s): Rebecca J. Rowe,,,2026-05-02T09:09:00.028Z,,CONTINENT_DERIVED_FROM_COORDINATES;TYPE_STATUS_INVALID;INSTITUTION_MATCH_FUZZY;INSTITUTION_COLLECTION_MISMATCH
1656051831,06a00852-f764-4fb8-80d4-ca51f0918459,https://arctos.database.museum/guid/UMNH:Mamm:31567,Animalia,Chordata,Mammalia,Soricomorpha,Soricidae,Sorex,Sorex vagrans,vagrans,SUBSPECIES,"Sorex vagrans vagrans Baird, 1857",Sorex vagrans vagrans,,US,"Ruby Mountains, Lamoille Canyon, 1.7 km S, 0.8 km W Verdi Peak summit",Nevada,PRESENT,,2d6267a0-0561-11d8-b851-b8a03c50a862,40.62915,-115.36746,20,,2585,0,,,8/20/06,20,8,2006,7194092,2436042,PRESERVED_SPECIMEN,UMNH,Mammalogy,UMNH:Mamm:31567,RJR 1938,unknown,2016-10-24T00:00:00,CC0_1_0,,Collector(s): Rebecca J. Rowe,,,2026-05-02T09:09:00.244Z,,CONTINENT_DERIVED_FROM_COORDINATES;TYPE_STATUS_INVALID;INSTITUTION_MATCH_FUZZY;INSTITUTION_COLLECTION_MISMATCH
1656051829,06a00852-f764-4fb8-80d4-ca51f0918459,https://arctos.database.museum/guid/UMNH:Mamm:31529,Animalia,Chordata,Mammalia,Soricomorpha,Soricidae,Sorex,Sorex vagrans,vagrans,SUBSPECIES,"Sorex vagrans vagrans Baird, 1857",Sorex vagrans vagrans,,US,"Ruby Lake National Wildlife Refuge, Hidden Spring, 4 km N, 0.2 km W Fort Ruby Spring",Nevada,PRESENT,,2d6267a0-0561-11d8-b851-b8a03c50a862,40.11251,-115.53095,20,,1859,0,,,8/2/06,2,8,2006,7194092,2436042,PRESERVED_SPECIMEN,UMNH,Mammalogy,UMNH:Mamm:31529,RJR 1796,unknown,2016-10-24T00:00:00,CC0_1_0,,Collector(s): Rebecca J. Rowe,,,2026-05-02T09:09:00.230Z,,CONTINENT_DERIVED_FROM_COORDINATES;TYPE_STATUS_INVALID;INSTITUTION_MATCH_FUZZY;INSTITUTION_COLLECTION_MISMATCH
1656051823,06a00852-f764-4fb8-80d4-ca51f0918459,https://arctos.database.museum/guid/UMNH:Mamm:31531,Animalia,Chordata,Mammalia,Soricomorpha,Soricidae,Sorex,Sorex vagrans,vagrans,SUBSPECIES,"Sorex vagrans vagrans Baird, 1857",Sorex vagrans vagrans,,US,"Ruby Lake National Wildlife Refuge, Hidden Spring, 4 km N, 0.2 km W Fort Ruby Spring",Nevada,PRESENT,,2d6267a0-0561-11d8-b851-b8a03c50a862,40.11251,-115.53095,20,,1859,0,,,8/2/06,2,8,2006,7194092,2436042,PRESERVED_SPECIMEN,UMNH,Mammalogy,UMNH:Mamm:31531,RJR 1800,unknown,2016-10-24T00:00:00,CC0_1_0,,Collector(s): Rebecca J. Rowe,,,2026-05-02T09:09:00.022Z,,CONTINENT_DERIVED_FROM_COORDINATES;TYPE_STATUS_INVALID;INSTITUTION_MATCH_FUZZY;INSTITUTION_COLLECTION_MISMATCH
1656051804,06a00852-f764-4fb8-80d4-ca51f0918459,https://arctos.database.museum/guid/UMNH:Mamm:31530,Animalia,Chordata,Mammalia,Soricomorpha,Soricidae,Sorex,Sorex vagrans,vagrans,SUBSPECIES,"Sorex vagrans vagrans Baird, 1857",Sorex vagrans vagrans,,US,"Ruby Lake National Wildlife Refuge, Hidden Spring, 4 km N, 0.2 km W Fort Ruby Spring",Nevada,PRESENT,,2d6267a0-0561-11d8-b851-b8a03c50a862,40.11251,-115.53095,20,,1859,0,,,8/2/06,2,8,2006,7194092,2436042,PRESERVED_SPECIMEN,UMNH,Mammalogy,UMNH:Mamm:31530,RJR 1797,unknown,2016-10-24T00:00:00,CC0_1_0,,Collector(s): Rebecca J. Rowe,,,2026-05-02T09:09:00.576Z,,CONTINENT_DERIVED_FROM_COORDINATES;TYPE_STATUS_INVALID;INSTITUTION_MATCH_FUZZY;INSTITUTION_COLLECTION_MISMATCH
1656051613,06a00852-f764-4fb8-80d4-ca51f0918459,https://arctos.database.museum/guid/UMNH:Mamm:31327,Animalia,Chordata,Mammalia,Soricomorpha,Soricidae,Sorex,Sorex vagrans,vagrans,SUBSPECIES,"Sorex vagrans vagrans Baird, 1857",Sorex vagrans vagrans,,US,"Snake Range, Baker Creek trailhead at end of Baker Creek road, Great Basin National Park",Nevada,PRESENT,,2d6267a0-0561-11d8-b851-b8a03c50a862,38.9765,-114.2446,250,,2438,0,,,8/11/05,11,8,2005,7194092,2436042,PRESERVED_SPECIMEN,UMNH,Mammalogy,UMNH:Mamm:31327,EAR 5896,unknown,2016-10-24T00:00:00,CC0_1_0,,Collector(s): Eric A. Rickart,,,2026-05-02T09:08:59.791Z,,CONTINENT_DERIVED_FROM_COORDINATES;INSTITUTION_MATCH_FUZZY;INSTITUTION_COLLECTION_MISMATCH
1656051597,06a00852-f764-4fb8-80d4-ca51f0918459,https://arctos.database.museum/guid/UMNH:Mamm:31328,Animalia,Chordata,Mammalia,Soricomorpha,Soricidae,Sorex,Sorex vagrans,vagrans,SUBSPECIES,"Sorex vagrans vagrans Baird, 1857",Sorex vagrans vagrans,,US,"Snake Range, Baker Creek trailhead at end of Baker Creek road, Great Basin National Park",Nevada,PRESENT,,2d6267a0-0561-11d8-b851-b8a03c50a862,38.9765,-114.2446,250,,2438,0,,,8/11/05,11,8,2005,7194092,2436042,PRESERVED_SPECIMEN,UMNH,Mammalogy,UMNH:Mamm:31328,EAR 5897,unknown,2016-10-24T00:00:00,CC0_1_0,,Collector(s): Eric A. Rickart,,,2026-05-02T09:09:00.503Z,,CONTINENT_DERIVED_FROM_COORDINATES;INSTITUTION_MATCH_FUZZY;INSTITUTION_COLLECTION_MISMATCH
1656051583,06a00852-f764-4fb8-80d4-ca51f0918459,https://arctos.database.museum/guid/UMNH:Mamm:31324,Animalia,Chordata,Mammalia,Soricomorpha,Soricidae,Sorex,Sorex vagrans,vagrans,SUBSPECIES,"Sorex vagrans vagrans Baird, 1857",Sorex vagrans vagrans,,US,"Snake Range, Cave Springs near lower Lehman campground, Great Basin National Park",Nevada,PRESENT,,2d6267a0-0561-11d8-b851-b8a03c50a862,39.0155,-114.2355,250,,2210,0,,,8/10/05,10,8,2005,7194092,2436042,PRESERVED_SPECIMEN,UMNH,Mammalogy,UMNH:Mamm:31324,EAR 5893,unknown,2016-10-24T00:00:00,CC0_1_0,,Collector(s): Eric A. Rickart,,,2026-05-02T09:08:59.981Z,,CONTINENT_DERIVED_FROM_COORDINATES;INSTITUTION_MATCH_FUZZY;INSTITUTION_COLLECTION_MISMATCH
1656051576,06a00852-f764-4fb8-80d4-ca51f0918459,https://arctos.database.museum/guid/UMNH:Mamm:31323,Animalia,Chordata,Mammalia,Soricomorpha,Soricidae,Sorex,Sorex vagrans,vagrans,SUBSPECIES,"Sorex vagrans vagrans Baird, 1857",Sorex vagrans vagrans,,US,"Snake Range, Cave Springs near lower Lehman campground, Great Basin National Park",Nevada,PRESENT,,2d6267a0-0561-11d8-b851-b8a03c50a862,39.0155,-114.2355,250,,2210,0,,,8/10/05,10,8,2005,7194092,2436042,PRESERVED_SPECIMEN,UMNH,Mammalogy,UMNH:Mamm:31323,EAR 5892,unknown,2016-10-24T00:00:00,CC0_1_0,,Collector(s): Eric A. Rickart,,,2026-05-02T09:08:59.814Z,,CONTINENT_DERIVED_FROM_COORDINATES;INSTITUTION_MATCH_FUZZY;INSTITUTION_COLLECTION_MISMATCH
1656051574,06a00852-f764-4fb8-80d4-ca51f0918459,https://arctos.database.museum/guid/UMNH:Mamm:31326,Animalia,Chordata,Mammalia,Soricomorpha,Soricidae,Sorex,Sorex vagrans,vagrans,SUBSPECIES,"Sorex vagrans vagrans Baird, 1857",Sorex vagrans vagrans,,US,"Snake Range, Baker Creek trailhead at end of Baker Creek road, Great Basin National Park",Nevada,PRESENT,,2d6267a0-0561-11d8-b851-b8a03c50a862,38.9765,-114.2446,250,,2438,0,,,8/11/05,11,8,2005,7194092,2436042,PRESERVED_SPECIMEN,UMNH,Mammalogy,UMNH:Mamm:31326,EAR 5895,unknown,2016-10-24T00:00:00,CC0_1_0,,Collector(s): Eric A. Rickart,,,2026-05-02T09:08:59.822Z,,CONTINENT_DERIVED_FROM_COORDINATES;INSTITUTION_MATCH_FUZZY;INSTITUTION_COLLECTION_MISMATCH
1656051531,06a00852-f764-4fb8-80d4-ca51f0918459,https://arctos.database.museum/guid/UMNH:Mamm:31325,Animalia,Chordata,Mammalia,Soricomorpha,Soricidae,Sorex,Sorex vagrans,vagrans,SUBSPECIES,"Sorex vagrans vagrans Baird, 1857",Sorex vagrans vagrans,,US,"Snake Range, Cave Springs near lower Lehman campground, Great Basin National Park",Nevada,PRESENT,,2d6267a0-0561-11d8-b851-b8a03c50a862,39.0155,-114.2355,250,,2210,0,,,8/11/05,11,8,2005,7194092,2436042,PRESERVED_SPECIMEN,UMNH,Mammalogy,UMNH:Mamm:31325,EAR 5894,unknown,2016-10-24T00:00:00,CC0_1_0,,Collector(s): Eric A. Rickart,,,2026-05-02T09:08:59.816Z,,CONTINENT_DERIVED_FROM_COORDINATES;INSTITUTION_MATCH_FUZZY;INSTITUTION_COLLECTION_MISMATCH
1656051478,06a00852-f764-4fb8-80d4-ca51f0918459,https://arctos.database.museum/guid/UMNH:Mamm:31221,Animalia,Chordata,Mammalia,Soricomorpha,Soricidae,Sorex,Sorex vagrans,vagrans,SUBSPECIES,"Sorex vagrans vagrans Baird, 1857",Sorex vagrans vagrans,,US,"Snake Range, Strawberry Creek Canyon, Great Basin National Park",Nevada,PRESENT,,2d6267a0-0561-11d8-b851-b8a03c50a862,39.09215,-114.31915,20,,2118,0,,,5/23/01,23,5,2001,7194092,2436042,PRESERVED_SPECIMEN,UMNH,Mammalogy,UMNH:Mamm:31221,SLR 273,unknown,2016-10-24T00:00:00,CC0_1_0,,Collector(s): Shannen L. Robson,,,2026-05-02T09:08:59.734Z,,CONTINENT_DERIVED_FROM_COORDINATES;INSTITUTION_MATCH_FUZZY;INSTITUTION_COLLECTION_MISMATCH
1656050762,06a00852-f764-4fb8-80d4-ca51f0918459,https://arctos.database.museum/guid/UMNH:Mamm:30511,Animalia,Chordata,Mammalia,Soricomorpha,Soricidae,Sorex,Sorex vagrans,vagrans,SUBSPECIES,"Sorex vagrans vagrans Baird, 1857",Sorex vagrans vagrans,,US,"Snake Range, Snake Creek Canyon, tributary from Dead Lake, 0.3 km N, 0.5 km W Shoshone campground, Great Basin National Park",Nevada,PRESENT,,2d6267a0-0561-11d8-b851-b8a03c50a862,38.93185,-114.25048,20,,2598,0,,,7/31/02,31,7,2002,7194092,2436042,PRESERVED_SPECIMEN,UMNH,Mammalogy,UMNH:Mamm:30511,EAR 4838,unknown,2016-10-24T00:00:00,CC0_1_0,,Collector(s): Eric A. Rickart,,,2026-05-02T09:09:00.059Z,,CONTINENT_DERIVED_FROM_COORDINATES;INSTITUTION_MATCH_FUZZY;INSTITUTION_COLLECTION_MISMATCH
1656050728,06a00852-f764-4fb8-80d4-ca51f0918459,https://arctos.database.museum/guid/UMNH:Mamm:30518,Animalia,Chordata,Mammalia,Soricomorpha,Soricidae,Sorex,Sorex vagrans,vagrans,SUBSPECIES,"Sorex vagrans vagrans Baird, 1857",Sorex vagrans vagrans,,US,"Snake Range, Snake Creek Canyon, Shoshone campground, Great Basin National Park",Nevada,PRESENT,,2d6267a0-0561-11d8-b851-b8a03c50a862,38.92991,-114.25253,20,,2545,0,,,8/2/02,2,8,2002,7194092,2436042,PRESERVED_SPECIMEN,UMNH,Mammalogy,UMNH:Mamm:30518,EAR 4863,unknown,2016-10-24T00:00:00,CC0_1_0,,Collector(s): Eric A. Rickart,,,2026-05-02T09:08:59.737Z,,CONTINENT_DERIVED_FROM_COORDINATES;INSTITUTION_MATCH_FUZZY;INSTITUTION_COLLECTION_MISMATCH
1656050722,06a00852-f764-4fb8-80d4-ca51f0918459,https://arctos.database.museum/guid/UMNH:Mamm:30508,Animalia,Chordata,Mammalia,Soricomorpha,Soricidae,Sorex,Sorex vagrans,vagrans,SUBSPECIES,"Sorex vagrans vagrans Baird, 1857",Sorex vagrans vagrans,,US,"Snake Range, Lehman Creek at east boundary of Great Basin National Park",Nevada,PRESENT,,2d6267a0-0561-11d8-b851-b8a03c50a862,39.00099,-114.20757,20,,2004,0,,,10/12/02,12,10,2002,7194092,2436042,PRESERVED_SPECIMEN,UMNH,Mammalogy,UMNH:Mamm:30508,EAR 4894,unknown,2016-10-24T00:00:00,CC0_1_0,,Collector(s): Eric A. Rickart,,,2026-05-02T09:09:00.050Z,,CONTINENT_DERIVED_FROM_COORDINATES;INSTITUTION_MATCH_FUZZY;INSTITUTION_COLLECTION_MISMATCH
1656050717,06a00852-f764-4fb8-80d4-ca51f0918459,https://arctos.database.museum/guid/UMNH:Mamm:30520,Animalia,Chordata,Mammalia,Soricomorpha,Soricidae,Sorex,Sorex vagrans,vagrans,SUBSPECIES,"Sorex vagrans vagrans Baird, 1857",Sorex vagrans vagrans,,US,"Snake Range, Snake Creek Canyon, Shoshone campground, Great Basin National Park",Nevada,PRESENT,,2d6267a0-0561-11d8-b851-b8a03c50a862,38.9313,-114.25855,20,,2576,0,,,7/31/02,31,7,2002,7194092,2436042,PRESERVED_SPECIMEN,UMNH,Mammalogy,UMNH:Mamm:30520,EAR 4840,unknown,2016-10-24T00:00:00,CC0_1_0,,Collector(s): Eric A. Rickart,,,2026-05-02T09:08:59.538Z,,CONTINENT_DERIVED_FROM_COORDINATES;INSTITUTION_MATCH_FUZZY;INSTITUTION_COLLECTION_MISMATCH
1656050715,06a00852-f764-4fb8-80d4-ca51f0918459,https://arctos.database.museum/guid/UMNH:Mamm:30517,Animalia,Chordata,Mammalia,Soricomorpha,Soricidae,Sorex,Sorex vagrans,vagrans,SUBSPECIES,"Sorex vagrans vagrans Baird, 1857",Sorex vagrans vagrans,,US,"Snake Range, Snake Creek Canyon, Shoshone campground, Great Basin National Park",Nevada,PRESENT,,2d6267a0-0561-11d8-b851-b8a03c50a862,38.92991,-114.25253,20,,2545,0,,,8/2/02,2,8,2002,7194092,2436042,PRESERVED_SPECIMEN,UMNH,Mammalogy,UMNH:Mamm:30517,EAR 4862,unknown,2016-10-24T00:00:00,CC0_1_0,,Collector(s): Eric A. Rickart,,,2026-05-02T09:08:59.544Z,,CONTINENT_DERIVED_FROM_COORDINATES;INSTITUTION_MATCH_FUZZY;INSTITUTION_COLLECTION_MISMATCH
1656050709,06a00852-f764-4fb8-80d4-ca51f0918459,https://arctos.database.museum/guid/UMNH:Mamm:30513,Animalia,Chordata,Mammalia,Soricomorpha,Soricidae,Sorex,Sorex vagrans,vagrans,SUBSPECIES,"Sorex vagrans vagrans Baird, 1857",Sorex vagrans vagrans,,US,"Snake Range, Snake Creek Canyon, tributary from Dead Lake, 0.3 km N, 0.5 km W Shoshone campground, Great Basin National Park",Nevada,PRESENT,,2d6267a0-0561-11d8-b851-b8a03c50a862,38.93185,-114.25048,20,,2598,0,,,7/30/02,30,7,2002,7194092,2436042,PRESERVED_SPECIMEN,UMNH,Mammalogy,UMNH:Mamm:30513,EAR 4835,unknown,2016-10-24T00:00:00,CC0_1_0,,Collector(s): Eric A. Rickart,,,2026-05-02T09:08:59.732Z,,CONTINENT_DERIVED_FROM_COORDINATES;INSTITUTION_MATCH_FUZZY;INSTITUTION_COLLECTION_MISMATCH
1656050707,06a00852-f764-4fb8-80d4-ca51f0918459,https://arctos.database.museum/guid/UMNH:Mamm:30510,Animalia,Chordata,Mammalia,Soricomorpha,Soricidae,Sorex,Sorex vagrans,vagrans,SUBSPECIES,"Sorex vagrans vagrans Baird, 1857",Sorex vagrans vagrans,,US,"Snake Range, Snake Creek Canyon, tributary from Dead Lake, 0.3 km N, 0.5 km W Shoshone campground, Great Basin National Park",Nevada,PRESENT,,2d6267a0-0561-11d8-b851-b8a03c50a862,38.93185,-114.25048,20,,2598,0,,,8/2/02,2,8,2002,7194092,2436042,PRESERVED_SPECIMEN,UMNH,Mammalogy,UMNH:Mamm:30510,EAR 4865,unknown,2016-10-24T00:00:00,CC0_1_0,,Collector(s): Eric A. Rickart,,,2026-05-02T09:09:00.047Z,,CONTINENT_DERIVED_FROM_COORDINATES;INSTITUTION_MATCH_FUZZY;INSTITUTION_COLLECTION_MISMATCH
1656050700,06a00852-f764-4fb8-80d4-ca51f0918459,https://arctos.database.museum/guid/UMNH:Mamm:30516,Animalia,Chordata,Mammalia,Soricomorpha,Soricidae,Sorex,Sorex vagrans,vagrans,SUBSPECIES,"Sorex vagrans vagrans Baird, 1857",Sorex vagrans vagrans,,US,"Snake Range, Snake Creek Canyon, Shoshone campground, Great Basin National Park",Nevada,PRESENT,,2d6267a0-0561-11d8-b851-b8a03c50a862,38.92991,-114.25253,20,,2545,0,,,8/2/02,2,8,2002,7194092,2436042,PRESERVED_SPECIMEN,UMNH,Mammalogy,UMNH:Mamm:30516,EAR 4861,unknown,2016-10-24T00:00:00,CC0_1_0,,Collector(s): Eric A. Rickart,,,2026-05-02T09:08:59.533Z,,CONTINENT_DERIVED_FROM_COORDINATES;INSTITUTION_MATCH_FUZZY;INSTITUTION_COLLECTION_MISMATCH
1656050691,06a00852-f764-4fb8-80d4-ca51f0918459,https://arctos.database.museum/guid/UMNH:Mamm:30514,Animalia,Chordata,Mammalia,Soricomorpha,Soricidae,Sorex,Sorex vagrans,vagrans,SUBSPECIES,"Sorex vagrans vagrans Baird, 1857",Sorex vagrans vagrans,,US,"Snake Range, Snake Creek Canyon, tributary from Dead Lake, 0.3 km N, 0.5 km W Shoshone campground, Great Basin National Park",Nevada,PRESENT,,2d6267a0-0561-11d8-b851-b8a03c50a862,38.93185,-114.25048,20,,2598,0,,,7/30/02,30,7,2002,7194092,2436042,PRESERVED_SPECIMEN,UMNH,Mammalogy,UMNH:Mamm:30514,EAR 4836,unknown,2016-10-24T00:00:00,CC0_1_0,,Collector(s): Eric A. Rickart,,,2026-05-02T09:08:59.542Z,,CONTINENT_DERIVED_FROM_COORDINATES;INSTITUTION_MATCH_FUZZY;INSTITUTION_COLLECTION_MISMATCH
1656050689,06a00852-f764-4fb8-80d4-ca51f0918459,https://arctos.database.museum/guid/UMNH:Mamm:30509,Animalia,Chordata,Mammalia,Soricomorpha,Soricidae,Sorex,Sorex vagrans,vagrans,SUBSPECIES,"Sorex vagrans vagrans Baird, 1857",Sorex vagrans vagrans,,US,"Snake Range, Snake Creek Canyon, tributary from Dead Lake, 0.3 km N, 0.5 km W Shoshone campground, Great Basin National Park",Nevada,PRESENT,,2d6267a0-0561-11d8-b851-b8a03c50a862,38.93185,-114.25048,20,,2598,0,,,8/2/02,2,8,2002,7194092,2436042,PRESERVED_SPECIMEN,UMNH,Mammalogy,UMNH:Mamm:30509,EAR 4864,unknown,2016-10-24T00:00:00,CC0_1_0,,Collector(s): Eric A. Rickart,,,2026-05-02T09:08:59.421Z,,CONTINENT_DERIVED_FROM_COORDINATES;INSTITUTION_MATCH_FUZZY;INSTITUTION_COLLECTION_MISMATCH
1656050688,06a00852-f764-4fb8-80d4-ca51f0918459,https://arctos.database.museum/guid/UMNH:Mamm:30519,Animalia,Chordata,Mammalia,Soricomorpha,Soricidae,Sorex,Sorex vagrans,vagrans,SUBSPECIES,"Sorex vagrans vagrans Baird, 1857",Sorex vagrans vagrans,,US,"Snake Range, Snake Creek Canyon, Shoshone campground, Great Basin National Park",Nevada,PRESENT,,2d6267a0-0561-11d8-b851-b8a03c50a862,38.92991,-114.25253,20,,2545,0,,,8/1/02,1,8,2002,7194092,2436042,PRESERVED_SPECIMEN,UMNH,Mammalogy,UMNH:Mamm:30519,EAR 4849,unknown,2016-10-24T00:00:00,CC0_1_0,,Collector(s): Eric A. Rickart,,,2026-05-02T09:08:59.419Z,,CONTINENT_DERIVED_FROM_COORDINATES;INSTITUTION_MATCH_FUZZY;INSTITUTION_COLLECTION_MISMATCH
1656050685,06a00852-f764-4fb8-80d4-ca51f0918459,https://arctos.database.museum/guid/UMNH:Mamm:30512,Animalia,Chordata,Mammalia,Soricomorpha,Soricidae,Sorex,Sorex vagrans,vagrans,SUBSPECIES,"Sorex vagrans vagrans Baird, 1857",Sorex vagrans vagrans,,US,"Snake Range, Snake Creek Canyon, tributary from Dead Lake, 0.3 km N, 0.5 km W Shoshone campground, Great Basin National Park",Nevada,PRESENT,,2d6267a0-0561-11d8-b851-b8a03c50a862,38.93185,-114.25048,20,,2598,0,,,7/31/02,31,7,2002,7194092,2436042,PRESERVED_SPECIMEN,UMNH,Mammalogy,UMNH:Mamm:30512,EAR 4839,unknown,2016-10-24T00:00:00,CC0_1_0,,Collector(s): Eric A. Rickart,,,2026-05-02T09:08:59.541Z,,CONTINENT_DERIVED_FROM_COORDINATES;INSTITUTION_MATCH_FUZZY;INSTITUTION_COLLECTION_MISMATCH
1656050648,06a00852-f764-4fb8-80d4-ca51f0918459,https://arctos.database.museum/guid/UMNH:Mamm:30507,Animalia,Chordata,Mammalia,Soricomorpha,Soricidae,Sorex,Sorex vagrans,vagrans,SUBSPECIES,"Sorex vagrans vagrans Baird, 1857",Sorex vagrans vagrans,,US,"Snake Range, meadow in Strawberry Canyon, Great Basin National Park",Nevada,PRESENT,,2d6267a0-0561-11d8-b851-b8a03c50a862,39.05611,-114.30572,20,,2423,0,,,8/5/02,5,8,2002,7194092,2436042,PRESERVED_SPECIMEN,UMNH,Mammalogy,UMNH:Mamm:30507,EAR 4888,unknown,2016-10-24T00:00:00,CC0_1_0,,Collector(s): Eric A. Rickart,,,2026-05-02T09:08:59.527Z,,CONTINENT_DERIVED_FROM_COORDINATES;INSTITUTION_MATCH_FUZZY;INSTITUTION_COLLECTION_MISMATCH
1656050607,06a00852-f764-4fb8-80d4-ca51f0918459,https://arctos.database.museum/guid/UMNH:Mamm:30392,Animalia,Chordata,Mammalia,Soricomorpha,Soricidae,Sorex,Sorex vagrans,vagrans,SUBSPECIES,"Sorex vagrans vagrans Baird, 1857",Sorex vagrans vagrans,,US,"Snake Range, 1.3 km N, 0.5 km E Teresa Lake, Great Basin National Park",Nevada,PRESENT,,2d6267a0-0561-11d8-b851-b8a03c50a862,39.0148,-114.3046,100,,3109,0,,,10/7/01,7,10,2001,7194092,2436042,PRESERVED_SPECIMEN,UMNH,Mammalogy,UMNH:Mamm:30392,EAR 4728,unknown,2016-10-24T00:00:00,CC0_1_0,,Collector(s): Eric A. Rickart,,,2026-05-02T09:08:59.571Z,,CONTINENT_DERIVED_FROM_COORDINATES;INSTITUTION_MATCH_FUZZY;INSTITUTION_COLLECTION_MISMATCH
1656050599,06a00852-f764-4fb8-80d4-ca51f0918459,https://arctos.database.museum/guid/UMNH:Mamm:30390,Animalia,Chordata,Mammalia,Soricomorpha,Soricidae,Sorex,Sorex vagrans,vagrans,SUBSPECIES,"Sorex vagrans vagrans Baird, 1857",Sorex vagrans vagrans,,US,"Snake Range, Lehman Creek at east boundary of Great Basin National Park",Nevada,PRESENT,,2d6267a0-0561-11d8-b851-b8a03c50a862,39.0177,-114.235,250,,2210,0,,,10/6/01,6,10,2001,7194092,2436042,PRESERVED_SPECIMEN,UMNH,Mammalogy,UMNH:Mamm:30390,EAR 4726,unknown,2016-10-24T00:00:00,CC0_1_0,,Collector(s): Eric A. Rickart,,,2026-05-02T09:08:59.401Z,,CONTINENT_DERIVED_FROM_COORDINATES;INSTITUTION_MATCH_FUZZY;INSTITUTION_COLLECTION_MISMATCH
1656050596,06a00852-f764-4fb8-80d4-ca51f0918459,https://arctos.database.museum/guid/UMNH:Mamm:30515,Animalia,Chordata,Mammalia,Soricomorpha,Soricidae,Sorex,Sorex vagrans,vagrans,SUBSPECIES,"Sorex vagrans vagrans Baird, 1857",Sorex vagrans vagrans,,US,"Snake Range, Snake Creek Canyon, tributary from Dead Lake, 0.3 km N, 0.5 km W Shoshone campground, Great Basin National Park",Nevada,PRESENT,,2d6267a0-0561-11d8-b851-b8a03c50a862,38.93185,-114.25048,20,,2598,0,,,7/30/02,30,7,2002,7194092,2436042,PRESERVED_SPECIMEN,UMNH,Mammalogy,UMNH:Mamm:30515,EAR 4837,unknown,2016-10-24T00:00:00,CC0_1_0,,Collector(s): Eric A. Rickart,,,2026-05-02T09:08:59.565Z,,CONTINENT_DERIVED_FROM_COORDINATES;INSTITUTION_MATCH_FUZZY;INSTITUTION_COLLECTION_MISMATCH
1656050593,06a00852-f764-4fb8-80d4-ca51f0918459,https://arctos.database.museum/guid/UMNH:Mamm:30391,Animalia,Chordata,Mammalia,Soricomorpha,Soricidae,Sorex,Sorex vagrans,vagrans,SUBSPECIES,"Sorex vagrans vagrans Baird, 1857",Sorex vagrans vagrans,,US,"Snake Range, 1.3 km N, 0.5 km E Teresa Lake, Great Basin National Park",Nevada,PRESENT,,2d6267a0-0561-11d8-b851-b8a03c50a862,39.0148,-114.3046,100,,3109,0,,,10/7/01,7,10,2001,7194092,2436042,PRESERVED_SPECIMEN,UMNH,Mammalogy,UMNH:Mamm:30391,EAR 4727,unknown,2016-10-24T00:00:00,CC0_1_0,,Collector(s): Eric A. Rickart,,,2026-05-02T09:08:59.373Z,,CONTINENT_DERIVED_FROM_COORDINATES;INSTITUTION_MATCH_FUZZY;INSTITUTION_COLLECTION_MISMATCH
1656050542,06a00852-f764-4fb8-80d4-ca51f0918459,https://arctos.database.museum/guid/UMNH:Mamm:30389,Animalia,Chordata,Mammalia,Soricomorpha,Soricidae,Sorex,Sorex vagrans,vagrans,SUBSPECIES,"Sorex vagrans vagrans Baird, 1857",Sorex vagrans vagrans,,US,"Snake Range, Lehman Creek at east boundary of Great Basin National Park",Nevada,PRESENT,,2d6267a0-0561-11d8-b851-b8a03c50a862,39.0177,-114.235,250,,2210,0,,,10/6/01,6,10,2001,7194092,2436042,PRESERVED_SPECIMEN,UMNH,Mammalogy,UMNH:Mamm:30389,EAR 4725,unknown,2016-10-24T00:00:00,CC0_1_0,,Collector(s): Eric A. Rickart,,,2026-05-02T09:08:59.348Z,,CONTINENT_DERIVED_FROM_COORDINATES;INSTITUTION_MATCH_FUZZY;INSTITUTION_COLLECTION_MISMATCH
1656050491,06a00852-f764-4fb8-80d4-ca51f0918459,https://arctos.database.museum/guid/UMNH:Mamm:30284,Animalia,Chordata,Mammalia,Soricomorpha,Soricidae,Sorex,Sorex vagrans,vagrans,SUBSPECIES,"Sorex vagrans vagrans Baird, 1857",Sorex vagrans vagrans,,US,"Snake Range, south fork of Lehman Creek, 0.6 km N, 0.5 km E Teresa Lake, Great Basin National Park",Nevada,PRESENT,,2d6267a0-0561-11d8-b851-b8a03c50a862,39.00861,-114.30417,20,,3018,0,,,7/20/00,20,7,2000,7194092,2436042,PRESERVED_SPECIMEN,UMNH,Mammalogy,UMNH:Mamm:30284,EAR 3255,unknown,2016-10-24T00:00:00,CC0_1_0,,Collector(s): Eric A. Rickart,,,2026-05-02T09:08:59.486Z,,CONTINENT_DERIVED_FROM_COORDINATES;INSTITUTION_MATCH_FUZZY;INSTITUTION_COLLECTION_MISMATCH
1656050463,06a00852-f764-4fb8-80d4-ca51f0918459,https://arctos.database.museum/guid/UMNH:Mamm:30282,Animalia,Chordata,Mammalia,Soricomorpha,Soricidae,Sorex,Sorex vagrans,vagrans,SUBSPECIES,"Sorex vagrans vagrans Baird, 1857",Sorex vagrans vagrans,,US,"Snake Range, south fork of Lehman Creek, 0.6 km N, 0.5 km E Teresa Lake, Great Basin National Park",Nevada,PRESENT,,2d6267a0-0561-11d8-b851-b8a03c50a862,39.00861,-114.30417,20,,3018,0,,,7/19/00,19,7,2000,7194092,2436042,PRESERVED_SPECIMEN,UMNH,Mammalogy,UMNH:Mamm:30282,EAR 3251,unknown,2016-10-24T00:00:00,CC0_1_0,,Collector(s): Eric A. Rickart,,,2026-05-02T09:08:59.355Z,,CONTINENT_DERIVED_FROM_COORDINATES;INSTITUTION_MATCH_FUZZY;INSTITUTION_COLLECTION_MISMATCH
1656050456,06a00852-f764-4fb8-80d4-ca51f0918459,https://arctos.database.museum/guid/UMNH:Mamm:30287,Animalia,Chordata,Mammalia,Soricomorpha,Soricidae,Sorex,Sorex vagrans,vagrans,SUBSPECIES,"Sorex vagrans vagrans Baird, 1857",Sorex vagrans vagrans,,US,"Snake Range, head of Lehman Creek, 0.3 km N, 0.3 km E Stella Lake, Great Basin National Park",Nevada,PRESENT,,2d6267a0-0561-11d8-b851-b8a03c50a862,39.01083,-114.30167,428,,3109,0,,,7/24/00,24,7,2000,7194092,2436042,PRESERVED_SPECIMEN,UMNH,Mammalogy,UMNH:Mamm:30287,EAR 3292,unknown,2016-10-24T00:00:00,CC0_1_0,,Collector(s): Eric A. Rickart,,,2026-05-02T09:08:59.528Z,,CONTINENT_DERIVED_FROM_COORDINATES;INSTITUTION_MATCH_FUZZY;INSTITUTION_COLLECTION_MISMATCH
1656050446,06a00852-f764-4fb8-80d4-ca51f0918459,https://arctos.database.museum/guid/UMNH:Mamm:30286,Animalia,Chordata,Mammalia,Soricomorpha,Soricidae,Sorex,Sorex vagrans,vagrans,SUBSPECIES,"Sorex vagrans vagrans Baird, 1857",Sorex vagrans vagrans,,US,"Snake Range, head of Lehman Creek, 0.3 km N, 0.3 km E Stella Lake, Great Basin National Park",Nevada,PRESENT,,2d6267a0-0561-11d8-b851-b8a03c50a862,39.01083,-114.30167,428,,3109,0,,,7/24/00,24,7,2000,7194092,2436042,PRESERVED_SPECIMEN,UMNH,Mammalogy,UMNH:Mamm:30286,EAR 3291,unknown,2016-10-24T00:00:00,CC0_1_0,,Collector(s): Eric A. Rickart,,,2026-05-02T09:08:59.335Z,,CONTINENT_DERIVED_FROM_COORDINATES;INSTITUTION_MATCH_FUZZY;INSTITUTION_COLLECTION_MISMATCH
1656050420,06a00852-f764-4fb8-80d4-ca51f0918459,https://arctos.database.museum/guid/UMNH:Mamm:30285,Animalia,Chordata,Mammalia,Soricomorpha,Soricidae,Sorex,Sorex vagrans,vagrans,SUBSPECIES,"Sorex vagrans vagrans Baird, 1857",Sorex vagrans vagrans,,US,"Snake Range, 0.1 km N Stella Lake, Great Basin National Park",Nevada,PRESENT,,2d6267a0-0561-11d8-b851-b8a03c50a862,39.0059,-114.31667,1307,,3155,0,,,7/21/00,21,7,2000,7194092,2436042,PRESERVED_SPECIMEN,UMNH,Mammalogy,UMNH:Mamm:30285,EAR 3272,unknown,2016-10-24T00:00:00,CC0_1_0,,Collector(s): Eric A. Rickart,,,2026-05-02T09:08:59.326Z,,CONTINENT_DERIVED_FROM_COORDINATES;INSTITUTION_MATCH_FUZZY;INSTITUTION_COLLECTION_MISMATCH
1656050410,06a00852-f764-4fb8-80d4-ca51f0918459,https://arctos.database.museum/guid/UMNH:Mamm:30283,Animalia,Chordata,Mammalia,Soricomorpha,Soricidae,Sorex,Sorex vagrans,vagrans,SUBSPECIES,"Sorex vagrans vagrans Baird, 1857",Sorex vagrans vagrans,,US,"Snake Range, south fork of Lehman Creek, 0.6 km N, 0.5 km E Teresa Lake, Great Basin National Park",Nevada,PRESENT,,2d6267a0-0561-11d8-b851-b8a03c50a862,39.00861,-114.30417,20,,3018,0,,,7/20/00,20,7,2000,7194092,2436042,PRESERVED_SPECIMEN,UMNH,Mammalogy,UMNH:Mamm:30283,EAR 3254,unknown,2016-10-24T00:00:00,CC0_1_0,,Collector(s): Eric A. Rickart,,,2026-05-02T09:08:59.472Z,,CONTINENT_DERIVED_FROM_COORDINATES;INSTITUTION_MATCH_FUZZY;INSTITUTION_COLLECTION_MISMATCH
1656049928,06a00852-f764-4fb8-80d4-ca51f0918459,https://arctos.database.museum/guid/UMNH:Mamm:29798,Animalia,Chordata,Mammalia,Soricomorpha,Soricidae,Sorex,Sorex vagrans,vagrans,SUBSPECIES,"Sorex vagrans vagrans Baird, 1857",Sorex vagrans vagrans,,US,"Snake Range, 1.7 km S, 1.1 km W Lehman Caves Visitors Center, Great Basin National Park",Nevada,PRESENT,,2d6267a0-0561-11d8-b851-b8a03c50a862,38.99025,-114.23214,1799,,2271,0,,,7/13/00,13,7,2000,7194092,2436042,PRESERVED_SPECIMEN,UMNH,Mammalogy,UMNH:Mamm:29798,EAR 3184,unknown,2016-10-24T00:00:00,CC0_1_0,,Collector(s): Eric A. Rickart,,,2026-05-02T09:08:59.373Z,,CONTINENT_DERIVED_FROM_COORDINATES;INSTITUTION_MATCH_FUZZY;INSTITUTION_COLLECTION_MISMATCH
1656049912,06a00852-f764-4fb8-80d4-ca51f0918459,https://arctos.database.museum/guid/UMNH:Mamm:29795,Animalia,Chordata,Mammalia,Soricomorpha,Soricidae,Sorex,Sorex vagrans,vagrans,SUBSPECIES,"Sorex vagrans vagrans Baird, 1857",Sorex vagrans vagrans,,US,"Snake Range, 1.7 km S, 1.1 km W Lehman Caves Visitors Center, Great Basin National Park",Nevada,PRESENT,,2d6267a0-0561-11d8-b851-b8a03c50a862,38.99025,-114.23214,1799,,2271,0,,,7/12/00,12,7,2000,7194092,2436042,PRESERVED_SPECIMEN,UMNH,Mammalogy,UMNH:Mamm:29795,EAR 3174,unknown,2016-10-24T00:00:00,CC0_1_0,,Collector(s): Eric A. Rickart,,,2026-05-02T09:08:59.205Z,,CONTINENT_DERIVED_FROM_COORDINATES;INSTITUTION_MATCH_FUZZY;INSTITUTION_COLLECTION_MISMATCH
1656049897,06a00852-f764-4fb8-80d4-ca51f0918459,https://arctos.database.museum/guid/UMNH:Mamm:29800,Animalia,Chordata,Mammalia,Soricomorpha,Soricidae,Sorex,Sorex vagrans,vagrans,SUBSPECIES,"Sorex vagrans vagrans Baird, 1857",Sorex vagrans vagrans,,US,"Snake Range, south fork of Lehman Creek, 0.3 km S, 0.2 km W Wheeler Peak campground, Great Basin National Park",Nevada,PRESENT,,2d6267a0-0561-11d8-b851-b8a03c50a862,39.0081,-114.3038,50,,3213,0,,,7/19/00,19,7,2000,7194092,2436042,PRESERVED_SPECIMEN,UMNH,Mammalogy,UMNH:Mamm:29800,EAR 3238,unknown,2016-10-24T00:00:00,CC0_1_0,,Collector(s): Eric A. Rickart,,,2026-05-02T09:08:59.178Z,,CONTINENT_DERIVED_FROM_COORDINATES;INSTITUTION_MATCH_FUZZY;INSTITUTION_COLLECTION_MISMATCH
1656049894,06a00852-f764-4fb8-80d4-ca51f0918459,https://arctos.database.museum/guid/UMNH:Mamm:29797,Animalia,Chordata,Mammalia,Soricomorpha,Soricidae,Sorex,Sorex vagrans,vagrans,SUBSPECIES,"Sorex vagrans vagrans Baird, 1857",Sorex vagrans vagrans,,US,"Snake Range, 1.7 km S, 1.1 km W Lehman Caves Visitors Center, Great Basin National Park",Nevada,PRESENT,,2d6267a0-0561-11d8-b851-b8a03c50a862,38.99025,-114.23214,1799,,2271,0,,,7/12/00,12,7,2000,7194092,2436042,PRESERVED_SPECIMEN,UMNH,Mammalogy,UMNH:Mamm:29797,EAR 3176,unknown,2016-10-24T00:00:00,CC0_1_0,,Collector(s): Eric A. Rickart,,,2026-05-02T09:08:59.340Z,,CONTINENT_DERIVED_FROM_COORDINATES;INSTITUTION_MATCH_FUZZY;INSTITUTION_COLLECTION_MISMATCH
1656049892,06a00852-f764-4fb8-80d4-ca51f0918459,https://arctos.database.museum/guid/UMNH:Mamm:29799,Animalia,Chordata,Mammalia,Soricomorpha,Soricidae,Sorex,Sorex vagrans,vagrans,SUBSPECIES,"Sorex vagrans vagrans Baird, 1857",Sorex vagrans vagrans,,US,"Snake Range, Baker Creek, 2.1 km S, 1.5 km W Lehman Caves Visitors Center, Great Basin National Park",Nevada,PRESENT,,2d6267a0-0561-11d8-b851-b8a03c50a862,38.98,-114.24,428,,2301,0,,,7/15/00,15,7,2000,7194092,2436042,PRESERVED_SPECIMEN,UMNH,Mammalogy,UMNH:Mamm:29799,EAR 3203,unknown,2016-10-24T00:00:00,CC0_1_0,,Collector(s): Eric A. Rickart,,,2026-05-02T09:08:59.365Z,,CONTINENT_DERIVED_FROM_COORDINATES;INSTITUTION_MATCH_FUZZY;INSTITUTION_COLLECTION_MISMATCH
1656049876,06a00852-f764-4fb8-80d4-ca51f0918459,https://arctos.database.museum/guid/UMNH:Mamm:29796,Animalia,Chordata,Mammalia,Soricomorpha,Soricidae,Sorex,Sorex vagrans,vagrans,SUBSPECIES,"Sorex vagrans vagrans Baird, 1857",Sorex vagrans vagrans,,US,"Snake Range, 1.7 km S, 1.1 km W Lehman Caves Visitors Center, Great Basin National Park",Nevada,PRESENT,,2d6267a0-0561-11d8-b851-b8a03c50a862,38.99025,-114.23214,1799,,2271,0,,,7/12/00,12,7,2000,7194092,2436042,PRESERVED_SPECIMEN,UMNH,Mammalogy,UMNH:Mamm:29796,EAR 3175,unknown,2016-10-24T00:00:00,CC0_1_0,,Collector(s): Eric A. Rickart,,,2026-05-02T09:08:59.220Z,,CONTINENT_DERIVED_FROM_COORDINATES;INSTITUTION_MATCH_FUZZY;INSTITUTION_COLLECTION_MISMATCH
1656049831,06a00852-f764-4fb8-80d4-ca51f0918459,https://arctos.database.museum/guid/UMNH:Mamm:29686,Animalia,Chordata,Mammalia,Soricomorpha,Soricidae,Sorex,Sorex vagrans,vagrans,SUBSPECIES,"Sorex vagrans vagrans Baird, 1857",Sorex vagrans vagrans,,US,"Snake Range, south fork of Lehman Creek, 0.3 km S, 0.2 km W Wheeler Peak campground, Great Basin National Park",Nevada,PRESENT,,2d6267a0-0561-11d8-b851-b8a03c50a862,39.0081,-114.3038,50,,3213,0,,,7/19/00,19,7,2000,7194092,2436042,PRESERVED_SPECIMEN,UMNH,Mammalogy,UMNH:Mamm:29686,EAR 3237,unknown,2016-10-24T00:00:00,CC0_1_0,,Collector(s): Eric A. Rickart,,,2026-05-02T09:08:59.167Z,,CONTINENT_DERIVED_FROM_COORDINATES;INSTITUTION_MATCH_FUZZY;INSTITUTION_COLLECTION_MISMATCH
1656049823,06a00852-f764-4fb8-80d4-ca51f0918459,https://arctos.database.museum/guid/UMNH:Mamm:29700,Animalia,Chordata,Mammalia,Soricomorpha,Soricidae,Sorex,Sorex vagrans,vagrans,SUBSPECIES,"Sorex vagrans vagrans Baird, 1857",Sorex vagrans vagrans,,US,"Snake Range, south fork of Lehman Creek, 0.3 km S, 0.2 km W Wheeler Peak campground, Great Basin National Park",Nevada,PRESENT,,2d6267a0-0561-11d8-b851-b8a03c50a862,39.0081,-114.3038,50,,3213,0,,,7/21/00,21,7,2000,7194092,2436042,PRESERVED_SPECIMEN,UMNH,Mammalogy,UMNH:Mamm:29700,EAR 3265,unknown,2016-10-24T00:00:00,CC0_1_0,,Collector(s): Eric A. Rickart,,,2026-05-02T09:08:59.331Z,,CONTINENT_DERIVED_FROM_COORDINATES;INSTITUTION_MATCH_FUZZY;INSTITUTION_COLLECTION_MISMATCH
1656049777,06a00852-f764-4fb8-80d4-ca51f0918459,https://arctos.database.museum/guid/UMNH:Mamm:29693,Animalia,Chordata,Mammalia,Soricomorpha,Soricidae,Sorex,Sorex vagrans,vagrans,SUBSPECIES,"Sorex vagrans vagrans Baird, 1857",Sorex vagrans vagrans,,US,"Snake Range, south fork of Lehman Creek, 0.3 km S, 0.2 km W Wheeler Peak campground, Great Basin National Park",Nevada,PRESENT,,2d6267a0-0561-11d8-b851-b8a03c50a862,39.0081,-114.3038,50,,3213,0,,,7/20/00,20,7,2000,7194092,2436042,PRESERVED_SPECIMEN,UMNH,Mammalogy,UMNH:Mamm:29693,EAR 3253,unknown,2016-10-24T00:00:00,CC0_1_0,,Collector(s): Eric A. Rickart,,,2026-05-02T09:08:59.315Z,,CONTINENT_DERIVED_FROM_COORDINATES;INSTITUTION_MATCH_FUZZY;INSTITUTION_COLLECTION_MISMATCH
1656049769,06a00852-f764-4fb8-80d4-ca51f0918459,https://arctos.database.museum/guid/UMNH:Mamm:29701,Animalia,Chordata,Mammalia,Soricomorpha,Soricidae,Sorex,Sorex vagrans,vagrans,SUBSPECIES,"Sorex vagrans vagrans Baird, 1857",Sorex vagrans vagrans,,US,"Snake Range, south fork of Lehman Creek, 0.3 km S, 0.2 km W Wheeler Peak campground, Great Basin National Park",Nevada,PRESENT,,2d6267a0-0561-11d8-b851-b8a03c50a862,39.0081,-114.3038,50,,3213,0,,,7/21/00,21,7,2000,7194092,2436042,PRESERVED_SPECIMEN,UMNH,Mammalogy,UMNH:Mamm:29701,EAR 3266,unknown,2016-10-24T00:00:00,CC0_1_0,,Collector(s): Eric A. Rickart,,,2026-05-02T09:08:59.172Z,,CONTINENT_DERIVED_FROM_COORDINATES;INSTITUTION_MATCH_FUZZY;INSTITUTION_COLLECTION_MISMATCH
1656049760,06a00852-f764-4fb8-80d4-ca51f0918459,https://arctos.database.museum/guid/UMNH:Mamm:29696,Animalia,Chordata,Mammalia,Soricomorpha,Soricidae,Sorex,Sorex vagrans,vagrans,SUBSPECIES,"Sorex vagrans vagrans Baird, 1857",Sorex vagrans vagrans,,US,"Snake Range, 0.3 km N, 0.4 km E Wheeler Peak Campground, Great National Park",Nevada,PRESENT,,2d6267a0-0561-11d8-b851-b8a03c50a862,39.0135,-114.2979,1799,,3247,0,,,7/20/00,20,7,2000,7194092,2436042,PRESERVED_SPECIMEN,UMNH,Mammalogy,UMNH:Mamm:29696,EAR 3259,unknown,2016-10-24T00:00:00,CC0_1_0,,Collector(s): Eric A. Rickart,,,2026-05-02T09:08:59.311Z,,CONTINENT_DERIVED_FROM_COORDINATES;INSTITUTION_MATCH_FUZZY;INSTITUTION_COLLECTION_MISMATCH
1656049705,06a00852-f764-4fb8-80d4-ca51f0918459,https://arctos.database.museum/guid/UMNH:Mamm:29665,Animalia,Chordata,Mammalia,Soricomorpha,Soricidae,Sorex,Sorex vagrans,vagrans,SUBSPECIES,"Sorex vagrans vagrans Baird, 1857",Sorex vagrans vagrans,,US,"Snake Range, 1.7 km S, 1.1 km W Lehman Caves Visitors Center, Great Basin National Park",Nevada,PRESENT,,2d6267a0-0561-11d8-b851-b8a03c50a862,38.99025,-114.23214,1799,,2271,0,,,7/13/00,13,7,2000,7194092,2436042,PRESERVED_SPECIMEN,UMNH,Mammalogy,UMNH:Mamm:29665,EAR 3185,unknown,2016-10-24T00:00:00,CC0_1_0,,Collector(s): Eric A. Rickart,,,2026-05-02T09:08:59.135Z,,CONTINENT_DERIVED_FROM_COORDINATES;INSTITUTION_MATCH_FUZZY;INSTITUTION_COLLECTION_MISMATCH
1656049351,06a00852-f764-4fb8-80d4-ca51f0918459,https://arctos.database.museum/guid/UMNH:Mamm:29275,Animalia,Chordata,Mammalia,Soricomorpha,Soricidae,Sorex,Sorex vagrans,vagrans,SUBSPECIES,"Sorex vagrans vagrans Baird, 1857",Sorex vagrans vagrans,,US,"6 mi W Haystack Ranch, Sheep Creek, Independence Mountains",Nevada,PRESENT,,2d6267a0-0561-11d8-b851-b8a03c50a862,41.35472,-115.90345,8390,,1981,0,,,7/30/84,30,7,1984,7194092,2436042,PRESERVED_SPECIMEN,UMNH,Mammalogy,UMNH:Mamm:29275,MAP 445,unknown,2016-10-24T00:00:00,CC0_1_0,,Collector(s): Mark A. Ports,,,2026-05-02T09:08:59.026Z,,CONTINENT_DERIVED_FROM_COORDINATES;INSTITUTION_MATCH_FUZZY;INSTITUTION_COLLECTION_MISMATCH
1656049345,06a00852-f764-4fb8-80d4-ca51f0918459,https://arctos.database.museum/guid/UMNH:Mamm:29276,Animalia,Chordata,Mammalia,Soricomorpha,Soricidae,Sorex,Sorex vagrans,vagrans,SUBSPECIES,"Sorex vagrans vagrans Baird, 1857",Sorex vagrans vagrans,,US,"3.4 mi N headquarters, Ruby Lake Wildlife Refuge",Nevada,PRESENT,,2d6267a0-0561-11d8-b851-b8a03c50a862,40.25,-115.48,1000,,1829,0,,,7/12/87,12,7,1987,7194092,2436042,PRESERVED_SPECIMEN,UMNH,Mammalogy,UMNH:Mamm:29276,MAP 605,unknown,2016-10-24T00:00:00,CC0_1_0,,Collector(s): Mark A. Ports,,,2026-05-02T09:08:59.025Z,,CONTINENT_DERIVED_FROM_COORDINATES;INSTITUTION_MATCH_FUZZY;INSTITUTION_COLLECTION_MISMATCH
1656049338,06a00852-f764-4fb8-80d4-ca51f0918459,https://arctos.database.museum/guid/UMNH:Mamm:29271,Animalia,Chordata,Mammalia,Soricomorpha,Soricidae,Sorex,Sorex vagrans,vagrans,SUBSPECIES,"Sorex vagrans vagrans Baird, 1857",Sorex vagrans vagrans,,US,"6 mi W Haystack Ranch, Sheep Creek, Independence Mountains",Nevada,PRESENT,,2d6267a0-0561-11d8-b851-b8a03c50a862,41.35472,-115.90345,8390,,1981,0,,,10/10/83,10,10,1983,7194092,2436042,PRESERVED_SPECIMEN,UMNH,Mammalogy,UMNH:Mamm:29271,MAP 415,unknown,2016-10-24T00:00:00,CC0_1_0,,Collector(s): Mark A. Ports,,,2026-05-02T09:08:59.022Z,,CONTINENT_DERIVED_FROM_COORDINATES;INSTITUTION_MATCH_FUZZY;INSTITUTION_COLLECTION_MISMATCH
1656049336,06a00852-f764-4fb8-80d4-ca51f0918459,https://arctos.database.museum/guid/UMNH:Mamm:29273,Animalia,Chordata,Mammalia,Soricomorpha,Soricidae,Sorex,Sorex vagrans,vagrans,SUBSPECIES,"Sorex vagrans vagrans Baird, 1857",Sorex vagrans vagrans,,US,"6 mi W Haystack Ranch, Sheep Creek, Independence Mountains",Nevada,PRESENT,,2d6267a0-0561-11d8-b851-b8a03c50a862,41.35472,-115.90345,8390,,1981,0,,,10/10/83,10,10,1983,7194092,2436042,PRESERVED_SPECIMEN,UMNH,Mammalogy,UMNH:Mamm:29273,MAP 419,unknown,2016-10-24T00:00:00,CC0_1_0,,Collector(s): Mark A. Ports,,,2026-05-02T09:08:59.054Z,,CONTINENT_DERIVED_FROM_COORDINATES;INSTITUTION_MATCH_FUZZY;INSTITUTION_COLLECTION_MISMATCH
1656049325,06a00852-f764-4fb8-80d4-ca51f0918459,https://arctos.database.museum/guid/UMNH:Mamm:29274,Animalia,Chordata,Mammalia,Soricomorpha,Soricidae,Sorex,Sorex vagrans,vagrans,SUBSPECIES,"Sorex vagrans vagrans Baird, 1857",Sorex vagrans vagrans,,US,"6 mi W Haystack Ranch, Sheep Creek, Independence Mountains",Nevada,PRESENT,,2d6267a0-0561-11d8-b851-b8a03c50a862,41.35472,-115.90345,8390,,1981,0,,,10/10/83,10,10,1983,7194092,2436042,PRESERVED_SPECIMEN,UMNH,Mammalogy,UMNH:Mamm:29274,MAP 420,unknown,2016-10-24T00:00:00,CC0_1_0,,Collector(s): Mark A. Ports,,,2026-05-02T09:08:58.977Z,,CONTINENT_DERIVED_FROM_COORDINATES;INSTITUTION_MATCH_FUZZY;INSTITUTION_COLLECTION_MISMATCH
1656049286,06a00852-f764-4fb8-80d4-ca51f0918459,https://arctos.database.museum/guid/UMNH:Mamm:29272,Animalia,Chordata,Mammalia,Soricomorpha,Soricidae,Sorex,Sorex vagrans,vagrans,SUBSPECIES,"Sorex vagrans vagrans Baird, 1857",Sorex vagrans vagrans,,US,"6 mi W Haystack Ranch, Sheep Creek, Independence Mountains",Nevada,PRESENT,,2d6267a0-0561-11d8-b851-b8a03c50a862,41.35472,-115.90345,8390,,1981,0,,,10/10/83,10,10,1983,7194092,2436042,PRESERVED_SPECIMEN,UMNH,Mammalogy,UMNH:Mamm:29272,MAP 416,unknown,2016-10-24T00:00:00,CC0_1_0,,Collector(s): Mark A. Ports,,,2026-05-02T09:08:59.153Z,,CONTINENT_DERIVED_FROM_COORDINATES;INSTITUTION_MATCH_FUZZY;INSTITUTION_COLLECTION_MISMATCH
1656049253,06a00852-f764-4fb8-80d4-ca51f0918459,https://arctos.database.museum/guid/UMNH:Mamm:29270,Animalia,Chordata,Mammalia,Soricomorpha,Soricidae,Sorex,Sorex vagrans,vagrans,SUBSPECIES,"Sorex vagrans vagrans Baird, 1857",Sorex vagrans vagrans,,US,"6 mi W Haystack Ranch, Sheep Creek, Independence Mountains",Nevada,PRESENT,,2d6267a0-0561-11d8-b851-b8a03c50a862,41.35472,-115.90345,8390,,1981,0,,,10/10/83,10,10,1983,7194092,2436042,PRESERVED_SPECIMEN,UMNH,Mammalogy,UMNH:Mamm:29270,MAP 413,unknown,2016-10-24T00:00:00,CC0_1_0,,Collector(s): Mark A. Ports,,,2026-05-02T09:08:59.020Z,,CONTINENT_DERIVED_FROM_COORDINATES;INSTITUTION_MATCH_FUZZY;INSTITUTION_COLLECTION_MISMATCH
1656046318,06a00852-f764-4fb8-80d4-ca51f0918459,https://arctos.database.museum/guid/UMNH:Mamm:26574,Animalia,Chordata,Mammalia,Soricomorpha,Soricidae,Sorex,Sorex vagrans,vagrans,SUBSPECIES,"Sorex vagrans vagrans Baird, 1857",Sorex vagrans vagrans,,US,"head of Lehman Creek, east side Wheeler Peak, Snake Range",Nevada,PRESENT,,2d6267a0-0561-11d8-b851-b8a03c50a862,39.01083,-114.30167,428,,2941,0,,,9/27/69,27,9,1969,7194092,2436042,PRESERVED_SPECIMEN,UMNH,Mammalogy,UMNH:Mamm:26574,HJE 1546,unknown,2016-10-24T00:00:00,CC0_1_0,,Collector(s): Harold J. Egoscue,,,2026-05-02T09:08:57.752Z,,CONTINENT_DERIVED_FROM_COORDINATES;INSTITUTION_MATCH_FUZZY;INSTITUTION_COLLECTION_MISMATCH
1262414245,96275bf2-8999-4869-95d5-4903a84391b0,urn:catalog:UAZ:Mammals:UAZ 23154,Animalia,Chordata,Mammalia,Soricomorpha,Soricidae,Sorex,Sorex vagrans,,SPECIES,"Sorex vagrans Baird, 1857","Sorex vagrans S.F. Baird, 1858","S.F. Baird, 1858",US,"Verdi, along Truckee River",Nevada,PRESENT,,84d451a0-644d-11de-b910-b8a03c50a862,39.51833,-119.98778,,,,,,,5/10/72,10,5,1972,2436042,2436042,PRESERVED_SPECIMEN,UAZ,Mammals,UAZ 23154,,,,CC0_1_0,,David M. Turner;8,,,2026-04-24T07:24:44.944Z,,
1065427872,7a25f7aa-03fb-4322-aaeb-66719e1a9527,feede60d-7861-40b7-b796-38fd88808113,Animalia,Chordata,Mammalia,Soricomorpha,Soricidae,Sorex,Sorex vagrans,vagrans,SUBSPECIES,"Sorex vagrans vagrans Baird, 1857",Sorex (Otisorex) vagrans vagrans,"Baird, 1857",US,"45 mi N Elko, Sheep Creek, E side Independence Mts.",Nevada,PRESENT,,493fe050-055d-11d8-b84f-b8a03c50a862,41.35,-115.79,12901,,,,,,7/1/85,1,7,1985,7194092,2436042,PRESERVED_SPECIMEN,LACM,Mammals,86901,MP 515B,,,CC0_1_0,,"Evans, C",,native,2026-04-29T14:09:58.160Z,,GEODETIC_DATUM_ASSUMED_WGS84;CONTINENT_DERIVED_FROM_COORDINATES
1065426238,7a25f7aa-03fb-4322-aaeb-66719e1a9527,fa75bd52-c271-482d-b2b6-c0ca0cc8b06a,Animalia,Chordata,Mammalia,Soricomorpha,Soricidae,Sorex,Sorex vagrans,vagrans,SUBSPECIES,"Sorex vagrans vagrans Baird, 1857",Sorex (Otisorex) vagrans vagrans,"Baird, 1857",US,"Independence Mts; Sheep Creek; Haystack Ranch, 6 mi W",Nevada,PRESENT,,493fe050-055d-11d8-b84f-b8a03c50a862,41.35,-115.9,8390,,,,,,8/7/84,7,8,1984,7194092,2436042,PRESERVED_SPECIMEN,LACM,Mammals,74036,479,,,CC0_1_0,,"Ports, M",,native,2026-04-29T14:09:48.545Z,,GEODETIC_DATUM_ASSUMED_WGS84;CONTINENT_DERIVED_FROM_COORDINATES
1065426181,7a25f7aa-03fb-4322-aaeb-66719e1a9527,fa641584-f175-4361-a4c6-39000aecc472,Animalia,Chordata,Mammalia,Soricomorpha,Soricidae,Sorex,Sorex vagrans,vagrans,SUBSPECIES,"Sorex vagrans vagrans Baird, 1857",Sorex (Otisorex) vagrans vagrans,"Baird, 1857",US,Mary's River,Nevada,PRESENT,,493fe050-055d-11d8-b84f-b8a03c50a862,41.05,-115.28,120727,,,,,,6/12/86,12,6,1986,7194092,2436042,PRESERVED_SPECIMEN,LACM,Mammals,74502,533,,,CC0_1_0,,"Ports, M",,native,2026-04-29T14:09:59.441Z,,GEODETIC_DATUM_ASSUMED_WGS84;CONTINENT_DERIVED_FROM_COORDINATES
1065424204,7a25f7aa-03fb-4322-aaeb-66719e1a9527,f5278aa7-3e89-4fde-b3bd-84926e7e2d3c,Animalia,Chordata,Mammalia,Soricomorpha,Soricidae,Sorex,Sorex vagrans,vagrans,SUBSPECIES,"Sorex vagrans vagrans Baird, 1857",Sorex (Otisorex) vagrans vagrans,"Baird, 1857",US,N Fork of the Humboldt River,Nevada,PRESENT,,493fe050-055d-11d8-b84f-b8a03c50a862,40.93,-115.55,140039,,,,,,6/18/86,18,6,1986,7194092,2436042,PRESERVED_SPECIMEN,LACM,Mammals,74493,536,,,CC0_1_0,,"Ports, M",,native,2026-04-29T14:09:59.044Z,,GEODETIC_DATUM_ASSUMED_WGS84;CONTINENT_DERIVED_FROM_COORDINATES
1065423253,7a25f7aa-03fb-4322-aaeb-66719e1a9527,f2ac730e-9a8d-48b7-98a7-c9c4cac45e00,Animalia,Chordata,Mammalia,Soricomorpha,Soricidae,Sorex,Sorex vagrans,vagrans,SUBSPECIES,"Sorex vagrans vagrans Baird, 1857",Sorex (Otisorex) vagrans vagrans,"Baird, 1857",US,N Fork of the Humboldt River,Nevada,PRESENT,,493fe050-055d-11d8-b84f-b8a03c50a862,40.93,-115.55,140039,,,,,,6/18/86,18,6,1986,7194092,2436042,PRESERVED_SPECIMEN,LACM,Mammals,74498,549,,,CC0_1_0,,"Ports, M",,native,2026-04-29T14:09:54.865Z,,GEODETIC_DATUM_ASSUMED_WGS84;CONTINENT_DERIVED_FROM_COORDINATES
1065422424,7a25f7aa-03fb-4322-aaeb-66719e1a9527,f0a85539-f68f-4673-96a2-ac23fa90af90,Animalia,Chordata,Mammalia,Soricomorpha,Soricidae,Sorex,Sorex vagrans,vagrans,SUBSPECIES,"Sorex vagrans vagrans Baird, 1857",Sorex (Otisorex) vagrans vagrans,"Baird, 1857",US,"3 3/4 mi S, 9 1/2 mi W Haystack Ranch; Warm Creek",Nevada,PRESENT,,493fe050-055d-11d8-b84f-b8a03c50a862,41.3,-115.97,428,,,,,,5/26/81,26,5,1981,7194092,2436042,PRESERVED_SPECIMEN,LACM,Mammals,86889,316,,,CC0_1_0,,"Ports, M",,native,2026-04-29T14:09:48.575Z,,GEODETIC_DATUM_ASSUMED_WGS84;CONTINENT_DERIVED_FROM_COORDINATES
1065421673,7a25f7aa-03fb-4322-aaeb-66719e1a9527,eebeefa2-b866-4f3a-b4cd-516492e689ba,Animalia,Chordata,Mammalia,Soricomorpha,Soricidae,Sorex,Sorex vagrans,vagrans,SUBSPECIES,"Sorex vagrans vagrans Baird, 1857",Sorex (Otisorex) vagrans vagrans,"Baird, 1857",US,"45 mi N Elko, Sheep Creek, E side Independence Mts.",Nevada,PRESENT,,493fe050-055d-11d8-b84f-b8a03c50a862,41.35,-115.79,12901,,,,,,7/1/85,1,7,1985,7194092,2436042,PRESERVED_SPECIMEN,LACM,Mammals,86899,MP 514,,,CC0_1_0,,"Evans, C",,native,2026-04-29T14:10:00.347Z,,GEODETIC_DATUM_ASSUMED_WGS84;CONTINENT_DERIVED_FROM_COORDINATES
1065419692,7a25f7aa-03fb-4322-aaeb-66719e1a9527,e93a3f54-2474-473b-9444-813ed8868d1f,Animalia,Chordata,Mammalia,Soricomorpha,Soricidae,Sorex,Sorex vagrans,vagrans,SUBSPECIES,"Sorex vagrans vagrans Baird, 1857",Sorex (Otisorex) vagrans vagrans,"Baird, 1857",US,N Fork of the Humboldt River,Nevada,PRESENT,,493fe050-055d-11d8-b84f-b8a03c50a862,40.93,-115.55,140039,,,,,,6/18/86,18,6,1986,7194092,2436042,PRESERVED_SPECIMEN,LACM,Mammals,74494,537,,,CC0_1_0,,"Ports, M",,native,2026-04-29T14:09:59.214Z,,GEODETIC_DATUM_ASSUMED_WGS84;CONTINENT_DERIVED_FROM_COORDINATES
1065414075,7a25f7aa-03fb-4322-aaeb-66719e1a9527,da66c593-b9b7-46de-bec5-6c2e1d3f77bf,Animalia,Chordata,Mammalia,Soricomorpha,Soricidae,Sorex,Sorex vagrans,vagrans,SUBSPECIES,"Sorex vagrans vagrans Baird, 1857",Sorex (Otisorex) vagrans vagrans,"Baird, 1857",US,"Independence Mts; Sheep Creek; Haystack Ranch, 6 mi W",Nevada,PRESENT,,493fe050-055d-11d8-b84f-b8a03c50a862,41.35,-115.9,8390,,,,,,6/19/84,19,6,1984,7194092,2436042,PRESERVED_SPECIMEN,LACM,Mammals,74028,467,,,CC0_1_0,,"Ports, M",,native,2026-04-29T14:09:48.632Z,,GEODETIC_DATUM_ASSUMED_WGS84;CONTINENT_DERIVED_FROM_COORDINATES
1065412316,7a25f7aa-03fb-4322-aaeb-66719e1a9527,d5a9a2b2-80ca-4ceb-a80b-9df57404c622,Animalia,Chordata,Mammalia,Soricomorpha,Soricidae,Sorex,Sorex vagrans,vagrans,SUBSPECIES,"Sorex vagrans vagrans Baird, 1857",Sorex (Otisorex) vagrans vagrans,"Baird, 1857",US,S Fork of the Humboldt River,Nevada,PRESENT,,493fe050-055d-11d8-b84f-b8a03c50a862,40.77,-115.89,64400,,,,,,7/10/86,10,7,1986,7194092,2436042,PRESERVED_SPECIMEN,LACM,Mammals,74499,556,,,CC0_1_0,,"Ports, M",,native,2026-04-29T14:09:48.387Z,,GEODETIC_DATUM_ASSUMED_WGS84;CONTINENT_DERIVED_FROM_COORDINATES
1065409829,7a25f7aa-03fb-4322-aaeb-66719e1a9527,cf8f13be-b832-4684-8ed2-b0195ca31497,Animalia,Chordata,Mammalia,Soricomorpha,Soricidae,Sorex,Sorex vagrans,vagrans,SUBSPECIES,"Sorex vagrans vagrans Baird, 1857",Sorex (Otisorex) vagrans vagrans,"Baird, 1857",US,"Independence Mts; Sheep Creek; Haystack Ranch, 6 mi W",Nevada,PRESENT,,493fe050-055d-11d8-b84f-b8a03c50a862,41.35,-115.9,8390,,,,,,10/30/84,30,10,1984,7194092,2436042,PRESERVED_SPECIMEN,LACM,Mammals,74007,454,,,CC0_1_0,,"Ports, M",,native,2026-04-29T14:09:54.938Z,,GEODETIC_DATUM_ASSUMED_WGS84;CONTINENT_DERIVED_FROM_COORDINATES
1065408306,7a25f7aa-03fb-4322-aaeb-66719e1a9527,cb5a5808-3aba-4fed-b3b5-b553d646deef,Animalia,Chordata,Mammalia,Soricomorpha,Soricidae,Sorex,Sorex vagrans,vagrans,SUBSPECIES,"Sorex vagrans vagrans Baird, 1857",Sorex (Otisorex) vagrans vagrans,"Baird, 1857",US,"Ruby Lake Wildlife Refuge, 3.4 mi N Refuge Hdqts.",Nevada,PRESENT,,493fe050-055d-11d8-b84f-b8a03c50a862,40.25,-115.49,5084,,,,,,7/12/87,12,7,1987,7194092,2436042,PRESERVED_SPECIMEN,LACM,Mammals,86925,606,,,CC0_1_0,,"Ports, M",,native,2026-04-29T14:09:48.411Z,,GEODETIC_DATUM_ASSUMED_WGS84;CONTINENT_DERIVED_FROM_COORDINATES
1065406406,7a25f7aa-03fb-4322-aaeb-66719e1a9527,c6149e4e-9f4f-4387-8ba0-d68440fd3117,Animalia,Chordata,Mammalia,Soricomorpha,Soricidae,Sorex,Sorex vagrans,vagrans,SUBSPECIES,"Sorex vagrans vagrans Baird, 1857",Sorex (Otisorex) vagrans vagrans,"Baird, 1857",US,"S fork Humboldt River, Quad Lee SE",Nevada,PRESENT,,493fe050-055d-11d8-b84f-b8a03c50a862,40.77,-115.89,64400,,,,,,7/10/86,10,7,1986,7194092,2436042,PRESERVED_SPECIMEN,LACM,Mammals,86913,557,,,CC0_1_0,,"Ports, M",,native,2026-04-29T14:09:48.509Z,,GEODETIC_DATUM_ASSUMED_WGS84;CONTINENT_DERIVED_FROM_COORDINATES
1065405577,7a25f7aa-03fb-4322-aaeb-66719e1a9527,c42e525f-14f2-4c46-aca6-7cf599e57544,Animalia,Chordata,Mammalia,Soricomorpha,Soricidae,Sorex,Sorex vagrans,vagrans,SUBSPECIES,"Sorex vagrans vagrans Baird, 1857",Sorex (Otisorex) vagrans vagrans,"Baird, 1857",US,Ruby Lake Wildlife Refuge,Nevada,PRESENT,,493fe050-055d-11d8-b84f-b8a03c50a862,40.18,-115.47,12901,,,,,,7/25/86,25,7,1986,7194092,2436042,PRESERVED_SPECIMEN,LACM,Mammals,74504,572,,,CC0_1_0,,"Ports, M",,native,2026-04-29T14:09:48.336Z,,GEODETIC_DATUM_ASSUMED_WGS84;CONTINENT_DERIVED_FROM_COORDINATES
1065405081,7a25f7aa-03fb-4322-aaeb-66719e1a9527,c3180f73-b0e1-4351-aee4-0adfcdc4067b,Animalia,Chordata,Mammalia,Soricomorpha,Soricidae,Sorex,Sorex vagrans,vagrans,SUBSPECIES,"Sorex vagrans vagrans Baird, 1857",Sorex (Otisorex) vagrans vagrans,"Baird, 1857",US,"Grindstone Mountain, 1-1/2 mi NW; Transect 4 on Humboldt River",Nevada,PRESENT,,493fe050-055d-11d8-b84f-b8a03c50a862,40.74,-115.94,3244,,,,,,6/18/87,18,6,1987,7194092,2436042,PRESERVED_SPECIMEN,LACM,Mammals,86918,610,,,CC0_1_0,,"Ports, M",,native,2026-04-29T14:09:48.380Z,,GEODETIC_DATUM_ASSUMED_WGS84;CONTINENT_DERIVED_FROM_COORDINATES
1065402341,7a25f7aa-03fb-4322-aaeb-66719e1a9527,bb858576-fa40-4846-b8c0-dfe83d134662,Animalia,Chordata,Mammalia,Soricomorpha,Soricidae,Sorex,Sorex vagrans,vagrans,SUBSPECIES,"Sorex vagrans vagrans Baird, 1857",Sorex (Otisorex) vagrans vagrans,"Baird, 1857",US,"45 mi N Elko, Sheep Creek, E side Independence Mts.",Nevada,PRESENT,,493fe050-055d-11d8-b84f-b8a03c50a862,41.35,-115.79,12901,,,,,,7/1/85,1,7,1985,7194092,2436042,PRESERVED_SPECIMEN,LACM,Mammals,86902,MP 516,,,CC0_1_0,,"Evans, C",,native,2026-04-29T14:09:58.768Z,,GEODETIC_DATUM_ASSUMED_WGS84;CONTINENT_DERIVED_FROM_COORDINATES
1065400424,7a25f7aa-03fb-4322-aaeb-66719e1a9527,b68acbf0-76da-4aec-8f26-53fb7808ede0,Animalia,Chordata,Mammalia,Soricomorpha,Soricidae,Sorex,Sorex vagrans,vagrans,SUBSPECIES,"Sorex vagrans vagrans Baird, 1857",Sorex (Otisorex) vagrans vagrans,"Baird, 1857",US,"45 mi N Elko, Sheep Creek, E side Independence Mts.",Nevada,PRESENT,,493fe050-055d-11d8-b84f-b8a03c50a862,41.35,-115.79,12901,,,,,,6/25/85,25,6,1985,7194092,2436042,PRESERVED_SPECIMEN,LACM,Mammals,86898,522,,,CC0_1_0,,"Ports, M",,native,2026-04-29T14:09:59.489Z,,GEODETIC_DATUM_ASSUMED_WGS84;CONTINENT_DERIVED_FROM_COORDINATES
1065399280,7a25f7aa-03fb-4322-aaeb-66719e1a9527,b3a50cad-ae6a-4bc8-bf5c-74c873e961c4,Animalia,Chordata,Mammalia,Soricomorpha,Soricidae,Sorex,Sorex vagrans,vagrans,SUBSPECIES,"Sorex vagrans vagrans Baird, 1857",Sorex (Otisorex) vagrans vagrans,"Baird, 1857",US,"Independence Mts; Sheep Creek; Haystack Ranch, 6 mi W",Nevada,PRESENT,,493fe050-055d-11d8-b84f-b8a03c50a862,41.35,-115.9,8390,,,,,,7/30/84,30,7,1984,7194092,2436042,PRESERVED_SPECIMEN,LACM,Mammals,74014,450,,,CC0_1_0,,"Ports, M",,native,2026-04-29T14:09:58.753Z,,GEODETIC_DATUM_ASSUMED_WGS84;CONTINENT_DERIVED_FROM_COORDINATES
1065399112,7a25f7aa-03fb-4322-aaeb-66719e1a9527,b32cf504-f12e-4329-984c-f8fe7f551840,Animalia,Chordata,Mammalia,Soricomorpha,Soricidae,Sorex,Sorex vagrans,vagrans,SUBSPECIES,"Sorex vagrans vagrans Baird, 1857",Sorex (Otisorex) vagrans vagrans,"Baird, 1857",US,N fork of Humboldt River,Nevada,PRESENT,,493fe050-055d-11d8-b84f-b8a03c50a862,40.93,-115.55,140039,,,,,,6/15/86,15,6,1986,7194092,2436042,PRESERVED_SPECIMEN,LACM,Mammals,86907,MP 590,,,CC0_1_0,,P. Rawlins,,native,2026-04-29T14:09:48.567Z,,GEODETIC_DATUM_ASSUMED_WGS84;CONTINENT_DERIVED_FROM_COORDINATES
1065398835,7a25f7aa-03fb-4322-aaeb-66719e1a9527,b2701916-18e3-4843-a016-f528350d8b19,Animalia,Chordata,Mammalia,Soricomorpha,Soricidae,Sorex,Sorex vagrans,vagrans,SUBSPECIES,"Sorex vagrans vagrans Baird, 1857",Sorex (Otisorex) vagrans vagrans,"Baird, 1857",US,"Independence Mts; Sheep Creek; Haystack Ranch, 6 mi W",Nevada,PRESENT,,493fe050-055d-11d8-b84f-b8a03c50a862,41.35,-115.9,8390,,,,,,7/30/84,30,7,1984,7194092,2436042,PRESERVED_SPECIMEN,LACM,Mammals,73999,449,,,CC0_1_0,,"Ports, M",,native,2026-04-29T14:09:55.728Z,,GEODETIC_DATUM_ASSUMED_WGS84;CONTINENT_DERIVED_FROM_COORDINATES
1065393643,7a25f7aa-03fb-4322-aaeb-66719e1a9527,a50d620d-3725-4e02-9fe6-e9e64c32ba5d,Animalia,Chordata,Mammalia,Soricomorpha,Soricidae,Sorex,Sorex vagrans,vagrans,SUBSPECIES,"Sorex vagrans vagrans Baird, 1857",Sorex (Otisorex) vagrans vagrans,"Baird, 1857",US,"Ruby Lake Wildlife Refuge, E end Brown Dike",Nevada,PRESENT,,493fe050-055d-11d8-b84f-b8a03c50a862,40.18,-115.47,12901,,,,,,8/11/86,11,8,1986,7194092,2436042,PRESERVED_SPECIMEN,LACM,Mammals,86916,575,,,CC0_1_0,,"Ports, M",,native,2026-04-29T14:09:54.529Z,,GEODETIC_DATUM_ASSUMED_WGS84;CONTINENT_DERIVED_FROM_COORDINATES
1065391143,7a25f7aa-03fb-4322-aaeb-66719e1a9527,9e34aa56-d9df-43cc-9ea9-7ede3f2e14f2,Animalia,Chordata,Mammalia,Soricomorpha,Soricidae,Sorex,Sorex vagrans,vagrans,SUBSPECIES,"Sorex vagrans vagrans Baird, 1857",Sorex (Otisorex) vagrans vagrans,"Baird, 1857",US,N fork of Humboldt River,Nevada,PRESENT,,493fe050-055d-11d8-b84f-b8a03c50a862,40.93,-115.55,140039,,,,,,6/15/86,15,6,1986,7194092,2436042,PRESERVED_SPECIMEN,LACM,Mammals,86906,MP 588,,,CC0_1_0,,P. Rawlins,,native,2026-04-29T14:09:54.209Z,,GEODETIC_DATUM_ASSUMED_WGS84;CONTINENT_DERIVED_FROM_COORDINATES
1065388463,7a25f7aa-03fb-4322-aaeb-66719e1a9527,971fdbb1-f527-4424-b38b-d08a362fa3e1,Animalia,Chordata,Mammalia,Soricomorpha,Soricidae,Sorex,Sorex vagrans,vagrans,SUBSPECIES,"Sorex vagrans vagrans Baird, 1857",Sorex (Otisorex) vagrans vagrans,"Baird, 1857",US,Ruby Lake Wildlife Refuge,Nevada,PRESENT,,493fe050-055d-11d8-b84f-b8a03c50a862,40.18,-115.47,12901,,,,,,7/25/86,25,7,1986,7194092,2436042,PRESERVED_SPECIMEN,LACM,Mammals,74503,571,,,CC0_1_0,,"Ports, M",,native,2026-04-29T14:09:53.974Z,,GEODETIC_DATUM_ASSUMED_WGS84;CONTINENT_DERIVED_FROM_COORDINATES
1065386525,7a25f7aa-03fb-4322-aaeb-66719e1a9527,91f03b2b-45b4-40db-b8db-62b80fbf51a9,Animalia,Chordata,Mammalia,Soricomorpha,Soricidae,Sorex,Sorex vagrans,vagrans,SUBSPECIES,"Sorex vagrans vagrans Baird, 1857",Sorex (Otisorex) vagrans vagrans,"Baird, 1857",US,"45 mi N Elko, Sheep Creek, E side Independence Mts.",Nevada,PRESENT,,493fe050-055d-11d8-b84f-b8a03c50a862,41.35,-115.79,12901,,,,,,6/25/85,25,6,1985,7194092,2436042,PRESERVED_SPECIMEN,LACM,Mammals,86897,520,,,CC0_1_0,,"Ports, M",,native,2026-04-29T14:09:54.569Z,,GEODETIC_DATUM_ASSUMED_WGS84;CONTINENT_DERIVED_FROM_COORDINATES
1065386510,7a25f7aa-03fb-4322-aaeb-66719e1a9527,91af15e1-965a-4bbc-9b68-df0aa168b4fe,Animalia,Chordata,Mammalia,Soricomorpha,Soricidae,Sorex,Sorex vagrans,vagrans,SUBSPECIES,"Sorex vagrans vagrans Baird, 1857",Sorex (Otisorex) vagrans vagrans,"Baird, 1857",US,"6 mi W Haystack Ranch, Sheep Creek, Independence Mts.",Nevada,PRESENT,,493fe050-055d-11d8-b84f-b8a03c50a862,41.35,-115.9,8390,,,,,,,,,,7194092,2436042,PRESERVED_SPECIMEN,LACM,Mammals,86896,482,,,CC0_1_0,,"Ports, M",,native,2026-04-29T14:09:58.454Z,,GEODETIC_DATUM_ASSUMED_WGS84;CONTINENT_DERIVED_FROM_COORDINATES
1065386199,7a25f7aa-03fb-4322-aaeb-66719e1a9527,90e77bfd-97f9-4ce6-8284-081434db46c0,Animalia,Chordata,Mammalia,Soricomorpha,Soricidae,Sorex,Sorex vagrans,vagrans,SUBSPECIES,"Sorex vagrans vagrans Baird, 1857",Sorex (Otisorex) vagrans vagrans,"Baird, 1857",US,S fork Humboldt River,Nevada,PRESENT,,493fe050-055d-11d8-b84f-b8a03c50a862,40.77,-115.89,64400,,,,,,7/10/86,10,7,1986,7194092,2436042,PRESERVED_SPECIMEN,LACM,Mammals,86914,560,,,CC0_1_0,,"Ports, M",,native,2026-04-29T14:09:48.066Z,,GEODETIC_DATUM_ASSUMED_WGS84;CONTINENT_DERIVED_FROM_COORDINATES
1065383065,7a25f7aa-03fb-4322-aaeb-66719e1a9527,88b73240-04f1-4ff7-aec1-088720f501a6,Animalia,Chordata,Mammalia,Soricomorpha,Soricidae,Sorex,Sorex vagrans,vagrans,SUBSPECIES,"Sorex vagrans vagrans Baird, 1857",Sorex (Otisorex) vagrans vagrans,"Baird, 1857",US,Ruby Lake Wildlife Refuge,Nevada,PRESENT,,493fe050-055d-11d8-b84f-b8a03c50a862,40.18,-115.47,12901,,,,,,7/25/86,25,7,1986,7194092,2436042,PRESERVED_SPECIMEN,LACM,Mammals,74505,573,,,CC0_1_0,,"Ports, M",,native,2026-04-29T14:09:55.314Z,,GEODETIC_DATUM_ASSUMED_WGS84;CONTINENT_DERIVED_FROM_COORDINATES
1065381683,7a25f7aa-03fb-4322-aaeb-66719e1a9527,84d6ec70-0da2-4b14-ae1b-2a0d12629020,Animalia,Chordata,Mammalia,Soricomorpha,Soricidae,Sorex,Sorex vagrans,vagrans,SUBSPECIES,"Sorex vagrans vagrans Baird, 1857",Sorex (Otisorex) vagrans vagrans,"Baird, 1857",US,"Ruby Lake Wildlife Refuge, 3.4 mi N Refuge Hdqts.",Nevada,PRESENT,,493fe050-055d-11d8-b84f-b8a03c50a862,40.25,-115.49,5084,,,,,,7/12/87,12,7,1987,7194092,2436042,PRESERVED_SPECIMEN,LACM,Mammals,86924,603,,,CC0_1_0,,"Ports, M",,native,2026-04-29T14:09:58.363Z,,GEODETIC_DATUM_ASSUMED_WGS84;CONTINENT_DERIVED_FROM_COORDINATES
1065379496,7a25f7aa-03fb-4322-aaeb-66719e1a9527,7ed06b0e-d0ef-4857-9731-4de02e1105ce,Animalia,Chordata,Mammalia,Soricomorpha,Soricidae,Sorex,Sorex vagrans,vagrans,SUBSPECIES,"Sorex vagrans vagrans Baird, 1857",Sorex (Otisorex) vagrans vagrans,"Baird, 1857",US,"Independence Mts; Sheep Creek; Haystack Ranch, 6 mi W",Nevada,PRESENT,,493fe050-055d-11d8-b84f-b8a03c50a862,41.35,-115.9,8390,,,,,,10/30/84,30,10,1984,7194092,2436042,PRESERVED_SPECIMEN,LACM,Mammals,74011,444,,,CC0_1_0,,"Ports, M",,native,2026-04-29T14:09:47.972Z,,GEODETIC_DATUM_ASSUMED_WGS84;CONTINENT_DERIVED_FROM_COORDINATES
1065376725,7a25f7aa-03fb-4322-aaeb-66719e1a9527,77bd8cb9-1a47-465d-8aa9-2fa4c2302edf,Animalia,Chordata,Mammalia,Soricomorpha,Soricidae,Sorex,Sorex vagrans,vagrans,SUBSPECIES,"Sorex vagrans vagrans Baird, 1857",Sorex (Otisorex) vagrans vagrans,"Baird, 1857",US,S Fork of the Humboldt River,Nevada,PRESENT,,493fe050-055d-11d8-b84f-b8a03c50a862,40.77,-115.89,64400,,,,,,7/10/86,10,7,1986,7194092,2436042,PRESERVED_SPECIMEN,LACM,Mammals,74500,550,,,CC0_1_0,,"Ports, M",,native,2026-04-29T14:09:48.072Z,,GEODETIC_DATUM_ASSUMED_WGS84;CONTINENT_DERIVED_FROM_COORDINATES
1065375648,7a25f7aa-03fb-4322-aaeb-66719e1a9527,74fdcdba-d6fc-4831-8509-aa5575731710,Animalia,Chordata,Mammalia,Soricomorpha,Soricidae,Sorex,Sorex vagrans,vagrans,SUBSPECIES,"Sorex vagrans vagrans Baird, 1857",Sorex (Otisorex) vagrans vagrans,"Baird, 1857",US,N Fork of the Humboldt River,Nevada,PRESENT,,493fe050-055d-11d8-b84f-b8a03c50a862,40.93,-115.55,140039,,,,,,6/18/86,18,6,1986,7194092,2436042,PRESERVED_SPECIMEN,LACM,Mammals,74497,547,,,CC0_1_0,,"Ports, M",,native,2026-04-29T14:09:48.022Z,,GEODETIC_DATUM_ASSUMED_WGS84;CONTINENT_DERIVED_FROM_COORDINATES
1065375536,7a25f7aa-03fb-4322-aaeb-66719e1a9527,74c0a4e6-7cc8-4fab-bfd0-2e33d9219388,Animalia,Chordata,Mammalia,Soricomorpha,Soricidae,Sorex,Sorex vagrans,vagrans,SUBSPECIES,"Sorex vagrans vagrans Baird, 1857",Sorex (Otisorex) vagrans vagrans,"Baird, 1857",US,"Haystack Ranch, 1/2 mi W; Sheep Creek, Independence Mts.",Nevada,PRESENT,,493fe050-055d-11d8-b84f-b8a03c50a862,41.35,-115.8,2540,,,,,,7/12/84,12,7,1984,7194092,2436042,PRESERVED_SPECIMEN,LACM,Mammals,86895,434,,,CC0_1_0,,"Ports, M",,native,2026-04-29T14:09:55.171Z,,GEODETIC_DATUM_ASSUMED_WGS84;CONTINENT_DERIVED_FROM_COORDINATES
1065375329,7a25f7aa-03fb-4322-aaeb-66719e1a9527,7432c77d-ad87-4f71-ac9c-39c3036e2c0b,Animalia,Chordata,Mammalia,Soricomorpha,Soricidae,Sorex,Sorex vagrans,vagrans,SUBSPECIES,"Sorex vagrans vagrans Baird, 1857",Sorex (Otisorex) vagrans vagrans,"Baird, 1857",US,"3 3/4 mi S, 7 1/4 mi W Haystack Ranch, Gance Creek",Nevada,PRESENT,,493fe050-055d-11d8-b84f-b8a03c50a862,41.3,-115.93,428,,,,,,5/26/81,26,5,1981,7194092,2436042,PRESERVED_SPECIMEN,LACM,Mammals,86890,319,,,CC0_1_0,,"Ports, M",,native,2026-04-29T14:09:57.680Z,,GEODETIC_DATUM_ASSUMED_WGS84;CONTINENT_DERIVED_FROM_COORDINATES
1065374384,7a25f7aa-03fb-4322-aaeb-66719e1a9527,71a2ba39-d01a-427a-a22a-a3fddff6d20e,Animalia,Chordata,Mammalia,Soricomorpha,Soricidae,Sorex,Sorex vagrans,vagrans,SUBSPECIES,"Sorex vagrans vagrans Baird, 1857",Sorex (Otisorex) vagrans vagrans,"Baird, 1857",US,"Independence Mts; Sheep Creek; Haystack Ranch, 6 mi W",Nevada,PRESENT,,493fe050-055d-11d8-b84f-b8a03c50a862,41.35,-115.9,8390,,,,,,8/7/84,7,8,1984,7194092,2436042,PRESERVED_SPECIMEN,LACM,Mammals,74004,448,,,CC0_1_0,,"Ports, M",,native,2026-04-29T14:09:57.680Z,,GEODETIC_DATUM_ASSUMED_WGS84;CONTINENT_DERIVED_FROM_COORDINATES
1065372920,7a25f7aa-03fb-4322-aaeb-66719e1a9527,6db3bd4e-88c1-48e2-ae0f-ef9d0b4b1491,Animalia,Chordata,Mammalia,Soricomorpha,Soricidae,Sorex,Sorex vagrans,vagrans,SUBSPECIES,"Sorex vagrans vagrans Baird, 1857",Sorex (Otisorex) vagrans vagrans,"Baird, 1857",US,"Independence Mts; Sheep Creek; Haystack Ranch, 6 mi W",Nevada,PRESENT,,493fe050-055d-11d8-b84f-b8a03c50a862,41.35,-115.9,8390,,,,,,10/30/84,30,10,1984,7194092,2436042,PRESERVED_SPECIMEN,LACM,Mammals,74020,"1 OF 2, 446",,,CC0_1_0,,"Ports, M",,native,2026-04-29T14:09:54.052Z,,GEODETIC_DATUM_ASSUMED_WGS84;CONTINENT_DERIVED_FROM_COORDINATES
1065369001,7a25f7aa-03fb-4322-aaeb-66719e1a9527,63443e7d-686e-4b0c-b2f2-fab624d72134,Animalia,Chordata,Mammalia,Soricomorpha,Soricidae,Sorex,Sorex vagrans,vagrans,SUBSPECIES,"Sorex vagrans vagrans Baird, 1857",Sorex (Otisorex) vagrans vagrans,"Baird, 1857",US,"Independence Mts; Sheep Creek; Haystack Ranch, 6 mi W",Nevada,PRESENT,,493fe050-055d-11d8-b84f-b8a03c50a862,41.35,-115.9,8390,,,,,,7/30/84,30,7,1984,7194092,2436042,PRESERVED_SPECIMEN,LACM,Mammals,74015,436,,,CC0_1_0,,"Ports, M",,native,2026-04-29T14:09:53.788Z,,GEODETIC_DATUM_ASSUMED_WGS84;CONTINENT_DERIVED_FROM_COORDINATES
1065364930,7a25f7aa-03fb-4322-aaeb-66719e1a9527,58b89717-6054-4827-a2de-9032978af0b1,Animalia,Chordata,Mammalia,Soricomorpha,Soricidae,Sorex,Sorex vagrans,vagrans,SUBSPECIES,"Sorex vagrans vagrans Baird, 1857",Sorex (Otisorex) vagrans vagrans,"Baird, 1857",US,"Independence Mts; Sheep Creek; Haystack Ranch, 6 mi W",Nevada,PRESENT,,493fe050-055d-11d8-b84f-b8a03c50a862,41.35,-115.9,8390,,,,,,7/30/84,30,7,1984,7194092,2436042,PRESERVED_SPECIMEN,LACM,Mammals,74006,442,,,CC0_1_0,,"Ports, M",,native,2026-04-29T14:09:58.302Z,,GEODETIC_DATUM_ASSUMED_WGS84;CONTINENT_DERIVED_FROM_COORDINATES
1065363911,7a25f7aa-03fb-4322-aaeb-66719e1a9527,560f75ed-e7c8-4421-97ea-6b0d2877de67,Animalia,Chordata,Mammalia,Soricomorpha,Soricidae,Sorex,Sorex vagrans,vagrans,SUBSPECIES,"Sorex vagrans vagrans Baird, 1857",Sorex (Otisorex) vagrans vagrans,"Baird, 1857",US,"Independence Mts; Sheep Creek; Haystack Ranch, 6 mi W",Nevada,PRESENT,,493fe050-055d-11d8-b84f-b8a03c50a862,41.35,-115.9,8390,,,,,,6/29/84,29,6,1984,7194092,2436042,PRESERVED_SPECIMEN,LACM,Mammals,74030,470,,,CC0_1_0,,"Ports, M",,native,2026-04-29T14:09:57.539Z,,GEODETIC_DATUM_ASSUMED_WGS84;CONTINENT_DERIVED_FROM_COORDINATES
1065362164,7a25f7aa-03fb-4322-aaeb-66719e1a9527,51562138-7bfe-420c-a2bb-1e9f52bf2276,Animalia,Chordata,Mammalia,Soricomorpha,Soricidae,Sorex,Sorex vagrans,vagrans,SUBSPECIES,"Sorex vagrans vagrans Baird, 1857",Sorex (Otisorex) vagrans vagrans,"Baird, 1857",US,spring 9.8 mi N Ruby Lake Refuge Hdqts.,Nevada,PRESENT,,493fe050-055d-11d8-b84f-b8a03c50a862,40.34,-115.49,12818,,,,,,7/26/86,26,7,1986,7194092,2436042,PRESERVED_SPECIMEN,LACM,Mammals,86915,570,,,CC0_1_0,,"Ports, M",,native,2026-04-29T14:09:47.905Z,,GEODETIC_DATUM_ASSUMED_WGS84;CONTINENT_DERIVED_FROM_COORDINATES
1065360499,7a25f7aa-03fb-4322-aaeb-66719e1a9527,4d325654-79db-423c-a0ce-e03dd57e224c,Animalia,Chordata,Mammalia,Soricomorpha,Soricidae,Sorex,Sorex vagrans,vagrans,SUBSPECIES,"Sorex vagrans vagrans Baird, 1857",Sorex (Otisorex) vagrans vagrans,"Baird, 1857",US,Mary's River,Nevada,PRESENT,,493fe050-055d-11d8-b84f-b8a03c50a862,41.05,-115.28,120727,,,,,,6/12/86,12,6,1986,7194092,2436042,PRESERVED_SPECIMEN,LACM,Mammals,86904,534,,,CC0_1_0,,"Ports, M",,native,2026-04-29T14:09:47.560Z,,GEODETIC_DATUM_ASSUMED_WGS84;CONTINENT_DERIVED_FROM_COORDINATES
1065359119,7a25f7aa-03fb-4322-aaeb-66719e1a9527,495f125e-514e-4df2-996d-463f984d867c,Animalia,Chordata,Mammalia,Soricomorpha,Soricidae,Sorex,Sorex vagrans,vagrans,SUBSPECIES,"Sorex vagrans vagrans Baird, 1857",Sorex (Otisorex) vagrans vagrans,"Baird, 1857",US,"Independence Mts; Sheep Creek; Haystack Ranch, 6 mi W",Nevada,PRESENT,,493fe050-055d-11d8-b84f-b8a03c50a862,41.35,-115.9,8390,,,,,,6/29/84,29,6,1984,7194092,2436042,PRESERVED_SPECIMEN,LACM,Mammals,74033,476,,,CC0_1_0,,"Ports, M",,native,2026-04-29T14:09:47.845Z,,GEODETIC_DATUM_ASSUMED_WGS84;CONTINENT_DERIVED_FROM_COORDINATES
1065358224,7a25f7aa-03fb-4322-aaeb-66719e1a9527,47275e50-1ca4-4346-b518-bef82d7b2a2a,Animalia,Chordata,Mammalia,Soricomorpha,Soricidae,Sorex,Sorex vagrans,vagrans,SUBSPECIES,"Sorex vagrans vagrans Baird, 1857",Sorex (Otisorex) vagrans vagrans,"Baird, 1857",US,"Independence Mts; Sheep Creek; Haystack Ranch, 6 mi W",Nevada,PRESENT,,493fe050-055d-11d8-b84f-b8a03c50a862,41.35,-115.9,8390,,,,,,6/22/84,22,6,1984,7194092,2436042,PRESERVED_SPECIMEN,LACM,Mammals,74026,464,,,CC0_1_0,,"Ports, M",,native,2026-04-29T14:09:57.937Z,,GEODETIC_DATUM_ASSUMED_WGS84;CONTINENT_DERIVED_FROM_COORDINATES
1065357633,7a25f7aa-03fb-4322-aaeb-66719e1a9527,458e2323-016c-46aa-8e88-50a506c09d32,Animalia,Chordata,Mammalia,Soricomorpha,Soricidae,Sorex,Sorex vagrans,vagrans,SUBSPECIES,"Sorex vagrans vagrans Baird, 1857",Sorex (Otisorex) vagrans vagrans,"Baird, 1857",US,"Independence Mts; Sheep Creek; Haystack Ranch, 6 mi W",Nevada,PRESENT,,493fe050-055d-11d8-b84f-b8a03c50a862,41.35,-115.9,8390,,,,,,7/30/84,30,7,1984,7194092,2436042,PRESERVED_SPECIMEN,LACM,Mammals,74016,437,,,CC0_1_0,,"Ports, M",,native,2026-04-29T14:09:47.465Z,,GEODETIC_DATUM_ASSUMED_WGS84;CONTINENT_DERIVED_FROM_COORDINATES
1065356636,7a25f7aa-03fb-4322-aaeb-66719e1a9527,42f46888-2329-4233-ad0c-7d424eb6bfc8,Animalia,Chordata,Mammalia,Soricomorpha,Soricidae,Sorex,Sorex vagrans,vagrans,SUBSPECIES,"Sorex vagrans vagrans Baird, 1857",Sorex (Otisorex) vagrans vagrans,"Baird, 1857",US,"45 mi N Elko, Sheep Creek, E side Independence Mts.",Nevada,PRESENT,,493fe050-055d-11d8-b84f-b8a03c50a862,41.35,-115.79,12901,,,,,,7/1/85,1,7,1985,7194092,2436042,PRESERVED_SPECIMEN,LACM,Mammals,86900,MP 515,,,CC0_1_0,,"Evans, C",,native,2026-04-29T14:09:58.186Z,,GEODETIC_DATUM_ASSUMED_WGS84;CONTINENT_DERIVED_FROM_COORDINATES
1065356480,7a25f7aa-03fb-4322-aaeb-66719e1a9527,4288da11-24bf-404b-9334-b85dc8661f1d,Animalia,Chordata,Mammalia,Soricomorpha,Soricidae,Sorex,Sorex vagrans,vagrans,SUBSPECIES,"Sorex vagrans vagrans Baird, 1857",Sorex (Otisorex) vagrans vagrans,"Baird, 1857",US,"N fork Canyon Creek, E side Jarbridge Mts.",Nevada,PRESENT,,493fe050-055d-11d8-b84f-b8a03c50a862,41.8,-115.12,20947,,,,,,9/5/87,5,9,1987,7194092,2436042,PRESERVED_SPECIMEN,LACM,Mammals,86926,623,,,CC0_1_0,,"Ports, M",,native,2026-04-29T14:09:57.403Z,,GEODETIC_DATUM_ASSUMED_WGS84;CONTINENT_DERIVED_FROM_COORDINATES
1065354318,7a25f7aa-03fb-4322-aaeb-66719e1a9527,3d02b051-7a9b-4fb6-a622-377b58136f8f,Animalia,Chordata,Mammalia,Soricomorpha,Soricidae,Sorex,Sorex vagrans,vagrans,SUBSPECIES,"Sorex vagrans vagrans Baird, 1857",Sorex (Otisorex) vagrans vagrans,"Baird, 1857",US,"Mary's River, Hot Creek",Nevada,PRESENT,,493fe050-055d-11d8-b84f-b8a03c50a862,41.57,-115.22,428,,,,,,6/12/86,12,6,1986,7194092,2436042,PRESERVED_SPECIMEN,LACM,Mammals,86903,531,,,CC0_1_0,,"Ports, M",,native,2026-04-29T14:09:58.451Z,,GEODETIC_DATUM_ASSUMED_WGS84;CONTINENT_DERIVED_FROM_COORDINATES
1065353681,7a25f7aa-03fb-4322-aaeb-66719e1a9527,3b817ec4-ce94-4b35-bf6c-7db26dd5b76d,Animalia,Chordata,Mammalia,Soricomorpha,Soricidae,Sorex,Sorex vagrans,vagrans,SUBSPECIES,"Sorex vagrans vagrans Baird, 1857",Sorex (Otisorex) vagrans vagrans,"Baird, 1857",US,"Independence Mts; Sheep Creek; Haystack Ranch, 6 mi W",Nevada,PRESENT,,493fe050-055d-11d8-b84f-b8a03c50a862,41.35,-115.9,8390,,,,,,6/27/84,27,6,1984,7194092,2436042,PRESERVED_SPECIMEN,LACM,Mammals,74035,478,,,CC0_1_0,,"Ports, M",,native,2026-04-29T14:09:57.628Z,,GEODETIC_DATUM_ASSUMED_WGS84;CONTINENT_DERIVED_FROM_COORDINATES
1065352181,7a25f7aa-03fb-4322-aaeb-66719e1a9527,378f82d9-5a9d-4050-8273-bf804b2925bf,Animalia,Chordata,Mammalia,Soricomorpha,Soricidae,Sorex,Sorex vagrans,vagrans,SUBSPECIES,"Sorex vagrans vagrans Baird, 1857",Sorex (Otisorex) vagrans vagrans,"Baird, 1857",US,Mary's River,Nevada,PRESENT,,493fe050-055d-11d8-b84f-b8a03c50a862,41.05,-115.28,120727,,,,,,6/12/86,12,6,1986,7194092,2436042,PRESERVED_SPECIMEN,LACM,Mammals,74501,532,,,CC0_1_0,,"Ports, M",,native,2026-04-29T14:09:47.409Z,,GEODETIC_DATUM_ASSUMED_WGS84;CONTINENT_DERIVED_FROM_COORDINATES
1065351743,7a25f7aa-03fb-4322-aaeb-66719e1a9527,366af160-d120-43b5-948c-82e0a2869500,Animalia,Chordata,Mammalia,Soricomorpha,Soricidae,Sorex,Sorex vagrans,vagrans,SUBSPECIES,"Sorex vagrans vagrans Baird, 1857",Sorex (Otisorex) vagrans vagrans,"Baird, 1857",US,N Fork of the Humboldt River,Nevada,PRESENT,,493fe050-055d-11d8-b84f-b8a03c50a862,40.93,-115.55,140039,,,,,,6/18/86,18,6,1986,7194092,2436042,PRESERVED_SPECIMEN,LACM,Mammals,74495,538,,,CC0_1_0,,"Ports, M",,native,2026-04-29T14:09:47.687Z,,GEODETIC_DATUM_ASSUMED_WGS84;CONTINENT_DERIVED_FROM_COORDINATES
1065351643,7a25f7aa-03fb-4322-aaeb-66719e1a9527,3628b4f0-8626-41dc-ae7f-e03cc8c4e102,Animalia,Chordata,Mammalia,Soricomorpha,Soricidae,Sorex,Sorex vagrans,vagrans,SUBSPECIES,"Sorex vagrans vagrans Baird, 1857",Sorex (Otisorex) vagrans vagrans,"Baird, 1857",US,"3 3/4 mi S, 9 1/2 mi W Haystack Ranch; Warm Creek",Nevada,PRESENT,,493fe050-055d-11d8-b84f-b8a03c50a862,41.3,-115.97,428,,,,,,6/15/81,15,6,1981,7194092,2436042,PRESERVED_SPECIMEN,LACM,Mammals,86892,313,,,CC0_1_0,,"Ports, M",,native,2026-04-29T14:09:47.640Z,,GEODETIC_DATUM_ASSUMED_WGS84;CONTINENT_DERIVED_FROM_COORDINATES
1065348453,7a25f7aa-03fb-4322-aaeb-66719e1a9527,2dcb1062-be95-42e9-a923-06aa6da5ceba,Animalia,Chordata,Mammalia,Soricomorpha,Soricidae,Sorex,Sorex vagrans,vagrans,SUBSPECIES,"Sorex vagrans vagrans Baird, 1857",Sorex (Otisorex) vagrans vagrans,"Baird, 1857",US,"Ruby Lake Wildlife Refuge, 3.4 mi N Refuge Hdqts.",Nevada,PRESENT,,493fe050-055d-11d8-b84f-b8a03c50a862,40.25,-115.49,5084,,,,,,7/12/87,12,7,1987,7194092,2436042,PRESERVED_SPECIMEN,LACM,Mammals,86923,602,,,CC0_1_0,,"Ports, M",,native,2026-04-29T14:09:57.260Z,,GEODETIC_DATUM_ASSUMED_WGS84;CONTINENT_DERIVED_FROM_COORDINATES
1065348259,7a25f7aa-03fb-4322-aaeb-66719e1a9527,2d52ee12-464d-4cdf-9baa-e16d5e452b3b,Animalia,Chordata,Mammalia,Soricomorpha,Soricidae,Sorex,Sorex vagrans,vagrans,SUBSPECIES,"Sorex vagrans vagrans Baird, 1857",Sorex (Otisorex) vagrans vagrans,"Baird, 1857",US,N Fork of the Humboldt River,Nevada,PRESENT,,493fe050-055d-11d8-b84f-b8a03c50a862,40.93,-115.55,140039,,,,,,6/18/86,18,6,1986,7194092,2436042,PRESERVED_SPECIMEN,LACM,Mammals,74496,541,,,CC0_1_0,,"Ports, M",,native,2026-04-29T14:09:53.027Z,,GEODETIC_DATUM_ASSUMED_WGS84;CONTINENT_DERIVED_FROM_COORDINATES
1065347164,7a25f7aa-03fb-4322-aaeb-66719e1a9527,2aa31b2d-1a18-486b-94f6-29ab7f96d6ec,Animalia,Chordata,Mammalia,Soricomorpha,Soricidae,Sorex,Sorex vagrans,vagrans,SUBSPECIES,"Sorex vagrans vagrans Baird, 1857",Sorex (Otisorex) vagrans vagrans,"Baird, 1857",US,"Grindstone Mountain, 1-1/2 mi NW; Transect 4 on Humboldt River",Nevada,PRESENT,,493fe050-055d-11d8-b84f-b8a03c50a862,40.74,-115.94,3244,,,,,,6/18/87,18,6,1987,7194092,2436042,PRESERVED_SPECIMEN,LACM,Mammals,86917,608,,,CC0_1_0,,"Ports, M",,native,2026-04-29T14:09:57.492Z,,GEODETIC_DATUM_ASSUMED_WGS84;CONTINENT_DERIVED_FROM_COORDINATES
1065341667,7a25f7aa-03fb-4322-aaeb-66719e1a9527,1c586588-436a-4a24-81a0-9b296b2723b7,Animalia,Chordata,Mammalia,Soricomorpha,Soricidae,Sorex,Sorex vagrans,vagrans,SUBSPECIES,"Sorex vagrans vagrans Baird, 1857",Sorex (Otisorex) vagrans vagrans,"Baird, 1857",US,"Adobe Hills, Kittridge Springs, 7.4 mi N Elko",Nevada,PRESENT,,493fe050-055d-11d8-b84f-b8a03c50a862,40.93,-115.81,3244,,,,,,7/7/87,7,7,1987,7194092,2436042,PRESERVED_SPECIMEN,LACM,Mammals,86921,599,,,CC0_1_0,,"Ports, M",,native,2026-04-29T14:09:57.338Z,,GEODETIC_DATUM_ASSUMED_WGS84;CONTINENT_DERIVED_FROM_COORDINATES
1065341299,7a25f7aa-03fb-4322-aaeb-66719e1a9527,1b410cce-401c-4c85-bd9e-a606c4d818e1,Animalia,Chordata,Mammalia,Soricomorpha,Soricidae,Sorex,Sorex vagrans,vagrans,SUBSPECIES,"Sorex vagrans vagrans Baird, 1857",Sorex (Otisorex) vagrans vagrans,"Baird, 1857",US,N fork of Humboldt River,Nevada,PRESENT,,493fe050-055d-11d8-b84f-b8a03c50a862,40.93,-115.55,140039,,,,,,6/15/86,15,6,1986,7194092,2436042,PRESERVED_SPECIMEN,LACM,Mammals,86905,MP 586,,,CC0_1_0,,P. Rawlins,,native,2026-04-29T14:09:52.998Z,,GEODETIC_DATUM_ASSUMED_WGS84;CONTINENT_DERIVED_FROM_COORDINATES
1065339773,7a25f7aa-03fb-4322-aaeb-66719e1a9527,1769c096-03e9-4934-9a3d-7c17f1c58819,Animalia,Chordata,Mammalia,Soricomorpha,Soricidae,Sorex,Sorex vagrans,vagrans,SUBSPECIES,"Sorex vagrans vagrans Baird, 1857",Sorex (Otisorex) vagrans vagrans,"Baird, 1857",US,"Independence Mts; Sheep Creek; Haystack Ranch, 6 mi W",Nevada,PRESENT,,493fe050-055d-11d8-b84f-b8a03c50a862,41.35,-115.9,8390,,,,,,7/30/84,30,7,1984,7194092,2436042,PRESERVED_SPECIMEN,LACM,Mammals,74013,453,,,CC0_1_0,,"Ports, M",,native,2026-04-29T14:09:47.333Z,,GEODETIC_DATUM_ASSUMED_WGS84;CONTINENT_DERIVED_FROM_COORDINATES
1065338495,7a25f7aa-03fb-4322-aaeb-66719e1a9527,142d0764-af06-4114-87c8-e8b6fd1646eb,Animalia,Chordata,Mammalia,Soricomorpha,Soricidae,Sorex,Sorex vagrans,vagrans,SUBSPECIES,"Sorex vagrans vagrans Baird, 1857",Sorex (Otisorex) vagrans vagrans,"Baird, 1857",US,"Adobe Hills, Kittridge Springs, 7.4 mi N Elko",Nevada,PRESENT,,493fe050-055d-11d8-b84f-b8a03c50a862,40.93,-115.81,3244,,,,,,7/6/87,6,7,1987,7194092,2436042,PRESERVED_SPECIMEN,LACM,Mammals,86919,596,,,CC0_1_0,,"Ports, M",,native,2026-04-29T14:09:55.887Z,,GEODETIC_DATUM_ASSUMED_WGS84;CONTINENT_DERIVED_FROM_COORDINATES
1065338102,7a25f7aa-03fb-4322-aaeb-66719e1a9527,1307dc63-4017-4404-ace4-e58152ce99ea,Animalia,Chordata,Mammalia,Soricomorpha,Soricidae,Sorex,Sorex vagrans,vagrans,SUBSPECIES,"Sorex vagrans vagrans Baird, 1857",Sorex (Otisorex) vagrans vagrans,"Baird, 1857",US,"3 3/4 mi S, 9 1/2 mi W Haystack Ranch; Warm Creek",Nevada,PRESENT,,493fe050-055d-11d8-b84f-b8a03c50a862,41.3,-115.97,428,,,,,,6/15/81,15,6,1981,7194092,2436042,PRESERVED_SPECIMEN,LACM,Mammals,86893,314,,,CC0_1_0,,"Ports, M",,native,2026-04-29T14:09:47.428Z,,GEODETIC_DATUM_ASSUMED_WGS84;CONTINENT_DERIVED_FROM_COORDINATES
1065337926,7a25f7aa-03fb-4322-aaeb-66719e1a9527,12b5d52d-119d-48f1-a4fd-32fdcb66791c,Animalia,Chordata,Mammalia,Soricomorpha,Soricidae,Sorex,Sorex vagrans,vagrans,SUBSPECIES,"Sorex vagrans vagrans Baird, 1857",Sorex (Otisorex) vagrans vagrans,"Baird, 1857",US,"Ruby Lake Wildlife Refuge, 3.4 mi N Refuge Hdqts.",Nevada,PRESENT,,493fe050-055d-11d8-b84f-b8a03c50a862,40.25,-115.49,5084,,,,,,7/12/87,12,7,1987,7194092,2436042,PRESERVED_SPECIMEN,LACM,Mammals,86922,601,,,CC0_1_0,,"Ports, M",,native,2026-04-29T14:09:52.964Z,,GEODETIC_DATUM_ASSUMED_WGS84;CONTINENT_DERIVED_FROM_COORDINATES
1065333353,7a25f7aa-03fb-4322-aaeb-66719e1a9527,06b8a80d-0757-445a-9081-d715ae3490d9,Animalia,Chordata,Mammalia,Soricomorpha,Soricidae,Sorex,Sorex vagrans,vagrans,SUBSPECIES,"Sorex vagrans vagrans Baird, 1857",Sorex (Otisorex) vagrans vagrans,"Baird, 1857",US,"3 3/4 mi S, 9 1/2 mi W Haystack Ranch; Warm Creek",Nevada,PRESENT,,493fe050-055d-11d8-b84f-b8a03c50a862,41.3,-115.97,428,,,,,,6/15/81,15,6,1981,7194092,2436042,PRESERVED_SPECIMEN,LACM,Mammals,86891,312,,,CC0_1_0,,"Ports, M",,native,2026-04-29T14:09:56.947Z,,GEODETIC_DATUM_ASSUMED_WGS84;CONTINENT_DERIVED_FROM_COORDINATES
1065333023,7a25f7aa-03fb-4322-aaeb-66719e1a9527,05dd5e62-2adb-4762-8320-dc4c3f238911,Animalia,Chordata,Mammalia,Soricomorpha,Soricidae,Sorex,Sorex vagrans,vagrans,SUBSPECIES,"Sorex vagrans vagrans Baird, 1857",Sorex (Otisorex) vagrans vagrans,"Baird, 1857",US,"3 3/4 mi S, 9 1/2 mi W Haystack Ranch; Warm Creek",Nevada,PRESENT,,493fe050-055d-11d8-b84f-b8a03c50a862,41.3,-115.97,428,,,,,,7/18/81,18,7,1981,7194092,2436042,PRESERVED_SPECIMEN,LACM,Mammals,86894,315,,,CC0_1_0,,"Ports, M",,native,2026-04-29T14:09:52.625Z,,GEODETIC_DATUM_ASSUMED_WGS84;CONTINENT_DERIVED_FROM_COORDINATES
1065332336,7a25f7aa-03fb-4322-aaeb-66719e1a9527,040acaba-bb3c-42bd-a670-0fc983b0b5a8,Animalia,Chordata,Mammalia,Soricomorpha,Soricidae,Sorex,Sorex vagrans,vagrans,SUBSPECIES,"Sorex vagrans vagrans Baird, 1857",Sorex (Otisorex) vagrans vagrans,"Baird, 1857",US,"Adobe Hills, Kittridge Springs, 7.4 mi N Elko",Nevada,PRESENT,,493fe050-055d-11d8-b84f-b8a03c50a862,40.93,-115.81,3244,,,,,,7/7/87,7,7,1987,7194092,2436042,PRESERVED_SPECIMEN,LACM,Mammals,86920,598,,,CC0_1_0,,"Ports, M",,native,2026-04-29T14:09:47.104Z,,GEODETIC_DATUM_ASSUMED_WGS84;CONTINENT_DERIVED_FROM_COORDINATES