Species;Family;Clade;type_of_care;number_of_parents;care_duration;care_duration_in_males;care_in_males_binary;care_duration_in_females;care_in_females_binary;protection;protection_in_males;protection_in_females;nourishment_by_females;nourishment_by_females_binary;terrestrial_reproduction;direct_development;female_SVL ;male_SVL;average_male_female_SVL;SSD;Egg_diameter;Log_egg_diameter;Clutch_size;Log_Clutch_size;Clutch_volume;Log_Clutch_volume;Parental care references;Terrestrial / aquatic reproduction references;Direct development references;Female size references;Male size references;Egg size references;Clutch size references
Acanthixalus_spinosus;Hyperoliidae;Afrobatrachia;no care;0;0;0;0;0;0;0;0;0;0;0;1;absent;34,1;NA;NA;NA;2;0,3;9;0,95;28,26;1,45;Gomez-Mestre et al. 2012;Gomez-Mestre et al. 2012;Gomez-Mestre et al. 2012;Gomez-Mestre et al. 2012;;Gomez-Mestre et al. 2012;Gomez-Mestre et al. 2012
Acris_crepitans;Hylidae;Hylidae;no care;0;0;0;0;0;0;0;0;0;0;0;0;absent;25,6;22,8;24,2;-0,05;1,43165;0,16;252,25;2,4;405,86;2,61;Gomez-Mestre et al. 2012, Han & Fu 2013, Summers et al. 2006;Gomez-Mestre et al. 2030;Gomez-Mestre et al. 2012;Gomez-Mestre et al. 2012, Han & Fu 2013;Han & Fu 2013;Gomez-Mestre et al. 2012, Han & Fu 2013, Summers et al. 2006;Gomez-Mestre et al. 2012, Han & Fu 2013
Acris_gryllus;Hylidae;Hylidae;no care;0;0;0;0;0;0;0;0;0;0;0;0;absent;24,5;22;23,25;-0,05;1,175;0,07;120,25;2,08;130,33;2,12;Gomez-Mestre et al. 2012, Han & Fu 2013, Summers et al. 2006;Gomez-Mestre et al. 2026;Gomez-Mestre et al. 2012;Gomez-Mestre et al. 2012, Han & Fu 2013;Han & Fu 2013;Gomez-Mestre et al. 2012, Han & Fu 2013, Summers et al. 2006;Gomez-Mestre et al. 2012, Han & Fu 2013
Adelotus_brevis;Limnodynastidae;Australobatrachia;male-only care ;1;1;1;1;0;0;2;2;0;0;0;1;absent;32,03;35,5;33,76;0,04;1,9;0,28;270;2,43;765,14;2,88;Wikipedia;Gomez-Mestre et al. 2012;Gomez-Mestre et al. 2012;Gomez-Mestre et al. 2012, Han & Fu 2013;Han & Fu 2013;Gomez-Mestre et al. 2012, Han & Fu 2013, Summers et al. 2006;Gomez-Mestre et al. 2012
Adelphobates_castaneoticus;Dendrobatidae;Agastorophrynia;male-only care ;1;2;2;1;0;0;3;3;0;0;0;1;absent;20,5;NA;NA;NA;2;0,3;7;0,85;21,98;1,34;Amphibiaweb;Amphibiaweb;Gomez-Mestre et al. 2012;Gomez-Mestre et al. 2012;;Gomez-Mestre et al. 2012;Gomez-Mestre et al. 2012
Adelphobates_quinquevittatus;Dendrobatidae;Agastorophrynia;male-only care ;1;2;2;1;0;0;3;3;0;0;0;NA;absent;17,3;16,6;16,95;-0,02;NA;NA;NA;NA;NA;NA;Amphibiaweb, dendrobase.hu;;Gomez-Mestre et al. 2012;Han & Fu 2013;Han & Fu 2013;;
Adenomera_andreae;Leptodactylidae;Diphyabatracea;male-only care ;1;1;1;1;1;1;1;1;0;2;1;1;absent;24,05;23,3;23,68;-0,01;3;0,48;12;1,08;84,78;1,93;Amphibiaweb;Gomez-Mestre et al. 2016;Gomez-Mestre et al. 2012;Gomez-Mestre et al. 2012, Han & Fu 2013;Han & Fu 2013;Gomez-Mestre et al. 2012, Han & Fu 2013, Summers et al. 2006;Gomez-Mestre et al. 2012, Han & Fu 2013
Adenomera_hylaedactyla;Leptodactylidae;Diphyabatracea;male-only care ;1;1;1;1;1;1;1;1;0;2;1;1;absent;24,85;22,7;23,78;-0,04;2,9;0,46;14,5;1,16;95,73;1,98;Amphibiaweb;Gomez-Mestre et al. 2019;Gomez-Mestre et al. 2012;Gomez-Mestre et al. 2012, Han & Fu 2013;Han & Fu 2013;Gomez-Mestre et al. 2012, Summers et al. 2006;Gomez-Mestre et al. 2012
Agalychnis_annae;Hylidae;Hylidae;no care;0;0;0;0;0;0;0;0;0;0;0;1;absent;69,6;NA;NA;NA;3,415;0,53;104,5;2,02;956,68;2,98;Gomez-Mestre et al. 2012, Summers et al. 2006;Gomez-Mestre et al. 2012;Gomez-Mestre et al. 2012;Gomez-Mestre et al. 2012;;Gomez-Mestre et al. 2012, Summers et al. 2006;Gomez-Mestre et al. 2012
Agalychnis_callidryas;Hylidae;Hylidae;no care;0;0;0;0;0;0;0;0;0;0;0;1;absent;64,1;48,2;56,15;-0,12;3,45;0,54;193,25;2,29;1805,62;3,26;Gomez-Mestre et al. 2012, Han & Fu 2013;Gomez-Mestre et al. 2012;Gomez-Mestre et al. 2012;Gomez-Mestre et al. 2012, Han & Fu 2013;Han & Fu 2013;Gomez-Mestre et al. 2012, Han & Fu 2013;Gomez-Mestre et al. 2012, Han & Fu 2013
Agalychnis_dacnicolor;Hylidae;Hylidae;no care;0;0;0;0;0;0;0;0;0;0;0;1;absent;83,5;67,6;75,55;-0,09;2,95;0,47;272,75;2,44;1863,28;3,27;Gomez-Mestre et al. 2012, Han & Fu 2013;Gomez-Mestre et al. 2012;Gomez-Mestre et al. 2012;Gomez-Mestre et al. 2012, Han & Fu 2013;Han & Fu 2013;Gomez-Mestre et al. 2012, Han & Fu 2013;Gomez-Mestre et al. 2012, Han & Fu 2013
Agalychnis_lemur;Hylidae;Hylidae;no care;0;0;0;0;0;0;0;0;0;0;0;1;absent;44,45;33,8;39,13;-0,12;3,325;0,52;33,5;1,53;290,74;2,46;Gomez-Mestre et al. 2012, Han & Fu 2013;Gomez-Mestre et al. 2012;Gomez-Mestre et al. 2012;Gomez-Mestre et al. 2012, Han & Fu 2013;Han & Fu 2013;Gomez-Mestre et al. 2012, Han & Fu 2013;Gomez-Mestre et al. 2012, Han & Fu 2013
Agalychnis_litodryas;Hylidae;Hylidae;no care;0;0;0;0;0;0;0;0;0;0;0;NA;absent;NA;NA;NA;NA;NA;NA;NA;NA;NA;NA;Han & Fu 2013;;Gomez-Mestre et al. 2012;;;;
Agalychnis_moreletii;Hylidae;Hylidae;no care;0;0;0;0;0;0;0;0;0;0;0;1;absent;74,45;NA;NA;NA;3,65;0,56;72,5;1,86;758,22;2,88;Gomez-Mestre et al. 2012;Gomez-Mestre et al. 2012;Gomez-Mestre et al. 2012;Gomez-Mestre et al. 2012;;Gomez-Mestre et al. 2012;Gomez-Mestre et al. 2012
Agalychnis_psilopygion;Hylidae;Hylidae;no care;0;0;0;0;0;0;0;0;0;0;0;NA;absent;NA;NA;NA;NA;4,3;0,63;NA;NA;NA;NA;Summers et al. 2006;;Gomez-Mestre et al. 2012;;;Summers et al. 2006;
Agalychnis_saltator;Hylidae;Hylidae;no care;0;0;0;0;0;0;0;0;0;0;0;1;absent;55,88;43,3;49,59;-0,11;4,275;0,63;51,5;1,71;738,84;2,87;Gomez-Mestre et al. 2012, Summers et al. 2006;Gomez-Mestre et al. 2012;Gomez-Mestre et al. 2012;Gomez-Mestre et al. 2012, Han & Fu 2013;Han & Fu 2013;Gomez-Mestre et al. 2012, Han & Fu 2013;Gomez-Mestre et al. 2012, Han & Fu 2013
Agalychnis_spurrelli;Hylidae;Hylidae;no care;0;0;0;0;0;0;0;0;0;0;0;1;absent;75,75;62;68,88;-0,09;3,85;0,59;55,5;1,74;645,78;2,81;Gomez-Mestre et al. 2012, Summers et al. 2006;Gomez-Mestre et al. 2012;Gomez-Mestre et al. 2012;Gomez-Mestre et al. 2012, Han & Fu 2013;Han & Fu 2013;Gomez-Mestre et al. 2012;Gomez-Mestre et al. 2012
Aglyptodactylus_laticeps;Mantellidae;Natatanura;no care;0;0;0;0;0;0;0;0;0;0;0;0;absent;60,4;NA;NA;NA;1,34;0,13;3458,5;3,54;4874,91;3,69;Gomez-Mestre et al. 2012, Summers et al. 2006;Gomez-Mestre et al. 2185;Gomez-Mestre et al. 2012;Gomez-Mestre et al. 2012;;Gomez-Mestre et al. 2012, Summers et al. 2006;Gomez-Mestre et al. 2012
Aglyptodactylus_madagascariensis;Mantellidae;Natatanura;no care;0;0;0;0;0;0;0;0;0;0;0;0;absent;50,9;NA;NA;NA;1,375;0,14;2232,5;3,35;3313,34;3,52;Gomez-Mestre et al. 2012, Han & Fu 2013, Summers et al. 2006;Gomez-Mestre et al. 2144;Gomez-Mestre et al. 2012;Gomez-Mestre et al. 2012;;Gomez-Mestre et al. 2012, Summers et al. 2006;Gomez-Mestre et al. 2012
Alexteroon_obstetricans;Hyperoliidae;Afrobatrachia;female-only care ;1;1;0;0;1;1;2;0;2;0;0;1;absent;NA;NA;NA;NA;NA;NA;NA;NA;NA;NA;Amphibiaweb;Gomez-Mestre et al. 2012;Gomez-Mestre et al. 2012;;;;
Allobates_caeruleodactylus;Dendrobatidae;Agastorophrynia;male-only care ;1;1;1;1;0;0;2;2;0;0;0;NA;absent;16,3;15,5;15,9;-0,02;NA;NA;NA;NA;NA;NA;Lima et al 2002;;Gomez-Mestre et al. 2012;Han & Fu 2013;Han & Fu 2013;;
Allobates_chalcopis;Dendrobatidae;Agastorophrynia;male-only care ;1;1;1;1;0;0;NA;NA;0;0;0;NA;absent;17,25;17,4;17;0;NA;NA;NA;NA;NA;NA;Wells 2007;;Gomez-Mestre et al. 2012;Amphibiaweb;Amphibiaweb;;
Allobates_femoralis;Dendrobatidae;Agastorophrynia;male-only care ;1;2;2;1;0;0;3;3;0;0;0;1;absent;27,93;24,9;26,41;-0,05;1,825;0,26;32,5;1,51;84,97;1,93;Amphibiaweb;Gomez-Mestre et al. 2012;Gomez-Mestre et al. 2012;Gomez-Mestre et al. 2012, Han & Fu 2013;Han & Fu 2013;Gomez-Mestre et al. 2012, Han & Fu 2013, Summers et al. 2006;Gomez-Mestre et al. 2012, Han & Fu 2013
Allobates_juanii;Dendrobatidae;Agastorophrynia;male-only care ;1;2;2;1;0;0;3;3;0;0;0;NA;absent;NA;NA;NA;NA;NA;NA;NA;NA;NA;NA;Amphibiaweb;;Gomez-Mestre et al. 2012;;;;
Allobates_mandelorum;Dendrobatidae;Agastorophrynia;male-only care ;1;2;2;1;0;0;3;3;0;0;0;NA;absent;NA;NA;NA;NA;NA;NA;NA;NA;NA;NA;Stuart et al. 2008;;Gomez-Mestre et al. 2012;;;;
Allobates_marchesianus;Dendrobatidae;Agastorophrynia;either parent;1;2;2;1;2;1;3;3;3;0;0;NA;absent;NA;NA;NA;NA;1,75;0,24;NA;NA;NA;NA;Wikipedia;;Gomez-Mestre et al. 2012;;;Summers et al. 2006;
Allobates_mcdiarmidi;Dendrobatidae;Agastorophrynia;male-only care ;1;2;2;1;0;0;3;3;0;0;0;NA;absent;NA;NA;NA;NA;NA;NA;NA;NA;NA;NA;Wells 2007;;Gomez-Mestre et al. 2012;;;;
Allobates_nidicola;Dendrobatidae;Agastorophrynia;NA;NA;NA;NA;NA;NA;NA;NA;NA;NA;2;1;NA;absent;20,2;19,6;19,9;-0,01;2,4;0,38;4;0,6;18,09;1,26;IUCN;;Gomez-Mestre et al. 2012;Han & Fu 2013;Han & Fu 2013;Han & Fu 2013;Han & Fu 2013
Allobates_olfersioides;Dendrobatidae;Agastorophrynia;either parent;1;2;2;1;2;1;3;3;3;0;0;NA;absent;NA;NA;NA;NA;1,5;0,18;8;0,9;14,13;1,15;Wells 2007, Wikipedia;;Gomez-Mestre et al. 2012;;;Amphibiaweb;Amphibiaweb
Allobates_talamancae;Dendrobatidae;Agastorophrynia;either parent;1;2;2;1;2;1;3;3;3;0;0;1;absent;24;22,7;23,35;-0,02;NA;NA;18;1,26;NA;NA;Wells 2007, Amphibiaweb;Gomez-Mestre et al. 2014;Gomez-Mestre et al. 2012;Han & Fu 2013;Han & Fu 2013;;Han & Fu 2013
Allobates_wayuu;Dendrobatidae;Agastorophrynia;male-only care ;1;2;2;1;0;0;3;3;0;0;0;NA;absent;NA;NA;NA;NA;NA;NA;NA;NA;NA;NA;Stuart et al. 2008;;Stuart et al. 2008;;;;
Allophryne_ruthveni;Allophrynidae;Diphyabatracea;no care;0;0;0;0;0;0;0;0;0;0;0;0;absent;26,9;22,6;24,75;-0,08;1;0;300;2,48;235,5;2,37;Gomez-Mestre et al. 2012, Han & Fu 2013;Gomez-Mestre et al. 2012;Gomez-Mestre et al. 2012;Gomez-Mestre et al. 2012, Han & Fu 2013;Han & Fu 2013;Gomez-Mestre et al. 2012;Gomez-Mestre et al. 2012, Han & Fu 2013
Altiphrynoides_malcolmi;Bufonidae;Agastorophrynia;male-only care ;1;1;1;1;0;0;2;2;0;0;0;NA;absent;32;21;26,5;-0,18;2,6;0,41;20;1,3;106,13;2,03;Amphibiaweb, Wikipedia;;Gomez-Mestre et al. 2012;Amphibiaweb;Amphibiaweb;Summers et al. 2006;Amphibiaweb
Alytes_cisternasii;Alytidae;Costata;male-only care ;1;1;1;1;0;0;3;3;0;0;0;1;absent;34,9;NA;NA;NA;3,375;0,53;94,5;1,98;844,99;2,93;Amphibiaweb;Gomez-Mestre et al. 2012;Gomez-Mestre et al. 2012;Gomez-Mestre et al. 2012;;Gomez-Mestre et al. 2012, Summers et al. 2006;Gomez-Mestre et al. 2012
Alytes_dickhilleni;Alytidae;Costata;male-only care ;1;1;1;1;0;0;3;3;0;0;0;1;absent;42,65;NA;NA;NA;3,9;0,59;36;1,56;429,83;2,63;Amphibiaweb;Gomez-Mestre et al. 2012;Gomez-Mestre et al. 2012;Gomez-Mestre et al. 2012;;Gomez-Mestre et al. 2012;Gomez-Mestre et al. 2012
Alytes_muletensis;Alytidae;Costata;male-only care ;1;1;1;1;0;0;3;3;0;0;0;1;absent;33,35;NA;NA;NA;5,35;0,73;15,5;1,19;348,26;2,54;Amphibiaweb;Gomez-Mestre et al. 2012;Gomez-Mestre et al. 2012;Gomez-Mestre et al. 2012;;Gomez-Mestre et al. 2012, Summers et al. 2006;Gomez-Mestre et al. 2012
Alytes_obstetricans;Alytidae;Costata;male-only care ;1;1;1;1;0;0;3;3;0;0;0;1;absent;45;NA;NA;NA;3,075;0,49;59;1,77;437,94;2,64;Amphibiaweb;Gomez-Mestre et al. 2012;Gomez-Mestre et al. 2012;Gomez-Mestre et al. 2012;;Gomez-Mestre et al. 2012, Han & Fu 2013, Summers et al. 2006;Gomez-Mestre et al. 2012, Han & Fu 2013
Amazophrynella_minuta;Bufonidae;Agastorophrynia;no care;0;0;0;0;0;0;0;0;0;0;0;1;absent;20,5;16,5;18,5;-0,09;0,7125;-0,15;160;2,2;63,76;1,8;Gomez-Mestre et al. 2012, Han & Fu 2013;;Gomez-Mestre et al. 2012;Gomez-Mestre et al. 2012, Han & Fu 2013;Han & Fu 2013;Gomez-Mestre et al. 2012, Han & Fu 2013;Gomez-Mestre et al. 2012, Han & Fu 2013
Ameerega_bassleri;Dendrobatidae;Agastorophrynia;male-only care ;1;2;2;1;0;0;3;3;0;0;0;NA;absent;NA;NA;NA;NA;NA;NA;NA;NA;NA;NA;IUCN;;Wells 2007;;;;
Ameerega_bilinguis;Dendrobatidae;Agastorophrynia;male-only care ;1;2;2;1;0;0;3;3;0;0;0;1;absent;20,95;NA;NA;NA;2,7;0,43;11;1,04;62,95;1,8;Amphibiaweb;Amphibiaweb;Gomez-Mestre et al. 2012;Gomez-Mestre et al. 2012;;Gomez-Mestre et al. 2012;Gomez-Mestre et al. 2012
Ameerega_braccata;Dendrobatidae;Agastorophrynia;male-only care ;1;2;2;1;0;0;3;3;0;0;0;NA;absent;NA;NA;NA;NA;NA;NA;NA;NA;NA;NA;Wells 2007;;Wells 2007;;;;
Ameerega_erythromos;Dendrobatidae;Agastorophrynia;male-only care ;1;2;2;1;0;0;3;3;0;0;0;NA;absent;NA;NA;NA;NA;NA;NA;NA;NA;NA;NA;Wells 2007;;Wells 2007;;;;
Ameerega_flavopicta;Dendrobatidae;Agastorophrynia;male-only care ;1;2;2;1;0;0;3;3;0;0;0;NA;absent;NA;NA;NA;NA;NA;NA;NA;NA;NA;NA;Wells 2007;;Wells 2007;;;;
Ameerega_hahneli;Dendrobatidae;Agastorophrynia;male-only care ;1;2;2;1;0;0;3;3;0;0;0;1;absent;20,75;18;19,38;-0,06;2,3;0,36;20,75;1,32;86,17;1,94;IUCN;Amphibiaweb;Gomez-Mestre et al. 2012;Gomez-Mestre et al. 2012, Han & Fu 2013;Han & Fu 2013;Gomez-Mestre et al. 2012, Han & Fu 2013;Gomez-Mestre et al. 2012, Han & Fu 2013
Ameerega_macero;Dendrobatidae;Agastorophrynia;male-only care ;1;2;2;1;0;0;3;3;0;0;0;NA;absent;NA;NA;NA;NA;NA;NA;NA;NA;NA;NA;Wells 2007;;Wells 2007;;;;
Ameerega_parvula;Dendrobatidae;Agastorophrynia;male-only care ;1;2;2;1;0;0;3;3;0;0;0;1;absent;21,85;19;20,43;-0,06;3,075;0,49;8,75;0,94;64,95;1,81;Amphibiaweb;Amphibiaweb;Gomez-Mestre et al. 2012;Gomez-Mestre et al. 2012, Han & Fu 2013;Han & Fu 2013;Gomez-Mestre et al. 2012, Han & Fu 2013;Gomez-Mestre et al. 2012, Han & Fu 2013
Ameerega_petersi;Dendrobatidae;Agastorophrynia;biparental care;2;2;2;1;2;1;3;3;3;0;0;NA;absent;28;24,8;26,4;-0,05;NA;NA;NA;NA;NA;NA;Wells 2007;;Wells 2007;Gomez-Mestre et al. 2012, Han & Fu 2013;Han & Fu 2013;;
Ameerega_picta;Dendrobatidae;Agastorophrynia;male-only care ;1;2;2;1;0;0;3;3;0;0;0;1;absent;24,2;23,2;23,7;-0,02;2;0,3;19;1,28;59,66;1,78;Wells 2007;Gomez-Mestre et al. 2017;Gomez-Mestre et al. 2012;Gomez-Mestre et al. 2012, Han & Fu 2013;Han & Fu 2013;Gomez-Mestre et al. 2012, Han & Fu 2013, Summers et al. 2006;Gomez-Mestre et al. 2012, Han & Fu 2013
Ameerega_pulchripecta;Dendrobatidae;Agastorophrynia;male-only care ;1;2;2;1;0;0;3;3;0;0;0;NA;absent;26;22,6;24,3;-0,06;NA;NA;NA;NA;NA;NA;Amphibiaweb;;Wells 2007;Han & Fu 2013;Han & Fu 2013;;
Ameerega_silverstonei;Dendrobatidae;Agastorophrynia;male-only care ;1;2;2;1;0;0;3;3;0;0;0;1;absent;42,3;35,9;39,1;-0,07;2;0,3;30;1,48;94,2;1,97;Amphibiaweb;Gomez-Mestre et al. 2012;Gomez-Mestre et al. 2012;Gomez-Mestre et al. 2012, Han & Fu 2013;Han & Fu 2013;Gomez-Mestre et al. 2012, Han & Fu 2013;Gomez-Mestre et al. 2012, Han & Fu 2013
Ameerega_smaragdina;Dendrobatidae;Agastorophrynia;male-only care ;1;2;2;1;0;0;3;3;0;0;0;NA;absent;NA;NA;NA;NA;NA;NA;NA;NA;NA;NA;Wells 2007;;Wells 2007;;;;
Ameerega_trivittata;Dendrobatidae;Agastorophrynia;male-only care ;1;2;2;1;0;0;3;3;0;0;0;1;absent;46,05;37,9;41,98;-0,08;3,075;0,49;48;1,68;356,29;2,55;Amphibiaweb;Gomez-Mestre et al. 2012;Gomez-Mestre et al. 2012;Gomez-Mestre et al. 2012, Han & Fu 2013;Han & Fu 2013;Gomez-Mestre et al. 2012, Han & Fu 2013, Summers et al. 2006;Gomez-Mestre et al. 2012, Han & Fu 2013
Amietia_angolensis;Pyxicephalidae;Natatanura;no care;0;0;0;0;0;0;0;0;0;0;0;0;absent;NA;NA;NA;NA;1,5;0,18;NA;NA;NA;NA;Gomez-Mestre et al. 2012, Han & Fu 2013;Gomez-Mestre et al. 2297;Gomez-Mestre et al. 2012;;;Summers et al. 2006;
Amietia_fuscigula;Pyxicephalidae;Natatanura;no care;0;0;0;0;0;0;0;0;0;0;0;NA;absent;NA;NA;NA;NA;1,5;0,18;15000;4,18;26493,75;4,42;Han & Fu 2013;;Amphibiaweb;;;Summers et al. 2006;Han & Fu 2013
Amietia_vertebralis;Pyxicephalidae;Natatanura;no care;0;0;0;0;0;0;0;0;0;0;0;0;absent;NA;NA;NA;NA;NA;NA;NA;NA;NA;NA;Gomez-Mestre et al. 2012;Gomez-Mestre et al. 2322;Gomez-Mestre et al. 2012;;;;
Amietophrynus_garmani;Bufonidae;Agastorophrynia;no care;0;0;0;0;0;0;0;0;0;0;0;0;absent;115;NA;NA;NA;1,1;0,04;16000;4,2;15197,6;4,18;Gomez-Mestre et al. 2012, Han & Fu 2013, Summers et al. 2006;Gomez-Mestre et al. 2281;Gomez-Mestre et al. 2012;Gomez-Mestre et al. 2012;;Gomez-Mestre et al. 2012, Han & Fu 2013, Summers et al. 2006;Gomez-Mestre et al. 2012
Amietophrynus_gutturalis;Bufonidae;Agastorophrynia;no care;0;0;0;0;0;0;0;0;0;0;0;0;absent;102,5;NA;NA;NA;1,475;0,17;20000;4,3;34157,31;4,53;Gomez-Mestre et al. 2012, Han & Fu 2013, Summers et al. 2006;Gomez-Mestre et al. 2270;Gomez-Mestre et al. 2012;Gomez-Mestre et al. 2012;;Gomez-Mestre et al. 2012, Han & Fu 2013, Summers et al. 2006;Gomez-Mestre et al. 2012, Han & Fu 2013
Amietophrynus_kisoloensis;Bufonidae;Agastorophrynia;no care;0;0;0;0;0;0;0;0;0;0;0;NA;absent;NA;NA;NA;NA;NA;NA;NA;NA;NA;NA;Han & Fu 2013;;Amphibiaweb;;;;
Amietophrynus_maculatus;Bufonidae;Agastorophrynia;no care;0;0;0;0;0;0;0;0;0;0;0;0;absent;60,5;NA;NA;NA;1,325;0,12;5000;3,7;6890,83;3,84;Gomez-Mestre et al. 2012, Han & Fu 2013, Summers et al. 2006;Gomez-Mestre et al. 2186;Gomez-Mestre et al. 2012;Gomez-Mestre et al. 2012;;Gomez-Mestre et al. 2012, Han & Fu 2013, Summers et al. 2006;Gomez-Mestre et al. 2012
Amietophrynus_mauritanicus;Bufonidae;Agastorophrynia;no care;0;0;0;0;0;0;0;0;0;0;0;NA;absent;NA;NA;NA;NA;1,5;0,18;NA;NA;NA;NA;Gomez-Mestre et al. 2012, Summers et al. 2006;;Amphibiaweb;;;Han & Fu 2013, Summers et al. 2006;
Amietophrynus_pardalis;Bufonidae;Agastorophrynia;no care;0;0;0;0;0;0;0;0;0;0;0;NA;absent;109;94,8;101,9;-0,06;NA;NA;NA;NA;NA;NA;Han & Fu 2013;;Amphibiaweb;Han & Fu 2013;Han & Fu 2013;;
Amietophrynus_rangeri;Bufonidae;Agastorophrynia;no care;0;0;0;0;0;0;0;0;0;0;0;NA;absent;NA;NA;NA;NA;1,3;0,11;NA;NA;NA;NA;Summers et al. 2006;;Amphibiaweb;;;Summers et al. 2006;
Amietophrynus_regularis;Bufonidae;Agastorophrynia;no care;0;0;0;0;0;0;0;0;0;0;0;0;absent;100;NA;NA;NA;1,325;0,12;13000;4,11;17916,15;4,25;Gomez-Mestre et al. 2012, Han & Fu 2013, Summers et al. 2006;Gomez-Mestre et al. 2266;Gomez-Mestre et al. 2012;Gomez-Mestre et al. 2012;;Gomez-Mestre et al. 2012, Han & Fu 2013, Summers et al. 2006;Gomez-Mestre et al. 2012, Han & Fu 2013
Amietophrynus_xeros;Bufonidae;Agastorophrynia;no care;0;0;0;0;0;0;0;0;0;0;0;NA;absent;NA;NA;NA;NA;NA;NA;NA;NA;NA;NA;Han & Fu 2013;;Amphibiaweb;;;;
Amnirana_galamensis;Ranidae;Natatanura;no care;0;0;0;0;0;0;0;0;0;0;0;0;absent;74;NA;NA;NA;1,7;0,23;3817,5;3,58;8660,57;3,94;Gomez-Mestre et al. 2012, Han & Fu 2013;Gomez-Mestre et al. 2224;Gomez-Mestre et al. 2012;Gomez-Mestre et al. 2012;;Gomez-Mestre et al. 2012, Han & Fu 2013;Gomez-Mestre et al. 2012, Han & Fu 2013
Amolops_chunganensis;Ranidae;Natatanura;no care;0;0;0;0;0;0;0;0;0;0;0;NA;absent;48,1;39,6;43,85;-0,08;2,9;0,46;436;2,64;2878,41;3,46;Han & Fu 2013, Summers et al. 2006;;Amphibiaweb;Han & Fu 2013;Han & Fu 2013;Han & Fu 2013;Han & Fu 2013
Amolops_cremnobatus;Ranidae;Natatanura;no care;0;0;0;0;0;0;0;0;0;0;0;1;absent;NA;NA;NA;NA;3,6;0,56;NA;NA;NA;NA;Gomez-Mestre et al. 2012, Han & Fu 2013;Gomez-Mestre et al. 2012;Gomez-Mestre et al. 2012;;;Han & Fu 2013;
Amolops_daiyunensis;Ranidae;Natatanura;no care;0;0;0;0;0;0;0;0;0;0;0;NA;absent;54,5;49,4;51,95;-0,04;2,5;0,4;NA;NA;NA;NA;Han & Fu 2013;;Amphibiaweb;Han & Fu 2013;Han & Fu 2013;Han & Fu 2013;
Amolops_granulosus;Ranidae;Natatanura;no care;0;0;0;0;0;0;0;0;0;0;0;NA;absent;51,9;39,8;45,85;-0,12;NA;NA;NA;NA;NA;NA;Han & Fu 2013;;Amphibiaweb;Han & Fu 2013;Han & Fu 2013;;
Amolops_hainanensis;Ranidae;Natatanura;no care;0;0;0;0;0;0;0;0;0;0;0;1;absent;72,9;80,4;76,65;0,04;2,7;0,43;NA;NA;NA;NA;Gomez-Mestre et al. 2012, Han & Fu 2013;Amphibiaweb;Amphibiaweb;Han & Fu 2013;Han & Fu 2013;Han & Fu 2013;
Amolops_lifanensis;Ranidae;Natatanura;no care;0;0;0;0;0;0;0;0;0;0;0;NA;absent;71,1;54,2;62,65;-0,12;4;0,6;NA;NA;NA;NA;Han & Fu 2013;;Amphibiaweb;Han & Fu 2013;Han & Fu 2013;Han & Fu 2013;
Amolops_loloensis;Ranidae;Natatanura;no care;0;0;0;0;0;0;0;0;0;0;0;NA;absent;74,2;58,3;66,25;-0,1;4;0,6;153;2,18;1921,68;3,28;Han & Fu 2013;;Amphibiaweb;Han & Fu 2013;Han & Fu 2013;Han & Fu 2013;Han & Fu 2013
Amolops_mantzorum;Ranidae;Natatanura;no care;0;0;0;0;0;0;0;0;0;0;0;NA;absent;65,8;52,2;59;-0,1;2,5;0,4;NA;NA;NA;NA;Han & Fu 2013;;Amphibiaweb;Han & Fu 2013;Han & Fu 2013;Han & Fu 2013;
Amolops_marmoratus;Ranidae;Natatanura;no care;0;0;0;0;0;0;0;0;0;0;0;0;absent;NA;NA;NA;NA;NA;NA;NA;NA;NA;NA;Gomez-Mestre et al. 2012;Gomez-Mestre et al. 2323;Gomez-Mestre et al. 2012;;;;
Amolops_panhai;Ranidae;Natatanura;no care;0;0;0;0;0;0;0;0;0;0;0;0;absent;NA;NA;NA;NA;NA;NA;NA;NA;NA;NA;Gomez-Mestre et al. 2012;Gomez-Mestre et al. 2324;Gomez-Mestre et al. 2012;;;;
Amolops_ricketti;Ranidae;Natatanura;no care;0;0;0;0;0;0;0;0;0;0;0;0;absent;60,7;55,9;58,3;-0,04;3;0,48;990;3;6994,35;3,84;Gomez-Mestre et al. 2012, Han & Fu 2013;Gomez-Mestre et al. 2187;Gomez-Mestre et al. 2012;Han & Fu 2013;Han & Fu 2013;Han & Fu 2013;Han & Fu 2013
Amolops_viridimaculatus;Ranidae;Natatanura;no care;0;0;0;0;0;0;0;0;0;0;0;NA;absent;98;74,8;86,4;-0,12;NA;NA;NA;NA;NA;NA;Han & Fu 2013;;Amphibiaweb;Han & Fu 2013;Han & Fu 2013;;
Amolops_wuyiensis;Ranidae;Natatanura;no care;0;0;0;0;0;0;0;0;0;0;0;NA;absent;48,2;41,8;45;-0,06;2;0,3;600;2,78;1884;3,28;Han & Fu 2013;;Amphibiaweb;Han & Fu 2013;Han & Fu 2013;Han & Fu 2013;Han & Fu 2013
Anaxyrus_americanus;Bufonidae;Agastorophrynia;no care;0;0;0;0;0;0;0;0;0;0;0;0;absent;73,8;53,1;63,45;-0,14;1,35;0,13;6500;3,81;9299,31;3,97;Gomez-Mestre et al. 2012, Han & Fu 2013, Summers et al. 2006;Gomez-Mestre et al. 2222;Gomez-Mestre et al. 2012;Gomez-Mestre et al. 2012;Han & Fu 2013;Gomez-Mestre et al. 2012, Han & Fu 2013, Summers et al. 2006;Gomez-Mestre et al. 2012, Han & Fu 2013
Anaxyrus_boreas;Bufonidae;Agastorophrynia;no care;0;0;0;0;0;0;0;0;0;0;0;0;absent;92,5;NA;NA;NA;1,675;0,22;8606,5;3,93;18955,09;4,28;Gomez-Mestre et al. 2012, Han & Fu 2013, Summers et al. 2006;Gomez-Mestre et al. 2254;Gomez-Mestre et al. 2012;Gomez-Mestre et al. 2012;;Gomez-Mestre et al. 2012, Han & Fu 2013, Summers et al. 2006;Gomez-Mestre et al. 2012, Han & Fu 2013
Anaxyrus_californicus;Bufonidae;Agastorophrynia;no care;0;0;0;0;0;0;0;0;0;0;0;NA;absent;NA;NA;NA;NA;1,4;0,15;4714;3,67;7252,96;3,86;Han & Fu 2013;;Amphibiaweb;;;Han & Fu 2013;Han & Fu 2013
Anaxyrus_canorus;Bufonidae;Agastorophrynia;no care;0;0;0;0;0;0;0;0;0;0;0;NA;absent;NA;NA;NA;NA;2,1;0,32;NA;NA;NA;NA;Han & Fu 2013, Summers et al. 2006;;Amphibiaweb;;;Han & Fu 2013, Summers et al. 2006;
Anaxyrus_cognatus;Bufonidae;Agastorophrynia;no care;0;0;0;0;0;0;0;0;0;0;0;0;absent;82;NA;NA;NA;1,19;0,08;16186,5;4,21;17993,54;4,26;Gomez-Mestre et al. 2012, Han & Fu 2013, Summers et al. 2006;Gomez-Mestre et al. 2240;Gomez-Mestre et al. 2012;Gomez-Mestre et al. 2012;;Gomez-Mestre et al. 2012, Han & Fu 2013, Summers et al. 2006;Gomez-Mestre et al. 2012, Han & Fu 2013
Anaxyrus_debilis;Bufonidae;Agastorophrynia;no care;0;0;0;0;0;0;0;0;0;0;0;NA;absent;36,5;35,1;35,8;-0,02;1;0;NA;NA;NA;NA;Han & Fu 2013, Summers et al. 2006;;Amphibiaweb;Han & Fu 2013;Han & Fu 2013;Han & Fu 2013, Summers et al. 2006;
Anaxyrus_exsul;Bufonidae;Agastorophrynia;no care;0;0;0;0;0;0;0;0;0;0;0;NA;absent;50,9;51,6;51,25;0,01;NA;NA;NA;NA;NA;NA;Han & Fu 2013;;Amphibiaweb;Han & Fu 2013;Han & Fu 2013;;
Anaxyrus_fowleri;Bufonidae;Agastorophrynia;no care;0;0;0;0;0;0;0;0;0;0;0;NA;absent;71,5;55,7;63,6;-0,11;NA;NA;8000;3,9;NA;NA;Han & Fu 2013;;Amphibiaweb;Han & Fu 2013;Han & Fu 2013;;Han & Fu 2013
Anaxyrus_hemiophrys;Bufonidae;Agastorophrynia;no care;0;0;0;0;0;0;0;0;0;0;0;NA;absent;NA;NA;NA;NA;NA;NA;NA;NA;NA;NA;Han & Fu 2013;;Amphibiaweb;;;;
Anaxyrus_microscaphus;Bufonidae;Agastorophrynia;no care;0;0;0;0;0;0;0;0;0;0;0;0;absent;73;NA;NA;NA;1,475;0,17;4075;3,61;6959,55;3,84;Gomez-Mestre et al. 2012, Han & Fu 2013, Summers et al. 2006;Gomez-Mestre et al. 2220;Gomez-Mestre et al. 2012;Gomez-Mestre et al. 2012;;Gomez-Mestre et al. 2012, Han & Fu 2013, Summers et al. 2006;Gomez-Mestre et al. 2012, Han & Fu 2013
Anaxyrus_nelsoni;Bufonidae;Agastorophrynia;no care;0;0;0;0;0;0;0;0;0;0;0;NA;absent;NA;NA;NA;NA;NA;NA;NA;NA;NA;NA;Han & Fu 2013;;Amphibiaweb;;;;
Anaxyrus_punctatus;Bufonidae;Agastorophrynia;no care;0;0;0;0;0;0;0;0;0;0;0;NA;absent;NA;NA;NA;NA;1,2;0,08;NA;NA;NA;NA;Han & Fu 2013;;Amphibiaweb;;;Han & Fu 2013;
Anaxyrus_quercicus;Bufonidae;Agastorophrynia;no care;0;0;0;0;0;0;0;0;0;0;0;NA;absent;28,9;27,5;28,2;-0,02;0,9975;0;NA;NA;NA;NA;Han & Fu 2013, Summers et al. 2006;;Amphibiaweb;Han & Fu 2013;Han & Fu 2013;Han & Fu 2013, Summers et al. 2006;
Anaxyrus_retiformis;Bufonidae;Agastorophrynia;no care;0;0;0;0;0;0;0;0;0;0;0;NA;absent;52,5;44,4;48,45;-0,07;NA;NA;NA;NA;NA;NA;Han & Fu 2013;;Amphibiaweb;Han & Fu 2013;Han & Fu 2013;;
Anaxyrus_terrestris;Bufonidae;Agastorophrynia;no care;0;0;0;0;0;0;0;0;0;0;0;NA;absent;NA;NA;NA;NA;1,2;0,08;4000;3,6;4521,6;3,66;Han & Fu 2013, Summers et al. 2006;;Amphibiaweb;;;Han & Fu 2013, Summers et al. 2006;Han & Fu 2013
Anaxyrus_woodhousii;Bufonidae;Agastorophrynia;no care;0;0;0;0;0;0;0;0;0;0;0;NA;absent;NA;NA;NA;NA;1,275;0,11;10500;4,02;13399,21;4,13;Han & Fu 2013, Summers et al. 2006;;Amphibiaweb;;;Han & Fu 2013, Summers et al. 2006;Han & Fu 2013
Andinobates_bombetes;Dendrobatidae;Agastorophrynia;male-only care ;1;2;2;1;0;0;3;3;0;0;0;NA;absent;NA;NA;NA;NA;NA;NA;NA;NA;NA;NA;Amphibiaweb;;Wells 2007;;;;
Andinobates_minutus;Dendrobatidae;Agastorophrynia;male-only care ;1;2;2;1;0;0;3;3;0;0;0;NA;absent;13,5;13,2;13,35;-0,01;NA;NA;NA;NA;NA;NA;Amphibiaweb;;Wells 2007;Han & Fu 2013;Han & Fu 2013;;
Andinobates_opisthomelas;Dendrobatidae;Agastorophrynia;male-only care ;1;2;2;1;0;0;3;3;0;0;0;NA;absent;NA;NA;NA;NA;NA;NA;NA;NA;NA;NA;Wells 2007;;Wells 2007;;;;
Andinobates_virolinensis;Dendrobatidae;Agastorophrynia;male-only care ;1;2;2;1;0;0;3;3;0;0;0;NA;absent;NA;NA;NA;NA;NA;NA;NA;NA;NA;NA;IUCN, Amphibiaweb;;Wells 2007;;;;
Anhydrophryne_rattrayi;Pyxicephalidae;Natatanura;male-only care ;1;1;1;1;0;0;1;1;0;2;1;1;present;21,5;NA;NA;NA;2,5;0,4;15,25;1,18;74,82;1,87;IUCN;IUCN;IUCN;Gomez-Mestre et al. 2012;;Gomez-Mestre et al. 2012, Summers et al. 2006;Gomez-Mestre et al. 2012, Han & Fu 2013
Anodonthyla_boulengeri;Microhylidae;Microhylidae;male-only care ;1;1;1;1;0;0;2;2;0;2;1;NA;absent;NA;NA;NA;NA;NA;NA;NA;NA;NA;NA;Amphibiaweb, Wells 2007;;Amphibiaweb;;;;
Anodonthyla_montana;Microhylidae;Microhylidae;male-only care ;1;1;1;1;0;0;2;2;0;2;1;0;absent;NA;NA;NA;NA;NA;NA;NA;NA;NA;NA;Amphibiaweb;Gomez-Mestre et al. 2325;Gomez-Mestre et al. 2012;;;;
Anodonthyla_nigrigularis;Microhylidae;Microhylidae;male-only care ;1;2;2;1;0;0;2;2;0;NA;NA;NA;absent;NA;NA;NA;NA;NA;NA;NA;NA;NA;NA;Amphibiaweb;;Amphibiaweb;;;;
Anodonthyla_rouxae;Microhylidae;Microhylidae;male-only care ;1;1;1;1;0;0;2;2;0;2;1;0;absent;26;NA;NA;NA;2,5;0,4;31,5;1,5;154,55;2,19;Amphibiaweb;Amphibiaweb;Gomez-Mestre et al. 2012;Gomez-Mestre et al. 2012;;Gomez-Mestre et al. 2012;Gomez-Mestre et al. 2012
Anomaloglossus_beebei;Dendrobatidae;Agastorophrynia;male-only care ;1;2;2;1;2;1;2;2;0;1;1;NA;absent;NA;NA;NA;NA;2,05;0,31;4;0,6;13,2;1,12;Bourne et al 2001;;Amphibiaweb;;;Han & Fu 2013, Summers et al. 2006;Han & Fu 2013
Anomaloglossus_degranvillei;Dendrobatidae;Agastorophrynia;either parent;1;2;2;1;2;1;3;3;3;2;1;NA;absent;NA;NA;NA;NA;NA;NA;NA;NA;NA;NA;Amphibiaweb / Wells 2007;;Wells 2007;;;;
Anomaloglossus_stepheni;Dendrobatidae;Agastorophrynia;male-only care ;1;2;2;1;0;0;2;2;0;2;1;1;absent;17;16;16,5;-0,03;2;0,3;4,5;0,65;14,13;1,15;Amphibiaweb;Amphibiaweb;Gomez-Mestre et al. 2012;Gomez-Mestre et al. 2012, Han & Fu 2013;Han & Fu 2013;Gomez-Mestre et al. 2012, Summers et al. 2006;Gomez-Mestre et al. 2012
Anotheca_spinosa;Hylidae;Hylidae;NA;NA;1;NA;NA;NA;NA;NA;NA;NA;1;1;0;absent;66,2;61,1;63,65;-0,03;1,625;0,21;247,75;2,39;513,56;2,71;Amphibiaweb, Wells 2007;Amphibiaweb;Gomez-Mestre et al. 2012;Gomez-Mestre et al. 2012, Han & Fu 2013;Han & Fu 2013;Gomez-Mestre et al. 2012, Han & Fu 2013, Summers et al. 2006;Gomez-Mestre et al. 2012, Han & Fu 2013
Aphantophryne_pansa;Microhylidae;Microhylidae;male-only care ;1;3;3;1;0;0;3;3;0;2;1;1;present;NA;NA;NA;NA;NA;NA;17;1,23;NA;NA;Amphibiaweb, Köhler & Günther 2008;Amphibiaweb;Gomez-Mestre et al. 2012;;;;Han & Fu 2013
Aplastodiscus_perviridis;Hylidae;Hylidae;male-only care ;1;1;1;1;0;0;1;1;0;1;1;0;absent;43;NA;NA;NA;1,8;0,26;210,75;2,32;536,02;2,73;Amphibiaweb;Amphibiaweb;Gomez-Mestre et al. 2012;Gomez-Mestre et al. 2012;;Gomez-Mestre et al. 2012, Han & Fu 2013;Gomez-Mestre et al. 2012, Han & Fu 2013
Arenophryne_rotunda;Myobatrachidae;Australobatrachia;biparental care;2;1;1;1;1;1;1;1;1;2;1;NA;present;NA;NA;NA;NA;5,5;0,74;11;1,04;261,21;2,42;Wikipedia;;Amphibiaweb;;;Summers et al. 2006;Amphibiaweb
Aromobates_alboguttatus;Dendrobatidae;Agastorophrynia;male-only care ;1;2;2;1;0;0;3;3;0;0;0;NA;absent;NA;NA;NA;NA;NA;NA;NA;NA;NA;NA;Stuart et al. 2008;;Stuart et al. 2008;;;;
Aromobates_duranti;Dendrobatidae;Agastorophrynia;male-only care ;1;2;2;1;0;0;3;3;0;0;0;NA;absent;NA;NA;NA;NA;NA;NA;NA;NA;NA;NA;Stuart et al. 2008;;Stuart et al. 2008;;;;
Aromobates_haydeeae;Dendrobatidae;Agastorophrynia;male-only care ;1;2;2;1;0;0;3;3;0;0;0;NA;absent;NA;NA;NA;NA;NA;NA;NA;NA;NA;NA;Stuart et al. 2008;;Stuart et al. 2008;;;;
Aromobates_mayorgai;Dendrobatidae;Agastorophrynia;male-only care ;1;2;2;1;0;0;3;3;0;0;0;NA;absent;NA;NA;NA;NA;NA;NA;NA;NA;NA;NA;Stuart et al. 2008;;Stuart et al. 2008;;;;
Aromobates_meridensis;Dendrobatidae;Agastorophrynia;male-only care ;1;2;2;1;0;0;3;3;0;0;0;NA;absent;NA;NA;NA;NA;NA;NA;NA;NA;NA;NA;Stuart et al. 2008;;Stuart et al. 2008;;;;
Aromobates_molinarii;Dendrobatidae;Agastorophrynia;male-only care ;1;2;2;1;0;0;3;3;0;0;0;NA;absent;NA;NA;NA;NA;NA;NA;NA;NA;NA;NA;Stuart et al. 2008;;Stuart et al. 2008;;;;
Aromobates_nocturnus;Dendrobatidae;Agastorophrynia;male-only care ;1;2;2;1;0;0;3;3;0;0;0;NA;absent;NA;NA;NA;NA;NA;NA;NA;NA;NA;NA;Stuart et al. 2008;;Stuart et al. 2008;;;;
Aromobates_orostoma;Dendrobatidae;Agastorophrynia;male-only care ;1;2;2;1;0;0;3;3;0;0;0;NA;absent;NA;NA;NA;NA;NA;NA;NA;NA;NA;NA;Stuart et al. 2008;;Stuart et al. 2008;;;;
Aromobates_saltuensis;Dendrobatidae;Agastorophrynia;male-only care ;1;2;2;1;0;0;3;3;0;0;0;NA;absent;NA;NA;NA;NA;NA;NA;NA;NA;NA;NA;Stuart et al. 2008;;Stuart et al. 2008;;;;
Aromobates_serranus;Dendrobatidae;Agastorophrynia;male-only care ;1;2;2;1;0;0;3;3;0;0;0;NA;absent;NA;NA;NA;NA;NA;NA;NA;NA;NA;NA;Stuart et al. 2008;;Stuart et al. 2008;;;;
Arthroleptella_bicolor;Pyxicephalidae;Natatanura;male-only care ;1;1;1;1;0;0;2;2;0;2;1;1;present;22;NA;NA;NA;3,5;0,54;9;0,95;86,55;1,94;Amphibiaweb;Amphibiaweb;Gomez-Mestre et al. 2012;Gomez-Mestre et al. 2012;;Gomez-Mestre et al. 2012;Gomez-Mestre et al. 2012
Arthroleptella_hewitti;Pyxicephalidae;Natatanura;no care;0;0;0;0;0;0;0;0;0;0;0;NA;absent;NA;NA;NA;NA;3;0,48;NA;NA;NA;NA;Summers et al. 2006;;Amphibiaweb;;;Summers et al. 2006;
Arthroleptella_lightfooti;Pyxicephalidae;Natatanura;no care;0;0;0;0;0;0;0;0;0;0;0;NA;absent;NA;NA;NA;NA;4,25;0,63;NA;NA;NA;NA;Summers et al. 2006;;Amphibiaweb;;;Summers et al. 2006;
Arthroleptides_martiensseni;Petropedetidae;Natatanura;no care;0;0;0;0;0;0;0;0;0;0;0;1;absent;NA;NA;NA;NA;NA;NA;NA;NA;NA;NA;Gomez-Mestre et al. 2012;Gomez-Mestre et al. 2012;Gomez-Mestre et al. 2012;;;;
Arthroleptis_poecilonotus;Arthroleptidae;Afrobatrachia;no care;0;0;0;0;0;0;0;0;0;2;1;1;present;30,5;NA;NA;NA;3,95;0,6;20;1,3;244,96;2,39;Gomez-Mestre et al. 2012;Gomez-Mestre et al. 2012;Gomez-Mestre et al. 2012;Gomez-Mestre et al. 2012;;Gomez-Mestre et al. 2012;Gomez-Mestre et al. 2012
Arthroleptis_schubotzi;Arthroleptidae;Afrobatrachia;no care;0;0;0;0;0;0;0;0;0;2;1;1;present;23;NA;NA;NA;3;0,48;14,5;1,16;102,44;2,01;Gomez-Mestre et al. 2012;Gomez-Mestre et al. 2012;Gomez-Mestre et al. 2012;Gomez-Mestre et al. 2012;;Gomez-Mestre et al. 2012;Gomez-Mestre et al. 2012
Arthroleptis_xenodactyloides;Arthroleptidae;Afrobatrachia;male-only care ;1;1;1;1;0;0;2;2;0;2;1;1;present;22;NA;NA;NA;4;0,6;20;1,3;251,2;2,4;Amphibiaweb;Amphibiaweb;Gomez-Mestre et al. 2012;Gomez-Mestre et al. 2012;;Gomez-Mestre et al. 2012;Gomez-Mestre et al. 2012
Ascaphus_montanus;Ascaphidae;Leiopelmatoidea;no care;0;0;0;0;0;0;0;0;0;0;0;0;absent;43,5;NA;NA;NA;3,9;0,59;65;1,81;776,09;2,89;Gomez-Mestre et al. 2012;Gomez-Mestre et al. 2105;Gomez-Mestre et al. 2012;Gomez-Mestre et al. 2012;;Gomez-Mestre et al. 2012;Gomez-Mestre et al. 2012
Ascaphus_truei;Ascaphidae;Leiopelmatoidea;no care;0;0;0;0;0;0;0;0;0;0;0;0;absent;45,5;NA;NA;NA;4,3;0,63;45,5;1,66;660,42;2,82;Gomez-Mestre et al. 2012, Han & Fu 2013, Summers et al. 2006;Gomez-Mestre et al. 2120;Gomez-Mestre et al. 2012;Gomez-Mestre et al. 2012;;Gomez-Mestre et al. 2012, Summers et al. 2006;Gomez-Mestre et al. 2012
Assa_darlingtoni;Myobatrachidae;Australobatrachia;biparental care;2;2;2;1;1;1;4;4;2;0;0;1;absent;25;NA;NA;NA;2,425;0,38;10,5;1,02;48,47;1,69;Wikipedia, Amphibiaweb;Gomez-Mestre et al. 2024;Gomez-Mestre et al. 2012;Gomez-Mestre et al. 2012;;Gomez-Mestre et al. 2012, Summers et al. 2006;Gomez-Mestre et al. 2012
Atelognathus_patagonicus;Ceratophryidae;Crown_Hyloidea;no care;0;0;0;0;0;0;0;0;0;0;0;0;absent;NA;NA;NA;NA;NA;NA;NA;NA;NA;NA;Gomez-Mestre et al. 2012;Gomez-Mestre et al. 2309;Gomez-Mestre et al. 2012;;;;
Atelopus_carbonerensis;Bufonidae;Agastorophrynia;no care;0;0;0;0;0;0;0;0;0;0;0;NA;absent;NA;NA;NA;NA;1,5;0,18;NA;NA;NA;NA;Summers et al. 2006;;Amphibiaweb;;;Summers et al. 2006;
Atelopus_chiriquiensis;Bufonidae;Agastorophrynia;no care;0;0;0;0;0;0;0;0;0;0;0;NA;absent;42,5;31;36,75;-0,14;2,1;0,32;364;2,56;1260,11;3,1;Han & Fu 2013;;Amphibiaweb;Han & Fu 2013;Han & Fu 2013;Han & Fu 2013;Han & Fu 2013
Atelopus_spumarius;Bufonidae;Agastorophrynia;no care;0;0;0;0;0;0;0;0;0;0;0;0;absent;35;27,5;31,25;-0,1;2;0,3;NA;NA;NA;NA;Gomez-Mestre et al. 2012, Han & Fu 2013, Summers et al. 2006;Gomez-Mestre et al. 2066;Amphibiaweb;Han & Fu 2013;Han & Fu 2013;Han & Fu 2013, Summers et al. 2006;
Atelopus_varius;Bufonidae;Agastorophrynia;no care;0;0;0;0;0;0;0;0;0;0;0;NA;absent;40,5;33;36,75;-0,09;2,4;0,38;950;2,98;4295,52;3,63;Han & Fu 2013;;Amphibiaweb;Han & Fu 2013;Han & Fu 2013;Han & Fu 2013;Han & Fu 2013
Austrochaperina_blumi;Microhylidae;Microhylidae;male-only care ;1;2;2;1;0;0;2;2;0;2;1;NA;present;NA;NA;NA;NA;NA;NA;NA;NA;NA;NA;Amphibiaweb, Wells 2007;;Amphibiaweb;;;;
Austrochaperina_brevipes;Microhylidae;Microhylidae;male-only care ;1;1;1;1;0;0;2;2;0;2;1;NA;present;NA;NA;NA;NA;NA;NA;NA;NA;NA;NA;Amphibiaweb, Wells 2007;;Amphibiaweb;;;;
Austrochaperina_fryi;Microhylidae;Microhylidae;male-only care ;1;1;1;1;0;0;2;2;0;2;1;NA;present;NA;NA;NA;NA;NA;NA;12;1,08;NA;NA;Amphibiaweb, Wells 2007;;Amphibiaweb;;;;Amphibiaweb
Austrochaperina_macrorhyncha;Microhylidae;Microhylidae;male-only care ;1;1;1;1;0;0;2;2;0;2;1;NA;present;NA;NA;NA;NA;NA;NA;NA;NA;NA;NA;Amphibiaweb, Wells 2007;;Amphibiaweb;;;;
Austrochaperina_mehelyi;Microhylidae;Microhylidae;female-only care ;1;1;0;0;1;1;NA;0;NA;2;1;NA;present;NA;NA;NA;NA;NA;NA;NA;NA;NA;NA;Amphibiaweb, Wells 2007;;Amphibiaweb;;;;
Austrochaperina_palmipes;Microhylidae;Microhylidae;male-only care ;1;1;1;1;0;0;2;2;0;2;1;NA;present;NA;NA;NA;NA;NA;NA;12;1,08;NA;NA;Amphibiaweb, Wells 2007;;Amphibiaweb;;;;IUCN
Babina_holsti;Ranidae;Natatanura;no care;0;0;0;0;0;0;0;0;0;0;0;0;absent;103;118,7;110,85;0,06;2,425;0,38;25;1,4;115,41;2,06;Gomez-Mestre et al. 2012, Han & Fu 2013;Gomez-Mestre et al. 2272;Gomez-Mestre et al. 2012;Gomez-Mestre et al. 2012, Han & Fu 2013;Han & Fu 2013;Gomez-Mestre et al. 2012, Han & Fu 2013;Gomez-Mestre et al. 2012
Babina_okinavana;Ranidae;Natatanura;NA;NA;1;NA;NA;NA;NA;1;NA;NA;0;0;0;absent;43,5;40,2;41,85;-0,03;NA;NA;259;2,41;NA;NA;IUCN;Amphibiaweb;IUCN;Han & Fu 2013;Han & Fu 2013;;Han & Fu 2013
Babina_pleuraden;Ranidae;Natatanura;no care;0;0;0;0;0;0;0;0;0;0;0;NA;absent;49,8;51;50,4;0,01;2;0,3;606;2,78;1902,84;3,28;Han & Fu 2013;;Amphibiaweb;Han & Fu 2013;Han & Fu 2013;Han & Fu 2013;Han & Fu 2013
Barbourula_busuangensis;Bombinatoridae;Costata;no care;0;0;0;0;0;0;0;0;0;0;0;NA;absent;85,3;84,8;85,05;0;5,9;0,77;78;1,89;2131,42;3,33;Han & Fu 2013;;Amphibiaweb;Han & Fu 2013;Han & Fu 2013;Han & Fu 2013;Han & Fu 2013
Barygenys_flavigularis;Microhylidae;Microhylidae;male-only care ;1;1;1;1;0;0;2;2;0;2;1;1;present;NA;NA;NA;NA;NA;NA;NA;NA;NA;NA;Amphibiaweb, Wells 2007;Amphibiaweb;Amphibiaweb;;;;
Blommersia_wittei;Mantellidae;Natatanura;no care;0;0;0;0;0;0;0;0;0;0;0;1;absent;24,5;NA;NA;NA;1,45;0,16;70;1,85;115,53;2,06;Gomez-Mestre et al. 2012;Gomez-Mestre et al. 2018;Gomez-Mestre et al. 2012;Gomez-Mestre et al. 2012;;Gomez-Mestre et al. 2012;Gomez-Mestre et al. 2012
Bokermannohyla_circumdata;Hylidae;Hylidae;no care;0;0;0;0;0;0;0;0;0;0;0;0;absent;63;63;63;0;NA;NA;NA;NA;NA;NA;Gomez-Mestre et al. 2012;Gomez-Mestre et al. 2190;Gomez-Mestre et al. 2012;Han & Fu 2013;Han & Fu 2013;;
Bokermannohyla_hylax;Hylidae;Hylidae;no care;0;0;0;0;0;0;0;0;0;0;0;0;absent;NA;NA;NA;NA;NA;NA;NA;NA;NA;NA;Gomez-Mestre et al. 2012;Gomez-Mestre et al. 2310;Gomez-Mestre et al. 2012;;;;
Bombina_bombina;Bombinatoridae;Costata;no care;0;0;0;0;0;0;0;0;0;0;0;0;absent;44,5;NA;NA;NA;1,8725;0,27;123,75;2,09;340,61;2,53;Gomez-Mestre et al. 2012, Han & Fu 2013, Summers et al. 2006;Gomez-Mestre et al. 2113;Gomez-Mestre et al. 2012;Gomez-Mestre et al. 2012;;Gomez-Mestre et al. 2012, Han & Fu 2013, Summers et al. 2006;Gomez-Mestre et al. 2012, Han & Fu 2013
Bombina_maxima;Bombinatoridae;Costata;no care;0;0;0;0;0;0;0;0;0;0;0;NA;absent;50,9;49,2;50,05;-0,01;3,5;0,54;NA;NA;NA;NA;Summers et al. 2006;;Amphibiaweb;Han & Fu 2013;Han & Fu 2013;Han & Fu 2013;
Bombina_orientalis;Bombinatoridae;Costata;no care;0;0;0;0;0;0;0;0;0;0;0;0;absent;39,75;42,1;40,93;0,02;1,75;0,24;165;2,22;396,67;2,6;Gomez-Mestre et al. 2012, Han & Fu 2013;Gomez-Mestre et al. 2081;Gomez-Mestre et al. 2012;Gomez-Mestre et al. 2012, Han & Fu 2013;Han & Fu 2013;Gomez-Mestre et al. 2012, Han & Fu 2013;Gomez-Mestre et al. 2012, Han & Fu 2013
Bombina_variegata;Bombinatoridae;Costata;no care;0;0;0;0;0;0;0;0;0;0;0;0;absent;44,6;NA;NA;NA;2;0,3;84,75;1,93;266,12;2,43;Gomez-Mestre et al. 2012, Han & Fu 2013;Gomez-Mestre et al. 2114;Gomez-Mestre et al. 2012;Gomez-Mestre et al. 2012;;Gomez-Mestre et al. 2012;Gomez-Mestre et al. 2012
Boophis_albilabris;Mantellidae;Natatanura;no care;0;0;0;0;0;0;0;0;0;0;0;0;absent;74,5;NA;NA;NA;2,5;0,4;421;2,62;2065,53;3,32;Gomez-Mestre et al. 2012, Summers et al. 2006;Gomez-Mestre et al. 2228;Gomez-Mestre et al. 2012;Gomez-Mestre et al. 2012;;Gomez-Mestre et al. 2012;Gomez-Mestre et al. 2012
Boophis_erythrodactylus;Mantellidae;Natatanura;no care;0;0;0;0;0;0;0;0;0;0;0;NA;absent;NA;NA;NA;NA;2;0,3;NA;NA;NA;NA;Summers et al. 2006;;Amphibiaweb;;;Summers et al. 2006;
Boophis_goudotii;Mantellidae;Natatanura;no care;0;0;0;0;0;0;0;0;0;0;0;NA;absent;80;50;65;-0,2;2;0,3;1000;3;3140;3,5;Han & Fu 2013;;Amphibiaweb;Han & Fu 2013;Han & Fu 2013;Han & Fu 2013;Han & Fu 2013
Boophis_luteus;Mantellidae;Natatanura;no care;0;0;0;0;0;0;0;0;0;0;0;0;absent;50,75;38,5;44,63;-0,12;2,125;0,33;157,5;2,2;558,3;2,75;Gomez-Mestre et al. 2012, Han & Fu 2013, Summers et al. 2006;Gomez-Mestre et al. 2142;Gomez-Mestre et al. 2012;Gomez-Mestre et al. 2012, Han & Fu 2013;Han & Fu 2013;Gomez-Mestre et al. 2012, Han & Fu 2013, Summers et al. 2006;Gomez-Mestre et al. 2012, Han & Fu 2013
Boophis_madagascariensis;Mantellidae;Natatanura;no care;0;0;0;0;0;0;0;0;0;0;0;0;absent;70;NA;NA;NA;3;0,48;405;2,61;2861,33;3,46;Gomez-Mestre et al. 2012, Summers et al. 2006;Gomez-Mestre et al. 2214;Gomez-Mestre et al. 2012;Gomez-Mestre et al. 2012;Han & Fu 2013;Gomez-Mestre et al. 2012, Summers et al. 2006;Gomez-Mestre et al. 2012
Boophis_occidentalis;Mantellidae;Natatanura;no care;0;0;0;0;0;0;0;0;0;0;0;0;absent;51;NA;NA;NA;2,35;0,37;1342;3,13;5817,79;3,76;Gomez-Mestre et al. 2012;Gomez-Mestre et al. 2147;Gomez-Mestre et al. 2012;Gomez-Mestre et al. 2012;;Gomez-Mestre et al. 2012;Gomez-Mestre et al. 2012
Boophis_rappiodes;Mantellidae;Natatanura;no care;0;0;0;0;0;0;0;0;0;0;0;NA;absent;32;24;28;-0,12;2;0,3;260;2,41;816,4;2,91;Han & Fu 2013;;Amphibiaweb;Han & Fu 2013;Han & Fu 2013;Han & Fu 2013;Han & Fu 2013
Boophis_tephraeomystax;Mantellidae;Natatanura;no care;0;0;0;0;0;0;0;0;0;0;0;0;absent;45,5;38,5;42;-0,07;1,4;0,15;NA;NA;NA;NA;Han & Fu 2013;Amphibiaweb;Gomez-Mestre et al. 2012;Han & Fu 2013;Han & Fu 2013;Han & Fu 2013;
Boophis_xerophilus;Mantellidae;Natatanura;no care;0;0;0;0;0;0;0;0;0;0;0;0;absent;NA;NA;NA;NA;NA;NA;NA;NA;NA;NA;Gomez-Mestre et al. 2012;Gomez-Mestre et al. 2326;Gomez-Mestre et al. 2012;;;;
Brachycephalus_ephippium;Brachycephalidae;Terrarana;no care;0;0;0;0;0;0;0;0;0;2;1;1;present;16,1;NA;NA;NA;5,2;0,72;5;0,7;106,13;2,03;Gomez-Mestre et al. 2012, Summers et al. 2006;Gomez-Mestre et al. 2012;Gomez-Mestre et al. 2012;Gomez-Mestre et al. 2012;;Gomez-Mestre et al. 2012, Summers et al. 2006;Gomez-Mestre et al. 2012
Brachytarsophrys_feae;Megophryidae;Anomocoela;no care;0;0;0;0;0;0;0;0;0;0;0;0;absent;101,2;95,6;98,4;-0,02;4,5;0,65;1000;3;15896,25;4,2;Han & Fu 2013;Amphibiaweb;Amphibiaweb;Han & Fu 2013;Han & Fu 2013;Han & Fu 2013;Han & Fu 2013
Brachytarsophrys_intermedia;Megophryidae;Anomocoela;male-only care ;1;1;1;1;0;0;2;2;0;0;0;NA;absent;NA;NA;NA;NA;NA;NA;NA;NA;NA;NA;IUCN, Wells 2007;;IUCN;;;;
Breviceps_adspersus;Brevicipitidae;Afrobatrachia;female-only care ;1;1;0;0;1;1;2;0;2;2;1;NA;present;NA;NA;NA;NA;4,5;0,65;NA;NA;NA;NA;Amphibiaweb, Wells 2007;;Amphibiaweb;;;Summers et al. 2006;
Breviceps_fuscus;Brevicipitidae;Afrobatrachia;male-only care ;1;1;1;1;0;0;2;2;0;2;1;1;present;51;NA;NA;NA;5;0,7;42,5;1,63;834,06;2,92;Amphibiaweb;Amphibiaweb;Gomez-Mestre et al. 2012;Gomez-Mestre et al. 2012;;Gomez-Mestre et al. 2012, Summers et al. 2006;Gomez-Mestre et al. 2012
Breviceps_gibbosus;Brevicipitidae;Afrobatrachia;NA;NA;1;NA;NA;NA;NA;NA;NA;NA;2;1;NA;present;NA;NA;NA;NA;NA;NA;NA;NA;NA;NA;IUCN;;IUCN;;;;
Breviceps_mossambicus;Brevicipitidae;Afrobatrachia;female-only care ;1;1;0;0;1;1;2;0;2;2;1;1;present;44,5;NA;NA;NA;5;0,7;25;1,4;490,63;2,69;Muller et al. 2007;Amphibiaweb;Gomez-Mestre et al. 2012;Gomez-Mestre et al. 2012;;Gomez-Mestre et al. 2012, Han & Fu 2013;Gomez-Mestre et al. 2012, Han & Fu 2013
Breviceps_sylvestris;Brevicipitidae;Afrobatrachia;female-only care ;1;1;0;0;1;1;2;0;2;2;1;NA;present;NA;NA;NA;NA;NA;NA;NA;NA;NA;NA;Amphibiaweb;;Amphibiaweb;;;;
Bryophryne_cophites;Craugastoridae;Terrarana;female-only care ;1;1;0;0;1;1;2;0;2;2;1;1;present;25,45;NA;NA;NA;4;0,6;20;1,3;251,2;2,4;IUCN;Amphibiaweb;Gomez-Mestre et al. 2012;Gomez-Mestre et al. 2012;;Gomez-Mestre et al. 2012;Gomez-Mestre et al. 2012
Buergeria_buergeri;Rhacophoridae;Natatanura;no care;0;0;0;0;0;0;0;0;0;0;0;0;absent;60,1;36,5;48,3;-0,22;1,3;0,11;418;2,62;554,54;2,74;Gomez-Mestre et al. 2012, Han & Fu 2013;Gomez-Mestre et al. 2183;Gomez-Mestre et al. 2012;Gomez-Mestre et al. 2012, Han & Fu 2013;Han & Fu 2013;Gomez-Mestre et al. 2012, Han & Fu 2013;Gomez-Mestre et al. 2012
Buergeria_japonica;Rhacophoridae;Natatanura;no care;0;0;0;0;0;0;0;0;0;0;0;0;absent;33,45;29,9;31,68;-0,05;1,3;0,11;332;2,52;440,45;2,64;Gomez-Mestre et al. 2012, Han & Fu 2013;Gomez-Mestre et al. 2063;Gomez-Mestre et al. 2012;Gomez-Mestre et al. 2012, Han & Fu 2013;Han & Fu 2013;Gomez-Mestre et al. 2012, Han & Fu 2013;Gomez-Mestre et al. 2012, Han & Fu 2013
Buergeria_oxycephala;Rhacophoridae;Natatanura;no care;0;0;0;0;0;0;0;0;0;0;0;NA;absent;64,5;36,5;50,5;-0,25;1,5;0,18;NA;NA;NA;NA;Han & Fu 2013;;Gomez-Mestre et al. 2012;Han & Fu 2013;Han & Fu 2013;Han & Fu 2013;
Buergeria_robusta;Rhacophoridae;Natatanura;no care;0;0;0;0;0;0;0;0;0;0;0;0;absent;66,05;50,2;58,13;-0,12;1,95;0,29;350;2,54;1044,74;3,02;IUCN;Amphibiaweb;Gomez-Mestre et al. 2012;Gomez-Mestre et al. 2012, Han & Fu 2013;Han & Fu 2013;Gomez-Mestre et al. 2012, Han & Fu 2013;Gomez-Mestre et al. 2012
Bufo_aspinius;Bufonidae;Agastorophrynia;no care;0;0;0;0;0;0;0;0;0;0;0;NA;absent;95;74,4;84,7;-0,11;NA;NA;2250;3,35;NA;NA;Han & Fu 2013;;Amphibiaweb;Han & Fu 2013;Han & Fu 2013;;Han & Fu 2013
Bufo_bankorensis;Bufonidae;Agastorophrynia;no care;0;0;0;0;0;0;0;0;0;0;0;NA;absent;99;86;92,5;-0,06;1,5;0,18;3725;3,57;6579,28;3,82;Han & Fu 2013;;Amphibiaweb;Han & Fu 2013;Han & Fu 2013;Han & Fu 2013;Han & Fu 2013
Bufo_bufo;Bufonidae;Agastorophrynia;no care;0;0;0;0;0;0;0;0;0;0;0;0;absent;100;NA;NA;NA;2,025;0,31;5166;3,71;16629,31;4,22;Gomez-Mestre et al. 2012, Han & Fu 2013, Summers et al. 2006;Gomez-Mestre et al. 2267;Gomez-Mestre et al. 2012;Gomez-Mestre et al. 2012;;Gomez-Mestre et al. 2012, Han & Fu 2013, Summers et al. 2006;Gomez-Mestre et al. 2012, Han & Fu 2013
Bufo_gargarizans;Bufonidae;Agastorophrynia;no care;0;0;0;0;0;0;0;0;0;0;0;0;absent;85,05;71,3;78,18;-0,08;2,05;0,31;5925;3,77;19546,35;4,29;Gomez-Mestre et al. 2012, Han & Fu 2013;Gomez-Mestre et al. 2244;Gomez-Mestre et al. 2012;Gomez-Mestre et al. 2012, Han & Fu 2013;Han & Fu 2013;Gomez-Mestre et al. 2012, Han & Fu 2013;Gomez-Mestre et al. 2012, Han & Fu 2013
Bufo_japonicus;Bufonidae;Agastorophrynia;no care;0;0;0;0;0;0;0;0;0;0;0;0;absent;102,5;NA;NA;NA;1,9;0,28;7750;3,89;21962,34;4,34;Gomez-Mestre et al. 2012;Gomez-Mestre et al. 2271;Gomez-Mestre et al. 2012;Gomez-Mestre et al. 2012;;Gomez-Mestre et al. 2012;Gomez-Mestre et al. 2012
Bufo_stejnegeri;Bufonidae;Agastorophrynia;no care;0;0;0;0;0;0;0;0;0;0;0;NA;absent;54,6;55;54,8;0;NA;NA;830;2,92;NA;NA;Han & Fu 2013;;Amphibiaweb;Han & Fu 2013;Han & Fu 2013;;Han & Fu 2013
Bufo_tibetanus;Bufonidae;Agastorophrynia;no care;0;0;0;0;0;0;0;0;0;0;0;NA;absent;72,2;61,7;66,95;-0,07;1,9;0,28;4000;3,6;11335,4;4,05;Han & Fu 2013;;Amphibiaweb;Han & Fu 2013;Han & Fu 2013;Han & Fu 2013;Han & Fu 2013
Bufo_verrucosissimus;Bufonidae;Agastorophrynia;no care;0;0;0;0;0;0;0;0;0;0;0;NA;absent;141;83,5;112,25;-0,23;2,2;0,34;5685;3,75;21599,59;4,33;Han & Fu 2013;;Amphibiaweb;Han & Fu 2013;Han & Fu 2013;Han & Fu 2013;Han & Fu 2013
Bufotes_pewzowi;Bufonidae;Agastorophrynia;no care;0;0;0;0;0;0;0;0;0;0;0;NA;absent;80,3;72,2;76,25;-0,05;1,3;0,11;3250;3,51;4311,61;3,63;Han & Fu 2013;;Amphibiaweb;Han & Fu 2013;Han & Fu 2013;Han & Fu 2013;Han & Fu 2013
Bufotes_viridis;Bufonidae;Agastorophrynia;no care;0;0;0;0;0;0;0;0;0;0;0;0;absent;88;NA;NA;NA;1,475;0,17;10000;4;17078,66;4,23;Gomez-Mestre et al. 2012, Han & Fu 2013, Summers et al. 2006;Gomez-Mestre et al. 2248;Gomez-Mestre et al. 2012;Gomez-Mestre et al. 2012;;Gomez-Mestre et al. 2012, Han & Fu 2013, Summers et al. 2006;Gomez-Mestre et al. 2012, Han & Fu 2013
Cacosternum_boettgeri;Pyxicephalidae;Natatanura;no care;0;0;0;0;0;0;0;0;0;0;0;0;absent;22;NA;NA;NA;0,7875;-0,1;30;1,48;14,6;1,16;Gomez-Mestre et al. 2012, Summers et al. 2006;Gomez-Mestre et al. 2018;Gomez-Mestre et al. 2012;Gomez-Mestre et al. 2012;;Gomez-Mestre et al. 2012, Summers et al. 2006;Gomez-Mestre et al. 2012
Cacosternum_capense;Pyxicephalidae;Natatanura;no care;0;0;0;0;0;0;0;0;0;0;0;0;absent;39;NA;NA;NA;1;0;229;2,36;179,77;2,25;Gomez-Mestre et al. 2012, Summers et al. 2006;Gomez-Mestre et al. 2080;Gomez-Mestre et al. 2012;Gomez-Mestre et al. 2012;;Gomez-Mestre et al. 2012, Summers et al. 2006;Gomez-Mestre et al. 2012
Cacosternum_platys;Pyxicephalidae;Natatanura;no care;0;0;0;0;0;0;0;0;0;0;0;0;absent;NA;NA;NA;NA;NA;NA;NA;NA;NA;NA;Gomez-Mestre et al. 2012;Gomez-Mestre et al. 2327;Gomez-Mestre et al. 2012;;;;
Callulops_robustus;Microhylidae;Microhylidae;male-only care ;1;1;1;1;0;0;2;2;0;2;1;1;present;75;NA;NA;NA;6,75;0,83;17;1,23;608,03;2,78;Amphibiaweb, Köhler & Günther 2008;Amphibiaweb;Gomez-Mestre et al. 2012;Gomez-Mestre et al. 2012;;Gomez-Mestre et al. 2012, Summers et al. 2006;Gomez-Mestre et al. 2012
Callulops_wilhelmanus;Microhylidae;Microhylidae;male-only care ;1;1;1;1;0;0;2;2;0;2;1;NA;present;NA;NA;NA;NA;NA;NA;NA;NA;NA;NA;Amphibiaweb, Wells 2007;;Wells 2007;;;;
Calyptocephalella_gayi;Calyptocephalellidae;Australobatrachia;no care;0;0;0;0;0;0;0;0;0;0;0;0;absent;235;NA;NA;NA;2,9;0,46;5500;3,74;36310,18;4,56;Gomez-Mestre et al. 2012;Gomez-Mestre et al. 2292;Gomez-Mestre et al. 2012;Gomez-Mestre et al. 2012;;Gomez-Mestre et al. 2012;Gomez-Mestre et al. 2012
Capensibufo_rosei;Bufonidae;Agastorophrynia;no care;0;0;0;0;0;0;0;0;0;0;0;0;absent;39;28;33,5;-0,14;2,6;0,41;80;1,9;424,53;2,63;Gomez-Mestre et al. 2012, Han & Fu 2013, Summers et al. 2006;Gomez-Mestre et al. 2079;Gomez-Mestre et al. 2012;Gomez-Mestre et al. 2012, Han & Fu 2013;Han & Fu 2013;Gomez-Mestre et al. 2012, Han & Fu 2013;Gomez-Mestre et al. 2012
Capensibufo_tradouwi;Bufonidae;Agastorophrynia;no care;0;0;0;0;0;0;0;0;0;0;0;0;absent;35;NA;NA;NA;2;0,3;60;1,78;188,4;2,28;Gomez-Mestre et al. 2012, Han & Fu 2013, Summers et al. 2006;Gomez-Mestre et al. 2070;Gomez-Mestre et al. 2012;Gomez-Mestre et al. 2012;;Gomez-Mestre et al. 2012, Han & Fu 2013, Summers et al. 2006;Gomez-Mestre et al. 2012
Cardioglossa_leucomystax;Arthroleptidae;Afrobatrachia;no care;0;0;0;0;0;0;0;0;0;0;0;1;absent;32,9;NA;NA;NA;2,5;0,4;25;1,4;122,66;2,09;Gomez-Mestre et al. 2012;Gomez-Mestre et al. 2012;Gomez-Mestre et al. 2012;Gomez-Mestre et al. 2012;;Gomez-Mestre et al. 2012;Gomez-Mestre et al. 2012
Celsiella_vozmedianoi;Centrolenidae;Diphyabatracea;male-only care ;1;1;1;1;0;0;2;2;0;0;0;1;absent;NA;NA;NA;NA;NA;NA;NA;NA;NA;NA;Delia et al. 2017;Amphibiaweb;Amphibiaweb;;;;
Centrolene_antioquiense;Centrolenidae;Diphyabatracea;male-only care ;1;1;1;1;0;0;2;2;0;0;0;1;absent;NA;NA;NA;NA;NA;NA;NA;NA;NA;NA;Delia et al. 2017;Amphibiaweb;Amphibiaweb;;;;
Centrolene_buckleyi;Centrolenidae;Diphyabatracea;female-only care ;1;1;0;0;1;1;2;0;2;0;0;1;absent;NA;NA;NA;NA;NA;NA;18;1,26;NA;NA;Delia et al. 2017;Amphibiaweb;Amphibiaweb;;;;Amphibiaweb
Centrolene_daidaleum;Centrolenidae;Diphyabatracea;male-only care ;1;1;1;1;0;0;2;2;0;0;0;1;absent;NA;NA;NA;NA;NA;NA;NA;NA;NA;NA;Delia et al. 2017;Amphibiaweb;Amphibiaweb;;;;
Centrolene_geckoideum;Centrolenidae;Diphyabatracea;male-only care ;1;1;1;1;0;0;2;2;0;0;0;1;absent;62;74,5;68,25;0,08;3,775;0,58;112;2,05;1252,91;3,1;Amphibiaweb;Gomez-Mestre et al. 2012;Gomez-Mestre et al. 2012;Han & Fu 2013;Han & Fu 2013;Gomez-Mestre et al. 2012, Han & Fu 2013, Summers et al. 2006;Han & Fu 2013
Centrolene_hesperium;Centrolenidae;Diphyabatracea;female-only care ;1;1;0;0;1;1;2;0;2;0;0;1;absent;NA;NA;NA;NA;NA;NA;NA;NA;NA;NA;Delia et al. 2017;Amphibiaweb;Amphibiaweb;;;;
Centrolene_notostictum;Centrolenidae;Diphyabatracea;male-only care ;1;1;1;1;0;0;2;2;0;0;0;NA;absent;NA;NA;NA;NA;NA;NA;NA;NA;NA;NA;Amphibiaweb;;Amphibiaweb;;;;
Centrolene_peristictum;Centrolenidae;Diphyabatracea;male-only care ;1;1;1;1;0;0;2;2;0;0;0;1;absent;NA;NA;NA;NA;NA;NA;NA;NA;NA;NA;Amphibiaweb;Amphibiaweb;Amphibiaweb;;;;
Centrolene_petrophilum;Centrolenidae;Diphyabatracea;male-only care ;1;1;1;1;0;0;2;2;0;0;0;NA;absent;NA;NA;NA;NA;NA;NA;NA;NA;NA;NA;Delia et al. 2017;;Amphibiaweb;;;;
Centrolene_savagei;Centrolenidae;Diphyabatracea;male-only care ;1;1;1;1;0;0;2;2;0;0;0;NA;absent;NA;NA;NA;NA;5,49;0,74;18;1,26;425,88;2,63;Amphibiaweb;;Amphibiaweb;;;Amphibiaweb;Amphibiaweb
Ceratophrys_cornuta;Ceratophryidae;Crown_Hyloidea;no care;0;0;0;0;0;0;0;0;0;0;0;0;absent;99,5;NA;NA;NA;2,125;0,33;1285;3,11;4555,02;3,66;Gomez-Mestre et al. 2012, Summers et al. 2006;Gomez-Mestre et al. 2264;Gomez-Mestre et al. 2012;Gomez-Mestre et al. 2012;;Gomez-Mestre et al. 2012, Summers et al. 2006;Gomez-Mestre et al. 2012
Ceratophrys_ornata;Ceratophryidae;Crown_Hyloidea;no care;0;0;0;0;0;0;0;0;0;0;0;0;absent;107,5;NA;NA;NA;1,75;0,24;1250;3,1;3005,08;3,48;Gomez-Mestre et al. 2012;Gomez-Mestre et al. 2274;Gomez-Mestre et al. 2012;Gomez-Mestre et al. 2012;;Gomez-Mestre et al. 2012;Gomez-Mestre et al. 2012
Chaperina_fusca;Microhylidae;Microhylidae;no care;0;0;0;0;0;0;0;0;0;0;0;0;absent;22,4;19,2;20,8;-0,07;NA;NA;NA;NA;NA;NA;Gomez-Mestre et al. 2012;Gomez-Mestre et al. 2020;Gomez-Mestre et al. 2012;Han & Fu 2013;Han & Fu 2013;;
Charadrahyla_taeniopus;Hylidae;Hylidae;no care;0;0;0;0;0;0;0;0;0;0;0;0;absent;64,2;58;61,1;-0,04;2,195;0,34;NA;NA;NA;NA;Gomez-Mestre et al. 2012, Han & Fu 2013, Summers et al. 2006;Gomez-Mestre et al. 2198;Gomez-Mestre et al. 2012;Han & Fu 2013;Han & Fu 2013;Han & Fu 2013;
Chiasmocleis_bassleri;Microhylidae;Microhylidae;no care;0;0;0;0;0;0;0;0;0;0;0;NA;absent;NA;NA;NA;NA;1;0;NA;NA;NA;NA;Summers et al. 2006;;Amphibiaweb;;;Summers et al. 2006;
Chiasmocleis_leucosticta;Microhylidae;Microhylidae;biparental care;2;1;1;1;1;1;1;1;1;0;0;NA;absent;NA;NA;NA;NA;NA;NA;NA;NA;NA;NA;Amphibiaweb;;Amphibiaweb;;;;
Chiasmocleis_ventrimaculata;Microhylidae;Microhylidae;no care;0;0;0;0;0;0;0;0;0;0;0;NA;absent;NA;NA;NA;NA;1,25;0,1;NA;NA;NA;NA;Summers et al. 2006;;Amphibiaweb;;;Summers et al. 2006;
Chimerella_mariaelenae;Centrolenidae;Diphyabatracea;female-only care ;1;1;0;0;1;1;2;0;2;0;0;1;absent;NA;NA;NA;NA;NA;NA;NA;NA;NA;NA;Delia et al. 2017;Amphibiaweb;Amphibiaweb;;;;
Chiromantis_doriae;Rhacophoridae;Natatanura;male-only care ;1;1;1;1;0;0;1;1;0;0;0;1;absent;27,4;21,6;24,5;-0,1;1,4;0,15;180;2,26;276,95;2,44;IUCN;Gomez-Mestre et al. 2012;Gomez-Mestre et al. 2012;Han & Fu 2013;Han & Fu 2013;Han & Fu 2013;Han & Fu 2013
Chiromantis_rufescens;Rhacophoridae;Natatanura;biparental care;2;1;1;1;0;0;1;1;1;0;0;1;absent;55,5;NA;NA;NA;2,8;0,45;157;2,2;966,24;2,99;IUCN;Gomez-Mestre et al. 2012;Gomez-Mestre et al. 2012;Gomez-Mestre et al. 2012;;Gomez-Mestre et al. 2012, Summers et al. 2006;Gomez-Mestre et al. 2012
Chiromantis_xerampelina;Rhacophoridae;Natatanura;biparental care;2;1;1;1;0;0;1;1;1;0;0;1;absent;75;59;67;-0,1;1,85;0,27;440;2,64;1182,13;3,07;Amphibiaweb;Gomez-Mestre et al. 2012;Gomez-Mestre et al. 2012;Gomez-Mestre et al. 2012;Amphibiaweb;Gomez-Mestre et al. 2012, Han & Fu 2013, Summers et al. 2006;Gomez-Mestre et al. 2012, Han & Fu 2013
Clinotarsus_curtipes;Ranidae;Natatanura;no care;0;0;0;0;0;0;0;0;0;0;0;0;absent;NA;NA;NA;NA;NA;NA;NA;NA;NA;NA;Gomez-Mestre et al. 2012;Gomez-Mestre et al. 2328;Gomez-Mestre et al. 2012;;;;
Cochranella_euknemos;Centrolenidae;Diphyabatracea;female-only care ;1;1;0;0;1;1;2;0;2;0;0;1;absent;29,5;25,5;27,5;-0,06;2;0,3;55;1,74;172,7;2,24;Delia et al. 2017;Gomez-Mestre et al. 2012;Gomez-Mestre et al. 2012;Gomez-Mestre et al. 2012, Han & Fu 2013;Han & Fu 2013;Gomez-Mestre et al. 2012;Gomez-Mestre et al. 2012, Han & Fu 2013
Cochranella_granulosa;Centrolenidae;Diphyabatracea;female-only care ;1;1;0;0;1;1;2;0;2;0;0;1;absent;29;25,8;27,4;-0,05;1,5;0,18;55;1,74;97,14;1,99;Delia et al. 2017;Gomez-Mestre et al. 2012;Gomez-Mestre et al. 2012;Gomez-Mestre et al. 2012, Han & Fu 2013;Han & Fu 2013;Gomez-Mestre et al. 2012, Han & Fu 2013, Summers et al. 2006;Gomez-Mestre et al. 2012, Han & Fu 2013
Cochranella_resplendens;Centrolenidae;Diphyabatracea;female-only care ;1;1;0;0;1;1;2;0;2;0;0;1;absent;NA;NA;NA;NA;NA;NA;NA;NA;NA;NA;Delia et al. 2017;Amphibiaweb;Amphibiaweb;;;;
Colostethus_fraterdanieli;Dendrobatidae;Agastorophrynia;male-only care ;1;2;2;1;0;0;3;3;0;0;0;NA;absent;NA;NA;NA;NA;NA;NA;NA;NA;NA;NA;IUCN, Amphibiaweb, Wells 2007;;Amphibiaweb;;;;
Colostethus_inguinalis;Dendrobatidae;Agastorophrynia;biparental care;2;2;2;1;2;1;3;3;3;0;0;NA;absent;26,5;24,5;25,5;-0,03;NA;NA;NA;NA;NA;NA;Amphibiaweb;;Amphibiaweb;Amphibiaweb;Amphibiaweb;;
Colostethus_jacobuspetersi;Dendrobatidae;Agastorophrynia;male-only care ;1;2;2;1;0;0;3;3;0;0;0;NA;absent;NA;NA;NA;NA;NA;NA;NA;NA;NA;NA;Stuart et al. 2008;;Stuart et al. 2008;;;;
Colostethus_mertensi;Dendrobatidae;Agastorophrynia;male-only care ;1;2;2;1;0;0;3;3;0;0;0;NA;absent;NA;NA;NA;NA;NA;NA;NA;NA;NA;NA;Stuart et al. 2008;;Stuart et al. 2008;;;;
Colostethus_panamansis;Dendrobatidae;Agastorophrynia;female-only care ;1;2;0;0;2;1;3;0;3;0;0;NA;absent;NA;NA;NA;NA;NA;NA;NA;NA;NA;NA;amphibianrescue.org, Wells 2007;;Wells 2007;;;;
Colostethus_pratti;Dendrobatidae;Agastorophrynia;female-only care ;1;2;0;0;2;1;3;0;3;0;0;NA;absent;NA;NA;NA;NA;NA;NA;14;1,15;NA;NA;Hill et al. 2011, Amphibiaweb;;Amphibiaweb;;;;Amphibiaweb
Conraua_goliath;Petropedetidae;Natatanura;no care;0;0;0;0;0;0;0;0;0;0;0;0;absent;254;270;262;0,03;3,5;0,54;100;2;961,63;2,98;Gomez-Mestre et al. 2012, Han & Fu 2013;Gomez-Mestre et al. 2293;Gomez-Mestre et al. 2012;Han & Fu 2013;Han & Fu 2013;Han & Fu 2013;Han & Fu 2013
Cophixalus_aenigma;Microhylidae;Microhylidae;male-only care ;1;1;1;1;0;0;2;2;0;2;1;NA;present;NA;NA;NA;NA;NA;NA;NA;NA;NA;NA;Amphibiaweb, Wells 2007;;Wells 2007;;;;
Cophixalus_cheesmanae;Microhylidae;Microhylidae;male-only care ;1;1;1;1;0;0;2;2;0;2;1;NA;present;NA;NA;NA;NA;NA;NA;NA;NA;NA;NA;Amphibiaweb, Wells 2007;;Wells 2007;;;;
Cophixalus_exiguus;Microhylidae;Microhylidae;male-only care ;1;1;1;1;0;0;2;2;0;2;1;NA;present;NA;NA;NA;NA;NA;NA;NA;NA;NA;NA;IUCN, Wells 2007;;Wells 2007;;;;
Cophixalus_hosmeri;Microhylidae;Microhylidae;male-only care ;1;1;1;1;0;0;2;2;0;2;1;NA;present;NA;NA;NA;NA;NA;NA;NA;NA;NA;NA;IUCN, Wells 2007;;Wells 2007;;;;
Cophixalus_infacetus;Microhylidae;Microhylidae;male-only care ;1;1;1;1;0;0;2;2;0;2;1;NA;present;NA;NA;NA;NA;NA;NA;NA;NA;NA;NA;Amphibiaweb, Wells 2007;;Wells 2007;;;;
Cophixalus_mcdonaldi;Microhylidae;Microhylidae;male-only care ;1;1;1;1;0;0;2;2;0;2;1;NA;present;NA;NA;NA;NA;NA;NA;NA;NA;NA;NA;IUCN, Wells 2007;;Wells 2007;;;;
Cophixalus_monticola;Microhylidae;Microhylidae;male-only care ;1;1;1;1;0;0;2;2;0;2;1;NA;present;NA;NA;NA;NA;NA;NA;NA;NA;NA;NA;IUCN, Wells 2007;;Wells 2007;;;;
Cophixalus_neglectus;Microhylidae;Microhylidae;NA;NA;1;NA;NA;NA;NA;2;NA;NA;2;1;1;present;NA;NA;NA;NA;4,3;0,63;23;1,36;333,84;2,52;Amphibiaweb;Amphibiaweb;Amphibiaweb;;;Gomez-Mestre et al. 2012;Amphibiaweb
Cophixalus_ornatus;Microhylidae;Microhylidae;male-only care ;1;1;1;1;0;0;2;2;0;2;1;NA;present;NA;NA;NA;NA;NA;NA;16,5;1,22;NA;NA;Amphibiaweb, Wells 2007;;Wells 2007;;;;Amphibiaweb
Cophixalus_parkeri;Microhylidae;Microhylidae;male-only care ;1;1;1;1;0;0;2;2;0;2;1;1;present;NA;NA;NA;NA;3,5;0,54;NA;NA;NA;NA;Amphibiaweb, Simon 1983;Amphibiaweb;Amphibiaweb;;;Gomez-Mestre et al. 2012;
Cophixalus_riparius;Microhylidae;Microhylidae;biparental care;2;1;1;1;1;1;2;2;2;2;1;NA;present;NA;NA;NA;NA;NA;NA;NA;NA;NA;NA;Amphibiaweb, Wells 2007;;Wells 2007;;;;
Cophixalus_saxitalis;Microhylidae;Microhylidae;male-only care ;1;1;1;1;0;0;2;2;0;2;1;NA;present;NA;NA;NA;NA;NA;NA;NA;NA;NA;NA;IUCN, Wells 2007;;Wells 2007;;;;
Cophixalus_sphagnicola;Microhylidae;Microhylidae;male-only care ;1;1;1;1;0;0;2;2;0;2;1;1;present;NA;NA;NA;NA;NA;NA;NA;NA;NA;NA;Köhler & Günther 2008;Köhler & Günther 2008;Köhler & Günther 2008;;;;
Cophyla_phyllodactyla;Microhylidae;Microhylidae;male-only care ;1;2;2;1;0;0;2;2;0;2;1;0;absent;NA;NA;NA;NA;NA;NA;NA;NA;NA;NA;Amphibiaweb;Amphibiaweb;Gomez-Mestre et al. 2012;;;;
Copiula_derongo;Microhylidae;Microhylidae;male-only care ;1;2;2;1;0;0;NA;NA;0;2;1;NA;absent;NA;NA;NA;NA;NA;NA;14;1,15;NA;NA;IUCN, Wells 2007;;IUCN;;;;IUCN
Craugastor_angelicus;Craugastoridae;Terrarana;female-only care ;1;1;0;0;1;1;1;0;1;0;0;NA;absent;NA;NA;NA;NA;6,8;0,83;NA;NA;NA;NA;Amphibiaweb;;Amphibiaweb;;;Summers et al. 2006;
Craugastor_augusti;Craugastoridae;Terrarana;female-only care ;1;1;0;0;1;1;2;0;2;2;1;1;present;70,5;NA;NA;NA;7,1875;0,86;61;1,79;2473,75;3,39;Amphibiaweb;Amphibiaweb;Gomez-Mestre et al. 2012;Gomez-Mestre et al. 2012;;Gomez-Mestre et al. 2012;Gomez-Mestre et al. 2012, Han & Fu 2013
Craugastor_decoratus;Craugastoridae;Terrarana;female-only care ;1;1;0;0;1;1;2;0;2;2;1;NA;present;NA;NA;NA;NA;NA;NA;NA;NA;NA;NA;Amphibiaweb, Wells 2007;;Amphibiaweb;;;;
Craugastor_fitzingeri;Craugastoridae;Terrarana;female-only care ;1;1;0;0;1;1;2;0;2;2;1;NA;present;52,5;35;43,75;-0,18;NA;NA;67,3;1,83;NA;NA;Amphibiaweb;;Amphibiaweb;Amphibiaweb;Amphibiaweb;;Amphibiaweb
Craugastor_noblei;Craugastoridae;Terrarana;female-only care ;1;1;0;0;1;1;2;0;2;2;1;NA;present;NA;NA;NA;NA;NA;NA;NA;NA;NA;NA;Amphibiaweb, Wells 2007;;Amphibiaweb;;;;
Craugastor_psephosypharus;Craugastoridae;Terrarana;female-only care ;1;1;0;0;1;1;2;0;2;2;1;NA;present;NA;NA;NA;NA;NA;NA;NA;NA;NA;NA;Amphibiaweb, Wells 2007;;Amphibiaweb;;;;
Crinia_georgiana;Myobatrachidae;Australobatrachia;no care;0;0;0;0;0;0;0;0;0;0;0;NA;absent;NA;NA;NA;NA;2,25;0,35;NA;NA;NA;NA;Summers et al. 2006;;Amphibiaweb;;;Summers et al. 2006;
Crinia_glauerti;Myobatrachidae;Australobatrachia;no care;0;0;0;0;0;0;0;0;0;0;0;NA;absent;NA;NA;NA;NA;1,15;0,06;NA;NA;NA;NA;Summers et al. 2006;;Amphibiaweb;;;Summers et al. 2006;
Crinia_insignifera;Myobatrachidae;Australobatrachia;no care;0;0;0;0;0;0;0;0;0;0;0;NA;absent;NA;NA;NA;NA;1,3;0,11;NA;NA;NA;NA;Summers et al. 2006;;Amphibiaweb;;;Summers et al. 2006;
Crinia_nimbus;Myobatrachidae;Australobatrachia;biparental care;2;1;1;1;1;1;2;2;2;0;0;NA;absent;NA;NA;NA;NA;3,5;0,54;10;1;96,16;1,98;Amphibiaweb;;Amphibiaweb;;;Han & Fu 2013, Summers et al. 2006;Han & Fu 2013
Crinia_signifera;Myobatrachidae;Australobatrachia;no care;0;0;0;0;0;0;0;0;0;0;0;0;absent;22,85;18,8;20,83;-0,08;1,475;0,17;137,5;2,14;234,83;2,37;Gomez-Mestre et al. 2012, Han & Fu 2013, Summers et al. 2006;Gomez-Mestre et al. 2021;Gomez-Mestre et al. 2012;Gomez-Mestre et al. 2012, Han & Fu 2013;Han & Fu 2013;Gomez-Mestre et al. 2012, Han & Fu 2013;Gomez-Mestre et al. 2012, Han & Fu 2013
Crinia_tasmaniensis;Myobatrachidae;Australobatrachia;no care;0;0;0;0;0;0;0;0;0;0;0;NA;absent;NA;NA;NA;NA;2,2025;0,34;NA;NA;NA;NA;Summers et al. 2006;;Amphibiaweb;;;Summers et al. 2006;
Crinia_tinnula;Myobatrachidae;Australobatrachia;no care;0;0;0;0;0;0;0;0;0;0;0;0;absent;23;NA;NA;NA;1,15;0,06;76,5;1,88;79,42;1,9;Gomez-Mestre et al. 2012, Summers et al. 2006;Gomez-Mestre et al. 2022;Gomez-Mestre et al. 2012;Gomez-Mestre et al. 2012;;Gomez-Mestre et al. 2012, Summers et al. 2006;Gomez-Mestre et al. 2012
Crossodactylus_schmidti;Hylodidae;Crown_Hyloidea;no care;0;0;0;0;0;0;0;0;0;0;0;0;absent;NA;NA;NA;NA;NA;NA;NA;NA;NA;NA;Gomez-Mestre et al. 2012;Gomez-Mestre et al. 2311;Gomez-Mestre et al. 2012;;;;
Cruziohyla_calcarifer;Hylidae;Hylidae;no care;0;0;0;0;0;0;0;0;0;0;0;1;absent;68,75;52;60,38;-0,12;3,9;0,59;49;1,69;585,05;2,77;Gomez-Mestre et al. 2012, Han & Fu 2013;Gomez-Mestre et al. 2012;Gomez-Mestre et al. 2012;Gomez-Mestre et al. 2012, Han & Fu 2013;Han & Fu 2013;Gomez-Mestre et al. 2012, Han & Fu 2013;Gomez-Mestre et al. 2012, Han & Fu 2013
Cryptobatrachus_boulengeri;Hemiphractidae;Hemiphractidae;female-only care ;1;1;0;0;1;1;3;0;3;2;1;NA;present;NA;NA;NA;NA;4;0,6;NA;NA;NA;NA;Amphibiaweb;;Amphibiaweb;;;Summers et al. 2006;
Cryptobatrachus_fuhrmanni;Hemiphractidae;Hemiphractidae;female-only care ;1;1;0;0;1;1;3;0;3;2;1;NA;present;NA;NA;NA;NA;4;0,6;NA;NA;NA;NA;Amphibiaweb;;Amphibiaweb;;;Summers et al. 2006;
Cycloramphus_boraceiensis;Leptodactylidae;Diphyabatracea;male-only care ;1;1;1;1;0;0;2;2;0;0;0;1;absent;32;NA;NA;NA;3;0,48;50;1,7;353,25;2,55;Amphibiaweb, Wells 2007;Gomez-Mestre et al. 2012;Gomez-Mestre et al. 2012;Gomez-Mestre et al. 2012;;Gomez-Mestre et al. 2012;Gomez-Mestre et al. 2012
Cycloramphus_stejnegeri;Leptodactylidae;Diphyabatracea;female-only care ;1;2;0;0;2;1;3;0;3;2;1;NA;present;NA;NA;NA;NA;NA;NA;NA;NA;NA;NA;Amphibiaweb;;Amphibiaweb;;;;
Dendrobates_auratus;Dendrobatidae;Agastorophrynia;male-only care ;1;2;2;1;0;0;2;2;0;0;0;1;absent;34,1;30,3;32,2;-0,05;2;0,3;8,5;0,93;26,69;1,43;Wells 2007;Gomez-Mestre et al. 2012;Gomez-Mestre et al. 2012;Gomez-Mestre et al. 2012, Han & Fu 2013;Han & Fu 2013;Gomez-Mestre et al. 2012, Han & Fu 2013, Summers et al. 2006;Gomez-Mestre et al. 2012, Han & Fu 2013
Dendrobates_leucomelas;Dendrobatidae;Agastorophrynia;male-only care ;1;2;2;1;0;0;3;3;0;0;0;1;absent;34,8;32,7;33,75;-0,03;3,915;0,59;12,5;1,1;150,4;2,18;Amphibiaweb;Gomez-Mestre et al. 2012;Gomez-Mestre et al. 2012;Gomez-Mestre et al. 2012, Han & Fu 2013;Han & Fu 2013;Gomez-Mestre et al. 2012, Han & Fu 2013, Summers et al. 2006;Gomez-Mestre et al. 2012, Han & Fu 2013
Dendrobates_tinctorius;Dendrobatidae;Agastorophrynia;biparental care;2;2;2;1;2;1;3;3;3;0;0;NA;absent;46,5;41;43,75;-0,05;NA;NA;5;0,7;NA;NA;Amphibiaweb;;Gomez-Mestre et al. 2012;Han & Fu 2013;Han & Fu 2013;;Han & Fu 2013
Dendrobates_truncatus;Dendrobatidae;Agastorophrynia;male-only care ;1;2;2;1;0;0;3;3;0;0;0;NA;absent;28,7;25,6;27,15;-0,05;NA;NA;5;0,7;NA;NA;Amphibiaweb, Han & Fu 2013;;Gomez-Mestre et al. 2012;Han & Fu 2013;Han & Fu 2013;;Han & Fu 2013
Dendropsophus_allenorum;Hylidae;Hylidae;no care;0;0;0;0;0;0;0;0;0;0;0;NA;absent;26;19;22,5;-0,14;NA;NA;NA;NA;NA;NA;Han & Fu 2013;;Amphibiaweb;Han & Fu 2013;Han & Fu 2013;;
Dendropsophus_anceps;Hylidae;Hylidae;no care;0;0;0;0;0;0;0;0;0;0;0;0;absent;40,3;37;38,65;-0,04;1;0;NA;NA;NA;NA;Han & Fu 2013;Amphibiaweb;Gomez-Mestre et al. 2012;Han & Fu 2013;Han & Fu 2013;Han & Fu 2013;
Dendropsophus_bifurcus;Hylidae;Hylidae;no care;0;0;0;0;0;0;0;0;0;0;0;NA;absent;31,8;25,1;28,45;-0,1;1,5;0,18;186;2,27;328,52;2,52;Han & Fu 2013, Summers et al. 2006;;Amphibiaweb;Han & Fu 2013;Han & Fu 2013;Han & Fu 2013, Summers et al. 2006;Han & Fu 2013
Dendropsophus_brevifrons;Hylidae;Hylidae;no care;0;0;0;0;0;0;0;0;0;0;0;1;absent;21,45;18,5;19,98;-0,06;1,15;0,06;80;1,9;83,05;1,92;Gomez-Mestre et al. 2012;Gomez-Mestre et al. 2012;Gomez-Mestre et al. 2012;Gomez-Mestre et al. 2012, Han & Fu 2013;Han & Fu 2013;Gomez-Mestre et al. 2012, Han & Fu 2013;Gomez-Mestre et al. 2012, Han & Fu 2013
Dendropsophus_carnifex;Hylidae;Hylidae;no care;0;0;0;0;0;0;0;0;0;0;0;0;absent;33;NA;NA;NA;1,2;0,08;100;2;113,04;2,05;Gomez-Mestre et al. 2012;Gomez-Mestre et al. 2061;Gomez-Mestre et al. 2012;Gomez-Mestre et al. 2012;;Gomez-Mestre et al. 2012;Gomez-Mestre et al. 2012
Dendropsophus_ebraccatus;Hylidae;Hylidae;no care;0;0;0;0;0;0;0;0;0;0;0;1;absent;34,5;25,1;29,8;-0,14;1,3;0,11;155,5;2,19;206,29;2,31;Gomez-Mestre et al. 2012, Han & Fu 2013, Summers et al. 2006;Gomez-Mestre et al. 2012;Gomez-Mestre et al. 2012;Gomez-Mestre et al. 2012, Han & Fu 2013;Han & Fu 2013;Gomez-Mestre et al. 2012, Han & Fu 2013, Summers et al. 2006;Gomez-Mestre et al. 2012, Han & Fu 2013
Dendropsophus_elegans;Hylidae;Hylidae;no care;0;0;0;0;0;0;0;0;0;0;0;NA;absent;NA;NA;NA;NA;NA;NA;NA;NA;NA;NA;Han & Fu 2013;;Amphibiaweb;;;;
Dendropsophus_koechlini;Hylidae;Hylidae;no care;0;0;0;0;0;0;0;0;0;0;0;0;absent;26;20,5;23,25;-0,1;1,1;0,04;325;2,51;308,7;2,49;Gomez-Mestre et al. 2012, Han & Fu 2013;Gomez-Mestre et al. 2032;Gomez-Mestre et al. 2012;Gomez-Mestre et al. 2012, Han & Fu 2013;Han & Fu 2013;Gomez-Mestre et al. 2012;Gomez-Mestre et al. 2012
Dendropsophus_leali;Hylidae;Hylidae;no care;0;0;0;0;0;0;0;0;0;0;0;0;absent;24,5;NA;NA;NA;1;0;763;2,88;598,96;2,78;Gomez-Mestre et al. 2012;Gomez-Mestre et al. 2027;Gomez-Mestre et al. 2012;Gomez-Mestre et al. 2012;;Gomez-Mestre et al. 2012;Gomez-Mestre et al. 2012
Dendropsophus_leucophyllatus;Hylidae;Hylidae;no care;0;0;0;0;0;0;0;0;0;0;0;1;absent;42;33,9;37,95;-0,09;1,3;0,11;593,5;2,77;787,37;2,9;Gomez-Mestre et al. 2012, Han & Fu 2013, Summers et al. 2006;Gomez-Mestre et al. 2012;Gomez-Mestre et al. 2012;Gomez-Mestre et al. 2012, Han & Fu 2013;Han & Fu 2013;Gomez-Mestre et al. 2012, Han & Fu 2013, Summers et al. 2006;Gomez-Mestre et al. 2012, Han & Fu 2013
Dendropsophus_marmoratus;Hylidae;Hylidae;no care;0;0;0;0;0;0;0;0;0;0;0;0;absent;51,15;39,1;45,13;-0,12;1,6;0,2;1069,5;3,03;2149,27;3,33;Gomez-Mestre et al. 2012, Han & Fu 2013, Summers et al. 2006;Gomez-Mestre et al. 2148;Gomez-Mestre et al. 2012;Gomez-Mestre et al. 2012, Han & Fu 2013;Han & Fu 2013;Gomez-Mestre et al. 2012, Han & Fu 2013, Summers et al. 2006;Gomez-Mestre et al. 2012, Han & Fu 2013
Dendropsophus_microcephalus;Hylidae;Hylidae;no care;0;0;0;0;0;0;0;0;0;0;0;NA;absent;26,8;22,8;24,8;-0,07;1;0;180;2,26;141,3;2,15;Han & Fu 2013;;Amphibiaweb;Han & Fu 2013;Han & Fu 2013;Han & Fu 2013;Han & Fu 2013
Dendropsophus_minutus;Hylidae;Hylidae;no care;0;0;0;0;0;0;0;0;0;0;0;NA;absent;23,8;21,3;22,55;-0,05;1;0;211;2,32;165,64;2,22;Han & Fu 2013, Summers et al. 2006;;Amphibiaweb;Han & Fu 2013;Han & Fu 2013;Han & Fu 2013, Summers et al. 2006;Han & Fu 2013
Dendropsophus_miyatai;Hylidae;Hylidae;no care;0;0;0;0;0;0;0;0;0;0;0;NA;absent;25;20;22,5;-0,1;NA;NA;NA;NA;NA;NA;Han & Fu 2013;;Amphibiaweb;Han & Fu 2013;Han & Fu 2013;;
Dendropsophus_nanus;Hylidae;Hylidae;no care;0;0;0;0;0;0;0;0;0;0;0;NA;absent;20,5;18,5;19,5;-0,04;1,2;0,08;100;2;113,04;2,05;Han & Fu 2013;;Amphibiaweb;Han & Fu 2013;Han & Fu 2013;Han & Fu 2013;Han & Fu 2013
Dendropsophus_parviceps;Hylidae;Hylidae;no care;0;0;0;0;0;0;0;0;0;0;0;0;absent;23,45;16,8;20,13;-0,14;1,025;0,01;267;2,43;220,21;2,34;Gomez-Mestre et al. 2012, Han & Fu 2013, Summers et al. 2006;Gomez-Mestre et al. 2023;Gomez-Mestre et al. 2012;Gomez-Mestre et al. 2012, Han & Fu 2013;Han & Fu 2013;Gomez-Mestre et al. 2012, Han & Fu 2013, Summers et al. 2006;Gomez-Mestre et al. 2012, Han & Fu 2013
Dendropsophus_rhodopeplus;Hylidae;Hylidae;no care;0;0;0;0;0;0;0;0;0;0;0;0;absent;27,1;20,7;23,9;-0,12;1,05;0,02;317,5;2,5;274,78;2,44;Gomez-Mestre et al. 2012, Han & Fu 2013;Gomez-Mestre et al. 2034;Gomez-Mestre et al. 2012;Gomez-Mestre et al. 2012, Han & Fu 2013;Han & Fu 2013;Gomez-Mestre et al. 2012, Han & Fu 2013;Gomez-Mestre et al. 2012, Han & Fu 2013
Dendropsophus_sanborni;Hylidae;Hylidae;no care;0;0;0;0;0;0;0;0;0;0;0;NA;absent;18,5;16;17,25;-0,06;0,9;-0,05;60;1,78;38,15;1,58;Han & Fu 2013;;Gomez-Mestre et al. 2012;Han & Fu 2013;Han & Fu 2013;Han & Fu 2013;Han & Fu 2013
Dendropsophus_sarayacuensis;Hylidae;Hylidae;no care;0;0;0;0;0;0;0;0;0;0;0;1;absent;34,5;25;29,75;-0,14;2;0,3;117,5;2,07;368,95;2,57;Gomez-Mestre et al. 2012, Han & Fu 2013, Summers et al. 2006;Gomez-Mestre et al. 2012;Gomez-Mestre et al. 2012;Gomez-Mestre et al. 2012, Han & Fu 2013;Han & Fu 2013;Gomez-Mestre et al. 2012, Han & Fu 2013, Summers et al. 2006;Gomez-Mestre et al. 2012, Han & Fu 2013
Dendropsophus_triangulum;Hylidae;Hylidae;no care;0;0;0;0;0;0;0;0;0;0;0;1;absent;37,2;25,4;31,3;-0,17;1,55;0,19;525,5;2,72;991,07;3;Gomez-Mestre et al. 2012, Han & Fu 2013, Summers et al. 2006;Gomez-Mestre et al. 2012;Gomez-Mestre et al. 2012;Gomez-Mestre et al. 2012, Han & Fu 2013;Han & Fu 2013;Gomez-Mestre et al. 2012, Han & Fu 2013, Summers et al. 2006;Gomez-Mestre et al. 2012, Han & Fu 2013
Dermatonotus_muelleri;Microhylidae;Microhylidae;no care;0;0;0;0;0;0;0;0;0;0;0;0;absent;53,5;NA;NA;NA;0,74;-0,13;10991;4,04;4724,66;3,67;Gomez-Mestre et al. 2012;Gomez-Mestre et al. 2163;Gomez-Mestre et al. 2012;Gomez-Mestre et al. 2012;;Gomez-Mestre et al. 2012;Gomez-Mestre et al. 2012
Diasporus_diastema;Eleutherodactylidae;Terrarana;male-only care ;1;1;1;1;0;0;2;2;0;2;1;1;present;21,38;18,5;19,94;-0,06;4,775;0,68;13;1,11;232,68;2,37;Ovaska & Rand 2001;Amphibiaweb;Gomez-Mestre et al. 2012;Gomez-Mestre et al. 2012, Han & Fu 2013;Han & Fu 2013;Gomez-Mestre et al. 2012, Han & Fu 2013;Gomez-Mestre et al. 2012, Han & Fu 2013
Discoglossus_galganoi;Alytidae;Costata;no care;0;0;0;0;0;0;0;0;0;0;0;0;absent;56,5;NA;NA;NA;1,75;0,24;913;2,96;2194,91;3,34;Gomez-Mestre et al. 2012;Gomez-Mestre et al. 2170;Gomez-Mestre et al. 2012;Gomez-Mestre et al. 2012;;Gomez-Mestre et al. 2012;Gomez-Mestre et al. 2012
Discoglossus_pictus;Alytidae;Costata;no care;0;0;0;0;0;0;0;0;0;0;0;0;absent;56,5;NA;NA;NA;1,4625;0,17;825;2,92;1385,21;3,14;Gomez-Mestre et al. 2012, Han & Fu 2013, Summers et al. 2006;Gomez-Mestre et al. 2169;Gomez-Mestre et al. 2012;Gomez-Mestre et al. 2012;;Gomez-Mestre et al. 2012, Han & Fu 2013, Summers et al. 2006;Gomez-Mestre et al. 2012, Han & Fu 2013
Duellmanohyla_rufioculis;Hylidae;Hylidae;no care;0;0;0;0;0;0;0;0;0;0;0;1;absent;36,6;28,2;32,4;-0,11;2,38;0,38;112;2,05;498,01;2,7;Gomez-Mestre et al. 2012, Han & Fu 2013, Summers et al. 2006;Gomez-Mestre et al. 2012;Gomez-Mestre et al. 2012;Gomez-Mestre et al. 2012, Han & Fu 2013;Han & Fu 2013;Gomez-Mestre et al. 2012, Han & Fu 2013, Summers et al. 2006;Gomez-Mestre et al. 2012, Han & Fu 2013
Duellmanohyla_soralia;Hylidae;Hylidae;no care;0;0;0;0;0;0;0;0;0;0;0;1;absent;NA;NA;NA;NA;NA;NA;NA;NA;NA;NA;Gomez-Mestre et al. 2012;Gomez-Mestre et al. 2012;Gomez-Mestre et al. 2012;;;;
Duellmanohyla_uranochroa;Hylidae;Hylidae;no care;0;0;0;0;0;0;0;0;0;0;0;NA;absent;NA;NA;NA;NA;2,59;0,41;NA;NA;NA;NA;Summers et al. 2006;;Amphibiaweb;;;Gomez-Mestre et al. 2012;
Duttaphrynus_himalayanus;Bufonidae;Agastorophrynia;no care;0;0;0;0;0;0;0;0;0;0;0;0;absent;95,8;87,8;91,8;-0,04;1,5;0,18;NA;NA;NA;NA;Gomez-Mestre et al. 2012, Han & Fu 2013;Gomez-Mestre et al. 2258;Gomez-Mestre et al. 2012;Han & Fu 2013;Han & Fu 2013;Han & Fu 2013;
Duttaphrynus_melanostictus;Bufonidae;Agastorophrynia;no care;0;0;0;0;0;0;0;0;0;0;0;0;absent;111;68,5;89,75;-0,21;1,15;0,06;4500;3,65;4671,73;3,67;Gomez-Mestre et al. 2012, Han & Fu 2013;Gomez-Mestre et al. 2278;Gomez-Mestre et al. 2012;Gomez-Mestre et al. 2012, Han & Fu 2013;Han & Fu 2013;Gomez-Mestre et al. 2012, Han & Fu 2013;Gomez-Mestre et al. 2012
Duttaphrynus_stomaticus;Bufonidae;Agastorophrynia;no care;0;0;0;0;0;0;0;0;0;0;0;0;absent;74;NA;NA;NA;1,3;0,11;10000;4;13266,5;4,12;Gomez-Mestre et al. 2012;Gomez-Mestre et al. 2223;Gomez-Mestre et al. 2012;Gomez-Mestre et al. 2012;;Gomez-Mestre et al. 2012;Gomez-Mestre et al. 2012
Ecnomiohlya_rabborum;Hylidae;Hylidae;male-only care ;1;2;2;1;0;0;2;2;0;1;1;NA;absent;NA;NA;NA;NA;NA;NA;NA;NA;NA;NA;IUCN;;IUCN;;;;
Ecnomiohyla_miotympanum;Hylidae;Hylidae;no care;0;0;0;0;0;0;0;0;0;0;0;NA;absent;39,7;28,5;34,1;-0,14;2,4;0,38;120;2,08;542,59;2,73;Han & Fu 2013;;Amphibiaweb;Han & Fu 2013;Han & Fu 2013;Han & Fu 2013;Han & Fu 2013
Edalorhina_perezi;Leptodactylidae;Diphyabatracea;biparental care;2;1;1;1;1;1;1;1;1;0;0;1;absent;34,85;26,9;30,88;-0,11;2,05;0,31;92,5;1,97;305,15;2,48;Amphibiaweb;Gomez-Mestre et al. 2012;Gomez-Mestre et al. 2012;Gomez-Mestre et al. 2012, Han & Fu 2013;Han & Fu 2013;Gomez-Mestre et al. 2012, Han & Fu 2013;Gomez-Mestre et al. 2012, Han & Fu 2013
Elachistocleis_bicolor;Microhylidae;Microhylidae;no care;0;0;0;0;0;0;0;0;0;0;0;NA;absent;32,5;22,5;NA;NA;1;0;620;NA;486,7;2,69;Summers et al. 2006;;Amphibiaweb;Rodrigues et al. 2003;Rodrigues et al. 2003;Summers et al. 2006;Rodrigues et al. 2003
Eleutherodactylus_abbotti;Eleutherodactylidae;Terrarana;male-only care ;1;1;1;1;0;0;2;2;0;2;1;1;present;NA;NA;NA;NA;NA;NA;NA;NA;NA;NA;Amphibiaweb, Wells 2007;Amphibiaweb;Gomez-Mestre et al. 2012;;;;
Eleutherodactylus_albipes;Eleutherodactylidae;Terrarana;female-only care ;1;1;0;0;1;1;2;0;2;2;1;1;present;NA;NA;NA;NA;NA;NA;NA;NA;NA;NA;IUCN, Wells 2007;Amphibiaweb;Gomez-Mestre et al. 2012;;;;
Eleutherodactylus_alticola;Eleutherodactylidae;Terrarana;either parent;1;1;1;1;1;1;2;2;2;2;1;1;present;NA;NA;NA;NA;NA;NA;NA;NA;NA;NA;Amphibiaweb, Wells 2007;Amphibiaweb;Gomez-Mestre et al. 2012;;;;
Eleutherodactylus_amadeus;Eleutherodactylidae;Terrarana;male-only care ;1;1;1;1;0;0;2;2;0;2;1;NA;present;NA;NA;NA;NA;NA;NA;NA;NA;NA;NA;Amphibiaweb, Wells 2007;;Amphibiaweb;;;;
Eleutherodactylus_amplinympha;Eleutherodactylidae;Terrarana;female-only care ;1;1;0;0;1;1;2;0;2;2;1;NA;present;NA;NA;NA;NA;NA;NA;NA;NA;NA;NA;IUCN, Wells 2007;;IUCN;;;;
Eleutherodactylus_antillensis;Eleutherodactylidae;Terrarana;male-only care ;1;1;1;1;0;0;2;2;0;2;1;NA;present;NA;NA;NA;NA;NA;NA;33;1,52;NA;NA;Amphibiaweb, Wells 2007;;IUCN;;;;Amphibiaweb
Eleutherodactylus_atkinsi;Eleutherodactylidae;Terrarana;female-only care ;1;1;0;0;1;1;2;0;2;2;1;1;present;43;NA;NA;NA;4;0,6;68;1,83;854,08;2,93;Amphibiaweb, Wells 2007;Amphibiaweb;Gomez-Mestre et al. 2012;Gomez-Mestre et al. 2012;;Gomez-Mestre et al. 2012;Gomez-Mestre et al. 2012
Eleutherodactylus_auriculatoides;Eleutherodactylidae;Terrarana;male-only care ;1;1;1;1;0;0;2;2;0;2;1;NA;present;NA;NA;NA;NA;NA;NA;NA;NA;NA;NA;Amphibiaweb;;Amphibiaweb;;;;
Eleutherodactylus_auriculatus;Eleutherodactylidae;Terrarana;male-only care ;1;1;1;1;0;0;2;2;0;2;1;1;present;NA;NA;NA;NA;NA;NA;NA;NA;NA;NA;Drewry & Jones 1976;Amphibiaweb;Gomez-Mestre et al. 2012;;;;
Eleutherodactylus_bakeri;Eleutherodactylidae;Terrarana;NA;NA;1;NA;NA;NA;NA;NA;NA;NA;2;1;NA;present;NA;NA;NA;NA;NA;NA;NA;NA;NA;NA;Amphibiaweb;;Amphibiaweb;;;;
Eleutherodactylus_cochranae;Eleutherodactylidae;Terrarana;male-only care ;1;1;1;1;0;0;2;2;0;2;1;NA;present;NA;NA;NA;NA;NA;NA;NA;NA;NA;NA;IUCN, Wells 2007;;Amphibiaweb;;;;
Eleutherodactylus_cooki;Eleutherodactylidae;Terrarana;male-only care ;1;1;1;1;0;0;2;2;0;2;1;1;present;37;NA;NA;NA;4;0,6;25;1,4;314;2,5;Amphibiaweb;Amphibiaweb;Gomez-Mestre et al. 2012;Gomez-Mestre et al. 2012;;Gomez-Mestre et al. 2012;Gomez-Mestre et al. 2012
Eleutherodactylus_coqui;Eleutherodactylidae;Terrarana;male-only care ;1;1;1;1;0;0;2;2;0;2;1;1;present;37,45;33,4;35,43;-0,05;3,75;0,57;26;1,41;287,02;2,46;Amphibiaweb, Wells 2007;Amphibiaweb;Gomez-Mestre et al. 2012;Gomez-Mestre et al. 2012, Han & Fu 2013;Han & Fu 2013;Gomez-Mestre et al. 2012;Gomez-Mestre et al. 2012, Han & Fu 2013
Eleutherodactylus_cundalli;Eleutherodactylidae;Terrarana;female-only care ;1;3;0;0;3;1;2;0;2;2;1;1;present;38,85;32,3;35,58;-0,08;4,2;0,62;46,8;1,67;648,06;2,81;Diesel et al. 1995;Amphibiaweb;Gomez-Mestre et al. 2012;Gomez-Mestre et al. 2012, Han & Fu 2013;Han & Fu 2013;Gomez-Mestre et al. 2012, Han & Fu 2013, Summers et al. 2006;Gomez-Mestre et al. 2012, Han & Fu 2013
Eleutherodactylus_dimidiatus;Eleutherodactylidae;Terrarana;female-only care ;1;1;0;0;1;1;2;0;2;2;1;1;present;45;NA;NA;NA;3,85;0,59;42;1,62;488,7;2,69;Amphibiaweb, Wells 2007;Amphibiaweb;Gomez-Mestre et al. 2012;Gomez-Mestre et al. 2012;;Gomez-Mestre et al. 2012;Gomez-Mestre et al. 2012
Eleutherodactylus_glandulifer;Eleutherodactylidae;Terrarana;male-only care ;1;1;1;1;0;0;2;2;0;2;1;NA;present;NA;NA;NA;NA;NA;NA;NA;NA;NA;NA;Amphibiaweb, Wells 2007;;Amphibiaweb;;;;
Eleutherodactylus_glaucoreius;Eleutherodactylidae;Terrarana;female-only care ;1;1;0;0;1;1;2;0;2;2;1;NA;present;NA;NA;NA;NA;NA;NA;NA;NA;NA;NA;Amphibiaweb, Wells 2007;;Amphibiaweb;;;;
Eleutherodactylus_guantanamera;Eleutherodactylidae;Terrarana;male-only care ;1;1;1;1;0;0;2;2;0;2;1;NA;present;NA;NA;NA;NA;NA;NA;NA;NA;NA;NA;Amphibiaweb, Wells 2007;;Amphibiaweb;;;;
Eleutherodactylus_hedricki;Eleutherodactylidae;Terrarana;male-only care ;1;1;1;1;0;0;2;2;0;2;1;NA;present;NA;NA;NA;NA;NA;NA;NA;NA;NA;NA;IUCN, Rivero 1963;;Amphibiaweb;;;;
Eleutherodactylus_inoptatus;Eleutherodactylidae;Terrarana;male-only care ;1;1;1;1;0;0;2;2;0;2;1;1;present;NA;NA;NA;NA;NA;NA;NA;NA;NA;NA;IUCN, Wells 2007;Amphibiaweb;Amphibiaweb;;;;
Eleutherodactylus_intermedius;Eleutherodactylidae;Terrarana;male-only care ;1;1;1;1;0;0;2;2;0;2;1;NA;present;20;17;18,5;-0,07;NA;NA;NA;NA;NA;NA;Amphibiaweb;;Amphibiaweb;Amphibiaweb;Amphibiaweb;;
Eleutherodactylus_jasperi;Eleutherodactylidae;Terrarana;female-only care ;1;2;0;0;2;1;5;0;5;2;1;1;present;NA;NA;NA;NA;3,3;0,52;NA;NA;NA;NA;Amphibiaweb;Amphibiaweb;Gomez-Mestre et al. 2012;;;Summers et al. 2006;
Eleutherodactylus_johnstonei;Eleutherodactylidae;Terrarana;biparental care;2;1;1;1;1;1;2;2;2;2;1;1;present;26,45;23,1;24,78;-0,06;3,1575;0,5;20;1,3;156,53;2,19;Wells 2007;Amphibiaweb;Gomez-Mestre et al. 2012;Gomez-Mestre et al. 2012, Han & Fu 2013;Han & Fu 2013;Gomez-Mestre et al. 2012, Han & Fu 2013, Summers et al. 2006;Gomez-Mestre et al. 2012, Han & Fu 2013
Eleutherodactylus_martinicensis;Eleutherodactylidae;Terrarana;female-only care ;1;1;0;0;1;1;2;0;2;2;1;1;present;39,5;NA;NA;NA;4,25;0,63;34,5;1,54;489,18;2,69;Amphibiaweb, Wells 2007;Amphibiaweb;Gomez-Mestre et al. 2012;Gomez-Mestre et al. 2012;;Gomez-Mestre et al. 2012;Gomez-Mestre et al. 2012
Eleutherodactylus_montanus;Eleutherodactylidae;Terrarana;male-only care ;1;1;1;1;0;0;2;2;0;2;1;NA;present;NA;NA;NA;NA;NA;NA;NA;NA;NA;NA;IUCN, Wells 2007;;Amphibiaweb;;;;
Eleutherodactylus_nubicola;Eleutherodactylidae;Terrarana;female-only care ;1;1;0;0;1;1;2;0;2;2;1;1;present;32;NA;NA;NA;3;0,48;50;1,7;353,25;2,55;IUCN, Wells 2007;Amphibiaweb;Gomez-Mestre et al. 2012;Gomez-Mestre et al. 2012;;Gomez-Mestre et al. 2012;Gomez-Mestre et al. 2012
Eleutherodactylus_pantoni;Eleutherodactylidae;Terrarana;female-only care ;1;1;0;0;1;1;2;0;2;2;1;NA;present;NA;NA;NA;NA;NA;NA;NA;NA;NA;NA;IUCN, Wells 2007;;Amphibiaweb;;;;
Eleutherodactylus_pentasyringos;Eleutherodactylidae;Terrarana;female-only care ;1;1;0;0;1;1;2;0;2;2;1;NA;present;NA;NA;NA;NA;NA;NA;NA;NA;NA;NA;IUCN, Wells 2007;;Amphibiaweb;;;;
Eleutherodactylus_planirostris;Eleutherodactylidae;Terrarana;no care;0;0;0;0;0;0;0;0;0;2;1;1;present;22,25;NA;NA;NA;4;0,6;14,25;1,15;178,98;2,25;Gomez-Mestre et al. 2012;Gomez-Mestre et al. 2012;Gomez-Mestre et al. 2012;Gomez-Mestre et al. 2012;;Gomez-Mestre et al. 2012;Gomez-Mestre et al. 2012, Han & Fu 2013
Eleutherodactylus_portoricensis;Eleutherodactylidae;Terrarana;male-only care ;1;1;1;1;0;0;2;2;0;2;1;NA;present;NA;NA;NA;NA;NA;NA;NA;NA;NA;NA;IUCN, Wells 2007;;Amphibiaweb;;;;
Eleutherodactylus_richmondi;Eleutherodactylidae;Terrarana;female-only care ;1;1;0;0;1;1;2;0;2;2;1;NA;present;NA;NA;NA;NA;NA;NA;NA;NA;NA;NA;IUCN, Wells 2007;;Amphibiaweb;;;;
Eleutherodactylus_tetajulia;Eleutherodactylidae;Terrarana;male-only care ;1;1;1;1;0;0;2;2;0;2;1;NA;present;14;12;13;-0,07;NA;NA;NA;NA;NA;NA;Amphibiaweb;;Amphibiaweb;Amphibiaweb;Amphibiaweb;Amphibiaweb;
Eleutherodactylus_unicolor;Eleutherodactylidae;Terrarana;male-only care ;1;1;1;1;0;0;2;2;0;2;1;1;present;NA;NA;NA;NA;NA;NA;NA;NA;NA;NA;Wells 2007;Amphibiaweb;Amphibiaweb;;;;
Eleutherodactylus_varleyi;Eleutherodactylidae;Terrarana;female-only care ;1;1;0;0;1;1;2;0;2;2;1;1;present;16,25;14;15,13;-0,06;3,75;0,57;4;0,6;44,16;1,64;Amphibiaweb;Amphibiaweb;Gomez-Mestre et al. 2012;Gomez-Mestre et al. 2012;Amphibiaweb;Gomez-Mestre et al. 2012;Gomez-Mestre et al. 2012
Eleutherodactylus_ventrilineatus;Eleutherodactylidae;Terrarana;male-only care ;1;1;1;1;0;0;2;2;0;2;1;NA;present;NA;NA;NA;NA;NA;NA;NA;NA;NA;NA;Amphibiaweb, Wells 2007;;Amphibiaweb;;;;
Eleutherodactylus_wightmanae;Eleutherodactylidae;Terrarana;male-only care ;1;1;1;1;NA;NA;2;2;NA;0;0;NA;absent;NA;NA;NA;NA;4,39;0,64;30;1,48;453,86;2,66;Amphibiaweb, Wells 2007;;Amphibiaweb;;;Amphibiaweb;Amphibiaweb
Engystomops_petersi;Leptodactylidae;Diphyabatracea;biparental care;2;1;1;1;1;1;1;1;1;0;0;1;absent;34;NA;NA;NA;1;0;300;2,48;235,5;2,37;IUCN;Gomez-Mestre et al. 2012;Gomez-Mestre et al. 2012;Gomez-Mestre et al. 2012;;Gomez-Mestre et al. 2012, Summers et al. 2006;Gomez-Mestre et al. 2012
Engystomops_pustulatus;Leptodactylidae;Diphyabatracea;female-only care ;1;2;0;0;2;1;2;0;2;0;0;NA;absent;31;28,5;29,75;-0,04;NA;NA;320;2,51;NA;NA;Zamudio et al. 2016;;Amphibiaweb;Amphibiaweb;Amphibiaweb;;Amphibiaweb
Engystomops_pustulosus;Leptodactylidae;Diphyabatracea;biparental care;2;2;1;1;2;1;2;1;2;0;0;1;absent;30,5;NA;NA;NA;1,5;0,18;265;2,42;468,06;2,67;Ryan 1985;Gomez-Mestre et al. 2012;Gomez-Mestre et al. 2012;Gomez-Mestre et al. 2012;;Gomez-Mestre et al. 2012;Gomez-Mestre et al. 2012
Epidalea_calamita;Bufonidae;Agastorophrynia;no care;0;0;0;0;0;0;0;0;0;0;0;0;absent;61;NA;NA;NA;1,375;0,14;3560;3,55;5283,54;3,72;Gomez-Mestre et al. 2012, Summers et al. 2006;Gomez-Mestre et al. 2188;Gomez-Mestre et al. 2012;Gomez-Mestre et al. 2012;;Gomez-Mestre et al. 2012, Summers et al. 2006;Gomez-Mestre et al. 2012
Epipedobates_anthonyi;Dendrobatidae;Agastorophrynia;male-only care ;1;2;2;1;0;0;3;3;0;0;0;NA;absent;20;18,1;19,05;-0,04;2;0,3;27,5;1,44;86,35;1,94;Amphibiaweb;;Amphibiaweb;Han & Fu 2013;Han & Fu 2013;Amphibiaweb;Amphibiaweb
Epipedobates_boulengeri;Dendrobatidae;Agastorophrynia;male-only care ;1;2;2;1;0;0;3;3;0;0;0;NA;absent;18,5;16,9;17,7;-0,04;NA;NA;NA;NA;NA;NA;Amphibiaweb;;Amphibiaweb;Han & Fu 2013;Han & Fu 2013;;
Epipedobates_espinosai;Dendrobatidae;Agastorophrynia;male-only care ;1;2;2;1;0;0;3;3;0;0;0;NA;absent;NA;NA;NA;NA;NA;NA;NA;NA;NA;NA;Amphibiaweb, Wells 2007;;Amphibiaweb;;;;
Epipedobates_machalilla;Dendrobatidae;Agastorophrynia;male-only care ;1;2;2;1;0;0;3;3;0;0;0;1;absent;17,6;NA;NA;NA;2,3;0,36;15;1,18;62,29;1,79;Amphibiaweb;Amphibiaweb;Gomez-Mestre et al. 2012;Gomez-Mestre et al. 2012;;Gomez-Mestre et al. 2012;Gomez-Mestre et al. 2012
Epipedobates_tricolor;Dendrobatidae;Agastorophrynia;male-only care ;1;2;2;1;0;0;3;3;0;0;0;NA;absent;23,3;21;22,15;-0,05;NA;NA;16;1,2;NA;NA;Amphibiaweb;;Amphibiaweb;Han & Fu 2013;Han & Fu 2013;;Han & Fu 2013
Espadarana_prosoblepon;Centrolenidae;Diphyabatracea;female-only care ;1;1;0;0;1;1;2;0;2;0;0;1;absent;26,95;24,1;25,53;-0,05;10;1;26,25;1,42;2060,63;3,31;Amphibiaweb;Gomez-Mestre et al. 2029;Gomez-Mestre et al. 2012;Gomez-Mestre et al. 2012, Han & Fu 2013;Han & Fu 2013;Gomez-Mestre et al. 2012;Gomez-Mestre et al. 2012, Han & Fu 2013
Euphlyctis_cyanophlyctis;Dicroglossidae;Natatanura;no care;0;0;0;0;0;0;0;0;0;0;0;0;absent;53,38;67;60,19;0,1;1,1;0,04;844;2,93;801,67;2,9;Gomez-Mestre et al. 2012, Han & Fu 2013;Gomez-Mestre et al. 2162;Gomez-Mestre et al. 2012;Gomez-Mestre et al. 2012, Han & Fu 2013;Han & Fu 2013;Gomez-Mestre et al. 2012;Gomez-Mestre et al. 2012
Euphlyctis_hexadactylus;Dicroglossidae;Natatanura;no care;0;0;0;0;0;0;0;0;0;0;0;0;absent;130;NA;NA;NA;1;0;2000;3,3;1570;3,2;Gomez-Mestre et al. 2012;Gomez-Mestre et al. 2284;Gomez-Mestre et al. 2012;Gomez-Mestre et al. 2012;;Gomez-Mestre et al. 2012;Gomez-Mestre et al. 2012
Eupsophus_calcaratus;Alsodidae;Crown_Hyloidea;male-only care ;1;2;2;1;0;0;2;2;0;2;1;0;absent;NA;NA;NA;NA;NA;NA;NA;NA;NA;NA;Amphibiaweb;Amphibiaweb;Gomez-Mestre et al. 2012;;;;
Exerodonta_juanitae;Hylidae;Hylidae;no care;0;0;0;0;0;0;0;0;0;0;0;NA;absent;NA;NA;NA;NA;2,19;0,34;NA;NA;NA;NA;Summers et al. 2006;;Amphibiaweb;;;Summers et al. 2006;
Exerodonta_sumichrasti;Hylidae;Hylidae;no care;0;0;0;0;0;0;0;0;0;0;0;NA;absent;30,2;26,2;28,2;-0,06;1,605;0,21;NA;NA;NA;NA;Han & Fu 2013, Summers et al. 2006;;Amphibiaweb;Han & Fu 2013;Han & Fu 2013;Han & Fu 2013, Summers et al. 2006;
Feihyla_vittata;Rhacophoridae;Natatanura;no care;0;0;0;0;0;0;0;0;0;0;0;1;absent;25,7;23,6;24,65;-0,04;1,5;0,18;217;2,34;383,28;2,58;Gomez-Mestre et al. 2012, Han & Fu 2013;Gomez-Mestre et al. 2027;Gomez-Mestre et al. 2012;Han & Fu 2013;Han & Fu 2013;Han & Fu 2013;Han & Fu 2013
Fejervarya_cancrivora;Dicroglossidae;Natatanura;no care;0;0;0;0;0;0;0;0;0;0;0;0;absent;74,3;58,8;66,55;-0,1;1,5625;0,19;318;2,5;609,45;2,78;Gomez-Mestre et al. 2012, Han & Fu 2013, Summers et al. 2006;Gomez-Mestre et al. 2227;Gomez-Mestre et al. 2012;Gomez-Mestre et al. 2012, Han & Fu 2013;Han & Fu 2013;Gomez-Mestre et al. 2012, Han & Fu 2013, Summers et al. 2006;Gomez-Mestre et al. 2012
Fejervarya_limnocharis;Dicroglossidae;Natatanura;no care;0;0;0;0;0;0;0;0;0;0;0;NA;absent;48,8;39;43,9;-0,1;1,065;0,03;1560;3,19;1388,97;3,14;Han & Fu 2013, Summers et al. 2006;;Gomez-Mestre et al. 2012;Han & Fu 2013;Han & Fu 2013;Han & Fu 2013, Summers et al. 2006;Han & Fu 2013
Fejervarya_nicobariensis;Dicroglossidae;Natatanura;no care;0;0;0;0;0;0;0;0;0;0;0;NA;absent;50,1;42,8;46,45;-0,07;NA;NA;NA;NA;NA;NA;Han & Fu 2013;;Amphibiaweb;Han & Fu 2013;Han & Fu 2013;;
Flectonotus_fissilis;Hemiphractidae;Hemiphractidae;female-only care ;1;2;0;0;2;1;4;0;4;NA;NA;NA;absent;NA;NA;NA;NA;3;0,48;NA;NA;NA;NA;Amphibiaweb;;Amphibiaweb;;;Summers et al. 2006;
Flectonotus_fitzgeraldi;Hemiphractidae;Hemiphractidae;female-only care ;1;2;0;0;2;1;4;0;4;2;1;1;absent;21,4;NA;NA;NA;3,3;0,52;4;0,6;34,19;1,53;Amphibiaweb;Amphibiaweb;Gomez-Mestre et al. 2012;Gomez-Mestre et al. 2012;;Gomez-Mestre et al. 2012;Gomez-Mestre et al. 2012
Flectonotus_pygmaeus;Hemiphractidae;Hemiphractidae;female-only care ;1;2;0;0;2;1;4;0;4;2;1;1;absent;29,05;NA;NA;NA;3,5;0,54;8;0,9;76,93;1,89;Amphibiaweb;Gomez-Mestre et al. 2012;Gomez-Mestre et al. 2012;Gomez-Mestre et al. 2012;;Gomez-Mestre et al. 2012;Gomez-Mestre et al. 2012
Fritziana_goeldii;Hemiphractidae;Hemiphractidae;female-only care ;1;2;0;0;2;1;4;0;4;NA;NA;NA;absent;NA;NA;NA;NA;4;0,6;NA;NA;NA;NA;IUCN;;Amphibiaweb;;;Summers et al. 2006;
Gastrophryne_carolinensis;Microhylidae;Microhylidae;no care;0;0;0;0;0;0;0;0;0;0;0;0;absent;28;NA;NA;NA;1,15;0,06;1225;3,09;1271,75;3,1;Gomez-Mestre et al. 2012, Summers et al. 2006;Gomez-Mestre et al. 2036;Gomez-Mestre et al. 2012;Gomez-Mestre et al. 2012;;Gomez-Mestre et al. 2012, Summers et al. 2006;Gomez-Mestre et al. 2012
Gastrophryne_olivacea;Microhylidae;Microhylidae;no care;0;0;0;0;0;0;0;0;0;0;0;0;absent;30,5;NA;NA;NA;0,9875;-0,01;998,5;3;764,35;2,88;Gomez-Mestre et al. 2012, Han & Fu 2013, Summers et al. 2006;Gomez-Mestre et al. 2047;Gomez-Mestre et al. 2012;Gomez-Mestre et al. 2012;;Gomez-Mestre et al. 2012, Han & Fu 2013, Summers et al. 2006;Gomez-Mestre et al. 2012, Han & Fu 2013
Gastrotheca_argenteovirens;Hemiphractidae;Hemiphractidae;female-only care ;1;2;0;0;2;1;4;0;4;0;0;NA;absent;NA;NA;NA;NA;3;0,48;NA;NA;NA;NA;Amphibiaweb;;Amphibiaweb;;;Summers et al. 2006;
Gastrotheca_cornuta;Hemiphractidae;Hemiphractidae;female-only care ;1;2;0;0;2;1;4;0;4;2;1;1;present;75,5;NA;NA;NA;9,9;1;10;1;769,38;2,89;Amphibiaweb;Amphibiaweb;Gomez-Mestre et al. 2012;Gomez-Mestre et al. 2012;;Gomez-Mestre et al. 2012;Gomez-Mestre et al. 2012
Gastrotheca_fissipes;Hemiphractidae;Hemiphractidae;female-only care ;1;2;0;0;2;1;4;0;4;2;1;1;present;81;NA;NA;NA;10;1;24;1,38;1884;3,28;Amphibiaweb;Amphibiaweb;Gomez-Mestre et al. 2012;Gomez-Mestre et al. 2012;;Gomez-Mestre et al. 2012;Gomez-Mestre et al. 2012
Gastrotheca_galeata;Hemiphractidae;Hemiphractidae;female-only care ;1;3;0;0;3;1;4;0;4;2;1;1;present;52;NA;NA;NA;5;0,7;20;1,3;392,5;2,59;Amphibiaweb;Amphibiaweb;Gomez-Mestre et al. 2012;Gomez-Mestre et al. 2012;;Gomez-Mestre et al. 2012;Gomez-Mestre et al. 2012
Gastrotheca_marsupiata;Hemiphractidae;Hemiphractidae;female-only care ;1;2;0;0;2;1;4;0;4;0;0;1;absent;42;NA;NA;NA;2,125;0,33;138;2,14;489,18;2,69;Wells 2007;Gomez-Mestre et al. 2012;Gomez-Mestre et al. 2012;Gomez-Mestre et al. 2012;;Gomez-Mestre et al. 2012, Summers et al. 2006;Gomez-Mestre et al. 2012
Gastrotheca_microdiscus;Hemiphractidae;Hemiphractidae;female-only care ;1;3;0;0;3;1;4;0;4;2;1;NA;present;NA;NA;NA;NA;8;0,9;NA;NA;NA;NA;Amphibiaweb;;Amphibiaweb;;;Summers et al. 2006;
Gastrotheca_monticola;Hemiphractidae;Hemiphractidae;female-only care ;1;2;0;0;2;1;4;0;4;NA;NA;NA;absent;NA;NA;NA;NA;3;0,48;NA;NA;NA;NA;IUCN;;Amphibiaweb;;;Summers et al. 2006;
Gastrotheca_ovifera;Hemiphractidae;Hemiphractidae;female-only care ;1;2;0;0;2;1;4;0;4;NA;NA;NA;absent;NA;NA;NA;NA;8;0,9;NA;NA;NA;NA;Amphibiaweb;;Amphibiaweb;;;Summers et al. 2006;
Gastrotheca_plumbea;Hemiphractidae;Hemiphractidae;female-only care ;1;2;0;0;2;1;4;0;4;NA;NA;NA;absent;NA;NA;NA;NA;4;0,6;NA;NA;NA;NA;Amphibiaweb;;Amphibiaweb;;;Summers et al. 2006;
Gastrotheca_riobambae;Hemiphractidae;Hemiphractidae;female-only care ;1;2;0;0;2;1;4;0;4;NA;NA;NA;absent;NA;NA;NA;NA;3;0,48;NA;NA;NA;NA;Amphibiaweb;;Amphibiaweb;;;Summers et al. 2006;
Geobatrachus_walkeri;Leptodactylidae;Diphyabatracea;female-only care ;1;1;0;0;1;1;2;0;2;2;1;NA;present;NA;NA;NA;NA;NA;NA;NA;NA;NA;NA;Amphibiaweb, Wells 2007;;Amphibiaweb;;;;
Geocrinia_laevis;Myobatrachidae;Australobatrachia;no care;0;0;0;0;0;0;0;0;0;0;0;NA;absent;NA;NA;NA;NA;2,475;0,39;NA;NA;NA;NA;Summers et al. 2006;;Amphibiaweb;;;Summers et al. 2006;
Geocrinia_leai;Myobatrachidae;Australobatrachia;no care;0;0;0;0;0;0;0;0;0;0;0;NA;absent;NA;NA;NA;NA;1,85;0,27;NA;NA;NA;NA;Summers et al. 2006;;Amphibiaweb;;;Summers et al. 2006;
Geocrinia_rosea;Myobatrachidae;Australobatrachia;no care;0;0;0;0;0;0;0;0;0;0;0;NA;absent;NA;NA;NA;NA;2,35;0,37;NA;NA;NA;NA;Summers et al. 2006;;Amphibiaweb;;;Summers et al. 2006;
Geocrinia_victoriana;Myobatrachidae;Australobatrachia;no care;0;0;0;0;0;0;0;0;0;0;0;1;absent;25,5;NA;NA;NA;2,65;0,42;116;2,06;639,47;2,81;Gomez-Mestre et al. 2012, Han & Fu 2013, Summers et al. 2006;Gomez-Mestre et al. 2025;Gomez-Mestre et al. 2012;Gomez-Mestre et al. 2012;;Gomez-Mestre et al. 2012, Han & Fu 2013, Summers et al. 2006;Gomez-Mestre et al. 2012, Han & Fu 2013
Gephyromantis_webbi;Mantellidae;Natatanura;male-only care ;1;1;1;1;0;0;2;2;0;0;0;1;absent;30,5;NA;NA;NA;4;0,6;7;0,85;87,92;1,94;Amphibiaweb, Glaw & Vences 2007;Gomez-Mestre et al. 2012;Gomez-Mestre et al. 2012;Gomez-Mestre et al. 2012;;Gomez-Mestre et al. 2012;Gomez-Mestre et al. 2012
Glandirana_emeljanovi;Ranidae;Natatanura;no care;0;0;0;0;0;0;0;0;0;0;0;NA;absent;55,4;46;50,7;-0,08;1,8;0,26;1130;3,05;2874,04;3,46;Han & Fu 2013;;Amphibiaweb;Han & Fu 2013;Han & Fu 2013;Han & Fu 2013;Han & Fu 2013
Glandirana_minima;Ranidae;Natatanura;no care;0;0;0;0;0;0;0;0;0;0;0;0;absent;29,05;27;28,03;-0,03;1,275;0,11;262;2,42;334,34;2,52;Gomez-Mestre et al. 2012, Han & Fu 2013;Gomez-Mestre et al. 2041;Gomez-Mestre et al. 2012;Gomez-Mestre et al. 2012, Han & Fu 2013;Han & Fu 2013;Gomez-Mestre et al. 2012, Han & Fu 2013;Gomez-Mestre et al. 2012, Han & Fu 2013
Glandirana_rugosa;Ranidae;Natatanura;no care;0;0;0;0;0;0;0;0;0;0;0;0;absent;48,6;42,8;45,7;-0,06;1,675;0,22;986,5;2,99;2172,68;3,34;Gomez-Mestre et al. 2012, Han & Fu 2013;Gomez-Mestre et al. 2137;Gomez-Mestre et al. 2012;Gomez-Mestre et al. 2012, Han & Fu 2013;Han & Fu 2013;Gomez-Mestre et al. 2012, Han & Fu 2013;Gomez-Mestre et al. 2012, Han & Fu 2013
Glandirana_tientaiensis;Ranidae;Natatanura;no care;0;0;0;0;0;0;0;0;0;0;0;NA;absent;31,3;30,7;31;-0,01;1,5;0,18;1350;3,13;2384,44;3,38;Han & Fu 2013;;Amphibiaweb;Han & Fu 2013;Han & Fu 2013;Han & Fu 2013;Han & Fu 2013
Glyphoglossus_guttulatus;Microhylidae;Microhylidae;no care;0;0;0;0;0;0;0;0;0;0;0;0;absent;NA;NA;NA;NA;NA;NA;NA;NA;NA;NA;Gomez-Mestre et al. 2012;Gomez-Mestre et al. 2330;Gomez-Mestre et al. 2012;;;;
Gracixalus_gracilipes;Rhacophoridae;Natatanura;no care;0;0;0;0;0;0;0;0;0;0;0;NA;absent;29,5;22;25,75;-0,13;2,7;0,43;NA;NA;NA;NA;Han & Fu 2013;;Amphibiaweb;Han & Fu 2013;Han & Fu 2013;Han & Fu 2013;
Guibemantis_bicalcaratus;Mantellidae;Natatanura;male-only care ;1;1;1;1;0;0;2;2;0;0;0;NA;absent;NA;NA;NA;NA;1,9;0,28;NA;NA;NA;NA;Amphibiaweb, Wells 2007;;Amphibiaweb;;;Summers et al. 2006;
Guibemantis_depressiceps;Mantellidae;Natatanura;no care;0;0;0;0;0;0;0;0;0;0;0;1;absent;35;NA;NA;NA;2,825;0,45;70;1,85;438,54;2,64;Gomez-Mestre et al. 2012, Summers et al. 2006;Gomez-Mestre et al. 2012;Gomez-Mestre et al. 2012;Gomez-Mestre et al. 2012;;Gomez-Mestre et al. 2012, Summers et al. 2006;Gomez-Mestre et al. 2012
Guibemantis_liber;Mantellidae;Natatanura;no care;0;0;0;0;0;0;0;0;0;0;0;1;absent;27,5;NA;NA;NA;1,4;0,15;60;1,78;92,32;1,97;Gomez-Mestre et al. 2012;Gomez-Mestre et al. 2012;Gomez-Mestre et al. 2012;Gomez-Mestre et al. 2012;;Gomez-Mestre et al. 2012;Gomez-Mestre et al. 2012
Guibemantis_tornieri;Mantellidae;Natatanura;no care;0;0;0;0;0;0;0;0;0;0;0;1;absent;48,5;NA;NA;NA;2,3;0,36;70;1,85;290,69;2,46;Gomez-Mestre et al. 2012;Gomez-Mestre et al. 2012;Gomez-Mestre et al. 2012;Gomez-Mestre et al. 2012;;Gomez-Mestre et al. 2012;Gomez-Mestre et al. 2012
Haddadus_binotatus;Craugastoridae;Terrarana;no care;0;0;0;0;0;0;0;0;0;2;1;1;present;NA;NA;NA;NA;NA;NA;NA;NA;NA;NA;Gomez-Mestre et al. 2012, Han & Fu 2013;Gomez-Mestre et al. 2012;Gomez-Mestre et al. 2012;;;;
Hamptophryne_boliviana;Microhylidae;Microhylidae;no care;0;0;0;0;0;0;0;0;0;0;0;0;absent;41,5;NA;NA;NA;1,125;0,05;231;2,36;229,5;2,36;Gomez-Mestre et al. 2012, Summers et al. 2006;Gomez-Mestre et al. 2092;Gomez-Mestre et al. 2012;Gomez-Mestre et al. 2012;;Gomez-Mestre et al. 2012, Summers et al. 2006;Gomez-Mestre et al. 2012
Heleioporus_australiacus;Limnodynastidae;Australobatrachia;no care;0;0;0;0;0;0;0;0;0;0;0;NA;absent;77;80;78,5;0,02;2,5;0,4;400;2,6;1962,5;3,29;Han & Fu 2013;;Amphibiaweb;Han & Fu 2013;Han & Fu 2013;Han & Fu 2013;Han & Fu 2013
Heleophryne_purcelli;Heleophrynidae;Heleophrynidae;no care;0;0;0;0;0;0;0;0;0;0;0;0;absent;51,5;NA;NA;NA;3,55;0,55;129;2,11;1276,19;3,11;Gomez-Mestre et al. 2012, Summers et al. 2006;Gomez-Mestre et al. 2151;Gomez-Mestre et al. 2012;Gomez-Mestre et al. 2012;;Gomez-Mestre et al. 2012, Summers et al. 2006;Gomez-Mestre et al. 2012
Heleophryne_regis;Heleophrynidae;Heleophrynidae;no care;0;0;0;0;0;0;0;0;0;0;0;0;absent;46,5;NA;NA;NA;3,6;0,56;155,5;2,19;1581,99;3,2;Gomez-Mestre et al. 2012, Summers et al. 2006;Gomez-Mestre et al. 2127;Gomez-Mestre et al. 2012;Gomez-Mestre et al. 2012;;Gomez-Mestre et al. 2012, Summers et al. 2006;Gomez-Mestre et al. 2012
Hemiphractus_fasciatus;Hemiphractidae;Hemiphractidae;female-only care ;1;3;0;0;3;1;3;0;3;2;1;NA;present;NA;NA;NA;NA;6,5;0,81;NA;NA;NA;NA;IUCN;;Amphibiaweb;;;Summers et al. 2006;
Hemiphractus_helioi;Hemiphractidae;Hemiphractidae;female-only care ;1;3;0;0;3;1;3;0;3;2;1;NA;present;NA;NA;NA;NA;NA;NA;NA;NA;NA;NA;IUCN;;Amphibiaweb;;;;
Hemiphractus_proboscideus;Hemiphractidae;Hemiphractidae;female-only care ;1;3;0;0;3;1;3;0;3;2;1;1;present;59,5;NA;NA;NA;2,5;0,4;26;1,41;127,56;2,11;Amphibiaweb;Amphibiaweb;Gomez-Mestre et al. 2012;Gomez-Mestre et al. 2012;;Gomez-Mestre et al. 2012, Summers et al. 2006;Gomez-Mestre et al. 2012
Hemiphractus_scutatus;Hemiphractidae;Hemiphractidae;female-only care ;1;3;0;0;3;1;3;0;3;2;1;1;present;74,5;NA;NA;NA;10;1;13,5;1,13;1059,75;3,03;IUCN;Amphibiaweb;Gomez-Mestre et al. 2012;Gomez-Mestre et al. 2012;;Gomez-Mestre et al. 2012, Summers et al. 2006;Gomez-Mestre et al. 2012
Hemisus_guineensis;Hemisotidae;Afrobatrachia;female-only care ;1;2;0;0;2;1;3;0;3;0;0;NA;absent;NA;NA;NA;NA;NA;NA;NA;NA;NA;NA;Amphibiaweb;;Amphibiaweb;;;;
Hemisus_guttatus;Hemisotidae;Afrobatrachia;female-only care ;1;2;0;0;2;1;3;0;3;0;0;NA;absent;NA;NA;NA;NA;2,5;0,4;NA;NA;NA;NA;Amphibiaweb;;Amphibiaweb;;;Summers et al. 2006;
Hemisus_marmoratus;Hemisotidae;Afrobatrachia;female-only care ;1;2;0;0;2;1;3;0;3;0;0;1;absent;37,4;27,9;32,65;-0,13;2,865;0,46;182,5;2,26;1175,93;3,07;Amphibiaweb, Wells 2007;Gomez-Mestre et al. 2012;Gomez-Mestre et al. 2012;Gomez-Mestre et al. 2012, Han & Fu 2013;Han & Fu 2013;Gomez-Mestre et al. 2012, Han & Fu 2013, Summers et al. 2006;Gomez-Mestre et al. 2012, Han & Fu 2013
Heterixalus_alboguttatus;Hyperoliidae;Afrobatrachia;no care;0;0;0;0;0;0;0;0;0;0;0;1;absent;31,5;NA;NA;NA;1,5;0,18;500;2,7;883,13;2,95;Gomez-Mestre et al. 2012, Summers et al. 2006;Gomez-Mestre et al. 2012;Gomez-Mestre et al. 2012;Gomez-Mestre et al. 2012;;Gomez-Mestre et al. 2012, Summers et al. 2006;Gomez-Mestre et al. 2012
Heterixalus_betsileo;Hyperoliidae;Afrobatrachia;no care;0;0;0;0;0;0;0;0;0;0;0;1;absent;24;NA;NA;NA;1,6;0,2;132;2,12;265,27;2,42;Gomez-Mestre et al. 2012, Summers et al. 2006;Gomez-Mestre et al. 2015;Gomez-Mestre et al. 2012;Gomez-Mestre et al. 2012;;Gomez-Mestre et al. 2012, Summers et al. 2006;Gomez-Mestre et al. 2012
Heterixalus_luteostriatus;Hyperoliidae;Afrobatrachia;no care;0;0;0;0;0;0;0;0;0;0;0;1;absent;NA;NA;NA;NA;NA;NA;NA;NA;NA;NA;Gomez-Mestre et al. 2012;Gomez-Mestre et al. 2012;Gomez-Mestre et al. 2012;;;;
Hildebrandtia_ornata;Ptychadenidae;Natatanura;no care;0;0;0;0;0;0;0;0;0;0;0;0;absent;67,3;NA;NA;NA;2,35;0,37;1336;3,13;5791,78;3,76;Gomez-Mestre et al. 2012;Gomez-Mestre et al. 2208;Gomez-Mestre et al. 2012;Gomez-Mestre et al. 2012;;Gomez-Mestre et al. 2012;Gomez-Mestre et al. 2012
Hoplobatrachus_occipitalis;Dicroglossidae;Natatanura;no care;0;0;0;0;0;0;0;0;0;0;0;0;absent;132,5;NA;NA;NA;4,475;0,65;2110,5;3,32;33177,3;4,52;Gomez-Mestre et al. 2012, Han & Fu 2013, Summers et al. 2006;Gomez-Mestre et al. 2286;Gomez-Mestre et al. 2012;Gomez-Mestre et al. 2012;;Gomez-Mestre et al. 2012, Han & Fu 2013, Summers et al. 2006;Gomez-Mestre et al. 2012
Hoplobatrachus_rugulosus;Dicroglossidae;Natatanura;no care;0;0;0;0;0;0;0;0;0;0;0;NA;absent;71,7;82,4;77,05;0,06;1,8;0,26;2000;3,3;5086,8;3,71;Han & Fu 2013;;Amphibiaweb;Han & Fu 2013;Han & Fu 2013;Han & Fu 2013;Han & Fu 2013
Hoplobatrachus_tigerinus;Dicroglossidae;Natatanura;no care;0;0;0;0;0;0;0;0;0;0;0;0;absent;137,5;NA;NA;NA;2,3;0,36;2400;3,38;9966,36;4;Gomez-Mestre et al. 2012;Gomez-Mestre et al. 2289;Gomez-Mestre et al. 2012;Gomez-Mestre et al. 2012;;Gomez-Mestre et al. 2012;Gomez-Mestre et al. 2012
Hoplophryne_rogersi;Microhylidae;Microhylidae;no care;0;0;0;0;0;0;0;0;0;0;0;1;absent;29,5;NA;NA;NA;3;0,48;6;0,78;42,39;1,63;Gomez-Mestre et al. 2012;Gomez-Mestre et al. 2012;Gomez-Mestre et al. 2012;Gomez-Mestre et al. 2012;;Gomez-Mestre et al. 2012;Gomez-Mestre et al. 2012
Hoplophryne_uluguruensis;Microhylidae;Microhylidae;female-only care ;1;1;0;0;1;1;2;0;2;0;0;1;absent;21;25;23;0,08;2,75;0,44;28;1,45;166,22;2,22;Amphibiaweb;Amphibiaweb;Gomez-Mestre et al. 2012;Gomez-Mestre et al. 2012;Amphibiaweb;Gomez-Mestre et al. 2012;Gomez-Mestre et al. 2012
Huia_cavitympanum;Ranidae;Natatanura;no care;0;0;0;0;0;0;0;0;0;0;0;0;absent;NA;NA;NA;NA;NA;NA;NA;NA;NA;NA;Gomez-Mestre et al. 2012;Gomez-Mestre et al. 2331;Gomez-Mestre et al. 2012;;;;
Hyalinobatrachium_aureoguttatum;Centrolenidae;Diphyabatracea;male-only care ;1;1;1;1;0;0;2;2;0;0;0;1;absent;NA;NA;NA;NA;NA;NA;NA;NA;NA;NA;Delia et al. 2017;Amphibiaweb;Amphibiaweb;;;;
Hyalinobatrachium_bergeri;Centrolenidae;Diphyabatracea;male-only care ;1;1;1;1;0;0;2;2;0;0;0;NA;absent;NA;NA;NA;NA;NA;NA;NA;NA;NA;NA;Wells 2007;;Amphibiaweb;;;;
Hyalinobatrachium_chirripoi;Centrolenidae;Diphyabatracea;male-only care ;1;1;1;1;0;0;2;2;0;0;0;1;absent;29;25,5;27,25;-0,06;NA;NA;70;1,85;NA;NA;Han & Fu 2013;Gomez-Mestre et al. 2012;Gomez-Mestre et al. 2012;Han & Fu 2013;Han & Fu 2013;;Han & Fu 2013
Hyalinobatrachium_colymbiphyllum;Centrolenidae;Diphyabatracea;male-only care ;1;1;1;1;0;0;2;2;0;0;0;1;absent;26,65;25;25,83;-0,03;1,625;0,21;50;1,7;103,64;2,02;Amphibiaweb;Gomez-Mestre et al. 2028;Gomez-Mestre et al. 2012;Gomez-Mestre et al. 2012, Han & Fu 2013;Han & Fu 2013;Gomez-Mestre et al. 2012, Han & Fu 2013;Gomez-Mestre et al. 2012, Han & Fu 2013
Hyalinobatrachium_fleischmanni;Centrolenidae;Diphyabatracea;male-only care ;1;1;1;1;0;0;2;2;0;0;0;1;absent;27,5;22,4;24,95;-0,09;2;0,3;28,25;1,45;88,71;1,95;Amphibiaweb;Gomez-Mestre et al. 2012;Gomez-Mestre et al. 2012;Gomez-Mestre et al. 2012, Han & Fu 2013;Han & Fu 2013;Gomez-Mestre et al. 2012, Han & Fu 2013;Gomez-Mestre et al. 2012, Han & Fu 2013
Hyalinobatrachium_mondolfii;Centrolenidae;Diphyabatracea;male-only care ;1;1;1;1;0;0;2;2;0;0;0;1;absent;NA;NA;NA;NA;NA;NA;NA;NA;NA;NA;Delia et al. 2017;Amphibiaweb;Amphibiaweb;;;;
Hyalinobatrachium_orientale;Centrolenidae;Diphyabatracea;male-only care ;1;1;1;1;0;0;2;2;0;0;0;1;absent;NA;NA;NA;NA;NA;NA;NA;NA;NA;NA;Delia et al. 2017;Amphibiaweb;Amphibiaweb;;;;
Hyalinobatrachium_pallidum;Centrolenidae;Diphyabatracea;male-only care ;1;1;1;1;0;0;2;2;0;0;0;1;absent;NA;NA;NA;NA;NA;NA;NA;NA;NA;NA;Delia et al. 2017;Amphibiaweb;Amphibiaweb;;;;
Hyalinobatrachium_pellucidum;Centrolenidae;Diphyabatracea;male-only care ;1;1;1;1;0;0;2;2;0;0;0;1;absent;NA;NA;NA;NA;NA;NA;NA;NA;NA;NA;Delia et al. 2017;Amphibiaweb;Amphibiaweb;;;;
Hyalinobatrachium_talamancae;Centrolenidae;Diphyabatracea;male-only care ;1;1;1;1;0;0;2;2;0;0;0;1;absent;25;23,5;24,25;-0,03;2;0,3;27,75;1,44;87,14;1,94;Amphibiaweb;Gomez-Mestre et al. 2020;Gomez-Mestre et al. 2012;Gomez-Mestre et al. 2012, Han & Fu 2013;Han & Fu 2013;Gomez-Mestre et al. 2012, Han & Fu 2013;Gomez-Mestre et al. 2012, Han & Fu 2013
Hyalinobatrachium_valerioi;Centrolenidae;Diphyabatracea;male-only care ;1;1;1;1;0;0;2;2;0;0;0;1;absent;24,28;21,8;23,04;-0,05;2,05;0,31;33,75;1,53;111,34;2,05;Amphibiaweb;Gomez-Mestre et al. 2018;Gomez-Mestre et al. 2012;Gomez-Mestre et al. 2012, Han & Fu 2013;Han & Fu 2013;Gomez-Mestre et al. 2012, Han & Fu 2013;Gomez-Mestre et al. 2012, Han & Fu 2013
Hyalinobatrachium_vireovittatum;Centrolenidae;Diphyabatracea;male-only care ;1;1;1;1;0;0;2;2;0;0;0;1;absent;24,5;22,75;23,63;-0,03;NA;NA;NA;NA;NA;NA;Amphibiaweb;Amphibiaweb;Amphibiaweb;Amphibiaweb;Amphibiaweb;;
Hydrophylax_malabaricus;Ranidae;Natatanura;no care;0;0;0;0;0;0;0;0;0;0;0;0;absent;NA;NA;NA;NA;NA;NA;NA;NA;NA;NA;Gomez-Mestre et al. 2012;Gomez-Mestre et al. 2332;Gomez-Mestre et al. 2012;;;;
Hyla_andersonii;Hylidae;Hylidae;no care;0;0;0;0;0;0;0;0;0;0;0;0;absent;41,25;35,5;38,38;-0,07;1,3;0,11;700;2,85;928,66;2,97;Gomez-Mestre et al. 2012, Han & Fu 2013, Summers et al. 2006;Gomez-Mestre et al. 2090;Gomez-Mestre et al. 2012;Gomez-Mestre et al. 2012, Han & Fu 2013;Han & Fu 2013;Gomez-Mestre et al. 2012, Han & Fu 2013, Summers et al. 2006;Gomez-Mestre et al. 2012, Han & Fu 2013
Hyla_arborea;Hylidae;Hylidae;no care;0;0;0;0;0;0;0;0;0;0;0;0;absent;36,5;24,8;30,65;-0,17;1,35;0,13;1191;3,08;1703,92;3,23;Gomez-Mestre et al. 2012, Han & Fu 2013, Summers et al. 2006;Gomez-Mestre et al. 2072;Gomez-Mestre et al. 2012;Gomez-Mestre et al. 2012, Han & Fu 2013;Han & Fu 2013;Gomez-Mestre et al. 2012, Han & Fu 2013, Summers et al. 2006;Gomez-Mestre et al. 2012, Han & Fu 2013
Hyla_arenicolor;Hylidae;Hylidae;no care;0;0;0;0;0;0;0;0;0;0;0;0;absent;47,2;35,3;41,25;-0,13;2,0925;0,32;NA;NA;NA;NA;Gomez-Mestre et al. 2012, Han & Fu 2013, Summers et al. 2006;Gomez-Mestre et al. 2130;Amphibiaweb;Han & Fu 2013;Han & Fu 2013;Han & Fu 2013, Summers et al. 2006;
Hyla_avivoca;Hylidae;Hylidae;no care;0;0;0;0;0;0;0;0;0;0;0;0;absent;41,25;33,5;37,38;-0,09;1,185;0,07;621;2,79;684,54;2,84;Gomez-Mestre et al. 2012, Han & Fu 2013, Summers et al. 2006;Gomez-Mestre et al. 2089;Gomez-Mestre et al. 2012;Gomez-Mestre et al. 2012, Han & Fu 2013;Han & Fu 2013;Gomez-Mestre et al. 2012, Han & Fu 2013, Summers et al. 2006;Gomez-Mestre et al. 2012, Han & Fu 2013
Hyla_chinensis;Hylidae;Hylidae;no care;0;0;0;0;0;0;0;0;0;0;0;0;absent;37,1;30,6;33,85;-0,08;1,275;0,11;233,25;2,37;297,65;2,47;Gomez-Mestre et al. 2012, Han & Fu 2013;Gomez-Mestre et al. 2075;Gomez-Mestre et al. 2012;Gomez-Mestre et al. 2012, Han & Fu 2013;Han & Fu 2013;Gomez-Mestre et al. 2012, Han & Fu 2013;Gomez-Mestre et al. 2012, Han & Fu 2013
Hyla_chrysoscelis;Hylidae;Hylidae;no care;0;0;0;0;0;0;0;0;0;0;0;0;absent;44;39,5;41,75;-0,05;1,175;0,07;1750;3,24;1896,63;3,28;Gomez-Mestre et al. 2012, Han & Fu 2013, Summers et al. 2006;Gomez-Mestre et al. 2108;Gomez-Mestre et al. 2012;Gomez-Mestre et al. 2012, Han & Fu 2013;Han & Fu 2013;Gomez-Mestre et al. 2012, Han & Fu 2013, Summers et al. 2006;Gomez-Mestre et al. 2012, Han & Fu 2013
Hyla_cinerea;Hylidae;Hylidae;no care;0;0;0;0;0;0;0;0;0;0;0;0;absent;52,95;53,1;53,03;0;1,2;0,08;1543,5;3,19;1744,77;3,24;Gomez-Mestre et al. 2012, Han & Fu 2013, Summers et al. 2006;Gomez-Mestre et al. 2160;Gomez-Mestre et al. 2012;Gomez-Mestre et al. 2012, Han & Fu 2013;Han & Fu 2013;Gomez-Mestre et al. 2012, Han & Fu 2013, Summers et al. 2006;Gomez-Mestre et al. 2012, Han & Fu 2013
Hyla_euphorbiacea;Hylidae;Hylidae;no care;0;0;0;0;0;0;0;0;0;0;0;NA;absent;36,4;34,7;35,55;-0,02;NA;NA;NA;NA;NA;NA;Han & Fu 2013;;Amphibiaweb;Han & Fu 2013;Han & Fu 2013;;
Hyla_eximia;Hylidae;Hylidae;no care;0;0;0;0;0;0;0;0;0;0;0;NA;absent;28,5;27,8;28,15;-0,01;NA;NA;NA;NA;NA;NA;Han & Fu 2013;;Amphibiaweb;Han & Fu 2013;Han & Fu 2013;;
Hyla_femoralis;Hylidae;Hylidae;no care;0;0;0;0;0;0;0;0;0;0;0;0;absent;33;30,5;31,75;-0,03;0,95;-0,02;1400;3,15;991,85;3;Gomez-Mestre et al. 2012, Han & Fu 2013, Summers et al. 2006;Gomez-Mestre et al. 2060;Gomez-Mestre et al. 2012;Gomez-Mestre et al. 2012, Han & Fu 2013;Han & Fu 2013;Gomez-Mestre et al. 2012, Han & Fu 2013, Summers et al. 2006;Gomez-Mestre et al. 2012
Hyla_gratiosa;Hylidae;Hylidae;no care;0;0;0;0;0;0;0;0;0;0;0;0;absent;59,75;58,5;59,13;-0,01;1,675;0,22;2750;3,44;6056,64;3,78;Gomez-Mestre et al. 2012, Han & Fu 2013, Summers et al. 2006;Gomez-Mestre et al. 2179;Gomez-Mestre et al. 2012;Gomez-Mestre et al. 2012, Han & Fu 2013;Han & Fu 2013;Gomez-Mestre et al. 2012, Han & Fu 2013, Summers et al. 2006;Gomez-Mestre et al. 2012
Hyla_japonica;Hylidae;Hylidae;no care;0;0;0;0;0;0;0;0;0;0;0;0;absent;30,75;32,7;31,73;0,03;1,625;0,21;920;2,96;1907,06;3,28;Gomez-Mestre et al. 2012, Han & Fu 2013;Gomez-Mestre et al. 2050;Gomez-Mestre et al. 2012;Gomez-Mestre et al. 2012, Han & Fu 2013;Han & Fu 2013;Gomez-Mestre et al. 2012, Han & Fu 2013;Gomez-Mestre et al. 2012, Han & Fu 2013
Hyla_meridionalis;Hylidae;Hylidae;no care;0;0;0;0;0;0;0;0;0;0;0;0;absent;43;NA;NA;NA;1,525;0,18;900;2,95;1643,05;3,22;Gomez-Mestre et al. 2012, Han & Fu 2013, Summers et al. 2006;Gomez-Mestre et al. 2101;Gomez-Mestre et al. 2012;Gomez-Mestre et al. 2012;;Gomez-Mestre et al. 2012, Han & Fu 2013, Summers et al. 2006;Gomez-Mestre et al. 2012
Hyla_savignyi;Hylidae;Hylidae;no care;0;0;0;0;0;0;0;0;0;0;0;NA;absent;NA;NA;NA;NA;1,3;0,11;600;2,78;795,99;2,9;Han & Fu 2013;;Amphibiaweb;;;Han & Fu 2013;Han & Fu 2013
Hyla_squirella;Hylidae;Hylidae;no care;0;0;0;0;0;0;0;0;0;0;0;0;absent;31,75;29,5;30,63;-0,03;0,9;-0,05;975,5;2,99;620,27;2,79;Gomez-Mestre et al. 2012, Han & Fu 2013, Summers et al. 2006;Gomez-Mestre et al. 2056;Gomez-Mestre et al. 2012;Gomez-Mestre et al. 2012, Han & Fu 2013;Han & Fu 2013;Gomez-Mestre et al. 2012, Han & Fu 2013, Summers et al. 2006;Gomez-Mestre et al. 2012, Han & Fu 2013
Hyla_versicolor;Hylidae;Hylidae;no care;0;0;0;0;0;0;0;0;0;0;0;0;absent;46,25;41,5;43,88;-0,05;1,275;0,11;1800;3,26;2297,01;3,36;Gomez-Mestre et al. 2012, Han & Fu 2013, Summers et al. 2006;Gomez-Mestre et al. 2126;Gomez-Mestre et al. 2012;Gomez-Mestre et al. 2012, Han & Fu 2013;Han & Fu 2013;Gomez-Mestre et al. 2012, Han & Fu 2013, Summers et al. 2006;Gomez-Mestre et al. 2012, Han & Fu 2013
Hyla_wrightorum;Hylidae;Hylidae;no care;0;0;0;0;0;0;0;0;0;0;0;NA;absent;36;34;35;-0,02;1,2;0,08;NA;NA;NA;NA;Gomez-Mestre et al. 2012, Han & Fu 2013;;Gomez-Mestre et al. 2012;Han & Fu 2013;Han & Fu 2013;Han & Fu 2013;
Hylarana_albolabris;Ranidae;Natatanura;no care;0;0;0;0;0;0;0;0;0;0;0;0;absent;NA;NA;NA;NA;NA;NA;NA;NA;NA;NA;Gomez-Mestre et al. 2012;Gomez-Mestre et al. 2333;Gomez-Mestre et al. 2012;;;;
Hylarana_chalconota;Ranidae;Natatanura;no care;0;0;0;0;0;0;0;0;0;0;0;0;absent;NA;NA;NA;NA;NA;NA;NA;NA;NA;NA;Gomez-Mestre et al. 2012;Gomez-Mestre et al. 2334;Gomez-Mestre et al. 2012;;;;
Hylarana_erythraea;Ranidae;Natatanura;no care;0;0;0;0;0;0;0;0;0;0;0;0;absent;65,7;39,7;52,7;-0,22;2;0,3;NA;NA;NA;NA;Gomez-Mestre et al. 2012, Han & Fu 2013;Gomez-Mestre et al. 2201;Gomez-Mestre et al. 2012;Han & Fu 2013;Han & Fu 2013;Han & Fu 2013;
Hylarana_latouchii;Ranidae;Natatanura;no care;0;0;0;0;0;0;0;0;0;0;0;0;absent;51;37,5;44,25;-0,13;1,4675;0,17;1154;3,06;1950,89;3,29;Gomez-Mestre et al. 2012, Han & Fu 2013;Gomez-Mestre et al. 2145;Gomez-Mestre et al. 2012;Gomez-Mestre et al. 2012, Han & Fu 2013;Han & Fu 2013;Gomez-Mestre et al. 2012, Han & Fu 2013;Gomez-Mestre et al. 2012, Han & Fu 2013
Hylarana_signata;Ranidae;Natatanura;no care;0;0;0;0;0;0;0;0;0;0;0;0;absent;56,2;39,4;47,8;-0,15;1,7;0,23;NA;NA;NA;NA;Han & Fu 2013;Amphibiaweb;Gomez-Mestre et al. 2012;Han & Fu 2013;Han & Fu 2013;Han & Fu 2013;
Hylarana_taipehensis;Ranidae;Natatanura;no care;0;0;0;0;0;0;0;0;0;0;0;NA;absent;39;29;34;-0,13;1,2;0,08;189;2,28;213,65;2,33;Han & Fu 2013;;Amphibiaweb;Han & Fu 2013;Han & Fu 2013;Han & Fu 2013;Han & Fu 2013
Hylodes_dactylocinus;Hylodidae;Crown_Hyloidea;no care;0;0;0;0;0;0;0;0;0;0;0;0;absent;NA;NA;NA;NA;NA;NA;NA;NA;NA;NA;Gomez-Mestre et al. 2012;Gomez-Mestre et al. 2312;Gomez-Mestre et al. 2012;;;;
Hylophorbus_rufescens;Microhylidae;Microhylidae;male-only care ;1;1;1;1;0;0;2;2;0;2;1;1;present;40,5;30;35,25;-0,13;5,7;0,76;13;1,11;331,56;2,52;Amphibiaweb, Wells 2007, Günther 2006;Amphibiaweb;Gomez-Mestre et al. 2012;Gomez-Mestre et al. 2012, Han & Fu 2013;Han & Fu 2013;Gomez-Mestre et al. 2012, Han & Fu 2013;Gomez-Mestre et al. 2012, Han & Fu 2013
Hyloscirtus_palmeri;Hylidae;Hylidae;no care;0;0;0;0;0;0;0;0;0;0;0;NA;absent;43;40,5;41,75;-0,03;NA;NA;NA;NA;NA;NA;Han & Fu 2013;;Amphibiaweb;Han & Fu 2013;Han & Fu 2013;;
Hyloscirtus_phyllognathus;Hylidae;Hylidae;no care;0;0;0;0;0;0;0;0;0;0;0;NA;absent;36,9;33;34,95;-0,05;3,09;0,49;NA;NA;NA;NA;Han & Fu 2013, Summers et al. 2006;;Amphibiaweb;Han & Fu 2013;Han & Fu 2013;Han & Fu 2013, Summers et al. 2006;
Hyloscirtus_simmonsi;Hylidae;Hylidae;no care;0;0;0;0;0;0;0;0;0;0;0;NA;absent;44,3;36,6;40,45;-0,08;NA;NA;NA;NA;NA;NA;Han & Fu 2013;;Amphibiaweb;Han & Fu 2013;Han & Fu 2013;;
Hyloxalus_anthracinus;Dendrobatidae;Agastorophrynia;male-only care ;1;2;2;1;0;0;2;2;0;0;0;NA;absent;NA;NA;NA;NA;NA;NA;NA;NA;NA;NA;Stuart et al. 2008;;Stuart et al. 2008;;;;
Hyloxalus_awa;Dendrobatidae;Agastorophrynia;male-only care ;1;2;2;1;0;0;3;3;0;0;0;NA;absent;22,5;19,3;20,9;-0,07;NA;NA;12,5;1,1;NA;NA;Amphibiaweb, Wells 2007;;Amphibiaweb;Han & Fu 2013;Han & Fu 2013;;Han & Fu 2013
Hyloxalus_azureiventris;Dendrobatidae;Agastorophrynia;male-only care ;1;2;2;1;0;0;3;3;0;0;0;NA;absent;NA;NA;NA;NA;NA;NA;14;1,15;NA;NA;Amphibiaweb;;Amphibiaweb;;;;Amphibiaweb
Hyloxalus_delatorreae;Dendrobatidae;Agastorophrynia;male-only care ;1;2;2;1;0;0;3;3;0;0;0;NA;absent;NA;NA;NA;NA;NA;NA;NA;NA;NA;NA;Amphibiaweb;;Gomez-Mestre et al. 2012;;;;
Hyloxalus_elachyhistus;Dendrobatidae;Agastorophrynia;biparental care;2;2;2;1;2;1;3;3;3;0;0;NA;absent;21,2;18,3;19,75;-0,06;NA;NA;19;1,28;NA;NA;Amphibiaweb;;Amphibiaweb;Han & Fu 2013;Han & Fu 2013;;Han & Fu 2013
Hyloxalus_exasperatus;Dendrobatidae;Agastorophrynia;male-only care ;1;2;2;1;0;0;3;3;0;0;0;NA;absent;21;18,75;19,88;-0,05;NA;NA;NA;NA;NA;NA;Amphibiaweb;;Amphibiaweb;Amphibiaweb;Amphibiaweb;;
Hyloxalus_fascianigrus;Dendrobatidae;Agastorophrynia;male-only care ;1;2;2;1;0;0;3;3;0;0;0;NA;absent;NA;NA;NA;NA;NA;NA;NA;NA;NA;NA;Amphibiaweb;;Amphibiaweb;;;;
Hyloxalus_patitae;Dendrobatidae;Agastorophrynia;male-only care ;1;2;2;1;0;0;3;3;0;0;0;NA;absent;NA;NA;NA;NA;NA;NA;NA;NA;NA;NA;Amphibiaweb;;Amphibiaweb;;;;
Hyloxalus_pulchellus;Dendrobatidae;Agastorophrynia;male-only care ;1;2;2;1;0;0;3;3;0;0;0;NA;absent;22;19,5;20,75;-0,05;NA;NA;NA;NA;NA;NA;Wells 2007;;Amphibiaweb;Amphibiaweb;Amphibiaweb;;
Hyloxalus_sauli;Dendrobatidae;Agastorophrynia;male-only care ;1;2;2;1;0;0;3;3;0;0;0;1;absent;23,5;NA;NA;NA;1,5;0,18;11;1,04;19,43;1,29;Amphibiaweb;Gomez-Mestre et al. 2012;Gomez-Mestre et al. 2012;Gomez-Mestre et al. 2012;;Gomez-Mestre et al. 2012;Gomez-Mestre et al. 2012
Hyloxalus_toachi;Dendrobatidae;Agastorophrynia;male-only care ;1;2;2;1;0;0;3;3;0;0;0;NA;absent;26,5;20,5;23,5;-0,11;NA;NA;NA;NA;NA;NA;Wells 2007;;Amphibiaweb;Amphibiaweb;Amphibiaweb;;
Hyloxalus_vergeli;Dendrobatidae;Agastorophrynia;male-only care ;1;2;2;1;0;0;3;3;0;0;0;NA;absent;NA;NA;NA;NA;NA;NA;NA;NA;NA;NA;Stuart et al. 2008;;Stuart et al. 2008;;;;
Hyloxalus_vertebralis;Dendrobatidae;Agastorophrynia;male-only care ;1;2;2;1;0;0;3;3;0;0;0;NA;absent;17,9;16,1;17;-0,05;3;0,48;NA;NA;NA;NA;Amphibiaweb;;Amphibiaweb;Han & Fu 2013;Han & Fu 2013;Summers et al. 2006;
Hymenochirus_boettgeri;Pipidae;Xenoanura;no care;0;0;0;0;0;0;0;0;0;0;0;0;absent;35;NA;NA;NA;0,8875;-0,05;624,5;2,8;386,13;2,59;Amphibiaweb;Amphibiaweb;Gomez-Mestre et al. 2012;Han & Fu 2013;;Gomez-Mestre et al. 2012, Han & Fu 2013, Summers et al. 2006;Gomez-Mestre et al. 2012, Han & Fu 2013
Hyperolius_acuticeps;Hyperoliidae;Afrobatrachia;no care;0;0;0;0;0;0;0;0;0;0;0;0;absent;25;NA;NA;NA;0,95;-0,02;176;2,25;124,69;2,1;Gomez-Mestre et al. 2012;Gomez-Mestre et al. 2028;Gomez-Mestre et al. 2012;Gomez-Mestre et al. 2012;;Gomez-Mestre et al. 2012;Gomez-Mestre et al. 2012
Hyperolius_argus;Hyperoliidae;Afrobatrachia;no care;0;0;0;0;0;0;0;0;0;0;0;0;absent;30,5;NA;NA;NA;1;0;115;2,06;90,28;1,96;Gomez-Mestre et al. 2012, Summers et al. 2006;Gomez-Mestre et al. 2048;Gomez-Mestre et al. 2012;Gomez-Mestre et al. 2012;;Gomez-Mestre et al. 2012, Summers et al. 2006;Gomez-Mestre et al. 2012
Hyperolius_castaneus;Hyperoliidae;Afrobatrachia;no care;0;0;0;0;0;0;0;0;0;0;0;1;absent;30,5;NA;NA;NA;1;0;125;2,1;98,13;1,99;Gomez-Mestre et al. 2012;Gomez-Mestre et al. 2012;Gomez-Mestre et al. 2012;Gomez-Mestre et al. 2012;;Gomez-Mestre et al. 2012;Gomez-Mestre et al. 2012
Hyperolius_cinnamomeoventris;Hyperoliidae;Afrobatrachia;no care;0;0;0;0;0;0;0;0;0;0;0;1;absent;NA;NA;NA;NA;NA;NA;NA;NA;NA;NA;Gomez-Mestre et al. 2012;Gomez-Mestre et al. 2012;Gomez-Mestre et al. 2012;;;;
Hyperolius_concolor;Hyperoliidae;Afrobatrachia;no care;0;0;0;0;0;0;0;0;0;0;0;1;absent;35;NA;NA;NA;1,95;0,29;250;2,4;746,24;2,87;Gomez-Mestre et al. 2012;Gomez-Mestre et al. 2012;Gomez-Mestre et al. 2012;Gomez-Mestre et al. 2012;Han & Fu 2013;Gomez-Mestre et al. 2012;Gomez-Mestre et al. 2012
Hyperolius_frontalis;Hyperoliidae;Afrobatrachia;no care;0;0;0;0;0;0;0;0;0;0;0;1;absent;32;NA;NA;NA;5;0,7;24;1,38;471;2,67;Gomez-Mestre et al. 2012;Gomez-Mestre et al. 2012;Gomez-Mestre et al. 2012;Gomez-Mestre et al. 2012;Han & Fu 2013;Gomez-Mestre et al. 2012;Gomez-Mestre et al. 2012
Hyperolius_kivuensis;Hyperoliidae;Afrobatrachia;no care;0;0;0;0;0;0;0;0;0;0;0;1;absent;36;NA;NA;NA;1,5;0,18;190;2,28;335,59;2,53;Gomez-Mestre et al. 2012;Gomez-Mestre et al. 2012;Gomez-Mestre et al. 2012;Gomez-Mestre et al. 2012;;Gomez-Mestre et al. 2012;Gomez-Mestre et al. 2012
Hyperolius_lateralis;Hyperoliidae;Afrobatrachia;no care;0;0;0;0;0;0;0;0;0;0;0;1;absent;25,6;23;24,3;-0,05;1,8;0,26;109;2,04;277,23;2,44;Gomez-Mestre et al. 2012, Han & Fu 2013;Gomez-Mestre et al. 2026;Gomez-Mestre et al. 2012;Gomez-Mestre et al. 2012, Han & Fu 2013;Han & Fu 2013;Gomez-Mestre et al. 2012, Han & Fu 2013;Gomez-Mestre et al. 2012, Han & Fu 2013
Hyperolius_nasutus;Hyperoliidae;Afrobatrachia;no care;0;0;0;0;0;0;0;0;0;0;0;0;absent;21,85;22,3;22,08;0,01;0,95;-0,02;200;2,3;141,69;2,15;Gomez-Mestre et al. 2012, Han & Fu 2013, Summers et al. 2006;Gomez-Mestre et al. 2017;Gomez-Mestre et al. 2012;Gomez-Mestre et al. 2012, Han & Fu 2013;Han & Fu 2013;Gomez-Mestre et al. 2012, Han & Fu 2013, Summers et al. 2006;Gomez-Mestre et al. 2012, Han & Fu 2013
Hyperolius_parkeri;Hyperoliidae;Afrobatrachia;male-only care ;1;1;1;1;0;0;2;2;0;0;0;NA;absent;NA;NA;NA;NA;NA;NA;NA;NA;NA;NA;Wells 2007;;Amphibiaweb;;;;
Hyperolius_puncticulatus;Hyperoliidae;Afrobatrachia;no care;0;0;0;0;0;0;0;0;0;0;0;0;absent;35;25;30;-0,15;2,5;0,4;19;1,28;93,22;1,97;Gomez-Mestre et al. 2012, Han & Fu 2013;Gomez-Mestre et al. 2065;Gomez-Mestre et al. 2012;Gomez-Mestre et al. 2012, Han & Fu 2013;Han & Fu 2013;Gomez-Mestre et al. 2012;Gomez-Mestre et al. 2012
Hyperolius_pusillus;Hyperoliidae;Afrobatrachia;no care;0;0;0;0;0;0;0;0;0;0;0;1;absent;22;NA;NA;NA;0,9;-0,05;70;1,85;44,51;1,65;Gomez-Mestre et al. 2012;Gomez-Mestre et al. 2012;Gomez-Mestre et al. 2012;Gomez-Mestre et al. 2012;;Gomez-Mestre et al. 2012;Gomez-Mestre et al. 2012
Hyperolius_semidiscus;Hyperoliidae;Afrobatrachia;no care;0;0;0;0;0;0;0;0;0;0;0;0;absent;35;NA;NA;NA;1;0;30;1,48;23,55;1,37;Gomez-Mestre et al. 2012, Summers et al. 2006;Gomez-Mestre et al. 2068;Gomez-Mestre et al. 2012;Gomez-Mestre et al. 2012;;Gomez-Mestre et al. 2012, Summers et al. 2006;Gomez-Mestre et al. 2012
Hyperolius_spinigularis;Hyperoliidae;Afrobatrachia;female-only care ;1;1;0;0;1;1;2;0;2;0;0;NA;absent;NA;NA;NA;NA;NA;NA;175;2,24;NA;NA;Amphibiaweb;;Amphibiaweb;;;;Amphibiaweb
Hyperolius_tuberilinguis;Hyperoliidae;Afrobatrachia;no care;0;0;0;0;0;0;0;0;0;0;0;1;absent;36;NA;NA;NA;1,45;0,16;334;2,52;551,25;2,74;Gomez-Mestre et al. 2012, Han & Fu 2013, Summers et al. 2006;Gomez-Mestre et al. 2012;Gomez-Mestre et al. 2012;Gomez-Mestre et al. 2012;;Gomez-Mestre et al. 2012, Han & Fu 2013, Summers et al. 2006;Gomez-Mestre et al. 2012, Han & Fu 2013
Hypopachus_variolosus;Microhylidae;Microhylidae;no care;0;0;0;0;0;0;0;0;0;0;0;0;absent;35;NA;NA;NA;1,125;0,05;700;2,85;695,46;2,84;Gomez-Mestre et al. 2012, Summers et al. 2006;Gomez-Mestre et al. 2069;Gomez-Mestre et al. 2012;Gomez-Mestre et al. 2012;;Gomez-Mestre et al. 2012, Summers et al. 2006;Gomez-Mestre et al. 2012
Hypsiboas_albomarginatus;Hylidae;Hylidae;no care;0;0;0;0;0;0;0;0;0;0;0;0;absent;52,78;48,6;50,69;-0,04;1,9;0,28;765,5;2,88;2169,31;3,34;Gomez-Mestre et al. 2012, Han & Fu 2013;Gomez-Mestre et al. 2158;Gomez-Mestre et al. 2012;Gomez-Mestre et al. 2012, Han & Fu 2013;Han & Fu 2013;Gomez-Mestre et al. 2012;Gomez-Mestre et al. 2012
Hypsiboas_andinus;Hylidae;Hylidae;no care;0;0;0;0;0;0;0;0;0;0;0;NA;absent;49,8;46,5;48,15;-0,03;NA;NA;NA;NA;NA;NA;Han & Fu 2013;;Amphibiaweb;Han & Fu 2013;Han & Fu 2013;;
Hypsiboas_boans;Hylidae;Hylidae;male-only care ;1;1;1;1;0;0;2;2;0;0;0;0;absent;107;114;110,5;0,03;2;0,3;2227;3,35;6992,78;3,84;Amphibiaweb;Amphibiaweb;Gomez-Mestre et al. 2012;Gomez-Mestre et al. 2012, Han & Fu 2013;Han & Fu 2013;Gomez-Mestre et al. 2012, Han & Fu 2013, Summers et al. 2006;Gomez-Mestre et al. 2012, Han & Fu 2013
Hypsiboas_calcaratus;Hylidae;Hylidae;no care;0;0;0;0;0;0;0;0;0;0;0;NA;absent;53,9;35,9;44,9;-0,18;1,5;0,18;1143;3,06;2018,82;3,31;Han & Fu 2013, Summers et al. 2006;;Amphibiaweb;Han & Fu 2013;Han & Fu 2013;Han & Fu 2013, Summers et al. 2006;Han & Fu 2013
Hypsiboas_cinerascens;Hylidae;Hylidae;no care;0;0;0;0;0;0;0;0;0;0;0;0;absent;42,35;39;40,68;-0,04;1,55;0,19;633;2,8;1193,81;3,08;Gomez-Mestre et al. 2012, Han & Fu 2013;Gomez-Mestre et al. 2096;Gomez-Mestre et al. 2012;Gomez-Mestre et al. 2012, Han & Fu 2013;Han & Fu 2013;Gomez-Mestre et al. 2012, Han & Fu 2013;Gomez-Mestre et al. 2012, Han & Fu 2013
Hypsiboas_crepitans;Hylidae;Hylidae;no care;0;0;0;0;0;0;0;0;0;0;0;NA;absent;65,5;53,9;59,7;-0,08;1,5;0,18;1064;3,03;1879,29;3,27;Han & Fu 2013;;Amphibiaweb;Han & Fu 2013;Han & Fu 2013;Han & Fu 2013;Han & Fu 2013
Hypsiboas_faber;Hylidae;Hylidae;male-only care ;1;1;1;1;0;0;2;2;0;0;0;NA;absent;NA;NA;NA;NA;1,5;0,18;NA;NA;NA;NA;Amphibiaweb;;Gomez-Mestre et al. 2012;;;Han & Fu 2013;
Hypsiboas_fasciatus;Hylidae;Hylidae;no care;0;0;0;0;0;0;0;0;0;0;0;0;absent;47,35;35,6;41,48;-0,12;1,5;0,18;1162;3,07;2052,38;3,31;Gomez-Mestre et al. 2012, Han & Fu 2013;Gomez-Mestre et al. 2132;Gomez-Mestre et al. 2012;Gomez-Mestre et al. 2012, Han & Fu 2013;Han & Fu 2013;Gomez-Mestre et al. 2012, Han & Fu 2013;Gomez-Mestre et al. 2012, Han & Fu 2013
Hypsiboas_geographicus;Hylidae;Hylidae;no care;0;0;0;0;0;0;0;0;0;0;0;0;absent;67,05;44,2;55,63;-0,18;1,5;0,18;2498,5;3,4;4412,98;3,64;Gomez-Mestre et al. 2012, Han & Fu 2013, Summers et al. 2006;Gomez-Mestre et al. 2206;Gomez-Mestre et al. 2012;Gomez-Mestre et al. 2012, Han & Fu 2013;Han & Fu 2013;Gomez-Mestre et al. 2012, Han & Fu 2013, Summers et al. 2006;Gomez-Mestre et al. 2012, Han & Fu 2013
Hypsiboas_heilprini;Hylidae;Hylidae;no care;0;0;0;0;0;0;0;0;0;0;0;NA;absent;49,3;49,4;49,35;0;NA;NA;NA;NA;NA;NA;Han & Fu 2013;;Amphibiaweb;Han & Fu 2013;Han & Fu 2013;;
Hypsiboas_lanciformis;Hylidae;Hylidae;no care;0;0;0;0;0;0;0;0;0;0;0;0;absent;87,75;74,9;81,33;-0,07;2;0,3;1933,5;3,29;6071,19;3,78;Gomez-Mestre et al. 2012, Han & Fu 2013, Summers et al. 2006;Gomez-Mestre et al. 2247;Gomez-Mestre et al. 2012;Gomez-Mestre et al. 2012, Han & Fu 2013;Han & Fu 2013;Gomez-Mestre et al. 2012, Han & Fu 2013, Summers et al. 2006;Gomez-Mestre et al. 2012, Han & Fu 2013
Hypsiboas_lemai;Hylidae;Hylidae;no care;0;0;0;0;0;0;0;0;0;0;0;NA;absent;34,7;29,6;32,15;-0,07;2,5;0,4;54;1,73;264,94;2,42;Han & Fu 2013;;Amphibiaweb;Han & Fu 2013;Han & Fu 2013;Han & Fu 2013;Han & Fu 2013
Hypsiboas_marginatus;Hylidae;Hylidae;no care;0;0;0;0;0;0;0;0;0;0;0;NA;absent;NA;NA;NA;NA;NA;NA;NA;NA;NA;NA;Han & Fu 2013;;Amphibiaweb;;;;
Hypsiboas_pardalis;Hylidae;Hylidae;male-only care ;1;1;1;1;0;0;2;2;0;0;0;NA;absent;70;60;65;-0,07;NA;NA;NA;NA;NA;NA;Amphibiaweb;;Amphibiaweb;Han & Fu 2013;Han & Fu 2013;;
Hypsiboas_polytaenius;Hylidae;Hylidae;no care;0;0;0;0;0;0;0;0;0;0;0;NA;absent;NA;NA;NA;NA;NA;NA;150;2,18;NA;NA;Han & Fu 2013;;Amphibiaweb;;;;Han & Fu 2013
Hypsiboas_pulchellus;Hylidae;Hylidae;no care;0;0;0;0;0;0;0;0;0;0;0;NA;absent;49,5;45,8;47,65;-0,03;1,5;0,18;NA;NA;NA;NA;Han & Fu 2013;;Amphibiaweb;Han & Fu 2013;Han & Fu 2013;Han & Fu 2013;
Hypsiboas_raniceps;Hylidae;Hylidae;no care;0;0;0;0;0;0;0;0;0;0;0;NA;absent;63,5;54;58,75;-0,07;1,2;0,08;2100;3,32;2373,84;3,38;Summers et al. 2006;;Amphibiaweb;Han & Fu 2013;Han & Fu 2013;Summers et al. 2006;Han & Fu 2013
Hypsiboas_rosenbergi;Hylidae;Hylidae;male-only care ;1;1;1;1;0;0;2;2;0;0;0;0;absent;86;83;84,5;-0,02;1,98;0,3;1456,5;3,16;4482,4;3,65;Amphibiaweb;Amphibiaweb;Gomez-Mestre et al. 2012;Gomez-Mestre et al. 2012, Han & Fu 2013;Han & Fu 2013;Gomez-Mestre et al. 2012, Han & Fu 2013, Summers et al. 2006;Gomez-Mestre et al. 2012, Han & Fu 2013
Hypsiboas_rufitelus;Hylidae;Hylidae;no care;0;0;0;0;0;0;0;0;0;0;0;NA;absent;51,1;46,2;48,65;-0,04;1,8;0,26;NA;NA;NA;NA;Han & Fu 2013;;Amphibiaweb;Han & Fu 2013;Han & Fu 2013;Han & Fu 2013;
Hypsiboas_sibleszi;Hylidae;Hylidae;no care;0;0;0;0;0;0;0;0;0;0;0;NA;absent;35;32,3;33,65;-0,03;2,3;0,36;42;1,62;174,41;2,24;Han & Fu 2013;;Amphibiaweb;Han & Fu 2013;Han & Fu 2013;Han & Fu 2013;Han & Fu 2013
Ikakogi_tayrona;Centrolenidae;Diphyabatracea;female-only care ;1;1;0;0;1;1;2;0;2;0;0;1;absent;29,5;29,4;NA;NA;NA;NA;NA;NA;NA;NA;Delia et al. 2017;Amphibiaweb;Amphibiaweb;Amphibiaweb;Amphibiaweb;;
Incilius_alvarius;Bufonidae;Agastorophrynia;no care;0;0;0;0;0;0;0;0;0;0;0;0;absent;132,5;NA;NA;NA;1,45;0,16;7750;3,89;12791,08;4,11;Gomez-Mestre et al. 2012, Han & Fu 2013, Summers et al. 2006;Gomez-Mestre et al. 2285;Gomez-Mestre et al. 2012;Gomez-Mestre et al. 2012;;Gomez-Mestre et al. 2012, Han & Fu 2013, Summers et al. 2006;Gomez-Mestre et al. 2012, Han & Fu 2013
Incilius_coccifer;Bufonidae;Agastorophrynia;no care;0;0;0;0;0;0;0;0;0;0;0;NA;absent;67,7;51,4;59,55;-0,12;1,3;0,11;3000;3,48;3979,95;3,6;Han & Fu 2013;;Amphibiaweb;Han & Fu 2013;Han & Fu 2013;Han & Fu 2013;Han & Fu 2013
Incilius_coniferus;Bufonidae;Agastorophrynia;no care;0;0;0;0;0;0;0;0;0;0;0;NA;absent;NA;NA;NA;NA;1,8;0,26;NA;NA;NA;NA;Han & Fu 2013, Summers et al. 2006;;Amphibiaweb;;;Han & Fu 2013, Summers et al. 2006;
Incilius_fastidiosus;Bufonidae;Agastorophrynia;no care;0;0;0;0;0;0;0;0;0;0;0;NA;absent;NA;NA;NA;NA;4,3;0,63;85;1,93;1233,75;3,09;Han & Fu 2013, Summers et al. 2006;;Amphibiaweb;;;Han & Fu 2013, Summers et al. 2006;Han & Fu 2013
Incilius_luetkenii;Bufonidae;Agastorophrynia;no care;0;0;0;0;0;0;0;0;0;0;0;NA;absent;NA;NA;NA;NA;1,5;0,18;3300;3,52;5828,63;3,77;Han & Fu 2013;;Amphibiaweb;;;Han & Fu 2013;Han & Fu 2013
Incilius_melanochlorus;Bufonidae;Agastorophrynia;no care;0;0;0;0;0;0;0;0;0;0;0;NA;absent;NA;NA;NA;NA;NA;NA;NA;NA;NA;NA;Han & Fu 2013;;Amphibiaweb;;;;
Incilius_nebulifer;Bufonidae;Agastorophrynia;no care;0;0;0;0;0;0;0;0;0;0;0;NA;absent;52;44,2;48,1;-0,07;1;0;9000;3,95;7065;3,85;Han & Fu 2013;;Amphibiaweb;Han & Fu 2013;Han & Fu 2013;Han & Fu 2013;Han & Fu 2013
Incilius_valliceps;Bufonidae;Agastorophrynia;no care;0;0;0;0;0;0;0;0;0;0;0;NA;absent;NA;NA;NA;NA;1,2075;0,08;NA;NA;NA;NA;Han & Fu 2013, Summers et al. 2006;;Amphibiaweb;;;Han & Fu 2013, Summers et al. 2006;
Indosylvirana_temporalis;Ranidae;Natatanura;no care;0;0;0;0;0;0;0;0;0;0;0;0;absent;NA;NA;NA;NA;2,5;0,4;NA;NA;NA;NA;Gomez-Mestre et al. 2012, Han & Fu 2013;Gomez-Mestre et al. 2306;Gomez-Mestre et al. 2012;;;Han & Fu 2013;
Ingerophrynus_biporcatus;Bufonidae;Agastorophrynia;no care;0;0;0;0;0;0;0;0;0;0;0;NA;absent;59,8;49;54,4;-0,09;NA;NA;NA;NA;NA;NA;Han & Fu 2013;;Amphibiaweb;Han & Fu 2013;Han & Fu 2013;;
Ischnocnema_guentheri;Brachycephalidae;Terrarana;no care;0;0;0;0;0;0;0;0;0;2;1;1;present;29,5;NA;NA;NA;3;0,48;27,5;1,44;194,29;2,29;Gomez-Mestre et al. 2012;Gomez-Mestre et al. 2012;Gomez-Mestre et al. 2012;Gomez-Mestre et al. 2012;;Gomez-Mestre et al. 2012;Gomez-Mestre et al. 2012
Ischnocnema_parva;Brachycephalidae;Terrarana;no care;0;0;0;0;0;0;0;0;0;2;1;1;present;17,9;NA;NA;NA;1,705;0,23;25;1,4;57,05;1,76;Gomez-Mestre et al. 2012;Gomez-Mestre et al. 2012;Gomez-Mestre et al. 2012;Gomez-Mestre et al. 2012;;Gomez-Mestre et al. 2012;Gomez-Mestre et al. 2012
Isthmohyla_calypsa;Hylidae;Hylidae;no care;0;0;0;0;0;0;0;0;0;0;0;NA;absent;NA;NA;NA;NA;3,6;0,56;NA;NA;NA;NA;Summers et al. 2006;;Amphibiaweb;;;Summers et al. 2006;
Isthmohyla_lancasteri;Hylidae;Hylidae;no care;0;0;0;0;0;0;0;0;0;0;0;NA;absent;NA;NA;NA;NA;4,3;0,63;NA;NA;NA;NA;Summers et al. 2006;;Amphibiaweb;;;Summers et al. 2006;
Isthmohyla_pictipes;Hylidae;Hylidae;no care;0;0;0;0;0;0;0;0;0;0;0;NA;absent;NA;NA;NA;NA;2,44;0,39;NA;NA;NA;NA;Summers et al. 2006;;Amphibiaweb;;;Summers et al. 2006;
Isthmohyla_pseudopuma;Hylidae;Hylidae;no care;0;0;0;0;0;0;0;0;0;0;0;0;absent;43,83;39,7;41,76;-0,04;1,7;0,23;1325;3,12;3005,96;3,48;Gomez-Mestre et al. 2012, Han & Fu 2013;Gomez-Mestre et al. 2106;Gomez-Mestre et al. 2012;Gomez-Mestre et al. 2012, Han & Fu 2013;Han & Fu 2013;Gomez-Mestre et al. 2012, Han & Fu 2013;Gomez-Mestre et al. 2012, Han & Fu 2013
Isthmohyla_rivularis;Hylidae;Hylidae;no care;0;0;0;0;0;0;0;0;0;0;0;NA;absent;35,7;32,3;34;-0,04;2,38;0,38;90;1,95;400,19;2,6;Han & Fu 2013, Summers et al. 2006;;Amphibiaweb;Han & Fu 2013;Han & Fu 2013;Han & Fu 2013, Summers et al. 2006;Han & Fu 2013
Isthmohyla_tica;Hylidae;Hylidae;no care;0;0;0;0;0;0;0;0;0;0;0;NA;absent;38,9;31,6;35,25;-0,09;2,31;0,36;192;2,28;804,26;2,91;Han & Fu 2013, Summers et al. 2006;;Amphibiaweb;Han & Fu 2013;Han & Fu 2013;Han & Fu 2013, Summers et al. 2006;Han & Fu 2013
Isthmohyla_zeteki;Hylidae;Hylidae;NA;NA;2;NA;NA;NA;NA;NA;NA;NA;0;0;NA;absent;25,4;22,5;23,95;-0,05;NA;NA;24;1,38;NA;NA;Amphibiaweb, Zamudio et al 2016;;Amphibiaweb;Han & Fu 2013;Han & Fu 2013;;Han & Fu 2013
Itapotihyla_langsdorffii;Hylidae;Hylidae;no care;0;0;0;0;0;0;0;0;0;0;0;0;absent;99;72;85,5;-0,14;1;0;NA;NA;NA;NA;Gomez-Mestre et al. 2012;Gomez-Mestre et al. 2262;Gomez-Mestre et al. 2012;Han & Fu 2013;Han & Fu 2013;Han & Fu 2013;
Kalophrynus_pleurostigma;Microhylidae;Microhylidae;no care;0;0;0;0;0;0;0;0;0;2;1;0;absent;47,4;40,4;43,9;-0,07;1,5;0,18;2003;3,3;3537,8;3,55;Gomez-Mestre et al. 2012, Han & Fu 2013;Gomez-Mestre et al. 2133;Gomez-Mestre et al. 2012;Gomez-Mestre et al. 2012, Han & Fu 2013;Han & Fu 2013;Gomez-Mestre et al. 2012, Han & Fu 2013;Gomez-Mestre et al. 2012, Han & Fu 2013
Kaloula_pulchra;Microhylidae;Microhylidae;no care;0;0;0;0;0;0;0;0;0;0;0;0;absent;63,6;60,9;62,25;-0,02;1,3;0,11;4126;3,62;5473,76;3,74;Gomez-Mestre et al. 2012, Han & Fu 2013;Gomez-Mestre et al. 2196;Gomez-Mestre et al. 2012;Han & Fu 2013;Han & Fu 2013;Han & Fu 2013;Han & Fu 2013
Kaloula_rugifera;Microhylidae;Microhylidae;no care;0;0;0;0;0;0;0;0;0;0;0;NA;absent;NA;NA;NA;NA;1,5;0,18;NA;NA;NA;NA;Summers et al. 2006;;Amphibiaweb;;;Summers et al. 2006;
Kaloula_verrucosa;Microhylidae;Microhylidae;no care;0;0;0;0;0;0;0;0;0;0;0;NA;absent;NA;NA;NA;NA;1,5;0,18;NA;NA;NA;NA;Summers et al. 2006;;Amphibiaweb;;;Summers et al. 2006;
Kassina_maculata;Hyperoliidae;Afrobatrachia;no care;0;0;0;0;0;0;0;0;0;0;0;0;absent;68,5;NA;NA;NA;1,5;0,18;250;2,4;441,56;2,64;Gomez-Mestre et al. 2012, Summers et al. 2006;Gomez-Mestre et al. 2210;Gomez-Mestre et al. 2012;Gomez-Mestre et al. 2012;;Gomez-Mestre et al. 2012, Summers et al. 2006;Gomez-Mestre et al. 2012
Kassina_senegalensis;Hyperoliidae;Afrobatrachia;no care;0;0;0;0;0;0;0;0;0;0;0;0;absent;37;NA;NA;NA;1,65;0,22;391;2,59;835,63;2,92;Gomez-Mestre et al. 2012, Han & Fu 2013, Summers et al. 2006;Gomez-Mestre et al. 2074;Gomez-Mestre et al. 2012;Gomez-Mestre et al. 2012;;Gomez-Mestre et al. 2012, Han & Fu 2013, Summers et al. 2006;Gomez-Mestre et al. 2012, Han & Fu 2013
Kurixalus_eiffingeri;Rhacophoridae;Natatanura;male-only care ;1;2;2;1;2;1;2;2;0;1;1;1;absent;38;32,8;35,4;-0,06;2,2;0,34;54,5;1,74;207,07;2,32;Chuang et al. 2007;Gomez-Mestre et al. 2012;Gomez-Mestre et al. 2012;Gomez-Mestre et al. 2012, Han & Fu 2013;Han & Fu 2013;Gomez-Mestre et al. 2012, Han & Fu 2013, Summers et al. 2006;Gomez-Mestre et al. 2012, Han & Fu 2013
Kurixalus_idiootocus;Rhacophoridae;Natatanura;no care;0;0;0;0;0;0;0;0;0;0;0;1;absent;45;NA;NA;NA;1,95;0,29;200;2,3;596,99;2,78;Gomez-Mestre et al. 2012, Summers et al. 2006;Gomez-Mestre et al. 2012;Gomez-Mestre et al. 2012;Gomez-Mestre et al. 2012;;Gomez-Mestre et al. 2012, Summers et al. 2006;Gomez-Mestre et al. 2012
Laliostoma_labrosum;Mantellidae;Natatanura;no care;0;0;0;0;0;0;0;0;0;0;0;0;absent;NA;NA;NA;NA;NA;NA;NA;NA;NA;NA;Gomez-Mestre et al. 2012, Han & Fu 2013;Gomez-Mestre et al. 2335;Gomez-Mestre et al. 2012;;;;
Lankanectes_corrugatus;Nyctibatrachidae;Natatanura;no care;0;0;0;0;0;0;0;0;0;0;0;NA;absent;NA;NA;NA;NA;NA;NA;NA;NA;NA;NA;Han & Fu 2013;;Amphibiaweb;;;;
Lechriodus_fletcheri;Limnodynastidae;Australobatrachia;female-only care ;1;1;0;0;1;1;1;0;1;0;0;1;absent;46;NA;NA;NA;1,7;0,23;475;2,68;1077,61;3,03;Amphibiaweb;Gomez-Mestre et al. 2012;Gomez-Mestre et al. 2012;Gomez-Mestre et al. 2012;;Gomez-Mestre et al. 2012, Han & Fu 2013, Summers et al. 2006;Gomez-Mestre et al. 2012, Han & Fu 2013
Leiopelma_archeyi;Leiopelmatidae;Leiopelmatoidea;male-only care ;1;3;3;1;0;0;3;3;0;2;1;1;present;36,25;31;33,63;-0,07;4,5;0,65;7;0,85;111,27;2,05;Bell 1978;Amphibiaweb;Gomez-Mestre et al. 2012;Gomez-Mestre et al. 2012, Han & Fu 2013;Han & Fu 2013;Gomez-Mestre et al. 2012, Han & Fu 2013, Summers et al. 2006;Gomez-Mestre et al. 2012, Han & Fu 2013
Leiopelma_hamiltoni;Leiopelmatidae;Leiopelmatoidea;male-only care ;1;3;3;1;0;0;3;3;0;2;1;NA;present;NA;NA;NA;NA;NA;NA;NA;NA;NA;NA;Wells 2007;;Amphibiaweb;;;;
Leiopelma_hochstetteri;Leiopelmatidae;Leiopelmatoidea;male-only care ;1;2;2;1;0;0;2;2;0;2;1;0;absent;45,25;38;41,63;-0,08;5,5;0,74;16;1,2;379,94;2,58;Wells 2007;Amphibiaweb;Gomez-Mestre et al. 2012;Gomez-Mestre et al. 2012, Han & Fu 2013;Han & Fu 2013;Gomez-Mestre et al. 2012, Han & Fu 2013, Summers et al. 2006;Gomez-Mestre et al. 2012, Han & Fu 2013
Leiopelma_pakeka;Leiopelmatidae;Leiopelmatoidea;male-only care ;1;3;3;1;0;0;3;3;0;2;1;1;present;NA;NA;NA;NA;NA;NA;NA;NA;NA;NA;Amphibiaweb;Amphibiaweb;Gomez-Mestre et al. 2012;;;;
Lepidobatrachus_laevis;Ceratophryidae;Crown_Hyloidea;no care;0;0;0;0;0;0;0;0;0;0;0;0;absent;110,25;NA;NA;NA;2,5;0,4;1387;3,14;6804,97;3,83;Gomez-Mestre et al. 2012, Summers et al. 2006;Gomez-Mestre et al. 2277;Gomez-Mestre et al. 2012;Gomez-Mestre et al. 2012;;Gomez-Mestre et al. 2012, Summers et al. 2006;Gomez-Mestre et al. 2012
Leptobrachium_boringii;Megophryidae;Anomocoela;male-only care ;1;1;1;1;0;0;2;2;0;0;0;0;absent;66,8;76,7;71,75;0,06;3;0,48;298;2,47;2105,37;3,32;Hudson & Fu 2013;Amphibiaweb;Gomez-Mestre et al. 2012;Han & Fu 2013;Han & Fu 2013;Han & Fu 2013;Han & Fu 2013
Leptodactylus_albilabris;Leptodactylidae;Diphyabatracea;biparental care;2;1;1;1;1;1;1;1;1;0;0;NA;absent;40,7;35,2;37,95;-0,06;2,8;0,45;138;2,14;849,31;2,93;IUCN;;Amphibiaweb;Han & Fu 2013;Han & Fu 2013;Han & Fu 2013;Han & Fu 2013
Leptodactylus_bolivianus;Leptodactylidae;Diphyabatracea;biparental care;2;2;1;1;2;1;2;1;2;0;0;NA;absent;NA;NA;NA;NA;NA;NA;NA;NA;NA;NA;IUCN, Wells 2007;;Amphibiaweb;;;;
Leptodactylus_bufonius;Leptodactylidae;Diphyabatracea;male-only care ;1;1;1;1;0;0;1;1;0;0;0;NA;absent;60;56,4;58,2;-0,03;NA;NA;550;2,74;NA;NA;Amphibiaweb;;Amphibiaweb;Han & Fu 2013;Han & Fu 2013;;Gomez-Mestre et al. 2012
Leptodactylus_chaquensis;Leptodactylidae;Diphyabatracea;biparental care;2;2;1;1;2;1;2;1;2;0;0;1;absent;80,7;NA;NA;NA;1,5;0,18;15299;4,18;27021,86;4,43;Wells 2007, Prado et al 2000;Gomez-Mestre et al. 2012;Gomez-Mestre et al. 2012;Gomez-Mestre et al. 2012;;Gomez-Mestre et al. 2012, Summers et al. 2006;Gomez-Mestre et al. 2012
Leptodactylus_fallax;Leptodactylidae;Diphyabatracea;biparental care;2;2;2;1;2;1;2;2;2;1;1;1;absent;210;NA;NA;NA;1,6;0,2;47,5;1,68;95,46;1,98;Amphibiaweb;Gomez-Mestre et al. 2012;Gomez-Mestre et al. 2012;Gomez-Mestre et al. 2012;;Gomez-Mestre et al. 2012;Gomez-Mestre et al. 2012
Leptodactylus_fuscus;Leptodactylidae;Diphyabatracea;biparental care;2;1;1;1;1;1;1;1;1;0;0;1;absent;43,35;41,1;42,23;-0,02;2;0,3;121;2,08;379,94;2,58;Amphibiaweb;Gomez-Mestre et al. 2012;Gomez-Mestre et al. 2012;Gomez-Mestre et al. 2012, Han & Fu 2013;Han & Fu 2013;Gomez-Mestre et al. 2012, Han & Fu 2013;Gomez-Mestre et al. 2012
Leptodactylus_gracilis;Leptodactylidae;Diphyabatracea;biparental care;2;1;1;1;1;1;1;1;1;0;0;NA;absent;43;43;43;0;NA;NA;NA;NA;NA;NA;Amphibiaweb;;Amphibiaweb;Han & Fu 2013;Han & Fu 2013;;
Leptodactylus_knudseni;Leptodactylidae;Diphyabatracea;biparental care;2;1;1;1;2;1;1;1;1;1;1;NA;absent;NA;NA;NA;NA;NA;NA;NA;NA;NA;NA;Prado et al. 2002;;Amphibiaweb;;;;
Leptodactylus_labyrinthicus;Leptodactylidae;Diphyabatracea;biparental care;2;1;1;1;1;1;1;1;1;1;1;1;absent;137,4;136,5;136,95;0;2,055;0,31;3872,25;3,59;12836,8;4,11;Wikipedia;Gomez-Mestre et al. 2012;Gomez-Mestre et al. 2012;Gomez-Mestre et al. 2012, Han & Fu 2013;Han & Fu 2013;Gomez-Mestre et al. 2012, Han & Fu 2013;Gomez-Mestre et al. 2012, Han & Fu 2013
Leptodactylus_latrans;Leptodactylidae;Diphyabatracea;biparental care;2;2;1;1;2;1;2;1;2;0;0;NA;absent;95;105;36,68;0,04;NA;NA;NA;NA;NA;NA;Encyclopedia of Life;;Amphibiaweb;Amphibiaweb;Amphibiaweb;;
Leptodactylus_leptodactyloides;Leptodactylidae;Diphyabatracea;biparental care;2;2;1;1;2;1;2;1;2;0;0;NA;absent;47,5;40,9;44,2;-0,06;NA;NA;NA;NA;NA;NA;Rodrigues et al 2011;;Amphibiaweb;Han & Fu 2013;Han & Fu 2013;;
Leptodactylus_melanonotus;Leptodactylidae;Diphyabatracea;biparental care;2;2;1;1;2;1;2;1;2;0;0;1;absent;45;37,5;41,25;-0,08;1,275;0,11;1500;3,18;1914,17;3,28;IUCN;Gomez-Mestre et al. 2012;Gomez-Mestre et al. 2012;Gomez-Mestre et al. 2012, Han & Fu 2013;Han & Fu 2013;Gomez-Mestre et al. 2012, Han & Fu 2013, Summers et al. 2006;Gomez-Mestre et al. 2012, Han & Fu 2013
Leptodactylus_mystaceus;Leptodactylidae;Diphyabatracea;biparental care;2;1;1;1;1;1;1;1;1;0;0;1;absent;51,45;45,1;48,28;-0,06;2,45;0,39;275,5;2,44;1298,15;3,11;IUCN;Gomez-Mestre et al. 2012;Gomez-Mestre et al. 2012;Gomez-Mestre et al. 2012, Han & Fu 2013;Han & Fu 2013;Gomez-Mestre et al. 2012, Han & Fu 2013, Summers et al. 2006;Gomez-Mestre et al. 2012, Han & Fu 2013
Leptodactylus_mystacinus;Leptodactylidae;Diphyabatracea;biparental care;2;1;1;1;1;1;1;1;1;0;0;1;absent;56,75;56,5;56,63;0;2,875;0,46;258,5;2,41;1677,28;3,22;IUCN;Gomez-Mestre et al. 2012;Gomez-Mestre et al. 2012;Gomez-Mestre et al. 2012, Han & Fu 2013;Han & Fu 2013;Gomez-Mestre et al. 2012, Han & Fu 2013;Gomez-Mestre et al. 2012, Han & Fu 2013
Leptodactylus_natalensis;Leptodactylidae;Diphyabatracea;biparental care;2;2;1;1;2;1;2;1;2;0;0;NA;absent;NA;NA;NA;NA;NA;NA;1516,5;3,18;NA;NA;Santos & Amorim 2006;;Gomez-Mestre et al. 2012;;;;Santos & Amorim 2008
Leptodactylus_pentadactylus;Leptodactylidae;Diphyabatracea;biparental care;2;1;1;1;1;1;1;1;1;1;1;1;absent;168,25;158;163,13;-0,03;2,625;0,42;1000;3;5409,14;3,73;Amphibiaweb;Gomez-Mestre et al. 2012;Gomez-Mestre et al. 2012;Gomez-Mestre et al. 2012, Han & Fu 2013;Han & Fu 2013;Gomez-Mestre et al. 2012, Han & Fu 2013, Summers et al. 2006;Gomez-Mestre et al. 2012, Han & Fu 2013
Leptodactylus_podicipinus;Leptodactylidae;Diphyabatracea;biparental care;2;2;1;1;2;1;2;1;2;0;0;NA;absent;41,4;39,2;40,3;-0,02;1,1;0,04;2068;3,32;1964,29;3,29;Prado et al 2000, Prado et al 2002, Amphibiaweb;;Amphibiaweb;Han & Fu 2013;Han & Fu 2013;Summers et al. 2006;Prado at al. 2000
Leptodactylus_rhodomystax;Leptodactylidae;Diphyabatracea;biparental care;2;1;1;1;1;1;1;1;1;0;0;1;absent;76,5;NA;NA;NA;3;0,48;250;2,4;1766,25;3,25;IUCN;Gomez-Mestre et al. 2012;Gomez-Mestre et al. 2012;Gomez-Mestre et al. 2012;;Gomez-Mestre et al. 2012, Summers et al. 2006;Gomez-Mestre et al. 2012
Leptodactylus_validus;Leptodactylidae;Diphyabatracea;biparental care;2;2;1;1;2;1;2;1;2;0;0;NA;absent;44,3;37,8;41,05;-0,07;NA;NA;NA;NA;NA;NA;Wells 2007;;Amphibiaweb;Han & Fu 2013;Han & Fu 2013;;
Leptodactylus_wagneri;Leptodactylidae;Diphyabatracea;biparental care;2;1;1;1;1;1;1;1;1;0;0;1;absent;65,45;50;57,73;-0,12;1,375;0,14;2095;3,32;3109,27;3,49;IUCN;Gomez-Mestre et al. 2012;Gomez-Mestre et al. 2012;Gomez-Mestre et al. 2012, Han & Fu 2013;Han & Fu 2013;Gomez-Mestre et al. 2012, Han & Fu 2013;Gomez-Mestre et al. 2012, Han & Fu 2013
Leptopelis_barbouri;Arthroleptidae;Afrobatrachia;NA;NA;1;NA;NA;NA;NA;1;NA;NA;0;0;NA;absent;NA;NA;NA;NA;NA;NA;NA;NA;NA;NA;Stuart et al. 2008;;Amphibiaweb;;;;
Leptopelis_karissimbensis;Arthroleptidae;Afrobatrachia;NA;NA;1;NA;NA;NA;NA;1;NA;NA;0;0;NA;absent;NA;NA;NA;NA;NA;NA;NA;NA;NA;NA;Stuart et al. 2008;;Amphibiaweb;;;;
Leptopelis_parkeri;Arthroleptidae;Afrobatrachia;NA;NA;1;NA;NA;NA;NA;1;NA;NA;0;0;NA;absent;NA;NA;NA;NA;NA;NA;NA;NA;NA;NA;Stuart et al. 2008;;Amphibiaweb;;;;
Leptopelis_ragazzi;Arthroleptidae;Afrobatrachia;NA;NA;1;NA;NA;NA;NA;1;NA;NA;0;0;NA;absent;NA;NA;NA;NA;NA;NA;NA;NA;NA;NA;Stuart et al. 2008;;Amphibiaweb;;;;
Leptopelis_vannutellii;Arthroleptidae;Afrobatrachia;NA;NA;1;NA;NA;NA;NA;1;NA;NA;0;0;NA;absent;NA;NA;NA;NA;NA;NA;NA;NA;NA;NA;Stuart et al. 2008;;Amphibiaweb;;;;
Limnodynastes_dorsalis;Limnodynastidae;Australobatrachia;male-only care ;1;1;1;1;0;0;2;2;0;0;0;NA;absent;87;75;81;-0,06;NA;NA;NA;NA;NA;NA;Amphibiaweb, Wells 2007;;Amphibiaweb;Amphibiaweb;Amphibiaweb;;
Limnodynastes_dumerilii;Limnodynastidae;Australobatrachia;female-only care ;1;1;0;0;1;1;1;0;1;0;0;NA;absent;NA;NA;NA;NA;1,7;0,23;3950;3,6;8961,17;3,95;Amphibiaweb;;Amphibiaweb;;;Han & Fu 2013, Summers et al. 2006;Han & Fu 2013
Limnodynastes_interioris;Limnodynastidae;Australobatrachia;no care;0;0;0;0;0;0;0;0;0;0;0;NA;absent;NA;NA;NA;NA;1,7;0,23;NA;NA;NA;NA;Summers et al. 2006;;Amphibiaweb;;;Summers et al. 2006;
Limnodynastes_lignarius;Limnodynastidae;Australobatrachia;no care;2;1;0;0;1;1;1;0;1;0;0;1;absent;46,5;NA;NA;NA;1,85;0,27;375;2,57;1007,5;3;Amphibiaweb;Gomez-Mestre et al. 2012;Gomez-Mestre et al. 2012;Gomez-Mestre et al. 2012;;Gomez-Mestre et al. 2012, Summers et al. 2006;Gomez-Mestre et al. 2012
Limnodynastes_peronii;Limnodynastidae;Australobatrachia;female-only care ;1;1;0;0;1;1;1;0;1;0;0;1;absent;51,05;51,7;51,38;0,01;1,5;0,18;853,5;2,93;1507,49;3,18;Amphibiaweb;Gomez-Mestre et al. 2012;Gomez-Mestre et al. 2012;Gomez-Mestre et al. 2012, Han & Fu 2013;Han & Fu 2013;Gomez-Mestre et al. 2012, Han & Fu 2013, Summers et al. 2006;Gomez-Mestre et al. 2012, Han & Fu 2013
Limnodynastes_salmini;Limnodynastidae;Australobatrachia;no care;2;1;0;0;1;1;1;0;1;0;0;1;absent;67,5;NA;NA;NA;1,5;0,18;1750;3,24;3090,94;3,49;Amphibiaweb;Gomez-Mestre et al. 2012;Gomez-Mestre et al. 2012;Gomez-Mestre et al. 2012;;Gomez-Mestre et al. 2012;Gomez-Mestre et al. 2012, Han & Fu 2013
Limnodynastes_tasmaniensis;Limnodynastidae;Australobatrachia;female-only care ;1;1;0;0;1;1;1;0;1;0;0;1;absent;36,45;33,2;34,83;-0,04;1,195;0,08;486,75;2,69;545,65;2,74;Amphibiaweb;Gomez-Mestre et al. 2012;Gomez-Mestre et al. 2012;Gomez-Mestre et al. 2012, Han & Fu 2013;Han & Fu 2013;Gomez-Mestre et al. 2012, Han & Fu 2013, Summers et al. 2006;Gomez-Mestre et al. 2012, Han & Fu 2013
Limnonectes_arathooni;Dicroglossidae;Natatanura;male-only care ;1;1;1;1;0;0;2;2;0;0;0;NA;absent;NA;NA;NA;NA;NA;NA;19,5;1,29;NA;NA;IUCN;;IUCN;;;;IUCN
Limnonectes_blythii;Dicroglossidae;Natatanura;male-only care ;1;1;1;1;0;0;1;1;0;0;0;0;absent;152,5;NA;NA;NA;1,825;0,26;1826;3,26;4774,15;3,68;Amphibiaweb;Amphibiaweb;Gomez-Mestre et al. 2012;Gomez-Mestre et al. 2012;;Gomez-Mestre et al. 2012, Han & Fu 2013;Gomez-Mestre et al. 2012, Han & Fu 2013
Limnonectes_finchi;Dicroglossidae;Natatanura;male-only care ;1;2;2;1;0;0;3;3;0;0;0;1;absent;42;NA;NA;NA;1,98;0,3;35,5;1,55;109,25;2,04;Amphibiaweb;Gomez-Mestre et al. 2012;Gomez-Mestre et al. 2012;Gomez-Mestre et al. 2012;;Gomez-Mestre et al. 2012, Han & Fu 2013, Summers et al. 2006;Gomez-Mestre et al. 2012
Limnonectes_fujianensis;Dicroglossidae;Natatanura;no care;0;0;0;0;0;0;0;0;0;0;0;NA;absent;47,5;53,9;50,7;0,05;2,3;0,36;53;1,72;220,09;2,34;Han & Fu 2013;;Amphibiaweb;Han & Fu 2013;Han & Fu 2013;Han & Fu 2013;Han & Fu 2013
Limnonectes_ibanorum;Dicroglossidae;Natatanura;no care;0;0;0;0;0;0;0;0;0;0;0;NA;absent;NA;NA;NA;NA;NA;NA;1122;3,05;NA;NA;Han & Fu 2013;;Amphibiaweb;;;;Han & Fu 2013
Limnonectes_kuhlii;Dicroglossidae;Natatanura;no care;0;0;0;0;0;0;0;0;0;0;0;0;absent;57,45;55,6;56,53;-0,01;2,15;0,33;60;1,78;217,72;2,34;Gomez-Mestre et al. 2012, Han & Fu 2013;Gomez-Mestre et al. 2172;Gomez-Mestre et al. 2012;Gomez-Mestre et al. 2012, Han & Fu 2013;Han & Fu 2013;Gomez-Mestre et al. 2012, Han & Fu 2013;Gomez-Mestre et al. 2012, Han & Fu 2013
Limnonectes_larvaepartus;Dicroglossidae;Natatanura;female-only care ;1;2;0;0;2;1;5;0;5;0;0;NA;absent;NA;NA;NA;NA;NA;NA;NA;NA;NA;NA;Iskandar et al. 2014;;Iskandar et al. 2014;;;;
Limnonectes_macrodon;Dicroglossidae;Natatanura;no care;0;0;0;0;0;0;0;0;0;0;0;NA;absent;NA;NA;NA;NA;1,4;0,15;1660;3,22;2554,08;3,41;Han & Fu 2013, Summers et al. 2006;;Amphibiaweb;;;Han & Fu 2013, Summers et al. 2006;Han & Fu 2013
Limnonectes_magnus;Dicroglossidae;Natatanura;no care;0;0;0;0;0;0;0;0;0;0;0;1;absent;NA;NA;NA;NA;NA;NA;NA;NA;NA;NA;Gomez-Mestre et al. 2012;Gomez-Mestre et al. 2012;Gomez-Mestre et al. 2012;;;;
Limnonectes_palavanensis;Dicroglossidae;Natatanura;male-only care ;1;2;2;1;0;0;3;3;0;0;0;NA;absent;NA;NA;NA;NA;2,295;0,36;NA;NA;NA;NA;IUCN;;IUCN;;;IUCN;
Liophryne_rhododactyla;Microhylidae;Microhylidae;male-only care ;1;1;1;1;0;0;2;2;0;2;1;1;present;NA;NA;NA;NA;NA;NA;NA;NA;NA;NA;Amphibiaweb, Wells 2007;Amphibiaweb;Gomez-Mestre et al. 2012;;;;
Liophryne_schlaginhaufeni;Microhylidae;Microhylidae;male-only care ;1;3;3;1;0;0;3;3;0;2;1;1;present;NA;NA;NA;NA;NA;NA;NA;NA;NA;NA;Bickford 2002;Amphibiaweb;Gomez-Mestre et al. 2012;;;;
Lithobates_areolatus;Ranidae;Natatanura;no care;0;0;0;0;0;0;0;0;0;0;0;NA;absent;NA;NA;NA;NA;2,5;0,4;7000;3,85;34343,75;4,54;Han & Fu 2013;;Amphibiaweb;;;Han & Fu 2013;Han & Fu 2013
Lithobates_berlandieri;Ranidae;Natatanura;no care;0;0;0;0;0;0;0;0;0;0;0;0;absent;NA;NA;NA;NA;NA;NA;NA;NA;NA;NA;Gomez-Mestre et al. 2012, Han & Fu 2013;Gomez-Mestre et al. 2336;Gomez-Mestre et al. 2012;;;;
Lithobates_blairi;Ranidae;Natatanura;no care;0;0;0;0;0;0;0;0;0;0;0;NA;absent;NA;NA;NA;NA;NA;NA;5250;3,72;NA;NA;Han & Fu 2013;;Amphibiaweb;;;;Han & Fu 2013
Lithobates_capito;Ranidae;Natatanura;no care;0;0;0;0;0;0;0;0;0;0;0;0;absent;75,5;NA;NA;NA;2,05;0,31;4363,5;3,64;14395,02;4,16;Gomez-Mestre et al. 2012, Han & Fu 2013;Gomez-Mestre et al. 2233;Gomez-Mestre et al. 2012;Gomez-Mestre et al. 2012;;Gomez-Mestre et al. 2012, Han & Fu 2013;Gomez-Mestre et al. 2012, Han & Fu 2013
Lithobates_catesbeianus;Ranidae;Natatanura;no care;0;0;0;0;0;0;0;0;0;0;0;0;absent;137,15;119,3;128,23;-0,06;1,5;0,18;25076,25;4,4;44290,93;4,65;Gomez-Mestre et al. 2012, Han & Fu 2013, Summers et al. 2006;Gomez-Mestre et al. 2288;Gomez-Mestre et al. 2012;Gomez-Mestre et al. 2012, Han & Fu 2013;Han & Fu 2013;Gomez-Mestre et al. 2012, Han & Fu 2013, Summers et al. 2006;Gomez-Mestre et al. 2012, Han & Fu 2013
Lithobates_chiricahuensis;Ranidae;Natatanura;no care;0;0;0;0;0;0;0;0;0;0;0;0;absent;80;NA;NA;NA;1,5;0,18;892,5;2,95;1576,38;3,2;Gomez-Mestre et al. 2012, Han & Fu 2013;Gomez-Mestre et al. 2237;Gomez-Mestre et al. 2012;Gomez-Mestre et al. 2012;;Gomez-Mestre et al. 2012, Han & Fu 2013;Gomez-Mestre et al. 2012, Han & Fu 2013
Lithobates_clamitans;Ranidae;Natatanura;no care;0;0;0;0;0;0;0;0;0;0;0;0;absent;72;NA;NA;NA;1,5;0,18;4750;3,68;8389,69;3,92;Gomez-Mestre et al. 2012, Han & Fu 2013;Gomez-Mestre et al. 2219;Gomez-Mestre et al. 2012;Gomez-Mestre et al. 2012;;Gomez-Mestre et al. 2012, Han & Fu 2013;Gomez-Mestre et al. 2012, Han & Fu 2013
Lithobates_forreri;Ranidae;Natatanura;no care;0;0;0;0;0;0;0;0;0;0;0;0;absent;99,5;NA;NA;NA;2;0,3;1000;3;3140;3,5;Gomez-Mestre et al. 2012;Gomez-Mestre et al. 2263;Gomez-Mestre et al. 2012;Gomez-Mestre et al. 2012;;Gomez-Mestre et al. 2012;Gomez-Mestre et al. 2012
Lithobates_grylio;Ranidae;Natatanura;no care;0;0;0;0;0;0;0;0;0;0;0;0;absent;123;NA;NA;NA;1,6;0,2;9502;3,98;19095,22;4,28;Gomez-Mestre et al. 2012, Han & Fu 2013;Gomez-Mestre et al. 2282;Gomez-Mestre et al. 2012;Gomez-Mestre et al. 2012;;Gomez-Mestre et al. 2012;Gomez-Mestre et al. 2012, Han & Fu 2013
Lithobates_heckscheri;Ranidae;Natatanura;no care;0;0;0;0;0;0;0;0;0;0;0;0;absent;128,5;NA;NA;NA;1,775;0,25;7000;3,85;17312,68;4,24;Gomez-Mestre et al. 2012, Han & Fu 2013;Gomez-Mestre et al. 2283;Gomez-Mestre et al. 2012;Gomez-Mestre et al. 2012;;Gomez-Mestre et al. 2012, Han & Fu 2013;Gomez-Mestre et al. 2012, Han & Fu 2013
Lithobates_montezumae;Ranidae;Natatanura;no care;0;0;0;0;0;0;0;0;0;0;0;0;absent;NA;NA;NA;NA;NA;NA;NA;NA;NA;NA;Gomez-Mestre et al. 2012;Gomez-Mestre et al. 2337;Gomez-Mestre et al. 2012;;;;
Lithobates_onca;Ranidae;Natatanura;no care;0;0;0;0;0;0;0;0;0;0;0;NA;absent;NA;NA;NA;NA;NA;NA;200;2,3;NA;NA;Han & Fu 2013;;Amphibiaweb;;;;Han & Fu 2013
Lithobates_palmipes;Ranidae;Natatanura;no care;0;0;0;0;0;0;0;0;0;0;0;0;absent;109,4;92,3;100,85;-0,07;1,5;0,18;4805;3,68;8486,83;3,93;Gomez-Mestre et al. 2012, Han & Fu 2013;Gomez-Mestre et al. 2276;Gomez-Mestre et al. 2012;Gomez-Mestre et al. 2012, Han & Fu 2013;Han & Fu 2013;Gomez-Mestre et al. 2012, Han & Fu 2013;Gomez-Mestre et al. 2012, Han & Fu 2013
Lithobates_palustris;Ranidae;Natatanura;no care;0;0;0;0;0;0;0;0;0;0;0;NA;absent;66,2;53;59,7;-0,1;1,675;0,22;2500;3,4;5506,04;3,74;Gomez-Mestre et al. 2012, Han & Fu 2013;;Gomez-Mestre et al. 2012;Gomez-Mestre et al. 2012, Han & Fu 2013;Han & Fu 2013;Gomez-Mestre et al. 2012, Han & Fu 2013;Gomez-Mestre et al. 2012, Han & Fu 2013
Lithobates_pipiens;Ranidae;Natatanura;no care;0;0;0;0;0;0;0;0;0;0;0;0;absent;84,05;69,8;76,93;-0,08;1,75;0,24;3596;3,56;8645,01;3,94;Gomez-Mestre et al. 2012, Han & Fu 2013;Gomez-Mestre et al. 2242;Gomez-Mestre et al. 2012;Gomez-Mestre et al. 2012, Han & Fu 2013;Han & Fu 2013;Gomez-Mestre et al. 2012, Han & Fu 2013;Gomez-Mestre et al. 2012, Han & Fu 2013
Lithobates_septentrionalis;Ranidae;Natatanura;no care;0;0;0;0;0;0;0;0;0;0;0;NA;absent;NA;NA;NA;NA;1,7;0,23;500;2,7;1134,33;3,05;Han & Fu 2013;;Amphibiaweb;;;Han & Fu 2013;Han & Fu 2013
Lithobates_sevosus;Ranidae;Natatanura;no care;0;0;0;0;0;0;0;0;0;0;0;NA;absent;85,4;80,6;83;-0,03;1,8;0,26;6600;3,82;16786,44;4,22;Han & Fu 2013;;Amphibiaweb;Han & Fu 2013;Han & Fu 2013;Han & Fu 2013;Han & Fu 2013
Lithobates_sphenocephalus;Ranidae;Natatanura;no care;0;0;0;0;0;0;0;0;0;0;0;0;absent;76,35;55,8;66,08;-0,14;1,6;0,2;1350;3,13;2712,96;3,43;Gomez-Mestre et al. 2012, Han & Fu 2013;Gomez-Mestre et al. 2234;Gomez-Mestre et al. 2012;Gomez-Mestre et al. 2012, Han & Fu 2013;Han & Fu 2013;Gomez-Mestre et al. 2012, Han & Fu 2013;Gomez-Mestre et al. 2012, Han & Fu 2013
Lithobates_sylvaticus;Ranidae;Natatanura;no care;0;0;0;0;0;0;0;0;0;0;0;0;absent;60,05;53,6;56,83;-0,05;2,18335;0,34;903;2,96;3379,12;3,53;Gomez-Mestre et al. 2012, Han & Fu 2013, Summers et al. 2006;Gomez-Mestre et al. 2182;Gomez-Mestre et al. 2012;Gomez-Mestre et al. 2012, Han & Fu 2013;Han & Fu 2013;Gomez-Mestre et al. 2012, Han & Fu 2013, Summers et al. 2006;Gomez-Mestre et al. 2012, Han & Fu 2013
Lithobates_tarahumarae;Ranidae;Natatanura;no care;0;0;0;0;0;0;0;0;0;0;0;0;absent;NA;NA;NA;NA;2,2;0,34;2200;3,34;8358,68;3,92;Gomez-Mestre et al. 2012, Han & Fu 2013;Gomez-Mestre et al. 2303;Gomez-Mestre et al. 2012;;;Han & Fu 2013;Han & Fu 2013
Lithobates_vaillanti;Ranidae;Natatanura;no care;0;0;0;0;0;0;0;0;0;0;0;0;absent;NA;NA;NA;NA;NA;NA;NA;NA;NA;NA;Gomez-Mestre et al. 2012;Gomez-Mestre et al. 2338;Gomez-Mestre et al. 2012;;;;
Lithobates_vibicarius;Ranidae;Natatanura;no care;0;0;0;0;0;0;0;0;0;0;0;NA;absent;NA;NA;NA;NA;2,5;0,4;NA;NA;NA;NA;Han & Fu 2013;;Amphibiaweb;;;Han & Fu 2013;
Lithobates_virgatipes;Ranidae;Natatanura;no care;0;0;0;0;0;0;0;0;0;0;0;NA;absent;NA;NA;NA;NA;1,8;0,26;400;2,6;1017,36;3,01;Han & Fu 2013;;Amphibiaweb;;;Han & Fu 2013;Han & Fu 2013
Lithobates_warszewitschii;Ranidae;Natatanura;no care;0;0;0;0;0;0;0;0;0;0;0;0;absent;NA;NA;NA;NA;NA;NA;NA;NA;NA;NA;Gomez-Mestre et al. 2012;Gomez-Mestre et al. 2339;Gomez-Mestre et al. 2012;;;;
Lithodytes_lineatus;Leptodactylidae;Diphyabatracea;biparental care;2;1;1;1;1;1;1;1;1;0;0;1;absent;45,05;47;49,5;0,02;2;0,3;183;2,26;574,62;2,76;Amphibiaweb;Gomez-Mestre et al. 2012;Gomez-Mestre et al. 2012;Amphibiaweb;40,95;Gomez-Mestre et al. 2012, Han & Fu 2013, Summers et al. 2006;Gomez-Mestre et al. 2012, Han & Fu 2013
Litoria_alboguttata;Hylidae;Hylidae;no care;0;0;0;0;0;0;0;0;0;0;0;0;absent;75;NA;NA;NA;1,3;0,11;2496,5;3,4;3311,98;3,52;Gomez-Mestre et al. 2012, Summers et al. 2006;Gomez-Mestre et al. 2230;Gomez-Mestre et al. 2012;Gomez-Mestre et al. 2012;;Gomez-Mestre et al. 2012, Summers et al. 2006;Gomez-Mestre et al. 2012
Litoria_aurea;Hylidae;Hylidae;no care;0;0;0;0;0;0;0;0;0;0;0;NA;absent;93,9;91,8;92,85;-0,01;1,4;0,15;NA;NA;NA;NA;Han & Fu 2013;;Amphibiaweb;Han & Fu 2013;Han & Fu 2013;Han & Fu 2013;
Litoria_australis;Hylidae;Hylidae;no care;0;0;0;0;0;0;0;0;0;0;0;0;absent;91,25;87;89,13;-0,02;1,625;0,21;2275;3,36;4715,83;3,67;Gomez-Mestre et al. 2012, Han & Fu 2013;Gomez-Mestre et al. 2250;Gomez-Mestre et al. 2012;Gomez-Mestre et al. 2012, Han & Fu 2013;Han & Fu 2013;Gomez-Mestre et al. 2012, Han & Fu 2013;Gomez-Mestre et al. 2012, Han & Fu 2013
Litoria_brevipes;Hylidae;Hylidae;no care;0;0;0;0;0;0;0;0;0;0;0;0;absent;40,5;37;38,75;-0,04;1,3;0,11;2625,5;3,42;3483,12;3,54;Gomez-Mestre et al. 2012, Han & Fu 2013, Summers et al. 2006;Gomez-Mestre et al. 2086;Gomez-Mestre et al. 2012;Gomez-Mestre et al. 2012, Han & Fu 2013;Han & Fu 2013;Gomez-Mestre et al. 2012, Han & Fu 2013, Summers et al. 2006;Gomez-Mestre et al. 2012, Han & Fu 2013
Litoria_caerulea;Hylidae;Hylidae;no care;0;0;0;0;0;0;0;0;0;0;0;0;absent;83,75;72,1;77,93;-0,07;1,28;0,11;1700;3,23;2186,44;3,34;Gomez-Mestre et al. 2012, Han & Fu 2013, Summers et al. 2006;Gomez-Mestre et al. 2241;Gomez-Mestre et al. 2012;Gomez-Mestre et al. 2012, Han & Fu 2013;Han & Fu 2013;Gomez-Mestre et al. 2012, Han & Fu 2013, Summers et al. 2006;Gomez-Mestre et al. 2012, Han & Fu 2013
Litoria_freycineti;Hylidae;Hylidae;no care;0;0;0;0;0;0;0;0;0;0;0;NA;absent;49;40;44,5;-0,09;1,5;0,18;NA;NA;NA;NA;Han & Fu 2013, Summers et al. 2006;;Amphibiaweb;Han & Fu 2013;Han & Fu 2013;Han & Fu 2013, Summers et al. 2006;
Litoria_genimaculata;Hylidae;Hylidae;no care;0;0;0;0;0;0;0;0;0;0;0;0;absent;70;NA;NA;NA;2,35;0,37;843;2,93;3654,54;3,56;Gomez-Mestre et al. 2012, Han & Fu 2013;Gomez-Mestre et al. 2213;Gomez-Mestre et al. 2012;Gomez-Mestre et al. 2012;;Gomez-Mestre et al. 2012, Summers et al. 2006;Gomez-Mestre et al. 2012
Litoria_inermis;Hylidae;Hylidae;no care;0;0;0;0;0;0;0;0;0;0;0;0;absent;29,5;NA;NA;NA;1,35;0,13;213;2,33;304,73;2,48;Gomez-Mestre et al. 2012, Han & Fu 2013;Gomez-Mestre et al. 2043;Gomez-Mestre et al. 2012;Gomez-Mestre et al. 2012;;Gomez-Mestre et al. 2012, Summers et al. 2006;Gomez-Mestre et al. 2012
Litoria_infrafrenata;Hylidae;Hylidae;no care;0;0;0;0;0;0;0;0;0;0;0;NA;absent;NA;NA;NA;NA;3;0,48;300;2,48;2119,5;3,33;Han & Fu 2013;;Amphibiaweb;;;Han & Fu 2013;Han & Fu 2013
Litoria_lesueuri;Hylidae;Hylidae;no care;0;0;0;0;0;0;0;0;0;0;0;NA;absent;NA;NA;NA;NA;1,44;0,16;NA;NA;NA;NA;Summers et al. 2006;;Amphibiaweb;;;Summers et al. 2006;
Litoria_longipes;Hylidae;Hylidae;no care;0;0;0;0;0;0;0;0;0;0;0;0;absent;40,5;NA;NA;NA;1,35;0,13;1500;3,18;2145,99;3,33;Gomez-Mestre et al. 2012, Summers et al. 2006;Gomez-Mestre et al. 2088;Gomez-Mestre et al. 2012;Gomez-Mestre et al. 2012;;Gomez-Mestre et al. 2012, Summers et al. 2006;Gomez-Mestre et al. 2012
Litoria_longirostris;Hylidae;Hylidae;NA;NA;1;NA;NA;NA;NA;NA;NA;NA;0;0;1;absent;25;NA;NA;NA;2,2;0,34;44;1,64;167,17;2,22;Amphibiaweb, Zamudio et al 2016;Gomez-Mestre et al. 2022;Gomez-Mestre et al. 2012;Gomez-Mestre et al. 2012;;Gomez-Mestre et al. 2012;Gomez-Mestre et al. 2012
Litoria_meiriana;Hylidae;Hylidae;no care;0;0;0;0;0;0;0;0;0;0;0;NA;absent;NA;NA;NA;NA;NA;NA;37;1,57;NA;NA;Han & Fu 2013;;Amphibiaweb;;;;Han & Fu 2013
Litoria_nasuta;Hylidae;Hylidae;no care;0;0;0;0;0;0;0;0;0;0;0;0;absent;41,5;NA;NA;NA;1,15;0,06;75;1,88;77,86;1,89;Gomez-Mestre et al. 2012, Summers et al. 2006;Gomez-Mestre et al. 2093;Gomez-Mestre et al. 2012;Gomez-Mestre et al. 2012;;Gomez-Mestre et al. 2012, Summers et al. 2006;Gomez-Mestre et al. 2012
Litoria_novaehollandiae;Hylidae;Hylidae;no care;0;0;0;0;0;0;0;0;0;0;0;0;absent;NA;NA;NA;NA;1,5;0,18;NA;NA;NA;NA;Gomez-Mestre et al. 2012, Summers et al. 2006;Gomez-Mestre et al. 2296;Gomez-Mestre et al. 2012;;;Summers et al. 2006;
Litoria_pallida;Hylidae;Hylidae;no care;0;0;0;0;0;0;0;0;0;0;0;0;absent;31;NA;NA;NA;1,3;0,11;200;2,3;265,33;2,42;Gomez-Mestre et al. 2012, Summers et al. 2006;Gomez-Mestre et al. 2052;Gomez-Mestre et al. 2012;Gomez-Mestre et al. 2012;;Gomez-Mestre et al. 2012, Summers et al. 2006;Gomez-Mestre et al. 2012
Litoria_pearsoniana;Hylidae;Hylidae;no care;0;0;0;0;0;0;0;0;0;0;0;0;absent;32;NA;NA;NA;2,225;0,35;545;2,74;2118;3,33;Gomez-Mestre et al. 2012, Summers et al. 2006;Gomez-Mestre et al. 2058;Gomez-Mestre et al. 2012;Gomez-Mestre et al. 2012;;Gomez-Mestre et al. 2012, Summers et al. 2006;Gomez-Mestre et al. 2012
Litoria_peronii;Hylidae;Hylidae;no care;0;0;0;0;0;0;0;0;0;0;0;NA;absent;55,7;48,4;52,05;-0,06;1,5;0,18;NA;NA;NA;NA;Han & Fu 2013, Summers et al. 2006;;Amphibiaweb;Han & Fu 2013;Han & Fu 2013;Han & Fu 2013, Summers et al. 2006;
Litoria_phyllochroa;Hylidae;Hylidae;no care;0;0;0;0;0;0;0;0;0;0;0;NA;absent;NA;NA;NA;NA;1,23;0,09;NA;NA;NA;NA;Summers et al. 2006;;Amphibiaweb;;;Summers et al. 2006;
Litoria_rothii;Hylidae;Hylidae;no care;0;0;0;0;0;0;0;0;0;0;0;0;absent;46;NA;NA;NA;1,35;0,13;527,5;2,72;754,67;2,88;Gomez-Mestre et al. 2012, Summers et al. 2006;Gomez-Mestre et al. 2124;Gomez-Mestre et al. 2012;Gomez-Mestre et al. 2012;;Gomez-Mestre et al. 2012, Summers et al. 2006;Gomez-Mestre et al. 2012
Litoria_rubella;Hylidae;Hylidae;no care;0;0;0;0;0;0;0;0;0;0;0;0;absent;33,2;32,9;33,05;0;1,075;0,03;338,75;2,53;307,3;2,49;Gomez-Mestre et al. 2012, Han & Fu 2013, Summers et al. 2006;Gomez-Mestre et al. 2062;Gomez-Mestre et al. 2012;Gomez-Mestre et al. 2012, Han & Fu 2013;Han & Fu 2013;Gomez-Mestre et al. 2012, Han & Fu 2013, Summers et al. 2006;Gomez-Mestre et al. 2012, Han & Fu 2013
Litoria_spenceri;Hylidae;Hylidae;no care;0;0;0;0;0;0;0;0;0;0;0;0;absent;45;NA;NA;NA;1,6;0,2;600;2,78;1205,76;3,08;Gomez-Mestre et al. 2012, Summers et al. 2006;Gomez-Mestre et al. 2116;Gomez-Mestre et al. 2012;Gomez-Mestre et al. 2012;;Gomez-Mestre et al. 2012, Summers et al. 2006;Gomez-Mestre et al. 2012
Litoria_subglandulosa;Hylidae;Hylidae;no care;0;0;0;0;0;0;0;0;0;0;0;0;absent;NA;NA;NA;NA;1,6;0,2;NA;NA;NA;NA;Gomez-Mestre et al. 2012, Summers et al. 2006;Gomez-Mestre et al. 2300;Gomez-Mestre et al. 2012;;;Summers et al. 2006;
Litoria_tornieri;Hylidae;Hylidae;no care;0;0;0;0;0;0;0;0;0;0;0;0;absent;31;NA;NA;NA;1,4;0,15;129,5;2,11;199,25;2,3;Gomez-Mestre et al. 2012, Summers et al. 2006;Gomez-Mestre et al. 2053;Gomez-Mestre et al. 2012;Gomez-Mestre et al. 2012;;Gomez-Mestre et al. 2012, Summers et al. 2006;Gomez-Mestre et al. 2012
Litoria_verreauxii;Hylidae;Hylidae;no care;0;0;0;0;0;0;0;0;0;0;0;NA;absent;NA;NA;NA;NA;1,21;0,08;NA;NA;NA;NA;Summers et al. 2006;;Amphibiaweb;;;Summers et al. 2006;
Litoria_watjulumensis;Hylidae;Hylidae;no care;0;0;0;0;0;0;0;0;0;0;0;0;absent;54;NA;NA;NA;1,75;0,24;115;2,06;276,47;2,44;Gomez-Mestre et al. 2012, Summers et al. 2006;Gomez-Mestre et al. 2166;Gomez-Mestre et al. 2012;Gomez-Mestre et al. 2012;;Gomez-Mestre et al. 2012, Summers et al. 2006;Gomez-Mestre et al. 2012
Lysapsus_laevis;Hylidae;Hylidae;no care;0;0;0;0;0;0;0;0;0;0;0;1;absent;NA;NA;NA;NA;NA;NA;NA;NA;NA;NA;Gomez-Mestre et al. 2012;Gomez-Mestre et al. 2012;Gomez-Mestre et al. 2012;;;;
Lysapsus_limellum;Hylidae;Hylidae;no care;0;0;0;0;0;0;0;0;0;0;0;1;absent;25;NA;NA;NA;1,5;0,18;147;2,17;259,64;2,41;Gomez-Mestre et al. 2012;Gomez-Mestre et al. 2021;Gomez-Mestre et al. 2012;Gomez-Mestre et al. 2012;;Gomez-Mestre et al. 2012;Gomez-Mestre et al. 2012
Macrogenioglottus_alipioi;Odontophrynidae;Crown_Hyloidea;no care;0;0;0;0;0;0;0;0;0;0;0;0;absent;NA;NA;NA;NA;NA;NA;NA;NA;NA;NA;Gomez-Mestre et al. 2012;Gomez-Mestre et al. 2313;Gomez-Mestre et al. 2012;;;;
Mannophryne_collaris;Dendrobatidae;Agastorophrynia;male-only care ;1;2;2;1;0;0;3;3;0;0;0;NA;absent;NA;NA;NA;NA;NA;NA;NA;NA;NA;NA;Amphibiaweb;;Amphibiaweb;;;;
Mannophryne_cordilleriana;Dendrobatidae;Agastorophrynia;male-only care ;1;2;2;1;0;0;3;3;0;0;0;NA;absent;NA;NA;NA;NA;NA;NA;NA;NA;NA;NA;Stuart et al. 2008;;Stuart et al. 2008;;;;
Mannophryne_herminae;Dendrobatidae;Agastorophrynia;NA;NA;2;NA;NA;NA;NA;3;NA;NA;0;0;NA;absent;NA;NA;NA;NA;NA;NA;NA;NA;NA;NA;Amphibiaweb;;Amphibiaweb;;;;
Mannophryne_oblitterata;Dendrobatidae;Agastorophrynia;male-only care ;1;2;2;1;0;0;3;3;0;0;0;NA;absent;NA;NA;NA;NA;NA;NA;NA;NA;NA;NA;Amphibiaweb;;Amphibiaweb;;;;
Mannophryne_olmonae;Dendrobatidae;Agastorophrynia;male-only care ;1;2;2;1;0;0;3;3;0;0;0;NA;absent;NA;NA;NA;NA;NA;NA;NA;NA;NA;NA;Stuart et al. 2008;;Stuart et al. 2008;;;;
Mannophryne_trinitatis;Dendrobatidae;Agastorophrynia;male-only care ;1;2;2;1;0;0;3;3;0;0;0;1;absent;23,8;21,5;22,65;-0,04;3,5;0,54;9,5;0,98;91,35;1,96;Wikipedia;Gomez-Mestre et al. 2013;Gomez-Mestre et al. 2012;Gomez-Mestre et al. 2012, Han & Fu 2013;Han & Fu 2013;Gomez-Mestre et al. 2012, Summers et al. 2006;Gomez-Mestre et al. 2012, Han & Fu 2013
Mannophryne_yustizi;Dendrobatidae;Agastorophrynia;male-only care ;1;2;2;1;0;0;3;3;0;0;0;NA;absent;NA;NA;NA;NA;NA;NA;NA;NA;NA;NA;Stuart et al. 2008;;Stuart et al. 2008;;;;
Mantella_laevigata;Mantellidae;Natatanura;no care;0;2;0;0;2;1;0;0;0;1;1;1;absent;28,1;26,8;27,45;-0,02;NA;NA;1;0;NA;NA;Amphibiaweb;Amphibiaweb;Amphibiaweb;Han & Fu 2013;Han & Fu 2013;;Han & Fu 2013
Mantidactylus_argenteus;Mantellidae;Natatanura;male-only care ;1;1;1;1;0;0;2;2;0;0;0;NA;absent;31;27;29;-0,06;NA;NA;12;1,08;NA;NA;Amphibiaweb;;Amphibiaweb;Amphibiaweb;Amphibiaweb;;Amphibiaweb
Mantidactylus_betsileanus;Mantellidae;Natatanura;no care;0;0;0;0;0;0;0;0;0;0;0;NA;absent;NA;NA;NA;NA;2,5;0,4;NA;NA;NA;NA;Summers et al. 2006;;Amphibiaweb;;;Summers et al. 2006;
Mantidactylus_femoralis;Mantellidae;Natatanura;no care;0;0;0;0;0;0;0;0;0;0;0;NA;absent;NA;NA;NA;NA;2,5;0,4;NA;NA;NA;NA;Han & Fu 2013;;Amphibiaweb;;;Han & Fu 2013;
Mantidactylus_majori;Mantellidae;Natatanura;male-only care ;1;1;1;1;0;0;2;2;0;0;0;NA;absent;NA;NA;NA;NA;NA;NA;15;1,18;NA;NA;Amphibiaweb;;Amphibiaweb;;;;Amphibiaweb
Megophrys_omeimontis;Megophryidae;Anomocoela;no care;0;0;0;0;0;0;0;0;0;0;0;NA;absent;64,1;55,2;59,65;-0,06;2,8;0,45;357;2,55;2197,12;3,34;Han & Fu 2013;;Amphibiaweb;Han & Fu 2013;Han & Fu 2013;Han & Fu 2013;Han & Fu 2013
Meristogenys_jerboa;Ranidae;Natatanura;no care;0;0;0;0;0;0;0;0;0;0;0;0;absent;67,1;36,4;51,75;-0,27;1,3;0,11;2462;3,39;3266,21;3,51;Gomez-Mestre et al. 2012, Han & Fu 2013, Summers et al. 2006;Gomez-Mestre et al. 2207;Gomez-Mestre et al. 2012;Han & Fu 2013;Han & Fu 2013;Han & Fu 2013, Summers et al. 2006;Han & Fu 2013
Mertensophryne_anotis;Bufonidae;Agastorophrynia;no care;0;0;0;0;0;0;0;0;0;0;0;0;absent;46;NA;NA;NA;2,5;0,4;81;1,91;397,41;2,6;Gomez-Mestre et al. 2012, Summers et al. 2006;Gomez-Mestre et al. 2125;Gomez-Mestre et al. 2012;Gomez-Mestre et al. 2012;;Gomez-Mestre et al. 2012, Summers et al. 2006;Gomez-Mestre et al. 2012
Mertensophryne_micranotis;Bufonidae;Agastorophrynia;no care;0;0;0;0;0;0;0;0;0;0;0;0;absent;NA;NA;NA;NA;NA;NA;NA;NA;NA;NA;Gomez-Mestre et al. 2012;Gomez-Mestre et al. 2314;Gomez-Mestre et al. 2012;;;;
Mertensophryne_taitana;Bufonidae;Agastorophrynia;no care;0;0;0;0;0;0;0;0;0;0;0;0;absent;29,75;23,4;26,58;-0,1;2,25;0,35;125;2,1;496,76;2,7;Gomez-Mestre et al. 2012, Summers et al. 2006;Gomez-Mestre et al. 2044;Gomez-Mestre et al. 2012;Gomez-Mestre et al. 2012, Han & Fu 2013;Han & Fu 2013;Gomez-Mestre et al. 2012, Han & Fu 2013, Summers et al. 2006;Gomez-Mestre et al. 2012, Han & Fu 2013
Microbatrachella_capensis;Pyxicephalidae;Natatanura;no care;0;0;0;0;0;0;0;0;0;0;0;0;absent;NA;NA;NA;NA;NA;NA;NA;NA;NA;NA;Gomez-Mestre et al. 2012;Gomez-Mestre et al. 2340;Gomez-Mestre et al. 2012;;;;
Microhyla_heymonsi;Microhylidae;Microhylidae;no care;0;0;0;0;0;0;0;0;0;0;0;0;absent;23,6;19,8;21,7;-0,08;0,975;-0,01;172,75;2,24;128,91;2,11;Gomez-Mestre et al. 2012, Han & Fu 2013;Gomez-Mestre et al. 2024;Gomez-Mestre et al. 2012;Gomez-Mestre et al. 2012, Han & Fu 2013;Han & Fu 2013;Gomez-Mestre et al. 2012, Han & Fu 2013;Gomez-Mestre et al. 2012, Han & Fu 2013
Microhyla_okinavensis;Microhylidae;Microhylidae;no care;0;0;0;0;0;0;0;0;0;0;0;0;absent;28;NA;NA;NA;1,35;0,13;515;2,71;736,79;2,87;Gomez-Mestre et al. 2012;Gomez-Mestre et al. 2037;Gomez-Mestre et al. 2012;Gomez-Mestre et al. 2012;;Gomez-Mestre et al. 2012;Gomez-Mestre et al. 2012
Microhyla_ornata;Microhylidae;Microhylidae;no care;0;0;0;0;0;0;0;0;0;0;0;0;absent;25,95;23,2;24,58;-0,05;0,9;-0,05;402;2,6;255,61;2,41;Gomez-Mestre et al. 2012, Han & Fu 2013;Gomez-Mestre et al. 2031;Gomez-Mestre et al. 2012;Gomez-Mestre et al. 2012, Han & Fu 2013;Han & Fu 2013;Gomez-Mestre et al. 2012, Han & Fu 2013;Gomez-Mestre et al. 2012, Han & Fu 2013
Microhyla_pulchra;Microhylidae;Microhylidae;no care;0;0;0;0;0;0;0;0;0;0;0;NA;absent;33,1;30;31,55;-0,04;1,1;0,04;1256;3,1;1193,01;3,08;Han & Fu 2013;;Amphibiaweb;Han & Fu 2013;Han & Fu 2013;Han & Fu 2013;Han & Fu 2013
Micryletta_inornata;Microhylidae;Microhylidae;no care;0;0;0;0;0;0;0;0;0;0;0;0;absent;NA;NA;NA;NA;2,1;0,32;NA;NA;NA;NA;Gomez-Mestre et al. 2012, Summers et al. 2006;Gomez-Mestre et al. 2302;Gomez-Mestre et al. 2012;;;Summers et al. 2006;
Mixophyes_fasciolatus;Myobatrachidae;Australobatrachia;no care;0;0;0;0;0;0;0;0;0;0;0;NA;absent;97;63;80;-0,19;1,6;0,2;970;2,99;1949,31;3,29;Han & Fu 2013;;Gomez-Mestre et al. 2012;Han & Fu 2013;Han & Fu 2013;Han & Fu 2013;Han & Fu 2013
Myersiella_microps;Microhylidae;Microhylidae;female-only care ;1;1;0;0;1;1;2;0;2;0;0;NA;absent;NA;NA;NA;NA;5;0,7;14;1,15;274,75;2,44;Amphibiaweb;;Amphibiaweb;;;Summers et al. 2006;Amphibiaweb
Myobatrachus_gouldii;Myobatrachidae;Australobatrachia;no care;0;0;0;0;0;0;0;0;0;2;1;1;present;52;44;48;-0,07;5,645;0,75;35,75;1,55;894,28;2,95;Gomez-Mestre et al. 2012, Han & Fu 2013, Summers et al. 2006;Gomez-Mestre et al. 2012;Gomez-Mestre et al. 2012;Gomez-Mestre et al. 2012, Han & Fu 2013;Han & Fu 2013;Gomez-Mestre et al. 2012, Han & Fu 2013, Summers et al. 2006;Gomez-Mestre et al. 2012, Han & Fu 2013
Nannophryne_variegata;Bufonidae;Agastorophrynia;no care;0;0;0;0;0;0;0;0;0;0;0;NA;absent;NA;NA;NA;NA;NA;NA;138;2,14;NA;NA;Han & Fu 2013;;Amphibiaweb;;;;Han & Fu 2013
Nannophrys_ceylonensis;Dicroglossidae;Natatanura;male-only care ;1;1;1;1;0;0;2;2;0;0;0;1;absent;48,7;46,6;47,65;-0,02;NA;NA;NA;NA;NA;NA;Wickramashinge et al. 2004;Gomez-Mestre et al. 2012;Gomez-Mestre et al. 2012;Han & Fu 2013;Han & Fu 2013;;
Nanorana_conaensis;Dicroglossidae;Natatanura;no care;0;0;0;0;0;0;0;0;0;0;0;NA;absent;55,2;58;56,6;0,02;3,3;0,52;NA;NA;NA;NA;Han & Fu 2013;;Amphibiaweb;Han & Fu 2013;Han & Fu 2013;Han & Fu 2013;
Nanorana_liebigii;Dicroglossidae;Natatanura;no care;0;0;0;0;0;0;0;0;0;0;0;NA;absent;83,1;77,9;80,5;-0,03;3;0,48;NA;NA;NA;NA;Han & Fu 2013;;Amphibiaweb;Han & Fu 2013;Han & Fu 2013;Han & Fu 2013;
Nanorana_parkeri;Dicroglossidae;Natatanura;no care;0;0;0;0;0;0;0;0;0;0;0;0;absent;49,4;45,7;47,55;-0,03;2;0,3;NA;NA;NA;NA;Gomez-Mestre et al. 2012, Han & Fu 2013;Gomez-Mestre et al. 2138;Gomez-Mestre et al. 2012;Han & Fu 2013;Han & Fu 2013;Han & Fu 2013;
Nanorana_pleskei;Dicroglossidae;Natatanura;no care;0;0;0;0;0;0;0;0;0;0;0;0;absent;37,3;36,6;36,95;-0,01;1,9;0,28;50;1,7;141,69;2,15;Gomez-Mestre et al. 2012, Han & Fu 2013;Gomez-Mestre et al. 2076;Gomez-Mestre et al. 2012;Han & Fu 2013;Han & Fu 2013;Han & Fu 2013;Han & Fu 2013
Nanorana_taihangnica;Dicroglossidae;Natatanura;no care;0;0;0;0;0;0;0;0;0;0;0;NA;absent;80,8;66,9;73,85;-0,08;3,5;0,54;NA;NA;NA;NA;Han & Fu 2013;;Gomez-Mestre et al. 2012;Han & Fu 2013;Han & Fu 2013;Han & Fu 2013;
Nanorana_unculuanus;Dicroglossidae;Natatanura;no care;0;0;0;0;0;0;0;0;0;0;0;NA;absent;77,9;74,6;76,25;-0,02;4;0,6;97;1,99;1218,32;3,09;Han & Fu 2013;;Gomez-Mestre et al. 2012;Han & Fu 2013;Han & Fu 2013;Han & Fu 2013;Han & Fu 2013
Nanorana_ventripunctata;Dicroglossidae;Natatanura;no care;0;0;0;0;0;0;0;0;0;0;0;NA;absent;49,4;44,1;46,75;-0,05;2,1;0,32;290;2,46;1003,94;3;Han & Fu 2013;;Gomez-Mestre et al. 2012;Han & Fu 2013;Han & Fu 2013;Han & Fu 2013;Han & Fu 2013
Nanorana_yunnanensis;Dicroglossidae;Natatanura;no care;0;0;0;0;0;0;0;0;0;0;0;NA;absent;95;95,5;95,25;0;3,5;0,54;633;2,8;6087,09;3,78;Han & Fu 2013;;Gomez-Mestre et al. 2012;Han & Fu 2013;Han & Fu 2013;Han & Fu 2013;Han & Fu 2013
Nasikabatrachus_sahyadrensis;Nasikabatrachidae;Sooglossoidea;no care;0;0;0;0;0;0;0;0;0;0;0;NA;absent;NA;NA;NA;NA;NA;NA;3600;NA;NA;NA;Amphibiaweb;;Amphibiaweb;;;;Zachariah et al. 2012
Natalobatrachus_bonebergi;Pyxicephalidae;Natatanura;female-only care ;1;1;0;0;1;1;2;0;2;0;0;1;absent;37;NA;NA;NA;2,175;0,34;89,5;1,95;332,36;2,52;Amphibiaweb;Gomez-Mestre et al. 2012;Gomez-Mestre et al. 2012;Gomez-Mestre et al. 2012;;Gomez-Mestre et al. 2012, Summers et al. 2006;Gomez-Mestre et al. 2012
Nectophryne_afra;Bufonidae;Agastorophrynia;male-only care ;1;2;2;1;0;0;2;2;0;2;1;0;absent;31,5;NA;NA;NA;3,5;0,54;29;1,46;278,87;2,45;IUCN;Amphibiaweb;Gomez-Mestre et al. 2012;Gomez-Mestre et al. 2012;;Gomez-Mestre et al. 2012, Summers et al. 2006;Gomez-Mestre et al. 2012
Nectophryne_batesii;Bufonidae;Agastorophrynia;male-only care ;1;2;2;1;0;0;2;2;0;2;1;0;absent;NA;NA;NA;NA;NA;NA;NA;NA;NA;NA;Wells 2007;Amphibiaweb;Gomez-Mestre et al. 2012;;;;
Nectophrynoides_asperginis;Bufonidae;Agastorophrynia;female-only care ;1;3;0;0;3;1;5;0;5;2;1;1;present;NA;NA;NA;NA;NA;NA;NA;NA;NA;NA;Stuart et al. 2008;Stuart et al. 2008;Stuart et al. 2008;;;;
Nectophrynoides_cryptus;Bufonidae;Agastorophrynia;female-only care ;1;3;0;0;3;1;5;0;5;2;1;1;present;NA;NA;NA;NA;NA;NA;NA;NA;NA;NA;Stuart et al. 2008;Stuart et al. 2008;Stuart et al. 2008;;;;
Nectophrynoides_minutus;Bufonidae;Agastorophrynia;female-only care ;1;3;0;0;3;1;5;0;5;2;1;1;present;NA;NA;NA;NA;NA;NA;NA;NA;NA;NA;Amphibiaweb;Amphibiaweb;Gomez-Mestre et al. 2012;;;;
Nectophrynoides_tornieri;Bufonidae;Agastorophrynia;female-only care ;1;3;0;0;3;1;5;0;5;2;1;1;present;31;NA;NA;NA;3,5;0,54;23;1,36;221,17;2,34;Amphibiaweb;Amphibiaweb;Gomez-Mestre et al. 2012;Gomez-Mestre et al. 2012;;Gomez-Mestre et al. 2012;Gomez-Mestre et al. 2012
Nectophrynoides_viviparus;Bufonidae;Agastorophrynia;female-only care ;1;3;0;0;3;1;5;0;5;2;1;1;present;NA;NA;NA;NA;NA;NA;NA;NA;NA;NA;Amphibiaweb;Amphibiaweb;Gomez-Mestre et al. 2012;;;;
Nectophrynoides_wendiae;Bufonidae;Agastorophrynia;female-only care ;1;3;0;0;3;1;5;0;5;2;1;1;present;NA;NA;NA;NA;NA;NA;NA;NA;NA;NA;Stuart et al. 2008;Stuart et al. 2008;Stuart et al. 2008;;;;
Neobatrachus_pictus;Limnodynastidae;Australobatrachia;no care;0;0;0;0;0;0;0;0;0;0;0;NA;absent;NA;NA;NA;NA;NA;NA;1000;3;NA;NA;Han & Fu 2013;;Gomez-Mestre et al. 2012;;;;Han & Fu 2013
Neobatrachus_sudelli;Limnodynastidae;Australobatrachia;no care;0;0;0;0;0;0;0;0;0;0;0;0;absent;NA;NA;NA;NA;1,54;0,19;NA;NA;NA;NA;Gomez-Mestre et al. 2012, Summers et al. 2006;Gomez-Mestre et al. 2299;Gomez-Mestre et al. 2012;;;Summers et al. 2006;
Nesomantis_thomasseti;Sooglossidae;Sooglossoidea;female-only care ;1;3;0;0;3;1;3;0;3;2;1;NA;present;NA;NA;NA;NA;NA;NA;NA;NA;NA;NA;Stuart et al. 2008;;Stuart et al. 2008;;;;
Nimbaphrynoides_liberiensis;Bufonidae;Agastorophrynia;female-only care ;1;3;0;0;3;1;5;0;5;2;1;1;present;NA;NA;NA;NA;NA;NA;NA;NA;NA;NA;Stuart et al. 2008;Stuart et al. 2008;Stuart et al. 2008;;;;
Nimbaphrynoides_occidentalis;Bufonidae;Agastorophrynia;female-only care ;1;3;0;0;3;1;5;0;5;2;1;1;present;NA;NA;NA;NA;NA;NA;NA;NA;NA;NA;Stuart et al. 2008;Stuart et al. 2008;Stuart et al. 2008;;;;
Notaden_melanoscaphus;Limnodynastidae;Australobatrachia;no care;0;0;0;0;0;0;0;0;0;0;0;0;absent;44,5;NA;NA;NA;1,425;0,15;891,5;2,95;1421,09;3,15;Gomez-Mestre et al. 2012, Han & Fu 2013;Gomez-Mestre et al. 2112;Gomez-Mestre et al. 2012;Gomez-Mestre et al. 2012;;Gomez-Mestre et al. 2012, Han & Fu 2013;Gomez-Mestre et al. 2012, Han & Fu 2013
Nyctibates_corrugatus;Arthroleptidae;Afrobatrachia;no care;0;0;0;0;0;0;0;0;0;0;0;0;absent;NA;NA;NA;NA;NA;NA;NA;NA;NA;NA;Gomez-Mestre et al. 2012;Gomez-Mestre et al. 2341;Gomez-Mestre et al. 2012;;;;
Nyctimantis_rugiceps;Hylidae;Hylidae;no care;0;2;0;0;2;1;0;0;0;1;1;NA;absent;61,3;61,9;61,6;0;NA;NA;NA;NA;NA;NA;Amphibiaweb;;Amphibiaweb;Han & Fu 2013;Han & Fu 2013;;
Nyctimystes_dayi;Hylidae;Hylidae;no care;0;0;0;0;0;0;0;0;0;0;0;0;absent;40;NA;NA;NA;2,45;0,39;107;2,03;504,18;2,7;Gomez-Mestre et al. 2012;Gomez-Mestre et al. 2084;Gomez-Mestre et al. 2012;Gomez-Mestre et al. 2012;;Gomez-Mestre et al. 2012;Gomez-Mestre et al. 2012
Nyctimystes_kubori;Hylidae;Hylidae;no care;0;0;0;0;0;0;0;0;0;0;0;0;absent;60;45;52,5;-0,12;NA;NA;NA;NA;NA;NA;Gomez-Mestre et al. 2013;Gomez-Mestre et al. 2180;Gomez-Mestre et al. 2012;Han & Fu 2013;Han & Fu 2013;;
Nyctimystes_papua;Hylidae;Hylidae;no care;0;0;0;0;0;0;0;0;0;0;0;NA;absent;60;50;55;-0,08;NA;NA;NA;NA;NA;NA;Han & Fu 2013;;Amphibiaweb;Han & Fu 2013;Han & Fu 2013;;
Nymphargus_grandisonae;Centrolenidae;Diphyabatracea;female-only care ;1;1;0;0;1;1;2;0;2;0;0;1;absent;NA;NA;NA;NA;NA;NA;NA;NA;NA;NA;Delia et al. 2017;Amphibiaweb;Amphibiaweb;;;;
Nymphargus_griffithsi;Centrolenidae;Diphyabatracea;female-only care ;1;1;0;0;1;1;2;0;2;0;0;1;absent;23,4;24,1;23,75;0,01;NA;NA;NA;NA;NA;NA;Han & Fu 2013;Amphibiaweb;Amphibiaweb;Han & Fu 2013;Han & Fu 2013;;
Nymphargus_lasgralarias;Centrolenidae;Diphyabatracea;female-only care ;1;1;0;0;1;1;2;0;2;0;0;1;absent;NA;NA;NA;NA;NA;NA;NA;NA;NA;NA;Delia et al. 2017;Amphibiaweb;Amphibiaweb;;;;
Occidozyga_laevis;Dicroglossidae;Natatanura;no care;0;0;0;0;0;0;0;0;0;0;0;0;absent;35,8;24,4;30,1;-0,17;1,25;0,1;124;2,09;152,09;2,18;Gomez-Mestre et al. 2012, Han & Fu 2013;Gomez-Mestre et al. 2071;Gomez-Mestre et al. 2012;Gomez-Mestre et al. 2012, Han & Fu 2013;Han & Fu 2013;Gomez-Mestre et al. 2012;Gomez-Mestre et al. 2012
Occidozyga_lima;Dicroglossidae;Natatanura;no care;0;0;0;0;0;0;0;0;0;0;0;0;absent;31,05;21,2;26,13;-0,17;1,125;0,05;616;2,79;612,01;2,79;Gomez-Mestre et al. 2012, Han & Fu 2013;Gomez-Mestre et al. 2054;Gomez-Mestre et al. 2012;Gomez-Mestre et al. 2012, Han & Fu 2013;Han & Fu 2013;Gomez-Mestre et al. 2012, Han & Fu 2013;Gomez-Mestre et al. 2012, Han & Fu 2013
Occidozyga_martensii;Dicroglossidae;Natatanura;no care;0;0;0;0;0;0;0;0;0;0;0;0;absent;29;20,4;24,7;-0,15;1,125;0,05;250;2,4;248,38;2,4;Gomez-Mestre et al. 2012, Han & Fu 2013;Gomez-Mestre et al. 2039;Gomez-Mestre et al. 2012;Gomez-Mestre et al. 2012, Han & Fu 2013;Han & Fu 2013;Gomez-Mestre et al. 2012, Han & Fu 2013;Gomez-Mestre et al. 2012
Odontophrynus_americanus;Odontophrynidae;Crown_Hyloidea;no care;0;0;0;0;0;0;0;0;0;0;0;0;absent;44,5;NA;NA;NA;1;0;10000;4;7850;3,89;Gomez-Mestre et al. 2012;Gomez-Mestre et al. 2111;Gomez-Mestre et al. 2012;Gomez-Mestre et al. 2012;;Gomez-Mestre et al. 2012;Gomez-Mestre et al. 2012
Odontophrynus_cultripes;Odontophrynidae;Crown_Hyloidea;no care;0;0;0;0;0;0;0;0;0;0;0;0;absent;NA;NA;NA;NA;NA;NA;NA;NA;NA;NA;Gomez-Mestre et al. 2012;Gomez-Mestre et al. 2316;Gomez-Mestre et al. 2012;;;;
Odorrana_banaorum;Ranidae;Natatanura;no care;0;0;0;0;0;0;0;0;0;0;0;NA;absent;91;48,5;69,75;-0,27;2;0,3;NA;NA;NA;NA;Han & Fu 2013;;Amphibiaweb;Han & Fu 2013;Han & Fu 2013;Han & Fu 2013;
Odorrana_chapaensis;Ranidae;Natatanura;no care;0;0;0;0;0;0;0;0;0;0;0;0;absent;92,2;81,1;86,65;-0,06;NA;NA;NA;NA;NA;NA;Gomez-Mestre et al. 2012;Gomez-Mestre et al. 2252;Gomez-Mestre et al. 2012;Han & Fu 2013;Han & Fu 2013;;
Odorrana_chloronota;Ranidae;Natatanura;no care;0;0;0;0;0;0;0;0;0;0;0;NA;absent;92;46;69;-0,3;2;0,3;NA;NA;NA;NA;Han & Fu 2013;;Amphibiaweb;Han & Fu 2013;Han & Fu 2013;Han & Fu 2013;
Odorrana_grahami;Ranidae;Natatanura;no care;0;0;0;0;0;0;0;0;0;0;0;NA;absent;93,3;74,3;83,8;-0,1;2,5;0,4;2446;3,39;12000,69;4,08;Han & Fu 2013;;Amphibiaweb;Han & Fu 2013;Han & Fu 2013;Han & Fu 2013;Han & Fu 2013
Odorrana_hosii;Ranidae;Natatanura;no care;0;0;0;0;0;0;0;0;0;0;0;0;absent;92,45;53,8;73,13;-0,24;2,05;0,31;1785;3,25;5888,65;3,77;Gomez-Mestre et al. 2012, Han & Fu 2013;Gomez-Mestre et al. 2253;Gomez-Mestre et al. 2012;Gomez-Mestre et al. 2012, Han & Fu 2013;Han & Fu 2013;Gomez-Mestre et al. 2012, Han & Fu 2013;Han & Fu 2013
Odorrana_ishikawae;Ranidae;Natatanura;male-only care ;1;1;1;1;0;0;2;2;0;0;0;0;absent;111;NA;NA;NA;3,45;0,54;1000;3;9343,46;3,97;Amphibiaweb, Wells 2007;Amphibiaweb;Gomez-Mestre et al. 2012;Gomez-Mestre et al. 2012;;Gomez-Mestre et al. 2012;Gomez-Mestre et al. 2012
Odorrana_jingdongensis;Ranidae;Natatanura;no care;0;0;0;0;0;0;0;0;0;0;0;0;absent;97;74,8;85,9;-0,11;2,5;0,4;584,5;2,77;2867,7;3,46;Gomez-Mestre et al. 2012, Han & Fu 2013;Gomez-Mestre et al. 2259;Gomez-Mestre et al. 2012;Gomez-Mestre et al. 2012, Han & Fu 2013;Han & Fu 2013;Gomez-Mestre et al. 2012, Han & Fu 2013;Gomez-Mestre et al. 2012
Odorrana_junlianensis;Ranidae;Natatanura;no care;0;0;0;0;0;0;0;0;0;0;0;0;absent;97,5;76,1;86,8;-0,11;2,5;0,4;NA;NA;NA;NA;Gomez-Mestre et al. 2012;Gomez-Mestre et al. 2260;Gomez-Mestre et al. 2012;Han & Fu 2013;Han & Fu 2013;Han & Fu 2013;
Odorrana_livida;Ranidae;Natatanura;no care;0;0;0;0;0;0;0;0;0;0;0;NA;absent;100,4;56,5;78,45;-0,25;1,9;0,28;1433;3,16;4060,91;3,61;Han & Fu 2013;;Amphibiaweb;Han & Fu 2013;Han & Fu 2013;Han & Fu 2013;Han & Fu 2013
Odorrana_morafkai;Ranidae;Natatanura;no care;0;0;0;0;0;0;0;0;0;0;0;NA;absent;90;42,5;66,25;-0,33;2;0,3;NA;NA;NA;NA;Han & Fu 2013;;Amphibiaweb;Han & Fu 2013;Han & Fu 2013;Han & Fu 2013;
Odorrana_narina;Ranidae;Natatanura;no care;0;0;0;0;0;0;0;0;0;0;0;0;absent;70;NA;NA;NA;3,5;0,54;200;2,3;1923,25;3,28;Gomez-Mestre et al. 2012;Gomez-Mestre et al. 2215;Gomez-Mestre et al. 2012;Gomez-Mestre et al. 2012;;Gomez-Mestre et al. 2012;Gomez-Mestre et al. 2012
Odorrana_schmackeri;Ranidae;Natatanura;no care;0;0;0;0;0;0;0;0;0;0;0;0;absent;76,8;40,8;58,8;-0,27;2;0,3;1549;3,19;4863,86;3,69;Gomez-Mestre et al. 2012, Han & Fu 2013;Gomez-Mestre et al. 2235;Gomez-Mestre et al. 2012;Han & Fu 2013;Han & Fu 2013;Han & Fu 2013;Han & Fu 2013
Odorrana_supranarina;Ranidae;Natatanura;no care;0;0;0;0;0;0;0;0;0;0;0;0;absent;92,5;NA;NA;NA;2,75;0,44;1100;3,04;6530,22;3,81;Gomez-Mestre et al. 2012;Gomez-Mestre et al. 2255;Gomez-Mestre et al. 2012;Gomez-Mestre et al. 2012;;Gomez-Mestre et al. 2012;Gomez-Mestre et al. 2012
Odorrana_swinhoana;Ranidae;Natatanura;no care;0;0;0;0;0;0;0;0;0;0;0;0;absent;74,25;60,3;67,28;-0,09;2,5;0,4;45;1,65;220,78;2,34;Gomez-Mestre et al. 2012, Han & Fu 2013;Gomez-Mestre et al. 2226;Gomez-Mestre et al. 2012;Gomez-Mestre et al. 2012, Han & Fu 2013;Han & Fu 2013;Gomez-Mestre et al. 2012, Han & Fu 2013;Gomez-Mestre et al. 2012
Odorrana_tiannanensis;Ranidae;Natatanura;no care;0;0;0;0;0;0;0;0;0;0;0;NA;absent;100;52;76;-0,28;2;0,3;NA;NA;NA;NA;Han & Fu 2013;;Amphibiaweb;Han & Fu 2013;Han & Fu 2013;Han & Fu 2013;
Odorrana_tormota;Ranidae;Natatanura;no care;0;0;0;0;0;0;0;0;0;0;0;0;absent;52;33,8;42,9;-0,19;2,58;0,41;563,75;2,75;2945,75;3,47;Gomez-Mestre et al. 2012, Han & Fu 2013;Gomez-Mestre et al. 2153;Gomez-Mestre et al. 2012;Gomez-Mestre et al. 2012, Han & Fu 2013;Han & Fu 2013;Gomez-Mestre et al. 2012, Han & Fu 2013;Gomez-Mestre et al. 2012, Han & Fu 2013
Odorrana_utsunomiyaorum;Ranidae;Natatanura;no care;0;0;0;0;0;0;0;0;0;0;0;0;absent;52;NA;NA;NA;3,7;0,57;100;2;1074,67;3,03;Han & Fu 2013;Amphibiaweb;Amphibiaweb;Han & Fu 2013;Han & Fu 2013;Han & Fu 2013;Han & Fu 2013
Odorrana_versabilis;Ranidae;Natatanura;no care;0;0;0;0;0;0;0;0;0;0;0;NA;absent;62,3;46,4;54,35;-0,13;3;0,48;101;2;713,57;2,85;Han & Fu 2013;;Gomez-Mestre et al. 2012;Han & Fu 2013;;Han & Fu 2013;Han & Fu 2013
Oophaga_granulifera;Dendrobatidae;Agastorophrynia;biparental care;2;2;1;1;2;1;3;2;3;1;1;NA;absent;20,8;20,7;20,75;0;NA;NA;3;0,48;NA;NA;Amphibiaweb;;Amphibiaweb;Han & Fu 2013;Han & Fu 2013;;Han & Fu 2013
Oophaga_histrionica;Dendrobatidae;Agastorophrynia;female-only care ;1;2;NA;NA;2;1;3;0;3;1;1;1;absent;35,35;33;34,18;-0,03;1,5;0,18;12;1,08;21,2;1,33;Amphibiaweb + Wikipedia;Gomez-Mestre et al. 2012;Gomez-Mestre et al. 2012;Gomez-Mestre et al. 2012, Han & Fu 2013;Han & Fu 2013;Gomez-Mestre et al. 2012, Han & Fu 2013, Summers et al. 2006;Gomez-Mestre et al. 2012
Oophaga_lehmanni;Dendrobatidae;Agastorophrynia;biparental care;2;2;2;1;2;1;3;3;0;1;1;1;absent;33,2;33,4;33,3;0;1,5;0,18;12;1,08;21,2;1,33;Amphibiaweb;Gomez-Mestre et al. 2012;Gomez-Mestre et al. 2012;Gomez-Mestre et al. 2013, Han & Fu 2014;Han & Fu 2014;Gomez-Mestre et al. 2012, Han & Fu 2013, Summers et al. 2006;Gomez-Mestre et al. 2012
Oophaga_pumilio;Dendrobatidae;Agastorophrynia;biparental care;2;2;1;1;2;1;3;2;3;1;1;1;absent;20,6;20,9;20,75;0,01;1,1;0,04;7,5;0,88;7,12;0,85;Amphibiaweb;Amphibiaweb;Gomez-Mestre et al. 2012;Gomez-Mestre et al. 2012, Han & Fu 2013;Han & Fu 2013;Gomez-Mestre et al. 2012, Han & Fu 2013, Summers et al. 2006;Gomez-Mestre et al. 2012
Oophaga_speciosa;Dendrobatidae;Agastorophrynia;female-only care ;1;2;0;0;2;1;3;0;3;1;1;NA;absent;29,1;28,4;28,75;-0,01;NA;NA;NA;NA;NA;NA;Amphibiaweb;;Amphibiaweb;Han & Fu 2013;Han & Fu 2013;;
Ophryophryne_hansi;Megophryidae;Anomocoela;no care;0;0;0;0;0;0;0;0;0;0;0;0;absent;NA;NA;NA;NA;NA;NA;NA;NA;NA;NA;Gomez-Mestre et al. 2012;Gomez-Mestre et al. 2308;Gomez-Mestre et al. 2012;;;;
Ophryophryne_microstoma;Megophryidae;Anomocoela;no care;0;0;0;0;0;0;0;0;0;0;0;NA;absent;47,3;30,6;38,95;-0,19;1,8;0,26;NA;NA;NA;NA;Han & Fu 2013;;Amphibiaweb;Han & Fu 2013;Han & Fu 2013;Han & Fu 2013;
Opisthothylax_immaculatus;Hyperoliidae;Afrobatrachia;no care;0;0;0;0;0;0;0;0;0;0;0;1;absent;34;NA;NA;NA;4,6;0,66;8;0,9;132,88;2,12;Gomez-Mestre et al. 2012;Gomez-Mestre et al. 2012;Gomez-Mestre et al. 2012;Gomez-Mestre et al. 2012;;Gomez-Mestre et al. 2012;Gomez-Mestre et al. 2012
Oreobates_quixensis;Craugastoridae;Terrarana;no care;0;0;0;0;0;0;0;0;0;2;1;1;present;53,55;43,8;48,68;-0,09;4,05;0,61;34;1,53;437,78;2,64;Gomez-Mestre et al. 2012, Han & Fu 2013;Gomez-Mestre et al. 2012;Gomez-Mestre et al. 2012;Gomez-Mestre et al. 2012, Han & Fu 2013;Han & Fu 2013;Gomez-Mestre et al. 2012, Han & Fu 2013;Gomez-Mestre et al. 2012, Han & Fu 2013
Oreolalax_jingdongensis;Megophryidae;Anomocoela;no care;0;0;0;0;0;0;0;0;0;0;0;0;absent;50,8;54,3;52,55;0,03;3,6;0,56;170;2,23;1729,51;3,24;Gomez-Mestre et al. 2012, Han & Fu 2013;Gomez-Mestre et al. 2143;Gomez-Mestre et al. 2012;Gomez-Mestre et al. 2012, Han & Fu 2013;Han & Fu 2013;Gomez-Mestre et al. 2012, Han & Fu 2013;Gomez-Mestre et al. 2012, Han & Fu 2013
Oreolalax_liangbeiensis;Megophryidae;Anomocoela;no care;0;0;0;0;0;0;0;0;0;0;0;NA;absent;60;51,6;55,8;-0,07;3,5;0,54;350;2,54;3365,69;3,53;Han & Fu 2013;;Amphibiaweb;Han & Fu 2013;Han & Fu 2013;Han & Fu 2013;Han & Fu 2013
Oreolalax_lichuanensis;Megophryidae;Anomocoela;no care;0;0;0;0;0;0;0;0;0;0;0;0;absent;59,05;58,7;58,88;0;3,675;0,57;215;2,33;2279,41;3,36;Gomez-Mestre et al. 2012, Han & Fu 2013;Gomez-Mestre et al. 2177;Gomez-Mestre et al. 2012;Gomez-Mestre et al. 2012, Han & Fu 2013;Han & Fu 2013;Gomez-Mestre et al. 2012, Han & Fu 2013;Gomez-Mestre et al. 2012, Han & Fu 2013
Oreolalax_major;Megophryidae;Anomocoela;no care;0;0;0;0;0;0;0;0;0;0;0;NA;absent;67,5;64,6;66,05;-0,02;3,8;0,58;NA;NA;NA;NA;Han & Fu 2013;;Amphibiaweb;Han & Fu 2013;Han & Fu 2013;Han & Fu 2013;
Oreolalax_multipunctatus;Megophryidae;Anomocoela;male-only care ;1;1;1;1;0;0;2;2;0;0;0;NA;absent;NA;NA;NA;NA;3,5;0,54;78;1,89;750,07;2,88;Amphibiaweb;;Amphibiaweb;;;Han & Fu 2013;Han & Fu 2013
Oreolalax_pingii;Megophryidae;Anomocoela;no care;0;0;0;0;0;0;0;0;0;0;0;0;absent;45,6;45,2;45,4;0;3,4;0,53;175;2,24;1588,06;3,2;Gomez-Mestre et al. 2012, Han & Fu 2013;Gomez-Mestre et al. 2121;Gomez-Mestre et al. 2012;Han & Fu 2013;Han & Fu 2013;Han & Fu 2013;Han & Fu 2013
Oreolalax_schmidti;Megophryidae;Anomocoela;no care;0;0;0;0;0;0;0;0;0;0;0;NA;absent;51;43,1;47,05;-0,07;4;0,6;120;2,08;1507,2;3,18;Han & Fu 2013;;Amphibiaweb;Han & Fu 2013;Han & Fu 2013;Han & Fu 2013;Han & Fu 2013
Oreophryne_anthonyi;Microhylidae;Microhylidae;biparental care;2;1;1;1;1;1;2;2;2;2;1;NA;present;NA;NA;NA;NA;NA;NA;NA;NA;NA;NA;Amphibiaweb, Wells 2007;;Amphibiaweb;;;;
Oreophryne_clamata;Microhylidae;Microhylidae;male-only care ;1;1;1;1;0;0;2;2;0;2;1;1;present;NA;NA;NA;NA;NA;NA;NA;NA;NA;NA;Amphibiaweb;Amphibiaweb;Gomez-Mestre et al. 2012;;;;
Oreophryne_wapoga;Microhylidae;Microhylidae;male-only care ;1;3;3;1;0;0;3;3;0;2;1;NA;present;NA;NA;NA;NA;NA;NA;NA;NA;NA;NA;Stuart et al. 2008, Günther 2006;;Stuart et al. 2008;;;;
Osteocephalus_alboguttatus;Hylidae;Hylidae;no care;0;0;0;0;0;0;0;0;0;0;0;NA;absent;65;59;62;-0,04;1,4;0,15;NA;NA;NA;NA;Han & Fu 2013, Summers et al. 2006;;Amphibiaweb;Han & Fu 2013;Han & Fu 2013;Han & Fu 2013, Summers et al. 2006;
Osteocephalus_buckleyi;Hylidae;Hylidae;no care;0;0;0;0;0;0;0;0;0;0;0;0;absent;63,85;43,3;53,58;-0,17;1,2;0,08;1275;3,11;1441,26;3,16;Gomez-Mestre et al. 2012, Han & Fu 2013, Summers et al. 2006;Gomez-Mestre et al. 2197;Gomez-Mestre et al. 2012;Gomez-Mestre et al. 2012, Han & Fu 2013;Han & Fu 2013;Gomez-Mestre et al. 2012, Han & Fu 2013, Summers et al. 2006;Gomez-Mestre et al. 2012, Han & Fu 2013
Osteocephalus_leprieurii;Hylidae;Hylidae;no care;0;0;0;0;0;0;0;0;0;0;0;0;absent;55,8;44,7;50,25;-0,1;1,3;0,11;1865;3,27;2474,2;3,39;Han & Fu 2013;Amphibiaweb;Gomez-Mestre et al. 2012;Gomez-Mestre et al. 2012, Han & Fu 2013;Han & Fu 2013;Gomez-Mestre et al. 2012, Han & Fu 2013;Gomez-Mestre et al. 2012, Han & Fu 2013
Osteocephalus_oophagus;Hylidae;Hylidae;no care;0;2;0;0;2;1;0;0;0;1;1;0;absent;53;NA;NA;NA;1,72;0,24;274,5;2,44;637,48;2,8;Amphibiaweb;Amphibiaweb;Gomez-Mestre et al. 2012;Gomez-Mestre et al. 2012;;Gomez-Mestre et al. 2012, Han & Fu 2013;Gomez-Mestre et al. 2012, Han & Fu 2013
Osteocephalus_taurinus;Hylidae;Hylidae;no care;0;0;0;0;0;0;0;0;0;0;0;0;absent;85,25;69,9;77,58;-0,09;1;0;1275;3,11;1000,88;3;Gomez-Mestre et al. 2012, Han & Fu 2013, Summers et al. 2006;Gomez-Mestre et al. 2245;Gomez-Mestre et al. 2012;Gomez-Mestre et al. 2012, Han & Fu 2013;Han & Fu 2013;Gomez-Mestre et al. 2012, Han & Fu 2013, Summers et al. 2006;Gomez-Mestre et al. 2012, Han & Fu 2013
Osteopilus_ocellatus;Hylidae;Hylidae;NA;NA;2;NA;NA;2;1;NA;NA;NA;1;1;NA;absent;60,5;45,5;53;-0,12;0,705;-0,15;361;2,56;140,85;2,15;Amphibiaweb, Wells 2007;;Amphibiaweb;Han & Fu 2013;Han & Fu 2013;Han & Fu 2013, Summers et al. 2006;Han & Fu 2013
Osteopilus_pulchrilineatus;Hylidae;Hylidae;no care;0;0;0;0;0;0;0;0;0;0;0;NA;absent;40,1;31,6;35,85;-0,1;NA;NA;NA;NA;NA;NA;Han & Fu 2013;;Amphibiaweb;Han & Fu 2013;Han & Fu 2013;;
Osteopilus_septentrionalis;Hylidae;Hylidae;no care;0;0;0;0;0;0;0;0;0;0;0;0;absent;89,85;53,9;71,88;-0,22;3;0,48;130;2,11;918,45;2,96;Gomez-Mestre et al. 2012, Han & Fu 2013, Summers et al. 2006;Gomez-Mestre et al. 2249;Gomez-Mestre et al. 2012;Gomez-Mestre et al. 2012, Han & Fu 2013;Han & Fu 2013;Gomez-Mestre et al. 2012, Han & Fu 2013, Summers et al. 2006;Gomez-Mestre et al. 2012, Han & Fu 2013
Osteopilus_vastus;Hylidae;Hylidae;no care;0;0;0;0;0;0;0;0;0;0;0;NA;absent;136,9;96,7;116,8;-0,15;2,5;0,4;NA;NA;NA;NA;Han & Fu 2013;;Amphibiaweb;Han & Fu 2013;Han & Fu 2013;Han & Fu 2013;
Papurana_daemeli;Ranidae;Natatanura;no care;0;0;0;0;0;0;0;0;0;0;0;NA;absent;NA;NA;NA;NA;NA;NA;NA;NA;NA;NA;Han & Fu 2013;;Amphibiaweb;;;;
Paracrinia_haswelli;Myobatrachidae;Australobatrachia;no care;0;0;0;0;0;0;0;0;0;0;0;0;absent;32;26;29;-0,09;1,64;0,21;NA;NA;NA;NA;Gomez-Mestre et al. 2012, Han & Fu 2013, Summers et al. 2006;Gomez-Mestre et al. 2057;Gomez-Mestre et al. 2012;Han & Fu 2013;Han & Fu 2013;Summers et al. 2006;
Paradoxophyla_palmata;Microhylidae;Microhylidae;no care;0;0;0;0;0;0;0;0;0;0;0;0;absent;23,85;NA;NA;NA;1;0;257,5;2,41;202,14;2,31;Gomez-Mestre et al. 2012;Gomez-Mestre et al. 2025;Gomez-Mestre et al. 2012;Gomez-Mestre et al. 2012;;Gomez-Mestre et al. 2012;Gomez-Mestre et al. 2012
Paratelmatobius_cardosoi;Leptodactylidae;Diphyabatracea;no care;0;0;0;0;0;0;0;0;0;0;0;0;absent;18,1;NA;NA;NA;1,66;0,22;20;1,3;43,26;1,64;Gomez-Mestre et al. 2012, Summers et al. 2006;Gomez-Mestre et al. 2012;Gomez-Mestre et al. 2012;Gomez-Mestre et al. 2012;;Gomez-Mestre et al. 2012, Summers et al. 2006;Gomez-Mestre et al. 2012
Paratelmatobius_lutzii;Leptodactylidae;Diphyabatracea;no care;0;0;0;0;0;0;0;0;0;0;0;NA;absent;NA;NA;NA;NA;1,9;0,28;NA;NA;NA;NA;Summers et al. 2006;;Amphibiaweb;;;Summers et al. 2006;
Pedostibes_hosii;Bufonidae;Agastorophrynia;no care;0;0;0;0;0;0;0;0;0;0;0;0;absent;NA;NA;NA;NA;NA;NA;NA;NA;NA;NA;Gomez-Mestre et al. 2012;Gomez-Mestre et al. 2317;Gomez-Mestre et al. 2012;;;;
Pedostibes_tuberculosus;Bufonidae;Agastorophrynia;no care;0;0;0;0;0;0;0;0;0;0;0;0;absent;NA;NA;NA;NA;NA;NA;NA;NA;NA;NA;Gomez-Mestre et al. 2012;Gomez-Mestre et al. 2318;Gomez-Mestre et al. 2012;;;;
Pelobates_cultripes;Pelobatidae;Anomocoela;no care;0;0;0;0;0;0;0;0;0;0;0;0;absent;77;NA;NA;NA;1,875;0,27;2672;3,43;7374,09;3,87;Gomez-Mestre et al. 2012, Summers et al. 2006;Gomez-Mestre et al. 2236;Gomez-Mestre et al. 2012;Gomez-Mestre et al. 2012;;Gomez-Mestre et al. 2012, Summers et al. 2006;Gomez-Mestre et al. 2012
Pelobates_fuscus;Pelobatidae;Anomocoela;no care;0;0;0;0;0;0;0;0;0;0;0;NA;absent;42,6;41,1;41,85;-0,02;1,7;0,23;1740;3,24;3947,45;3,6;Han & Fu 2013;;Amphibiaweb;Han & Fu 2013;Han & Fu 2013;Han & Fu 2013;Han & Fu 2013
Pelodytes_punctatus;Pelodytidae;Anomocoela;no care;0;0;0;0;0;0;0;0;0;0;0;0;absent;42,5;NA;NA;NA;1,75;0,24;350;2,54;841,42;2,93;Gomez-Mestre et al. 2012, Summers et al. 2006;Gomez-Mestre et al. 2099;Gomez-Mestre et al. 2012;Gomez-Mestre et al. 2012;;Gomez-Mestre et al. 2012, Summers et al. 2006;Gomez-Mestre et al. 2012
Pelophryne_brevipes;Bufonidae;Agastorophrynia;no care;0;0;0;0;0;0;0;0;0;2;1;0;absent;20,5;NA;NA;NA;2;0,3;15,5;1,19;48,67;1,69;Gomez-Mestre et al. 2012;Gomez-Mestre et al. 2015;Gomez-Mestre et al. 2012;Gomez-Mestre et al. 2012;;Gomez-Mestre et al. 2012;Gomez-Mestre et al. 2012
Pelophylax_esculentus;Ranidae;Natatanura;no care;0;0;0;0;0;0;0;0;0;0;0;NA;absent;64,9;46,5;55,7;-0,14;1,4;0,15;1048;3,02;1612,45;3,21;Han & Fu 2013;;Amphibiaweb;Han & Fu 2013;Han & Fu 2013;Han & Fu 2013;Han & Fu 2013
Pelophylax_fukienensis;Ranidae;Natatanura;no care;0;0;0;0;0;0;0;0;0;0;0;NA;absent;55,5;40,2;47,85;-0,14;1,6;0,2;1011;3;2031,71;3,31;Han & Fu 2013;;Amphibiaweb;Han & Fu 2013;Han & Fu 2013;Han & Fu 2013;Han & Fu 2013
Pelophylax_hubeiensis;Ranidae;Natatanura;no care;0;0;0;0;0;0;0;0;0;0;0;NA;absent;NA;NA;NA;NA;1,8;0,26;1829;3,26;4651,88;3,67;Han & Fu 2013;;Amphibiaweb;;;Han & Fu 2013;Han & Fu 2013
Pelophylax_lessonae;Ranidae;Natatanura;no care;0;0;0;0;0;0;0;0;0;0;0;0;absent;57,5;NA;NA;NA;1,5;0,18;2110;3,32;3726,79;3,57;Gomez-Mestre et al. 2012, Han & Fu 2013;Gomez-Mestre et al. 2173;Gomez-Mestre et al. 2012;Gomez-Mestre et al. 2012;;Gomez-Mestre et al. 2012;Gomez-Mestre et al. 2012, Han & Fu 2013
Pelophylax_nigromaculatus;Ranidae;Natatanura;no care;0;0;0;0;0;0;0;0;0;0;0;0;absent;69,95;64,4;67,18;-0,04;1,975;0,3;2762,5;3,44;8458,75;3,93;Gomez-Mestre et al. 2012, Han & Fu 2013, Summers et al. 2006;Gomez-Mestre et al. 2212;Gomez-Mestre et al. 2012;Gomez-Mestre et al. 2012, Han & Fu 2013;Han & Fu 2013;Gomez-Mestre et al. 2012, Han & Fu 2013, Summers et al. 2006;Gomez-Mestre et al. 2012, Han & Fu 2013
Pelophylax_perezi;Ranidae;Natatanura;no care;0;0;0;0;0;0;0;0;0;0;0;0;absent;97,5;NA;NA;NA;1,5;0,18;3600;3,56;6358,5;3,8;Gomez-Mestre et al. 2012;Gomez-Mestre et al. 2261;Gomez-Mestre et al. 2012;Gomez-Mestre et al. 2012;;Gomez-Mestre et al. 2012;Gomez-Mestre et al. 2012
Pelophylax_plancyi;Ranidae;Natatanura;no care;0;0;0;0;0;0;0;0;0;0;0;0;absent;63,2;39,2;51,2;-0,21;1,25;0,1;897,5;2,95;1100,84;3,04;Gomez-Mestre et al. 2012, Han & Fu 2013;Gomez-Mestre et al. 2193;Gomez-Mestre et al. 2012;Gomez-Mestre et al. 2012, Han & Fu 2013;Han & Fu 2013;Gomez-Mestre et al. 2012, Han & Fu 2013;Gomez-Mestre et al. 2012, Han & Fu 2013
Pelophylax_porosus;Ranidae;Natatanura;no care;0;0;0;0;0;0;0;0;0;0;0;NA;absent;NA;NA;NA;NA;1,62;0,21;NA;NA;NA;NA;Summers et al. 2006;;Amphibiaweb;;;Summers et al. 2006;
Pelophylax_ridibundus;Ranidae;Natatanura;no care;0;0;0;0;0;0;0;0;0;0;0;0;absent;109;NA;NA;NA;1,765;0,25;6334,5;3,8;15490,71;4,19;Gomez-Mestre et al. 2012, Han & Fu 2013, Summers et al. 2006;Gomez-Mestre et al. 2275;Gomez-Mestre et al. 2012;Gomez-Mestre et al. 2012;;Gomez-Mestre et al. 2012, Han & Fu 2013, Summers et al. 2006;Gomez-Mestre et al. 2012, Han & Fu 2013
Pelophylax_saharicus;Ranidae;Natatanura;no care;0;0;0;0;0;0;0;0;0;0;0;0;absent;NA;NA;NA;NA;1,5;0,18;NA;NA;NA;NA;Gomez-Mestre et al. 2012, Summers et al. 2006;Gomez-Mestre et al. 2298;Gomez-Mestre et al. 2012;;;Summers et al. 2006;
Peltophryne_fustiger;Bufonidae;Agastorophrynia;no care;0;0;0;0;0;0;0;0;0;0;0;NA;absent;154,7;131;142,85;-0,07;2;0,3;NA;NA;NA;NA;Han & Fu 2013;;Amphibiaweb;Han & Fu 2013;Han & Fu 2013;Han & Fu 2013;
Petropedetes_cameronensis;Petropedetidae;Natatanura;male-only care ;1;1;1;1;0;0;2;2;0;0;0;1;absent;NA;NA;NA;NA;NA;NA;NA;NA;NA;NA;Amphibiaweb, Wells 2007;Gomez-Mestre et al. 2012;Gomez-Mestre et al. 2012;;;;
Petropedetes_newtoni;Petropedetidae;Natatanura;male-only care ;1;1;1;1;0;0;2;2;0;0;0;NA;absent;NA;NA;NA;NA;NA;NA;NA;NA;NA;NA;Amphibiaweb;;Amphibiaweb;;;;
Petropedetes_parkeri;Petropedetidae;Natatanura;male-only care ;1;1;1;1;0;0;2;2;0;0;0;1;absent;NA;NA;NA;NA;NA;NA;NA;NA;NA;NA;Amphibiaweb, Wells 2007;Gomez-Mestre et al. 2012;Gomez-Mestre et al. 2012;;;;
Petropedetes_perreti;Petropedetidae;Natatanura;male-only care ;1;1;1;1;0;0;2;2;0;0;0;NA;absent;40,35;36;38,18;-0,05;NA;NA;NA;NA;NA;NA;Amphibiaweb;;Amphibiaweb;Barej et al. 2010;Barej et al. 2010;;
Phasmahyla_cochranae;Hylidae;Hylidae;no care;0;0;0;0;0;0;0;0;0;0;0;1;absent;NA;NA;NA;NA;NA;NA;NA;NA;NA;NA;Gomez-Mestre et al. 2012;Gomez-Mestre et al. 2012;Gomez-Mestre et al. 2012;;;;
Phasmahyla_guttata;Hylidae;Hylidae;no care;0;0;0;0;0;0;0;0;0;0;0;1;absent;NA;NA;NA;NA;NA;NA;NA;NA;NA;NA;Gomez-Mestre et al. 2012;Gomez-Mestre et al. 2012;Gomez-Mestre et al. 2012;;;;
Philautus_aurifasciatus;Rhacophoridae;Natatanura;no care;0;0;0;0;0;0;0;0;0;2;1;1;present;31,6;23,8;27,7;-0,12;2,7;0,43;13;1,11;74,39;1,87;Han & Fu 2013;Amphibiaweb;Amphibiaweb;Han & Fu 2013;Han & Fu 2013;Han & Fu 2013;Han & Fu 2013
Philoria_frosti;Limnodynastidae;Australobatrachia;female-only care ;1;1;0;0;1;1;1;0;1;0;0;NA;absent;NA;NA;NA;NA;3,95;0,6;117,5;2,07;1439,14;3,16;Amphibiaweb;;Amphibiaweb;;;Summers et al. 2006;Amphibiaweb
Philoria_sphagnicolus;Limnodynastidae;Australobatrachia;female-only care ;1;1;0;0;1;1;1;0;1;0;0;1;absent;35;NA;NA;NA;3,2375;0,51;50,25;1,7;413,45;2,62;Amphibiaweb;Gomez-Mestre et al. 2012;Gomez-Mestre et al. 2012;Gomez-Mestre et al. 2012;Han & Fu 2013;Gomez-Mestre et al. 2012, Summers et al. 2006;Gomez-Mestre et al. 2012, Han & Fu 2013
Phlyctimantis_leonardi;Hyperoliidae;Afrobatrachia;no care;0;0;0;0;0;0;0;0;0;0;0;0;absent;NA;NA;NA;NA;NA;NA;NA;NA;NA;NA;Gomez-Mestre et al. 2012;Gomez-Mestre et al. 2342;Gomez-Mestre et al. 2012;;;;
Phrynobatrachus_acridoides;Phrynobatrachidae;Natatanura;no care;0;0;0;0;0;0;0;0;0;0;0;0;absent;29;NA;NA;NA;0,8;-0,1;105;2,02;52,75;1,72;Gomez-Mestre et al. 2012;Gomez-Mestre et al. 2040;Gomez-Mestre et al. 2012;Gomez-Mestre et al. 2012;;Gomez-Mestre et al. 2012;Gomez-Mestre et al. 2012
Phrynobatrachus_calcaratus;Phrynobatrachidae;Natatanura;no care;0;0;0;0;0;0;0;0;0;0;0;0;absent;19,5;NA;NA;NA;0,8;-0,1;254,5;2,41;127,86;2,11;Gomez-Mestre et al. 2012;Gomez-Mestre et al. 2013;Gomez-Mestre et al. 2012;Gomez-Mestre et al. 2012;;Gomez-Mestre et al. 2012;Gomez-Mestre et al. 2012
Phrynobatrachus_dendrobates;Phrynobatrachidae;Natatanura;either parent;1;1;1;1;1;1;2;2;2;2;1;1;absent;NA;NA;NA;NA;NA;NA;NA;NA;NA;NA;Amphibiaweb;Gomez-Mestre et al. 2012;Gomez-Mestre et al. 2012;;;;
Phrynobatrachus_guineensis;Phrynobatrachidae;Natatanura;no care;0;0;0;0;0;0;0;0;0;0;0;NA;absent;NA;NA;NA;NA;3;0,48;NA;NA;NA;NA;Han & Fu 2013;;Amphibiaweb;;;Summers et al. 2006;
Phrynobatrachus_latifrons;Phrynobatrachidae;Natatanura;no care;0;0;0;0;0;0;0;0;0;0;0;NA;absent;NA;NA;NA;NA;0,8;-0,1;NA;NA;NA;NA;Han & Fu 2013;;Amphibiaweb;;;Summers et al. 2006;
Phrynobatrachus_mababiensis;Phrynobatrachidae;Natatanura;no care;0;0;0;0;0;0;0;0;0;0;0;0;absent;20,5;NA;NA;NA;0,9;-0,05;775;2,89;492,78;2,69;Gomez-Mestre et al. 2012;Gomez-Mestre et al. 2014;Gomez-Mestre et al. 2012;Gomez-Mestre et al. 2012;;Gomez-Mestre et al. 2012, Han & Fu 2013;Gomez-Mestre et al. 2012
Phrynobatrachus_natalensis;Phrynobatrachidae;Natatanura;no care;0;0;0;0;0;0;0;0;0;0;0;0;absent;33;27,5;30,25;-0,08;0,9;-0,05;788;2,9;501,05;2,7;Gomez-Mestre et al. 2012, Han & Fu 2013;Gomez-Mestre et al. 2059;Gomez-Mestre et al. 2012;Gomez-Mestre et al. 2012, Han & Fu 2013;Han & Fu 2013;Gomez-Mestre et al. 2012, Han & Fu 2013;Gomez-Mestre et al. 2012, Han & Fu 2013
Phrynobatrachus_sandersoni;Phrynobatrachidae;Natatanura;female-only care ;1;1;0;0;1;1;2;0;2;2;1;1;absent;25;NA;NA;NA;2,3;0,36;14,5;1,16;60,21;1,78;IUCN;Gomez-Mestre et al. 2023;Gomez-Mestre et al. 2012;Gomez-Mestre et al. 2012;;Gomez-Mestre et al. 2012;Gomez-Mestre et al. 2012
Phrynoidis_asper;Bufonidae;Agastorophrynia;no care;0;0;0;0;0;0;0;0;0;0;0;NA;absent;102,7;83;92,85;-0,09;1,2;0,08;12792;4,11;14460,08;4,16;Han & Fu 2013, Summers et al. 2006;;Amphibiaweb;Han & Fu 2013;Han & Fu 2013;Han & Fu 2013, Summers et al. 2006;Han & Fu 2013
Phrynomantis_microps;Microhylidae;Microhylidae;no care;0;0;0;0;0;0;0;0;0;0;0;0;absent;51,7;NA;NA;NA;2,3;0,36;750;2,88;3114,49;3,49;Gomez-Mestre et al. 2012;Gomez-Mestre et al. 2152;Gomez-Mestre et al. 2012;Gomez-Mestre et al. 2012;;Gomez-Mestre et al. 2012;Gomez-Mestre et al. 2012
Phyllobates_bicolor;Dendrobatidae;Agastorophrynia;male-only care ;1;2;2;1;0;0;3;3;0;0;0;NA;absent;39,2;36,2;37,7;-0,03;NA;NA;17;1,23;NA;NA;Amphibiaweb;;Amphibiaweb;Han & Fu 2013;Han & Fu 2013;;Han & Fu 2013
Phyllobates_lugubris;Dendrobatidae;Agastorophrynia;male-only care ;1;2;2;1;1;1;3;3;0;0;0;NA;absent;22,2;19,2;20,7;-0,06;NA;NA;18;1,26;NA;NA;Amphibiaweb;;Amphibiaweb;Han & Fu 2013;Han & Fu 2013;;Han & Fu 2013
Phyllobates_terribilis;Dendrobatidae;Agastorophrynia;male-only care ;1;2;2;1;0;0;3;3;0;0;0;1;absent;45,1;41,1;43,1;-0,04;2,5;0,4;17,5;1,24;85,86;1,93;Amphibiaweb;Gomez-Mestre et al. 2012;Gomez-Mestre et al. 2012;Gomez-Mestre et al. 2012, Han & Fu 2013;Han & Fu 2013;Gomez-Mestre et al. 2012, Han & Fu 2013;Gomez-Mestre et al. 2012, Han & Fu 2013
Phyllobates_vittatus;Dendrobatidae;Agastorophrynia;male-only care ;1;2;2;1;0;0;3;3;0;0;0;1;absent;29,35;24,4;26,88;-0,08;2,5;0,4;16,5;1,22;80,95;1,91;Amphibiaweb;Gomez-Mestre et al. 2012;Gomez-Mestre et al. 2012;Gomez-Mestre et al. 2012, Han & Fu 2013;Han & Fu 2013;Gomez-Mestre et al. 2012, Han & Fu 2013;Gomez-Mestre et al. 2012, Han & Fu 2013
Phyllomedusa_atelopoides;Hylidae;Hylidae;female-only care ;1;1;0;0;1;1;1;0;1;0;0;1;absent;42,5;36,5;39,5;-0,07;3;0,48;20;1,3;141,3;2,15;Amphibiaweb;Gomez-Mestre et al. 2012;Gomez-Mestre et al. 2012;Gomez-Mestre et al. 2012, Han & Fu 2013;Han & Fu 2013;Gomez-Mestre et al. 2012, Han & Fu 2013;Gomez-Mestre et al. 2012, Han & Fu 2013
Phyllomedusa_bicolor;Hylidae;Hylidae;no care;0;0;0;0;0;0;0;0;0;0;0;1;absent;115;97;106;-0,07;NA;NA;NA;NA;NA;NA;Gomez-Mestre et al. 2012, Han & Fu 2013;Gomez-Mestre et al. 2012;Gomez-Mestre et al. 2012;Han & Fu 2013;Han & Fu 2013;;
Phyllomedusa_hypochondrialis;Hylidae;Hylidae;no care;0;0;0;0;0;0;0;0;0;0;0;1;absent;41,25;35,2;38,23;-0,07;1,955;0,29;68,5;1,84;205,52;2,31;Gomez-Mestre et al. 2012, Han & Fu 2013;Gomez-Mestre et al. 2012;Gomez-Mestre et al. 2012;Gomez-Mestre et al. 2012, Han & Fu 2013;Han & Fu 2013;Gomez-Mestre et al. 2012;Gomez-Mestre et al. 2012
Phyllomedusa_palliata;Hylidae;Hylidae;no care;0;0;0;0;0;0;0;0;0;0;0;1;absent;45,15;42,1;43,63;-0,03;3,125;0,49;57,25;1,76;438,88;2,64;Gomez-Mestre et al. 2012, Han & Fu 2013;Gomez-Mestre et al. 2012;Gomez-Mestre et al. 2012;Gomez-Mestre et al. 2012, Han & Fu 2013;Han & Fu 2013;Gomez-Mestre et al. 2012, Han & Fu 2013;Gomez-Mestre et al. 2012, Han & Fu 2013
Phyllomedusa_tarsius;Hylidae;Hylidae;no care;0;0;0;0;0;0;0;0;0;0;0;1;absent;105,2;86,9;96,05;-0,08;3,5;0,54;461,5;2,66;4437,9;3,65;Gomez-Mestre et al. 2012, Han & Fu 2013;Gomez-Mestre et al. 2012;Gomez-Mestre et al. 2012;Gomez-Mestre et al. 2012, Han & Fu 2013;Han & Fu 2013;Gomez-Mestre et al. 2012, Han & Fu 2013;Gomez-Mestre et al. 2012, Han & Fu 2013
Phyllomedusa_tomopterna;Hylidae;Hylidae;no care;0;0;0;0;0;0;0;0;0;0;0;1;absent;57,35;45,3;51,33;-0,1;3,325;0,52;65;1,81;564,11;2,75;Gomez-Mestre et al. 2012, Han & Fu 2013, Summers et al. 2006;Gomez-Mestre et al. 2012;Gomez-Mestre et al. 2012;Gomez-Mestre et al. 2012, Han & Fu 2013;Han & Fu 2013;Gomez-Mestre et al. 2012, Han & Fu 2013, Summers et al. 2006;Gomez-Mestre et al. 2012, Han & Fu 2013
Phyllomedusa_trinitatis;Hylidae;Hylidae;no care;0;0;0;0;0;0;0;0;0;0;0;NA;absent;NA;NA;NA;NA;3;0,48;NA;NA;NA;NA;Summers et al. 2006;;Amphibiaweb;;;Summers et al. 2006;
Phyllomedusa_vaillantii;Hylidae;Hylidae;no care;0;0;0;0;0;0;0;0;0;0;0;1;absent;78,65;52,1;65,38;-0,18;2,1875;0,34;868,5;2,94;3262,39;3,51;Gomez-Mestre et al. 2012, Han & Fu 2013, Summers et al. 2006;Gomez-Mestre et al. 2012;Gomez-Mestre et al. 2012;Gomez-Mestre et al. 2012, Han & Fu 2013;Han & Fu 2013;Gomez-Mestre et al. 2012, Han & Fu 2013, Summers et al. 2006;Gomez-Mestre et al. 2012, Han & Fu 2013
Physalaemus_biligonigerus;Leptodactylidae;Diphyabatracea;biparental care;2;1;1;1;1;1;1;1;1;0;0;1;absent;32,5;NA;NA;NA;1;0;9407;3,97;7384,5;3,87;IUCN;Gomez-Mestre et al. 2012;Gomez-Mestre et al. 2012;Gomez-Mestre et al. 2012;;Gomez-Mestre et al. 2012;Gomez-Mestre et al. 2012
Physalaemus_cuvieri;Leptodactylidae;Diphyabatracea;biparental care;2;1;1;1;1;1;1;1;1;0;0;1;absent;29,5;NA;NA;NA;1,9;0,28;650;2,81;1842;3,27;IUCN;Gomez-Mestre et al. 2012;Gomez-Mestre et al. 2012;Gomez-Mestre et al. 2012;;Gomez-Mestre et al. 2012, Summers et al. 2006;Gomez-Mestre et al. 2012
Physalaemus_ephippifer;Leptodactylidae;Diphyabatracea;biparental care;2;1;1;1;1;1;1;1;1;0;0;1;absent;29,5;NA;NA;NA;1,5;0,18;410;2,61;724,16;2,86;Gomez-Mestre et al. 2012, IUCN, Summers et al. 2006;Gomez-Mestre et al. 2012;Gomez-Mestre et al. 2012;Gomez-Mestre et al. 2012;;Gomez-Mestre et al. 2012, Summers et al. 2006;Gomez-Mestre et al. 2012
Pipa_carvalhoi;Pipidae;Xenoanura;female-only care ;1;2;0;0;2;1;4;0;4;0;0;0;absent;51,4;45,7;48,55;-0,05;2,1;0,32;140;2,15;484,66;2,69;Amphibiaweb;Amphibiaweb;Amphibiaweb;Han & Fu 2013;Han & Fu 2013;Han & Fu 2013;Han & Fu 2013
Pipa_parva;Pipidae;Xenoanura;female-only care ;1;2;0;0;2;1;4;0;4;0;0;0;absent;33,6;31,7;32,65;-0,03;NA;NA;NA;NA;NA;NA;Wells 2007;Amphibiaweb;Amphibiaweb;Han & Fu 2013;Han & Fu 2013;;
Pipa_pipa;Pipidae;Xenoanura;female-only care ;1;2;0;0;2;1;4;0;4;2;1;0;present;138,7;128,7;133,7;-0,03;6;0,78;71;1,85;2006,46;3,3;Amphibiaweb;Amphibiaweb;Gomez-Mestre et al. 2012;Gomez-Mestre et al. 2012, Han & Fu 2013;Han & Fu 2013;Gomez-Mestre et al. 2012, Han & Fu 2013;Gomez-Mestre et al. 2012, Han & Fu 2013
Platypelis_barbouri;Microhylidae;Microhylidae;male-only care ;1;2;2;1;0;0;2;2;0;NA;NA;NA;absent;NA;NA;NA;NA;NA;NA;NA;NA;NA;NA;Glaw & Vences 2007;;Glaw & Vences 2007;;;;
Platypelis_grandis;Microhylidae;Microhylidae;male-only care ;1;1;1;1;0;0;2;2;0;2;1;0;absent;52;NA;NA;NA;4;0,6;95;1,98;1193,2;3,08;Amphibiaweb;Amphibiaweb;Gomez-Mestre et al. 2012;Gomez-Mestre et al. 2012;;Gomez-Mestre et al. 2012;Gomez-Mestre et al. 2012
Platyplectrum_ornatum;Limnodynastidae;Australobatrachia;NA;NA;1;NA;NA;NA;NA;1;NA;NA;0;0;1;absent;38;NA;NA;NA;1,155;0,06;926,75;2,97;970,5;2,99;Amphibiaweb;Gomez-Mestre et al. 2012;Gomez-Mestre et al. 2012;Gomez-Mestre et al. 2012;;Gomez-Mestre et al. 2012, Han & Fu 2013, Summers et al. 2006;Gomez-Mestre et al. 2012, Han & Fu 2013
Platyplectrum_spenceri;Limnodynastidae;Australobatrachia;no care;0;0;0;0;0;0;0;0;0;0;0;1;absent;39,5;NA;NA;NA;1,5;0,18;1129;3,05;1994,1;3,3;Gomez-Mestre et al. 2012, Summers et al. 2006;Gomez-Mestre et al. 2012;Gomez-Mestre et al. 2012;Gomez-Mestre et al. 2012;;Gomez-Mestre et al. 2012, Summers et al. 2006;Gomez-Mestre et al. 2012
Plectrohyla_acanthodes;Hylidae;Hylidae;no care;0;0;0;0;0;0;0;0;0;0;0;NA;absent;NA;NA;NA;NA;2,9;0,46;NA;NA;NA;NA;Summers et al. 2006;;Amphibiaweb;;;Summers et al. 2006;
Plectrohyla_arborescandens;Hylidae;Hylidae;no care;0;0;0;0;0;0;0;0;0;0;0;NA;absent;45,6;34,8;40,2;-0,12;2,175;0,34;NA;NA;NA;NA;Han & Fu 2013, Summers et al. 2006;;Amphibiaweb;Han & Fu 2013;Han & Fu 2013;Han & Fu 2013, Summers et al. 2006;
Plectrohyla_bistincta;Hylidae;Hylidae;no care;0;0;0;0;0;0;0;0;0;0;0;0;absent;NA;NA;NA;NA;NA;NA;NA;NA;NA;NA;Gomez-Mestre et al. 2012;Gomez-Mestre et al. 2319;Gomez-Mestre et al. 2012;;;;
Plectrohyla_guatemalensis;Hylidae;Hylidae;no care;0;0;0;0;0;0;0;0;0;0;0;NA;absent;48,6;47,5;48,05;-0,01;2;0,3;NA;NA;NA;NA;Han & Fu 2013, Summers et al. 2006;;Amphibiaweb;Han & Fu 2013;Han & Fu 2013;Han & Fu 2013, Summers et al. 2006;
Plectrohyla_hartwegi;Hylidae;Hylidae;no care;0;0;0;0;0;0;0;0;0;0;0;NA;absent;NA;NA;NA;NA;2,5;0,4;NA;NA;NA;NA;IUCN;;IUCN;;;Summers et al. 2006;
Plectrohyla_matudai;Hylidae;Hylidae;no care;0;0;0;0;0;0;0;0;0;0;0;NA;absent;49;33,1;41,05;-0,17;NA;NA;NA;NA;NA;NA;Han & Fu 2013;;Amphibiaweb;Han & Fu 2013;Han & Fu 2013;;
Plectrohyla_sagorum;Hylidae;Hylidae;no care;0;0;0;0;0;0;0;0;0;0;0;NA;absent;NA;NA;NA;NA;1,7;0,23;NA;NA;NA;NA;Summers et al. 2006;;Amphibiaweb;;;Summers et al. 2006;
Plethodontohyla_mihanika;Microhylidae;Microhylidae;male-only care ;1;1;1;1;0;0;2;2;0;2;1;0;absent;30;NA;NA;NA;3;0,48;111;2,05;784,22;2,89;Amphibiaweb, Wells 2007;Amphibiaweb;Gomez-Mestre et al. 2012;Gomez-Mestre et al. 2012;;Gomez-Mestre et al. 2012;Gomez-Mestre et al. 2012
Plethodontohyla_notosticta;Microhylidae;Microhylidae;male-only care ;1;1;1;1;0;0;2;2;0;2;1;0;absent;38,5;NA;NA;NA;3,1;0,49;81,5;1,91;614,82;2,79;Amphibiaweb;Amphibiaweb;Gomez-Mestre et al. 2012;Gomez-Mestre et al. 2012;;Gomez-Mestre et al. 2012;Gomez-Mestre et al. 2012
Plethodontohyla_tuberata;Microhylidae;Microhylidae;male-only care ;1;1;1;1;0;0;2;2;0;2;1;1;absent;40;NA;NA;NA;3,75;0,57;41;1,61;452,6;2,66;Amphibiaweb, Wells 2007;Gomez-Mestre et al. 2012;Gomez-Mestre et al. 2012;Gomez-Mestre et al. 2012;;Gomez-Mestre et al. 2012, Summers et al. 2006;Gomez-Mestre et al. 2012
Pleurodema_brachyops;Leptodactylidae;Diphyabatracea;NA;NA;1;NA;NA;NA;NA;1;NA;NA;0;0;1;absent;35,5;31,5;33,5;-0,05;1,12;0,05;1075;3,03;1058,56;3,02;Amphibiaweb;Gomez-Mestre et al. 2012;Gomez-Mestre et al. 2012;Gomez-Mestre et al. 2012, Han & Fu 2013;Han & Fu 2013;Gomez-Mestre et al. 2012;Gomez-Mestre et al. 2012
Polypedates_cruciger;Rhacophoridae;Natatanura;biparental care;2;1;1;1;1;1;1;1;1;0;0;1;absent;NA;NA;NA;NA;NA;NA;NA;NA;NA;NA;Meegaskumbura et al. 2010;Gomez-Mestre et al. 2012;Gomez-Mestre et al. 2012;;;;
Polypedates_leucomystax;Rhacophoridae;Natatanura;biparental care;2;1;1;1;1;1;1;1;1;0;0;1;absent;69,6;43,5;56,55;-0,2;1,675;0,22;293,5;2,47;646,41;2,81;Amphibiaweb;Gomez-Mestre et al. 2012;Gomez-Mestre et al. 2012;Gomez-Mestre et al. 2012, Han & Fu 2013;Han & Fu 2013;Gomez-Mestre et al. 2012, Han & Fu 2013, Summers et al. 2006;Gomez-Mestre et al. 2012, Han & Fu 2013
Polypedates_maculatus;Rhacophoridae;Natatanura;biparental care;2;1;1;1;1;1;1;1;1;0;0;1;absent;80,5;NA;NA;NA;1,35;0,13;850;2,93;1216,06;3,08;Amphibiaweb;Gomez-Mestre et al. 2012;Gomez-Mestre et al. 2012;Gomez-Mestre et al. 2012;;Gomez-Mestre et al. 2012;Gomez-Mestre et al. 2012
Polypedates_megacephalus;Rhacophoridae;Natatanura;biparental care;2;1;1;1;1;1;1;1;1;0;0;1;absent;67,1;49;58,05;-0,14;1,9;0,28;362;2,56;1025,85;3,01;IUCN;Amphibiaweb;Amphibiaweb;Han & Fu 2013;Han & Fu 2013;Han & Fu 2013;Han & Fu 2013
Polypedates_mutus;Rhacophoridae;Natatanura;biparental care;2;1;1;1;1;1;1;1;1;0;0;NA;absent;66,7;53,4;60,05;-0,1;2;0,3;NA;NA;NA;NA;IUCN;;Amphibiaweb;Han & Fu 2013;Han & Fu 2013;Han & Fu 2013;
Poyntonia_paludicola;Pyxicephalidae;Natatanura;no care;0;0;0;0;0;0;0;0;0;0;0;0;absent;NA;NA;NA;NA;NA;NA;NA;NA;NA;NA;Gomez-Mestre et al. 2012;Gomez-Mestre et al. 2343;Gomez-Mestre et al. 2012;;;;
Poyntonophrynus_dombensis;Bufonidae;Agastorophrynia;no care;0;0;0;0;0;0;0;0;0;0;0;0;absent;40;NA;NA;NA;1,7;0,23;900;2,95;2041,79;3,31;Gomez-Mestre et al. 2012, Summers et al. 2006;Gomez-Mestre et al. 2083;Gomez-Mestre et al. 2012;Gomez-Mestre et al. 2012;;Gomez-Mestre et al. 2012, Summers et al. 2006;Gomez-Mestre et al. 2012
Poyntonophrynus_vertebralis;Bufonidae;Agastorophrynia;no care;0;0;0;0;0;0;0;0;0;0;0;0;absent;NA;NA;NA;NA;1,8;0,26;NA;NA;NA;NA;Gomez-Mestre et al. 2012, Han & Fu 2013;Gomez-Mestre et al. 2301;Gomez-Mestre et al. 2012;;;Summers et al. 2006;
Pristimantis_acuminatus;Craugastoridae;Terrarana;no care;0;0;0;0;0;0;0;0;0;2;1;1;present;30;NA;NA;NA;2,4;0,38;16,5;1,22;74,61;1,87;Gomez-Mestre et al. 2012;Gomez-Mestre et al. 2012;Gomez-Mestre et al. 2012;Gomez-Mestre et al. 2012;;Gomez-Mestre et al. 2012;Gomez-Mestre et al. 2012
Pristimantis_affinis;Craugastoridae;Terrarana;female-only care ;1;1;0;0;1;1;2;0;2;2;1;NA;present;NA;NA;NA;NA;NA;NA;NA;NA;NA;NA;Amphibiaweb, Wells 2007;;Amphibiaweb;;;;
Pristimantis_caryophyllaceus;Craugastoridae;Terrarana;female-only care ;1;1;0;0;1;1;2;0;2;2;1;NA;present;NA;NA;NA;NA;NA;NA;NA;NA;NA;NA;Amphibiaweb;;Amphibiaweb;;;;
Pristimantis_conspicillatus;Craugastoridae;Terrarana;no care;0;0;0;0;0;0;0;0;0;2;1;1;present;42;NA;NA;NA;3,5;0,54;44,5;1,65;427,92;2,63;Gomez-Mestre et al. 2012;Gomez-Mestre et al. 2012;Gomez-Mestre et al. 2012;Gomez-Mestre et al. 2012;;Gomez-Mestre et al. 2012;Gomez-Mestre et al. 2012
Pristimantis_diadematus;Craugastoridae;Terrarana;no care;0;0;0;0;0;0;0;0;0;2;1;1;present;40,5;NA;NA;NA;3,9;0,59;18;1,26;214,92;2,33;Gomez-Mestre et al. 2012;Gomez-Mestre et al. 2012;Gomez-Mestre et al. 2012;Gomez-Mestre et al. 2012;;Gomez-Mestre et al. 2012;Gomez-Mestre et al. 2012
Pristimantis_lanthanites;Craugastoridae;Terrarana;no care;0;0;0;0;0;0;0;0;0;2;1;1;present;35;NA;NA;NA;3,2;0,51;36;1,56;289,38;2,46;Gomez-Mestre et al. 2012;Gomez-Mestre et al. 2012;Gomez-Mestre et al. 2012;Gomez-Mestre et al. 2012;;Gomez-Mestre et al. 2012;Gomez-Mestre et al. 2012
Pristimantis_lymani;Craugastoridae;Terrarana;female-only care ;1;1;0;0;1;1;2;0;2;2;1;NA;present;NA;NA;NA;NA;NA;NA;NA;NA;NA;NA;Amphibiaweb, Wells 2007;;Amphibiaweb;;;;
Pristimantis_nicefori;Craugastoridae;Terrarana;female-only care ;1;1;0;0;1;1;2;0;2;2;1;NA;present;NA;NA;NA;NA;NA;NA;NA;NA;NA;NA;Amphibiaweb, Wells 2007;;Amphibiaweb;;;;
Pristimantis_ockendeni;Craugastoridae;Terrarana;no care;0;0;0;0;0;0;0;0;0;2;1;1;present;28;NA;NA;NA;3,5;0,54;26;1,41;250,02;2,4;Gomez-Mestre et al. 2012;Gomez-Mestre et al. 2012;Gomez-Mestre et al. 2012;Gomez-Mestre et al. 2012;;Gomez-Mestre et al. 2012;Gomez-Mestre et al. 2012
Pristimantis_percultus;Craugastoridae;Terrarana;female-only care ;1;1;0;0;1;1;2;0;2;2;1;NA;present;NA;NA;NA;NA;NA;NA;NA;NA;NA;NA;Amphibiaweb, Wells 2007;;Amphibiaweb;;;;
Pristimantis_simoterus;Craugastoridae;Terrarana;female-only care ;1;1;0;0;1;1;2;0;2;2;1;NA;present;NA;NA;NA;NA;NA;NA;NA;NA;NA;NA;Amphibiaweb, Wells 2007;;Amphibiaweb;;;;
Pristimantis_terraebolivaris;Craugastoridae;Terrarana;female-only care ;1;1;0;0;1;1;2;0;2;2;1;NA;present;NA;NA;NA;NA;NA;NA;NA;NA;NA;NA;Amphibiaweb, Wells 2007;;Amphibiaweb;;;;
Probreviceps_rhodesianus;Brevicipitidae;Afrobatrachia;NA;NA;1;NA;NA;NA;NA;1;NA;NA;2;1;NA;present;NA;NA;NA;NA;5;0,7;NA;NA;NA;NA;Amphibiaweb;;Amphibiaweb;;;Summers et al. 2006;
Probreviceps_uluguruensis;Brevicipitidae;Afrobatrachia;NA;NA;1;NA;NA;NA;NA;1;NA;NA;2;1;1;present;37;NA;NA;NA;4;0,6;20;1,3;251,2;2,4;IUCN;Amphibiaweb;Gomez-Mestre et al. 2012;Gomez-Mestre et al. 2012;;Gomez-Mestre et al. 2012;Gomez-Mestre et al. 2012
Pseudacris_brachyphona;Hylidae;Hylidae;no care;0;0;0;0;0;0;0;0;0;0;0;0;absent;29,9;24,6;27,25;-0,08;1,575;0,2;925;2,97;1801,24;3,26;Gomez-Mestre et al. 2012, Han & Fu 2013, Summers et al. 2006;Gomez-Mestre et al. 2045;Gomez-Mestre et al. 2012;Gomez-Mestre et al. 2012, Han & Fu 2013;Han & Fu 2013;Gomez-Mestre et al. 2012, Han & Fu 2013, Summers et al. 2006;Gomez-Mestre et al. 2012, Han & Fu 2013
Pseudacris_brimleyi;Hylidae;Hylidae;no care;0;0;0;0;0;0;0;0;0;0;0;NA;absent;29,8;26;27,9;-0,06;NA;NA;300;2,48;NA;NA;Han & Fu 2013;;Amphibiaweb;Han & Fu 2013;Han & Fu 2013;;Han & Fu 2013
Pseudacris_cadaverina;Hylidae;Hylidae;no care;0;0;0;0;0;0;0;0;0;0;0;NA;absent;40,9;33;36,95;-0,09;2;0,3;NA;NA;NA;NA;Han & Fu 2013;;Amphibiaweb;Han & Fu 2013;Han & Fu 2013;Han & Fu 2013;
Pseudacris_clarkii;Hylidae;Hylidae;no care;0;0;0;0;0;0;0;0;0;0;0;NA;absent;28;24,5;26,25;-0,06;0,8;-0,1;1000;3;502,4;2,7;Han & Fu 2013;;Amphibiaweb;Han & Fu 2013;Han & Fu 2013;Han & Fu 2013;Han & Fu 2013
Pseudacris_crucifer;Hylidae;Hylidae;no care;0;0;0;0;0;0;0;0;0;0;0;0;absent;29,4;25,2;27,3;-0,07;1,1375;0,06;812,5;2,91;825,27;2,92;Gomez-Mestre et al. 2012, Han & Fu 2013, Summers et al. 2006;Gomez-Mestre et al. 2042;Gomez-Mestre et al. 2012;Gomez-Mestre et al. 2012, Han & Fu 2013;Han & Fu 2013;Gomez-Mestre et al. 2012, Han & Fu 2013, Summers et al. 2006;Gomez-Mestre et al. 2012, Han & Fu 2013
Pseudacris_feriarum;Hylidae;Hylidae;no care;0;0;0;0;0;0;0;0;0;0;0;NA;absent;27,5;25,5;26,5;-0,03;1;0;NA;NA;NA;NA;Han & Fu 2013;;Amphibiaweb;Han & Fu 2013;Han & Fu 2013;Han & Fu 2013;
Pseudacris_maculata;Hylidae;Hylidae;no care;0;0;0;0;0;0;0;0;0;0;0;NA;absent;27;25,5;26,25;-0,02;1,3;0,11;NA;NA;NA;NA;Han & Fu 2013;;Amphibiaweb;Han & Fu 2013;Han & Fu 2013;Han & Fu 2013;
Pseudacris_nigrita;Hylidae;Hylidae;no care;0;0;0;0;0;0;0;0;0;0;0;0;absent;27,5;24,5;26;-0,05;0,975;-0,01;89;1,95;66,42;1,82;Gomez-Mestre et al. 2012, Han & Fu 2013, Summers et al. 2006;Gomez-Mestre et al. 2035;Gomez-Mestre et al. 2012;Gomez-Mestre et al. 2012, Han & Fu 2013;Han & Fu 2013;Gomez-Mestre et al. 2012, Han & Fu 2013, Summers et al. 2006;Gomez-Mestre et al. 2012, Han & Fu 2013
Pseudacris_ocularis;Hylidae;Hylidae;no care;0;0;0;0;0;0;0;0;0;0;0;0;absent;14,78;13,5;14,14;-0,04;0,825;-0,08;125;2,1;66,79;1,82;Gomez-Mestre et al. 2012, Han & Fu 2013, Summers et al. 2006;Amphibiaweb;Gomez-Mestre et al. 2012;Gomez-Mestre et al. 2012, Han & Fu 2013;Han & Fu 2013;Gomez-Mestre et al. 2012, Han & Fu 2013, Summers et al. 2006;Gomez-Mestre et al. 2012, Han & Fu 2013
Pseudacris_ornata;Hylidae;Hylidae;no care;0;0;0;0;0;0;0;0;0;0;0;NA;absent;32;30;31;-0,03;1;0;55;1,74;43,18;1,64;Han & Fu 2013;;Amphibiaweb;Han & Fu 2013;Han & Fu 2013;Han & Fu 2013;Han & Fu 2013
Pseudacris_regilla;Hylidae;Hylidae;no care;0;0;0;0;0;0;0;0;0;0;0;0;absent;36,6;32,5;34,55;-0,05;1,3;0,11;691;2,84;916,72;2,96;Gomez-Mestre et al. 2012, Han & Fu 2013, Summers et al. 2006;Gomez-Mestre et al. 2073;Gomez-Mestre et al. 2012;Gomez-Mestre et al. 2012, Han & Fu 2013;Han & Fu 2013;Gomez-Mestre et al. 2012, Han & Fu 2013, Summers et al. 2006;Gomez-Mestre et al. 2012, Han & Fu 2013
Pseudacris_streckeri;Hylidae;Hylidae;no care;0;0;0;0;0;0;0;0;0;0;0;0;absent;43,5;33;38,25;-0,12;1,39;0,14;387,5;2,59;587,72;2,77;Gomez-Mestre et al. 2012, Han & Fu 2013, Summers et al. 2006;Gomez-Mestre et al. 2103;Gomez-Mestre et al. 2012;Gomez-Mestre et al. 2012, Han & Fu 2013;Han & Fu 2013;Gomez-Mestre et al. 2012, Han & Fu 2013, Summers et al. 2006;Gomez-Mestre et al. 2012, Han & Fu 2013
Pseudacris_triseriata;Hylidae;Hylidae;no care;0;0;0;0;0;0;0;0;0;0;0;NA;absent;28,8;26,5;27,65;-0,04;1,015;0,01;449;2,65;363,12;2,56;Han & Fu 2013, Summers et al. 2006;;Amphibiaweb;Han & Fu 2013;Han & Fu 2013;Han & Fu 2013, Summers et al. 2006;Han & Fu 2013
Pseudis_minuta;Hylidae;Hylidae;no care;0;0;0;0;0;0;0;0;0;0;0;1;absent;NA;NA;NA;NA;NA;NA;NA;NA;NA;NA;Gomez-Mestre et al. 2012;Gomez-Mestre et al. 2012;Gomez-Mestre et al. 2012;;;;
Pseudis_paradoxa;Hylidae;Hylidae;no care;0;0;0;0;0;0;0;0;0;0;0;1;absent;60;NA;NA;NA;1,68;0,23;525;2,72;1163,18;3,07;Gomez-Mestre et al. 2012;Gomez-Mestre et al. 2012;Gomez-Mestre et al. 2012;Gomez-Mestre et al. 2012;;Gomez-Mestre et al. 2012;Gomez-Mestre et al. 2012
Pseudocallulops_pullifer;Microhylidae;Microhylidae;male-only care ;1;3;3;1;0;0;3;3;0;2;1;NA;present;NA;NA;NA;NA;NA;NA;NA;NA;NA;NA;Stuart et al. 2008, Günther 2006;;Stuart et al. 2008;;;;
Pseudopaludicola_falcipes;Leptodactylidae;Diphyabatracea;no care;0;0;0;0;0;0;0;0;0;0;0;0;absent;NA;NA;NA;NA;1;0;NA;NA;NA;NA;Gomez-Mestre et al. 2012, Han & Fu 2013;Gomez-Mestre et al. 2294;Gomez-Mestre et al. 2012;;;Han & Fu 2013;
Pseudophryne_australis;Myobatrachidae;Australobatrachia;either parent;1;1;1;1;1;1;2;2;2;0;0;NA;absent;NA;NA;NA;NA;2,775;0,44;NA;NA;NA;NA;Jacobson 1963, Woodruff 1976;;Amphibiaweb;;;Summers et al. 2006;
Pseudophryne_bibronii;Myobatrachidae;Australobatrachia;male-only care ;1;1;1;1;1;1;2;2;0;0;0;NA;absent;27;26;26,5;-0,02;2,1125;0,32;82;1,91;287,26;2,46;Jacobson 1963, Woodruff 1976;;Amphibiaweb;Han & Fu 2013;Han & Fu 2013;Han & Fu 2013, Summers et al. 2006;Han & Fu 2013
Pseudophryne_coriacea;Myobatrachidae;Australobatrachia;male-only care ;1;1;1;1;0;0;2;2;0;0;0;1;absent;28,5;NA;NA;NA;2,5;0,4;135;2,13;662,34;2,82;Robinson 2002;Gomez-Mestre et al. 2012;Gomez-Mestre et al. 2012;Gomez-Mestre et al. 2012;;Gomez-Mestre et al. 2012;Gomez-Mestre et al. 2012
Pseudophryne_corroboree;Myobatrachidae;Australobatrachia;male-only care ;1;1;1;1;0;0;2;2;0;0;0;NA;absent;NA;NA;NA;NA;3,25;0,51;NA;NA;NA;NA;Amphibiaweb;;Amphibiaweb;;;Summers et al. 2006;
Pseudophryne_dendyi;Myobatrachidae;Australobatrachia;male-only care ;1;1;1;1;0;0;2;2;0;0;0;NA;absent;NA;NA;NA;NA;NA;NA;NA;NA;NA;NA;Woodruff 1976;;Amphibiaweb;;;;
Pseudophryne_douglasi;Myobatrachidae;Australobatrachia;female-only care ;1;1;0;0;1;1;2;0;2;0;0;NA;absent;NA;NA;NA;NA;NA;NA;NA;NA;NA;NA;Amphibiaweb;;Amphibiaweb;;;;
Pseudophryne_semimarmorata;Myobatrachidae;Australobatrachia;NA;NA;1;NA;NA;NA;NA;2;NA;NA;0;0;NA;absent;NA;NA;NA;NA;NA;NA;NA;NA;NA;NA;Amphibiaweb;;Amphibiaweb;;;;
Pseudorana_weiningensis;Ranidae;Natatanura;no care;0;0;0;0;0;0;0;0;0;0;0;NA;absent;43;35;39;-0,09;2,3;0,36;313;2,5;1299,78;3,11;Han & Fu 2013;;Amphibiaweb;Han & Fu 2013;Han & Fu 2013;Han & Fu 2013;Han & Fu 2013
Ptychadena_anchietae;Ptychadenidae;Natatanura;no care;0;0;0;0;0;0;0;0;0;0;0;0;absent;57;NA;NA;NA;1;0;250;2,4;196,25;2,29;Gomez-Mestre et al. 2012;Gomez-Mestre et al. 2171;Gomez-Mestre et al. 2012;Gomez-Mestre et al. 2012;;Gomez-Mestre et al. 2012;Gomez-Mestre et al. 2012
Ptychadena_bibroni;Ptychadenidae;Natatanura;no care;0;0;0;0;0;0;0;0;0;0;0;0;absent;45;NA;NA;NA;1,4625;0,17;1150;3,06;1930,9;3,29;Gomez-Mestre et al. 2012, Summers et al. 2006;Gomez-Mestre et al. 2115;Gomez-Mestre et al. 2012;Gomez-Mestre et al. 2012;;Gomez-Mestre et al. 2012, Summers et al. 2006;Gomez-Mestre et al. 2012
Ptychadena_mascareniensis;Ptychadenidae;Natatanura;no care;0;0;0;0;0;0;0;0;0;0;0;NA;absent;NA;NA;NA;NA;1,1;0,04;NA;NA;NA;NA;Han & Fu 2013, Summers et al. 2006;;Amphibiaweb;;;Han & Fu 2013, Summers et al. 2006;
Ptychadena_oxyrhynchus;Ptychadenidae;Natatanura;no care;0;0;0;0;0;0;0;0;0;0;0;NA;absent;NA;NA;NA;NA;1,3;0,11;NA;NA;NA;NA;Summers et al. 2006;;Amphibiaweb;;;Summers et al. 2006;
Ptychadena_porosissima;Ptychadenidae;Natatanura;no care;0;0;0;0;0;0;0;0;0;0;0;0;absent;NA;NA;NA;NA;NA;NA;NA;NA;NA;NA;Gomez-Mestre et al. 2012;Gomez-Mestre et al. 2344;Gomez-Mestre et al. 2012;;;;
Ptychadena_tellinii;Ptychadenidae;Natatanura;no care;0;0;0;0;0;0;0;0;0;0;0;0;absent;41,5;NA;NA;NA;1,225;0,09;1681;3,23;1980,2;3,3;Gomez-Mestre et al. 2012;Gomez-Mestre et al. 2094;Gomez-Mestre et al. 2012;Gomez-Mestre et al. 2012;;Gomez-Mestre et al. 2012;Gomez-Mestre et al. 2012
Ptychohyla_euthysanota;Hylidae;Hylidae;no care;0;0;0;0;0;0;0;0;0;0;0;NA;absent;38,2;35;36,6;-0,04;NA;NA;NA;NA;NA;NA;Han & Fu 2013;;Amphibiaweb;Han & Fu 2013;Han & Fu 2013;;
Ptychohyla_hypomykter;Hylidae;Hylidae;no care;0;0;0;0;0;0;0;0;0;0;0;0;absent;NA;NA;NA;NA;2,39;0,38;NA;NA;NA;NA;Gomez-Mestre et al. 2012, Han & Fu 2013, Summers et al. 2006;Gomez-Mestre et al. 2305;Gomez-Mestre et al. 2012;;;Han & Fu 2013, Summers et al. 2006;
Pyxicephalus_adspersus;Pyxicephalidae;Natatanura;male-only care ;1;2;2;1;0;0;2;2;0;0;0;0;absent;115;203;159;0,25;1,775;0,25;3875;3,59;9583,81;3,98;Wells 2007;Amphibiaweb;Gomez-Mestre et al. 2012;Gomez-Mestre et al. 2012, Han & Fu 2013;Han & Fu 2013;Gomez-Mestre et al. 2012, Han & Fu 2013;Gomez-Mestre et al. 2012, Han & Fu 2013
Qasipaa_yei;Dicroglossidae;Natatanura;no care;0;0;0;0;0;0;0;0;0;0;0;NA;absent;75;58,1;66,55;-0,11;NA;NA;NA;NA;NA;NA;Han & Fu 2013;;Amphibiaweb;Han & Fu 2013;Han & Fu 2013;;
Quasipaa_boulengeri;Dicroglossidae;Natatanura;no care;0;0;0;0;0;0;0;0;0;0;0;NA;absent;103,3;100,6;101,95;-0,01;3,9;0,59;NA;NA;NA;NA;Han & Fu 2013;;Amphibiaweb;Han & Fu 2013;Han & Fu 2013;Han & Fu 2013;
Quasipaa_shini;Dicroglossidae;Natatanura;no care;0;0;0;0;0;0;0;0;0;0;0;NA;absent;94,9;98,6;96,75;0,02;3,5;0,54;10;1;96,16;1,98;Han & Fu 2013;;Amphibiaweb;Han & Fu 2013;Han & Fu 2013;Han & Fu 2013;Han & Fu 2013
Quasipaa_spinosa;Dicroglossidae;Natatanura;no care;0;0;0;0;0;0;0;0;0;0;0;NA;absent;93,2;89,2;91,2;-0,02;4,3;0,63;228;2,36;3309,34;3,52;Han & Fu 2013;;Amphibiaweb;Han & Fu 2013;Han & Fu 2013;Han & Fu 2013;Han & Fu 2013
Rana_amurensis;Ranidae;Natatanura;no care;0;0;0;0;0;0;0;0;0;0;0;0;absent;59,65;41;50,33;-0,16;2;0,3;2052,5;3,31;6444,85;3,81;Gomez-Mestre et al. 2012, Han & Fu 2013;Gomez-Mestre et al. 2178;Gomez-Mestre et al. 2012;Gomez-Mestre et al. 2012, Han & Fu 2013;Han & Fu 2013;Gomez-Mestre et al. 2012, Han & Fu 2013;Gomez-Mestre et al. 2012, Han & Fu 2013
Rana_arvalis;Ranidae;Natatanura;no care;0;0;0;0;0;0;0;0;0;0;0;0;absent;75;NA;NA;NA;1,875;0,27;1674,5;3,22;4621,23;3,66;Gomez-Mestre et al. 2012, Han & Fu 2013;Gomez-Mestre et al. 2231;Gomez-Mestre et al. 2012;Gomez-Mestre et al. 2012;;Gomez-Mestre et al. 2012, Han & Fu 2013;Gomez-Mestre et al. 2012, Han & Fu 2013
Rana_asiatica;Ranidae;Natatanura;no care;0;0;0;0;0;0;0;0;0;0;0;0;absent;53,8;53,4;53,6;0;2,3;0,36;1150;3,06;4775,55;3,68;Gomez-Mestre et al. 2012, Han & Fu 2013;Gomez-Mestre et al. 2164;Gomez-Mestre et al. 2012;Han & Fu 2013;Han & Fu 2013;Han & Fu 2013;Han & Fu 2013
Rana_aurora;Ranidae;Natatanura;no care;0;0;0;0;0;0;0;0;0;0;0;0;absent;93,5;NA;NA;NA;3,0375;0,48;775;2,89;5613,11;3,75;Gomez-Mestre et al. 2012, Han & Fu 2013, Summers et al. 2006;Gomez-Mestre et al. 2256;Gomez-Mestre et al. 2012;Gomez-Mestre et al. 2012;;Gomez-Mestre et al. 2012, Han & Fu 2013, Summers et al. 2006;Gomez-Mestre et al. 2012, Han & Fu 2013
Rana_boylii;Ranidae;Natatanura;no care;0;0;0;0;0;0;0;0;0;0;0;0;absent;65;56;60,5;-0,06;2,3125;0,36;1065;3,03;4470,77;3,65;Gomez-Mestre et al. 2012, Han & Fu 2013, Summers et al. 2006;Gomez-Mestre et al. 2200;Gomez-Mestre et al. 2012;Gomez-Mestre et al. 2012, Han & Fu 2013;Han & Fu 2013;Gomez-Mestre et al. 2012, Han & Fu 2013, Summers et al. 2006;Gomez-Mestre et al. 2012, Han & Fu 2013
Rana_cascadae;Ranidae;Natatanura;no care;0;0;0;0;0;0;0;0;0;0;0;0;absent;52,5;NA;NA;NA;2,5125;0,4;475;2,68;2353,83;3,37;Gomez-Mestre et al. 2012, Han & Fu 2013, Summers et al. 2006;Gomez-Mestre et al. 2157;Gomez-Mestre et al. 2012;Gomez-Mestre et al. 2012;;Gomez-Mestre et al. 2012, Han & Fu 2013, Summers et al. 2006;Gomez-Mestre et al. 2012, Han & Fu 2013
Rana_chaochiaoensis;Ranidae;Natatanura;no care;0;0;0;0;0;0;0;0;0;0;0;NA;absent;52,9;53,6;53,25;0,01;1,8;0,26;1500;3,18;3815,1;3,58;Han & Fu 2013;;Amphibiaweb;Han & Fu 2013;Han & Fu 2013;Han & Fu 2013;Han & Fu 2013
Rana_chensinensis;Ranidae;Natatanura;no care;0;0;0;0;0;0;0;0;0;0;0;0;absent;41,9;48;44,95;0,06;NA;NA;1400;3,15;NA;NA;Gomez-Mestre et al. 2012, Han & Fu 2013;Gomez-Mestre et al. 2095;Gomez-Mestre et al. 2012;Han & Fu 2013;Han & Fu 2013;;Han & Fu 2013
Rana_dalmatina;Ranidae;Natatanura;no care;0;0;0;0;0;0;0;0;0;0;0;0;absent;63,35;45,2;54,28;-0,15;2,38;0,38;1166;3,07;5184,68;3,71;Gomez-Mestre et al. 2012, Han & Fu 2013;Gomez-Mestre et al. 2194;Gomez-Mestre et al. 2012;Gomez-Mestre et al. 2012, Han & Fu 2013;Han & Fu 2013;Gomez-Mestre et al. 2012, Han & Fu 2013;Gomez-Mestre et al. 2012, Han & Fu 2013
Rana_dybowskii;Ranidae;Natatanura;no care;0;0;0;0;0;0;0;0;0;0;0;0;absent;67;NA;NA;NA;2,625;0,42;1882,5;3,27;10182,71;4,01;Gomez-Mestre et al. 2012, Han & Fu 2013;Gomez-Mestre et al. 2205;Gomez-Mestre et al. 2012;Gomez-Mestre et al. 2012;;Gomez-Mestre et al. 2012, Han & Fu 2013;Gomez-Mestre et al. 2012, Han & Fu 2013
Rana_graeca;Ranidae;Natatanura;male-only care ;1;1;1;1;0;0;2;2;0;0;0;0;absent;75;NA;NA;NA;2,775;0,44;1100;3,04;6649,49;3,82;Amphibiaweb;Amphibiaweb;Gomez-Mestre et al. 2012;Gomez-Mestre et al. 2012;;Gomez-Mestre et al. 2012, Han & Fu 2013;Gomez-Mestre et al. 2012, Han & Fu 2013
Rana_huanrenensis;Ranidae;Natatanura;no care;0;0;0;0;0;0;0;0;0;0;0;NA;absent;45,3;42,8;44,05;-0,02;2;0,3;450;2,65;1413;3,15;Han & Fu 2013;;Amphibiaweb;Han & Fu 2013;Han & Fu 2013;Han & Fu 2013;Han & Fu 2013
Rana_iberica;Ranidae;Natatanura;no care;0;0;0;0;0;0;0;0;0;0;0;0;absent;47;NA;NA;NA;1,8;0,26;319;2,5;811,34;2,91;Gomez-Mestre et al. 2012;Gomez-Mestre et al. 2129;Gomez-Mestre et al. 2012;Gomez-Mestre et al. 2012;Han & Fu 2013;Gomez-Mestre et al. 2012;Gomez-Mestre et al. 2012
Rana_japonica;Ranidae;Natatanura;no care;0;0;0;0;0;0;0;0;0;0;0;0;absent;46,6;48,1;47,35;0,01;1,925;0,28;1595;3,2;4639,72;3,67;Gomez-Mestre et al. 2012, Han & Fu 2013, Summers et al. 2006;Gomez-Mestre et al. 2128;Gomez-Mestre et al. 2012;Gomez-Mestre et al. 2012, Han & Fu 2013;Han & Fu 2013;Gomez-Mestre et al. 2012, Han & Fu 2013, Summers et al. 2006;Gomez-Mestre et al. 2012, Han & Fu 2013
Rana_johnsi;Ranidae;Natatanura;no care;0;0;0;0;0;0;0;0;0;0;0;NA;absent;46,5;43,1;44,8;-0,03;2,3;0,36;1500;3,18;6228,98;3,79;Han & Fu 2013;;Amphibiaweb;Han & Fu 2013;Han & Fu 2013;Han & Fu 2013;Han & Fu 2013
Rana_kukunoris;Ranidae;Natatanura;no care;0;0;0;0;0;0;0;0;0;0;0;1;absent;61,9;56,3;59,1;-0,04;1,8;0,26;1350;3,13;3433,59;3,54;Han & Fu 2013;Amphibiaweb;Amphibiaweb;Han & Fu 2013;Han & Fu 2013;Han & Fu 2013;Han & Fu 2013
Rana_kunyuensis;Ranidae;Natatanura;no care;0;0;0;0;0;0;0;0;0;0;0;NA;absent;44,8;40,9;42,85;-0,04;1,8;0,26;918;2,96;2334,84;3,37;Han & Fu 2013;;Amphibiaweb;Han & Fu 2013;Han & Fu 2013;Han & Fu 2013;Han & Fu 2013
Rana_longicrus;Ranidae;Natatanura;no care;0;0;0;0;0;0;0;0;0;0;0;0;absent;51,45;41,5;46,48;-0,09;1,57;0,2;760,5;2,88;1471,53;3,17;Gomez-Mestre et al. 2012, Han & Fu 2013;Gomez-Mestre et al. 2150;Gomez-Mestre et al. 2012;Gomez-Mestre et al. 2012, Han & Fu 2013;Han & Fu 2013;Gomez-Mestre et al. 2012, Han & Fu 2013;Gomez-Mestre et al. 2012, Han & Fu 2013
Rana_luteiventris;Ranidae;Natatanura;no care;0;0;0;0;0;0;0;0;0;0;0;0;absent;60;NA;NA;NA;2,03;0,31;1837,5;3,26;5944,14;3,77;Gomez-Mestre et al. 2012, Han & Fu 2013;Gomez-Mestre et al. 2181;Gomez-Mestre et al. 2012;Gomez-Mestre et al. 2012;;Gomez-Mestre et al. 2012, Han & Fu 2013;Gomez-Mestre et al. 2012, Han & Fu 2013
Rana_luzonensis;Ranidae;Natatanura;no care;0;0;0;0;0;0;0;0;0;0;0;0;absent;NA;NA;NA;NA;NA;NA;NA;NA;NA;NA;Gomez-Mestre et al. 2012;Gomez-Mestre et al. 2345;Gomez-Mestre et al. 2012;;;;
Rana_macrocnemis;Ranidae;Natatanura;no care;0;0;0;0;0;0;0;0;0;0;0;0;absent;NA;NA;NA;NA;NA;NA;2040;3,31;NA;NA;Gomez-Mestre et al. 2012, Han & Fu 2013;Gomez-Mestre et al. 2307;Gomez-Mestre et al. 2012;;;;Han & Fu 2013
Rana_muscosa;Ranidae;Natatanura;no care;0;0;0;0;0;0;0;0;0;0;0;0;absent;NA;NA;NA;NA;2,3;0,36;223;2,35;926,04;2,97;Gomez-Mestre et al. 2012, Han & Fu 2013;Gomez-Mestre et al. 2304;Gomez-Mestre et al. 2012;;;Han & Fu 2013;Han & Fu 2013
Rana_omeimontis;Ranidae;Natatanura;no care;0;0;0;0;0;0;0;0;0;0;0;NA;absent;66,7;60,1;63,4;-0,05;2;0,3;1550;3,19;4867;3,69;Han & Fu 2013;;Amphibiaweb;Han & Fu 2013;Han & Fu 2013;Han & Fu 2013;Han & Fu 2013
Rana_ornativentris;Ranidae;Natatanura;no care;0;0;0;0;0;0;0;0;0;0;0;0;absent;60,25;49,3;54,78;-0,09;1,825;0,26;6725;3,83;17582,79;4,25;Gomez-Mestre et al. 2012, Han & Fu 2013;Gomez-Mestre et al. 2184;Gomez-Mestre et al. 2012;Gomez-Mestre et al. 2012, Han & Fu 2013;Han & Fu 2013;Gomez-Mestre et al. 2012, Han & Fu 2013;Han & Fu 2013
Rana_pirica;Ranidae;Natatanura;no care;0;0;0;0;0;0;0;0;0;0;0;0;absent;63;NA;NA;NA;2,5;0,4;1004,5;3;4928,33;3,69;Gomez-Mestre et al. 2012;Gomez-Mestre et al. 2191;Gomez-Mestre et al. 2012;Gomez-Mestre et al. 2012;;Gomez-Mestre et al. 2012;Gomez-Mestre et al. 2012
Rana_pretiosa;Ranidae;Natatanura;no care;0;0;0;0;0;0;0;0;0;0;0;0;absent;73,15;56;64,58;-0,12;2,1675;0,34;1023;3,01;3772,8;3,58;Gomez-Mestre et al. 2012, Han & Fu 2013, Summers et al. 2006;Gomez-Mestre et al. 2221;Gomez-Mestre et al. 2012;Gomez-Mestre et al. 2012, Han & Fu 2013;Han & Fu 2013;Gomez-Mestre et al. 2012, Han & Fu 2013, Summers et al. 2006;Gomez-Mestre et al. 2012, Han & Fu 2013
Rana_pyrenaica;Ranidae;Natatanura;no care;0;0;0;0;0;0;0;0;0;0;0;0;absent;45;NA;NA;NA;3;0,48;120;2,08;847,8;2,93;Gomez-Mestre et al. 2012;Gomez-Mestre et al. 2117;Gomez-Mestre et al. 2012;Gomez-Mestre et al. 2012;;Gomez-Mestre et al. 2012;Gomez-Mestre et al. 2012
Rana_sauteri;Ranidae;Natatanura;no care;0;0;0;0;0;0;0;0;0;0;0;0;absent;52,8;39,9;46,35;-0,12;2,6;0,41;811,5;2,91;4306,31;3,63;Han & Fu 2013;Amphibiaweb;Gomez-Mestre et al. 2012;Gomez-Mestre et al. 2012, Han & Fu 2013;Han & Fu 2013;Gomez-Mestre et al. 2012, Han & Fu 2013;Gomez-Mestre et al. 2012, Han & Fu 2013
Rana_shuchinae;Ranidae;Natatanura;no care;0;0;0;0;0;0;0;0;0;0;0;NA;absent;44,5;39,9;42,2;-0,05;2,2;0,34;180;2,26;683,89;2,83;Han & Fu 2013;;Amphibiaweb;Han & Fu 2013;Han & Fu 2013;Han & Fu 2013;Han & Fu 2013
Rana_tagoi;Ranidae;Natatanura;no care;0;0;0;0;0;0;0;0;0;0;0;0;absent;41,4;39;40,2;-0,03;3,5;0,54;70;1,85;673,14;2,83;Gomez-Mestre et al. 2012, Han & Fu 2013;Gomez-Mestre et al. 2091;Gomez-Mestre et al. 2012;Gomez-Mestre et al. 2012, Han & Fu 2013;Han & Fu 2013;Gomez-Mestre et al. 2012, Han & Fu 2013;Gomez-Mestre et al. 2012
Rana_temporaria;Ranidae;Natatanura;no care;0;0;0;0;0;0;0;0;0;0;0;0;absent;63,1;64,2;63,65;0,01;2,45;0,39;1868,25;3,27;8803,12;3,94;Gomez-Mestre et al. 2012, Han & Fu 2013, Summers et al. 2006;Gomez-Mestre et al. 2192;Gomez-Mestre et al. 2012;Gomez-Mestre et al. 2012, Han & Fu 2013;Han & Fu 2013;Gomez-Mestre et al. 2012, Han & Fu 2013, Summers et al. 2006;Gomez-Mestre et al. 2012, Han & Fu 2013
Rana_tsushimensis;Ranidae;Natatanura;no care;0;0;0;0;0;0;0;0;0;0;0;NA;absent;49,8;41,1;45,45;-0,08;2;0,3;450;2,65;1413;3,15;Han & Fu 2013;;Amphibiaweb;Han & Fu 2013;Han & Fu 2013;Han & Fu 2013;Han & Fu 2013
Rana_zhenhaiensis;Ranidae;Natatanura;no care;0;0;0;0;0;0;0;0;0;0;0;NA;absent;48,1;46,4;47,25;-0,02;1,8;0,26;883;2,95;2245,82;3,35;Han & Fu 2013;;Amphibiaweb;Han & Fu 2013;Han & Fu 2013;Han & Fu 2013;Han & Fu 2013
Ranitomeya_fantastica;Dendrobatidae;Agastorophrynia;male-only care ;1;2;2;1;0;0;3;3;0;0;0;NA;absent;NA;NA;NA;NA;NA;NA;NA;NA;NA;NA;Amphibiaweb;;Amphibiaweb;;;;
Ranitomeya_imitator;Dendrobatidae;Agastorophrynia;male-only care ;1;2;2;1;2;1;3;3;0;1;1;NA;absent;18,2;17,4;17,8;-0,02;NA;NA;2;0,3;NA;NA;Brown et al. 2010;;Amphibiaweb;Han & Fu 2013;Han & Fu 2013;;Han & Fu 2013
Ranitomeya_reticulata;Dendrobatidae;Agastorophrynia;male-only care ;1;2;2;1;0;0;3;3;0;0;0;1;absent;15,3;14,4;14,85;-0,03;2;0,3;2,5;0,4;7,85;0,89;Amphibiaweb;Amphibiaweb;Gomez-Mestre et al. 2012;Gomez-Mestre et al. 2012, Han & Fu 2013;Han & Fu 2013;Gomez-Mestre et al. 2012, Han & Fu 2013, Summers et al. 2006;Gomez-Mestre et al. 2012, Han & Fu 2013
Ranitomeya_vanzolinii;Dendrobatidae;Agastorophrynia;male-only care ;1;2;2;1;2;1;3;3;0;1;1;NA;absent;17,9;17,8;17,85;0;NA;NA;NA;NA;NA;NA;Amphibiaweb;;Amphibiaweb;Han & Fu 2013;Han & Fu 2013;;
Ranitomeya_variabilis;Dendrobatidae;Agastorophrynia;male-only care ;1;2;2;1;0;0;3;3;0;0;0;NA;absent;18;17,4;17,7;-0,01;NA;NA;6;0,78;NA;NA;Amphibiaweb;;Amphibiaweb;Han & Fu 2013;Han & Fu 2013;;Han & Fu 2013
Ranitomeya_ventrimaculata;Dendrobatidae;Agastorophrynia;male-only care ;1;2;2;1;0;0;3;3;0;0;0;1;absent;15,75;16;15,88;0,01;2;0,3;4;0,6;12,56;1,1;Amphibiaweb;Amphibiaweb;Gomez-Mestre et al. 2012;Gomez-Mestre et al. 2012, Han & Fu 2013;Han & Fu 2013;Gomez-Mestre et al. 2012, Han & Fu 2013, Summers et al. 2006;Gomez-Mestre et al. 2012, Han & Fu 2013
Rhacophorus_annamensis;Rhacophoridae;Natatanura;biparental care;2;1;1;1;1;1;1;1;1;0;0;1;absent;NA;NA;NA;NA;NA;NA;NA;NA;NA;NA;IUCN;Amphibiaweb;Amphibiaweb;;;;
Rhacophorus_arboreus;Rhacophoridae;Natatanura;female-only care ;1;1;0;0;1;1;1;0;1;0;0;1;absent;75,95;60,3;68,13;-0,1;2,9;0,46;800;2,9;5281,48;3,72;Amphibiaweb;Gomez-Mestre et al. 2012;Gomez-Mestre et al. 2012;Gomez-Mestre et al. 2012, Han & Fu 2013;Han & Fu 2013;Gomez-Mestre et al. 2012, Han & Fu 2013;Gomez-Mestre et al. 2012, Han & Fu 2013
Rhacophorus_bipunctatus;Rhacophoridae;Natatanura;biparental care;2;1;1;1;1;1;1;1;1;0;0;1;absent;NA;NA;NA;NA;NA;NA;NA;NA;NA;NA;Amphibiaweb;Amphibiaweb;Amphibiaweb;;;;
Rhacophorus_dennysi;Rhacophoridae;Natatanura;biparental care;2;1;1;1;1;1;1;1;1;0;0;NA;absent;100,2;87,5;93,85;-0,06;2;0,3;2625;3,42;8242,5;3,92;IUCN;;Amphibiaweb;Han & Fu 2013;Han & Fu 2013;Han & Fu 2013;Han & Fu 2013
Rhacophorus_feae;Rhacophoridae;Natatanura;biparental care;2;1;1;1;1;1;1;1;1;0;0;NA;absent;92,3;111;101,65;0,08;NA;NA;NA;NA;NA;NA;IUCN;;Amphibiaweb;Han & Fu 2013;Han & Fu 2013;;
Rhacophorus_kio;Rhacophoridae;Natatanura;biparental care;2;1;1;1;1;1;1;1;1;0;0;NA;absent;81,6;67,9;74,75;-0,08;3;0,48;NA;NA;NA;NA;IUCN;;Amphibiaweb;Han & Fu 2013;Han & Fu 2013;Han & Fu 2013;
Rhacophorus_lateralis;Rhacophoridae;Natatanura;biparental care;2;1;1;1;1;1;1;1;1;0;0;1;absent;NA;NA;NA;NA;NA;NA;NA;NA;NA;NA;Biju 2009;Gomez-Mestre et al. 2012;Gomez-Mestre et al. 2012;;;;
Rhacophorus_malabaricus;Rhacophoridae;Natatanura;biparental care;2;1;1;1;1;1;1;1;1;0;0;1;absent;70;NA;NA;NA;2,68;0,43;176;2,25;992,32;3;Kadadevaru et al. 2000;Gomez-Mestre et al. 2012;Gomez-Mestre et al. 2012;Gomez-Mestre et al. 2012;;Gomez-Mestre et al. 2012;Gomez-Mestre et al. 2012
Rhacophorus_maximus;Rhacophoridae;Natatanura;biparental care;2;1;1;1;1;1;1;1;1;0;0;1;absent;NA;NA;NA;NA;NA;NA;NA;NA;NA;NA;IUCN;Gomez-Mestre et al. 2012;Gomez-Mestre et al. 2012;;;;
Rhacophorus_omeimontis;Rhacophoridae;Natatanura;female-only care ;1;1;0;0;1;1;1;0;1;0;0;NA;absent;75,7;59;67,35;-0,11;3,3;0,52;647;2,81;5530,98;3,74;Liao & Lu 2010;;Amphibiaweb;Han & Fu 2013;Han & Fu 2013;Han & Fu 2013;Liao & Lu 2010
Rhacophorus_pardalis;Rhacophoridae;Natatanura;biparental care;2;1;1;1;1;1;1;1;1;0;0;NA;absent;NA;NA;NA;NA;3;0,48;NA;NA;NA;NA;frogsofborneo.org;;Amphibiaweb;;;Summers et al. 2006;
Rhacophorus_reinwardtii;Rhacophoridae;Natatanura;biparental care;2;1;1;1;1;1;1;1;1;0;0;1;absent;82,7;68;75,35;-0,08;3;0,48;68;1,83;480,42;2,68;Amphibiaweb;Gomez-Mestre et al. 2012;Gomez-Mestre et al. 2012;Han & Fu 2013;Han & Fu 2013;Han & Fu 2013;Han & Fu 2013
Rhacophorus_rhodopus;Rhacophoridae;Natatanura;biparental care;2;1;1;1;1;1;1;1;1;0;0;1;absent;48,7;35;41,85;-0,14;NA;NA;125;2,1;NA;NA;IUCN;Gomez-Mestre et al. 2012;Gomez-Mestre et al. 2012;Han & Fu 2013;Han & Fu 2013;;Han & Fu 2013
Rhacophorus_schlegelii;Rhacophoridae;Natatanura;biparental care;2;1;;NA;NA;NA;1;1;1;0;0;1;absent;52,75;41,3;47,03;-0,11;2,375;0,38;475;2,68;2103,25;3,32;Andrews 1901;Gomez-Mestre et al. 2012;Gomez-Mestre et al. 2012;Gomez-Mestre et al. 2012, Han & Fu 2013;Han & Fu 2013;Gomez-Mestre et al. 2012, Han & Fu 2013;Gomez-Mestre et al. 2012, Han & Fu 2013
Rhaebo_haematiticus;Bufonidae;Agastorophrynia;no care;0;0;0;0;0;0;0;0;0;0;0;NA;absent;NA;NA;NA;NA;NA;NA;NA;NA;NA;NA;Han & Fu 2013;;Amphibiaweb;;;;
Rheobates_palmatus;Dendrobatidae;Agastorophrynia;male-only care ;1;2;2;1;0;0;3;3;0;0;0;NA;absent;NA;NA;NA;NA;2,4;0,38;22;1,34;99,48;2;Wells 2007;;Amphibiaweb;;;Amphibiaweb;Amphibiaweb
Rheobatrachus_silus;Myobatrachidae;Australobatrachia;female-only care ;1;3;0;0;3;1;4;0;4;2;1;1;present;54;NA;NA;NA;4,8;0,68;28;1,45;506,42;2,7;Amphibiaweb;Amphibiaweb;Gomez-Mestre et al. 2012;Gomez-Mestre et al. 2012;;Gomez-Mestre et al. 2012, Han & Fu 2013;Gomez-Mestre et al. 2012, Han & Fu 2013
Rhinella_arenarum;Bufonidae;Agastorophrynia;no care;0;0;0;0;0;0;0;0;0;0;0;0;absent;95;NA;NA;NA;1;0;19750;4,3;15503,75;4,19;Gomez-Mestre et al. 2012, Han & Fu 2013;Gomez-Mestre et al. 2257;Gomez-Mestre et al. 2012;Gomez-Mestre et al. 2012, Han & Fu 2013;;Gomez-Mestre et al. 2012;Gomez-Mestre et al. 2012, Han & Fu 2013
Rhinella_castaneotica;Bufonidae;Agastorophrynia;no care;0;0;0;0;0;0;0;0;0;0;0;NA;absent;NA;NA;NA;NA;1,5;0,18;178;2,25;314,39;2,5;Han & Fu 2013;;Amphibiaweb;;;Han & Fu 2013;Han & Fu 2013
Rhinella_chavin;Bufonidae;Agastorophrynia;no care;0;0;0;0;0;0;0;0;0;0;0;NA;absent;59,5;50,2;54,85;-0,07;2,4;0,38;276;2,44;1247,96;3,1;Han & Fu 2013;;Amphibiaweb;Han & Fu 2013;Han & Fu 2013;Han & Fu 2013;Han & Fu 2013
Rhinella_granulosa;Bufonidae;Agastorophrynia;no care;0;0;0;0;0;0;0;0;0;0;0;0;absent;85;NA;NA;NA;1,0625;0,03;7548;3,88;6688,97;3,83;Gomez-Mestre et al. 2012, Han & Fu 2013;Gomez-Mestre et al. 2243;Gomez-Mestre et al. 2012;Gomez-Mestre et al. 2012;;Gomez-Mestre et al. 2012, Summers et al. 2006;Gomez-Mestre et al. 2012
Rhinella_icterica;Bufonidae;Agastorophrynia;no care;0;0;0;0;0;0;0;0;0;0;0;0;absent;162,5;NA;NA;NA;1,78;0,25;19690;4,29;48972,85;4,69;Gomez-Mestre et al. 2012;Gomez-Mestre et al. 2291;Gomez-Mestre et al. 2012;Gomez-Mestre et al. 2012;;Gomez-Mestre et al. 2012;Gomez-Mestre et al. 2012
Rhinella_margaritifera;Bufonidae;Agastorophrynia;no care;0;0;0;0;0;0;0;0;0;0;0;NA;absent;74;51,8;62,9;-0,15;2;0,3;1537;3,19;4826,18;3,68;Han & Fu 2013;;Amphibiaweb;Han & Fu 2013;Han & Fu 2013;Han & Fu 2013;Han & Fu 2013
Rhinella_marina;Bufonidae;Agastorophrynia;no care;0;0;0;0;0;0;0;0;0;0;0;0;absent;133,95;96;114,98;-0,14;1,725;0,24;24810;4,39;57952,83;4,76;Gomez-Mestre et al. 2012, Han & Fu 2013, Summers et al. 2006;Gomez-Mestre et al. 2287;Gomez-Mestre et al. 2012;Gomez-Mestre et al. 2012, Han & Fu 2013;Han & Fu 2013;Gomez-Mestre et al. 2012, Han & Fu 2013, Summers et al. 2006;Gomez-Mestre et al. 2012, Han & Fu 2013
Rhinella_schneideri;Bufonidae;Agastorophrynia;no care;0;0;0;0;0;0;0;0;0;0;0;NA;absent;NA;NA;NA;NA;1,8;0,26;NA;NA;NA;NA;Han & Fu 2013;;Amphibiaweb;;;Han & Fu 2013;
Rhinella_spinulosa;Bufonidae;Agastorophrynia;no care;0;0;0;0;0;0;0;0;0;0;0;NA;absent;NA;NA;NA;NA;NA;NA;NA;NA;NA;NA;Han & Fu 2013;;Amphibiaweb;;;;
Rhinoderma_darwinii;Rhinodermatidae;Crown_Hyloidea;male-only care ;1;3;3;1;0;0;4;4;0;1;1;1;present;28;NA;NA;NA;3,8;0,58;31;1,49;351,4;2,55;Amphibiaweb, Wells 2007;Amphibiaweb;Gomez-Mestre et al. 2012;Gomez-Mestre et al. 2012;;Gomez-Mestre et al. 2012, Han & Fu 2013;Gomez-Mestre et al. 2012, Han & Fu 2013
Rhinoderma_rufum;Rhinodermatidae;Crown_Hyloidea;male-only care ;1;2;2;1;0;0;4;4;0;1;1;1;absent;NA;NA;NA;NA;2,5;0,4;NA;NA;NA;NA;Amphibiaweb;Amphibiaweb;Amphibiaweb;;;Summers et al. 2006;
Rhinophrynus_dorsalis;Rhinophrynidae;Xenoanura;no care;0;0;0;0;0;0;0;0;0;0;0;0;absent;74;NA;NA;NA;2,75;0,44;5000;3,7;29682,81;4,47;Gomez-Mestre et al. 2012, Han & Fu 2013;Gomez-Mestre et al. 2225;Gomez-Mestre et al. 2012;Gomez-Mestre et al. 2012;;Gomez-Mestre et al. 2012, Han & Fu 2013;Gomez-Mestre et al. 2012, Han & Fu 2013
Rhombophryne_pygmaea;Microhylidae;Microhylidae;male-only care ;1;1;1;1;0;0;2;2;0;0;0;NA;absent;11;11;11;0;NA;NA;10;1;NA;NA;Glaw & Vences 2008;;Glaw & Vences 2007;Glaw & Vences 2007;Glaw & Vences 2008;;Glaw & Vences 2008
Rhombophryne_testudo;Microhylidae;Microhylidae;NA;NA;1;NA;NA;NA;NA;2;NA;NA;0;0;NA;absent;NA;NA;NA;NA;NA;NA;NA;NA;NA;NA;Amphibiaweb;;Amphibiaweb;;;;
Sachatamia_albomaculata;Centrolenidae;Diphyabatracea;female-only care ;1;1;0;0;1;1;2;0;2;0;0;1;absent;27;24,8;25,9;-0,04;NA;NA;NA;NA;NA;NA;Han & Fu 2013;Amphibiaweb;Amphibiaweb;Han & Fu 2013;Han & Fu 2013;;
Sanguirana_everetti;Ranidae;Natatanura;no care;0;0;0;0;0;0;0;0;0;0;0;0;absent;NA;NA;NA;NA;NA;NA;NA;NA;NA;NA;Gomez-Mestre et al. 2012;Gomez-Mestre et al. 2346;Gomez-Mestre et al. 2012;;;;
Sanguirana_sanguinea;Ranidae;Natatanura;no care;0;0;0;0;0;0;0;0;0;0;0;0;absent;59;NA;NA;NA;1,55;0,19;180;2,26;339,47;2,53;Gomez-Mestre et al. 2012;Gomez-Mestre et al. 2176;Gomez-Mestre et al. 2012;Gomez-Mestre et al. 2012;;Gomez-Mestre et al. 2012;Gomez-Mestre et al. 2012
Scaphiophryne_calcarata;Microhylidae;Microhylidae;no care;0;0;0;0;0;0;0;0;0;0;0;0;absent;30,5;NA;NA;NA;1;0;465;2,67;365,03;2,56;Gomez-Mestre et al. 2012, Han & Fu 2013;Gomez-Mestre et al. 2049;Gomez-Mestre et al. 2012;Gomez-Mestre et al. 2012;;Gomez-Mestre et al. 2012, Summers et al. 2006;Gomez-Mestre et al. 2012
Scaphiophryne_marmorata;Microhylidae;Microhylidae;no care;0;0;0;0;0;0;0;0;0;0;0;0;absent;43,9;NA;NA;NA;2,2;0,34;450;2,65;1709,73;3,23;Gomez-Mestre et al. 2012;Gomez-Mestre et al. 2107;Gomez-Mestre et al. 2012;Gomez-Mestre et al. 2012;;Gomez-Mestre et al. 2012;Gomez-Mestre et al. 2012
Scaphiophryne_menabensis;Microhylidae;Microhylidae;no care;0;0;0;0;0;0;0;0;0;0;0;0;absent;NA;NA;NA;NA;NA;NA;NA;NA;NA;NA;Gomez-Mestre et al. 2012;Gomez-Mestre et al. 2347;Gomez-Mestre et al. 2012;;;;
Scaphiopus_couchii;Scaphiopodidae;Anomocoela;no care;0;0;0;0;0;0;0;0;0;0;0;0;absent;69,5;NA;NA;NA;1,475;0,17;3205;3,51;5473,71;3,74;Gomez-Mestre et al. 2012, Han & Fu 2013, Summers et al. 2006;Gomez-Mestre et al. 2211;Gomez-Mestre et al. 2012;Gomez-Mestre et al. 2012;;Gomez-Mestre et al. 2012, Han & Fu 2013, Summers et al. 2006;Gomez-Mestre et al. 2012, Han & Fu 2013
Scaphiopus_holbrookii;Scaphiopodidae;Anomocoela;no care;0;0;0;0;0;0;0;0;0;0;0;0;absent;63,5;NA;NA;NA;1,7;0,23;3900;3,59;8847,74;3,95;Gomez-Mestre et al. 2012, Han & Fu 2013, Summers et al. 2006;Gomez-Mestre et al. 2195;Gomez-Mestre et al. 2012;Gomez-Mestre et al. 2012;;Gomez-Mestre et al. 2012, Han & Fu 2013, Summers et al. 2006;Gomez-Mestre et al. 2012, Han & Fu 2013
Scaphiopus_hurterii;Scaphiopodidae;Anomocoela;no care;0;0;0;0;0;0;0;0;0;0;0;NA;absent;63;58;60,5;-0,04;2,3;0,36;NA;NA;NA;NA;Han & Fu 2013;;Amphibiaweb;Han & Fu 2013;Han & Fu 2013;Han & Fu 2013;
Scarthyla_goinorum;Hylidae;Hylidae;no care;0;0;0;0;0;0;0;0;0;0;0;0;absent;21,5;19;20,25;-0,05;0,82;-0,09;166;2,22;87,62;1,94;Han & Fu 2013;Amphibiaweb;Amphibiaweb;Gomez-Mestre et al. 2012, Han & Fu 2013;Han & Fu 2013;Gomez-Mestre et al. 2012;Gomez-Mestre et al. 2012
Schismaderma_carens;Bufonidae;Agastorophrynia;no care;0;0;0;0;0;0;0;0;0;0;0;0;absent;92;NA;NA;NA;2,025;0,31;6257;3,8;20141,22;4,3;Gomez-Mestre et al. 2012, Han & Fu 2013, Summers et al. 2006;Gomez-Mestre et al. 2251;Gomez-Mestre et al. 2012;Gomez-Mestre et al. 2012;;Gomez-Mestre et al. 2012, Han & Fu 2013, Summers et al. 2006;Gomez-Mestre et al. 2012, Han & Fu 2013
Scinax_berthae;Hylidae;Hylidae;no care;0;0;0;0;0;0;0;0;0;0;0;NA;absent;25;19;22;-0,12;0,9;-0,05;NA;NA;NA;NA;Han & Fu 2013;;Amphibiaweb;Han & Fu 2013;Han & Fu 2013;Han & Fu 2013;
Scinax_boesemani;Hylidae;Hylidae;no care;0;0;0;0;0;0;0;0;0;0;0;NA;absent;NA;NA;NA;NA;1;0;NA;NA;NA;NA;Summers et al. 2006;;Amphibiaweb;;;Summers et al. 2006;
Scinax_boulengeri;Hylidae;Hylidae;no care;0;0;0;0;0;0;0;0;0;0;0;0;absent;48,45;41,6;45,03;-0,07;1,575;0,2;650;2,81;1265,74;3,1;Gomez-Mestre et al. 2012, Han & Fu 2013, Summers et al. 2006;Gomez-Mestre et al. 2136;Gomez-Mestre et al. 2012;Gomez-Mestre et al. 2012, Han & Fu 2013;Han & Fu 2013;Gomez-Mestre et al. 2012, Han & Fu 2013, Summers et al. 2006;Gomez-Mestre et al. 2012, Han & Fu 2013
Scinax_catharinae;Hylidae;Hylidae;no care;0;0;0;0;0;0;0;0;0;0;0;0;absent;42,7;33;37,85;-0,11;NA;NA;NA;NA;NA;NA;Han & Fu 2013;Amphibiaweb;Amphibiaweb;Han & Fu 2013;Han & Fu 2013;;
Scinax_cruentommus;Hylidae;Hylidae;no care;0;0;0;0;0;0;0;0;0;0;0;0;absent;28,5;NA;NA;NA;1;0;900;2,95;706,5;2,85;Gomez-Mestre et al. 2012, Summers et al. 2006;Gomez-Mestre et al. 2038;Gomez-Mestre et al. 2012;Gomez-Mestre et al. 2012;;Gomez-Mestre et al. 2012, Summers et al. 2006;Gomez-Mestre et al. 2012
Scinax_elaeochrous;Hylidae;Hylidae;no care;0;0;0;0;0;0;0;0;0;0;0;0;absent;35;30,6;32,8;-0,06;1,25;0,1;980;2,99;1202,03;3,08;Gomez-Mestre et al. 2012, Han & Fu 2013;Gomez-Mestre et al. 2067;Gomez-Mestre et al. 2012;Gomez-Mestre et al. 2012, Han & Fu 2013;Han & Fu 2013;Gomez-Mestre et al. 2012;Gomez-Mestre et al. 2012
Scinax_funereus;Hylidae;Hylidae;no care;0;0;0;0;0;0;0;0;0;0;0;NA;absent;NA;NA;NA;NA;1,1;0,04;NA;NA;NA;NA;Summers et al. 2006;;Amphibiaweb;;;Summers et al. 2006;
Scinax_fuscovarius;Hylidae;Hylidae;no care;0;0;0;0;0;0;0;0;0;0;0;0;absent;47,6;44,6;46,1;-0,03;1;0;2892;3,46;2270,22;3,36;Gomez-Mestre et al. 2012, Han & Fu 2013;Gomez-Mestre et al. 2134;Gomez-Mestre et al. 2012;Han & Fu 2013;Han & Fu 2013;Han & Fu 2013;Han & Fu 2013
Scinax_garbei;Hylidae;Hylidae;no care;0;0;0;0;0;0;0;0;0;0;0;0;absent;42,5;35,4;38,95;-0,08;1,375;0,14;562,5;2,75;834,83;2,92;Gomez-Mestre et al. 2012, Han & Fu 2013, Summers et al. 2006;Gomez-Mestre et al. 2097;Gomez-Mestre et al. 2012;Gomez-Mestre et al. 2012, Han & Fu 2013;Han & Fu 2013;Gomez-Mestre et al. 2012, Han & Fu 2013, Summers et al. 2006;Gomez-Mestre et al. 2012, Han & Fu 2013
Scinax_nasicus;Hylidae;Hylidae;no care;0;0;0;0;0;0;0;0;0;0;0;0;absent;31;31,5;31,25;0,01;NA;NA;NA;NA;NA;NA;Gomez-Mestre et al. 2012;Gomez-Mestre et al. 2051;Gomez-Mestre et al. 2012;Han & Fu 2013;Han & Fu 2013;;
Scinax_nebulosus;Hylidae;Hylidae;no care;0;0;0;0;0;0;0;0;0;0;0;NA;absent;NA;NA;NA;NA;1;0;NA;NA;NA;NA;Summers et al. 2006;;Amphibiaweb;;;Summers et al. 2006;
Scinax_ruber;Hylidae;Hylidae;no care;0;0;0;0;0;0;0;0;0;0;0;0;absent;39,8;32,6;36,2;-0,09;1,3325;0,12;673,5;2,83;938,73;2,97;Gomez-Mestre et al. 2012, Han & Fu 2013, Summers et al. 2006;Gomez-Mestre et al. 2082;Gomez-Mestre et al. 2012;Gomez-Mestre et al. 2012, Han & Fu 2013;Han & Fu 2013;Gomez-Mestre et al. 2012, Han & Fu 2013, Summers et al. 2006;Gomez-Mestre et al. 2012, Han & Fu 2013
Scinax_squalirostris;Hylidae;Hylidae;no care;0;0;0;0;0;0;0;0;0;0;0;0;absent;NA;NA;NA;NA;1;0;NA;NA;NA;NA;Gomez-Mestre et al. 2012, Han & Fu 2013;Gomez-Mestre et al. 2295;Gomez-Mestre et al. 2012;;;Han & Fu 2013;
Scotobleps_gabonicus;Arthroleptidae;Afrobatrachia;no care;0;0;0;0;0;0;0;0;0;0;0;0;absent;NA;NA;NA;NA;NA;NA;NA;NA;NA;NA;Gomez-Mestre et al. 2012;Gomez-Mestre et al. 2348;Gomez-Mestre et al. 2012;;;;
Scutiger_chintingensis;Megophryidae;Anomocoela;no care;0;0;0;0;0;0;0;0;0;0;0;0;absent;50,6;42,2;46,4;-0,08;3,5;0,54;150;2,18;1442,44;3,16;Han & Fu 2013;Amphibiaweb;Gomez-Mestre et al. 2012;Han & Fu 2013;Han & Fu 2013;Han & Fu 2013;Han & Fu 2013
Scutiger_glandulatus;Megophryidae;Anomocoela;no care;0;0;0;0;0;0;0;0;0;0;0;NA;absent;66,5;67;66,75;0;3,5;0,54;NA;NA;NA;NA;Han & Fu 2013;;Amphibiaweb;Han & Fu 2013;Han & Fu 2013;Han & Fu 2013;
Scutiger_tuberculatus;Megophryidae;Anomocoela;no care;0;0;0;0;0;0;0;0;0;0;0;NA;absent;71,5;72;71,75;0;3;0,48;NA;NA;NA;NA;Han & Fu 2013;;Amphibiaweb;Han & Fu 2013;Han & Fu 2013;Han & Fu 2013;
Scythrophrys_sawayae;Leptodactylidae;Diphyabatracea;no care;0;0;0;0;0;0;0;0;0;0;0;0;absent;NA;NA;NA;NA;NA;NA;NA;NA;NA;NA;Gomez-Mestre et al. 2012;Gomez-Mestre et al. 2320;Gomez-Mestre et al. 2012;;;;
Semnodactylus_wealii;Hyperoliidae;Afrobatrachia;no care;0;0;0;0;0;0;0;0;0;0;0;0;absent;44;NA;NA;NA;1,7;0,23;200;2,3;453,73;2,66;Gomez-Mestre et al. 2012, Summers et al. 2006;Gomez-Mestre et al. 2110;Gomez-Mestre et al. 2012;Gomez-Mestre et al. 2012;;Gomez-Mestre et al. 2012, Summers et al. 2006;Gomez-Mestre et al. 2012
Silverstoneia_flotator;Dendrobatidae;Agastorophrynia;male-only care ;1;2;2;1;0;0;3;3;0;0;0;1;absent;16,4;15,5;15,95;-0,02;NA;NA;NA;NA;NA;NA;Amphibiaweb;Amphibiaweb;Gomez-Mestre et al. 2012;Han & Fu 2013;Han & Fu 2013;;
Silverstoneia_nubicola;Dendrobatidae;Agastorophrynia;male-only care ;1;2;2;1;0;0;3;3;0;0;0;1;absent;20,3;18;19,15;-0,05;NA;NA;NA;NA;NA;NA;Amphibiaweb;Amphibiaweb;Gomez-Mestre et al. 2012;Han & Fu 2013;Han & Fu 2013;;
Smilisca_baudinii;Hylidae;Hylidae;no care;0;0;0;0;0;0;0;0;0;0;0;0;absent;81,5;60,2;70,85;-0,13;1,3;0,11;2597,5;3,41;3445,97;3,54;Gomez-Mestre et al. 2012, Han & Fu 2013, Summers et al. 2006;Gomez-Mestre et al. 2238;Gomez-Mestre et al. 2012;Gomez-Mestre et al. 2012, Han & Fu 2013;Han & Fu 2013;Gomez-Mestre et al. 2012, Han & Fu 2013, Summers et al. 2006;Gomez-Mestre et al. 2012, Han & Fu 2013
Smilisca_cyanosticta;Hylidae;Hylidae;no care;0;0;0;0;0;0;0;0;0;0;0;0;absent;67,5;56;61,75;-0,08;1,2;0,08;1198,5;3,08;1354,78;3,13;Gomez-Mestre et al. 2012, Han & Fu 2013, Summers et al. 2006;Gomez-Mestre et al. 2209;Gomez-Mestre et al. 2012;Gomez-Mestre et al. 2012, Han & Fu 2013;Han & Fu 2013;Gomez-Mestre et al. 2012, Han & Fu 2013, Summers et al. 2006;Gomez-Mestre et al. 2012, Han & Fu 2013
Smilisca_phaeota;Hylidae;Hylidae;no care;0;0;0;0;0;0;0;0;0;0;0;0;absent;71;65;68;-0,04;1,2;0,08;1829,5;3,26;2068,07;3,32;Gomez-Mestre et al. 2012, Han & Fu 2013;Gomez-Mestre et al. 2217;Gomez-Mestre et al. 2012;Gomez-Mestre et al. 2012, Han & Fu 2013;Han & Fu 2013;Gomez-Mestre et al. 2012, Han & Fu 2013;Gomez-Mestre et al. 2012, Han & Fu 2013
Smilisca_puma;Hylidae;Hylidae;no care;0;0;0;0;0;0;0;0;0;0;0;0;absent;46;38;42;-0,08;NA;NA;NA;NA;NA;NA;Gomez-Mestre et al. 2012;Gomez-Mestre et al. 2123;Gomez-Mestre et al. 2012;Han & Fu 2013;Han & Fu 2013;;
Sooglossus_sechellensis;Sooglossidae;Sooglossoidea;female-only care ;1;2;0;0;2;1;3;0;3;2;1;1;absent;20;NA;NA;NA;3,5;0,54;10,5;1,02;100,97;2;Amphibiaweb, Stuart et al. 2008;Amphibiaweb;Gomez-Mestre et al. 2012;Gomez-Mestre et al. 2012;;Gomez-Mestre et al. 2012;Gomez-Mestre et al. 2012
Spea_bombifrons;Scaphiopodidae;Anomocoela;no care;0;0;0;0;0;0;0;0;0;0;0;0;absent;48;45;46,5;-0,03;1,43;0,16;793,5;2,9;1273,76;3,11;Gomez-Mestre et al. 2012, Han & Fu 2013, Summers et al. 2006;Gomez-Mestre et al. 2135;Gomez-Mestre et al. 2012;Gomez-Mestre et al. 2012, Han & Fu 2013;Han & Fu 2013;Gomez-Mestre et al. 2012, Han & Fu 2013, Summers et al. 2006;Gomez-Mestre et al. 2012, Han & Fu 2013
Spea_hammondii;Scaphiopodidae;Anomocoela;no care;0;0;0;0;0;0;0;0;0;0;0;0;absent;49,9;48,3;49,1;-0,01;1,45;0,16;400;2,6;660,19;2,82;Gomez-Mestre et al. 2012, Han & Fu 2013, Summers et al. 2006;Gomez-Mestre et al. 2139;Gomez-Mestre et al. 2012;Gomez-Mestre et al. 2012, Han & Fu 2013;Han & Fu 2013;Gomez-Mestre et al. 2012, Han & Fu 2013, Summers et al. 2006;Gomez-Mestre et al. 2012, Han & Fu 2013
Spea_intermontana;Scaphiopodidae;Anomocoela;no care;0;0;0;0;0;0;0;0;0;0;0;0;absent;57,85;50,5;54,18;-0,06;1,5;0,18;487,5;2,69;861,05;2,94;Gomez-Mestre et al. 2012, Han & Fu 2013;Gomez-Mestre et al. 2174;Gomez-Mestre et al. 2012;Gomez-Mestre et al. 2012, Han & Fu 2013;Han & Fu 2013;Gomez-Mestre et al. 2012;Gomez-Mestre et al. 2012, Han & Fu 2013 
Spea_multiplicata;Scaphiopodidae;Anomocoela;no care;0;0;0;0;0;0;0;0;0;0;0;0;absent;51;NA;NA;NA;1,34;0,13;1000;3;1409,55;3,15;Gomez-Mestre et al. 2012, Summers et al. 2006;Gomez-Mestre et al. 2146;Gomez-Mestre et al. 2012;Gomez-Mestre et al. 2012;;Gomez-Mestre et al. 2012, Summers et al. 2006;Gomez-Mestre et al. 2012
Sphaenorhynchus_carneus;Hylidae;Hylidae;no care;0;0;0;0;0;0;0;0;0;0;0;NA;absent;NA;NA;NA;NA;1;0;NA;NA;NA;NA;Han & Fu 2013;;Amphibiaweb;;;Summers et al. 2006;
Sphaenorhynchus_dorisae;Hylidae;Hylidae;no care;0;0;0;0;0;0;0;0;0;0;0;0;absent;38;NA;NA;NA;2,3;0,36;182,5;2,26;757,86;2,88;Gomez-Mestre et al. 2012;Gomez-Mestre et al. 2077;Gomez-Mestre et al. 2012;Gomez-Mestre et al. 2012;;Gomez-Mestre et al. 2012;Gomez-Mestre et al. 2012
Sphaenorhynchus_lacteus;Hylidae;Hylidae;no care;0;0;0;0;0;0;0;0;0;0;0;0;absent;42,5;36,5;39,5;-0,07;1;0;323;2,51;253,56;2,4;Gomez-Mestre et al. 2012, Han & Fu 2013;Gomez-Mestre et al. 2098;Gomez-Mestre et al. 2012;Gomez-Mestre et al. 2012, Han & Fu 2013;Han & Fu 2013;Gomez-Mestre et al. 2012, Han & Fu 2013;Gomez-Mestre et al. 2012
Sphaerotheca_breviceps;Dicroglossidae;Natatanura;no care;0;0;0;0;0;0;0;0;0;0;0;0;absent;54;NA;NA;NA;1,15;0,06;75;1,88;77,86;1,89;Gomez-Mestre et al. 2012;Gomez-Mestre et al. 2165;Gomez-Mestre et al. 2012;Gomez-Mestre et al. 2012;;Gomez-Mestre et al. 2012;Gomez-Mestre et al. 2012
Sphenophryne_cornuta;Microhylidae;Microhylidae;male-only care ;1;3;3;1;0;0;3;3;0;2;1;1;present;NA;NA;NA;NA;NA;NA;NA;NA;NA;NA;Bickford 2002;Amphibiaweb;Gomez-Mestre et al. 2012;;;;
Spicospina_flammocaerulea;Myobatrachidae;Australobatrachia;no care;0;0;0;0;0;0;0;0;0;0;0;NA;absent;NA;NA;NA;NA;NA;NA;200;2,3;NA;NA;Han & Fu 2013;;Amphibiaweb;;;;Han & Fu 2013
Staurois_natator;Ranidae;Natatanura;no care;0;0;0;0;0;0;0;0;0;0;0;0;absent;45,8;36;40,9;-0,1;1,9;0,28;NA;NA;NA;NA;Han & Fu 2013;Amphibiaweb;Gomez-Mestre et al. 2012;Han & Fu 2013;Han & Fu 2013;Han & Fu 2013;
Stefania_evansi;Hemiphractidae;Hemiphractidae;female-only care ;1;3;0;0;3;1;3;0;3;2;1;1;present;63,95;45,8;54,88;-0,14;5;0,7;17;1,23;333,63;2,52;Amphibiaweb;Amphibiaweb;Gomez-Mestre et al. 2012;Gomez-Mestre et al. 2012, Han & Fu 2013;Han & Fu 2013;Gomez-Mestre et al. 2012, Han & Fu 2013;Gomez-Mestre et al. 2012, Han & Fu 2013
Stefania_ginesi;Hemiphractidae;Hemiphractidae;female-only care ;1;3;0;0;3;1;3;0;3;2;1;1;present;61;NA;NA;NA;9;0,95;8;0,9;508,68;2,71;Amphibiaweb;Amphibiaweb;Gomez-Mestre et al. 2012;Gomez-Mestre et al. 2012;;Gomez-Mestre et al. 2012;Gomez-Mestre et al. 2012
Strabomantis_anomalus;Craugastoridae;Terrarana;female-only care ;1;1;0;0;1;1;2;0;2;2;1;NA;present;NA;NA;NA;NA;NA;NA;NA;NA;NA;NA;Amphibiaweb, Wells 2007;;Amphibiaweb;;;;
Strabomantis_biporcatus;Craugastoridae;Terrarana;female-only care ;1;1;0;0;1;1;2;0;2;2;1;NA;present;NA;NA;NA;NA;NA;NA;NA;NA;NA;NA;Amphibiaweb, Wells 2007;;Amphibiaweb;;;;
Strabomantis_zygodactylus;Craugastoridae;Terrarana;female-only care ;1;1;0;0;1;1;2;0;2;2;1;NA;present;NA;NA;NA;NA;NA;NA;NA;NA;NA;NA;Amphibiaweb, Wells 2007;;Amphibiaweb;;;;
Strauchbufo_raddei;Bufonidae;Agastorophrynia;no care;0;0;0;0;0;0;0;0;0;0;0;0;absent;64,5;NA;NA;NA;1,8;0,26;3535;3,55;8990,92;3,95;Gomez-Mestre et al. 2012;Gomez-Mestre et al. 2199;Gomez-Mestre et al. 2012;Gomez-Mestre et al. 2012;;Gomez-Mestre et al. 2012;Gomez-Mestre et al. 2012
Strongylopus_fasciatus;Pyxicephalidae;Natatanura;no care;0;0;0;0;0;0;0;0;0;0;0;0;absent;NA;NA;NA;NA;NA;NA;NA;NA;NA;NA;Gomez-Mestre et al. 2012;Gomez-Mestre et al. 2349;Gomez-Mestre et al. 2012;;;;
Strongylopus_grayii;Pyxicephalidae;Natatanura;no care;0;0;0;0;0;0;0;0;0;0;0;1;absent;49,5;NA;NA;NA;3;0,48;300;2,48;2119,5;3,33;Gomez-Mestre et al. 2012, Han & Fu 2013;Gomez-Mestre et al. 2012;Gomez-Mestre et al. 2012;Gomez-Mestre et al. 2012;;Gomez-Mestre et al. 2012;Gomez-Mestre et al. 2012
Sylvirana_guentheri;Ranidae;Natatanura;no care;0;0;0;0;0;0;0;0;0;0;0;0;absent;74,9;69,8;72,35;-0,03;1,5;0,18;3000;3,48;5298,75;3,72;Gomez-Mestre et al. 2012, Han & Fu 2013;Gomez-Mestre et al. 2229;Gomez-Mestre et al. 2012;Han & Fu 2013;Han & Fu 2013;Han & Fu 2013;Han & Fu 2013
Sylvirana_nigrovittata;Ranidae;Natatanura;no care;0;0;0;0;0;0;0;0;0;0;0;0;absent;47,2;42,7;44,95;-0,04;1,4;0,15;330;2,52;507,74;2,71;Gomez-Mestre et al. 2012, Han & Fu 2013;Gomez-Mestre et al. 2131;Gomez-Mestre et al. 2012;Han & Fu 2013;Han & Fu 2013;Han & Fu 2013;Han & Fu 2013
Synapturanus_salseri;Microhylidae;Microhylidae;female-only care ;1;2;0;0;2;1;2;0;2;2;1;NA;absent;NA;NA;NA;NA;NA;NA;NA;NA;NA;NA;Wells 2007;;Amphibiaweb;;;;
Tachycnemis_seychellensis;Hyperoliidae;Afrobatrachia;no care;0;0;0;0;0;0;0;0;0;0;0;0;absent;NA;NA;NA;NA;NA;NA;NA;NA;NA;NA;Gomez-Mestre et al. 2012;Gomez-Mestre et al. 2350;Gomez-Mestre et al. 2012;;;;
Taudactylus_acutirostris;Myobatrachidae;Australobatrachia;no care;0;0;0;0;0;0;0;0;0;0;0;0;absent;25,5;NA;NA;NA;2,45;0,39;33;1,52;155,49;2,19;Gomez-Mestre et al. 2012;Gomez-Mestre et al. 2029;Gomez-Mestre et al. 2012;Gomez-Mestre et al. 2012;;Gomez-Mestre et al. 2012;Gomez-Mestre et al. 2012
Taudactylus_liemi;Myobatrachidae;Australobatrachia;no care;0;0;0;0;0;0;0;0;0;0;0;NA;absent;NA;NA;NA;NA;2,1;0,32;NA;NA;NA;NA;Han & Fu 2013;;Amphibiaweb;;;Summers et al. 2006;
Tepuihyla_edelcae;Hylidae;Hylidae;no care;0;0;0;0;0;0;0;0;0;0;0;0;absent;NA;NA;NA;NA;NA;NA;NA;NA;NA;NA;Gomez-Mestre et al. 2012;Gomez-Mestre et al. 2321;Gomez-Mestre et al. 2012;;;;
Teratohyla_midas;Centrolenidae;Diphyabatracea;female-only care ;1;1;0;0;1;1;2;0;2;0;0;1;absent;22,7;18,4;20,55;-0,09;1,5;0,18;28;1,45;49,46;1,69;Delia et al. 2017;Amphibiaweb;Amphibiaweb;Han & Fu 2013;Han & Fu 2013;Han & Fu 2013;Han & Fu 2013
Teratohyla_pulverata;Centrolenidae;Diphyabatracea;female-only care ;1;1;0;0;1;1;2;0;2;0;0;1;absent;29,5;26;27,75;-0,05;NA;NA;42;1,62;NA;NA;Delia et al. 2017;Amphibiaweb;Amphibiaweb;Han & Fu 2013;Han & Fu 2013;;Han & Fu 2013
Teratohyla_spinosa;Centrolenidae;Diphyabatracea;female-only care ;1;1;0;0;1;1;2;0;2;0;0;1;absent;21,5;18,9;20,2;-0,06;6;0,78;20;1,3;565,2;2,75;Delia et al. 2017;Amphibiaweb;Amphibiaweb;Gomez-Mestre et al. 2012, Han & Fu 2013;Han & Fu 2013;Gomez-Mestre et al. 2012;Han & Fu 2013
Theloderma_pictum;Rhacophoridae;Natatanura;no care;0;0;0;0;0;0;0;0;0;0;0;1;absent;NA;NA;NA;NA;NA;NA;NA;NA;NA;NA;Gomez-Mestre et al. 2012;Gomez-Mestre et al. 2012;Gomez-Mestre et al. 2012;;;;
Thoropa_miliaris;Leptodactylidae;Diphyabatracea;male-only care ;1;1;1;1;0;0;2;2;0;2;1;1;absent;62,7;NA;NA;NA;1,85;0,27;970;2,99;2606,06;3,42;Giaretta & Gomes Facure 2004;Gomez-Mestre et al. 2012;Gomez-Mestre et al. 2012;Gomez-Mestre et al. 2012;;Gomez-Mestre et al. 2012;Gomez-Mestre et al. 2012
Thoropa_petropolitana;Leptodactylidae;Diphyabatracea;male-only care ;1;1;1;1;0;0;2;2;0;NA;NA;NA;absent;NA;NA;NA;NA;NA;NA;NA;NA;NA;NA;Amphibiaweb, Wells 2007;;Amphibiaweb;;;;
Tlalocohyla_loquax;Hylidae;Hylidae;no care;0;0;0;0;0;0;0;0;0;0;0;0;absent;40,5;39,3;39,9;-0,01;NA;NA;250;2,4;NA;NA;Gomez-Mestre et al. 2012, Han & Fu 2013;Gomez-Mestre et al. 2087;Gomez-Mestre et al. 2012;Han & Fu 2013;Han & Fu 2013;;Han & Fu 2013
Tlalocohyla_picta;Hylidae;Hylidae;no care;0;0;0;0;0;0;0;0;0;0;0;0;absent;22,1;20,2;21,15;-0,04;NA;NA;NA;NA;NA;NA;Gomez-Mestre et al. 2012;Gomez-Mestre et al. 2019;Gomez-Mestre et al. 2012;Han & Fu 2013;Han & Fu 2013;;
Tomopterna_cryptotis;Pyxicephalidae;Natatanura;no care;0;0;0;0;0;0;0;0;0;0;0;0;absent;52;NA;NA;NA;1,5;0,18;2500;3,4;4415,63;3,64;Gomez-Mestre et al. 2012, Summers et al. 2006;Gomez-Mestre et al. 2154;Gomez-Mestre et al. 2012;Gomez-Mestre et al. 2012;;Gomez-Mestre et al. 2012, Summers et al. 2006;Gomez-Mestre et al. 2012
Tomopterna_delalandii;Pyxicephalidae;Natatanura;no care;0;0;0;0;0;0;0;0;0;0;0;NA;absent;NA;NA;NA;NA;1,5;0,18;NA;NA;NA;NA;Han & Fu 2013, Summers et al. 2006;;Amphibiaweb;;;Han & Fu 2013, Summers et al. 2006;
Tomopterna_krugerensis;Pyxicephalidae;Natatanura;no care;0;0;0;0;0;0;0;0;0;0;0;0;absent;44;NA;NA;NA;1,2;0,08;5000;3,7;5652;3,75;Gomez-Mestre et al. 2012, Han & Fu 2013;Gomez-Mestre et al. 2109;Gomez-Mestre et al. 2012;Gomez-Mestre et al. 2012;;Gomez-Mestre et al. 2012, Summers et al. 2006;Gomez-Mestre et al. 2012
Tomopterna_marmorata;Pyxicephalidae;Natatanura;no care;0;0;0;0;0;0;0;0;0;0;0;0;absent;50;NA;NA;NA;2;0,3;150;2,18;471;2,67;Gomez-Mestre et al. 2012, Han & Fu 2013;Gomez-Mestre et al. 2140;Gomez-Mestre et al. 2012;Gomez-Mestre et al. 2012;;Gomez-Mestre et al. 2012, Summers et al. 2006;Gomez-Mestre et al. 2012
Tomopterna_natalensis;Pyxicephalidae;Natatanura;no care;0;0;0;0;0;0;0;0;0;0;0;0;absent;NA;NA;NA;NA;NA;NA;NA;NA;NA;NA;Gomez-Mestre et al. 2012;Gomez-Mestre et al. 2351;Gomez-Mestre et al. 2012;;;;
Trachycephalus_coriaceus;Hylidae;Hylidae;no care;0;0;0;0;0;0;0;0;0;0;0;0;absent;61,5;58,5;60;-0,02;2;0,3;1465;3,17;4600,1;3,66;Gomez-Mestre et al. 2012, Han & Fu 2013, Summers et al. 2006;Gomez-Mestre et al. 2189;Gomez-Mestre et al. 2012;Gomez-Mestre et al. 2012, Han & Fu 2013;Han & Fu 2013;Gomez-Mestre et al. 2012, Han & Fu 2013, Summers et al. 2006;Gomez-Mestre et al. 2012, Han & Fu 2013
Trachycephalus_mesophaeus;Hylidae;Hylidae;no care;0;0;0;0;0;0;0;0;0;0;0;NA;absent;80,5;68,5;74,5;-0,07;NA;NA;700;2,85;NA;NA;Han & Fu 2013;;Amphibiaweb;Han & Fu 2013;Han & Fu 2013;;Han & Fu 2013
Trachycephalus_resinifictrix;Hylidae;Hylidae;no care;0;0;0;0;0;0;0;0;0;1;1;0;absent;82;76;79;-0,03;1,57;0,2;869,5;2,94;1682,44;3,23;Amphibiaweb;Amphibiaweb;Gomez-Mestre et al. 2012;Gomez-Mestre et al. 2012, Han & Fu 2013;Han & Fu 2013;Gomez-Mestre et al. 2012, Han & Fu 2013, Summers et al. 2006;Gomez-Mestre et al. 2012, Han & Fu 2013
Trachycephalus_typhonius;Hylidae;Hylidae;no care;0;0;0;0;0;0;0;0;0;0;0;0;absent;100,8;88,6;94,7;-0,06;2,695;0,43;6817,5;3,83;38869,8;4,59;Gomez-Mestre et al. 2012, Han & Fu 2013;Gomez-Mestre et al. 2268;Gomez-Mestre et al. 2012;Gomez-Mestre et al. 2012, Han & Fu 2013;Han & Fu 2013;Gomez-Mestre et al. 2012, Han & Fu 2013;Gomez-Mestre et al. 2012, Han & Fu 2013
Trichobatrachus_robustus;Arthroleptidae;Afrobatrachia;male-only care ;1;1;1;1;0;0;2;2;0;0;0;0;absent;NA;NA;NA;NA;NA;NA;NA;NA;NA;NA;Amphibiaweb, Wells 2007;Amphibiaweb;Gomez-Mestre et al. 2012;;;;
Triprion_petasatus;Hylidae;Hylidae;no care;0;0;0;0;0;0;0;0;0;0;0;0;absent;70,4;54,6;62,5;-0,11;1,8;0,26;1750;3,24;4450,95;3,65;Gomez-Mestre et al. 2012, Han & Fu 2013;Gomez-Mestre et al. 2216;Gomez-Mestre et al. 2012;Gomez-Mestre et al. 2012, Han & Fu 2013;Han & Fu 2013;Gomez-Mestre et al. 2012;Gomez-Mestre et al. 2012
Uperodon_obscurus;Microhylidae;Microhylidae;no care;0;0;0;0;0;0;0;0;0;0;0;0;absent;NA;NA;NA;NA;NA;NA;NA;NA;NA;NA;Gomez-Mestre et al. 2012;Gomez-Mestre et al. 2353;Gomez-Mestre et al. 2012;;;;
Uperodon_systoma;Microhylidae;Microhylidae;no care;0;0;0;0;0;0;0;0;0;0;0;0;absent;NA;NA;NA;NA;NA;NA;NA;NA;NA;NA;Gomez-Mestre et al. 2012;Gomez-Mestre et al. 2354;Gomez-Mestre et al. 2012;;;;
Uperodon_taprobanicus;Microhylidae;Microhylidae;no care;0;0;0;0;0;0;0;0;0;0;0;0;absent;NA;NA;NA;NA;NA;NA;NA;NA;NA;NA;Gomez-Mestre et al. 2012;Gomez-Mestre et al. 2355;Gomez-Mestre et al. 2012;;;;
Uperodon_variegatus;Microhylidae;Microhylidae;no care;0;0;0;0;0;0;0;0;0;0;0;0;absent;NA;NA;NA;NA;NA;NA;NA;NA;NA;NA;Gomez-Mestre et al. 2012;Gomez-Mestre et al. 2356;Gomez-Mestre et al. 2012;;;;
Uperoleia_crassa;Myobatrachidae;Australobatrachia;no care;0;0;0;0;0;0;0;0;0;0;0;NA;absent;NA;NA;NA;NA;2;0,3;NA;NA;NA;NA;Summers et al. 2006;;Amphibiaweb;;;Summers et al. 2006;
Uperoleia_laevigata;Myobatrachidae;Australobatrachia;no care;0;0;0;0;0;0;0;0;0;0;0;NA;absent;NA;NA;NA;NA;NA;NA;NA;NA;NA;NA;Han & Fu 2013;;Amphibiaweb;;;;
Uperoleia_rugosa;Myobatrachidae;Australobatrachia;no care;0;0;0;0;0;0;0;0;0;0;0;NA;absent;NA;NA;NA;NA;1,25;0,1;NA;NA;NA;NA;Summers et al. 2006;;Amphibiaweb;;;Summers et al. 2006;
Vandijkophrynus_angusticeps;Bufonidae;Agastorophrynia;no care;0;0;0;0;0;0;0;0;0;0;0;0;absent;58;NA;NA;NA;1,625;0,21;1825;3,26;3783,03;3,58;Gomez-Mestre et al. 2012, Summers et al. 2006;Gomez-Mestre et al. 2175;Gomez-Mestre et al. 2012;Gomez-Mestre et al. 2012;;Gomez-Mestre et al. 2012, Summers et al. 2006;Gomez-Mestre et al. 2012
Vitreorana_oyampiensis;Centrolenidae;Diphyabatracea;female-only care ;1;1;0;0;1;1;2;0;2;0;0;1;absent;22;19;20,5;-0,06;NA;NA;NA;NA;NA;NA;Delia et al. 2017;Amphibiaweb;Amphibiaweb;Kok et al. 2008;Kok et al. 2008;;
Xenopus_laevis;Pipidae;Xenoanura;no care;0;0;0;0;0;0;0;0;0;0;0;0;absent;100;NA;NA;NA;1,2;0,08;11650;4,07;13169,16;4,12;Gomez-Mestre et al. 2012, Han & Fu 2013;Gomez-Mestre et al. 2265;Gomez-Mestre et al. 2012;Gomez-Mestre et al. 2012;;Gomez-Mestre et al. 2012, Han & Fu 2013;Gomez-Mestre et al. 2012, Han & Fu 2013
Xenopus_muelleri;Pipidae;Xenoanura;no care;0;0;0;0;0;0;0;0;0;0;0;0;absent;72;58;65;-0,09;NA;NA;NA;NA;NA;NA;Amphibiaweb, Gomez-Mestre et al. 2012;Gomez-Mestre et al. 2218;Gomez-Mestre et al. 2012;Han & Fu 2013;Han & Fu 2013;;
Zachaenus_parvulus;Leptodactylidae;Diphyabatracea;female-only care ;1;1;0;0;1;1;2;0;2;2;1;NA;absent;NA;NA;NA;NA;NA;NA;NA;NA;NA;NA;Wells 2007;;Amphibiaweb;;;;
