USE_LICENSE_URL,COUNTRY,STATE_PROV,SPEC_LOCALITY,VERBATIM_DATE,DEC_LAT,DEC_LONG,SEX,LIFE_STAGE,GENUS,PHYLORDER,FAMILY,MINIMUM_ELEVATION,MAXIMUM_ELEVATION,SPECIES
http://mvz.berkeley.edu/mvzdata_terms; https://creativecommons.org/licenses/by/3.0,United States,Nevada,Chiatovich Creek,14-May-27,37.82389,-118.00528,male,,Tamias,Rodentia,Sciuridae,8200,8200,Tamias umbrinus
http://mvz.berkeley.edu/mvzdata_terms; https://creativecommons.org/licenses/by/3.0,United States,Nevada,E side Wheeler Peak,24-May-29,39.01722,-114.10722,male,,Tamias,Rodentia,Sciuridae,9300,9300,Tamias umbrinus
http://mvz.berkeley.edu/mvzdata_terms; https://creativecommons.org/licenses/by/3.0,United States,Nevada,Lehman Creek,24-May-29,39.01722,-114.10722,male,,Tamias,Rodentia,Sciuridae,8700,8700,Tamias umbrinus
http://mvz.berkeley.edu/mvzdata_terms; https://creativecommons.org/licenses/by/3.0,United States,Nevada,"Pole Canyon, Snake Mts.",5-Jun-29,38.9889,-114.215,female,,Tamias,Rodentia,Sciuridae,8000,8000,Tamias umbrinus
http://mvz.berkeley.edu/mvzdata_terms; https://creativecommons.org/licenses/by/3.0,United States,Nevada,"mouth Pole Canyon, S side, Baker Creek",13-Jun-29,38.9889,-114.215,female,,Tamias,Rodentia,Sciuridae,7500,7500,Tamias umbrinus
http://mvz.berkeley.edu/mvzdata_terms; https://creativecommons.org/licenses/by/3.0,United States,Nevada,"mouth Pole Canyon, S side, Baker Creek",13-Jun-29,38.9889,-114.215,female,,Tamias,Rodentia,Sciuridae,7500,7500,Tamias umbrinus
http://mvz.berkeley.edu/mvzdata_terms; https://creativecommons.org/licenses/by/3.0,United States,Nevada,"mouth Pole Canyon, S side, Baker Creek",13-Jun-29,38.9889,-114.215,female,,Tamias,Rodentia,Sciuridae,7500,7500,Tamias umbrinus
http://mvz.berkeley.edu/mvzdata_terms; https://creativecommons.org/licenses/by/3.0,United States,Nevada,"mouth Pole Canyon, S side, Baker Creek",13-Jun-29,38.9889,-114.215,female,,Tamias,Rodentia,Sciuridae,7500,7500,Tamias umbrinus
http://mvz.berkeley.edu/mvzdata_terms; https://creativecommons.org/licenses/by/3.0,United States,Nevada,"mouth Pole Canyon, S side, Baker Creek",15-Jun-29,38.9889,-114.215,male,,Tamias,Rodentia,Sciuridae,7500,7500,Tamias umbrinus
http://mvz.berkeley.edu/mvzdata_terms; https://creativecommons.org/licenses/by/3.0,United States,Nevada,"mouth Pole Canyon, S side, Baker Creek",15-Jun-29,38.9889,-114.215,male,,Tamias,Rodentia,Sciuridae,7500,7500,Tamias umbrinus
http://mvz.berkeley.edu/mvzdata_terms; https://creativecommons.org/licenses/by/3.0,United States,Nevada,"mouth Pole Canyon, S side, Baker Creek",15-Jun-29,38.9889,-114.215,male,,Tamias,Rodentia,Sciuridae,7500,7500,Tamias umbrinus
http://mvz.berkeley.edu/mvzdata_terms; https://creativecommons.org/licenses/by/3.0,United States,Nevada,S side Baker Creek,17-Jun-29,38.96917,-114.28,male,,Tamias,Rodentia,Sciuridae,8650,8650,Tamias umbrinus
http://mvz.berkeley.edu/mvzdata_terms; https://creativecommons.org/licenses/by/3.0,United States,Nevada,S side Baker Creek,17-Jun-29,38.96917,-114.28,male,,Tamias,Rodentia,Sciuridae,8600,8600,Tamias umbrinus
http://mvz.berkeley.edu/mvzdata_terms; https://creativecommons.org/licenses/by/3.0,United States,Nevada,S side Baker Creek,17-Jun-29,38.96917,-114.28,female,,Tamias,Rodentia,Sciuridae,8800,8800,Tamias umbrinus
http://mvz.berkeley.edu/mvzdata_terms; https://creativecommons.org/licenses/by/3.0,United States,Nevada,S side Baker Creek,18-Jun-29,38.96917,-114.28,female,,Tamias,Rodentia,Sciuridae,9000,9000,Tamias umbrinus
http://mvz.berkeley.edu/mvzdata_terms; https://creativecommons.org/licenses/by/3.0,United States,Nevada,Baker Creek,18-Jun-29,38.96917,-114.28,female,,Tamias,Rodentia,Sciuridae,8675,8675,Tamias umbrinus
http://mvz.berkeley.edu/mvzdata_terms; https://creativecommons.org/licenses/by/3.0,United States,Nevada,Baker Creek,18-Jun-29,38.96917,-114.28,female,,Tamias,Rodentia,Sciuridae,8675,8675,Tamias umbrinus
http://mvz.berkeley.edu/mvzdata_terms; https://creativecommons.org/licenses/by/3.0,United States,Nevada,Baker Creek,18-Jun-29,38.96917,-114.28,male,,Tamias,Rodentia,Sciuridae,8675,8675,Tamias umbrinus
http://mvz.berkeley.edu/mvzdata_terms; https://creativecommons.org/licenses/by/3.0,United States,Nevada,Baker Creek,18-Jun-29,38.96917,-114.28,female,,Tamias,Rodentia,Sciuridae,8675,8675,Tamias umbrinus
http://mvz.berkeley.edu/mvzdata_terms; https://creativecommons.org/licenses/by/3.0,United States,Nevada,Baker Creek,20-Jun-29,38.96917,-114.28,female,,Tamias,Rodentia,Sciuridae,8675,8675,Tamias umbrinus
http://mvz.berkeley.edu/mvzdata_terms; https://creativecommons.org/licenses/by/3.0,United States,Nevada,Baker Creek,20-Jun-29,38.96917,-114.28,male,,Tamias,Rodentia,Sciuridae,8675,8675,Tamias umbrinus
http://mvz.berkeley.edu/mvzdata_terms; https://creativecommons.org/licenses/by/3.0,United States,Nevada,Baker Creek,21-Jun-29,38.96917,-114.28,female,,Tamias,Rodentia,Sciuridae,8675,8675,Tamias umbrinus
http://mvz.berkeley.edu/mvzdata_terms; https://creativecommons.org/licenses/by/3.0,United States,Nevada,Baker Creek,21-Jun-29,38.96917,-114.28,male,,Tamias,Rodentia,Sciuridae,8675,8675,Tamias umbrinus
http://mvz.berkeley.edu/mvzdata_terms; https://creativecommons.org/licenses/by/3.0,United States,Nevada,Baker Creek,25-Jun-29,38.96917,-114.28,male,,Tamias,Rodentia,Sciuridae,8000,8000,Tamias umbrinus
http://mvz.berkeley.edu/mvzdata_terms; https://creativecommons.org/licenses/by/3.0,United States,Nevada,Baker Creek,25-Jun-29,38.96917,-114.28,female,,Tamias,Rodentia,Sciuridae,8000,8000,Tamias umbrinus
http://mvz.berkeley.edu/mvzdata_terms; https://creativecommons.org/licenses/by/3.0,United States,Nevada,Baker Creek,25-Jun-29,38.96917,-114.28,female,,Tamias,Rodentia,Sciuridae,8000,8000,Tamias umbrinus
http://mvz.berkeley.edu/mvzdata_terms; https://creativecommons.org/licenses/by/3.0,United States,Nevada,Baker Creek,26-Jun-29,38.96917,-114.28,female,,Tamias,Rodentia,Sciuridae,8300,8300,Tamias umbrinus
http://mvz.berkeley.edu/mvzdata_terms; https://creativecommons.org/licenses/by/3.0,United States,Nevada,Baker Creek,26-Jun-29,38.96917,-114.28,female,,Tamias,Rodentia,Sciuridae,8300,8300,Tamias umbrinus
http://mvz.berkeley.edu/mvzdata_terms; https://creativecommons.org/licenses/by/3.0,United States,Nevada,Baker Creek,26-Jun-29,38.96917,-114.28,female,,Tamias,Rodentia,Sciuridae,8300,8300,Tamias umbrinus
http://mvz.berkeley.edu/mvzdata_terms; https://creativecommons.org/licenses/by/3.0,United States,Nevada,Baker Creek,26-Jun-29,38.96917,-114.28,male,,Tamias,Rodentia,Sciuridae,8300,8300,Tamias umbrinus
http://mvz.berkeley.edu/mvzdata_terms; https://creativecommons.org/licenses/by/3.0,United States,Nevada,"0.5 mi E Stella Lake, Snake Mts.",6-Jul-29,39.005,-114.30738,male,,Tamias,Rodentia,Sciuridae,10400,10400,Tamias umbrinus
http://mvz.berkeley.edu/mvzdata_terms; https://creativecommons.org/licenses/by/3.0,United States,Nevada,"0.5 mi E Stella Lake, Snake Mts.",7-Jul-29,39.005,-114.30738,female,,Tamias,Rodentia,Sciuridae,10500,10500,Tamias umbrinus
http://mvz.berkeley.edu/mvzdata_terms; https://creativecommons.org/licenses/by/3.0,United States,Nevada,"0.5 mi E Stella Lake, Snake Mts.",8-Jul-29,39.005,-114.30738,male,,Tamias,Rodentia,Sciuridae,10400,10400,Tamias umbrinus
http://mvz.berkeley.edu/mvzdata_terms; https://creativecommons.org/licenses/by/3.0,United States,Nevada,"0.5 mi E Stella Lake, Snake Mts.",8-Jul-29,39.005,-114.30738,male,,Tamias,Rodentia,Sciuridae,10400,10400,Tamias umbrinus
http://mvz.berkeley.edu/mvzdata_terms; https://creativecommons.org/licenses/by/3.0,United States,Nevada,"Teresa Lake, Snake Mts.",8-Jul-29,39.00306,-114.31056,male,,Tamias,Rodentia,Sciuridae,10500,10500,Tamias umbrinus
http://mvz.berkeley.edu/mvzdata_terms; https://creativecommons.org/licenses/by/3.0,United States,Nevada,"0.5 mi W Stella Lake, Snake Mts.",8-Jul-29,39.005,-114.32596,female,,Tamias,Rodentia,Sciuridae,10500,10500,Tamias umbrinus
http://mvz.berkeley.edu/mvzdata_terms; https://creativecommons.org/licenses/by/3.0,United States,Nevada,"0.5 mi W Stella Lake, Snake Mts.",8-Jul-29,39.005,-114.32596,male,,Tamias,Rodentia,Sciuridae,10500,10500,Tamias umbrinus
http://mvz.berkeley.edu/mvzdata_terms; https://creativecommons.org/licenses/by/3.0,United States,Nevada,Wisconsin Creek,21-May-30,38.95,-117.22,female,,Tamias,Rodentia,Sciuridae,7800,7800,Tamias umbrinus
http://mvz.berkeley.edu/mvzdata_terms; https://creativecommons.org/licenses/by/3.0,United States,Nevada,Wisconsin Creek,22-May-30,38.95,-117.22,female,,Tamias,Rodentia,Sciuridae,7800,7800,Tamias umbrinus
http://mvz.berkeley.edu/mvzdata_terms; https://creativecommons.org/licenses/by/3.0,United States,Nevada,Ridge S of Wisconsin Creek,25-May-30,38.94861,-117.22056,female,,Tamias,Rodentia,Sciuridae,8000,8400,Tamias umbrinus
http://mvz.berkeley.edu/mvzdata_terms; https://creativecommons.org/licenses/by/3.0,United States,Nevada,Ridge S of Wisconsin Creek,25-May-30,38.94861,-117.22056,male,,Tamias,Rodentia,Sciuridae,8000,8400,Tamias umbrinus
http://mvz.berkeley.edu/mvzdata_terms; https://creativecommons.org/licenses/by/3.0,United States,Nevada,Ridge S of Wisconsin Creek,25-May-30,38.94861,-117.22056,female,,Tamias,Rodentia,Sciuridae,8000,8400,Tamias umbrinus
http://mvz.berkeley.edu/mvzdata_terms; https://creativecommons.org/licenses/by/3.0,United States,Nevada,Ridge S of Wisconsin Creek,25-May-30,38.94861,-117.22056,female,,Tamias,Rodentia,Sciuridae,8000,8400,Tamias umbrinus
http://mvz.berkeley.edu/mvzdata_terms; https://creativecommons.org/licenses/by/3.0,United States,Nevada,Ridge S of Wisconsin Creek,26-May-30,38.94861,-117.22056,female,,Tamias,Rodentia,Sciuridae,8000,8400,Tamias umbrinus
http://mvz.berkeley.edu/mvzdata_terms; https://creativecommons.org/licenses/by/3.0,United States,Nevada,Wisconsin Creek,26-May-30,38.95,-117.22,female,,Tamias,Rodentia,Sciuridae,7800,7800,Tamias umbrinus
http://mvz.berkeley.edu/mvzdata_terms; https://creativecommons.org/licenses/by/3.0,United States,Nevada,Kingston Ranger Station,4-Jun-30,39.25556,-117.1625,male,,Tamias,Rodentia,Sciuridae,7500,7500,Tamias umbrinus
http://mvz.berkeley.edu/mvzdata_terms; https://creativecommons.org/licenses/by/3.0,United States,Nevada,Kingston Ranger Station,4-Jun-30,39.25556,-117.1625,female,,Tamias,Rodentia,Sciuridae,7500,7500,Tamias umbrinus
http://mvz.berkeley.edu/mvzdata_terms; https://creativecommons.org/licenses/by/3.0,United States,Nevada,Kingston Ranger Station,5-Jun-30,39.25556,-117.1625,male,,Tamias,Rodentia,Sciuridae,7500,7500,Tamias umbrinus
http://mvz.berkeley.edu/mvzdata_terms; https://creativecommons.org/licenses/by/3.0,United States,Nevada,Kingston Ranger Station,13-Jun-30,39.25556,-117.1625,female,,Tamias,Rodentia,Sciuridae,7500,7500,Tamias umbrinus
http://mvz.berkeley.edu/mvzdata_terms; https://creativecommons.org/licenses/by/3.0,United States,Nevada,Kingston Creek,19-Jun-30,39.23861,-116.98667,female,,Tamias,Rodentia,Sciuridae,7100,7100,Tamias umbrinus
http://mvz.berkeley.edu/mvzdata_terms; https://creativecommons.org/licenses/by/3.0,United States,Nevada,Kingston Creek,19-Jun-30,39.23861,-116.98667,male,,Tamias,Rodentia,Sciuridae,7100,7100,Tamias umbrinus
http://mvz.berkeley.edu/mvzdata_terms; https://creativecommons.org/licenses/by/3.0,United States,Nevada,"Cleve Creek, Shell Creek Range",3-Aug-30,39.23333,-114.47222,male,,Tamias,Rodentia,Sciuridae,8300,8300,Tamias umbrinus
http://mvz.berkeley.edu/mvzdata_terms; https://creativecommons.org/licenses/by/3.0,United States,Nevada,"Cleve Creek, Shell Creek Range",7-Aug-30,39.23333,-114.47222,female,,Tamias,Rodentia,Sciuridae,8200,8200,Tamias umbrinus
http://mvz.berkeley.edu/mvzdata_terms; https://creativecommons.org/licenses/by/3.0,United States,Nevada,"Cleve Creek, Shell Creek Range",7-Aug-30,39.23333,-114.47222,female,,Tamias,Rodentia,Sciuridae,8200,8200,Tamias umbrinus
http://mvz.berkeley.edu/mvzdata_terms; https://creativecommons.org/licenses/by/3.0,United States,Nevada,3 mi W Hamilton,19-Aug-30,39.25306,-115.54149,male,,Tamias,Rodentia,Sciuridae,8100,8100,Tamias umbrinus
http://mvz.berkeley.edu/mvzdata_terms; https://creativecommons.org/licenses/by/3.0,United States,Nevada,3 mi W Hamilton,22-Aug-30,39.25306,-115.54149,male,,Tamias,Rodentia,Sciuridae,8600,8600,Tamias umbrinus
http://mvz.berkeley.edu/mvzdata_terms; https://creativecommons.org/licenses/by/3.0,United States,Nevada,2.5 mi SW Hamilton,24-Aug-30,39.23256,-115.51193,male,,Tamias,Rodentia,Sciuridae,7600,7600,Tamias umbrinus
http://mvz.berkeley.edu/mvzdata_terms; https://creativecommons.org/licenses/by/3.0,United States,Nevada,"Halstead Creek, 1 mi W Illipah",28-Jul-30,39.3575,-115.34978,male,,Tamias,Rodentia,Sciuridae,6200,6200,Tamias umbrinus
http://mvz.berkeley.edu/mvzdata_terms; https://creativecommons.org/licenses/by/3.0,United States,Nevada,Cherry Creek,10-Sep-30,39.90056,-114.885,female,,Tamias,Rodentia,Sciuridae,6800,6800,Tamias umbrinus
http://mvz.berkeley.edu/mvzdata_terms; https://creativecommons.org/licenses/by/3.0,United States,Nevada,"W side Ruby Valley, 3 mi N County line",22-Jul-27,40.17,-115.51,female,,Tamias,Rodentia,Sciuridae,,,Tamias umbrinus
http://mvz.berkeley.edu/mvzdata_terms; https://creativecommons.org/licenses/by/3.0,United States,Nevada,"2.5 mi NE Silverbow, Kawich Mts.",21-Apr-31,37.90623,-116.45877,male,,Tamias,Rodentia,Sciuridae,7000,7000,Tamias umbrinus
http://mvz.berkeley.edu/mvzdata_terms; https://creativecommons.org/licenses/by/3.0,United States,Nevada,"2.8 mi E Silverbow, Kawich Mts.",21-Apr-31,37.8806,-116.43989,female,,Tamias,Rodentia,Sciuridae,7300,7300,Tamias umbrinus
http://mvz.berkeley.edu/mvzdata_terms; https://creativecommons.org/licenses/by/3.0,United States,Nevada,"2.8 mi E Silverbow, Kawich Mts.",21-Apr-31,37.8806,-116.43989,female,,Tamias,Rodentia,Sciuridae,7300,7300,Tamias umbrinus
http://mvz.berkeley.edu/mvzdata_terms; https://creativecommons.org/licenses/by/3.0,United States,Nevada,"2.8 mi E Silverbow, Kawich Mts.",22-Apr-31,37.8806,-116.43989,female,,Tamias,Rodentia,Sciuridae,7300,7300,Tamias umbrinus
http://mvz.berkeley.edu/mvzdata_terms; https://creativecommons.org/licenses/by/3.0,United States,Nevada,Irish Mt. [E slope],10-Jun-31,37.64417,-115.40083,male,,Tamias,Rodentia,Sciuridae,7700,7700,Tamias umbrinus
http://mvz.berkeley.edu/mvzdata_terms; https://creativecommons.org/licenses/by/3.0,United States,Nevada,Irish Mt. [N slope],11-Jun-31,37.64417,-115.40083,female,,Tamias,Rodentia,Sciuridae,8000,8000,Tamias umbrinus
http://mvz.berkeley.edu/mvzdata_terms; https://creativecommons.org/licenses/by/3.0,United States,Nevada,Irish Mt. [N slope],11-Jun-31,37.64417,-115.40083,male,,Tamias,Rodentia,Sciuridae,8300,8300,Tamias umbrinus
http://mvz.berkeley.edu/mvzdata_terms; https://creativecommons.org/licenses/by/3.0,United States,Nevada,Irish Mt. [E slope],11-Jun-31,37.64417,-115.40083,female,,Tamias,Rodentia,Sciuridae,7800,7800,Tamias umbrinus
http://mvz.berkeley.edu/mvzdata_terms; https://creativecommons.org/licenses/by/3.0,United States,Nevada,Irish Mt. [E slope],11-Jun-31,37.64417,-115.40083,male,,Tamias,Rodentia,Sciuridae,8200,8200,Tamias umbrinus
http://mvz.berkeley.edu/mvzdata_terms; https://creativecommons.org/licenses/by/3.0,United States,Nevada,Irish Mt. [E slope],11-Jun-31,37.64417,-115.40083,female,,Tamias,Rodentia,Sciuridae,8250,8250,Tamias umbrinus
http://mvz.berkeley.edu/mvzdata_terms; https://creativecommons.org/licenses/by/3.0,United States,Nevada,Irish Mt. [E slope],11-Jun-31,37.64417,-115.40083,female,,Tamias,Rodentia,Sciuridae,8250,8250,Tamias umbrinus
http://mvz.berkeley.edu/mvzdata_terms; https://creativecommons.org/licenses/by/3.0,United States,Nevada,Irish Mt. [E slope],12-Jun-31,37.64417,-115.40083,female,,Tamias,Rodentia,Sciuridae,8250,8250,Tamias umbrinus
http://mvz.berkeley.edu/mvzdata_terms; https://creativecommons.org/licenses/by/3.0,United States,Nevada,Irish Mt. [N slope],11-Jun-31,37.64417,-115.40083,female,,Tamias,Rodentia,Sciuridae,8200,8200,Tamias umbrinus
http://mvz.berkeley.edu/mvzdata_terms; https://creativecommons.org/licenses/by/3.0,United States,Nevada,Irish Mt. [N slope],12-Jun-31,37.64417,-115.40083,male,,Tamias,Rodentia,Sciuridae,8250,8250,Tamias umbrinus
http://mvz.berkeley.edu/mvzdata_terms; https://creativecommons.org/licenses/by/3.0,United States,Nevada,Irish Mt. [N slope],12-Jun-31,37.64417,-115.40083,female,,Tamias,Rodentia,Sciuridae,8250,8250,Tamias umbrinus
http://mvz.berkeley.edu/mvzdata_terms; https://creativecommons.org/licenses/by/3.0,United States,Nevada,Irish Mt. [N slope],12-Jun-31,37.64417,-115.40083,male,,Tamias,Rodentia,Sciuridae,8250,8250,Tamias umbrinus
http://mvz.berkeley.edu/mvzdata_terms; https://creativecommons.org/licenses/by/3.0,United States,Nevada,Irish Mt. [N slope],12-Jun-31,37.64417,-115.40083,female,,Tamias,Rodentia,Sciuridae,8000,8000,Tamias umbrinus
http://mvz.berkeley.edu/mvzdata_terms; https://creativecommons.org/licenses/by/3.0,United States,Nevada,"Eagle Valley, 3.5 mi N Ursine",25-Jun-31,38.03547,-114.21444,male,,Tamias,Rodentia,Sciuridae,,,Tamias umbrinus
http://mvz.berkeley.edu/mvzdata_terms; https://creativecommons.org/licenses/by/3.0,United States,Nevada,"Water Canyon, 10 mi N Lund",13-Jun-32,39.00164,-115.00694,male,,Tamias,Rodentia,Sciuridae,,,Tamias umbrinus
http://mvz.berkeley.edu/mvzdata_terms; https://creativecommons.org/licenses/by/3.0,United States,Nevada,"Hidden Forest, W slope Sheep Mts.",7-Jul-29,36.63,-115.28361,male,,Tamias,Rodentia,Sciuridae,8500,8500,Tamias umbrinus
http://mvz.berkeley.edu/mvzdata_terms; https://creativecommons.org/licenses/by/3.0,United States,Nevada,"Hidden Forest, W slope Sheep Mts.",9-Jul-29,36.63,-115.28361,female,,Tamias,Rodentia,Sciuridae,8500,8500,Tamias umbrinus
http://mvz.berkeley.edu/mvzdata_terms; https://creativecommons.org/licenses/by/3.0,United States,Nevada,"Toquima Range, 1.25 mi E Mt. Jefferson",3-Jul-33,38.78833,-116.90852,male,,Tamias,Rodentia,Sciuridae,7650,7650,Tamias umbrinus
http://mvz.berkeley.edu/mvzdata_terms; https://creativecommons.org/licenses/by/3.0,United States,Nevada,"Toquima Range, 1.5 mi E Mt. Jefferson",30-Jun-33,38.78833,-116.90389,male,,Tamias,Rodentia,Sciuridae,7700,7700,Tamias umbrinus
http://mvz.berkeley.edu/mvzdata_terms; https://creativecommons.org/licenses/by/3.0,United States,Nevada,"Toquima Range, 1.5 mi SE Mt. Jefferson",1-Jul-33,38.77295,-116.91202,male,,Tamias,Rodentia,Sciuridae,7800,7800,Tamias umbrinus
http://mvz.berkeley.edu/mvzdata_terms; https://creativecommons.org/licenses/by/3.0,United States,Nevada,"Toquima Range, 1 mi E Jefferson",30-Jun-33,38.71333,-116.96317,female,,Tamias,Rodentia,Sciuridae,7600,7600,Tamias umbrinus
http://mvz.berkeley.edu/mvzdata_terms; https://creativecommons.org/licenses/by/3.0,United States,Nevada,"Toquima Range, S slope Mt. Jefferson",1-Jul-33,38.78833,-116.93167,male,,Tamias,Rodentia,Sciuridae,9300,9300,Tamias umbrinus
http://mvz.berkeley.edu/mvzdata_terms; https://creativecommons.org/licenses/by/3.0,United States,Nevada,"Toquima Range, 1.5 mi SE Mt. Jefferson",1-Jul-33,38.77295,-116.91202,female,,Tamias,Rodentia,Sciuridae,7800,7800,Tamias umbrinus
http://mvz.berkeley.edu/mvzdata_terms; https://creativecommons.org/licenses/by/3.0,United States,Nevada,"Toquima Range, N slope Toquima Mt.",2-Jul-33,,,male,,Tamias,Rodentia,Sciuridae,9400,9400,Tamias umbrinus
http://mvz.berkeley.edu/mvzdata_terms; https://creativecommons.org/licenses/by/3.0,United States,Nevada,"Monitor Valley, 9 mi E Toquima Valley",7-Jul-33,,,male,,Tamias,Rodentia,Sciuridae,7000,7000,Tamias umbrinus
http://mvz.berkeley.edu/mvzdata_terms; https://creativecommons.org/licenses/by/3.0,United States,Nevada,"Monitor Valley, 8 mi E Toquima Mt.",8-Jul-33,,,female,,Tamias,Rodentia,Sciuridae,7000,7000,Tamias umbrinus
http://mvz.berkeley.edu/mvzdata_terms; https://creativecommons.org/licenses/by/3.0,United States,Nevada,"Monitor Valley, 8 mi E Toquima Mt.",8-Jul-33,,,female,,Tamias,Rodentia,Sciuridae,7000,7000,Tamias umbrinus
http://mvz.berkeley.edu/mvzdata_terms; https://creativecommons.org/licenses/by/3.0,United States,Nevada,"Hot Creek Range, 8 mi W Tybo",10-Jul-33,38.37,-116.5476,male,,Tamias,Rodentia,Sciuridae,6700,6700,Tamias umbrinus
http://mvz.berkeley.edu/mvzdata_terms; https://creativecommons.org/licenses/by/3.0,United States,Nevada,"Hot Creek Range, 8 mi W Tybo",10-Jul-33,38.37,-116.5476,female,,Tamias,Rodentia,Sciuridae,6900,6900,Tamias umbrinus
http://mvz.berkeley.edu/mvzdata_terms; https://creativecommons.org/licenses/by/3.0,United States,Nevada,"Hot Creek Range, 8 mi W Tybo",10-Jul-33,38.37,-116.5476,female,,Tamias,Rodentia,Sciuridae,6700,6700,Tamias umbrinus
http://mvz.berkeley.edu/mvzdata_terms; https://creativecommons.org/licenses/by/3.0,United States,Nevada,"Monitor Range, Greenmonster Canyon",14-Jul-33,38.73167,-116.47028,female,,Tamias,Rodentia,Sciuridae,7500,7500,Tamias umbrinus
http://mvz.berkeley.edu/mvzdata_terms; https://creativecommons.org/licenses/by/3.0,United States,Nevada,"Monitor Range, Greenmonster Canyon",14-Jul-33,38.73167,-116.47028,female,,Tamias,Rodentia,Sciuridae,7500,7500,Tamias umbrinus
http://mvz.berkeley.edu/mvzdata_terms; https://creativecommons.org/licenses/by/3.0,United States,Nevada,"Monitor Range, Greenmonster Canyon",14-Jul-33,38.73167,-116.47028,male,,Tamias,Rodentia,Sciuridae,7500,7500,Tamias umbrinus
http://mvz.berkeley.edu/mvzdata_terms; https://creativecommons.org/licenses/by/3.0,United States,Nevada,"Quinn Canyon Mts., Burned Corral Canyon",27-Jul-33,38.05188,-115.78011,female,,Tamias,Rodentia,Sciuridae,6700,7000,Tamias umbrinus
http://mvz.berkeley.edu/mvzdata_terms; https://creativecommons.org/licenses/by/3.0,United States,Nevada,"Quinn Canyon Mts., Burned Corral Canyon",28-Jul-33,,,male,,Tamias,Rodentia,Sciuridae,7700,7700,Tamias umbrinus
http://mvz.berkeley.edu/mvzdata_terms; https://creativecommons.org/licenses/by/3.0,United States,Nevada,"Quinn Canyon Mts., 6 mi E Nyala",27-Jul-33,38.24889,-115.61747,female,,Tamias,Rodentia,Sciuridae,8000,8000,Tamias umbrinus
http://mvz.berkeley.edu/mvzdata_terms; https://creativecommons.org/licenses/by/3.0,United States,Nevada,"Quinn Canyon Mts., 7 mi E Nyala",30-Jul-33,38.24889,-115.59909,female,,Tamias,Rodentia,Sciuridae,7000,7000,Tamias umbrinus
http://mvz.berkeley.edu/mvzdata_terms; https://creativecommons.org/licenses/by/3.0,United States,Nevada,"Quinn Canyon Mts., 7 mi E Nyala",30-Jul-33,38.24889,-115.59909,male,,Tamias,Rodentia,Sciuridae,7000,7000,Tamias umbrinus
http://mvz.berkeley.edu/mvzdata_terms; https://creativecommons.org/licenses/by/3.0,United States,Nevada,"Quinn Canyon Mts., 7 mi E Nyala",30-Jul-33,38.24889,-115.59909,male,,Tamias,Rodentia,Sciuridae,7000,7000,Tamias umbrinus
http://mvz.berkeley.edu/mvzdata_terms; https://creativecommons.org/licenses/by/3.0,United States,Nevada,1 mi W Utah-Nevada boundary,7-Aug-33,,,female,,Tamias,Rodentia,Sciuridae,7700,7700,Tamias umbrinus
http://mvz.berkeley.edu/mvzdata_terms; https://creativecommons.org/licenses/by/3.0,United States,Nevada,1 mi W Utah-Nevada boundary,7-Aug-33,,,female,,Tamias,Rodentia,Sciuridae,7700,7700,Tamias umbrinus
http://mvz.berkeley.edu/mvzdata_terms; https://creativecommons.org/licenses/by/3.0,United States,Nevada,1 mi W Utah-Nevada boundary,7-Aug-33,,,female,,Tamias,Rodentia,Sciuridae,7700,7700,Tamias umbrinus
http://mvz.berkeley.edu/mvzdata_terms; https://creativecommons.org/licenses/by/3.0,United States,Nevada,0.25 mi W Utah-Nevada boundary,17-Aug-33,,,male,,Tamias,Rodentia,Sciuridae,7300,7300,Tamias umbrinus
http://mvz.berkeley.edu/mvzdata_terms; https://creativecommons.org/licenses/by/3.0,United States,Nevada,0.25 mi W Utah-Nevada boundary,17-Aug-33,,,male,,Tamias,Rodentia,Sciuridae,7300,7300,Tamias umbrinus
http://mvz.berkeley.edu/mvzdata_terms; https://creativecommons.org/licenses/by/3.0,United States,Nevada,0.25 mi W Utah-Nevada boundary,17-Aug-33,,,male,,Tamias,Rodentia,Sciuridae,7300,7300,Tamias umbrinus
http://mvz.berkeley.edu/mvzdata_terms; https://creativecommons.org/licenses/by/3.0,United States,Nevada,0.25 mi W Utah-Nevada boundary,17-Aug-33,,,male,,Tamias,Rodentia,Sciuridae,7300,7300,Tamias umbrinus
http://mvz.berkeley.edu/mvzdata_terms; https://creativecommons.org/licenses/by/3.0,United States,Nevada,Smiths Creek,21-Jul-34,39.34111,-117.50028,female,,Tamias,Rodentia,Sciuridae,7100,7100,Tamias panamintinus
http://mvz.berkeley.edu/mvzdata_terms; https://creativecommons.org/licenses/by/3.0,United States,Nevada,Smiths Creek,21-Jul-34,39.34111,-117.50028,male,,Tamias,Rodentia,Sciuridae,7100,7100,Tamias panamintinus
http://mvz.berkeley.edu/mvzdata_terms; https://creativecommons.org/licenses/by/3.0,United States,Nevada,"Peterson Creek, Shoshone Mts.",27-Jul-34,39.23639,-117.52556,male,,Tamias,Rodentia,Sciuridae,7000,7000,Tamias umbrinus
http://mvz.berkeley.edu/mvzdata_terms; https://creativecommons.org/licenses/by/3.0,United States,Nevada,"Peterson Creek, Shoshone Mts.",29-Jul-34,39.23639,-117.52556,female,,Tamias,Rodentia,Sciuridae,7600,7600,Tamias umbrinus
http://mvz.berkeley.edu/mvzdata_terms; https://creativecommons.org/licenses/by/3.0,United States,Nevada,"Peterson Creek, Shoshone Mts.",28-Jul-34,39.23639,-117.52556,female,,Tamias,Rodentia,Sciuridae,6500,6500,Tamias umbrinus
http://mvz.berkeley.edu/mvzdata_terms; https://creativecommons.org/licenses/by/3.0,United States,Nevada,"Dinay Creek, 4 mi S Tonkin, Roberts Mts.",13-Jun-36,39.88119,-116.41056,female,,Tamias,Rodentia,Sciuridae,,,Tamias umbrinus
http://mvz.berkeley.edu/mvzdata_terms; https://creativecommons.org/licenses/by/3.0,United States,Nevada,"Deadman Creek, Mt. Moriah",27-Jun-37,39.33083,-114.13306,female,,Tamias,Rodentia,Sciuridae,9100,9100,Tamias umbrinus
http://mvz.berkeley.edu/mvzdata_terms; https://creativecommons.org/licenses/by/3.0,United States,Nevada,"Deadman Creek, Mt. Moriah",27-Jun-37,39.33083,-114.13306,male,,Tamias,Rodentia,Sciuridae,9100,9100,Tamias umbrinus
http://mvz.berkeley.edu/mvzdata_terms; https://creativecommons.org/licenses/by/3.0,United States,Nevada,"Deadman Creek, Mt. Moriah",27-Jun-37,39.33083,-114.13306,female,,Tamias,Rodentia,Sciuridae,8200,8200,Tamias umbrinus
http://mvz.berkeley.edu/mvzdata_terms; https://creativecommons.org/licenses/by/3.0,United States,Nevada,1 mi E Mt. Moriah,13-Jun-37,39.27333,-114.17691,female,,Tamias,Rodentia,Sciuridae,10400,10400,Tamias umbrinus
http://mvz.berkeley.edu/mvzdata_terms; https://creativecommons.org/licenses/by/3.0,United States,Nevada,"Henory Creek, Mt. Moriah",15-Jun-37,39.21944,-114.00278,female,,Tamias,Rodentia,Sciuridae,9800,9800,Tamias umbrinus
http://mvz.berkeley.edu/mvzdata_terms; https://creativecommons.org/licenses/by/3.0,United States,Nevada,"Henory Creek, Mt. Moriah",17-Jun-37,39.21944,-114.00278,female,,Tamias,Rodentia,Sciuridae,9800,9800,Tamias umbrinus
http://mvz.berkeley.edu/mvzdata_terms; https://creativecommons.org/licenses/by/3.0,United States,Nevada,"Henory Creek, 1.5 mi E Mt. Moriah",22-Jun-37,39.23,-114.15,male,,Tamias,Rodentia,Sciuridae,9400,9400,Tamias umbrinus
http://mvz.berkeley.edu/mvzdata_terms; https://creativecommons.org/licenses/by/3.0,United States,Nevada,"Henory Creek, 1.5 mi E Mt. Moriah",14-Jun-37,39.23,-114.15,female,,Tamias,Rodentia,Sciuridae,9100,9100,Tamias umbrinus
http://mvz.berkeley.edu/mvzdata_terms; https://creativecommons.org/licenses/by/3.0,United States,Nevada,"Henory Creek, 1.5 mi E Mt. Moriah",15-Jun-37,39.23,-114.15,male,,Tamias,Rodentia,Sciuridae,9100,9100,Tamias umbrinus
http://mvz.berkeley.edu/mvzdata_terms; https://creativecommons.org/licenses/by/3.0,United States,Nevada,"Henory Creek, 1.5 mi E Mt. Moriah",16-Jun-37,39.23,-114.15,female,,Tamias,Rodentia,Sciuridae,9100,9100,Tamias umbrinus
http://mvz.berkeley.edu/mvzdata_terms; https://creativecommons.org/licenses/by/3.0,United States,Nevada,"Henory Creek, 1.5 mi E Mt. Moriah",16-Jun-37,39.23,-114.15,female,,Tamias,Rodentia,Sciuridae,9100,9100,Tamias umbrinus
http://mvz.berkeley.edu/mvzdata_terms; https://creativecommons.org/licenses/by/3.0,United States,Nevada,"Henory Creek, 1.5 mi E Mt. Moriah",19-Jun-37,39.23,-114.15,female,,Tamias,Rodentia,Sciuridae,9100,9100,Tamias umbrinus
http://mvz.berkeley.edu/mvzdata_terms; https://creativecommons.org/licenses/by/3.0,United States,Nevada,"Henory Creek, 2.5 mi E Mt. Moriah",21-Jun-37,39.23,-114.13,male,,Tamias,Rodentia,Sciuridae,8000,8000,Tamias umbrinus
http://mvz.berkeley.edu/mvzdata_terms; https://creativecommons.org/licenses/by/3.0,United States,Nevada,"Stella Lake, Snake Mts.",8-Aug-38,39.005,-114.31667,female,,Tamias,Rodentia,Sciuridae,10500,10500,Tamias umbrinus
http://mvz.berkeley.edu/mvzdata_terms; https://creativecommons.org/licenses/by/3.0,United States,Nevada,"Stella Lake, Snake Mts.",10-Aug-38,39.005,-114.31667,male,,Tamias,Rodentia,Sciuridae,10500,10500,Tamias umbrinus
http://mvz.berkeley.edu/mvzdata_terms; https://creativecommons.org/licenses/by/3.0,United States,Nevada,"Stella Lake, Snake Mts.",10-Aug-38,39.005,-114.31667,male,,Tamias,Rodentia,Sciuridae,10500,10500,Tamias umbrinus
http://mvz.berkeley.edu/mvzdata_terms; https://creativecommons.org/licenses/by/3.0,United States,Nevada,"Stella Lake, Snake Mts.",10-Aug-38,39.005,-114.31667,female,,Tamias,Rodentia,Sciuridae,10500,10500,Tamias umbrinus
http://mvz.berkeley.edu/mvzdata_terms; https://creativecommons.org/licenses/by/3.0,United States,Nevada,"Stella Lake, Snake Mts.",10-Aug-38,39.005,-114.31667,female,,Tamias,Rodentia,Sciuridae,10500,10500,Tamias umbrinus
http://mvz.berkeley.edu/mvzdata_terms; https://creativecommons.org/licenses/by/3.0,United States,Nevada,"Stella Lake, Snake Mts.",10-Aug-38,39.005,-114.31667,female,,Tamias,Rodentia,Sciuridae,10500,10500,Tamias umbrinus
http://mvz.berkeley.edu/mvzdata_terms; https://creativecommons.org/licenses/by/3.0,United States,Nevada,"Wilson Peak, Wilson Creek Mts.",25-May-37,38.25,-114.39333,male,,Tamias,Rodentia,Sciuridae,7500,7500,Tamias umbrinus
http://mvz.berkeley.edu/mvzdata_terms; https://creativecommons.org/licenses/by/3.0,United States,Nevada,"Wilson Peak, Wilson Creek Mts.",25-May-37,38.25,-114.39333,female,,Tamias,Rodentia,Sciuridae,7500,7500,Tamias umbrinus
http://mvz.berkeley.edu/mvzdata_terms; https://creativecommons.org/licenses/by/3.0,United States,Nevada,"Wilson Peak, Wilson Creek Mts.",26-May-37,38.25,-114.39333,female,,Tamias,Rodentia,Sciuridae,7500,7500,Tamias umbrinus
http://mvz.berkeley.edu/mvzdata_terms; https://creativecommons.org/licenses/by/3.0,United States,Nevada,"Wilson Peak, Wilson Creek Mts.",26-May-37,38.25,-114.39333,female,,Tamias,Rodentia,Sciuridae,7500,7500,Tamias umbrinus
http://mvz.berkeley.edu/mvzdata_terms; https://creativecommons.org/licenses/by/3.0,United States,Nevada,"Wilson Peak, Wilson Creek Mts.",26-May-37,38.25,-114.39333,female,,Tamias,Rodentia,Sciuridae,7500,7500,Tamias umbrinus
http://mvz.berkeley.edu/mvzdata_terms; https://creativecommons.org/licenses/by/3.0,United States,Nevada,"Wilson Peak, Wilson Creek Mts.",26-May-37,38.25,-114.39333,male,,Tamias,Rodentia,Sciuridae,7500,7500,Tamias umbrinus
http://mvz.berkeley.edu/mvzdata_terms; https://creativecommons.org/licenses/by/3.0,United States,Nevada,"Wilson Peak, Wilson Creek Mts.",26-May-37,38.25,-114.39333,female,,Tamias,Rodentia,Sciuridae,7000,7000,Tamias umbrinus
http://mvz.berkeley.edu/mvzdata_terms; https://creativecommons.org/licenses/by/3.0,United States,Nevada,Baker Creek,13-Aug-36,38.96917,-114.28,male,,Tamias,Rodentia,Sciuridae,11100,11100,Tamias umbrinus
http://mvz.berkeley.edu/mvzdata_terms; https://creativecommons.org/licenses/by/3.0,United States,Nevada,"Wilson Creek, Toquima Range",10-Oct-38,,,male,,Tamias,Rodentia,Sciuridae,7500,7500,Tamias umbrinus
http://mvz.berkeley.edu/mvzdata_terms; https://creativecommons.org/licenses/by/3.0,United States,Nevada,"Hidden Forest, Sheep Mts.",21-May-40,36.63,-115.28361,female,,Tamias,Rodentia,Sciuridae,7600,7700,Tamias umbrinus
http://mvz.berkeley.edu/mvzdata_terms; https://creativecommons.org/licenses/by/3.0,United States,Nevada,"Hidden Forest, Sheep Mts.",22-May-40,36.63,-115.28361,female,,Tamias,Rodentia,Sciuridae,7600,7700,Tamias umbrinus
http://mvz.berkeley.edu/mvzdata_terms; https://creativecommons.org/licenses/by/3.0,United States,Nevada,"Hidden Forest, Sheep Mts.",23-May-40,36.63,-115.28361,female,,Tamias,Rodentia,Sciuridae,7600,7700,Tamias umbrinus
http://mvz.berkeley.edu/mvzdata_terms; https://creativecommons.org/licenses/by/3.0,United States,Nevada,"Hidden Forest, Sheep Mts.",23-May-40,36.63,-115.28361,female,,Tamias,Rodentia,Sciuridae,7600,7700,Tamias umbrinus
http://mvz.berkeley.edu/mvzdata_terms; https://creativecommons.org/licenses/by/3.0,United States,Nevada,"Hidden Forest, Sheep Mts.",24-May-40,36.63,-115.28361,female,,Tamias,Rodentia,Sciuridae,7600,7700,Tamias umbrinus
http://mvz.berkeley.edu/mvzdata_terms; https://creativecommons.org/licenses/by/3.0,United States,Nevada,"Lamville Creek, Ruby Mts.",21-Jun-56,40.69167,-115.47333,male,,Tamias,Rodentia,Sciuridae,9300,9300,Tamias umbrinus
http://mvz.berkeley.edu/mvzdata_terms; https://creativecommons.org/licenses/by/3.0,United States,Nevada,"Lamville Creek, Ruby Mts.",21-Jun-56,40.69167,-115.47333,male,,Tamias,Rodentia,Sciuridae,9300,9300,Tamias umbrinus
http://mvz.berkeley.edu/mvzdata_terms; https://creativecommons.org/licenses/by/3.0,United States,Nevada,E slope Spruce Mt.,25-Jun-56,40.5525,-114.82083,male,,Tamias,Rodentia,Sciuridae,8400,8400,Tamias umbrinus
http://mvz.berkeley.edu/mvzdata_terms; https://creativecommons.org/licenses/by/3.0,United States,Nevada,E slope Spruce Mt.,25-Jun-56,40.5525,-114.82083,male,,Tamias,Rodentia,Sciuridae,8400,8400,Tamias umbrinus
http://mvz.berkeley.edu/mvzdata_terms; https://creativecommons.org/licenses/by/3.0,United States,Nevada,E slope Spruce Mt.,25-Jun-56,40.5525,-114.82083,male,,Tamias,Rodentia,Sciuridae,8400,8400,Tamias umbrinus
http://mvz.berkeley.edu/mvzdata_terms; https://creativecommons.org/licenses/by/3.0,United States,Nevada,"Thomas Creek, Ruby Mts.",20-Jun-56,40.65028,-115.40583,female,,Tamias,Rodentia,Sciuridae,7600,7600,Tamias umbrinus
http://mvz.berkeley.edu/mvzdata_terms; https://creativecommons.org/licenses/by/3.0,United States,Nevada,"Thomas Creek, Ruby Mts.",16-Jun-56,40.65028,-115.40583,female,,Tamias,Rodentia,Sciuridae,7700,7700,Tamias umbrinus
http://mvz.berkeley.edu/mvzdata_terms; https://creativecommons.org/licenses/by/3.0,United States,Nevada,"Hidden Forest Canyon, Sheep Range",9-Jun-63,36.63,-115.28361,female,,Tamias,Rodentia,Sciuridae,7500,7500,Tamias umbrinus
http://mvz.berkeley.edu/mvzdata_terms; https://creativecommons.org/licenses/by/3.0,United States,Nevada,"Hidden Forest Canyon, Sheep Range",11-Jun-63,36.63,-115.28361,female,,Tamias,Rodentia,Sciuridae,8600,8600,Tamias umbrinus
http://mvz.berkeley.edu/mvzdata_terms; https://creativecommons.org/licenses/by/3.0,United States,Nevada,"Hidden Forest, Sheep Mts.",29-Jun-64,36.63,-115.28361,male,,Tamias,Rodentia,Sciuridae,9200,9200,Tamias umbrinus
http://arctosdb.org/home/data/; https://creativecommons.org/licenses/by-nc/3.0,United States,Nevada,Humboldt-Toiyabe National Forest: Copper Mts. 2km N 2km E Bear Creek Summit,7/8/10,41.8355,-115.4335,male,,Tamias,Rodentia,Sciuridae,2458,2458,Tamias umbrinus
http://arctosdb.org/home/data/; https://creativecommons.org/licenses/by-nc/3.0,United States,Nevada,"Humboldt-Toiyabe National Forest, Schell Creek Range, Steptoe Creek, 1.5km S Success Summit",7/18/10,39.2375,-114.6892,female,,Tamias,Rodentia,Sciuridae,2510,2510,Tamias umbrinus
http://arctosdb.org/home/data/; https://creativecommons.org/licenses/by-nc/3.0,United States,Nevada,"Humboldt-Toiyabe National Forest, Schell Creek Range, Steptoe Creek, 1.5km S Success Summit",7/18/10,39.2375,-114.6892,male,,Tamias,Rodentia,Sciuridae,2510,2510,Tamias umbrinus
http://arctosdb.org/home/data/; https://creativecommons.org/licenses/by-nc/3.0,United States,Nevada,"Humbldt-Toiyabe National Forest, Schell Creek Range, Steptoe Creek, 1.5km S Success Summit",7/18/10,39.2375,-114.6892,male,subadult,Tamias,Rodentia,Sciuridae,2510,2510,Tamias umbrinus
http://arctosdb.org/home/data/; https://creativecommons.org/licenses/by-nc/3.0,United States,Nevada,"Ruby Mountains, Overland Pass",4-Aug-08,40.0254,-115.549,female,,Tamias,Rodentia,Sciuridae,2000,2000,Tamias umbrinus
http://arctosdb.org/home/data/; https://creativecommons.org/licenses/by-nc/3.0,United States,Nevada,"Cherry Creek Mountains, Lear Ranch, McDermid Creek, Corral Canyon",5-Aug-08,40.1755,-114.8556,female,,Tamias,Rodentia,Sciuridae,2024,2024,Tamias umbrinus
http://arctosdb.org/home/data/; https://creativecommons.org/licenses/by-nc/3.0,United States,Nevada,"Ruby Mountains, Overland Pass",4-Aug-08,40.0254,-115.549,female,,Tamias,Rodentia,Sciuridae,2000,2000,Tamias umbrinus
http://arctosdb.org/home/data/; https://creativecommons.org/licenses/by-nc/3.0,United States,Nevada,"Ruby Mountains, Overland Pass",4-Aug-08,40.0254,-115.549,female,,Tamias,Rodentia,Sciuridae,2000,2000,Tamias umbrinus
http://arctosdb.org/home/data/; https://creativecommons.org/licenses/by-nc/3.0,United States,Nevada,"Cherry Creek Mountains, Lear Ranch, McDermid Creek, Corral Canyon",5-Aug-08,40.1755,-114.8556,female,,Tamias,Rodentia,Sciuridae,2024,2024,Tamias umbrinus
http://arctosdb.org/home/data/; https://creativecommons.org/licenses/by-nc/3.0,United States,Nevada,"Toquima Range, Northumberland Canyon, 3 miles S of Northumberland Pass (FR369)",3-Aug-08,38.9219,-116.8647,female,,Tamias,Rodentia,Sciuridae,2367,2367,Tamias umbrinus
http://arctosdb.org/home/data/; https://creativecommons.org/licenses/by-nc/3.0,United States,Nevada,"Ruby Mountains, Overland Pass",4-Aug-08,40.0254,-115.549,female,,Tamias,Rodentia,Sciuridae,2000,2000,Tamias umbrinus
http://arctosdb.org/home/data/; https://creativecommons.org/licenses/by-nc/3.0,United States,Nevada,"Ruby Mountains, Overland Pass",4-Aug-08,40.0254,-115.549,male,,Tamias,Rodentia,Sciuridae,2000,2000,Tamias umbrinus
http://arctosdb.org/home/data/; https://creativecommons.org/licenses/by-nc/3.0,United States,Nevada,"Cherry Creek Mountains, Lear Ranch, McDermid Creek, Corral Canyon",5-Aug-08,40.1755,-114.8556,male,,Tamias,Rodentia,Sciuridae,2024,2024,Tamias umbrinus
http://arctosdb.org/home/data/; https://creativecommons.org/licenses/by-nc/3.0,United States,Nevada,"Cherry Creek Mountains, Lear Ranch, McDermid Creek, Corral Canyon",5-Aug-08,40.1755,-114.8556,female,,Tamias,Rodentia,Sciuridae,2024,2024,Tamias umbrinus
http://arctosdb.org/home/data/; https://creativecommons.org/licenses/by-nc/3.0,United States,Nevada,"Cherry Creek Mountains, Lear Ranch, McDermid Creek, Corral Canyon",5-Aug-08,40.1755,-114.8556,female,,Tamias,Rodentia,Sciuridae,2024,2024,Tamias umbrinus
http://mvz.berkeley.edu/mvzdata_terms; https://creativecommons.org/licenses/by/3.0,United States,Nevada,"Lamoille Canyon, 1.4 k N, 0.4 km W Mt. Favre peak, Ruby Mts.",10-Jul-13,40.59728,-115.37918,male,,Tamias,Rodentia,Sciuridae,9212,9212,Tamias umbrinus
http://mvz.berkeley.edu/mvzdata_terms; https://creativecommons.org/licenses/by/3.0,United States,Nevada,"Lamoille Canyon, 1.4 k N, 0.4 km W Mt. Favre peak, Ruby Mts.",10-Jul-13,40.59728,-115.37918,female,,Tamias,Rodentia,Sciuridae,9212,9212,Tamias umbrinus
http://mvz.berkeley.edu/mvzdata_terms; https://creativecommons.org/licenses/by/3.0,United States,Nevada,"Lamoille Canyon, 1.4 k N, 0.4 km W Mt. Favre peak, Ruby Mts.",10-Jul-13,40.59728,-115.37918,female,,Tamias,Rodentia,Sciuridae,9212,9212,Tamias umbrinus
http://mvz.berkeley.edu/mvzdata_terms; https://creativecommons.org/licenses/by/3.0,United States,Nevada,"Lamoille Canyon, 1.4 k N, 0.4 km W Mt. Favre peak, Ruby Mts.",10-Jul-13,40.59728,-115.37918,male,,Tamias,Rodentia,Sciuridae,9212,9212,Tamias umbrinus
http://mvz.berkeley.edu/mvzdata_terms; https://creativecommons.org/licenses/by/3.0,United States,Nevada,"Lamoille Canyon, 1.4 k N, 0.4 km W Mt. Favre peak, Ruby Mts.",10-Jul-13,40.59728,-115.37918,male,,Tamias,Rodentia,Sciuridae,9212,9212,Tamias umbrinus
http://mvz.berkeley.edu/mvzdata_terms; https://creativecommons.org/licenses/by/3.0,United States,Nevada,"Lamoille Canyon, 1.4 k N, 0.4 km W Mt. Favre peak, Ruby Mts.",10-Jul-13,40.59728,-115.37918,male,,Tamias,Rodentia,Sciuridae,9212,9212,Tamias umbrinus
http://mvz.berkeley.edu/mvzdata_terms; https://creativecommons.org/licenses/by/3.0,United States,Nevada,"Lamoille Canyon, 1.4 k N, 0.4 km W Mt. Favre peak, Ruby Mts.",10-Jul-13,40.59728,-115.37918,male,,Tamias,Rodentia,Sciuridae,9212,9212,Tamias umbrinus
http://mvz.berkeley.edu/mvzdata_terms; https://creativecommons.org/licenses/by/3.0,United States,Nevada,"Lamoille Canyon, 1.4 k N, 0.4 km W Mt. Favre peak, Ruby Mts.",10-Jul-13,40.59728,-115.37918,female,,Tamias,Rodentia,Sciuridae,9212,9212,Tamias umbrinus
http://mvz.berkeley.edu/mvzdata_terms; https://creativecommons.org/licenses/by/3.0,United States,Nevada,"Lamoille Canyon, 1.4 k N, 0.4 km W Mt. Favre peak, Ruby Mts.",11-Jul-13,40.59728,-115.37918,male,,Tamias,Rodentia,Sciuridae,9212,9212,Tamias umbrinus
http://mvz.berkeley.edu/mvzdata_terms; https://creativecommons.org/licenses/by/3.0,United States,Nevada,"Lamoille Canyon, 1.4 k N, 0.4 km W Mt. Favre peak, Ruby Mts.",11-Jul-13,40.59728,-115.37918,female,,Tamias,Rodentia,Sciuridae,9212,9212,Tamias umbrinus
http://mvz.berkeley.edu/mvzdata_terms; https://creativecommons.org/licenses/by/3.0,United States,Nevada,"Lamoille Canyon, 1.4 k N, 0.4 km W Mt. Favre peak, Ruby Mts.",13-Jul-13,40.59728,-115.37918,male,,Tamias,Rodentia,Sciuridae,9212,9212,Tamias umbrinus
http://mvz.berkeley.edu/mvzdata_terms; https://creativecommons.org/licenses/by/3.0,United States,Nevada,"mouth of Thomas Canyon, Ruby Mts.",11-Jul-13,40.64835,-115.40357,male,,Tamias,Rodentia,Sciuridae,7600,7600,Tamias umbrinus
http://mvz.berkeley.edu/mvzdata_terms; https://creativecommons.org/licenses/by/3.0,United States,Nevada,"mouth of Thomas Canyon, Ruby Mts.",11-Jul-13,40.64835,-115.40357,male,,Tamias,Rodentia,Sciuridae,7600,7600,Tamias umbrinus
http://mvz.berkeley.edu/mvzdata_terms; https://creativecommons.org/licenses/by/3.0,United States,Nevada,"mouth of Thomas Canyon, Ruby Mts.",11-Jul-13,40.64835,-115.40357,male,,Tamias,Rodentia,Sciuridae,7600,7600,Tamias umbrinus
http://mvz.berkeley.edu/mvzdata_terms; https://creativecommons.org/licenses/by/3.0,United States,Nevada,"mouth of Thomas Canyon, Ruby Mts.",12-Jul-13,40.64835,-115.40357,male,,Tamias,Rodentia,Sciuridae,7600,7600,Tamias umbrinus
http://mvz.berkeley.edu/mvzdata_terms; https://creativecommons.org/licenses/by/3.0,United States,Nevada,"Carroll Summit, Desatoya Mts.",7-Jul-13,39.26762,-117.72606,female,,Tamias,Rodentia,Sciuridae,7500,7500,Tamias umbrinus
http://mvz.berkeley.edu/mvzdata_terms; https://creativecommons.org/licenses/by/3.0,United States,Nevada,"Lamoille Canyon, 1.4 k N, 0.4 km W Mt. Favre peak, Ruby Mts.",10-Jul-13,40.59728,-115.37918,female,,Tamias,Rodentia,Sciuridae,9212,9212,Tamias umbrinus
http://arctosdb.org/home/data/; https://creativecommons.org/licenses/by-nc/3.0,United States,Nevada,Lampille Canyon,9/3/00,40.691594,-115.474225,female,,Tamias,Rodentia,Sciuridae,8616,8616,Tamias umbrinus
http://arctosdb.org/home/data/; https://creativecommons.org/licenses/by-nc/3.0,United States,Nevada,"East Humboldt Range, Angel Lake",6/21/01,41.026438,-115.087029,female,,Tamias,Rodentia,Sciuridae,8500,8500,Tamias umbrinus
http://arctosdb.org/home/data/; https://creativecommons.org/licenses/by-nc/3.0,United States,Nevada,"East Humboldt Range, Angel Lake",6/21/01,41.026438,-115.087029,male,,Tamias,Rodentia,Sciuridae,8500,8500,Tamias umbrinus
http://arctosdb.org/home/data/; https://creativecommons.org/licenses/by-nc/3.0,United States,Nevada,"Mt. Irish, 9 mi. WNW Hiko",7/15/02,37.646746,-115.376356,female,,Tamias,Rodentia,Sciuridae,7200,7200,Tamias umbrinus
http://arctosdb.org/home/data/; https://creativecommons.org/licenses/by-nc/3.0,United States,Nevada,"Cottonwood Creek, Monitor Range",7/8/00,38.744988,-117.705664,female,,Tamias,Rodentia,Sciuridae,7900,7900,Tamias umbrinus
http://arctosdb.org/home/data/; https://creativecommons.org/licenses/by-nc/3.0,United States,Nevada,"Cottonwood Creek, Monitor Range",7/9/00,38.744988,-117.705664,male,,Tamias,Rodentia,Sciuridae,7900,7900,Tamias umbrinus
http://arctosdb.org/home/data/; https://creativecommons.org/licenses/by-nc/3.0,United States,Nevada,"Cottonwood Creek, Monitor Range",7/9/00,38.744988,-117.705664,male,,Tamias,Rodentia,Sciuridae,7900,7900,Tamias umbrinus
http://arctosdb.org/home/data/; https://creativecommons.org/licenses/by-nc/3.0,United States,Nevada,"Cottonwood Creek, Monitor Range",7/9/00,38.744988,-117.705664,female,,Tamias,Rodentia,Sciuridae,7900,7900,Tamias umbrinus
http://arctosdb.org/home/data/; https://creativecommons.org/licenses/by-nc/3.0,United States,Nevada,"2 mi. N Wildcat Peak, Toquima Range",7/7/00,39.043922,-116.832859,female,,Tamias,Rodentia,Sciuridae,9300,9300,Tamias umbrinus
http://arctosdb.org/home/data/; https://creativecommons.org/publicdomain/zero/1.0,United States,Nevada,"Corral Canyon, Quin Canyon Mountains",7/29/33,38.2,-115.6,male,,Tamias,Rodentia,Sciuridae,2042.16,2042.16,Tamias umbrinus
http://arctosdb.org/home/data/; https://creativecommons.org/publicdomain/zero/1.0,United States,Nevada,"head of Lehman Creek, east side Wheeler Peak, Snake Range",9/27/69,39.01083,-114.30167,male,,Tamias,Rodentia,Sciuridae,2941.32,2941.32,Tamias umbrinus
http://arctosdb.org/home/data/; https://creativecommons.org/publicdomain/zero/1.0,United States,Nevada,"Ruby Mountains, 2 mi S Ruby Marsh Fish Hatchery",5/25/85,40.16,-115.5,male; male,,Tamias,Rodentia,Sciuridae,,,Tamias umbrinus
http://arctosdb.org/home/data/; https://creativecommons.org/publicdomain/zero/1.0,United States,Nevada,"Snake Range, 0.3 km S, 0.3 km W Stella Lake, Great Basin National Park",7/23/00,39.0023,-114.32013,male,,Tamias,Rodentia,Sciuridae,3383.28,3383.28,Tamias umbrinus
http://arctosdb.org/home/data/; https://creativecommons.org/publicdomain/zero/1.0,United States,Nevada,"Snake Range, Baker Creek, 4.2 mi W, 1.8 mi SE Baker",10/30/83,39,-114.2,male; male,,Tamias,Rodentia,Sciuridae,1889.76,1889.76,Tamias umbrinus
http://arctosdb.org/home/data/; https://creativecommons.org/publicdomain/zero/1.0,United States,Nevada,"Ruby Mountains, 2 mi S Ruby Marsh Fish Hatchery",5/25/85,40.16,-115.5,male; male,,Tamias,Rodentia,Sciuridae,,,Tamias umbrinus
http://arctosdb.org/home/data/; https://creativecommons.org/publicdomain/zero/1.0,United States,Nevada,"Ruby Mountains, 2 mi S Ruby Marsh Fish Hatchery",5/25/85,40.16,-115.5,female; male,,Tamias,Rodentia,Sciuridae,,,Tamias umbrinus
http://arctosdb.org/home/data/; https://creativecommons.org/publicdomain/zero/1.0,United States,Nevada,"Snake Range, 0.3 km N, 0.4 km E Wheeler Peak Campground, Great National Park",7/21/00,39.0135,-114.2979,male,,Tamias,Rodentia,Sciuridae,3247,3247,Tamias umbrinus
http://arctosdb.org/home/data/; https://creativecommons.org/publicdomain/zero/1.0,United States,Nevada,"Snake Range, 0.3 km N, 0.4 km E Wheeler Peak Campground, Great National Park",7/21/00,39.0135,-114.2979,male,,Tamias,Rodentia,Sciuridae,3247,3247,Tamias umbrinus
http://arctosdb.org/home/data/; https://creativecommons.org/publicdomain/zero/1.0,United States,Nevada,"Snake Range, 1.9 km N, 4 km W Lehman Caves Visitors Center, Great Basin National Park",7/24/00,39.02268,-114.26562,male,,Tamias,Rodentia,Sciuridae,2804.16,2804.16,Tamias umbrinus
http://arctosdb.org/home/data/; https://creativecommons.org/publicdomain/zero/1.0,United States,Nevada,"Snake Range, 1.9 km N, 4 km W Lehman Caves Visitors Center, Great Basin National Park",7/24/00,39.02268,-114.26562,male,,Tamias,Rodentia,Sciuridae,2804.16,2804.16,Tamias umbrinus
http://arctosdb.org/home/data/; https://creativecommons.org/publicdomain/zero/1.0,United States,Nevada,"Snake Range, Lehman Creek Canyon, 8 mi W Baker",6/10/85,39.01333,-114.27059,female; female,,Tamias,Rodentia,Sciuridae,2468.88,2468.88,Tamias umbrinus
http://arctosdb.org/home/data/; https://creativecommons.org/publicdomain/zero/1.0,United States,Nevada,"Ruby Mountains, Harrison Pass",7/8/84,40.325,-115.51028,,,Tamias,Rodentia,Sciuridae,2057.4,2057.4,Tamias umbrinus
http://arctosdb.org/home/data/; https://creativecommons.org/publicdomain/zero/1.0,United States,Nevada,"Schell Creek Range, Timber Creek, 8.5 mi E McGill",7/14/84,39.405,-114.61896,,,Tamias,Rodentia,Sciuridae,2682.24,2682.24,Tamias umbrinus
http://arctosdb.org/home/data/; https://creativecommons.org/publicdomain/zero/1.0,United States,Nevada,"Ruby Mountains, 2 mi S Ruby Marsh Fish Hatchery",5/25/85,40.16,-115.5,female; female,,Tamias,Rodentia,Sciuridae,,,Tamias umbrinus
http://arctosdb.org/home/data/; https://creativecommons.org/publicdomain/zero/1.0,United States,Nevada,"Snake Range, Lehman Creek Canyon, 8 mi W Baker",6/10/85,39.01333,-114.27059,female; female,,Tamias,Rodentia,Sciuridae,2468.88,2468.88,Tamias umbrinus
http://arctosdb.org/home/data/; https://creativecommons.org/publicdomain/zero/1.0,United States,Nevada,"Snake Range, Baker Creek, 4.2 mi W, 1.8 mi SE Baker",10/30/83,39,-114.2,male; male,,Tamias,Rodentia,Sciuridae,1889.76,1889.76,Tamias umbrinus
http://arctosdb.org/home/data/; https://creativecommons.org/publicdomain/zero/1.0,United States,Nevada,"Snake Range, Snake Creek Canyon, Great Basin National Park",8/1/02,38.9283,-114.25469,male,,Tamias,Rodentia,Sciuridae,2545.08,2545.08,Tamias umbrinus
http://arctosdb.org/home/data/; https://creativecommons.org/publicdomain/zero/1.0,United States,Nevada,"Snake Range, Snake Creek Canyon, Great Basin National Park",8/1/02,38.9283,-114.25469,female,,Tamias,Rodentia,Sciuridae,2545.08,2545.08,Tamias umbrinus
http://arctosdb.org/home/data/; https://creativecommons.org/publicdomain/zero/1.0,United States,Nevada,"Snake Range, Strawberry Creek Canyon, Great Basin National Park",8/3/02,39.05606,-114.28014,male,,Tamias,Rodentia,Sciuridae,2369.82,2369.82,Tamias umbrinus
http://arctosdb.org/home/data/; https://creativecommons.org/publicdomain/zero/1.0,United States,Nevada,"Snake Range, Strawberry Creek Canyon, Great Basin National Park",8/3/02,39.05405,-114.30292,male,,Tamias,Rodentia,Sciuridae,2414.02,2414.02,Tamias umbrinus
http://arctosdb.org/home/data/; https://creativecommons.org/publicdomain/zero/1.0,United States,Nevada,"Snake Range, Lehman Creek at east boundary of Great Basin National Park",7/21/00,39.01722,-114.10722,female,,Tamias,Rodentia,Sciuridae,2971.8,2971.8,Tamias umbrinus
http://arctosdb.org/home/data/; https://creativecommons.org/publicdomain/zero/1.0,United States,Nevada,"Snake Range, Lehman Creek at east boundary of Great Basin National Park",7/21/00,39.01722,-114.10722,female,,Tamias,Rodentia,Sciuridae,2971.8,2971.8,Tamias umbrinus
http://arctosdb.org/home/data/; https://creativecommons.org/publicdomain/zero/1.0,United States,Nevada,"Snake Range, Snake Creek Canyon, Great Basin National Park",8/1/02,38.9283,-114.25469,female,,Tamias,Rodentia,Sciuridae,2545.08,2545.08,Tamias umbrinus
http://arctosdb.org/home/data/; https://creativecommons.org/publicdomain/zero/1.0,United States,Nevada,"Snake Range, cirque 0.5 km W, 0.6 km N summit Pyramid Peak, Great Basin National Park",6/8/03,38.95348,-114.30087,male,,Tamias,Rodentia,Sciuridae,3249.17,3249.17,Tamias umbrinus
http://arctosdb.org/home/data/; https://creativecommons.org/publicdomain/zero/1.0,United States,Nevada,"Snake Range, high point on ridge 0.4 km N, 0.1 km W summit of Lincoln Peak, Great Basin National Park",8/13/03,38.9007,-114.29815,female,,Tamias,Rodentia,Sciuridae,3246.12,3246.12,Tamias umbrinus
http://arctosdb.org/home/data/; https://creativecommons.org/publicdomain/zero/1.0,United States,Nevada,"Snake Range, pass 1.5 km S, 0.8 km E summit of Washington Peak, Great Basin National Park",8/15/03,38.9007,-114.29815,female,,Tamias,Rodentia,Sciuridae,3246.12,3246.12,Tamias umbrinus
http://arctosdb.org/home/data/; https://creativecommons.org/publicdomain/zero/1.0,United States,Nevada,"Snake Range, pass 1.5 km S, 0.8 km E summit of Washington Peak, Great Basin National Park",8/15/03,38.9007,-114.29815,female,,Tamias,Rodentia,Sciuridae,3246.12,3246.12,Tamias umbrinus
http://arctosdb.org/home/data/; https://creativecommons.org/publicdomain/zero/1.0,United States,Nevada,"Ruby Mountains, Lamoille Canyon, 1.7 km N, 0.25 km W Favre Peak summit",8/20/06,40.60043,-115.37778,female,adult,Tamias,Rodentia,Sciuridae,2727.96,2727.96,Tamias umbrinus
http://arctosdb.org/home/data/; https://creativecommons.org/publicdomain/zero/1.0,United States,Nevada,"Ruby Mountains, Lamoille Canyon, 1.7 km N, 0.25 km W Favre Peak summit",8/19/06,40.60043,-115.37778,female,adult,Tamias,Rodentia,Sciuridae,2727.96,2727.96,Tamias umbrinus
http://arctosdb.org/home/data/; https://creativecommons.org/publicdomain/zero/1.0,United States,Nevada,"Ruby Mountains, Lamoille Canyon, 1.7 km N, 0.25 km W Favre Peak summit",8/19/06,40.60043,-115.37778,female,adult,Tamias,Rodentia,Sciuridae,2727.96,2727.96,Tamias umbrinus
http://arctosdb.org/home/data/; https://creativecommons.org/publicdomain/zero/1.0,United States,Nevada,"Ruby Mountains, Lamoille Canyon, 1.7 km N, 0.25 km W Favre Peak summit",8/19/06,40.60043,-115.37778,male,adult,Tamias,Rodentia,Sciuridae,2727.96,2727.96,Tamias umbrinus
http://arctosdb.org/home/data/; https://creativecommons.org/publicdomain/zero/1.0,United States,Nevada,"Ruby Mountains, Lamoille Canyon, 1.7 km N, 0.25 km W Favre Peak summit",8/20/06,40.60043,-115.37778,male,adult,Tamias,Rodentia,Sciuridae,2727.96,2727.96,Tamias umbrinus
http://arctosdb.org/home/data/; https://creativecommons.org/publicdomain/zero/1.0,United States,Nevada,"Ruby Mountains, Lamoille Canyon, 1.7 km S, 0.8 km W Verdi Peak summit",8/17/06,40.62915,-115.36746,female,,Tamias,Rodentia,Sciuridae,2584.7,2584.7,Tamias umbrinus
http://arctosdb.org/home/data/; https://creativecommons.org/publicdomain/zero/1.0,United States,Nevada,"Snake Range, pass 1.5 km S, 0.8 km E summit of Washington Peak, Great Basin National Park",8/14/03,38.9007,-114.29815,male,,Tamias,Rodentia,Sciuridae,3232.4,3232.4,Tamias umbrinus
http://arctosdb.org/home/data/; https://creativecommons.org/publicdomain/zero/1.0,United States,Nevada,"Snake Range, pass 1.5 km S, 0.8 km E summit of Washington Peak, Great Basin National Park",8/14/03,38.9007,-114.29815,male,,Tamias,Rodentia,Sciuridae,3232.4,3232.4,Tamias umbrinus
http://arctosdb.org/home/data/; https://creativecommons.org/publicdomain/zero/1.0,United States,Nevada,"Snake Range, 1.9 km N, 4 km W Lehman Caves Visitors Center, Great Basin National Park",7/24/00,39.02268,-114.26562,female,,Tamias,Rodentia,Sciuridae,2804.16,2804.16,Tamias umbrinus
http://arctosdb.org/home/data/; https://creativecommons.org/publicdomain/zero/1.0,United States,Nevada,"Snake Range, Lehman Creek at east boundary of Great Basin National Park",7/21/00,39.01722,-114.10722,male,,Tamias,Rodentia,Sciuridae,2971.8,2971.8,Tamias umbrinus
http://arctosdb.org/home/data/; https://creativecommons.org/publicdomain/zero/1.0,United States,Nevada,"Snake Range, 1.9 km N, 4 km W Lehman Caves Visitors Center, Great Basin National Park",7/24/00,39.02268,-114.26562,female,,Tamias,Rodentia,Sciuridae,2804.16,2804.16,Tamias umbrinus
http://arctosdb.org/home/data/; https://creativecommons.org/publicdomain/zero/1.0,United States,Nevada,"Snake Range, Baker Creek, 2.1 km S, 1.5 km W Lehman Caves Visitors Center, Great Basin National Park",7/14/00,38.98,-114.24,female,,Tamias,Rodentia,Sciuridae,2301.24,2301.24,Tamias umbrinus
http://arctosdb.org/home/data/; https://creativecommons.org/publicdomain/zero/1.0,United States,Nevada,"Snake Range, Lehman Caves residential area, Great Basin National Park",7/19/00,39.004,-114.217,male,,Tamias,Rodentia,Sciuridae,2072.64,2072.64,Tamias umbrinus
http://arctosdb.org/home/data/; https://creativecommons.org/publicdomain/zero/1.0,United States,Nevada,"Snake Range, Lehman Creek at east boundary of Great Basin National Park",7/21/00,39.01722,-114.10722,male,,Tamias,Rodentia,Sciuridae,2971.8,2971.8,Tamias umbrinus
http://arctosdb.org/home/data/; https://creativecommons.org/publicdomain/zero/1.0,United States,Nevada,"Snake Range, 1.9 km N, 4 km W Lehman Caves Visitors Center, Great Basin National Park",7/24/00,39.02268,-114.26562,male,,Tamias,Rodentia,Sciuridae,2804.16,2804.16,Tamias umbrinus
http://arctosdb.org/home/data/; https://creativecommons.org/publicdomain/zero/1.0,United States,Nevada,"Snake Range, 1.9 km N, 4 km W Lehman Caves Visitors Center, Great Basin National Park",7/24/00,39.02268,-114.26562,male,,Tamias,Rodentia,Sciuridae,2804.16,2804.16,Tamias umbrinus
http://arctosdb.org/home/data/; https://creativecommons.org/publicdomain/zero/1.0,United States,Nevada,"Snake Range, pass 1.5 km S, 0.8 km E summit of Washington Peak, Great Basin National Park",8/14/03,38.9007,-114.29815,male,,Tamias,Rodentia,Sciuridae,3246.12,3246.12,Tamias umbrinus
http://arctosdb.org/home/data/; https://creativecommons.org/publicdomain/zero/1.0,United States,Nevada,"Snake Range, pass 1.5 km S, 0.8 km E summit of Washington Peak, Great Basin National Park",8/14/03,38.9007,-114.29815,male,,Tamias,Rodentia,Sciuridae,3246.12,3246.12,Tamias umbrinus
http://arctosdb.org/home/data/; https://creativecommons.org/publicdomain/zero/1.0,United States,Nevada,"Ruby Mountains, Long Canyon, 4.30 km S, 2.55 km E confluence of Mahogany and Long creeks",7/28/08,40.50945,-115.44865,male,,Tamias,Rodentia,Sciuridae,2810.26,2810.26,Tamias umbrinus
http://arctosdb.org/home/data/; https://creativecommons.org/publicdomain/zero/1.0,United States,Nevada,"Ruby Mountains, mouth of Thomas Canyon",8/13/06,40.64835,-115.40375,male,adult,Tamias,Rodentia,Sciuridae,2316.48,2316.48,Tamias umbrinus
http://arctosdb.org/home/data/; https://creativecommons.org/publicdomain/zero/1.0,United States,Nevada,"Ruby Mountains, mouth of Thomas Canyon",8/14/06,40.64835,-115.40375,male,adult,Tamias,Rodentia,Sciuridae,2316.48,2316.48,Tamias umbrinus
http://arctosdb.org/home/data/; https://creativecommons.org/publicdomain/zero/1.0,United States,Nevada,"Ruby Mountains, mouth of Thomas Canyon",8/14/06,40.64835,-115.40375,male,adult,Tamias,Rodentia,Sciuridae,2316.48,2316.48,Tamias umbrinus
http://arctosdb.org/home/data/; https://creativecommons.org/publicdomain/zero/1.0,United States,Nevada,"Snake Range, Baker Creek, 2.1 km S, 1.5 km W Lehman Caves Visitors Center, Great Basin National Park",7/15/00,38.98,-114.24,female,,Tamias,Rodentia,Sciuridae,2301.24,2301.24,Tamias umbrinus
http://arctosdb.org/home/data/; https://creativecommons.org/publicdomain/zero/1.0,United States,Nevada,"Snake Range, Baker Creek, 2.1 km S, 1.5 km W Lehman Caves Visitors Center, Great Basin National Park",7/15/00,38.98,-114.24,female,,Tamias,Rodentia,Sciuridae,2301.24,2301.24,Tamias umbrinus
http://arctosdb.org/home/data/; https://creativecommons.org/publicdomain/zero/1.0,United States,Nevada,"Ruby Mountains, mouth of Thomas Canyon",8/13/06,40.64835,-115.40375,male,adult,Tamias,Rodentia,Sciuridae,2316.48,2316.48,Tamias umbrinus
http://arctosdb.org/home/data/; https://creativecommons.org/publicdomain/zero/1.0,United States,Nevada,"Ruby Mountains, 2.9 km N, 2.6 km W confluence of right and main forks of Lamoille Creek",8/3/07,40.68811,-115.47072,male,,Tamias,Rodentia,Sciuridae,2014.42,2014.42,Tamias umbrinus
http://arctosdb.org/home/data/; https://creativecommons.org/publicdomain/zero/1.0,United States,Nevada,"Ruby Mountains, 2.9 km N, 2.6 km W confluence of right and main forks of Lamoille Creek",8/4/07,40.68811,-115.47072,male,,Tamias,Rodentia,Sciuridae,2014.42,2014.42,Tamias umbrinus
http://arctosdb.org/home/data/; https://creativecommons.org/publicdomain/zero/1.0,United States,Nevada,"Ruby Mountains, mouth of Thomas Canyon",8/13/06,40.64835,-115.40375,female,adult,Tamias,Rodentia,Sciuridae,2316.48,2316.48,Tamias umbrinus
http://arctosdb.org/home/data/; https://creativecommons.org/publicdomain/zero/1.0,United States,Nevada,"Ruby Mountains, mouth of Thomas Canyon",8/13/06,40.64835,-115.40375,male,adult,Tamias,Rodentia,Sciuridae,2316.48,2316.48,Tamias umbrinus
http://arctosdb.org/home/data/; https://creativecommons.org/publicdomain/zero/1.0,United States,Nevada,"Ruby Mountains, mouth of Thomas Canyon",8/13/06,40.64835,-115.40375,male,adult,Tamias,Rodentia,Sciuridae,2316.48,2316.48,Tamias umbrinus
http://arctosdb.org/home/data/; https://creativecommons.org/publicdomain/zero/1.0,United States,Nevada,"Ruby Mountains, mouth of Thomas Canyon",8/13/06,40.64835,-115.40375,female,subadult,Tamias,Rodentia,Sciuridae,2316.48,2316.48,Tamias umbrinus
http://arctosdb.org/home/data/; https://creativecommons.org/publicdomain/zero/1.0,United States,Nevada,"Ruby Mountains, Thomas Creek, 0.2 km above mouth",8/17/06,40.64897,-115.40548,female,adult,Tamias,Rodentia,Sciuridae,2316.48,2316.48,Tamias umbrinus
http://arctosdb.org/home/data/; https://creativecommons.org/publicdomain/zero/1.0,United States,Nevada,"Ruby Mountains, Thomas Creek, 0.2 km above mouth",8/19/06,40.64897,-115.40548,female,adult,Tamias,Rodentia,Sciuridae,2316.48,2316.48,Tamias umbrinus
http://arctosdb.org/home/data/; https://creativecommons.org/publicdomain/zero/1.0,United States,Nevada,"Ruby Mountains, Willow Creek, 1.33 km N, 1.05 km E Walker Spring",5/28/07,40.10017,-115.65977,female,,Tamias,Rodentia,Sciuridae,2029.97,2029.97,Tamias umbrinus
http://arctosdb.org/home/data/; https://creativecommons.org/publicdomain/zero/1.0,United States,Nevada,"Ruby Mountains, Willow Creek, 1.33 km N, 1.05 km E Walker Spring",5/28/07,40.10017,-115.65977,female,,Tamias,Rodentia,Sciuridae,2029.97,2029.97,Tamias umbrinus
http://arctosdb.org/home/data/; https://creativecommons.org/publicdomain/zero/1.0,United States,Nevada,"Ruby Mountains, mouth of Thomas Canyon",8/14/06,40.64835,-115.40375,female,adult,Tamias,Rodentia,Sciuridae,2316.48,2316.48,Tamias umbrinus
http://arctosdb.org/home/data/; https://creativecommons.org/publicdomain/zero/1.0,United States,Nevada,"Ruby Mountains, mouth of Thomas Canyon",8/14/06,40.64835,-115.40375,female,adult,Tamias,Rodentia,Sciuridae,2316.48,2316.48,Tamias umbrinus
http://arctosdb.org/home/data/; https://creativecommons.org/publicdomain/zero/1.0,United States,Nevada,"Ruby Mountains, mouth of Thomas Canyon",8/14/06,40.64835,-115.40375,female,adult,Tamias,Rodentia,Sciuridae,2316.48,2316.48,Tamias umbrinus
http://arctosdb.org/home/data/; https://creativecommons.org/publicdomain/zero/1.0,United States,Nevada,"Ruby Mountains, Long Canyon, 4.30 km S, 2.55 km E confluence of Mahogany and Long creeks",7/26/08,40.50945,-115.44865,female,,Tamias,Rodentia,Sciuridae,2810.26,2810.26,Tamias umbrinus
http://arctosdb.org/home/data/; https://creativecommons.org/publicdomain/zero/1.0,United States,Nevada,"Ruby Mountains, Lamoille Canyon, 1.7 km N, 0.25 km W Favre Peak summit",8/19/06,40.60043,-115.37778,female,adult,Tamias,Rodentia,Sciuridae,2727.96,2727.96,Tamias umbrinus
http://arctosdb.org/home/data/; https://creativecommons.org/publicdomain/zero/1.0,United States,Nevada,"Ruby Mountains, Lamoille Canyon, 1.7 km N, 0.25 km W Favre Peak summit",8/19/06,40.60043,-115.37778,female,adult,Tamias,Rodentia,Sciuridae,2727.96,2727.96,Tamias umbrinus
http://arctosdb.org/home/data/; https://creativecommons.org/publicdomain/zero/1.0,United States,Nevada,"Ruby Mountains, 3.0 km N, 3.1 km W confluence of right and main forks of Lamoille Creek",7/24/07,40.68909,-115.47606,male,,Tamias,Rodentia,Sciuridae,1921.15,1921.15,Tamias umbrinus
http://arctosdb.org/home/data/; https://creativecommons.org/publicdomain/zero/1.0,United States,Nevada,"Ruby Mountains, 2.9 km N, 2.6 km W confluence of right and main forks of Lamoille Creek",8/5/07,40.68811,-115.47072,male,,Tamias,Rodentia,Sciuridae,2014.42,2014.42,Tamias umbrinus
http://arctosdb.org/home/data/; https://creativecommons.org/publicdomain/zero/1.0,United States,Nevada,"Ruby Mountains, mouth of Thomas Canyon",8/15/06,40.64835,-115.40375,female,adult,Tamias,Rodentia,Sciuridae,2316.48,2316.48,Tamias umbrinus
http://arctosdb.org/home/data/; https://creativecommons.org/publicdomain/zero/1.0,United States,Nevada,"Ruby Mountains, mouth of Thomas Canyon",8/17/06,40.64835,-115.40375,male,subadult,Tamias,Rodentia,Sciuridae,2316.48,2316.48,Tamias umbrinus
http://arctosdb.org/home/data/; https://creativecommons.org/publicdomain/zero/1.0,United States,Nevada,"Ruby Mountains, mouth of Thomas Canyon",8/18/06,40.64835,-115.40375,male,adult,Tamias,Rodentia,Sciuridae,2316.48,2316.48,Tamias umbrinus
http://arctosdb.org/home/data/; https://creativecommons.org/publicdomain/zero/1.0,United States,Nevada,"Ruby Mountains, mouth of Thomas Canyon",8/14/06,40.64835,-115.40375,male,adult,Tamias,Rodentia,Sciuridae,2316.48,2316.48,Tamias umbrinus
http://arctosdb.org/home/data/; https://creativecommons.org/publicdomain/zero/1.0,United States,Nevada,"Ruby Mountains, 2.9 km N, 2.6 km W confluence of right and main forks of Lamoille Creek",7/25/07,40.68811,-115.47072,female,,Tamias,Rodentia,Sciuridae,2014.42,2014.42,Tamias umbrinus
http://arctosdb.org/home/data/; https://creativecommons.org/publicdomain/zero/1.0,United States,Nevada,"Ruby Mountains, mouth of Thomas Canyon",8/13/06,40.64835,-115.40375,male,adult,Tamias,Rodentia,Sciuridae,2316.48,2316.48,Tamias umbrinus
http://arctosdb.org/home/data/; https://creativecommons.org/publicdomain/zero/1.0,United States,Nevada,"Ruby Mountains, mouth of Thomas Canyon",8/14/06,40.64835,-115.40375,female,adult,Tamias,Rodentia,Sciuridae,2316.48,2316.48,Tamias umbrinus
http://arctosdb.org/home/data/; https://creativecommons.org/publicdomain/zero/1.0,United States,Nevada,"Ruby Mountains, Dollar Lakes, 0.725 km N, 1.1 km W Favre Peak summit",8/10/07,40.59159,-115.38762,male,,Tamias,Rodentia,Sciuridae,2954.43,2954.43,Tamias umbrinus
http://arctosdb.org/home/data/; https://creativecommons.org/publicdomain/zero/1.0,United States,Nevada,"Ruby Mountains, Long Canyon, 3.90 km S, 3.70 km E confluence of Mahogany and Long creeks",7/27/08,40.5129,-115.43491,female,,Tamias,Rodentia,Sciuridae,2625.55,2625.55,Tamias umbrinus
http://arctosdb.org/home/data/; https://creativecommons.org/publicdomain/zero/1.0,United States,Nevada,"Snake Range, pass 1.5 km S, 0.8 km E summit of Washington Peak, Great Basin National Park",8/15/03,38.9007,-114.29815,female,,Tamias,Rodentia,Sciuridae,3246.12,3246.12,Tamias umbrinus
http://arctosdb.org/home/data/; https://creativecommons.org/publicdomain/zero/1.0,United States,Nevada,"Ruby Mountains, Long Canyon, 4.30 km S, 2.55 km E confluence of Mahogany and Long creeks",7/29/08,40.50945,-115.44865,female,,Tamias,Rodentia,Sciuridae,2810.26,2810.26,Tamias umbrinus
http://arctosdb.org/home/data/; https://creativecommons.org/publicdomain/zero/1.0,United States,Nevada,"Ruby Mountains, Favre Lake",7/20/07,40.5726,-115.40058,female,,Tamias,Rodentia,Sciuridae,2923.03,2923.03,Tamias umbrinus
http://arctosdb.org/home/data/; https://creativecommons.org/publicdomain/zero/1.0,United States,Nevada,"Snake Range, pass 1.5 km S, 0.8 km E summit of Washington Peak, Great Basin National Park",8/14/03,38.9007,-114.29815,female,,Tamias,Rodentia,Sciuridae,3232.4,3232.4,Tamias umbrinus
http://arctosdb.org/home/data/; https://creativecommons.org/publicdomain/zero/1.0,United States,Nevada,"Snake Range, ridge near Washington Peak, Great Basin National Park",8/14/03,38.90134,-114.29564,female,,Tamias,Rodentia,Sciuridae,3261.36,3261.36,Tamias umbrinus
http://arctosdb.org/home/data/; https://creativecommons.org/publicdomain/zero/1.0,United States,Nevada,"Snake Range, pass 1.5 km S, 0.8 km E summit of Washington Peak, Great Basin National Park",8/14/03,38.9007,-114.29815,male,,Tamias,Rodentia,Sciuridae,3246.12,3246.12,Tamias umbrinus
http://arctosdb.org/home/data/; https://creativecommons.org/publicdomain/zero/1.0,United States,Nevada,"Ruby Mountains, 0.6  km N, 1.1 km W confluence of Thomas and Lamoille creeks",8/7/07,40.65523,-115.43771,female,,Tamias,Rodentia,Sciuridae,2179.32,2179.32,Tamias umbrinus
http://arctosdb.org/home/data/; https://creativecommons.org/publicdomain/zero/1.0,United States,Nevada,"Ruby Mountains, 0.6  km N, 1.1 km W confluence of Thomas and Lamoille creeks",8/7/07,40.65523,-115.43771,male,,Tamias,Rodentia,Sciuridae,2179.32,2179.32,Tamias umbrinus
http://arctosdb.org/home/data/; https://creativecommons.org/publicdomain/zero/1.0,United States,Nevada,"Ruby Mountains, Thomas Creek, 0.2 km above mouth",8/15/06,40.64897,-115.40548,female,adult,Tamias,Rodentia,Sciuridae,2316.48,2316.48,Tamias umbrinus
http://arctosdb.org/home/data/; https://creativecommons.org/publicdomain/zero/1.0,United States,Nevada,"Ruby Mountains, Thomas Creek, 0.2 km above mouth",8/15/06,40.64897,-115.40548,female,adult,Tamias,Rodentia,Sciuridae,2316.48,2316.48,Tamias umbrinus
http://arctosdb.org/home/data/; https://creativecommons.org/publicdomain/zero/1.0,United States,Nevada,"Ruby Mountains, Favre Lake",7/20/07,40.5726,-115.40058,female,,Tamias,Rodentia,Sciuridae,2923.03,2923.03,Tamias umbrinus
http://arctosdb.org/home/data/; https://creativecommons.org/publicdomain/zero/1.0,United States,Nevada,"Ruby Mountains, Long Canyon, 3.90 km S, 3.70 km E confluence of Mahogany and Long creeks",7/28/08,40.5129,-115.43491,female,,Tamias,Rodentia,Sciuridae,2625.55,2625.55,Tamias umbrinus
http://arctosdb.org/home/data/; https://creativecommons.org/publicdomain/zero/1.0,United States,Nevada,"Ruby Mountains, Dollar Lakes, 0.725 km N, 1.1 km W Favre Peak summit",8/10/07,40.59159,-115.38762,male,,Tamias,Rodentia,Sciuridae,2954.43,2954.43,Tamias umbrinus
http://arctosdb.org/home/data/; https://creativecommons.org/publicdomain/zero/1.0,United States,Nevada,"Ruby Mountains, Dollar Lakes, 0.725 km N, 1.1 km W Favre Peak summit",8/10/07,40.59159,-115.38762,male,,Tamias,Rodentia,Sciuridae,2954.43,2954.43,Tamias umbrinus
http://arctosdb.org/home/data/; https://creativecommons.org/publicdomain/zero/1.0,United States,Nevada,"Ruby Mountains, mouth of Thomas Canyon",8/13/06,40.64835,-115.40375,female,adult,Tamias,Rodentia,Sciuridae,2316.48,2316.48,Tamias umbrinus
http://arctosdb.org/home/data/; https://creativecommons.org/publicdomain/zero/1.0,United States,Nevada,"Ruby Mountains, 2.9 km N, 2.6 km W confluence of right and main forks of Lamoille Creek",7/26/07,40.68811,-115.47072,male,,Tamias,Rodentia,Sciuridae,2014.42,2014.42,Tamias umbrinus
http://arctosdb.org/home/data/; https://creativecommons.org/publicdomain/zero/1.0,United States,Nevada,"Toiyabe Range, Big Creek Canyon, 0.1 km N, 0.25 km E pass between Big Creek and Kingston canyons",7/13/10,39.29416,-117.11591,male,,Tamias,Rodentia,Sciuridae,2560.32,2560.32,Tamias umbrinus
http://arctosdb.org/home/data/; https://creativecommons.org/publicdomain/zero/1.0,United States,Nevada,"Toiyabe Range, Big Creek Canyon, 0.1 km N, 0.25 km E pass between Big Creek and Kingston canyons",7/13/10,39.29416,-117.11591,male,,Tamias,Rodentia,Sciuridae,2560.32,2560.32,Tamias umbrinus
http://arctosdb.org/home/data/; https://creativecommons.org/publicdomain/zero/1.0,United States,Nevada,"Toiyabe Range, Birch Creek, 4.50 km  N, 3.02 km E North Toiyabe Peak",7/13/11,39.40004,-117.03946,female,,Tamias,Rodentia,Sciuridae,2188.16,2188.16,Tamias umbrinus
http://arctosdb.org/home/data/; https://creativecommons.org/publicdomain/zero/1.0,United States,Nevada,"Toiyabe Range, Birch Creek, 4.50 km  N, 3.02 km E North Toiyabe Peak",7/13/11,39.40004,-117.03946,male,,Tamias,Rodentia,Sciuridae,2188.16,2188.16,Tamias umbrinus
http://arctosdb.org/home/data/; https://creativecommons.org/publicdomain/zero/1.0,United States,Nevada,"Ruby Mountains, 0.6  km N, 1.1 km W confluence of Thomas and Lamoille creeks",8/8/07,40.65523,-115.43771,male,,Tamias,Rodentia,Sciuridae,2179.32,2179.32,Tamias umbrinus
http://arctosdb.org/home/data/; https://creativecommons.org/publicdomain/zero/1.0,United States,Nevada,"Ruby Mountains, 0.6  km N, 1.1 km W confluence of Thomas and Lamoille creeks",8/7/07,40.65523,-115.43771,male,,Tamias,Rodentia,Sciuridae,2179.32,2179.32,Tamias umbrinus
http://arctosdb.org/home/data/; https://creativecommons.org/publicdomain/zero/1.0,United States,Nevada,"Ruby Mountains, 0.6  km N, 1.1 km W confluence of Thomas and Lamoille creeks",8/7/07,40.65523,-115.43771,male,,Tamias,Rodentia,Sciuridae,2179.32,2179.32,Tamias umbrinus
http://arctosdb.org/home/data/; https://creativecommons.org/publicdomain/zero/1.0,United States,Nevada,"Toiyabe Range, Birch Creek, 4.50 km  N, 3.02 km E North Toiyabe Peak",7/13/11,39.40004,-117.03946,female,,Tamias,Rodentia,Sciuridae,2188.16,2188.16,Tamias umbrinus
http://arctosdb.org/home/data/; https://creativecommons.org/publicdomain/zero/1.0,United States,Nevada,"Ruby Mountains, 0.6  km N, 1.1 km W confluence of Thomas and Lamoille creeks",8/8/07,40.65523,-115.43771,female,,Tamias,Rodentia,Sciuridae,2179.32,2179.32,Tamias umbrinus
http://arctosdb.org/home/data/; https://creativecommons.org/publicdomain/zero/1.0,United States,Nevada,"Ruby Mountains, Lamoille Canyon, 0.6 km S, 0.3 km E confluence of right and main forks of Lamoille Creek",8/9/07,40.65523,-115.43771,male,,Tamias,Rodentia,Sciuridae,2179.32,2179.32,Tamias umbrinus
http://arctosdb.org/home/data/; https://creativecommons.org/publicdomain/zero/1.0,United States,Nevada,"Toiyabe Range, Big Creek Canyon, 0.1 km N, 0.25 km E pass between Big Creek and Kingston canyons",7/12/10,39.29234,-117.11313,female,,Tamias,Rodentia,Sciuridae,2560.32,2560.32,Tamias umbrinus
http://arctosdb.org/home/data/; https://creativecommons.org/publicdomain/zero/1.0,United States,Nevada,"Toiyabe Range, Big Creek Canyon, 0.1 km N, 0.25 km E pass between Big Creek and Kingston canyons",7/13/10,39.29416,-117.11591,male,,Tamias,Rodentia,Sciuridae,2560.32,2560.32,Tamias umbrinus
http://arctosdb.org/home/data/; https://creativecommons.org/publicdomain/zero/1.0,United States,Nevada,"Toiyabe Range, Big Creek Canyon, 0.1 km N, 0.25 km E pass between Big Creek and Kingston canyons",7/13/10,39.29416,-117.11591,male,,Tamias,Rodentia,Sciuridae,2560.32,2560.32,Tamias umbrinus
http://arctosdb.org/home/data/; https://creativecommons.org/publicdomain/zero/1.0,United States,Nevada,"Toiyabe Range, Big Creek Canyon, 1.6 km due S confluence Cottonwood & Big creeks",6/24/10,39.3103,-117.12136,male,,Tamias,Rodentia,Sciuridae,2331.72,2331.72,Tamias umbrinus
http://arctosdb.org/home/data/; https://creativecommons.org/publicdomain/zero/1.0,United States,Nevada,"Ruby Mountains, Dollar Lakes, 0.85 km N, 0.925 km W Favre Peak summit",8/10/07,40.59248,-115.38567,male,,Tamias,Rodentia,Sciuridae,2934,2934,Tamias umbrinus
http://arctosdb.org/home/data/; https://creativecommons.org/publicdomain/zero/1.0,United States,Nevada,"Toiyabe Range, Big Creek Canyon, 0.1 km N, 0.25 km E pass between Big Creek and Kingston canyons",7/13/10,39.29416,-117.11591,female,,Tamias,Rodentia,Sciuridae,2560.32,2560.32,Tamias umbrinus
http://arctosdb.org/home/data/; https://creativecommons.org/publicdomain/zero/1.0,United States,Nevada,"Toiyabe Range, Big Creek Canyon, 0.1 km N, 0.25 km E pass between Big Creek and Kingston canyons",7/13/10,39.29416,-117.11591,female,,Tamias,Rodentia,Sciuridae,2560.32,2560.32,Tamias umbrinus
http://arctosdb.org/home/data/; https://creativecommons.org/publicdomain/zero/1.0,United States,Nevada,"Toiyabe Range, Birch Creek, 4.50 km  N, 3.02 km E North Toiyabe Peak",7/13/11,39.40004,-117.03946,male,,Tamias,Rodentia,Sciuridae,2188.16,2188.16,Tamias umbrinus
http://arctosdb.org/home/data/; https://creativecommons.org/publicdomain/zero/1.0,United States,Nevada,"Toiyabe Range, Birch Creek, 4.50 km  N, 3.02 km E North Toiyabe Peak",7/13/11,39.40004,-117.03946,female,,Tamias,Rodentia,Sciuridae,2188.16,2188.16,Tamias umbrinus
http://arctosdb.org/home/data/; https://creativecommons.org/publicdomain/zero/1.0,United States,Nevada,"Snake Range, Strawberry Creek Canyon, Great Basin National Park",8/6/08,39.05062,-114.31529,male,,Tamias,Rodentia,Sciuridae,2539.9,2539.9,Tamias umbrinus
http://arctosdb.org/home/data/; https://creativecommons.org/publicdomain/zero/1.0,United States,Nevada,"Toiyabe Range, Big Creek Canyon, 0.1 km N, 0.25 km E pass between Big Creek and Kingston canyons",7/15/10,39.29416,-117.11591,male,,Tamias,Rodentia,Sciuridae,2560.32,2560.32,Tamias umbrinus
http://arctosdb.org/home/data/; https://creativecommons.org/publicdomain/zero/1.0,United States,Nevada,"Toiyabe Range, Big Creek Canyon, 0.1 km N, 0.25 km E pass between Big Creek and Kingston canyons",7/14/10,39.29416,-117.11591,male,,Tamias,Rodentia,Sciuridae,2560.32,2560.32,Tamias umbrinus
http://arctosdb.org/home/data/; https://creativecommons.org/publicdomain/zero/1.0,United States,Nevada,"Toiyabe Range, Big Creek Canyon, 0.1 km N, 0.25 km E pass between Big Creek and Kingston canyons",7/14/10,39.29416,-117.11591,male,,Tamias,Rodentia,Sciuridae,2560.32,2560.32,Tamias umbrinus
http://arctosdb.org/home/data/; https://creativecommons.org/publicdomain/zero/1.0,United States,Nevada,"Ruby Mountains, mouth of Thomas Canyon",8/16/06,40.64835,-115.40375,male,,Tamias,Rodentia,Sciuridae,2316.48,2316.48,Tamias umbrinus
http://arctosdb.org/home/data/; https://creativecommons.org/publicdomain/zero/1.0,United States,Nevada,"Ruby Mountains, Lamoille Canyon, 0.6 km S, 0.3 km E confluence of right and main forks of Lamoille Creek",8/9/07,40.65523,-115.43771,male,,Tamias,Rodentia,Sciuridae,2179.32,2179.32,Tamias umbrinus
http://arctosdb.org/home/data/; https://creativecommons.org/publicdomain/zero/1.0,United States,Nevada,"Toiyabe Range, Big Creek Canyon, 0.1 km N, 0.25 km E pass between Big Creek and Kingston canyons",7/15/10,39.29416,-117.11591,male,,Tamias,Rodentia,Sciuridae,2560.32,2560.32,Tamias umbrinus
http://arctosdb.org/home/data/; https://creativecommons.org/publicdomain/zero/1.0,United States,Nevada,"Ruby Mountains, Willow Creek, 1.23 km N, 1.0 km E Walker Spring",5/26/07,40.09919,-115.65997,male,,Tamias,Rodentia,Sciuridae,2001.01,2001.01,Tamias umbrinus
http://arctosdb.org/home/data/; https://creativecommons.org/publicdomain/zero/1.0,United States,Nevada,"Toquima Range, Pine Creek Canyon",4/22/12,38.79488,-116.85201,male,,Tamias,Rodentia,Sciuridae,2340.86,2340.86,Tamias umbrinus
http://arctosdb.org/home/data/; https://creativecommons.org/publicdomain/zero/1.0,United States,Nevada,"Toquima Range, Pine Creek Canyon",4/23/12,38.79488,-116.85201,male,,Tamias,Rodentia,Sciuridae,2340.86,2340.86,Tamias umbrinus
http://arctosdb.org/home/data/; https://creativecommons.org/publicdomain/zero/1.0,United States,Nevada,"Toquima Range, Pine Creek Canyon",4/23/12,38.79488,-116.85201,male,,Tamias,Rodentia,Sciuridae,2340.86,2340.86,Tamias umbrinus
http://arctosdb.org/home/data/; https://creativecommons.org/publicdomain/zero/1.0,United States,Nevada,"Toiyabe Range, Big Creek Canyon, 1.4 km N, 0.1 km W pass between Big Creek and Kingston canyons",7/12/10,39.30594,-117.12208,female,,Tamias,Rodentia,Sciuridae,2392.68,2392.68,Tamias umbrinus
http://arctosdb.org/home/data/; https://creativecommons.org/publicdomain/zero/1.0,United States,Nevada,"Toquima Range, Pine Creek Canyon",4/22/12,38.79488,-116.85201,male,,Tamias,Rodentia,Sciuridae,2340.86,2340.86,Tamias umbrinus
http://arctosdb.org/home/data/; https://creativecommons.org/publicdomain/zero/1.0,United States,Nevada,"Toiyabe Range, dividing ridge between Big Creek and Kingston canyons",7/12/10,39.29276,-117.11575,female,,Tamias,Rodentia,Sciuridae,2682.24,2682.24,Tamias umbrinus
http://arctosdb.org/home/data/; https://creativecommons.org/publicdomain/zero/1.0,United States,Nevada,"Toiyabe Range, Wisconsin Creek, 4.65 km N, 2.75 km E South Toiyabe Peak",6/14/11,38.96066,-117.27203,male,,Tamias,Rodentia,Sciuridae,2317.09,2317.09,Tamias umbrinus
http://arctosdb.org/home/data/; https://creativecommons.org/publicdomain/zero/1.0,United States,Nevada,"Ruby Mountains, Lamoille Creek, 1.0 km N, 1.25 km W Favre Peak summit",8/11/07,40.59416,-115.38976,female,,Tamias,Rodentia,Sciuridae,2949.24,2949.24,Tamias umbrinus
http://arctosdb.org/home/data/; https://creativecommons.org/publicdomain/zero/1.0,United States,Nevada,"Toiyabe Range, dividing ridge between Big Creek and Kingston canyons",8/9/10,39.29441,-117.1191,female,,Tamias,Rodentia,Sciuridae,2682.24,2682.24,Tamias umbrinus
http://arctosdb.org/home/data/; https://creativecommons.org/publicdomain/zero/1.0,United States,Nevada,"Toiyabe Range, Big Creek Canyon, 0.1 km N, 0.25 km E pass between Big Creek and Kingston canyons",8/9/10,39.29327,-117.11433,female,,Tamias,Rodentia,Sciuridae,2560.32,2560.32,Tamias umbrinus
http://arctosdb.org/home/data/; https://creativecommons.org/publicdomain/zero/1.0,United States,Nevada,"Toiyabe Range, Wisconsin Creek, 4.65 km N, 2.75 km E South Toiyabe Peak",6/14/11,38.96173,-117.27229,male,,Tamias,Rodentia,Sciuridae,2357.63,2357.63,Tamias umbrinus
http://arctosdb.org/home/data/; https://creativecommons.org/publicdomain/zero/1.0,United States,Nevada,"Ruby Mountains, Dollar Lakes, 0.725 km N, 1.1 km W Favre Peak summit",7/14/13,40.59159,-115.38762,female,,Tamias,Rodentia,Sciuridae,2954.43,2954.43,Tamias umbrinus
http://arctosdb.org/home/data/; https://creativecommons.org/publicdomain/zero/1.0,United States,Nevada,"Snake Range, Great Basin National Park, Baker Creek trailhead",7/28/15,38.97783,-114.24201,female,,Tamias,Rodentia,Sciuridae,2434.74,2434.74,Tamias umbrinus
http://arctosdb.org/home/data/; https://creativecommons.org/publicdomain/zero/1.0,United States,Nevada,"Snake Range, Great Basin National Park, Baker Creek trailhead",7/28/15,38.97783,-114.24201,male,,Tamias,Rodentia,Sciuridae,2434.74,2434.74,Tamias umbrinus
http://arctosdb.org/home/data/; https://creativecommons.org/publicdomain/zero/1.0,United States,Nevada,"Snake Range, Great Basin National Park, Baker Creek trailhead",7/28/15,38.97783,-114.24201,male,,Tamias,Rodentia,Sciuridae,2434.74,2434.74,Tamias umbrinus
http://arctosdb.org/home/data/; https://creativecommons.org/publicdomain/zero/1.0,United States,Nevada,"Snake Range, Great Basin National Park, Baker Creek trailhead",7/29/15,38.97783,-114.24201,female,,Tamias,Rodentia,Sciuridae,2434.74,2434.74,Tamias umbrinus
http://arctosdb.org/home/data/; https://creativecommons.org/publicdomain/zero/1.0,United States,Nevada,"Snake Range, Great Basin National Park, Baker Creek Canyon, Gray Cliffs",7/28/15,38.98949,-114.22126,female,,Tamias,Rodentia,Sciuridae,2159.51,2159.51,Tamias umbrinus
http://arctosdb.org/home/data/; https://creativecommons.org/publicdomain/zero/1.0,United States,Nevada,"Ruby Mountains, Lamoille Creek, 1.0 km N, 1.25 km W Favre Peak summit",7/14/13,40.59416,-115.38976,female,,Tamias,Rodentia,Sciuridae,2949.24,2949.24,Tamias umbrinus
http://arctosdb.org/home/data/; https://creativecommons.org/publicdomain/zero/1.0,United States,Nevada,"Ruby Mountains, Lamoille Creek, 1.0 km N, 1.25 km W Favre Peak summit",7/14/13,40.59416,-115.38976,female,,Tamias,Rodentia,Sciuridae,2949.24,2949.24,Tamias umbrinus
http://arctosdb.org/home/data/; https://creativecommons.org/publicdomain/zero/1.0,United States,Nevada,"Ruby Mountains, Lamoille Creek, 1.0 km N, 1.25 km W Favre Peak summit",7/17/13,40.59416,-115.38976,male,,Tamias,Rodentia,Sciuridae,2949.24,2949.24,Tamias umbrinus
http://arctosdb.org/home/data/; https://creativecommons.org/publicdomain/zero/1.0,United States,Nevada,"Ruby Mountains, Thomas Creek, 0.2 km above mouth",7/19/13,40.64897,-115.40548,female,,Tamias,Rodentia,Sciuridae,2316.48,2316.48,Tamias umbrinus
http://arctosdb.org/home/data/; https://creativecommons.org/publicdomain/zero/1.0,United States,Nevada,"Snake Range, Great Basin National Park, Lehman Creek Canyon",7/27/15,39.01108,-114.25896,female,,Tamias,Rodentia,Sciuridae,2425.9,2425.9,Tamias umbrinus
http://arctosdb.org/home/data/; https://creativecommons.org/publicdomain/zero/1.0,United States,Nevada,"Snake Range, Great Basin National Park, Baker Creek Canyon, Gray Cliffs",7/28/15,38.98949,-114.22126,male,,Tamias,Rodentia,Sciuridae,2159.51,2159.51,Tamias umbrinus
http://arctosdb.org/home/data/; https://creativecommons.org/publicdomain/zero/1.0,United States,Nevada,"Snake Range, Great Basin National Park, Lehman Creek Canyon",7/27/15,39.01251,-114.25932,female,,Tamias,Rodentia,Sciuridae,2414.02,2414.02,Tamias umbrinus
http://arctosdb.org/home/data/; https://creativecommons.org/publicdomain/zero/1.0,United States,Nevada,"Snake Range, Great Basin National Park, 2.25 km S, 1.45 km W Lehman Caves visitors center",7/4/15,38.98556,-114.23518,female,,Tamias,Rodentia,Sciuridae,2365.25,2365.25,Tamias umbrinus
http://arctosdb.org/home/data/; https://creativecommons.org/publicdomain/zero/1.0,United States,Nevada,"Ruby Mountains, 3.0 km N, 3.1 km W confluence of right and main forks of Lamoille Creek",6/25/13,40.6912,-115.47614,male,,Tamias,Rodentia,Sciuridae,1606.3,1606.3,Tamias umbrinus
http://arctosdb.org/home/data/; https://creativecommons.org/publicdomain/zero/1.0,United States,Nevada,"Ruby Mountains, Lamoille Canyon, 1.4 km N, 0.4 km W Favre Peak summit",7/12/13,40.59728,-115.37918,male,,Tamias,Rodentia,Sciuridae,2807.82,2807.82,Tamias umbrinus
http://arctosdb.org/home/data/; https://creativecommons.org/publicdomain/zero/1.0,United States,Nevada,"Snake Range, Great Basin Nat'l Park, Wheeler Peak Scenic Drive",7/29/15,39.02705,-114.26614,female,,Tamias,Rodentia,Sciuridae,2618.84,2618.84,Tamias umbrinus
http://arctosdb.org/home/data/; https://creativecommons.org/publicdomain/zero/1.0,United States,Nevada,"Snake Range, Great Basin Nat'l Park, Wheeler Peak Scenic Drive",7/29/15,39.02705,-114.26614,male,,Tamias,Rodentia,Sciuridae,2618.84,2618.84,Tamias umbrinus
http://arctosdb.org/home/data/; https://creativecommons.org/publicdomain/zero/1.0,United States,Nevada,"Snake Range, Great Basin Nat'l Park, Wheeler Peak Scenic Drive",7/29/15,39.03197,-114.26502,male,,Tamias,Rodentia,Sciuridae,2585.92,2585.92,Tamias umbrinus
http://arctosdb.org/home/data/; https://creativecommons.org/publicdomain/zero/1.0,United States,Nevada,"Snake Range, Great Basin Nat'l Park, Wheeler Peak Scenic Drive",7/29/15,39.02705,-114.26614,female,,Tamias,Rodentia,Sciuridae,2618.84,2618.84,Tamias umbrinus
http://arctosdb.org/home/data/; https://creativecommons.org/publicdomain/zero/1.0,United States,Nevada,"Snake Range, Great Basin Nat'l Park, Wheeler Peak Scenic Drive",7/29/15,39.02705,-114.26614,female,,Tamias,Rodentia,Sciuridae,2618.84,2618.84,Tamias umbrinus
http://arctosdb.org/home/data/; https://creativecommons.org/publicdomain/zero/1.0,United States,Nevada,"Snake Range, Great Basin Nat'l Park, Wheeler Peak Scenic Drive",7/29/15,39.02705,-114.26614,female,,Tamias,Rodentia,Sciuridae,2618.84,2618.84,Tamias umbrinus
http://arctosdb.org/home/data/; https://creativecommons.org/publicdomain/zero/1.0,United States,Nevada,"Snake Range, Great Basin National Park, Lehman Creek Canyon",7/27/15,39.01251,-114.25932,female,,Tamias,Rodentia,Sciuridae,2414.02,2414.02,Tamias umbrinus
http://arctosdb.org/home/data/; https://creativecommons.org/publicdomain/zero/1.0,United States,Nevada,"Snake Range, Great Basin National Park, Baker Creek Canyon, Gray Cliffs",7/28/15,38.98949,-114.22126,male,,Tamias,Rodentia,Sciuridae,2159.51,2159.51,Tamias umbrinus
http://arctosdb.org/home/data/; https://creativecommons.org/publicdomain/zero/1.0,United States,Nevada,"Snake Range, Great Basin National Park, Lehman Creek Canyon",7/27/15,39.01108,-114.25896,male,,Tamias,Rodentia,Sciuridae,2425.9,2425.9,Tamias umbrinus
http://arctosdb.org/home/data/; https://creativecommons.org/publicdomain/zero/1.0,United States,Nevada,"Snake Range, Great Basin National Park, 0.40 km S outlet of Stella Lake",8/20/15,39.00217,-114.31868,male,,Tamias,Rodentia,Sciuridae,3211.37,3211.37,Tamias umbrinus
http://arctosdb.org/home/data/; https://creativecommons.org/publicdomain/zero/1.0,United States,Nevada,"Ruby Mountains, 3.0 km N, 3.1 km W confluence of right and main forks of Lamoille Creek",6/25/13,40.6912,-115.47614,female,,Tamias,Rodentia,Sciuridae,1606.3,1606.3,Tamias umbrinus
http://arctosdb.org/home/data/; https://creativecommons.org/publicdomain/zero/1.0,United States,Nevada,"Snake Range, Great Basin National Park, Lehman Creek Canyon",7/25/15,39.01357,-114.2591,male,,Tamias,Rodentia,Sciuridae,2435.35,2435.35,Tamias umbrinus
http://arctosdb.org/home/data/; https://creativecommons.org/publicdomain/zero/1.0,United States,Nevada,"Snake Range, Great Basin National Park, Lehman Creek Canyon",7/25/15,39.01108,-114.25896,female,,Tamias,Rodentia,Sciuridae,2425.9,2425.9,Tamias umbrinus
http://arctosdb.org/home/data/; https://creativecommons.org/publicdomain/zero/1.0,United States,Nevada,"Snake Range, Great Basin National Park, Lehman Creek Canyon",7/25/15,39.01108,-114.25896,male,,Tamias,Rodentia,Sciuridae,2425.9,2425.9,Tamias umbrinus
http://arctosdb.org/home/data/; https://creativecommons.org/publicdomain/zero/1.0,United States,Nevada,"Snake Range, Great Basin National Park, Baker Creek Canyon, Gray Cliffs",7/29/15,38.98949,-114.22126,female,,Tamias,Rodentia,Sciuridae,2159.51,2159.51,Tamias umbrinus
http://arctosdb.org/home/data/; https://creativecommons.org/publicdomain/zero/1.0,United States,Nevada,"Snake Range, Great Basin National Park, Baker Creek Canyon, Gray Cliffs",7/29/15,38.98949,-114.22126,male,,Tamias,Rodentia,Sciuridae,2159.51,2159.51,Tamias umbrinus
http://arctosdb.org/home/data/; https://creativecommons.org/publicdomain/zero/1.0,United States,Nevada,"Snake Range, Great Basin National Park, 0.15 km NE outlet of Stella Lake",8/19/15,39.00673,-114.3168,male,,Tamias,Rodentia,Sciuridae,3162.6,3162.6,Tamias umbrinus
http://arctosdb.org/home/data/; https://creativecommons.org/publicdomain/zero/1.0,United States,Nevada,"Snake Range, Great Basin National Park, 0.45 km S summit of Bald Mountain",8/24/15,39.01598,-114.32269,male,,Tamias,Rodentia,Sciuridae,3397,3397,Tamias umbrinus
http://arctosdb.org/home/data/; https://creativecommons.org/publicdomain/zero/1.0,United States,Nevada,"Snake Range, Great Basin National Park, Baker Creek trailhead",7/29/15,38.97783,-114.24201,male,,Tamias,Rodentia,Sciuridae,2434.74,2434.74,Tamias umbrinus
http://arctosdb.org/home/data/; https://creativecommons.org/publicdomain/zero/1.0,United States,Nevada,"Snake Range, Great Basin National Park, 0.45 km S summit of Bald Mountain",8/24/15,39.01598,-114.32269,male,,Tamias,Rodentia,Sciuridae,3397,3397,Tamias umbrinus
http://arctosdb.org/home/data/; https://creativecommons.org/publicdomain/zero/1.0,United States,Nevada,"Snake Range, Great Basin National Park, Baker Creek trailhead",7/30/15,38.97783,-114.24201,male,,Tamias,Rodentia,Sciuridae,2434.74,2434.74,Tamias umbrinus
http://arctosdb.org/home/data/; https://creativecommons.org/publicdomain/zero/1.0,United States,Nevada,"Snake Range, Great Basin National Park, Baker Creek trailhead",7/30/15,38.97783,-114.24201,female,,Tamias,Rodentia,Sciuridae,2434.74,2434.74,Tamias umbrinus
http://arctosdb.org/home/data/; https://creativecommons.org/publicdomain/zero/1.0,United States,Nevada,"Snake Range, Great Basin National Park, Baker Creek trailhead",7/29/15,38.97783,-114.24201,male,,Tamias,Rodentia,Sciuridae,2434.74,2434.74,Tamias umbrinus
http://arctosdb.org/home/data/; https://creativecommons.org/publicdomain/zero/1.0,United States,Nevada,"Snake Range, Great Basin National Park, Baker Creek trailhead",7/29/15,38.97783,-114.24201,female,,Tamias,Rodentia,Sciuridae,2434.74,2434.74,Tamias umbrinus
http://arctosdb.org/home/data/; https://creativecommons.org/publicdomain/zero/1.0,United States,Nevada,"Ruby Mountains, Lamoille Canyon, 1.7 km S, 0.85 km W Verdi Peak summit",7/10/13,40.62915,-115.36746,female,,Tamias,Rodentia,Sciuridae,2584.7,2584.7,Tamias umbrinus
http://arctosdb.org/home/data/; https://creativecommons.org/publicdomain/zero/1.0,United States,Nevada,"Ruby Mountains, 2.9 km N, 2.6 km W confluence of right and main forks of Lamoille Creek",6/26/13,40.68893,-115.47057,female,,Tamias,Rodentia,Sciuridae,2012.59,2012.59,Tamias umbrinus
http://arctosdb.org/home/data/; https://creativecommons.org/publicdomain/zero/1.0,United States,Nevada,"Ruby Mountains, 0.6 km S, 0.3 km E confluence of right and main forks or Lamoille Creek",6/26/13,40.65495,-115.43705,male,,Tamias,Rodentia,Sciuridae,2188.16,2188.16,Tamias umbrinus
http://arctosdb.org/home/data/; https://creativecommons.org/publicdomain/zero/1.0,United States,Nevada,"Ruby Mountains, 0.6 km S, 0.3 km E confluence of right and main forks or Lamoille Creek",6/26/13,40.65495,-115.43705,female,,Tamias,Rodentia,Sciuridae,2188.16,2188.16,Tamias umbrinus
http://arctosdb.org/home/data/; https://creativecommons.org/publicdomain/zero/1.0,United States,Nevada,"Snake Range, Great Basin National Park, 0.15 km NE outlet of Stella Lake",8/18/15,39.00673,-114.3168,female,,Tamias,Rodentia,Sciuridae,3162.6,3162.6,Tamias umbrinus
http://arctosdb.org/home/data/; https://creativecommons.org/publicdomain/zero/1.0,United States,Nevada,"Snake Range, Great Basin National Park, Wheeler Peak campground, Lehman Creek",8/18/15,39.01025,-114.29868,female,,Tamias,Rodentia,Sciuridae,2997.71,2997.71,Tamias umbrinus
http://arctosdb.org/home/data/; https://creativecommons.org/publicdomain/zero/1.0,United States,Nevada,"Snake Range, Great Basin National Park, Wheeler Peak campground, Lehman Creek",8/18/15,39.01025,-114.29868,male,,Tamias,Rodentia,Sciuridae,2997.71,2997.71,Tamias umbrinus
http://arctosdb.org/home/data/; https://creativecommons.org/publicdomain/zero/1.0,United States,Nevada,"Snake Range, Great Basin National Park, Wheeler Peak campground, Lehman Creek",8/18/15,39.01025,-114.29868,male,,Tamias,Rodentia,Sciuridae,2997.71,2997.71,Tamias umbrinus
http://arctosdb.org/home/data/; https://creativecommons.org/publicdomain/zero/1.0,United States,Nevada,"Snake Range, Great Basin National Park, 0.30 km S, 0.35 km W outlet Stella Lake",8/21/15,39.0034,-114.32253,female,,Tamias,Rodentia,Sciuridae,3344.57,3344.57,Tamias umbrinus
http://arctosdb.org/home/data/; https://creativecommons.org/publicdomain/zero/1.0,United States,Nevada,"Snake Range, Great Basin National Park, Lehman Creek Canyon",7/26/15,39.01251,-114.25932,male,,Tamias,Rodentia,Sciuridae,2414.02,2414.02,Tamias umbrinus
http://arctosdb.org/home/data/; https://creativecommons.org/publicdomain/zero/1.0,United States,Nevada,"Snake Range, Great Basin National Park, Baker Creek trailhead",7/1/15,38.97694,-114.24701,female,,Tamias,Rodentia,Sciuridae,2474.37,2474.37,Tamias umbrinus
http://arctosdb.org/home/data/; https://creativecommons.org/publicdomain/zero/1.0,United States,Nevada,"Snake Range, Great Basin National Park, Baker Creek trailhead",7/2/15,38.97694,-114.24701,female,,Tamias,Rodentia,Sciuridae,2474.37,2474.37,Tamias umbrinus
http://arctosdb.org/home/data/; https://creativecommons.org/publicdomain/zero/1.0,United States,Nevada,"Snake Range, Great Basin National Park, Baker Creek trailhead",7/31/15,38.97783,-114.24201,male,,Tamias,Rodentia,Sciuridae,2434.74,2434.74,Tamias umbrinus
http://arctosdb.org/home/data/; https://creativecommons.org/publicdomain/zero/1.0,United States,Nevada,"Snake Range, Great Basin National Park, Wheeler Peak campground, Lehman Creek",8/18/15,39.01025,-114.29868,male,,Tamias,Rodentia,Sciuridae,2997.71,2997.71,Tamias umbrinus
http://arctosdb.org/home/data/; https://creativecommons.org/publicdomain/zero/1.0,United States,Nevada,"Snake Range, Great Basin National Park, 0.15 km NE outlet of Stella Lake",8/18/15,39.00673,-114.3168,female,,Tamias,Rodentia,Sciuridae,3162.6,3162.6,Tamias umbrinus
http://arctosdb.org/home/data/; https://creativecommons.org/publicdomain/zero/1.0,United States,Nevada,"Snake Range, Great Basin National Park, 0.15 km NE outlet of Stella Lake",8/18/15,39.00673,-114.3168,female,,Tamias,Rodentia,Sciuridae,3162.6,3162.6,Tamias umbrinus
http://arctosdb.org/home/data/; https://creativecommons.org/publicdomain/zero/1.0,United States,Nevada,"Snake Range, Great Basin National Park, 0.15 km NE outlet of Stella Lake",8/18/15,39.00673,-114.3168,female,,Tamias,Rodentia,Sciuridae,3162.6,3162.6,Tamias umbrinus
http://arctosdb.org/home/data/; https://creativecommons.org/publicdomain/zero/1.0,United States,Nevada,"Snake Range, Great Basin National Park, Baker Creek trailhead",7/2/15,38.97601,-114.24632,female,,Tamias,Rodentia,Sciuridae,2451.81,2451.81,Tamias umbrinus
http://arctosdb.org/home/data/; https://creativecommons.org/publicdomain/zero/1.0,United States,Nevada,"Snake Range, Great Basin National Park, Baker Creek trailhead",6/30/15,38.97648,-114.24684,female,,Tamias,Rodentia,Sciuridae,2453.34,2453.34,Tamias umbrinus
http://arctosdb.org/home/data/; https://creativecommons.org/publicdomain/zero/1.0,United States,Nevada,"Snake Range, Great Basin National Park, Baker Creek trailhead",6/30/15,38.97694,-114.24701,female,,Tamias,Rodentia,Sciuridae,2474.37,2474.37,Tamias umbrinus
http://arctosdb.org/home/data/; https://creativecommons.org/publicdomain/zero/1.0,United States,Nevada,"Snake Range, Great Basin National Park, 0.60 km S, 0.30 km E summit of Bald Mountain",8/25/15,39.01449,-114.31933,male,,Tamias,Rodentia,Sciuridae,3288.18,3288.18,Tamias umbrinus
http://arctosdb.org/home/data/; https://creativecommons.org/publicdomain/zero/1.0,United States,Nevada,"Snake Range, Great Basin National Park, 0.45 km S summit of Bald Mountain",8/25/15,39.01598,-114.32269,female,,Tamias,Rodentia,Sciuridae,3397,3397,Tamias umbrinus
http://arctosdb.org/home/data/; https://creativecommons.org/publicdomain/zero/1.0,United States,Nevada,"Snake Range, Great Basin National Park, 0.35 km S, 0.25 km W confluence of main and south forks of Baker Creek",8/15/15,38.97221,-114.25002,female,,Tamias,Rodentia,Sciuridae,2530.14,2530.14,Tamias umbrinus
http://arctosdb.org/home/data/; https://creativecommons.org/publicdomain/zero/1.0,United States,Nevada,"Snake Range, Great Basin National Park, 0.35 km S, 0.25 km W confluence of main and south forks of Baker Creek",8/16/15,38.97221,-114.25002,female,,Tamias,Rodentia,Sciuridae,2530.14,2530.14,Tamias umbrinus
http://arctosdb.org/home/data/; https://creativecommons.org/publicdomain/zero/1.0,United States,Nevada,"Snake Range, Great Basin Nat'l Park, Wheeler Peak Scenic Drive",7/29/15,39.02705,-114.26614,female,,Tamias,Rodentia,Sciuridae,2618.84,2618.84,Tamias umbrinus
http://arctosdb.org/home/data/; https://creativecommons.org/publicdomain/zero/1.0,United States,Nevada,"Snake Range, Great Basin Nat'l Park, Wheeler Peak Scenic Drive",7/31/15,39.02705,-114.26614,female,,Tamias,Rodentia,Sciuridae,2618.84,2618.84,Tamias umbrinus
http://arctosdb.org/home/data/; https://creativecommons.org/publicdomain/zero/1.0,United States,Nevada,"Snake Range, Great Basin Nat'l Park, Wheeler Peak Scenic Drive",7/29/15,39.03197,-114.26502,male,,Tamias,Rodentia,Sciuridae,2585.92,2585.92,Tamias umbrinus
http://arctosdb.org/home/data/; https://creativecommons.org/publicdomain/zero/1.0,United States,Nevada,"Snake Range, Great Basin Nat'l Park, Wheeler Peak Scenic Drive",8/1/15,39.02705,-114.26614,female,,Tamias,Rodentia,Sciuridae,2618.84,2618.84,Tamias umbrinus
http://arctosdb.org/home/data/; https://creativecommons.org/publicdomain/zero/1.0,United States,Nevada,"Snake Range, Great Basin National Park, Wheeler Peak campground, Lehman Creek",8/18/15,39.01025,-114.29868,female,,Tamias,Rodentia,Sciuridae,2997.71,2997.71,Tamias umbrinus
http://arctosdb.org/home/data/; https://creativecommons.org/publicdomain/zero/1.0,United States,Nevada,"Snake Range, Great Basin National Park, Wheeler Peak campground, Lehman Creek",8/18/15,39.01025,-114.29868,female,,Tamias,Rodentia,Sciuridae,2997.71,2997.71,Tamias umbrinus
http://arctosdb.org/home/data/; https://creativecommons.org/publicdomain/zero/1.0,United States,Nevada,"Snake Range, Great Basin National Park, Wheeler Peak campground, Lehman Creek",8/18/15,39.01025,-114.29868,male,,Tamias,Rodentia,Sciuridae,2997.71,2997.71,Tamias umbrinus
http://arctosdb.org/home/data/; https://creativecommons.org/publicdomain/zero/1.0,United States,Nevada,"Snake Range, Great Basin National Park, 0.15 km N outlet of Stella Lake",8/18/15,39.00725,-114.31796,male,,Tamias,Rodentia,Sciuridae,3176.02,3176.02,Tamias umbrinus
http://arctosdb.org/home/data/; https://creativecommons.org/publicdomain/zero/1.0,United States,Nevada,"Snake Range, Great Basin National Park, 0.15 km N outlet of Stella Lake",8/18/15,39.00725,-114.31796,female,,Tamias,Rodentia,Sciuridae,3176.02,3176.02,Tamias umbrinus
http://arctosdb.org/home/data/; https://creativecommons.org/publicdomain/zero/1.0,United States,Nevada,"Snake Range, Great Basin Nat'l Park, Wheeler Peak Scenic Drive",7/29/15,39.02831,-114.26718,female,,Tamias,Rodentia,Sciuridae,2582.88,2582.88,Tamias umbrinus
http://arctosdb.org/home/data/; https://creativecommons.org/publicdomain/zero/1.0,United States,Nevada,"Snake Range, Great Basin National Park, Lehman Creek Canyon",7/25/15,39.01108,-114.25896,male,,Tamias,Rodentia,Sciuridae,2425.9,2425.9,Tamias umbrinus
http://arctosdb.org/home/data/; https://creativecommons.org/publicdomain/zero/1.0,United States,Nevada,"Snake Range, Great Basin National Park, Baker Creek trailhead",7/2/15,38.97694,-114.24701,male,,Tamias,Rodentia,Sciuridae,2474.37,2474.37,Tamias umbrinus
http://arctosdb.org/home/data/; https://creativecommons.org/publicdomain/zero/1.0,United States,Nevada,"Snake Range, Great Basin Nat'l Park, Wheeler Peak Scenic Drive",7/29/15,39.02705,-114.26614,female,,Tamias,Rodentia,Sciuridae,2618.84,2618.84,Tamias umbrinus
http://arctosdb.org/home/data/; https://creativecommons.org/publicdomain/zero/1.0,United States,Nevada,"Snake Range, Great Basin Nat'l Park, Wheeler Peak Scenic Drive",7/30/15,39.02705,-114.26614,male,,Tamias,Rodentia,Sciuridae,2618.84,2618.84,Tamias umbrinus
http://arctosdb.org/home/data/; https://creativecommons.org/publicdomain/zero/1.0,United States,Nevada,"Snake Range, Great Basin Nat'l Park, Wheeler Peak Scenic Drive",7/29/15,39.02831,-114.26718,female,,Tamias,Rodentia,Sciuridae,2582.88,2582.88,Tamias umbrinus
http://arctosdb.org/home/data/; https://creativecommons.org/publicdomain/zero/1.0,United States,Nevada,"Snake Range, Great Basin Nat'l Park, Wheeler Peak Scenic Drive",7/29/15,39.02831,-114.26718,male,,Tamias,Rodentia,Sciuridae,2582.88,2582.88,Tamias umbrinus
http://arctosdb.org/home/data/; https://creativecommons.org/publicdomain/zero/1.0,United States,Nevada,"Snake Range, Great Basin Nat'l Park, Wheeler Peak Scenic Drive",7/30/15,39.02831,-114.26718,male,,Tamias,Rodentia,Sciuridae,2582.88,2582.88,Tamias umbrinus
http://arctosdb.org/home/data/; https://creativecommons.org/publicdomain/zero/1.0,United States,Nevada,"Snake Range, Great Basin National Park, 0.35 km S, 0.25 km W confluence of main and south forks of Baker Creek",8/13/15,38.97221,-114.25002,male,,Tamias,Rodentia,Sciuridae,2530.14,2530.14,Tamias umbrinus
http://arctosdb.org/home/data/; https://creativecommons.org/publicdomain/zero/1.0,United States,Nevada,"Snake Range, Great Basin National Park, 0.10 km N, 0.80 km W confluence of main and south forks of Baker Creek",8/15/15,38.9761,-114.2563,male,,Tamias,Rodentia,Sciuridae,2597.2,2597.2,Tamias umbrinus
http://arctosdb.org/home/data/; https://creativecommons.org/publicdomain/zero/1.0,United States,Nevada,"Snake Range, Great Basin National Park, 0.35 km S, 0.25 km W confluence of main and south forks of Baker Creek",8/15/15,38.97221,-114.25002,female,,Tamias,Rodentia,Sciuridae,2530.14,2530.14,Tamias umbrinus
http://arctosdb.org/home/data/; https://creativecommons.org/publicdomain/zero/1.0,United States,Nevada,"Snake Range, Great Basin National Park, Lehman Creek Canyon",7/25/15,39.01251,-114.25932,male,,Tamias,Rodentia,Sciuridae,2414.02,2414.02,Tamias umbrinus
http://arctosdb.org/home/data/; https://creativecommons.org/publicdomain/zero/1.0,United States,Nevada,"Snake Range, Great Basin National Park, Lehman Creek Canyon",7/25/15,39.01251,-114.25932,female,,Tamias,Rodentia,Sciuridae,2414.02,2414.02,Tamias umbrinus
http://arctosdb.org/home/data/; https://creativecommons.org/publicdomain/zero/1.0,United States,Nevada,"Snake Range, Great Basin National Park, 0.10 km N, 0.80 km W confluence of main and south forks of Baker Creek",8/13/15,38.9761,-114.2563,male,,Tamias,Rodentia,Sciuridae,2597.2,2597.2,Tamias umbrinus
http://arctosdb.org/home/data/; https://creativecommons.org/publicdomain/zero/1.0,United States,Nevada,"Snake Range, Great Basin National Park, Lehman Creek Canyon",7/25/15,39.01108,-114.25896,male,,Tamias,Rodentia,Sciuridae,2425.9,2425.9,Tamias umbrinus
http://arctosdb.org/home/data/; https://creativecommons.org/publicdomain/zero/1.0,United States,Nevada,"Snake Range, Great Basin National Park, 0.15 km NE outlet of Stella Lake",8/18/15,39.00673,-114.3168,female,,Tamias,Rodentia,Sciuridae,3162.6,3162.6,Tamias umbrinus
http://arctosdb.org/home/data/; https://creativecommons.org/publicdomain/zero/1.0,United States,Nevada,"Snake Range, Great Basin National Park, 0.15 km NE outlet of Stella Lake",8/18/15,39.00673,-114.3168,male,,Tamias,Rodentia,Sciuridae,3162.6,3162.6,Tamias umbrinus
http://arctosdb.org/home/data/; https://creativecommons.org/publicdomain/zero/1.0,United States,Nevada,"Snake Range, Great Basin National Park, 0.15 km NE outlet of Stella Lake",8/18/15,39.00673,-114.3168,male,,Tamias,Rodentia,Sciuridae,3162.6,3162.6,Tamias umbrinus
http://arctosdb.org/home/data/; https://creativecommons.org/publicdomain/zero/1.0,United States,Nevada,"Snake Range, Great Basin National Park, 0.15 km NE outlet of Stella Lake",8/18/15,39.00673,-114.3168,male,,Tamias,Rodentia,Sciuridae,3162.6,3162.6,Tamias umbrinus
http://arctosdb.org/home/data/; https://creativecommons.org/publicdomain/zero/1.0,United States,Nevada,"Snake Range, Great Basin National Park, 0.40 km S outlet of Stella Lake",8/18/15,39.00217,-114.31868,female,,Tamias,Rodentia,Sciuridae,3211.37,3211.37,Tamias umbrinus
http://arctosdb.org/home/data/; https://creativecommons.org/publicdomain/zero/1.0,United States,Nevada,"Snake Range, Great Basin National Park, 0.15 km N outlet of Stella Lake",8/18/15,39.00725,-114.31796,male,,Tamias,Rodentia,Sciuridae,3176.02,3176.02,Tamias umbrinus
http://arctosdb.org/home/data/; https://creativecommons.org/publicdomain/zero/1.0,United States,Nevada,"Snake Range, Great Basin National Park, 0.50 km N, 0.05 km E outlet of Stella Lake",8/24/15,39.01051,-114.31777,female,,Tamias,Rodentia,Sciuridae,3200.4,3200.4,Tamias umbrinus
http://arctosdb.org/home/data/; https://creativecommons.org/publicdomain/zero/1.0,United States,Nevada,"Snake Range, Great Basin National Park, Wheeler Peak campground",8/19/15,39.01101,-114.30127,female,,Tamias,Rodentia,Sciuridae,2997.71,2997.71,Tamias umbrinus
http://arctosdb.org/home/data/; https://creativecommons.org/publicdomain/zero/1.0,United States,Nevada,"Snake Range, Great Basin National Park, Wheeler Peak campground",8/19/15,39.01101,-114.30127,male,,Tamias,Rodentia,Sciuridae,2997.71,2997.71,Tamias umbrinus
http://arctosdb.org/home/data/; https://creativecommons.org/publicdomain/zero/1.0,United States,Nevada,"Snake Range, Great Basin Nat'l Park, Wheeler Peak Scenic Drive",7/29/15,39.02705,-114.26614,female,,Tamias,Rodentia,Sciuridae,2618.84,2618.84,Tamias umbrinus
http://arctosdb.org/home/data/; https://creativecommons.org/publicdomain/zero/1.0,United States,Nevada,"Snake Range, Great Basin National Park, 0.50 km N, 0.05 km E outlet of Stella Lake",8/24/15,39.01051,-114.31777,female,,Tamias,Rodentia,Sciuridae,3200.4,3200.4,Tamias umbrinus
http://arctosdb.org/home/data/; https://creativecommons.org/publicdomain/zero/1.0,United States,Nevada,"Snake Range, Great Basin Nat'l Park, Wheeler Peak Scenic Drive",7/31/15,39.02705,-114.26614,male,,Tamias,Rodentia,Sciuridae,2618.84,2618.84,Tamias umbrinus
http://arctosdb.org/home/data/; https://creativecommons.org/publicdomain/zero/1.0,United States,Nevada,"Snake Range, Great Basin Nat'l Park, Wheeler Peak Scenic Drive",7/30/15,39.02705,-114.26614,female,,Tamias,Rodentia,Sciuridae,2618.84,2618.84,Tamias umbrinus
http://arctosdb.org/home/data/; https://creativecommons.org/publicdomain/zero/1.0,United States,Nevada,"Snake Range, Great Basin Nat'l Park, Wheeler Peak Scenic Drive",7/31/15,39.02705,-114.26614,female,,Tamias,Rodentia,Sciuridae,2618.84,2618.84,Tamias umbrinus
http://arctosdb.org/home/data/; https://creativecommons.org/publicdomain/zero/1.0,United States,Nevada,"Snake Range, Great Basin Nat'l Park, Wheeler Peak Scenic Drive",7/29/15,39.02705,-114.26614,male,,Tamias,Rodentia,Sciuridae,2618.84,2618.84,Tamias umbrinus
http://arctosdb.org/home/data/; https://creativecommons.org/publicdomain/zero/1.0,United States,Nevada,"Snake Range, Great Basin Nat'l Park, Wheeler Peak Scenic Drive",7/29/15,39.02705,-114.26614,male,,Tamias,Rodentia,Sciuridae,2618.84,2618.84,Tamias umbrinus
http://arctosdb.org/home/data/; https://creativecommons.org/publicdomain/zero/1.0,United States,Nevada,"Snake Range, Great Basin Nat'l Park, Wheeler Peak Scenic Drive",7/29/15,39.02831,-114.26718,female,,Tamias,Rodentia,Sciuridae,2582.88,2582.88,Tamias umbrinus
http://arctosdb.org/home/data/; https://creativecommons.org/publicdomain/zero/1.0,United States,Nevada,"Snake Range, Great Basin Nat'l Park, Wheeler Peak Scenic Drive",7/30/15,39.03174,-114.26695,female,,Tamias,Rodentia,Sciuridae,2612.14,2612.14,Tamias umbrinus
http://arctosdb.org/home/data/; https://creativecommons.org/publicdomain/zero/1.0,United States,Nevada,"Snake Range, Great Basin Nat'l Park, Wheeler Peak Scenic Drive",7/29/15,39.03197,-114.26502,female,,Tamias,Rodentia,Sciuridae,2585.92,2585.92,Tamias umbrinus
http://arctosdb.org/home/data/; https://creativecommons.org/publicdomain/zero/1.0,United States,Nevada,"Snake Range, Great Basin Nat'l Park, Wheeler Peak Scenic Drive",7/29/15,39.03197,-114.26502,male,,Tamias,Rodentia,Sciuridae,2585.92,2585.92,Tamias umbrinus
http://arctosdb.org/home/data/; https://creativecommons.org/publicdomain/zero/1.0,United States,Nevada,"Snake Range, Great Basin Nat'l Park, Wheeler Peak Scenic Drive",7/29/15,39.03197,-114.26502,male,,Tamias,Rodentia,Sciuridae,2585.92,2585.92,Tamias umbrinus
http://arctosdb.org/home/data/; https://creativecommons.org/publicdomain/zero/1.0,United States,Nevada,"Snake Range, Great Basin National Park, 0.40 km S outlet of Stella Lake",8/20/15,39.00217,-114.31868,female,,Tamias,Rodentia,Sciuridae,3211.37,3211.37,Tamias umbrinus
http://arctosdb.org/home/data/; https://creativecommons.org/publicdomain/zero/1.0,United States,Nevada,"Snake Range, Great Basin National Park, 0.40 km S outlet of Stella Lake",8/20/15,39.00217,-114.31868,male,,Tamias,Rodentia,Sciuridae,3211.37,3211.37,Tamias umbrinus
http://arctosdb.org/home/data/; https://creativecommons.org/publicdomain/zero/1.0,United States,Nevada,"Snake Range, Great Basin National Park, 0.40 km S outlet of Stella Lake",8/20/15,39.00217,-114.31868,male,,Tamias,Rodentia,Sciuridae,3211.37,3211.37,Tamias umbrinus
http://arctosdb.org/home/data/; https://creativecommons.org/publicdomain/zero/1.0,United States,Nevada,"Snake Range, Great Basin National Park, 0.40 km S outlet of Stella Lake",8/20/15,39.00217,-114.31868,female,,Tamias,Rodentia,Sciuridae,3211.37,3211.37,Tamias umbrinus
http://arctosdb.org/home/data/; https://creativecommons.org/publicdomain/zero/1.0,United States,Nevada,"Snake Range, Great Basin National Park, 0.40 km S outlet of Stella Lake",8/20/15,39.00217,-114.31868,male,,Tamias,Rodentia,Sciuridae,3211.37,3211.37,Tamias umbrinus
http://arctosdb.org/home/data/; https://creativecommons.org/publicdomain/zero/1.0,United States,Nevada,"Snake Range, Great Basin National Park, 0.15 km N outlet of Stella Lake",8/18/15,39.00725,-114.31796,female,,Tamias,Rodentia,Sciuridae,3176.02,3176.02,Tamias umbrinus
http://arctosdb.org/home/data/; https://creativecommons.org/publicdomain/zero/1.0,United States,Nevada,"Snake Range, Great Basin National Park, 0.15 km N outlet of Stella Lake",8/18/15,39.00725,-114.31796,female,,Tamias,Rodentia,Sciuridae,3176.02,3176.02,Tamias umbrinus
http://arctosdb.org/home/data/; https://creativecommons.org/publicdomain/zero/1.0,United States,Nevada,"Snake Range, Great Basin National Park, 0.40 km S outlet of Stella Lake",8/19/15,39.00217,-114.31868,female,,Tamias,Rodentia,Sciuridae,3211.37,3211.37,Tamias umbrinus
http://arctosdb.org/home/data/; https://creativecommons.org/publicdomain/zero/1.0,United States,Nevada,"Snake Range, Great Basin National Park, 0.15 km N outlet of Stella Lake",8/20/15,39.00725,-114.31796,female,,Tamias,Rodentia,Sciuridae,3176.02,3176.02,Tamias umbrinus
http://arctosdb.org/home/data/; https://creativecommons.org/publicdomain/zero/1.0,United States,Nevada,"Snake Range, Great Basin National Park, 0.15 km N outlet of Stella Lake",8/20/15,39.00725,-114.31796,female,,Tamias,Rodentia,Sciuridae,3176.02,3176.02,Tamias umbrinus
http://arctosdb.org/home/data/; https://creativecommons.org/publicdomain/zero/1.0,United States,Nevada,"Snake Range, Great Basin National Park, 0.25 km S, 0.40 km W outlet Stella Lake",8/21/15,39.00383,-114.32315,male,,Tamias,Rodentia,Sciuridae,3334.51,3334.51,Tamias umbrinus
http://arctosdb.org/home/data/; https://creativecommons.org/publicdomain/zero/1.0,United States,Nevada,"Snake Range, Great Basin National Park, 0.15 km NE outlet of Stella Lake",8/20/15,39.00673,-114.3168,female,,Tamias,Rodentia,Sciuridae,3162.6,3162.6,Tamias umbrinus
http://arctosdb.org/home/data/; https://creativecommons.org/publicdomain/zero/1.0,United States,Nevada,"Snake Range, Great Basin National Park, 0.20 km S, 0.50 km W outlet Stella Lake",8/21/15,39.00407,-114.32315,female,,Tamias,Rodentia,Sciuridae,3329.94,3329.94,Tamias umbrinus
http://arctosdb.org/home/data/; https://creativecommons.org/publicdomain/zero/1.0,United States,Nevada,"Snake Range, Great Basin National Park, 0.20 km S, 0.50 km W outlet Stella Lake",8/21/15,39.00407,-114.32315,female,,Tamias,Rodentia,Sciuridae,3329.94,3329.94,Tamias umbrinus
http://arctosdb.org/home/data/; https://creativecommons.org/publicdomain/zero/1.0,United States,Nevada,"Snake Range, Great Basin National Park, 0.20 km S, 0.50 km W outlet Stella Lake",8/21/15,39.00407,-114.32315,male,,Tamias,Rodentia,Sciuridae,3329.94,3329.94,Tamias umbrinus
http://arctosdb.org/home/data/; https://creativecommons.org/publicdomain/zero/1.0,United States,Nevada,"Snake Range, Great Basin National Park, 0.30 km S, 0.35 km W outlet Stella Lake",8/21/15,39.0034,-114.32253,female,,Tamias,Rodentia,Sciuridae,3344.57,3344.57,Tamias umbrinus
http://arctosdb.org/home/data/; https://creativecommons.org/publicdomain/zero/1.0,United States,Nevada,"Snake Range, Great Basin National Park, 0.40 km S outlet of Stella Lake",8/19/15,39.00217,-114.31868,male,,Tamias,Rodentia,Sciuridae,3211.37,3211.37,Tamias umbrinus
http://arctosdb.org/home/data/; https://creativecommons.org/publicdomain/zero/1.0,United States,Nevada,"Snake Range, Great Basin National Park, 0.60 km S, 0.30 km E summit of Bald Mountain",8/22/15,39.01449,-114.31933,female,,Tamias,Rodentia,Sciuridae,3288.18,3288.18,Tamias umbrinus
http://arctosdb.org/home/data/; https://creativecommons.org/publicdomain/zero/1.0,United States,Nevada,"Snake Range, Great Basin National Park, 0.15 km NE outlet of Stella Lake",8/18/15,39.00673,-114.3168,male,,Tamias,Rodentia,Sciuridae,3162.6,3162.6,Tamias umbrinus
http://arctosdb.org/home/data/; https://creativecommons.org/publicdomain/zero/1.0,United States,Nevada,"Snake Range, Great Basin National Park, 0.15 km NE outlet of Stella Lake",8/18/15,39.00673,-114.3168,male,,Tamias,Rodentia,Sciuridae,3162.6,3162.6,Tamias umbrinus
http://arctosdb.org/home/data/; https://creativecommons.org/publicdomain/zero/1.0,United States,Nevada,"Snake Range, Great Basin National Park, 0.15 km NE outlet of Stella Lake",8/20/15,39.00673,-114.3168,female,,Tamias,Rodentia,Sciuridae,3162.6,3162.6,Tamias umbrinus
http://arctosdb.org/home/data/; https://creativecommons.org/publicdomain/zero/1.0,United States,Nevada,"Snake Range, Great Basin National Park, 0.15 km NE outlet of Stella Lake",8/20/15,39.00673,-114.3168,male,,Tamias,Rodentia,Sciuridae,3162.6,3162.6,Tamias umbrinus
http://arctosdb.org/home/data/; https://creativecommons.org/publicdomain/zero/1.0,United States,Nevada,"Snake Range, Great Basin National Park, 0.15 km N outlet of Stella Lake",8/18/15,39.00725,-114.31796,female,,Tamias,Rodentia,Sciuridae,3176.02,3176.02,Tamias umbrinus
http://arctosdb.org/home/data/; https://creativecommons.org/publicdomain/zero/1.0,United States,Nevada,"Snake Range, Great Basin National Park, 0.15 km N outlet of Stella Lake",8/18/15,39.00725,-114.31796,female,,Tamias,Rodentia,Sciuridae,3176.02,3176.02,Tamias umbrinus
http://arctosdb.org/home/data/; https://creativecommons.org/publicdomain/zero/1.0,United States,Nevada,"Snake Range, Great Basin National Park, 0.15 km N outlet of Stella Lake",8/18/15,39.00725,-114.31796,female,,Tamias,Rodentia,Sciuridae,3176.02,3176.02,Tamias umbrinus
http://arctosdb.org/home/data/; https://creativecommons.org/publicdomain/zero/1.0,United States,Nevada,"Snake Range, Great Basin National Park, 0.40 km S outlet of Stella Lake",8/18/15,39.00217,-114.31868,male,,Tamias,Rodentia,Sciuridae,3211.37,3211.37,Tamias umbrinus
http://arctosdb.org/home/data/; https://creativecommons.org/publicdomain/zero/1.0,United States,Nevada,"Snake Range, Great Basin National Park, 0.40 km S outlet of Stella Lake",8/18/15,39.00217,-114.31868,female,,Tamias,Rodentia,Sciuridae,3211.37,3211.37,Tamias umbrinus
http://arctosdb.org/home/data/; https://creativecommons.org/publicdomain/zero/1.0,United States,Nevada,"Snake Range, Great Basin National Park, 0.25 km S, 0.40 km W outlet Stella Lake",8/22/15,39.00383,-114.32315,female,,Tamias,Rodentia,Sciuridae,3334.51,3334.51,Tamias umbrinus
http://arctosdb.org/home/data/; https://creativecommons.org/publicdomain/zero/1.0,United States,Nevada,"Snake Range, Great Basin National Park, 0.25 km S, 0.40 km W outlet Stella Lake",8/23/15,39.00383,-114.32315,male,,Tamias,Rodentia,Sciuridae,3334.51,3334.51,Tamias umbrinus
http://arctosdb.org/home/data/; https://creativecommons.org/publicdomain/zero/1.0,United States,Nevada,"Snake Range, Great Basin National Park, 0.20 km S, 0.50 km W outlet Stella Lake",8/24/15,39.00407,-114.32315,male,,Tamias,Rodentia,Sciuridae,3329.94,3329.94,Tamias umbrinus
http://arctosdb.org/home/data/; https://creativecommons.org/publicdomain/zero/1.0,United States,Nevada,"Snake Range, Great Basin National Park, 0.15 km N outlet of Stella Lake",8/18/15,39.00725,-114.31796,male,,Tamias,Rodentia,Sciuridae,3176.02,3176.02,Tamias umbrinus
http://arctosdb.org/home/data/; https://creativecommons.org/publicdomain/zero/1.0,United States,Nevada,"Snake Range, Great Basin National Park, Wheeler Peak campground, Lehman Creek",8/18/15,39.01025,-114.29868,male,,Tamias,Rodentia,Sciuridae,2997.71,2997.71,Tamias umbrinus
http://arctosdb.org/home/data/; https://creativecommons.org/publicdomain/zero/1.0,United States,Nevada,"Snake Range, Great Basin National Park, 0.45 km S summit of Bald Mountain",8/22/15,39.01598,-114.32269,female,,Tamias,Rodentia,Sciuridae,3397,3397,Tamias umbrinus
http://arctosdb.org/home/data/; https://creativecommons.org/publicdomain/zero/1.0,United States,Nevada,"Snake Range, Great Basin National Park, 0.60 km S, 0.30 km E summit of Bald Mountain",8/24/15,39.01449,-114.31933,female,,Tamias,Rodentia,Sciuridae,3288.18,3288.18,Tamias umbrinus
http://arctosdb.org/home/data/; https://creativecommons.org/publicdomain/zero/1.0,United States,Nevada,"Snake Range, Great Basin National Park, 0.15 km NE outlet of Stella Lake",8/20/15,39.00673,-114.3168,male,,Tamias,Rodentia,Sciuridae,3162.6,3162.6,Tamias umbrinus
http://arctosdb.org/home/data/; https://creativecommons.org/publicdomain/zero/1.0,United States,Nevada,"Snake Range, Great Basin National Park, 0.15 km NE outlet of Stella Lake",8/20/15,39.00673,-114.3168,male,,Tamias,Rodentia,Sciuridae,3162.6,3162.6,Tamias umbrinus
http://arctosdb.org/home/data/; https://creativecommons.org/publicdomain/zero/1.0,United States,Nevada,"Snake Range, Great Basin National Park, 0.45 km S summit of Bald Mountain",8/23/15,39.01598,-114.32269,male,,Tamias,Rodentia,Sciuridae,3397,3397,Tamias umbrinus
http://arctosdb.org/home/data/; https://creativecommons.org/publicdomain/zero/1.0,United States,Nevada,"Snake Range, Great Basin National Park, 0.45 km S summit of Bald Mountain",8/23/15,39.01598,-114.32269,male,,Tamias,Rodentia,Sciuridae,3397,3397,Tamias umbrinus
http://arctosdb.org/home/data/; https://creativecommons.org/publicdomain/zero/1.0,United States,Nevada,"Snake Range, Great Basin National Park, 0.25 km S, 0.40 km W outlet Stella Lake",8/21/15,39.00383,-114.32315,female,,Tamias,Rodentia,Sciuridae,3334.51,3334.51,Tamias umbrinus
http://arctosdb.org/home/data/; https://creativecommons.org/publicdomain/zero/1.0,United States,Nevada,"Snake Range, Great Basin National Park, 0.25 km S, 0.40 km W outlet Stella Lake",8/21/15,39.00383,-114.32315,female,,Tamias,Rodentia,Sciuridae,3334.51,3334.51,Tamias umbrinus
http://arctosdb.org/home/data/; https://creativecommons.org/publicdomain/zero/1.0,United States,Nevada,"Snake Range, Great Basin National Park, Wheeler Peak campground, Lehman Creek",8/18/15,39.01025,-114.29868,female,,Tamias,Rodentia,Sciuridae,2997.71,2997.71,Tamias umbrinus
http://arctosdb.org/home/data/; https://creativecommons.org/publicdomain/zero/1.0,United States,Nevada,"Snake Range, Great Basin National Park, Wheeler Peak campground, Lehman Creek",8/18/15,39.01025,-114.29868,male,,Tamias,Rodentia,Sciuridae,2997.71,2997.71,Tamias umbrinus
http://arctosdb.org/home/data/; https://creativecommons.org/publicdomain/zero/1.0,United States,Nevada,"Snake Range, Great Basin National Park, 0.60 km S, 0.30 km E summit of Bald Mountain",8/22/15,39.01449,-114.31933,female,,Tamias,Rodentia,Sciuridae,3288.18,3288.18,Tamias umbrinus
http://arctosdb.org/home/data/; https://creativecommons.org/publicdomain/zero/1.0,United States,Nevada,"Snake Range, Great Basin National Park, 0.25 km S, 0.40 km W outlet Stella Lake",8/21/15,39.00383,-114.32315,female,,Tamias,Rodentia,Sciuridae,3334.51,3334.51,Tamias umbrinus
http://arctosdb.org/home/data/; https://creativecommons.org/publicdomain/zero/1.0,United States,Nevada,"Snake Range, Great Basin National Park, Wheeler Peak campground, Lehman Creek",8/21/15,39.01168,-114.29943,female,,Tamias,Rodentia,Sciuridae,2994.66,2994.66,Tamias umbrinus
http://arctosdb.org/home/data/; https://creativecommons.org/publicdomain/zero/1.0,United States,Nevada,"Snake Range, Great Basin National Park, 0.15 km NE outlet of Stella Lake",8/18/15,39.00673,-114.3168,female,,Tamias,Rodentia,Sciuridae,3162.6,3162.6,Tamias umbrinus
http://arctosdb.org/home/data/; https://creativecommons.org/publicdomain/zero/1.0,United States,Nevada,"Snake Range, Great Basin National Park, 0.60 km S, 0.30 km E summit of Bald Mountain",8/22/15,39.01449,-114.31933,female,,Tamias,Rodentia,Sciuridae,3288.18,3288.18,Tamias umbrinus
http://arctosdb.org/home/data/; https://creativecommons.org/publicdomain/zero/1.0,United States,Nevada,"Snake Range, Great Basin National Park, 0.60 km S, 0.30 km E summit of Bald Mountain",8/22/15,39.01449,-114.31933,female,,Tamias,Rodentia,Sciuridae,3288.18,3288.18,Tamias umbrinus
http://arctosdb.org/home/data/; https://creativecommons.org/publicdomain/zero/1.0,United States,Nevada,"Snake Range, Great Basin National Park, Wheeler Peak campground, Lehman Creek",8/21/15,39.01168,-114.29943,male,,Tamias,Rodentia,Sciuridae,2994.66,2994.66,Tamias umbrinus
http://arctosdb.org/home/data/; https://creativecommons.org/publicdomain/zero/1.0,United States,Nevada,"Snake Range, Great Basin National Park, Wheeler Peak campground, Lehman Creek",8/19/15,39.01075,-114.29942,male,,Tamias,Rodentia,Sciuridae,2974.85,2974.85,Tamias umbrinus
http://arctosdb.org/home/data/; https://creativecommons.org/publicdomain/zero/1.0,United States,Nevada,"Snake Range, Great Basin National Park, Wheeler Peak campground, Lehman Creek",8/19/15,39.01168,-114.29943,male,,Tamias,Rodentia,Sciuridae,2994.66,2994.66,Tamias umbrinus
http://arctosdb.org/home/data/; https://creativecommons.org/publicdomain/zero/1.0,United States,Nevada,"Snake Range, Great Basin National Park, Wheeler Peak campground, Lehman Creek",8/19/15,39.01168,-114.29943,male,,Tamias,Rodentia,Sciuridae,2994.66,2994.66,Tamias umbrinus
http://arctosdb.org/home/data/; https://creativecommons.org/publicdomain/zero/1.0,United States,Nevada,"Snake Range, Great Basin National Park, Wheeler Peak campground, Lehman Creek",8/18/15,39.01025,-114.29868,male,,Tamias,Rodentia,Sciuridae,2997.71,2997.71,Tamias umbrinus
http://arctosdb.org/home/data/; https://creativecommons.org/publicdomain/zero/1.0,United States,Nevada,"Snake Range, Great Basin National Park, Wheeler Peak campground, Lehman Creek",8/18/15,39.01025,-114.29868,male,,Tamias,Rodentia,Sciuridae,2997.71,2997.71,Tamias umbrinus
http://arctosdb.org/home/data/; https://creativecommons.org/publicdomain/zero/1.0,United States,Nevada,"Snake Range, Great Basin National Park, Wheeler Peak campground, Lehman Creek",8/18/15,39.01025,-114.29868,female,,Tamias,Rodentia,Sciuridae,2997.71,2997.71,Tamias umbrinus
http://arctosdb.org/home/data/; https://creativecommons.org/publicdomain/zero/1.0,United States,Nevada,"Snake Range, Great Basin National Park, Wheeler Peak campground, Lehman Creek",8/18/15,39.01025,-114.29868,female,,Tamias,Rodentia,Sciuridae,2997.71,2997.71,Tamias umbrinus
http://arctosdb.org/home/data/; https://creativecommons.org/publicdomain/zero/1.0,United States,Nevada,"Snake Range, Great Basin National Park, Wheeler Peak campground, Lehman Creek",8/18/15,39.01025,-114.29868,female,,Tamias,Rodentia,Sciuridae,2997.71,2997.71,Tamias umbrinus
http://arctosdb.org/home/data/; https://creativecommons.org/publicdomain/zero/1.0,United States,Nevada,"Snake Range, Great Basin National Park, 0.15 km NE outlet of Stella Lake",8/18/15,39.00673,-114.3168,female,,Tamias,Rodentia,Sciuridae,3162.6,3162.6,Tamias umbrinus
http://arctosdb.org/home/data/; https://creativecommons.org/publicdomain/zero/1.0,United States,Nevada,"Snake Range, Great Basin National Park, 0.60 km S, 0.30 km E summit of Bald Mountain",8/22/15,39.01449,-114.31933,female,,Tamias,Rodentia,Sciuridae,3288.18,3288.18,Tamias umbrinus
http://arctosdb.org/home/data/; https://creativecommons.org/publicdomain/zero/1.0,United States,Nevada,"Snake Range, Great Basin National Park, 0.45 km S summit of Bald Mountain",8/22/15,39.01598,-114.32269,male,,Tamias,Rodentia,Sciuridae,3397,3397,Tamias umbrinus
http://arctosdb.org/home/data/; https://creativecommons.org/publicdomain/zero/1.0,United States,Nevada,"Snake Range, Great Basin National Park, 0.45 km S summit of Bald Mountain",8/22/15,39.01598,-114.32269,male,,Tamias,Rodentia,Sciuridae,3397,3397,Tamias umbrinus
http://arctosdb.org/home/data/; https://creativecommons.org/publicdomain/zero/1.0,United States,Nevada,"Snake Range, Great Basin National Park, 0.45 km S summit of Bald Mountain",8/23/15,39.01598,-114.32269,female,,Tamias,Rodentia,Sciuridae,3397,3397,Tamias umbrinus
http://arctosdb.org/home/data/; https://creativecommons.org/publicdomain/zero/1.0,United States,Nevada,"Snake Range, Great Basin National Park, 0.45 km S summit of Bald Mountain",8/23/15,39.01598,-114.32269,female,,Tamias,Rodentia,Sciuridae,3397,3397,Tamias umbrinus
http://arctosdb.org/home/data/; https://creativecommons.org/publicdomain/zero/1.0,United States,Nevada,"Snake Range, Great Basin National Park, 0.50 km N, 0.05 km E outlet of Stella Lake",8/24/15,39.01051,-114.31777,female,,Tamias,Rodentia,Sciuridae,3200.4,3200.4,Tamias umbrinus
http://arctosdb.org/home/data/; https://creativecommons.org/publicdomain/zero/1.0,United States,Nevada,"Snake Range, Great Basin National Park, Wheeler Peak campground, Lehman Creek",8/19/15,39.01168,-114.29943,male,,Tamias,Rodentia,Sciuridae,2994.66,2994.66,Tamias umbrinus
http://arctosdb.org/home/data/; https://creativecommons.org/publicdomain/zero/1.0,United States,Nevada,"Snake Range, Great Basin National Park, Wheeler Peak campground, Lehman Creek",8/19/15,39.01168,-114.29943,male,,Tamias,Rodentia,Sciuridae,2994.66,2994.66,Tamias umbrinus
http://arctosdb.org/home/data/; https://creativecommons.org/publicdomain/zero/1.0,United States,Nevada,"Snake Range, Great Basin National Park, Wheeler Peak campground, Lehman Creek",8/20/15,39.01168,-114.29943,male,,Tamias,Rodentia,Sciuridae,2994.66,2994.66,Tamias umbrinus
http://arctosdb.org/home/data/; https://creativecommons.org/publicdomain/zero/1.0,United States,Nevada,"Snake Range, Great Basin National Park, 0.45 km S summit of Bald Mountain",8/24/15,39.01598,-114.32269,male,,Tamias,Rodentia,Sciuridae,3397,3397,Tamias umbrinus
http://arctosdb.org/home/data/; https://creativecommons.org/publicdomain/zero/1.0,United States,Nevada,"Snake Range, Great Basin National Park, Wheeler Peak campground, Lehman Creek",8/18/15,39.01025,-114.29868,male,,Tamias,Rodentia,Sciuridae,2997.71,2997.71,Tamias umbrinus
http://arctosdb.org/home/data/; https://creativecommons.org/publicdomain/zero/1.0,United States,Nevada,"Snake Range, Great Basin National Park, 0.15 km N outlet of Stella Lake",8/19/15,39.00725,-114.31796,male,,Tamias,Rodentia,Sciuridae,3176.02,3176.02,Tamias umbrinus
http://arctosdb.org/home/data/; https://creativecommons.org/publicdomain/zero/1.0,United States,Nevada,"Snake Range, Great Basin National Park, 0.15 km NE outlet of Stella Lake",8/18/15,39.00673,-114.3168,female,,Tamias,Rodentia,Sciuridae,3162.6,3162.6,Tamias umbrinus
http://arctosdb.org/home/data/; https://creativecommons.org/publicdomain/zero/1.0,United States,Nevada,"Snake Range, Great Basin National Park, 0.15 km N outlet of Stella Lake",8/18/15,39.00725,-114.31796,female,,Tamias,Rodentia,Sciuridae,3176.02,3176.02,Tamias umbrinus
http://arctosdb.org/home/data/; https://creativecommons.org/publicdomain/zero/1.0,United States,Nevada,"Snake Range, Great Basin National Park, 0.15 km N outlet of Stella Lake",8/18/15,39.00725,-114.31796,female,,Tamias,Rodentia,Sciuridae,3176.02,3176.02,Tamias umbrinus
http://arctosdb.org/home/data/; https://creativecommons.org/publicdomain/zero/1.0,United States,Nevada,"Snake Range, Great Basin National Park, 0.15 km N outlet of Stella Lake",8/18/15,39.00725,-114.31796,female,,Tamias,Rodentia,Sciuridae,3176.02,3176.02,Tamias umbrinus
http://arctosdb.org/home/data/; https://creativecommons.org/publicdomain/zero/1.0,United States,Nevada,"Snake Range, Great Basin National Park, 0.15 km N outlet of Stella Lake",8/19/15,39.00725,-114.31796,male,,Tamias,Rodentia,Sciuridae,3176.02,3176.02,Tamias umbrinus
http://arctosdb.org/home/data/; https://creativecommons.org/publicdomain/zero/1.0,United States,Nevada,"Snake Range, Great Basin National Park, vicinity of Lehman Caves",6/26/15,39.00583,-114.22038,female,,Tamias,Rodentia,Sciuridae,2081.78,2081.78,Tamias umbrinus
http://arctosdb.org/home/data/; https://creativecommons.org/publicdomain/zero/1.0,United States,Nevada,"Snake Range, Great Basin National Park, Snake Creek Canyon, 2.4 km S, 4 km E Pyramid Peak",16-Jun-16,38.92734,-114.25452,female,,Tamias,Rodentia,Sciuridae,8340,8340,Tamias umbrinus
http://arctosdb.org/home/data/; https://creativecommons.org/publicdomain/zero/1.0,United States,Nevada,"Snake Range, Great Basin National Park, Snake Creek Canyon, 2.4 km S, 4 km E Pyramid Peak",17-Jun-16,38.92734,-114.25452,female,,Tamias,Rodentia,Sciuridae,8340,8340,Tamias umbrinus
http://arctosdb.org/home/data/; https://creativecommons.org/publicdomain/zero/1.0,United States,Nevada,"Snake Range, Great Basin National Park, Strawberry Creek, 4.4 km S, 7.2 km E Osceola",20-Jun-16,39.05363,-114.30286,female,,Tamias,Rodentia,Sciuridae,7955,7955,Tamias umbrinus
http://arctosdb.org/home/data/; https://creativecommons.org/publicdomain/zero/1.0,United States,Nevada,"Snake Range, Great Basin National Park, Strawberry Creek, 4.4 km S, 7.2 km E Osceola",21-Jun-16,39.05363,-114.30286,male,,Tamias,Rodentia,Sciuridae,7955,7955,Tamias umbrinus
http://arctosdb.org/home/data/; https://creativecommons.org/publicdomain/zero/1.0,United States,Nevada,"Snake Range, Great Basin National Park, Baker Creek, 1.2 km N Pyramid Peak",24-Aug-16,38.95815,-114.29432,female,,Tamias,Rodentia,Sciuridae,10151,10151,Tamias umbrinus
http://arctosdb.org/home/data/; https://creativecommons.org/publicdomain/zero/1.0,United States,Nevada,"Snake Range, Great Basin National Park, Baker Creek, 1.2 km N Pyramid Peak",25-Aug-16,38.95847,-114.29528,male,,Tamias,Rodentia,Sciuridae,10047,10047,Tamias umbrinus
http://arctosdb.org/home/data/; https://creativecommons.org/publicdomain/zero/1.0,United States,Nevada,"Snake Range, Great Basin National Park, Baker Creek, 1.2 km N Pyramid Peak",26-Aug-16,38.96107,-114.29488,male,,Tamias,Rodentia,Sciuridae,9948,9948,Tamias umbrinus
http://arctosdb.org/home/data/; https://creativecommons.org/publicdomain/zero/1.0,United States,Nevada,"Snake Range, Great Basin National Park, Baker Creek, 1.2 km N Pyramid Peak",26-Aug-16,38.96107,-114.29488,male,,Tamias,Rodentia,Sciuridae,9948,9948,Tamias umbrinus
http://arctosdb.org/home/data/; https://creativecommons.org/publicdomain/zero/1.0,United States,Nevada,"Snake Range, Great Basin National Park, Baker Creek, 1.2 km N Pyramid Peak",26-Aug-16,38.96107,-114.29488,female,,Tamias,Rodentia,Sciuridae,9948,9948,Tamias umbrinus
http://arctosdb.org/home/data/; https://creativecommons.org/licenses/by-nc/3.0,United States,Nevada,Lehman Caves,DY 29 | MO MAY | YR 1941,39.00556,-114.21944,male,subadult,Tamias,Rodentia,Sciuridae,,,Tamias umbrinus
http://arctosdb.org/home/data/; https://creativecommons.org/licenses/by/3.0,United States,Nevada,"S side Summit Mt, N end Monitor Range",10/7/53,38.814099,-116.561738,male,,Neotamias,Rodentia,Sciuridae,,,Neotamias umbrinus
http://arctosdb.org/home/data/; https://creativecommons.org/licenses/by/3.0,United States,Nevada,"200 yd. below Johnson Lake, Snake Range",8/5/59,38.941967,-114.297713,male,,Neotamias,Rodentia,Sciuridae,10800,10800,Neotamias umbrinus
http://arctosdb.org/home/data/; https://creativecommons.org/licenses/by/3.0,United States,Nevada,"Pole Canyon, Mt Washington, Snake Range",13-Aug-59,38.893399,-114.359782,female,,Neotamias,Rodentia,Sciuridae,9500,9500,Neotamias umbrinus
http://arctosdb.org/home/data/; https://creativecommons.org/licenses/by-nc/3.0,United States,Nevada,"Cherry Creek Mountain, McDermid Creek, Corral Canyon",3-Jun-17,40.17499901,-114.855074,female,subadult,Tamias,Rodentia,Sciuridae,2017,2017,Tamias umbrinus
http://arctosdb.org/home/data/; https://creativecommons.org/licenses/by-nc/3.0,United States,Nevada,"Cherry Creek Mountain, McDermid Creek, Corral Canyon",3-Jun-17,40.18243804,-114.820635,female,subadult,Tamias,Rodentia,Sciuridae,1943,1943,Tamias umbrinus
http://arctosdb.org/home/data/; https://creativecommons.org/licenses/by/3.0,United States,Nevada,"Mt Washington in Pole Canyon, Snake Range",13-Aug-59,38.893399,-114.359782,female,,Tamias,Rodentia,Sciuridae,11000,11000,Tamias umbrinus
http://arctosdb.org/home/data/; https://creativecommons.org/licenses/by/3.0,United States,Nevada,"Pole Canyon below Washington Peak, Snake Range",13-Aug-59,38.893399,-114.359782,male,,Tamias,Rodentia,Sciuridae,8600,8600,Tamias umbrinus
http://arctosdb.org/home/data/; https://creativecommons.org/licenses/by/3.0,United States,Nevada,"Snake Creek, 3 mi below Johnson Lake, Snake Range",7-Aug-59,38.938239,-114.26954,male,,Tamias,Rodentia,Sciuridae,8400,8400,Tamias umbrinus
http://arctosdb.org/home/data/; https://creativecommons.org/licenses/by/3.0,United States,Nevada,Snake Creek,8-Aug-59,38.929985,-114.048565,male,,Tamias,Rodentia,Sciuridae,8400,8400,Tamias umbrinus
http://arctosdb.org/home/data/; https://creativecommons.org/licenses/by/3.0,United States,Nevada,"Johnson Lake, Snake Range",5-Aug-59,38.943613,-114.297713,female,,Tamias,Rodentia,Sciuridae,10800,10800,Tamias umbrinus
http://arctosdb.org/home/data/; https://creativecommons.org/licenses/by/3.0,United States,Nevada,"Below Johnson Lake, along Snake Creek, Snake Range",6-Aug-59,38.939216,-114.270862,male,,Tamias,Rodentia,Sciuridae,8400,8400,Tamias umbrinus
http://arctosdb.org/home/data/; https://creativecommons.org/licenses/by/3.0,United States,Nevada,"Stump Creek, 2 mi N and 8 mi W of Haystack Ranch",6/25/81,41.367157,-115.9501,female,,Neotamias,Rodentia,Sciuridae,7050,7050,Neotamias umbrinus
http://arctosdb.org/home/data/; https://creativecommons.org/licenses/by/3.0,United States,Nevada,"Mt. Irish, 9 mi. WNW Hiko",7/15/02,37.646746,-115.376356,female,,Tamias,Rodentia,Sciuridae,7200,7200,Tamias umbrinus
http://arctosdb.org/home/data/; https://creativecommons.org/licenses/by/3.0,United States,Nevada,"Cottonwood Creek, Monitor Range",7/8/00,38.744988,-117.705664,female,,Tamias,Rodentia,Sciuridae,7900,7900,Tamias umbrinus
http://arctosdb.org/home/data/; https://creativecommons.org/licenses/by/3.0,United States,Nevada,"Cottonwood Creek, Monitor Range",7/9/00,38.744988,-117.705664,male,,Tamias,Rodentia,Sciuridae,7900,7900,Tamias umbrinus
http://arctosdb.org/home/data/; https://creativecommons.org/licenses/by/3.0,United States,Nevada,"Cottonwood Creek, Monitor Range",7/9/00,38.744988,-117.705664,male,,Tamias,Rodentia,Sciuridae,7900,7900,Tamias umbrinus
http://arctosdb.org/home/data/; https://creativecommons.org/licenses/by/3.0,United States,Nevada,"Cottonwood Creek, Monitor Range",7/9/00,38.744988,-117.705664,female,,Tamias,Rodentia,Sciuridae,7900,7900,Tamias umbrinus
http://arctosdb.org/home/data/; https://creativecommons.org/licenses/by/3.0,United States,Nevada,"2 mi. N Wildcat Peak, Toquima Range",7/7/00,39.043922,-116.832859,female,,Tamias,Rodentia,Sciuridae,9300,9300,Tamias umbrinus
http://arctosdb.org/home/data/; https://creativecommons.org/licenses/by/3.0,United States,Nevada,Lampille Canyon,9/3/00,40.691594,-115.474225,female,,Tamias,Rodentia,Sciuridae,8616,8616,Tamias umbrinus
http://arctosdb.org/home/data/; https://creativecommons.org/licenses/by/3.0,United States,Nevada,"East Humboldt Range, Angel Lake",6/21/01,41.026438,-115.087029,female,,Tamias,Rodentia,Sciuridae,8500,8500,Tamias umbrinus
http://arctosdb.org/home/data/; https://creativecommons.org/licenses/by/3.0,United States,Nevada,"East Humboldt Range, Angel Lake",6/21/01,41.026438,-115.087029,male,,Tamias,Rodentia,Sciuridae,8500,8500,Tamias umbrinus
http://arctosdb.org/home/data/; https://creativecommons.org/licenses/by-nc/3.0,United States,Nevada,"Pine Creek Canyon, 38.79616 N, 116.85276 W, 2358 m, Toquima Range",23-Apr-12,38.79616,-116.85276,female,,Neotamias,Rodentia,Sciuridae,2358,2358,Neotamias umbrinus
http://arctosdb.org/home/data/; https://creativecommons.org/licenses/by-nc/3.0,United States,Nevada,"1.70 km N, 0.25 km W summit Farve Peak, 40.60043 N, 115.37778 W, 2728 m, Lamoille Canyon",9-Jul-13,40.60043,-115.37778,female,,Neotamias,Rodentia,Sciuridae,2728,2728,Neotamias umbrinus
http://arctosdb.org/home/data/; https://creativecommons.org/licenses/by-nc/3.0,United States,Nevada,"1.70 km N, 0.25 km W summit Farve Peak, 40.60043 N, 115.37778 W, 2728 m, Lamoille Canyon",9-Jul-13,40.60043,-115.37778,male,,Neotamias,Rodentia,Sciuridae,2728,2728,Neotamias umbrinus
http://arctosdb.org/home/data/; https://creativecommons.org/licenses/by-nc/3.0,United States,Nevada,"1.70 km N, 0.25 km W summit Farve Peak, 40.60043 N, 115.37778 W, 2728 m, Lamoille Canyon",9-Jul-13,40.60043,-115.37778,male,,Neotamias,Rodentia,Sciuridae,2728,2728,Neotamias umbrinus
http://arctosdb.org/home/data/; https://creativecommons.org/licenses/by-nc/3.0,United States,Nevada,"1.70 km N, 0.25 km W summit Farve Peak, 40.60043 N, 115.37778 W, 2728 m, Lamoille Canyon",10-Jul-13,40.60043,-115.37778,female,,Neotamias,Rodentia,Sciuridae,2728,2728,Neotamias umbrinus
http://arctosdb.org/home/data/; https://creativecommons.org/licenses/by-nc/3.0,United States,Nevada,"1.70 km N, 0.25 km W summit Farve Peak, 40.60043 N, 115.37778 W, 2728 m, Lamoille Canyon",10-Jul-13,40.60043,-115.37778,female,,Neotamias,Rodentia,Sciuridae,2728,2728,Neotamias umbrinus
http://arctosdb.org/home/data/; https://creativecommons.org/licenses/by-nc/3.0,United States,Nevada,"1.70 km N, 0.25 km W summit Farve Peak, 40.60043 N, 115.37778 W, 2728 m, Lamoille Canyon",10-Jul-13,40.60043,-115.37778,female,,Neotamias,Rodentia,Sciuridae,2728,2728,Neotamias umbrinus
http://arctosdb.org/home/data/; https://creativecommons.org/licenses/by-nc/3.0,United States,Nevada,"1.70 km N, 0.25 km W summit Farve Peak, 40.60043 N, 115.37778 W, 2728 m, Lamoille Canyon",10-Jul-13,40.60043,-115.37778,male,,Neotamias,Rodentia,Sciuridae,2728,2728,Neotamias umbrinus
http://arctosdb.org/home/data/; https://creativecommons.org/licenses/by-nc/3.0,United States,Nevada,"1.70 km N, 0.25 km W summit Farve Peak, 40.60043 N, 115.37778 W, 2728 m, Lamoille Canyon",12-Jul-13,40.60043,-115.37778,female,,Neotamias,Rodentia,Sciuridae,2728,2728,Neotamias umbrinus
http://arctosdb.org/home/data/; https://creativecommons.org/licenses/by-nc/3.0,United States,Nevada,"1.70 km N, 0.25 km W summit Farve Peak, 40.60043 N, 115.37778 W, 2728 m, Lamoille Canyon",12-Jul-13,40.60043,-115.37778,male,,Neotamias,Rodentia,Sciuridae,2728,2728,Neotamias umbrinus
http://arctosdb.org/home/data/; https://creativecommons.org/licenses/by-nc/3.0,United States,Nevada,"0.2 km S, 11.0 km W Baker, 39 0' 47.8"" km N, 114 15' 01.3"" W 2335 m",6-Jul-15,39.013278,-114.250361,male,,Neotamias,Rodentia,Sciuridae,2335,2335,Neotamias umbrinus
http://arctosdb.org/home/data/; https://creativecommons.org/licenses/by-nc/3.0,United States,Nevada,"0.2 km S, 11.0 km W Baker, 39 0' 47.8"" km N, 114 15' 01.3"" W 2335 m",6-Jul-15,39.013278,-114.250361,male,,Neotamias,Rodentia,Sciuridae,2335,2335,Neotamias umbrinus
http://arctosdb.org/home/data/; https://creativecommons.org/licenses/by-nc/3.0,United States,Nevada,"1.1 km E, 3.1 km N Wheeler Peak, 39 0' 38.5"" N, 114 18' 04.1"" W, 3000 m",21-Aug-15,39.010694,-114.301139,female,,Neotamias,Rodentia,Sciuridae,3000,3000,Neotamias umbrinus
http://arctosdb.org/home/data/; https://creativecommons.org/licenses/by-nc/3.0,United States,Nevada,"1.1 km E, 3.1 km N Wheeler Peak, 39 0' 38.5"" N, 114 18' 04.1"" W, 3000 m",23-Aug-15,39.010694,-114.301139,female,,Neotamias,Rodentia,Sciuridae,3000,3000,Neotamias umbrinus
http://arctosdb.org/home/data/; https://creativecommons.org/licenses/by/3.0,United States,Nevada,"Along Snake Creek, 3 mi below Johnson Lake",7-Aug-59,38.938239,-114.26954,,,Neotamias,Rodentia,Sciuridae,,,Neotamias umbrinus
http://arctosdb.org/home/data/; https://creativecommons.org/publicdomain/zero/1.0,United States,Nevada,"Desatoya Mtns, Milkhouse Creek Canyon",23-Jun-21,39.35043298,-117.704011,male,adult,Tamias,Rodentia,Sciuridae,2202.587158,2202.587158,Tamias umbrinus
http://arctosdb.org/home/data/; https://creativecommons.org/publicdomain/zero/1.0,United States,Nevada,"Desatoya Mtns, Milkhouse Creek Canyon",23-Jun-21,39.35042099,-117.704032,female,,Tamias,Rodentia,Sciuridae,2206.170654,2206.170654,Tamias umbrinus
http://arctosdb.org/home/data/; https://creativecommons.org/publicdomain/zero/1.0,United States,Nevada,"Hidden Forest, Sheep Mountains",6/24/45,,,female,,Tamias,Rodentia,Sciuridae,,,Tamias umbrinus
http://arctosdb.org/home/data/; https://creativecommons.org/publicdomain/zero/1.0,United States,Nevada,"Hidden Forest, Sheep Mountains",7/21/45,,,female,,Tamias,Rodentia,Sciuridae,,,Tamias umbrinus
http://arctosdb.org/home/data/; https://creativecommons.org/publicdomain/zero/1.0,United States,Nevada,"Spring Mountains, Hidden Forest",8/16/45,,,female,,Tamias,Rodentia,Sciuridae,,,Tamias umbrinus
http://arctosdb.org/home/data/; https://creativecommons.org/publicdomain/zero/1.0,United States,Nevada,"Hidden Forest, Sheep Mountains",8/16/46,,,female,,Tamias,Rodentia,Sciuridae,,,Tamias umbrinus
http://arctosdb.org/home/data/; https://creativecommons.org/publicdomain/zero/1.0,United States,Nevada,"Hidden Forest, Sheep Mountains",8/16/47,,,male,,Tamias,Rodentia,Sciuridae,,,Tamias umbrinus
http://arctosdb.org/home/data/; https://creativecommons.org/publicdomain/zero/1.0,United States,Nevada,"Hidden Forest, Sheep Mountains",8/17/45,,,female,,Tamias,Rodentia,Sciuridae,,,Tamias umbrinus
http://arctosdb.org/home/data/; https://creativecommons.org/licenses/by-nc/3.0,United States,Nevada,No specific locality recorded.,10-Jul-81,,,male,subadult,Tamias,Rodentia,Sciuridae,,,Tamias umbrinus
http://arctosdb.org/home/data/; https://creativecommons.org/licenses/by/3.0,United States,Nevada,"Long Canyon, Ruby Mountains",16-Jul-87,40.557665,-115.525999,male,,Neotamias,Rodentia,Sciuridae,6300,6300,Neotamias umbrinus
http://arctosdb.org/home/data/; https://creativecommons.org/licenses/by/3.0,United States,Nevada,"Basque Summit, Desatoya Mountains",11-Jul-86,39.384663,-117.699578,male,,Neotamias,Rodentia,Sciuridae,7600,7600,Neotamias umbrinus
http://arctosdb.org/home/data/; https://creativecommons.org/licenses/by/3.0,United States,Nevada,"old fish hatchery, junction of Milkhouse Creek and Smith Creek, Desatoya Mts",3-Jul-87,39.357513,-117.684983,female,,Neotamias,Rodentia,Sciuridae,7000,7000,Neotamias umbrinus
http://arctosdb.org/home/data/; https://creativecommons.org/licenses/by/3.0,United States,Nevada,"Kingston Creek, near Kingston Campground, Toiyabe Mts.",16-Jul-86,39.22604,-117.142589,female,,Neotamias,Rodentia,Sciuridae,,,Neotamias umbrinus
http://arctosdb.org/home/data/; https://creativecommons.org/licenses/by/3.0,United States,Nevada,"Kingston Creek, near Kingston Campground, Toiyabe Mts.",16-Jul-86,39.22604,-117.142589,female,,Neotamias,Rodentia,Sciuridae,,,Neotamias umbrinus
http://arctosdb.org/home/data/; https://creativecommons.org/licenses/by/3.0,United States,Nevada,"Kingston Creek, near Kingston Campground, Toiyabe Mts.",16-Jul-86,39.22604,-117.142589,male,,Neotamias,Rodentia,Sciuridae,,,Neotamias umbrinus
http://arctosdb.org/home/data/; https://creativecommons.org/licenses/by/3.0,United States,Nevada,"Kingston Creek, near Kingston Campground, Toiyabe Mts.",16-Jul-86,39.22604,-117.142589,male,,Neotamias,Rodentia,Sciuridae,,,Neotamias umbrinus
http://arctosdb.org/home/data/; https://creativecommons.org/licenses/by/3.0,United States,Nevada,"Kingston Creek, near Kingston Campground, Toiyabe Mts.",17-Jul-86,39.22604,-117.142589,male,,Neotamias,Rodentia,Sciuridae,,,Neotamias umbrinus
http://arctosdb.org/home/data/; https://creativecommons.org/licenses/by/3.0,United States,Nevada,"Kingston Creek, near Kingston Campground, Toiyabe Mts.",17-Jul-86,39.22604,-117.142589,female,,Neotamias,Rodentia,Sciuridae,,,Neotamias umbrinus
http://arctosdb.org/home/data/; https://creativecommons.org/licenses/by/3.0,United States,Nevada,"Kingston Creek, near Kingston Campground, Toiyabe Mts.",17-Jul-86,39.22604,-117.142589,female,,Neotamias,Rodentia,Sciuridae,,,Neotamias umbrinus
http://arctosdb.org/home/data/; https://creativecommons.org/licenses/by/3.0,United States,Nevada,"Kingston Creek, near Kingston Campground, Toiyabe Mts.",17-Jul-86,39.22604,-117.142589,male,,Neotamias,Rodentia,Sciuridae,,,Neotamias umbrinus
http://arctosdb.org/home/data/; https://creativecommons.org/licenses/by/3.0,United States,Nevada,"Kingston Creek, near Kingston Campground, Toiyabe Mts.",17-Jul-86,39.22604,-117.142589,male,,Neotamias,Rodentia,Sciuridae,,,Neotamias umbrinus
http://arctosdb.org/home/data/; https://creativecommons.org/licenses/by/3.0,United States,Nevada,"Kingston Creek, near Kingston Campground, Toiyabe Mts.",17-Jul-86,39.22604,-117.142589,female,,Neotamias,Rodentia,Sciuridae,,,Neotamias umbrinus
http://arctosdb.org/home/data/; https://creativecommons.org/licenses/by/3.0,United States,Nevada,"Kingston Creek, near Kingston Campground, Toiyabe Mts.",17-Jul-86,39.22604,-117.142589,female,,Neotamias,Rodentia,Sciuridae,,,Neotamias umbrinus
http://arctosdb.org/home/data/; https://creativecommons.org/licenses/by/3.0,United States,Nevada,"Peterson Creek, Shoshone Mountains",19-Jul-86,39.174846,-117.503057,male,,Neotamias,Rodentia,Sciuridae,7600,7600,Neotamias umbrinus
http://arctosdb.org/home/data/; https://creativecommons.org/licenses/by/3.0,United States,Nevada,"Peterson Creek, Shoshone Mountains",19-Jul-86,39.174846,-117.503057,male,,Neotamias,Rodentia,Sciuridae,7600,7600,Neotamias umbrinus
http://arctosdb.org/home/data/; https://creativecommons.org/licenses/by/3.0,United States,Nevada,"Peterson Creek, Shoshone Mountains",19-Jul-86,39.174846,-117.503057,female,,Neotamias,Rodentia,Sciuridae,7600,7600,Neotamias umbrinus
http://arctosdb.org/home/data/; https://creativecommons.org/licenses/by/3.0,United States,Nevada,"Peterson Creek, Shoshone Mountains",19-Jul-86,39.165781,-117.491662,female,,Neotamias,Rodentia,Sciuridae,8000,8000,Neotamias umbrinus
http://arctosdb.org/home/data/; https://creativecommons.org/licenses/by/3.0,United States,Nevada,"Peterson Creek, Shoshone Mountains",19-Jul-86,39.165781,-117.491662,female,,Neotamias,Rodentia,Sciuridae,8000,8000,Neotamias umbrinus
http://arctosdb.org/home/data/; https://creativecommons.org/licenses/by/3.0,United States,Nevada,"Peterson Creek, Shoshone Mountains",20-Jul-86,39.165781,-117.491662,male,,Neotamias,Rodentia,Sciuridae,8000,8000,Neotamias umbrinus
http://arctosdb.org/home/data/; https://creativecommons.org/licenses/by/3.0,United States,Nevada,"Peterson Creek, Shoshone Mountains",20-Jul-86,39.165781,-117.491662,male,,Neotamias,Rodentia,Sciuridae,8000,8000,Neotamias umbrinus
http://arctosdb.org/home/data/; https://creativecommons.org/licenses/by/3.0,United States,Nevada,"Peterson Creek, Shoshone Mountains",20-Jul-86,39.165781,-117.491662,male,,Neotamias,Rodentia,Sciuridae,8000,8000,Neotamias umbrinus
http://arctosdb.org/home/data/; https://creativecommons.org/licenses/by/3.0,United States,Nevada,"War Canyon, Clan Alpine Mountains",29-Jun-87,39.589425,-117.859898,female,,Neotamias,Rodentia,Sciuridae,6700,6700,Neotamias umbrinus
http://arctosdb.org/home/data/; https://creativecommons.org/licenses/by/3.0,United States,Nevada,"War Canyon, Clan Alpine Mountains",30-Jun-87,39.581289,-117.858575,male,,Neotamias,Rodentia,Sciuridae,6600,6600,Neotamias umbrinus
http://arctosdb.org/home/data/; https://creativecommons.org/licenses/by/3.0,United States,Nevada,"Green Monster Canyon, Monitor Mountains",9-Jul-87,38.743703,-116.544873,female,,Neotamias,Rodentia,Sciuridae,7900,7900,Neotamias umbrinus
http://arctosdb.org/home/data/; https://creativecommons.org/licenses/by/3.0,United States,Nevada,"Green Monster Canyon, Monitor Mountains",10-Jul-87,38.743703,-116.544873,male,,Neotamias,Rodentia,Sciuridae,7900,7900,Neotamias umbrinus
http://arctosdb.org/home/data/; https://creativecommons.org/licenses/by/3.0,United States,Nevada,"Long Canyon, Ruby Mountains",13-Jul-87,40.557665,-115.525999,male,,Neotamias,Rodentia,Sciuridae,6300,6300,Neotamias umbrinus
http://arctosdb.org/home/data/; https://creativecommons.org/licenses/by/3.0,United States,Nevada,"Long Canyon, Ruby Mountains",13-Jul-87,40.557665,-115.525999,female,,Neotamias,Rodentia,Sciuridae,6300,6300,Neotamias umbrinus
http://arctosdb.org/home/data/; https://creativecommons.org/licenses/by/3.0,United States,Nevada,"Long Canyon, Ruby Mountains",13-Jul-87,40.557665,-115.525999,female,,Neotamias,Rodentia,Sciuridae,6300,6300,Neotamias umbrinus
http://arctosdb.org/home/data/; https://creativecommons.org/licenses/by/3.0,United States,Nevada,"Long Canyon, Ruby Mountains",13-Jul-87,40.557665,-115.525999,male,,Neotamias,Rodentia,Sciuridae,6300,6300,Neotamias umbrinus
http://arctosdb.org/home/data/; https://creativecommons.org/licenses/by/3.0,United States,Nevada,"Long Canyon, Ruby Mountains",13-Jul-87,40.557665,-115.525999,female,,Neotamias,Rodentia,Sciuridae,6300,6300,Neotamias umbrinus
http://arctosdb.org/home/data/; https://creativecommons.org/licenses/by/3.0,United States,Nevada,"Long Canyon, Ruby Mountains",14-Jul-87,40.557665,-115.525999,male,,Neotamias,Rodentia,Sciuridae,6300,6300,Neotamias umbrinus
http://arctosdb.org/home/data/; https://creativecommons.org/licenses/by/3.0,United States,Nevada,"Long Canyon, Ruby Mountains",14-Jul-87,40.557665,-115.525999,male,,Neotamias,Rodentia,Sciuridae,6300,6300,Neotamias umbrinus
http://arctosdb.org/home/data/; https://creativecommons.org/licenses/by/3.0,United States,Nevada,"Long Canyon, Ruby Mountains",14-Jul-87,40.557665,-115.525999,hermaphrodite,,Neotamias,Rodentia,Sciuridae,6300,6300,Neotamias umbrinus
http://arctosdb.org/home/data/; https://creativecommons.org/licenses/by/3.0,United States,Nevada,"Long Canyon, Ruby Mountains",15-Jul-87,40.557665,-115.525999,female,,Neotamias,Rodentia,Sciuridae,6300,6300,Neotamias umbrinus
http://arctosdb.org/home/data/; https://creativecommons.org/licenses/by/3.0,United States,Nevada,"Long Canyon, Ruby Mountains",15-Jul-87,40.557665,-115.525999,female,,Neotamias,Rodentia,Sciuridae,6300,6300,Neotamias umbrinus
http://arctosdb.org/home/data/; https://creativecommons.org/licenses/by/3.0,United States,Nevada,"Long Canyon, Ruby Mountains",16-Jul-87,40.557665,-115.525999,male,,Neotamias,Rodentia,Sciuridae,6300,6300,Neotamias umbrinus
http://arctosdb.org/home/data/; https://creativecommons.org/licenses/by/3.0,United States,Nevada,"Peterson Creek, Shoshone Mountains",20-Jul-86,39.165781,-117.491662,female,,Neotamias,Rodentia,Sciuridae,8000,8000,Neotamias umbrinus
http://arctosdb.org/home/data/; https://creativecommons.org/licenses/by/3.0,United States,Nevada,"Kingston Creek, near Kingston Campground, Toiyabe Mts.",17-Jul-86,39.22604,-117.142589,female,,Neotamias,Rodentia,Sciuridae,,,Neotamias umbrinus
http://arctosdb.org/home/data/; https://creativecommons.org/licenses/by/3.0,United States,Nevada,"Peterson Creek, Shoshone Mountains",21-Jul-86,39.165781,-117.491662,female,,Neotamias,Rodentia,Sciuridae,8000,8000,Neotamias umbrinus
http://arctosdb.org/home/data/; https://creativecommons.org/licenses/by/3.0,United States,Nevada,"Peterson Creek, Shoshone Mountains",21-Jul-86,39.165781,-117.491662,female,,Neotamias,Rodentia,Sciuridae,8000,8000,Neotamias umbrinus
http://arctosdb.org/home/data/; https://creativecommons.org/licenses/by/3.0,United States,Nevada,"Kingston Creek, near Kingston Campground, Toiyabe Mts.",17-Jul-86,39.22604,-117.142589,male,,Neotamias,Rodentia,Sciuridae,,,Neotamias umbrinus
http://arctosdb.org/home/data/; https://creativecommons.org/licenses/by/3.0,United States,Nevada,"Kingston Creek, near Kingston Campground, Toiyabe Mts.",17-Jul-86,39.22604,-117.142589,male,,Neotamias,Rodentia,Sciuridae,,,Neotamias umbrinus
http://arctosdb.org/home/data/; https://creativecommons.org/licenses/by/3.0,United States,Nevada,"20 mi N and 8 mi W of Baker, Snake Range",23-Jul-90,39.322,-114.264,male,,Neotamias,Rodentia,Sciuridae,8950,8950,Neotamias umbrinus
http://arctosdb.org/home/data/; https://creativecommons.org/licenses/by/3.0,United States,Nevada,"20 mi N and 8 mi W of Baker, Snake Range",21-Jul-90,39.322,-114.264,male,,Neotamias,Rodentia,Sciuridae,8950,8950,Neotamias umbrinus
http://arctosdb.org/home/data/; https://creativecommons.org/licenses/by/3.0,United States,Nevada,"20 mi N and 8 mi W of Baker, Snake Range",22-Jul-90,39.322,-114.264,male,,Neotamias,Rodentia,Sciuridae,8950,8950,Neotamias umbrinus
http://arctosdb.org/home/data/; https://creativecommons.org/licenses/by/3.0,United States,Nevada,"20 mi N and 8 mi W of Baker, Snake Range",22-Jul-90,39.322,-114.264,male,,Neotamias,Rodentia,Sciuridae,8950,8950,Neotamias umbrinus
http://arctosdb.org/home/data/; https://creativecommons.org/licenses/by/3.0,United States,Nevada,"20 mi N and 8 mi W of Baker, Snake Range",22-Jul-90,39.322,-114.264,male,,Neotamias,Rodentia,Sciuridae,8950,8950,Neotamias umbrinus
http://arctosdb.org/home/data/; https://creativecommons.org/licenses/by/3.0,United States,Nevada,"20 mi N and 8 mi W of Baker, Snake Range",22-Jul-90,39.322,-114.264,female,,Neotamias,Rodentia,Sciuridae,8950,8950,Neotamias umbrinus
http://arctosdb.org/home/data/; https://creativecommons.org/licenses/by/3.0,United States,Nevada,"20 mi N and 8 mi W of Baker, Snake Range",23-Jul-90,39.322,-114.264,male,,Neotamias,Rodentia,Sciuridae,8950,8950,Neotamias umbrinus
http://arctosdb.org/home/data/; https://creativecommons.org/licenses/by/3.0,United States,Nevada,"20 mi N and 8 mi W of Baker, Snake Range",23-Jul-90,39.322,-114.264,male,,Neotamias,Rodentia,Sciuridae,8950,8950,Neotamias umbrinus
http://arctosdb.org/home/data/; https://creativecommons.org/licenses/by/3.0,United States,Nevada,"20 mi N and 8 mi W of Baker, Snake Range",23-Jul-90,39.322,-114.264,male,,Neotamias,Rodentia,Sciuridae,8950,8950,Neotamias umbrinus
http://arctosdb.org/home/data/; https://creativecommons.org/licenses/by/3.0,United States,Nevada,"20 mi N and 8 mi W of Baker, Snake Range",23-Jul-90,39.322,-114.264,female,,Neotamias,Rodentia,Sciuridae,8950,8950,Neotamias umbrinus
http://arctosdb.org/home/data/; https://creativecommons.org/licenses/by/3.0,United States,Nevada,"20 mi N and 8 mi W of Baker, Snake Range",23-Jul-90,39.322,-114.264,male,,Neotamias,Rodentia,Sciuridae,8950,8950,Neotamias umbrinus
http://arctosdb.org/home/data/; https://creativecommons.org/licenses/by/3.0,United States,Nevada,"20 mi N and 8 mi W of Baker, Snake Range",24-Jul-90,39.322,-114.264,male,,Neotamias,Rodentia,Sciuridae,8950,8950,Neotamias umbrinus
http://arctosdb.org/home/data/; https://creativecommons.org/licenses/by/3.0,United States,Nevada,"20 mi N and 8 mi W of Baker, Snake Range",24-Jul-90,39.322,-114.264,male,,Neotamias,Rodentia,Sciuridae,8950,8950,Neotamias umbrinus
http://arctosdb.org/home/data/; https://creativecommons.org/licenses/by/3.0,United States,Nevada,"20 mi N and 8 mi W of Baker, Snake Range",24-Jul-90,39.322,-114.264,male,,Neotamias,Rodentia,Sciuridae,8950,8950,Neotamias umbrinus
http://arctosdb.org/home/data/; https://creativecommons.org/licenses/by/3.0,United States,Nevada,"Scofield Canyon, Grant Range",24-Jun-92,38.297961,-115.482171,male,,Neotamias,Rodentia,Sciuridae,7600,7600,Neotamias umbrinus
http://arctosdb.org/home/data/; https://creativecommons.org/licenses/by/3.0,United States,Nevada,"Scofield Canyon, Grant Range",24-Jun-92,38.297961,-115.482171,female,,Neotamias,Rodentia,Sciuridae,7600,7600,Neotamias umbrinus
http://arctosdb.org/home/data/; https://creativecommons.org/licenses/by/3.0,United States,Nevada,"Scofield Canyon, Grant Range",25-Jun-92,38.297961,-115.482171,female,,Neotamias,Rodentia,Sciuridae,7600,7600,Neotamias umbrinus
http://arctosdb.org/home/data/; https://creativecommons.org/licenses/by/3.0,United States,Nevada,"Scofield Canyon, Grant Range",25-Jun-92,38.297961,-115.482171,female,,Neotamias,Rodentia,Sciuridae,7600,7600,Neotamias umbrinus
http://arctosdb.org/home/data/; https://creativecommons.org/licenses/by/3.0,United States,Nevada,"Scofield Canyon, Grant Range",25-Jun-92,38.297961,-115.482171,female,,Neotamias,Rodentia,Sciuridae,7600,7600,Neotamias umbrinus
http://arctosdb.org/home/data/; https://creativecommons.org/licenses/by/3.0,United States,Nevada,"Scofield Canyon, Grant Range",25-Jun-92,38.297961,-115.482171,female,,Neotamias,Rodentia,Sciuridae,7600,7600,Neotamias umbrinus
http://arctosdb.org/home/data/; https://creativecommons.org/licenses/by/3.0,United States,Nevada,"Scofield Canyon, Grant Range",26-Jun-92,38.297961,-115.482171,male,,Neotamias,Rodentia,Sciuridae,7600,7600,Neotamias umbrinus
http://arctosdb.org/home/data/; https://creativecommons.org/licenses/by/3.0,United States,Nevada,"Seligman Canyon, White Pine Range",30-Jun-92,39.268003,-115.544361,female,,Neotamias,Rodentia,Sciuridae,8200,8200,Neotamias umbrinus
http://arctosdb.org/home/data/; https://creativecommons.org/licenses/by/3.0,United States,Nevada,"Seligman Canyon, White Pine Range",30-Jun-92,39.268003,-115.544361,male,,Neotamias,Rodentia,Sciuridae,8200,8200,Neotamias umbrinus
http://arctosdb.org/home/data/; https://creativecommons.org/licenses/by/3.0,United States,Nevada,"Seligman Canyon, White Pine Range",30-Jun-92,39.268003,-115.544361,female,,Neotamias,Rodentia,Sciuridae,8200,8200,Neotamias umbrinus
http://arctosdb.org/home/data/; https://creativecommons.org/licenses/by/3.0,United States,Nevada,"Seligman Canyon, White Pine Range",30-Jun-92,39.268003,-115.544361,female,,Neotamias,Rodentia,Sciuridae,8200,8200,Neotamias umbrinus
http://arctosdb.org/home/data/; https://creativecommons.org/licenses/by/3.0,United States,Nevada,"Seligman Canyon, White Pine Range",30-Jun-92,39.268003,-115.544361,female,,Neotamias,Rodentia,Sciuridae,8200,8200,Neotamias umbrinus
http://arctosdb.org/home/data/; https://creativecommons.org/licenses/by/3.0,United States,Nevada,"Seligman Canyon, White Pine Range",30-Jun-92,39.268003,-115.544361,female,,Neotamias,Rodentia,Sciuridae,8200,8200,Neotamias umbrinus
http://arctosdb.org/home/data/; https://creativecommons.org/licenses/by/3.0,United States,Nevada,"Seligman Canyon, White Pine Range",30-Jun-92,39.268003,-115.544361,male,,Neotamias,Rodentia,Sciuridae,8200,8200,Neotamias umbrinus
http://arctosdb.org/home/data/; https://creativecommons.org/licenses/by/3.0,United States,Nevada,"Seligman Canyon, White Pine Range",1-Jul-92,39.268003,-115.544361,female,,Neotamias,Rodentia,Sciuridae,8200,8200,Neotamias umbrinus
http://arctosdb.org/home/data/; https://creativecommons.org/licenses/by/3.0,United States,Nevada,"Seligman Canyon, White Pine Range",1-Jul-92,39.268003,-115.544361,male,,Neotamias,Rodentia,Sciuridae,8200,8200,Neotamias umbrinus
http://arctosdb.org/home/data/; https://creativecommons.org/licenses/by/3.0,United States,Nevada,"Roberts Creek, Roberts Creek Mountains",2-Jul-92,39.846213,-116.298908,female,,Neotamias,Rodentia,Sciuridae,7900,7900,Neotamias umbrinus
http://arctosdb.org/home/data/; https://creativecommons.org/licenses/by/3.0,United States,Nevada,"Roberts Creek, Roberts Creek Mountains",3-Jul-92,39.846213,-116.298908,female,,Neotamias,Rodentia,Sciuridae,7900,7900,Neotamias umbrinus
http://arctosdb.org/home/data/; https://creativecommons.org/licenses/by/3.0,United States,Nevada,"Roberts Creek, Roberts Creek Mountains",4-Jul-92,39.846213,-116.298908,female,,Neotamias,Rodentia,Sciuridae,7900,7900,Neotamias umbrinus
http://arctosdb.org/home/data/; https://creativecommons.org/licenses/by/3.0,United States,Nevada,"Roberts Creek, Roberts Creek Mountains",4-Jul-92,39.846213,-116.298908,female,,Neotamias,Rodentia,Sciuridae,7900,7900,Neotamias umbrinus
http://arctosdb.org/home/data/; https://creativecommons.org/licenses/by/3.0,United States,Nevada,"Roberts Creek, Roberts Creek Mountains",4-Jul-92,39.846213,-116.298908,female,,Neotamias,Rodentia,Sciuridae,7900,7900,Neotamias umbrinus
http://arctosdb.org/home/data/; https://creativecommons.org/licenses/by/3.0,United States,Nevada,"Monarch Mine, Spruce Mountain",19-Jul-93,40.556662,-114.834542,male,,Neotamias,Rodentia,Sciuridae,8200,8200,Neotamias umbrinus
http://arctosdb.org/home/data/; https://creativecommons.org/licenses/by/3.0,United States,Nevada,"Monarch Mine, Spruce Mountain",20-Jul-93,40.556662,-114.834542,male,,Neotamias,Rodentia,Sciuridae,8200,8200,Neotamias umbrinus
http://arctosdb.org/home/data/; https://creativecommons.org/licenses/by/3.0,United States,Nevada,"Monarch Mine, Spruce Mountain",20-Jul-93,40.556662,-114.834542,female,,Neotamias,Rodentia,Sciuridae,8200,8200,Neotamias umbrinus
http://arctosdb.org/home/data/; https://creativecommons.org/licenses/by/3.0,United States,Nevada,"Monarch Mine, Spruce Mountain",20-Jul-93,40.556662,-114.834542,male,,Neotamias,Rodentia,Sciuridae,8200,8200,Neotamias umbrinus
http://arctosdb.org/home/data/; https://creativecommons.org/licenses/by/3.0,United States,Nevada,"Monarch Mine, Spruce Mountain",21-Jul-93,40.556662,-114.834542,male,,Neotamias,Rodentia,Sciuridae,8200,8200,Neotamias umbrinus
http://arctosdb.org/home/data/; https://creativecommons.org/licenses/by/3.0,United States,Nevada,"Cottonwood Creek, Diamond Range",3-Aug-93,39.614289,-115.879404,female,,Neotamias,Rodentia,Sciuridae,6500,6500,Neotamias umbrinus
http://arctosdb.org/home/data/; https://creativecommons.org/licenses/by/3.0,United States,Nevada,"Cottonwood Creek, Diamond Range",4-Aug-93,39.614289,-115.879404,male,,Neotamias,Rodentia,Sciuridae,6500,6500,Neotamias umbrinus
http://arctosdb.org/home/data/; https://creativecommons.org/licenses/by/3.0,United States,Nevada,"Cottonwood Creek, Diamond Range",4-Aug-93,39.614289,-115.879404,female,,Neotamias,Rodentia,Sciuridae,6500,6500,Neotamias umbrinus
http://arctosdb.org/home/data/; https://creativecommons.org/licenses/by/3.0,United States,Nevada,"Cottonwood Creek, Diamond Range",4-Aug-93,39.614289,-115.879404,female,,Neotamias,Rodentia,Sciuridae,6500,6500,Neotamias umbrinus
http://arctosdb.org/home/data/; https://creativecommons.org/licenses/by/3.0,United States,Nevada,"Peterson Creek, Shoshone Mountains",4-Aug-95,39.165781,-117.491662,male,,Neotamias,Rodentia,Sciuridae,8000,8000,Neotamias umbrinus
http://arctosdb.org/home/data/; https://creativecommons.org/licenses/by/3.0,United States,Nevada,"Peterson Creek, Shoshone Mountains",5-Aug-95,39.165781,-117.491662,female,,Neotamias,Rodentia,Sciuridae,8000,8000,Neotamias umbrinus
http://arctosdb.org/home/data/; https://creativecommons.org/licenses/by/3.0,United States,Nevada,"Peterson Creek, Shoshone Mountains",5-Aug-95,39.165781,-117.491662,female,,Neotamias,Rodentia,Sciuridae,8000,8000,Neotamias umbrinus
http://arctosdb.org/home/data/; https://creativecommons.org/licenses/by/3.0,United States,Nevada,"Peterson Creek, Shoshone Mountains",6-Aug-95,39.165781,-117.491662,female,,Neotamias,Rodentia,Sciuridae,8000,8000,Neotamias umbrinus
http://arctosdb.org/home/data/; https://creativecommons.org/licenses/by/3.0,United States,Nevada,"Peterson Creek, Shoshone Mountains",6-Aug-95,39.165781,-117.491662,female,,Neotamias,Rodentia,Sciuridae,8000,8000,Neotamias umbrinus
http://arctosdb.org/home/data/; https://creativecommons.org/licenses/by/3.0,United States,Nevada,"old fish hatchery, junction of Milkhouse Creek and Smith Creek, Desatoya Mts",10-Aug-95,39.357513,-117.684983,male,,Neotamias,Rodentia,Sciuridae,7000,7000,Neotamias umbrinus
http://arctosdb.org/home/data/; https://creativecommons.org/licenses/by/3.0,United States,Nevada,"Long Canyon, Ruby Mountains",16-Jul-87,40.557665,-115.525999,female,,Neotamias,Rodentia,Sciuridae,6300,6300,Neotamias umbrinus
http://arctosdb.org/home/data/; https://creativecommons.org/licenses/by/3.0,United States,Nevada,"Long Canyon, Ruby Mountains",16-Jul-87,40.557665,-115.525999,female,,Neotamias,Rodentia,Sciuridae,6300,6300,Neotamias umbrinus
http://arctosdb.org/home/data/; https://creativecommons.org/licenses/by/3.0,United States,Nevada,"Green Monster Canyon, Monitor Mountains",9-Jul-87,38.743703,-116.544873,female,,Neotamias,Rodentia,Sciuridae,7900,7900,Neotamias umbrinus
http://arctosdb.org/home/data/; https://creativecommons.org/licenses/by/3.0,United States,Nevada,"Long Canyon, Ruby Mountains",13-Jul-87,40.557665,-115.525999,male,,Neotamias,Rodentia,Sciuridae,6300,6300,Neotamias umbrinus
http://arctosdb.org/home/data/; https://creativecommons.org/licenses/by/3.0,United States,Nevada,"Long Canyon, Ruby Mountains",16-Jul-87,40.557665,-115.525999,male,,Neotamias,Rodentia,Sciuridae,6300,6300,Neotamias umbrinus
http://arctosdb.org/home/data/; https://creativecommons.org/licenses/by/3.0,United States,Nevada,"Scofield Canyon, Grant Range",24-Jun-92,38.297961,-115.482171,female,,Neotamias,Rodentia,Sciuridae,7600,7600,Neotamias umbrinus
http://arctosdb.org/home/data/; https://creativecommons.org/licenses/by/3.0,United States,Nevada,"Scofield Canyon, Grant Range",24-Jun-92,38.297961,-115.482171,male,,Neotamias,Rodentia,Sciuridae,7600,7600,Neotamias umbrinus
http://arctosdb.org/home/data/; https://creativecommons.org/licenses/by/3.0,United States,Nevada,"Seligman Canyon, White Pine Range",30-Jun-92,39.268003,-115.544361,female,,Neotamias,Rodentia,Sciuridae,8200,8200,Neotamias umbrinus
http://arctosdb.org/home/data/; https://creativecommons.org/licenses/by/3.0,United States,Nevada,"Seligman Canyon, White Pine Range",30-Jun-92,39.268003,-115.544361,male,,Neotamias,Rodentia,Sciuridae,8200,8200,Neotamias umbrinus
http://arctosdb.org/home/data/; https://creativecommons.org/licenses/by/3.0,United States,Nevada,"Seligman Canyon, White Pine Range",30-Jun-92,39.268003,-115.544361,male,,Neotamias,Rodentia,Sciuridae,8200,8200,Neotamias umbrinus
http://arctosdb.org/home/data/; https://creativecommons.org/licenses/by/3.0,United States,Nevada,"Seligman Canyon, White Pine Range",30-Jun-92,39.268003,-115.544361,female,,Neotamias,Rodentia,Sciuridae,8200,8200,Neotamias umbrinus
http://arctosdb.org/home/data/; https://creativecommons.org/licenses/by/3.0,United States,Nevada,"Seligman Canyon, White Pine Range",1-Jul-92,39.268003,-115.544361,male,,Neotamias,Rodentia,Sciuridae,8200,8200,Neotamias umbrinus
http://arctosdb.org/home/data/; https://creativecommons.org/licenses/by/3.0,United States,Nevada,"Seligman Canyon, White Pine Range",1-Jul-92,39.267878,-115.581607,female,,Neotamias,Rodentia,Sciuridae,6600,6600,Neotamias umbrinus
http://arctosdb.org/home/data/; https://creativecommons.org/licenses/by/3.0,United States,Nevada,"Roberts Creek, Roberts Creek Mountains",2-Jul-92,39.846213,-116.298908,female,,Neotamias,Rodentia,Sciuridae,7900,7900,Neotamias umbrinus
http://arctosdb.org/home/data/; https://creativecommons.org/licenses/by/3.0,United States,Nevada,"Roberts Creek, Roberts Creek Mountains",4-Jul-92,39.846213,-116.298908,male,,Neotamias,Rodentia,Sciuridae,7900,7900,Neotamias umbrinus
http://arctosdb.org/home/data/; https://creativecommons.org/licenses/by/3.0,United States,Nevada,"Roberts Creek, Roberts Creek Mountains",4-Jul-92,39.846213,-116.298908,male,,Neotamias,Rodentia,Sciuridae,7900,7900,Neotamias umbrinus
http://arctosdb.org/home/data/; https://creativecommons.org/licenses/by/3.0,United States,Nevada,"old fish hatchery, junction of Milkhouse Creek and Smith Creek, Desatoya Mts",6-Aug-93,39.357513,-117.684983,male,,Neotamias,Rodentia,Sciuridae,7000,7000,Neotamias umbrinus
http://arctosdb.org/home/data/; https://creativecommons.org/licenses/by/3.0,United States,Nevada,"Peterson Creek, Shoshone Mountains",5-Aug-95,39.165781,-117.491662,female,,Neotamias,Rodentia,Sciuridae,8000,8000,Neotamias umbrinus
http://arctosdb.org/home/data/; https://creativecommons.org/licenses/by/3.0,United States,Nevada,"Peterson Creek, Shoshone Mountains",5-Aug-95,39.165781,-117.491662,female,,Neotamias,Rodentia,Sciuridae,8000,8000,Neotamias umbrinus
http://arctosdb.org/home/data/; https://creativecommons.org/licenses/by/3.0,United States,Nevada,"Peterson Creek, Shoshone Mountains",5-Aug-95,39.165781,-117.491662,female,,Neotamias,Rodentia,Sciuridae,8000,8000,Neotamias umbrinus
http://arctosdb.org/home/data/; https://creativecommons.org/licenses/by/3.0,United States,Nevada,"Peterson Creek, Shoshone Mountains",6-Aug-95,39.165781,-117.491662,male,,Neotamias,Rodentia,Sciuridae,8000,8000,Neotamias umbrinus
http://arctosdb.org/home/data/; https://creativecommons.org/licenses/by/3.0,United States,Nevada,"Monarch Mine, Spruce Mountain",21-Jul-93,40.556662,-114.834542,female,,Neotamias,Rodentia,Sciuridae,8200,8200,Neotamias umbrinus
http://arctosdb.org/home/data/; https://creativecommons.org/licenses/by/3.0,United States,Nevada,"Monarch Mine, Spruce Mountain",22-Jul-93,40.556662,-114.834542,female,,Neotamias,Rodentia,Sciuridae,8200,8200,Neotamias umbrinus
http://arctosdb.org/home/data/; https://creativecommons.org/licenses/by/3.0,United States,Nevada,"Spruce Mountain, Sprucemont",23-Jul-93,40.551358,-114.865795,male,,Neotamias,Rodentia,Sciuridae,7000,7000,Neotamias umbrinus
http://arctosdb.org/home/data/; https://creativecommons.org/licenses/by/3.0,United States,Nevada,"Cottonwood Creek, Diamond Range",3-Aug-93,39.614289,-115.879404,male,,Neotamias,Rodentia,Sciuridae,6500,6500,Neotamias umbrinus
http://arctosdb.org/home/data/; https://creativecommons.org/licenses/by/3.0,United States,Nevada,"Long Canyon, Ruby Mountains",13-Jul-87,40.557665,-115.525999,male,,Neotamias,Rodentia,Sciuridae,6300,6300,Neotamias umbrinus
http://arctosdb.org/home/data/; https://creativecommons.org/licenses/by/3.0,United States,Nevada,"Long Canyon, Ruby Mountains",13-Jul-87,40.557665,-115.525999,male,,Neotamias,Rodentia,Sciuridae,6300,6300,Neotamias umbrinus
http://arctosdb.org/home/data/; https://creativecommons.org/licenses/by/3.0,United States,Nevada,"Long Canyon, Ruby Mountains",14-Jul-87,40.557665,-115.525999,male,,Neotamias,Rodentia,Sciuridae,6300,6300,Neotamias umbrinus
http://arctosdb.org/home/data/; https://creativecommons.org/licenses/by/3.0,United States,Nevada,"Long Canyon, Ruby Mountains",14-Jul-87,40.557665,-115.525999,female,,Neotamias,Rodentia,Sciuridae,6300,6300,Neotamias umbrinus
http://arctosdb.org/home/data/; https://creativecommons.org/licenses/by/3.0,United States,Nevada,"Long Canyon, Ruby Mountains",15-Jul-87,40.557665,-115.525999,female,,Neotamias,Rodentia,Sciuridae,6300,6300,Neotamias umbrinus
http://arctosdb.org/home/data/; https://creativecommons.org/licenses/by/3.0,United States,Nevada,"Long Canyon, Ruby Mountains",13-Jul-87,40.557665,-115.525999,male,,Neotamias,Rodentia,Sciuridae,6300,6300,Neotamias umbrinus
http://arctosdb.org/home/data/; https://creativecommons.org/licenses/by/3.0,United States,Nevada,"Monarch Mine, Spruce Mountain",20-Jul-93,40.556662,-114.834542,male,,Neotamias,Rodentia,Sciuridae,8200,8200,Neotamias umbrinus
http://arctosdb.org/home/data/; https://creativecommons.org/licenses/by/3.0,United States,Nevada,"20 mi N and 8 mi W of Baker, Snake Range",22-Jul-90,39.322,-114.264,male,,Neotamias,Rodentia,Sciuridae,8950,8950,Neotamias umbrinus
http://arctosdb.org/home/data/; https://creativecommons.org/licenses/by/3.0,United States,Nevada,"20 mi N and 8 mi W of Baker, Snake Range",22-Jul-90,39.322,-114.264,male,,Neotamias,Rodentia,Sciuridae,8950,8950,Neotamias umbrinus
http://arctosdb.org/home/data/; https://creativecommons.org/licenses/by/3.0,United States,Nevada,"Scofield Canyon, Grant Range",26-Jun-92,38.297961,-115.482171,male,,Neotamias,Rodentia,Sciuridae,7600,7600,Neotamias umbrinus
http://arctosdb.org/home/data/; https://creativecommons.org/licenses/by/3.0,United States,Nevada,"Scofield Canyon, Grant Range",24-Jun-92,38.297961,-115.482171,male,,Neotamias,Rodentia,Sciuridae,7600,7600,Neotamias umbrinus
http://arctosdb.org/home/data/; https://creativecommons.org/licenses/by/3.0,United States,Nevada,"Scofield Canyon, Grant Range",24-Jun-92,38.297961,-115.482171,male,,Neotamias,Rodentia,Sciuridae,7600,7600,Neotamias umbrinus
http://arctosdb.org/home/data/; https://creativecommons.org/licenses/by/3.0,United States,Nevada,"Scofield Canyon, Grant Range",25-Jun-92,38.297961,-115.482171,male,,Neotamias,Rodentia,Sciuridae,7600,7600,Neotamias umbrinus
http://arctosdb.org/home/data/; https://creativecommons.org/licenses/by/3.0,United States,Nevada,"Scofield Canyon, Grant Range",25-Jun-92,38.297961,-115.482171,female,,Neotamias,Rodentia,Sciuridae,7600,7600,Neotamias umbrinus
http://arctosdb.org/home/data/; https://creativecommons.org/licenses/by/3.0,United States,Nevada,"Seligman Canyon, White Pine Range",30-Jun-92,39.268003,-115.544361,male,,Neotamias,Rodentia,Sciuridae,8200,8200,Neotamias umbrinus
http://arctosdb.org/home/data/; https://creativecommons.org/licenses/by/3.0,United States,Nevada,"Seligman Canyon, White Pine Range",30-Jun-92,39.268003,-115.544361,female,,Neotamias,Rodentia,Sciuridae,8200,8200,Neotamias umbrinus
http://arctosdb.org/home/data/; https://creativecommons.org/licenses/by/3.0,United States,Nevada,"Seligman Canyon, White Pine Range",30-Jun-92,39.268003,-115.544361,female,,Neotamias,Rodentia,Sciuridae,8200,8200,Neotamias umbrinus
http://arctosdb.org/home/data/; https://creativecommons.org/licenses/by/3.0,United States,Nevada,"Seligman Canyon, White Pine Range",30-Jun-92,39.268003,-115.544361,female,,Neotamias,Rodentia,Sciuridae,8200,8200,Neotamias umbrinus
http://arctosdb.org/home/data/; https://creativecommons.org/licenses/by/3.0,United States,Nevada,"Seligman Canyon, White Pine Range",30-Jun-92,39.268003,-115.544361,female,,Neotamias,Rodentia,Sciuridae,8200,8200,Neotamias umbrinus
http://arctosdb.org/home/data/; https://creativecommons.org/licenses/by/3.0,United States,Nevada,"Seligman Canyon, White Pine Range",1-Jul-92,39.268003,-115.544361,male,,Neotamias,Rodentia,Sciuridae,8200,8200,Neotamias umbrinus
http://arctosdb.org/home/data/; https://creativecommons.org/licenses/by/3.0,United States,Nevada,"Seligman Canyon, White Pine Range",1-Jul-92,39.267878,-115.581607,male,,Neotamias,Rodentia,Sciuridae,6600,6600,Neotamias umbrinus
http://arctosdb.org/home/data/; https://creativecommons.org/licenses/by/3.0,United States,Nevada,"Roberts Creek, Roberts Creek Mountains",2-Jul-92,39.846213,-116.298908,male,,Neotamias,Rodentia,Sciuridae,7900,7900,Neotamias umbrinus
http://arctosdb.org/home/data/; https://creativecommons.org/licenses/by/3.0,United States,Nevada,"Roberts Creek, Roberts Creek Mountains",3-Jul-92,39.846213,-116.298908,female,,Neotamias,Rodentia,Sciuridae,7900,7900,Neotamias umbrinus
http://arctosdb.org/home/data/; https://creativecommons.org/licenses/by/3.0,United States,Nevada,"Roberts Creek, Roberts Creek Mountains",4-Jul-92,39.846213,-116.298908,male,,Neotamias,Rodentia,Sciuridae,7900,7900,Neotamias umbrinus
http://arctosdb.org/home/data/; https://creativecommons.org/licenses/by/3.0,United States,Nevada,"Roberts Creek, Roberts Creek Mountains",4-Jul-92,39.846213,-116.298908,female,,Neotamias,Rodentia,Sciuridae,7900,7900,Neotamias umbrinus
http://arctosdb.org/home/data/; https://creativecommons.org/licenses/by/3.0,United States,Nevada,"Roberts Creek, Roberts Creek Mountains",4-Jul-92,39.846213,-116.298908,female,,Neotamias,Rodentia,Sciuridae,7900,7900,Neotamias umbrinus
http://arctosdb.org/home/data/; https://creativecommons.org/licenses/by/3.0,United States,Nevada,"Roberts Creek, Roberts Creek Mountains",4-Jul-92,39.846213,-116.298908,female,,Neotamias,Rodentia,Sciuridae,7900,7900,Neotamias umbrinus
http://arctosdb.org/home/data/; https://creativecommons.org/licenses/by/3.0,United States,Nevada,"Monarch Mine, Spruce Mountain",19-Jul-93,40.556662,-114.834542,female,,Neotamias,Rodentia,Sciuridae,8200,8200,Neotamias umbrinus
http://arctosdb.org/home/data/; https://creativecommons.org/licenses/by/3.0,United States,Nevada,"Monarch Mine, Spruce Mountain",19-Jul-93,40.556662,-114.834542,female,,Neotamias,Rodentia,Sciuridae,8200,8200,Neotamias umbrinus
http://arctosdb.org/home/data/; https://creativecommons.org/licenses/by/3.0,United States,Nevada,"Monarch Mine, Spruce Mountain",20-Jul-93,40.556662,-114.834542,male,,Neotamias,Rodentia,Sciuridae,8200,8200,Neotamias umbrinus
http://arctosdb.org/home/data/; https://creativecommons.org/licenses/by/3.0,United States,Nevada,"Monarch Mine, Spruce Mountain",21-Jul-93,40.556662,-114.834542,female,,Neotamias,Rodentia,Sciuridae,8200,8200,Neotamias umbrinus
http://arctosdb.org/home/data/; https://creativecommons.org/licenses/by/3.0,United States,Nevada,"Monarch Mine, Spruce Mountain",21-Jul-93,40.556662,-114.834542,female,,Neotamias,Rodentia,Sciuridae,8200,8200,Neotamias umbrinus
http://arctosdb.org/home/data/; https://creativecommons.org/licenses/by/3.0,United States,Nevada,"Monarch Mine, Spruce Mountain",22-Jul-93,40.556662,-114.834542,male,,Neotamias,Rodentia,Sciuridae,8200,8200,Neotamias umbrinus
http://arctosdb.org/home/data/; https://creativecommons.org/licenses/by/3.0,United States,Nevada,"Monarch Mine, Spruce Mountain",22-Jul-93,40.556662,-114.834542,female,,Neotamias,Rodentia,Sciuridae,8200,8200,Neotamias umbrinus
http://arctosdb.org/home/data/; https://creativecommons.org/licenses/by/3.0,United States,Nevada,"Kalamazoo Creek, Schell Creek Range",30-Jul-93,39.569603,-114.703476,female,,Neotamias,Rodentia,Sciuridae,6900,6900,Neotamias umbrinus
http://arctosdb.org/home/data/; https://creativecommons.org/licenses/by/3.0,United States,Nevada,"Cottonwood Creek, Diamond Range",3-Aug-93,39.614289,-115.879404,male,,Neotamias,Rodentia,Sciuridae,6500,6500,Neotamias umbrinus
http://arctosdb.org/home/data/; https://creativecommons.org/licenses/by/3.0,United States,Nevada,"Cottonwood Creek, Diamond Range",3-Aug-93,39.614289,-115.879404,female,,Neotamias,Rodentia,Sciuridae,6500,6500,Neotamias umbrinus
http://arctosdb.org/home/data/; https://creativecommons.org/licenses/by/3.0,United States,Nevada,"Cottonwood Creek, Diamond Range",3-Aug-93,39.614289,-115.879404,male,,Neotamias,Rodentia,Sciuridae,6500,6500,Neotamias umbrinus
http://arctosdb.org/home/data/; https://creativecommons.org/licenses/by/3.0,United States,Nevada,"Peterson Creek, Shoshone Mountains",20-Jul-86,39.165781,-117.491662,female,,Neotamias,Rodentia,Sciuridae,8000,8000,Neotamias umbrinus
http://arctosdb.org/home/data/; https://creativecommons.org/licenses/by/3.0,United States,Nevada,"Peterson Creek, Shoshone Mountains",19-Jul-86,39.165781,-117.491662,male,,Neotamias,Rodentia,Sciuridae,8000,8000,Neotamias umbrinus
http://arctosdb.org/home/data/; https://creativecommons.org/licenses/by/3.0,United States,Nevada,"Peterson Creek, Shoshone Mountains",19-Jul-86,39.165781,-117.491662,male,,Neotamias,Rodentia,Sciuridae,8000,8000,Neotamias umbrinus
http://arctosdb.org/home/data/; https://creativecommons.org/licenses/by/3.0,United States,Nevada,"Kingston Creek, near Kingston Campground, Toiyabe Mts.",16-Jul-86,39.22604,-117.142589,male,,Neotamias,Rodentia,Sciuridae,,,Neotamias umbrinus
http://arctosdb.org/home/data/; https://creativecommons.org/licenses/by/3.0,United States,Nevada,"Kingston Creek, near Kingston Campground, Toiyabe Mts.",17-Jul-86,39.22604,-117.142589,male,,Neotamias,Rodentia,Sciuridae,,,Neotamias umbrinus
http://arctosdb.org/home/data/; https://creativecommons.org/licenses/by/3.0,United States,Nevada,"Kingston Creek, near Kingston Campground, Toiyabe Mts.",17-Jul-86,39.22604,-117.142589,female,,Neotamias,Rodentia,Sciuridae,,,Neotamias umbrinus
http://arctosdb.org/home/data/; https://creativecommons.org/licenses/by/3.0,United States,Nevada,"Kingston Creek, near Kingston Campground, Toiyabe Mts.",17-Jul-86,39.22604,-117.142589,female,,Neotamias,Rodentia,Sciuridae,,,Neotamias umbrinus
http://arctosdb.org/home/data/; https://creativecommons.org/licenses/by/3.0,United States,Nevada,"Kingston Creek, near Kingston Campground, Toiyabe Mts.",17-Jul-86,39.22604,-117.142589,male,,Neotamias,Rodentia,Sciuridae,,,Neotamias umbrinus
http://arctosdb.org/home/data/; https://creativecommons.org/licenses/by/3.0,United States,Nevada,"Peterson Creek, Shoshone Mountains",20-Jul-86,39.165781,-117.491662,female,,Neotamias,Rodentia,Sciuridae,8000,8000,Neotamias umbrinus
http://arctosdb.org/home/data/; https://creativecommons.org/licenses/by/3.0,United States,Nevada,"Peterson Creek, Shoshone Mountains",20-Jul-86,39.165781,-117.491662,male,,Neotamias,Rodentia,Sciuridae,8000,8000,Neotamias umbrinus
http://arctosdb.org/home/data/; https://creativecommons.org/licenses/by/3.0,United States,Nevada,"Peterson Creek, Shoshone Mountains",21-Jul-86,39.165781,-117.491662,female,,Neotamias,Rodentia,Sciuridae,8000,8000,Neotamias umbrinus
http://arctosdb.org/home/data/; https://creativecommons.org/licenses/by/3.0,United States,Nevada,"Peterson Creek, Shoshone Mountains",21-Jul-86,39.165781,-117.491662,male,,Neotamias,Rodentia,Sciuridae,8000,8000,Neotamias umbrinus
http://arctosdb.org/home/data/; https://creativecommons.org/licenses/by/3.0,United States,Nevada,"Peterson Creek, Shoshone Mountains",21-Jul-86,39.165781,-117.491662,female,,Neotamias,Rodentia,Sciuridae,8000,8000,Neotamias umbrinus
http://arctosdb.org/home/data/; https://creativecommons.org/licenses/by/3.0,United States,Nevada,"Peterson Creek, Shoshone Mountains",21-Jul-86,39.165781,-117.491662,female,,Neotamias,Rodentia,Sciuridae,8000,8000,Neotamias umbrinus
http://arctosdb.org/home/data/; https://creativecommons.org/licenses/by/3.0,United States,Nevada,"Peterson Creek, Shoshone Mountains",21-Jul-86,39.165781,-117.491662,male,,Neotamias,Rodentia,Sciuridae,8000,8000,Neotamias umbrinus
http://arctosdb.org/home/data/; https://creativecommons.org/licenses/by/3.0,United States,Nevada,"Peterson Creek, Shoshone Mountains",21-Jul-86,39.165781,-117.491662,female,,Neotamias,Rodentia,Sciuridae,8000,8000,Neotamias umbrinus
http://arctosdb.org/home/data/; https://creativecommons.org/licenses/by/3.0,United States,Nevada,"Monarch Mine, Spruce Mountain",22-Jul-93,40.556662,-114.834542,female,,Neotamias,Rodentia,Sciuridae,8200,8200,Neotamias umbrinus
http://arctosdb.org/home/data/; https://creativecommons.org/licenses/by/3.0,United States,Nevada,"Monarch Mine, Spruce Mountain",20-Jul-93,40.556662,-114.834542,female,,Neotamias,Rodentia,Sciuridae,8200,8200,Neotamias umbrinus
http://arctosdb.org/home/data/; https://creativecommons.org/licenses/by/3.0,United States,Nevada,"Monarch Mine, Spruce Mountain",22-Jul-93,40.556662,-114.834542,female,,Neotamias,Rodentia,Sciuridae,8200,8200,Neotamias umbrinus
http://arctosdb.org/home/data/; https://creativecommons.org/licenses/by/3.0,United States,Nevada,"Kalamazoo Creek, Schell Creek Range",31-Jul-93,39.569603,-114.703476,female,,Neotamias,Rodentia,Sciuridae,6900,6900,Neotamias umbrinus
http://arctosdb.org/home/data/; https://creativecommons.org/licenses/by/3.0,United States,Nevada,"20 mi N and 8 mi W of Baker, Snake Range",24-Jul-90,39.322,-114.264,male,,Neotamias,Rodentia,Sciuridae,8950,8950,Neotamias umbrinus
http://arctosdb.org/home/data/; https://creativecommons.org/licenses/by/3.0,United States,Nevada,"20 mi N and 8 mi W of Baker, Snake Range",24-Jul-90,39.322,-114.264,female,,Neotamias,Rodentia,Sciuridae,8950,8950,Neotamias umbrinus
http://arctosdb.org/home/data/; https://creativecommons.org/licenses/by/3.0,United States,Nevada,"Roberts Creek, Roberts Creek Mountains",4-Jul-92,39.846213,-116.298908,male,,Neotamias,Rodentia,Sciuridae,7900,7900,Neotamias umbrinus
http://arctosdb.org/home/data/; https://creativecommons.org/licenses/by/3.0,United States,Nevada,"20 mi N and 8 mi W of Baker, Snake Range",25-Jul-90,39.322,-114.264,female,,Neotamias,Rodentia,Sciuridae,8950,8950,Neotamias umbrinus
http://arctosdb.org/home/data/; https://creativecommons.org/licenses/by/3.0,United States,Nevada,"20 mi N and 8 mi W of Baker, Snake Range",25-Jul-90,39.322,-114.264,female,,Neotamias,Rodentia,Sciuridae,8950,8950,Neotamias umbrinus
http://arctosdb.org/home/data/; https://creativecommons.org/licenses/by/3.0,United States,Nevada,"20 mi N and 8 mi W of Baker, Snake Range",25-Jul-90,39.322,-114.264,male,,Neotamias,Rodentia,Sciuridae,8950,8950,Neotamias umbrinus
http://arctosdb.org/home/data/; https://creativecommons.org/licenses/by/3.0,United States,Nevada,"Scofield Canyon, Grant Range",24-Jun-92,38.297961,-115.482171,male,,Neotamias,Rodentia,Sciuridae,7600,7600,Neotamias umbrinus
http://arctosdb.org/home/data/; https://creativecommons.org/licenses/by/3.0,United States,Nevada,"Scofield Canyon, Grant Range",24-Jun-92,38.297961,-115.482171,female,,Neotamias,Rodentia,Sciuridae,7600,7600,Neotamias umbrinus
http://arctosdb.org/home/data/; https://creativecommons.org/licenses/by/3.0,United States,Nevada,"Scofield Canyon, Grant Range",24-Jun-92,38.297961,-115.482171,male,,Neotamias,Rodentia,Sciuridae,7600,7600,Neotamias umbrinus
http://arctosdb.org/home/data/; https://creativecommons.org/licenses/by/3.0,United States,Nevada,"Scofield Canyon, Grant Range",24-Jun-92,38.297961,-115.482171,male,,Neotamias,Rodentia,Sciuridae,7600,7600,Neotamias umbrinus
http://arctosdb.org/home/data/; https://creativecommons.org/licenses/by/3.0,United States,Nevada,"Scofield Canyon, Grant Range",25-Jun-92,38.297961,-115.482171,female,,Neotamias,Rodentia,Sciuridae,7600,7600,Neotamias umbrinus
http://arctosdb.org/home/data/; https://creativecommons.org/licenses/by/3.0,United States,Nevada,"Scofield Canyon, Grant Range",25-Jun-92,38.297961,-115.482171,female,,Neotamias,Rodentia,Sciuridae,7600,7600,Neotamias umbrinus
http://arctosdb.org/home/data/; https://creativecommons.org/licenses/by/3.0,United States,Nevada,"Scofield Canyon, Grant Range",25-Jun-92,38.297961,-115.482171,male,,Neotamias,Rodentia,Sciuridae,7600,7600,Neotamias umbrinus
http://arctosdb.org/home/data/; https://creativecommons.org/licenses/by/3.0,United States,Nevada,"Seligman Canyon, White Pine Range",30-Jun-92,39.268003,-115.544361,female,,Neotamias,Rodentia,Sciuridae,8200,8200,Neotamias umbrinus
http://arctosdb.org/home/data/; https://creativecommons.org/licenses/by/3.0,United States,Nevada,"Seligman Canyon, White Pine Range",30-Jun-92,39.268003,-115.544361,male,,Neotamias,Rodentia,Sciuridae,8200,8200,Neotamias umbrinus
http://arctosdb.org/home/data/; https://creativecommons.org/licenses/by/3.0,United States,Nevada,"Seligman Canyon, White Pine Range",30-Jun-92,39.268003,-115.544361,male,,Neotamias,Rodentia,Sciuridae,8200,8200,Neotamias umbrinus
http://arctosdb.org/home/data/; https://creativecommons.org/licenses/by/3.0,United States,Nevada,"Seligman Canyon, White Pine Range",30-Jun-92,39.268003,-115.544361,female,,Neotamias,Rodentia,Sciuridae,8200,8200,Neotamias umbrinus
http://arctosdb.org/home/data/; https://creativecommons.org/licenses/by/3.0,United States,Nevada,"Seligman Canyon, White Pine Range",30-Jun-92,39.268003,-115.544361,female,,Neotamias,Rodentia,Sciuridae,8200,8200,Neotamias umbrinus
http://arctosdb.org/home/data/; https://creativecommons.org/licenses/by/3.0,United States,Nevada,"Seligman Canyon, White Pine Range",30-Jun-92,39.268003,-115.544361,male,,Neotamias,Rodentia,Sciuridae,8200,8200,Neotamias umbrinus
http://arctosdb.org/home/data/; https://creativecommons.org/licenses/by/3.0,United States,Nevada,"Seligman Canyon, White Pine Range",30-Jun-92,39.268003,-115.544361,female,,Neotamias,Rodentia,Sciuridae,8200,8200,Neotamias umbrinus
http://arctosdb.org/home/data/; https://creativecommons.org/licenses/by/3.0,United States,Nevada,"Roberts Creek, Roberts Creek Mountains",2-Jul-92,39.846213,-116.298908,female,,Neotamias,Rodentia,Sciuridae,7900,7900,Neotamias umbrinus
http://arctosdb.org/home/data/; https://creativecommons.org/licenses/by/3.0,United States,Nevada,"Roberts Creek, Roberts Creek Mountains",2-Jul-92,39.846213,-116.298908,female,,Neotamias,Rodentia,Sciuridae,7900,7900,Neotamias umbrinus
http://arctosdb.org/home/data/; https://creativecommons.org/licenses/by/3.0,United States,Nevada,"Roberts Creek, Roberts Creek Mountains",2-Jul-92,39.846213,-116.298908,female,,Neotamias,Rodentia,Sciuridae,7900,7900,Neotamias umbrinus
http://arctosdb.org/home/data/; https://creativecommons.org/licenses/by/3.0,United States,Nevada,"Roberts Creek, Roberts Creek Mountains",4-Jul-92,39.846213,-116.298908,male,,Neotamias,Rodentia,Sciuridae,7900,7900,Neotamias umbrinus
http://arctosdb.org/home/data/; https://creativecommons.org/licenses/by/3.0,United States,Nevada,"Roberts Creek, Roberts Creek Mountains",4-Jul-92,39.846213,-116.298908,male,,Neotamias,Rodentia,Sciuridae,7900,7900,Neotamias umbrinus
http://arctosdb.org/home/data/; https://creativecommons.org/licenses/by/3.0,United States,Nevada,"Roberts Creek, Roberts Creek Mountains",4-Jul-92,39.846213,-116.298908,male,,Neotamias,Rodentia,Sciuridae,7900,7900,Neotamias umbrinus
http://arctosdb.org/home/data/; https://creativecommons.org/licenses/by/3.0,United States,Nevada,"Roberts Creek, Roberts Creek Mountains",4-Jul-92,39.846213,-116.298908,female,,Neotamias,Rodentia,Sciuridae,7900,7900,Neotamias umbrinus
http://arctosdb.org/home/data/; https://creativecommons.org/licenses/by/3.0,United States,Nevada,"War Eagle Canyon, Shoshone Mountains",7-Jul-87,39.128498,-117.563591,female,,Neotamias,Rodentia,Sciuridae,7500,7500,Neotamias umbrinus
http://arctosdb.org/home/data/; https://creativecommons.org/licenses/by/3.0,United States,Nevada,"Long Canyon, Ruby Mountains",13-Jul-87,40.557665,-115.525999,female,,Neotamias,Rodentia,Sciuridae,6300,6300,Neotamias umbrinus
http://arctosdb.org/home/data/; https://creativecommons.org/licenses/by/3.0,United States,Nevada,"Long Canyon, Ruby Mountains",13-Jul-87,40.557665,-115.525999,male,,Neotamias,Rodentia,Sciuridae,6300,6300,Neotamias umbrinus
http://arctosdb.org/home/data/; https://creativecommons.org/licenses/by/3.0,United States,Nevada,"Long Canyon, Ruby Mountains",15-Jul-87,40.557665,-115.525999,male,,Neotamias,Rodentia,Sciuridae,6300,6300,Neotamias umbrinus
http://arctosdb.org/home/data/; https://creativecommons.org/licenses/by/3.0,United States,Nevada,"20 mi N and 8 mi W of Baker, Snake Range",24-Jul-90,39.322,-114.264,male,,Neotamias,Rodentia,Sciuridae,8950,8950,Neotamias umbrinus
http://arctosdb.org/home/data/; https://creativecommons.org/licenses/by-nc/3.0,United States,Nevada,1.5 km NNW Spruce Mountain peak,15-Jun-24,40.56639098,-114.814458,female,adult,Tamias,Rodentia,Sciuridae,2681.951904,2681.951904,Tamias umbrinus
http://arctosdb.org/home/data/; https://creativecommons.org/licenses/by-nc/3.0,United States,Nevada,1.5 km NNW Spruce Mountain peak,16-Jun-24,40.56672801,-114.815099,female,adult,Tamias,Rodentia,Sciuridae,2654.78833,2654.78833,Tamias umbrinus
http://arctosdb.org/home/data/; https://creativecommons.org/licenses/by-nc/3.0,United States,Nevada,1.5 km NNW Spruce Mountain peak,17-Jun-24,40.55637603,-114.833602,female,adult,Tamias,Rodentia,Sciuridae,2561.648926,2561.648926,Tamias umbrinus
http://arctosdb.org/home/data/; https://creativecommons.org/licenses/by-nc/3.0,United States,Nevada,1.5 km NNW Spruce Mountain peak,17-Jun-24,40.55623999,-114.833757,female,adult,Tamias,Rodentia,Sciuridae,2541.767578,2541.767578,Tamias umbrinus
http://arctosdb.org/home/data/; https://creativecommons.org/licenses/by-nc/3.0,United States,Nevada,1.5 km NNW Spruce Mountain peak,17-Jun-24,40.556285,-114.83336,female,adult,Tamias,Rodentia,Sciuridae,2569.924561,2569.924561,Tamias umbrinus
http://arctosdb.org/home/data/; https://creativecommons.org/licenses/by-nc/3.0,United States,Nevada,1.5 km NNW Spruce Mountain peak,17-Jun-24,40.56657203,-114.814764,female,adult,Tamias,Rodentia,Sciuridae,2659.399414,2659.399414,Tamias umbrinus
http://arctosdb.org/home/data/; https://creativecommons.org/licenses/by-nc/3.0,United States,Nevada,2 km NE Spruce Mountain peak,20-Jun-24,40.56462298,-114.799611,female,adult,Tamias,Rodentia,Sciuridae,2313.776855,2313.776855,Tamias umbrinus
http://arctosdb.org/home/data/; https://creativecommons.org/licenses/by-nc/3.0,United States,Nevada,"Humboldt-Toiyabe National Forest, 2.75 km WSW North Schell Peak, Timber Creek",25-Jun-24,39.39977598,-114.629172,male,adult,Tamias,Rodentia,Sciuridae,2379.515381,2379.515381,Tamias umbrinus
http://arctosdb.org/home/data/; https://creativecommons.org/licenses/by-nc/3.0,United States,Nevada,"Humboldt-Toiyabe National Forest, 2.75 km WSW North Schell Peak, Timber Creek",27-Jun-24,39.39988897,-114.628733,female,adult,Tamias,Rodentia,Sciuridae,2581.775635,2581.775635,Tamias umbrinus
http://arctosdb.org/home/data/; https://creativecommons.org/licenses/by-nc/3.0,United States,Nevada,"Humboldt-Toiyabe National Forest, 5 km W Taff Peak, Berry Creek",29-Jun-24,39.35348902,-114.65073,female,adult,Tamias,Rodentia,Sciuridae,2387.383545,2387.383545,Tamias umbrinus
http://arctosdb.org/home/data/; https://creativecommons.org/licenses/by-nc/3.0,United States,Nevada,"Humboldt-Toiyabe National Forest, 5 km W Taff Peak, Berry Creek",29-Jun-24,39.35384701,-114.651465,female,adult,Tamias,Rodentia,Sciuridae,2424.542969,2424.542969,Tamias umbrinus
http://arctosdb.org/home/data/; https://creativecommons.org/licenses/by-nc/3.0,United States,Nevada,"Humboldt-Toiyabe National Forest, 5 km W Taff Peak, Berry Creek",29-Jun-24,39.35372799,-114.651296,female,adult,Tamias,Rodentia,Sciuridae,2332.624756,2332.624756,Tamias umbrinus
http://arctosdb.org/home/data/; https://creativecommons.org/licenses/by-nc/3.0,United States,Nevada,"Humboldt-Toiyabe National Forest, 5 km W Taff Peak, Berry Creek",29-Jun-24,39.35373503,-114.650473,male,adult,Tamias,Rodentia,Sciuridae,2404.043213,2404.043213,Tamias umbrinus
http://arctosdb.org/home/data/; https://creativecommons.org/licenses/by-nc/3.0,United States,Nevada,"Humboldt-Toiyabe National Forest, 5 km W Taff Peak, Berry Creek",29-Jun-24,39.35373503,-114.650473,female,adult,Tamias,Rodentia,Sciuridae,2403.983398,2403.983398,Tamias umbrinus
http://arctosdb.org/home/data/; https://creativecommons.org/licenses/by-nc/3.0,United States,Nevada,"Humboldt-Toiyabe National Forest, 5 km W Taff Peak, Berry Creek",29-Jun-24,39.35385296,-114.650268,female,adult,Tamias,Rodentia,Sciuridae,2403.583496,2403.583496,Tamias umbrinus
http://arctosdb.org/home/data/; https://creativecommons.org/licenses/by-nc/3.0,United States,Nevada,"Humboldt-Toiyabe National Forest, 5 km W Taff Peak, Berry Creek",30-Jun-24,39.35982096,-114.644051,female,adult,Neotamias,Rodentia,Sciuridae,2538.049561,2538.049561,Neotamias minimus
http://arctosdb.org/home/data/; https://creativecommons.org/licenses/by-nc/3.0,United States,Nevada,"Humboldt-Toiyabe National Forest, 5 km W Taff Peak, Berry Creek",1-Jul-24,39.35367401,-114.651212,female,subadult,Tamias,Rodentia,Sciuridae,2459.63501,2459.63501,Tamias umbrinus
http://arctosdb.org/home/data/; https://creativecommons.org/licenses/by-nc/3.0,United States,Nevada,"Humboldt-Toiyabe National Forest, 5 km W Taff Peak, Berry Creek",1-Jul-24,39.35376302,-114.650492,female,adult,Tamias,Rodentia,Sciuridae,2456.959717,2456.959717,Tamias umbrinus
http://arctosdb.org/home/data/; https://creativecommons.org/licenses/by-nc/3.0,United States,Nevada,"Humboldt-Toiyabe National Forest, 5 km W Taff Peak, Berry Creek",1-Jul-24,39.354075,-114.651591,male,adult,Tamias,Rodentia,Sciuridae,2591.267578,2591.267578,Tamias umbrinus
http://arctosdb.org/home/data/; https://creativecommons.org/licenses/by-nc/3.0,United States,Nevada,"Humboldt-Toiyabe National Forest, 5 km W Taff Peak, Berry Creek",1-Jul-24,39.35330797,-114.650134,female,adult,Tamias,Rodentia,Sciuridae,2638.839355,2638.839355,Tamias umbrinus
http://arctosdb.org/home/data/; https://creativecommons.org/licenses/by-nc/3.0,United States,Nevada,"Humboldt-Toiyabe National Forest, 5 km W Taff Peak, Berry Creek",2-Jul-24,39.35387501,-114.651449,male,subadult,Tamias,Rodentia,Sciuridae,2459.865479,2459.865479,Tamias umbrinus
http://arctosdb.org/home/data/; https://creativecommons.org/licenses/by-nc/3.0,United States,Nevada,2 km NE Spruce Mountain peak,21-Jun-24,40.56572897,-114.799147,female,adult,Tamias,Rodentia,Sciuridae,2373.731934,2373.731934,Tamias umbrinus
http://arctosdb.org/home/data/; https://creativecommons.org/licenses/by-nc/3.0,United States,Nevada,2 km NE Spruce Mountain peak,21-Jun-24,40.564799,-114.801205,female,adult,Callospermophilus,Rodentia,Sciuridae,2329.233154,2329.233154,Callospermophilus lateralis
http://arctosdb.org/home/data/; https://creativecommons.org/licenses/by-nc/3.0,United States,Nevada,"Humboldt-Toiyabe National Forest, 7.5 km W of Toiyabe Range Peak, San Juan Campground",5-Jul-25,39.121876,-117.275393,male,adult,Neotamias,Rodentia,Sciuridae,,,Neotamias umbrinus
http://arctosdb.org/home/data/; https://creativecommons.org/licenses/by-nc/3.0,United States,Nevada,"Humboldt-Toiyabe National Forest, 7.5 km W of Toiyabe Range Peak, San Juan Campground",5-Jul-25,39.121876,-117.275393,male,adult,Neotamias,Rodentia,Sciuridae,,,Neotamias umbrinus
http://arctosdb.org/home/data/; https://creativecommons.org/licenses/by-nc/3.0,United States,Nevada,"Humboldt-Toiyabe National Forest, 7.5 km W of Toiyabe Range Peak, San Juan Campground",7-Jul-25,39.12280496,-117.276402,female,adult,Neotamias,Rodentia,Sciuridae,2214.336914,2214.336914,Neotamias umbrinus
http://arctosdb.org/home/data/; https://creativecommons.org/licenses/by-nc/3.0,United States,Nevada,"Humboldt-Toiyabe National Forest, 5 km NE of North Toiyabe Peak, Birch Creek",10-Jul-25,39.39812902,-117.038679,female,adult,Neotamias,Rodentia,Sciuridae,,,Neotamias umbrinus
http://arctosdb.org/home/data/; https://creativecommons.org/licenses/by-nc/3.0,United States,Nevada,"Humboldt-Toiyabe National Forest, 5 km NE of North Toiyabe Peak, Birch Creek",10-Jul-25,39.39828803,-117.046536,male,adult,Neotamias,Rodentia,Sciuridae,,,Neotamias umbrinus
http://arctosdb.org/home/data/; https://creativecommons.org/licenses/by-nc/3.0,United States,Nevada,"Humboldt-Toiyabe National Forest, 2.75 km WSW North Schell Peak, Timber Creek",14-Jul-25,39.39944096,-114.628042,female,adult,Neotamias,Rodentia,Sciuridae,2689.438721,2689.438721,Neotamias umbrinus
http://arctosdb.org/home/data/; https://creativecommons.org/licenses/by-nc/3.0,United States,Nevada,"Humboldt-Toiyabe National Forest, Ruby Mountains, 2.4 km N of Mt. Gilbert, Lamoille Creek",17-Jul-25,40.66055898,-115.444591,male,adult,Neotamias,Rodentia,Sciuridae,2176.311523,2176.311523,Neotamias umbrinus
http://arctosdb.org/home/data/; https://creativecommons.org/licenses/by-nc/3.0,United States,Nevada,"Humboldt-Toiyabe National Forest, Ruby Mountains, 2.4 km N of Mt. Gilbert, Lamoille Creek",18-Jul-25,40.65972799,-115.443702,female,adult,Neotamias,Rodentia,Sciuridae,2215.649658,2215.649658,Neotamias umbrinus
http://arctosdb.org/home/data/; https://creativecommons.org/licenses/by-nc/3.0,United States,Nevada,"Humboldt-Toiyabe National Forest, Ruby Mountains, 2.4 km N of Mt. Gilbert, Lamoille Creek",18-Jul-25,40.659959,-115.444064,female,subadult,Neotamias,Rodentia,Sciuridae,2162.269043,2162.269043,Neotamias umbrinus
http://arctosdb.org/home/data/; https://creativecommons.org/licenses/by-nc/3.0,United States,Nevada,"Humboldt-Toiyabe National Forest, Ruby Mountains, 7.5 km NE of Overland Lake, Myers Creek",22-Jul-25,40.50407404,-115.382936,male,adult,Neotamias,Rodentia,Sciuridae,2255.052734,2255.052734,Neotamias umbrinus
http://arctosdb.org/home/data/; https://creativecommons.org/licenses/by-nc/3.0,United States,Nevada,"Humboldt-Toiyabe National Forest, Ruby Mountains, 7.5 km NE of Overland Lake, Myers Creek",23-Jul-25,40.50350801,-115.36696,male,adult,Neotamias,Rodentia,Sciuridae,,,Neotamias umbrinus
http://arctosdb.org/home/data/; https://creativecommons.org/licenses/by-nc/3.0,United States,Nevada,"Humboldt-Toiyabe National Forest, Ruby Mountains, 7.5 km NE of Overland Lake, Myers Creek",24-Jul-25,,,female,adult,Neotamias,Rodentia,Sciuridae,,,Neotamias umbrinus
http://arctosdb.org/home/data/; https://creativecommons.org/licenses/by-nc/3.0,United States,Nevada,"Humboldt-Toiyabe National Forest, 7.5 km W of Toiyabe Range Peak, San Juan Campground",5-Jul-25,39.12284402,-117.276272,female,adult,Neotamias,Rodentia,Sciuridae,2233.296387,2233.296387,Neotamias umbrinus
http://arctosdb.org/home/data/; https://creativecommons.org/licenses/by-nc/3.0,United States,Nevada,"Humboldt-Toiyabe National Forest, Ruby Mountains, 7.5 km NE of Overland Lake, Myers Creek",23-Jul-25,40.50444804,-115.382655,female,adult,Neotamias,Rodentia,Sciuridae,2255.779053,2255.779053,Neotamias umbrinus
http://arctosdb.org/home/data/; https://creativecommons.org/licenses/by-nc/3.0,United States,Nevada,"Humboldt-Toiyabe National Forest, 7.5 km W of Toiyabe Range Peak, San Juan Campground",7-Jul-25,39.12279901,-117.276204,female,adult,Neotamias,Rodentia,Sciuridae,2234.054199,2234.054199,Neotamias umbrinus
http://arctosdb.org/home/data/; https://creativecommons.org/licenses/by-nc/3.0,United States,Nevada,"Humboldt-Toiyabe National Forest, 7.5 km W of Toiyabe Range Peak, San Juan Campground",7-Jul-25,39.12276297,-117.276267,male,adult,Neotamias,Rodentia,Sciuridae,2231.085205,2231.085205,Neotamias umbrinus
http://arctosdb.org/home/data/; https://creativecommons.org/licenses/by/3.0,United States,Nevada,"2 mi N, 8 mi W of Haystack Ranch, Stump Creek",,,,,,Tamias,Rodentia,Sciuridae,7820,7820,Tamias umbrinus
http://arctosdb.org/home/data/; https://creativecommons.org/licenses/by-nc/3.0,United States,Nevada,"Humboldt-Toiyabe National Forest, 5 km W Taft Peak, Berry Creek",1-Jul-24,39.35389403,-114.650392,female,adult,Tamias,Rodentia,Sciuridae,2456.293701,2456.293701,Tamias umbrinus
http://arctosdb.org/home/data/; https://creativecommons.org/licenses/by-nc/3.0,United States,Nevada,No specific locality recorded.,2-Jul-24,39.35462602,-114.651095,male,adult,Tamias,Rodentia,Sciuridae,2464.364258,2464.364258,Tamias umbrinus