USE_LICENSE_URL,COUNTRY,STATE_PROV,SPEC_LOCALITY,VERBATIM_DATE,DEC_LAT,DEC_LONG,SEX,LIFE_STAGE,GENUS,PHYLORDER,FAMILY,MINIMUM_ELEVATION,MAXIMUM_ELEVATION,SPECIES
http://arctosdb.org/home/data/; https://creativecommons.org/licenses/by-nc/3.0,United States,Nevada,"Sage Hen Hills, Sheldon National Wildlife Refuge",3-Aug-78,41.962326,-119.235154,female,,Tamias,Rodentia,Sciuridae,,,Tamias minimus
http://arctosdb.org/home/data/; https://creativecommons.org/licenses/by-nc/3.0,United States,Nevada,Duck Creek Valley,Oct-50,39.430013,-114.71069,unknown,,Tamias,Rodentia,Sciuridae,,,Tamias minimus
http://arctosdb.org/home/data/; https://creativecommons.org/licenses/by-nc/3.0,United States,Nevada,"about 3 km SE of Badger Cabin, Sheldon National Wildlife Refuge",12-Jul-81,41.628305,-119.283545,male,,Tamias,Rodentia,Sciuridae,6500,6500,Tamias minimus
http://arctosdb.org/home/data/; https://creativecommons.org/licenses/by-nc/3.0,United States,Nevada,"about 3 km SE of Badger Cabin, Sheldon National Wildlife Refuge",13-Jul-81,41.628305,-119.283545,male,,Tamias,Rodentia,Sciuridae,6500,6500,Tamias minimus
http://arctosdb.org/home/data/; https://creativecommons.org/licenses/by-nc/3.0,United States,Nevada,"about 3 km SE of Badger Cabin, Sheldon National Wildlife Refuge",15-Jul-81,41.628305,-119.283545,male,,Tamias,Rodentia,Sciuridae,6500,6500,Tamias minimus
http://arctosdb.org/home/data/; https://creativecommons.org/licenses/by-nc/3.0,United States,Nevada,"about 3 km SE of Badger Cabin, Sheldon National Wildlife Refuge",15-Jul-81,41.628305,-119.283545,male,,Tamias,Rodentia,Sciuridae,6500,6500,Tamias minimus
http://arctosdb.org/home/data/; https://creativecommons.org/licenses/by-nc/3.0,United States,Nevada,"about 3 km SE of Badger Cabin, Sheldon National Wildlife Refuge",13-Jul-81,41.628305,-119.283545,male,,Tamias,Rodentia,Sciuridae,6500,6500,Tamias minimus
http://arctosdb.org/home/data/; https://creativecommons.org/licenses/by-nc/3.0,United States,Nevada,"about 3 km SE of Badger Cabin, Sheldon National Wildlife Refuge",13-Jul-81,41.628305,-119.283545,female,,Tamias,Rodentia,Sciuridae,6500,6500,Tamias minimus
http://arctosdb.org/home/data/; https://creativecommons.org/licenses/by-nc/3.0,United States,Nevada,"River Ranch Road, 4 miles SW of Deeth, exit 328 of Interstate Highway 80",1-Aug-83,41.023246,-115.383387,male,,Tamias,Rodentia,Sciuridae,,,Tamias minimus
http://arctosdb.org/home/data/; https://creativecommons.org/licenses/by-nc/3.0,United States,Nevada,"River Ranch Road, 4 miles SW of Deeth, exit 328 of Interstate Highway 80",1-Aug-83,41.023246,-115.383387,female,,Tamias,Rodentia,Sciuridae,,,Tamias minimus
http://arctosdb.org/home/data/; https://creativecommons.org/licenses/by-nc/3.0,United States,Nevada,"River Ranch Road, 4 miles SW of Deeth, exit 328 of Interstate Highway 80",1-Aug-83,41.023246,-115.383387,female,,Tamias,Rodentia,Sciuridae,,,Tamias minimus
http://arctosdb.org/home/data/; https://creativecommons.org/licenses/by-nc/3.0,United States,Nevada,"River Ranch Road, 4 miles SW of Deeth, exit 328 of Interstate Highway 80",1-Aug-83,41.023246,-115.383387,female,,Tamias,Rodentia,Sciuridae,,,Tamias minimus
http://arctosdb.org/home/data/; https://creativecommons.org/licenses/by-nc/3.0,United States,Nevada,"about 3 km SE of Badger Cabin, Sheldon National Wildlife Refuge",15-Jul-81,41.628305,-119.283545,male,,Tamias,Rodentia,Sciuridae,6500,6500,Tamias minimus
http://arctosdb.org/home/data/; https://creativecommons.org/licenses/by-nc/3.0,United States,Nevada,"about 3 km SE of Badger Cabin, Sheldon National Wildlife Refuge",15-Jul-81,41.628305,-119.283545,female,,Tamias,Rodentia,Sciuridae,6500,6500,Tamias minimus
http://mvz.berkeley.edu/mvzdata_terms; https://creativecommons.org/licenses/by/3.0,United States,Nevada,vicinity of Quinn River Crossing,17-May-09,41.58799,-118.43248,female,,Tamias,Rodentia,Sciuridae,4100,4100,Tamias minimus
http://mvz.berkeley.edu/mvzdata_terms; https://creativecommons.org/licenses/by/3.0,United States,Nevada,vicinity of Quinn River Crossing,18-May-09,41.58799,-118.43248,male,,Tamias,Rodentia,Sciuridae,4100,4100,Tamias minimus
http://mvz.berkeley.edu/mvzdata_terms; https://creativecommons.org/licenses/by/3.0,United States,Nevada,vicinity of Quinn River Crossing,19-May-09,41.58799,-118.43248,female,,Tamias,Rodentia,Sciuridae,4100,4100,Tamias minimus
http://mvz.berkeley.edu/mvzdata_terms; https://creativecommons.org/licenses/by/3.0,United States,Nevada,vicinity of Quinn River Crossing,19-May-09,41.58799,-118.43248,female,,Tamias,Rodentia,Sciuridae,4100,4100,Tamias minimus
http://mvz.berkeley.edu/mvzdata_terms; https://creativecommons.org/licenses/by/3.0,United States,Nevada,vicinity of Quinn River Crossing,19-May-09,41.58799,-118.43248,female,,Tamias,Rodentia,Sciuridae,4100,4100,Tamias minimus
http://mvz.berkeley.edu/mvzdata_terms; https://creativecommons.org/licenses/by/3.0,United States,Nevada,vicinity of Quinn River Crossing,21-May-09,41.58799,-118.43248,female,,Tamias,Rodentia,Sciuridae,4100,4100,Tamias minimus
http://mvz.berkeley.edu/mvzdata_terms; https://creativecommons.org/licenses/by/3.0,United States,Nevada,vicinity of Quinn River Crossing,23-May-09,41.58799,-118.43248,male,,Tamias,Rodentia,Sciuridae,4100,4100,Tamias minimus
http://mvz.berkeley.edu/mvzdata_terms; https://creativecommons.org/licenses/by/3.0,United States,Nevada,vicinity of Quinn River Crossing,24-May-09,41.58799,-118.43248,male,,Tamias,Rodentia,Sciuridae,4100,4100,Tamias minimus
http://mvz.berkeley.edu/mvzdata_terms; https://creativecommons.org/licenses/by/3.0,United States,Nevada,vicinity of Quinn River Crossing,24-May-09,41.58799,-118.43248,female,,Tamias,Rodentia,Sciuridae,4100,4100,Tamias minimus
http://mvz.berkeley.edu/mvzdata_terms; https://creativecommons.org/licenses/by/3.0,United States,Nevada,vicinity of Quinn River Crossing,24-May-09,41.58799,-118.43248,male,,Tamias,Rodentia,Sciuridae,4100,4100,Tamias minimus
http://mvz.berkeley.edu/mvzdata_terms; https://creativecommons.org/licenses/by/3.0,United States,Nevada,vicinity of Quinn River Crossing,24-May-09,41.58799,-118.43248,female,,Tamias,Rodentia,Sciuridae,4100,4100,Tamias minimus
http://mvz.berkeley.edu/mvzdata_terms; https://creativecommons.org/licenses/by/3.0,United States,Nevada,vicinity of Quinn River Crossing,24-May-09,41.58799,-118.43248,female,,Tamias,Rodentia,Sciuridae,4100,4100,Tamias minimus
http://mvz.berkeley.edu/mvzdata_terms; https://creativecommons.org/licenses/by/3.0,United States,Nevada,vicinity of Quinn River Crossing,25-May-09,41.58799,-118.43248,female,,Tamias,Rodentia,Sciuridae,4100,4100,Tamias minimus
http://mvz.berkeley.edu/mvzdata_terms; https://creativecommons.org/licenses/by/3.0,United States,Nevada,vicinity of Quinn River Crossing,25-May-09,41.58799,-118.43248,female,,Tamias,Rodentia,Sciuridae,4100,4100,Tamias minimus
http://mvz.berkeley.edu/mvzdata_terms; https://creativecommons.org/licenses/by/3.0,United States,Nevada,vicinity of Quinn River Crossing,26-May-09,41.58799,-118.43248,female,,Tamias,Rodentia,Sciuridae,4100,4100,Tamias minimus
http://mvz.berkeley.edu/mvzdata_terms; https://creativecommons.org/licenses/by/3.0,United States,Nevada,vicinity of Quinn River Crossing,26-May-09,41.58799,-118.43248,female,,Tamias,Rodentia,Sciuridae,4100,4100,Tamias minimus
http://mvz.berkeley.edu/mvzdata_terms; https://creativecommons.org/licenses/by/3.0,United States,Nevada,vicinity of Quinn River Crossing,28-May-09,41.58799,-118.43248,female,,Tamias,Rodentia,Sciuridae,4100,4100,Tamias minimus
http://mvz.berkeley.edu/mvzdata_terms; https://creativecommons.org/licenses/by/3.0,United States,Nevada,vicinity of Quinn River Crossing,31-May-09,41.58799,-118.43248,female,,Tamias,Rodentia,Sciuridae,4100,4100,Tamias minimus
http://mvz.berkeley.edu/mvzdata_terms; https://creativecommons.org/licenses/by/3.0,United States,Nevada,vicinity of Quinn River Crossing,1-Jun-09,41.58799,-118.43248,female,,Tamias,Rodentia,Sciuridae,4100,4100,Tamias minimus
http://mvz.berkeley.edu/mvzdata_terms; https://creativecommons.org/licenses/by/3.0,United States,Nevada,vicinity of Quinn River Crossing,1-Jun-09,41.58799,-118.43248,male,,Tamias,Rodentia,Sciuridae,4100,4100,Tamias minimus
http://mvz.berkeley.edu/mvzdata_terms; https://creativecommons.org/licenses/by/3.0,United States,Nevada,vicinity of Quinn River Crossing,2-Jun-09,41.58799,-118.43248,female,,Tamias,Rodentia,Sciuridae,4100,4100,Tamias minimus
http://mvz.berkeley.edu/mvzdata_terms; https://creativecommons.org/licenses/by/3.0,United States,Nevada,vicinity of Quinn River Crossing,2-Jun-09,41.58799,-118.43248,male,,Tamias,Rodentia,Sciuridae,4100,4100,Tamias minimus
http://mvz.berkeley.edu/mvzdata_terms; https://creativecommons.org/licenses/by/3.0,United States,Nevada,"vicinity of Big Creek Ranch, Pine Forest Range",11-Jun-09,41.66889,-118.58694,female,,Tamias,Rodentia,Sciuridae,4300,4300,Tamias minimus
http://mvz.berkeley.edu/mvzdata_terms; https://creativecommons.org/licenses/by/3.0,United States,Nevada,"vicinity of Big Creek Ranch, Pine Forest Range",11-Jun-09,41.66889,-118.58694,female,,Tamias,Rodentia,Sciuridae,4300,4300,Tamias minimus
http://mvz.berkeley.edu/mvzdata_terms; https://creativecommons.org/licenses/by/3.0,United States,Nevada,"vicinity of Big Creek Ranch, Pine Forest Range",11-Jun-09,41.66889,-118.58694,male,,Tamias,Rodentia,Sciuridae,4300,4300,Tamias minimus
http://mvz.berkeley.edu/mvzdata_terms; https://creativecommons.org/licenses/by/3.0,United States,Nevada,"vicinity of Big Creek Ranch, Pine Forest Range",20-Jun-09,41.66889,-118.58694,female,,Tamias,Rodentia,Sciuridae,4300,4300,Tamias minimus
http://mvz.berkeley.edu/mvzdata_terms; https://creativecommons.org/licenses/by/3.0,United States,Nevada,"head of Big Creek [=Cold Spring], Pine Forest Range",1-Jul-09,41.66879,-118.69037,male,,Tamias,Rodentia,Sciuridae,8000,8000,Tamias minimus
http://mvz.berkeley.edu/mvzdata_terms; https://creativecommons.org/licenses/by/3.0,United States,Nevada,"head of Big Creek [=Cold Spring], Pine Forest Range",1-Jul-09,41.66879,-118.69037,female,,Tamias,Rodentia,Sciuridae,8000,8000,Tamias minimus
http://mvz.berkeley.edu/mvzdata_terms; https://creativecommons.org/licenses/by/3.0,United States,Nevada,"Camp I, South Fork Big Creek, Pine Forest Range",7-Jul-09,41.67279,-118.66826,female,,Tamias,Rodentia,Sciuridae,6200,6200,Tamias minimus
http://mvz.berkeley.edu/mvzdata_terms; https://creativecommons.org/licenses/by/3.0,United States,Nevada,"Camp I, South Fork Big Creek, Pine Forest Range",9-Jul-09,41.67279,-118.66826,male,,Tamias,Rodentia,Sciuridae,6200,6200,Tamias minimus
http://mvz.berkeley.edu/mvzdata_terms; https://creativecommons.org/licenses/by/3.0,United States,Nevada,"Camp I, South Fork Big Creek, Pine Forest Range",9-Jul-09,41.67279,-118.66826,female,,Tamias,Rodentia,Sciuridae,6200,6200,Tamias minimus
http://mvz.berkeley.edu/mvzdata_terms; https://creativecommons.org/licenses/by/3.0,United States,Nevada,"Camp V, right fork Alder Creek, Pine Forest Range",13-Jul-09,41.70862,-118.75107,male,,Tamias,Rodentia,Sciuridae,6000,6000,Tamias minimus
http://mvz.berkeley.edu/mvzdata_terms; https://creativecommons.org/licenses/by/3.0,United States,Nevada,"Camp V, right fork Alder Creek, Pine Forest Range",15-Jul-09,41.70862,-118.75107,female,,Tamias,Rodentia,Sciuridae,6000,6000,Tamias minimus
http://mvz.berkeley.edu/mvzdata_terms; https://creativecommons.org/licenses/by/3.0,United States,Nevada,"Camp V, right fork Alder Creek, Pine Forest Range",15-Jul-09,41.70862,-118.75107,male,,Tamias,Rodentia,Sciuridae,6000,6000,Tamias minimus
http://mvz.berkeley.edu/mvzdata_terms; https://creativecommons.org/licenses/by/3.0,United States,Nevada,"Camp V, right fork Alder Creek, Pine Forest Range",15-Jul-09,41.70862,-118.75107,female,,Tamias,Rodentia,Sciuridae,6000,6000,Tamias minimus
http://mvz.berkeley.edu/mvzdata_terms; https://creativecommons.org/licenses/by/3.0,United States,Nevada,"head of Big Creek [=Cold Spring], Pine Forest Range",21-Jul-09,41.66879,-118.69037,female,,Tamias,Rodentia,Sciuridae,8000,8000,Tamias minimus
http://mvz.berkeley.edu/mvzdata_terms; https://creativecommons.org/licenses/by/3.0,United States,Nevada,"head of Big Creek [=Cold Spring], Pine Forest Range",21-Jul-09,41.66879,-118.69037,male,,Tamias,Rodentia,Sciuridae,8000,8000,Tamias minimus
http://mvz.berkeley.edu/mvzdata_terms; https://creativecommons.org/licenses/by/3.0,United States,Nevada,"head of Big Creek [=Cold Spring], Pine Forest Range",23-Jul-09,41.66879,-118.69037,female,,Tamias,Rodentia,Sciuridae,8000,8000,Tamias minimus
http://mvz.berkeley.edu/mvzdata_terms; https://creativecommons.org/licenses/by/3.0,United States,Nevada,"head of Big Creek [=Cold Spring], Pine Forest Range",23-Jul-09,41.66879,-118.69037,female,,Tamias,Rodentia,Sciuridae,8000,8000,Tamias minimus
http://mvz.berkeley.edu/mvzdata_terms; https://creativecommons.org/licenses/by/3.0,United States,Nevada,"Camp III, Hidden Meadow, Pine Forest Range",31-Jul-09,41.668,-118.73008,female,,Tamias,Rodentia,Sciuridae,8400,8400,Tamias minimus
http://mvz.berkeley.edu/mvzdata_terms; https://creativecommons.org/licenses/by/3.0,United States,Nevada,"Leonard Creek, Pine Forest Range",3-Aug-09,41.64186,-118.69513,female,,Tamias,Rodentia,Sciuridae,6500,6500,Tamias minimus
http://mvz.berkeley.edu/mvzdata_terms; https://creativecommons.org/licenses/by/3.0,United States,Nevada,"Leonard Creek, Pine Forest Range",3-Aug-09,41.64186,-118.69513,unknown,,Tamias,Rodentia,Sciuridae,6500,6500,Tamias minimus
http://mvz.berkeley.edu/mvzdata_terms; https://creativecommons.org/licenses/by/3.0,United States,Nevada,"Leonard Creek, Pine Forest Range",3-Aug-09,41.64186,-118.69513,male,,Tamias,Rodentia,Sciuridae,6500,6500,Tamias minimus
http://mvz.berkeley.edu/mvzdata_terms; https://creativecommons.org/licenses/by/3.0,United States,Nevada,"Leonard Creek, Pine Forest Range",4-Aug-09,41.64186,-118.69513,male,,Tamias,Rodentia,Sciuridae,6500,6500,Tamias minimus
http://mvz.berkeley.edu/mvzdata_terms; https://creativecommons.org/licenses/by/3.0,United States,Nevada,"Leonard Creek, Pine Forest Range",8-Aug-09,41.64186,-118.69513,female,,Tamias,Rodentia,Sciuridae,6500,6500,Tamias minimus
http://mvz.berkeley.edu/mvzdata_terms; https://creativecommons.org/licenses/by/3.0,United States,Nevada,"Leonard Creek, Pine Forest Range",8-Aug-09,41.64186,-118.69513,female,,Tamias,Rodentia,Sciuridae,6500,6500,Tamias minimus
http://mvz.berkeley.edu/mvzdata_terms; https://creativecommons.org/licenses/by/3.0,United States,Nevada,"Leonard Creek, Pine Forest Range",9-Aug-09,41.64186,-118.69513,female,,Tamias,Rodentia,Sciuridae,6500,6500,Tamias minimus
http://mvz.berkeley.edu/mvzdata_terms; https://creativecommons.org/licenses/by/3.0,United States,Nevada,vicinity of Quinn River Crossing,23-May-09,41.58799,-118.43248,unknown,,Tamias,Rodentia,Sciuridae,4100,4100,Tamias minimus
http://mvz.berkeley.edu/mvzdata_terms; https://creativecommons.org/licenses/by/3.0,United States,Nevada,vicinity of Quinn River Crossing,23-May-09,41.58799,-118.43248,unknown,,Tamias,Rodentia,Sciuridae,4100,4100,Tamias minimus
http://mvz.berkeley.edu/mvzdata_terms; https://creativecommons.org/licenses/by/3.0,United States,Nevada,vicinity of Quinn River Crossing,23-May-09,41.58799,-118.43248,unknown,,Tamias,Rodentia,Sciuridae,4100,4100,Tamias minimus
http://mvz.berkeley.edu/mvzdata_terms; https://creativecommons.org/licenses/by/3.0,United States,Nevada,vicinity of Quinn River Crossing,23-May-09,41.58799,-118.43248,unknown,,Tamias,Rodentia,Sciuridae,4100,4100,Tamias minimus
http://mvz.berkeley.edu/mvzdata_terms; https://creativecommons.org/licenses/by/3.0,United States,Nevada,Virgin Valley,14-May-09,41.84417,-119.00944,male,,Tamias,Rodentia,Sciuridae,,,Tamias minimus
http://mvz.berkeley.edu/mvzdata_terms; https://creativecommons.org/licenses/by/3.0,United States,Nevada,Virgin Valley,25-May-09,41.84417,-119.00944,female,,Tamias,Rodentia,Sciuridae,,,Tamias minimus
http://mvz.berkeley.edu/mvzdata_terms; https://creativecommons.org/licenses/by/3.0,United States,Nevada,Virgin Valley,9-Jun-09,41.84417,-119.00944,female,,Tamias,Rodentia,Sciuridae,,,Tamias minimus
http://mvz.berkeley.edu/mvzdata_terms; https://creativecommons.org/licenses/by/3.0,United States,Nevada,"head of Big Creek [=Cold Spring], Pine Forest Range",1-Jul-09,41.66879,-118.69037,male,,Tamias,Rodentia,Sciuridae,8000,8000,Tamias minimus
http://mvz.berkeley.edu/mvzdata_terms; https://creativecommons.org/licenses/by/3.0,United States,Nevada,mouth of Little High Rock Canyon,30-May-20,41.2691928,-119.3084171,male,,Tamias,Rodentia,Sciuridae,5000,5000,Tamias minimus
http://mvz.berkeley.edu/mvzdata_terms; https://creativecommons.org/licenses/by/3.0,United States,Nevada,mouth of Little High Rock Canyon,30-May-20,41.2691928,-119.3084171,female,,Tamias,Rodentia,Sciuridae,5000,5000,Tamias minimus
http://mvz.berkeley.edu/mvzdata_terms; https://creativecommons.org/licenses/by/3.0,United States,Nevada,mouth of Little High Rock Canyon,2-Jun-20,41.2691928,-119.3084171,female,,Tamias,Rodentia,Sciuridae,5000,5000,Tamias minimus
http://mvz.berkeley.edu/mvzdata_terms; https://creativecommons.org/licenses/by/3.0,United States,Nevada,mouth of Little High Rock Canyon,4-Jun-20,41.2691928,-119.3084171,female,,Tamias,Rodentia,Sciuridae,5000,5000,Tamias minimus
http://mvz.berkeley.edu/mvzdata_terms; https://creativecommons.org/licenses/by/3.0,United States,Nevada,mouth of Little High Rock Canyon,5-Jun-20,41.2691928,-119.3084171,female,,Tamias,Rodentia,Sciuridae,5000,5000,Tamias minimus
http://mvz.berkeley.edu/mvzdata_terms; https://creativecommons.org/licenses/by/3.0,United States,Nevada,"Bell's Ranch, Reese River",2-Jun-25,38.93389,-117.48083,female,,Tamias,Rodentia,Sciuridae,6890,6890,Tamias minimus
http://mvz.berkeley.edu/mvzdata_terms; https://creativecommons.org/licenses/by/3.0,United States,Nevada,"Bell's Ranch, Reese River",2-Jun-25,38.93389,-117.48083,male,,Tamias,Rodentia,Sciuridae,6890,6890,Tamias minimus
http://mvz.berkeley.edu/mvzdata_terms; https://creativecommons.org/licenses/by/3.0,United States,Nevada,"Bell's Ranch, Reese River",4-Jun-25,38.93389,-117.48083,female,,Tamias,Rodentia,Sciuridae,6890,6890,Tamias minimus
http://mvz.berkeley.edu/mvzdata_terms; https://creativecommons.org/licenses/by/3.0,United States,Nevada,Chiatovich Creek,13-May-27,37.82389,-118.00528,male,,Tamias,Rodentia,Sciuridae,8200,8200,Tamias minimus
http://mvz.berkeley.edu/mvzdata_terms; https://creativecommons.org/licenses/by/3.0,United States,Nevada,Chiatovich Creek,14-May-27,37.82389,-118.00528,male,,Tamias,Rodentia,Sciuridae,8200,8200,Tamias minimus
http://mvz.berkeley.edu/mvzdata_terms; https://creativecommons.org/licenses/by/3.0,United States,Nevada,Chiatovich Creek,14-May-27,37.82389,-118.00528,female,,Tamias,Rodentia,Sciuridae,8200,8200,Tamias minimus
http://mvz.berkeley.edu/mvzdata_terms; https://creativecommons.org/licenses/by/3.0,United States,Nevada,Chiatovich Creek,14-May-27,37.82389,-118.00528,female,,Tamias,Rodentia,Sciuridae,8200,8200,Tamias minimus
http://mvz.berkeley.edu/mvzdata_terms; https://creativecommons.org/licenses/by/3.0,United States,Nevada,Chiatovich Creek,17-May-27,37.82389,-118.00528,male,,Tamias,Rodentia,Sciuridae,8200,8200,Tamias minimus
http://mvz.berkeley.edu/mvzdata_terms; https://creativecommons.org/licenses/by/3.0,United States,Nevada,Chiatovich Creek,17-May-27,37.82389,-118.00528,female,,Tamias,Rodentia,Sciuridae,8200,8200,Tamias minimus
http://mvz.berkeley.edu/mvzdata_terms; https://creativecommons.org/licenses/by/3.0,United States,Nevada,Chiatovich Creek,14-May-27,37.82389,-118.00528,female,,Tamias,Rodentia,Sciuridae,8200,8200,Tamias minimus
http://mvz.berkeley.edu/mvzdata_terms; https://creativecommons.org/licenses/by/3.0,United States,Nevada,N side Mt. McGruder,14-Jun-27,37.41083,-117.54611,female,,Tamias,Rodentia,Sciuridae,7400,7400,Tamias minimus
http://mvz.berkeley.edu/mvzdata_terms; https://creativecommons.org/licenses/by/3.0,United States,Nevada,Chiatovich Creek,8-May-27,37.82389,-118.00528,male,,Tamias,Rodentia,Sciuridae,7000,7000,Tamias minimus
http://mvz.berkeley.edu/mvzdata_terms; https://creativecommons.org/licenses/by/3.0,United States,Nevada,Chiatovich Creek,20-May-27,37.82389,-118.00528,male,,Tamias,Rodentia,Sciuridae,8200,8200,Tamias minimus
http://mvz.berkeley.edu/mvzdata_terms; https://creativecommons.org/licenses/by/3.0,United States,Nevada,Chiatovich Creek,20-May-27,37.82389,-118.00528,male,,Tamias,Rodentia,Sciuridae,8200,8200,Tamias minimus
http://mvz.berkeley.edu/mvzdata_terms; https://creativecommons.org/licenses/by/3.0,United States,Nevada,Chiatovich Creek,20-May-27,37.82389,-118.00528,female,,Tamias,Rodentia,Sciuridae,8200,8200,Tamias minimus
http://mvz.berkeley.edu/mvzdata_terms; https://creativecommons.org/licenses/by/3.0,United States,Nevada,Chiatovich Creek,20-May-27,37.82389,-118.00528,female,,Tamias,Rodentia,Sciuridae,8200,8200,Tamias minimus
http://mvz.berkeley.edu/mvzdata_terms; https://creativecommons.org/licenses/by/3.0,United States,Nevada,Chiatovich Creek,20-May-27,37.82389,-118.00528,male,,Tamias,Rodentia,Sciuridae,8200,8200,Tamias minimus
http://mvz.berkeley.edu/mvzdata_terms; https://creativecommons.org/licenses/by/3.0,United States,Nevada,Chiatovich Creek,20-May-27,37.82389,-118.00528,female,,Tamias,Rodentia,Sciuridae,8200,8200,Tamias minimus
http://mvz.berkeley.edu/mvzdata_terms; https://creativecommons.org/licenses/by/3.0,United States,Nevada,Chiatovich Creek,20-May-27,37.82389,-118.00528,male,,Tamias,Rodentia,Sciuridae,8200,8200,Tamias minimus
http://mvz.berkeley.edu/mvzdata_terms; https://creativecommons.org/licenses/by/3.0,United States,Nevada,Chiatovich Creek,20-May-27,37.82389,-118.00528,male,,Tamias,Rodentia,Sciuridae,8200,8200,Tamias minimus
http://mvz.berkeley.edu/mvzdata_terms; https://creativecommons.org/licenses/by/3.0,United States,Nevada,Chiatovich Creek,20-May-27,37.82389,-118.00528,male,,Tamias,Rodentia,Sciuridae,8200,8200,Tamias minimus
http://mvz.berkeley.edu/mvzdata_terms; https://creativecommons.org/licenses/by/3.0,United States,Nevada,Fletcher,22-Jul-28,38.35694,-118.8975,male,,Tamias,Rodentia,Sciuridae,6098,6098,Tamias minimus
http://mvz.berkeley.edu/mvzdata_terms; https://creativecommons.org/licenses/by/3.0,United States,Nevada,Baker Creek,5-Jun-29,38.96917,-114.28,female,,Tamias,Rodentia,Sciuridae,6600,6600,Tamias minimus
http://mvz.berkeley.edu/mvzdata_terms; https://creativecommons.org/licenses/by/3.0,United States,Nevada,Baker Creek,12-Jun-29,38.96917,-114.28,female,,Tamias,Rodentia,Sciuridae,7200,7200,Tamias minimus
http://mvz.berkeley.edu/mvzdata_terms; https://creativecommons.org/licenses/by/3.0,United States,Nevada,Baker Creek,12-Jun-29,38.96917,-114.28,female,,Tamias,Rodentia,Sciuridae,7200,7200,Tamias minimus
http://mvz.berkeley.edu/mvzdata_terms; https://creativecommons.org/licenses/by/3.0,United States,Nevada,1.5 mi N Mt. Well,20-May-29,,,female,,Tamias,Rodentia,Sciuridae,6100,6100,Tamias minimus
http://mvz.berkeley.edu/mvzdata_terms; https://creativecommons.org/licenses/by/3.0,United States,Nevada,Tehman Creek,24-May-29,,,male,,Tamias,Rodentia,Sciuridae,8200,8200,Tamias minimus
http://mvz.berkeley.edu/mvzdata_terms; https://creativecommons.org/licenses/by/3.0,United States,Nevada,2.5 mi E Baker,30-May-29,39.01333,-114.07499,male,,Tamias,Rodentia,Sciuridae,,,Tamias minimus
http://mvz.berkeley.edu/mvzdata_terms; https://creativecommons.org/licenses/by/3.0,United States,Nevada,1 mi N Baker,31-May-29,39.02783,-114.12194,female,,Tamias,Rodentia,Sciuridae,,,Tamias minimus
http://mvz.berkeley.edu/mvzdata_terms; https://creativecommons.org/licenses/by/3.0,United States,Nevada,1 mi N Baker,31-May-29,39.02783,-114.12194,male,,Tamias,Rodentia,Sciuridae,,,Tamias minimus
http://mvz.berkeley.edu/mvzdata_terms; https://creativecommons.org/licenses/by/3.0,United States,Nevada,1 mi N Baker,31-May-29,39.02783,-114.12194,male,,Tamias,Rodentia,Sciuridae,,,Tamias minimus
http://mvz.berkeley.edu/mvzdata_terms; https://creativecommons.org/licenses/by/3.0,United States,Nevada,1 mi N Baker,1-Jun-29,39.02783,-114.12194,male,,Tamias,Rodentia,Sciuridae,,,Tamias minimus
http://mvz.berkeley.edu/mvzdata_terms; https://creativecommons.org/licenses/by/3.0,United States,Nevada,Baker,3-Jun-29,39.01333,-115.33111,male,,Tamias,Rodentia,Sciuridae,5800,5800,Tamias minimus
http://mvz.berkeley.edu/mvzdata_terms; https://creativecommons.org/licenses/by/3.0,United States,Nevada,Baker,3-Jun-29,39.01333,-115.33111,male,,Tamias,Rodentia,Sciuridae,5800,5800,Tamias minimus
http://mvz.berkeley.edu/mvzdata_terms; https://creativecommons.org/licenses/by/3.0,United States,Nevada,Baker Creek,5-Jun-29,38.96917,-114.28,female,,Tamias,Rodentia,Sciuridae,6600,6600,Tamias minimus
http://mvz.berkeley.edu/mvzdata_terms; https://creativecommons.org/licenses/by/3.0,United States,Nevada,Baker Creek,6-Jun-29,38.96917,-114.28,male,,Tamias,Rodentia,Sciuridae,6600,6600,Tamias minimus
http://mvz.berkeley.edu/mvzdata_terms; https://creativecommons.org/licenses/by/3.0,United States,Nevada,Baker Creek,6-Jun-29,38.96917,-114.28,female,,Tamias,Rodentia,Sciuridae,6600,6600,Tamias minimus
http://mvz.berkeley.edu/mvzdata_terms; https://creativecommons.org/licenses/by/3.0,United States,Nevada,Baker Creek,7-Jun-29,38.96917,-114.28,male,,Tamias,Rodentia,Sciuridae,6600,6600,Tamias minimus
http://mvz.berkeley.edu/mvzdata_terms; https://creativecommons.org/licenses/by/3.0,United States,Nevada,Baker Creek,7-Jun-29,38.96917,-114.28,male,,Tamias,Rodentia,Sciuridae,6600,6600,Tamias minimus
http://mvz.berkeley.edu/mvzdata_terms; https://creativecommons.org/licenses/by/3.0,United States,Nevada,Baker Creek,10-Jun-29,38.96917,-114.28,male,,Tamias,Rodentia,Sciuridae,7200,7200,Tamias minimus
http://mvz.berkeley.edu/mvzdata_terms; https://creativecommons.org/licenses/by/3.0,United States,Nevada,Baker Creek,10-Jun-29,38.96917,-114.28,female,,Tamias,Rodentia,Sciuridae,7200,7200,Tamias minimus
http://mvz.berkeley.edu/mvzdata_terms; https://creativecommons.org/licenses/by/3.0,United States,Nevada,Baker Creek,11-Jun-29,38.96917,-114.28,female,,Tamias,Rodentia,Sciuridae,7200,7200,Tamias minimus
http://mvz.berkeley.edu/mvzdata_terms; https://creativecommons.org/licenses/by/3.0,United States,Nevada,Baker Creek,12-Jun-29,38.96917,-114.28,male,,Tamias,Rodentia,Sciuridae,7200,7200,Tamias minimus
http://mvz.berkeley.edu/mvzdata_terms; https://creativecommons.org/licenses/by/3.0,United States,Nevada,Baker Creek,12-Jun-29,38.96917,-114.28,male,,Tamias,Rodentia,Sciuridae,7200,7200,Tamias minimus
http://mvz.berkeley.edu/mvzdata_terms; https://creativecommons.org/licenses/by/3.0,United States,Nevada,Baker Creek,12-Jun-29,38.96917,-114.28,female,,Tamias,Rodentia,Sciuridae,7200,7200,Tamias minimus
http://mvz.berkeley.edu/mvzdata_terms; https://creativecommons.org/licenses/by/3.0,United States,Nevada,Baker Creek,12-Jun-29,38.96917,-114.28,female,,Tamias,Rodentia,Sciuridae,7200,7200,Tamias minimus
http://mvz.berkeley.edu/mvzdata_terms; https://creativecommons.org/licenses/by/3.0,United States,Nevada,Baker Creek,16-Jun-29,38.96917,-114.28,female,,Tamias,Rodentia,Sciuridae,8675,8675,Tamias minimus
http://mvz.berkeley.edu/mvzdata_terms; https://creativecommons.org/licenses/by/3.0,United States,Nevada,Baker Creek,19-Jun-29,38.96917,-114.28,male,,Tamias,Rodentia,Sciuridae,8675,8675,Tamias minimus
http://mvz.berkeley.edu/mvzdata_terms; https://creativecommons.org/licenses/by/3.0,United States,Nevada,Baker Creek,20-Jun-29,38.96917,-114.28,female,,Tamias,Rodentia,Sciuridae,8675,8675,Tamias minimus
http://mvz.berkeley.edu/mvzdata_terms; https://creativecommons.org/licenses/by/3.0,United States,Nevada,Baker Creek,22-Jun-29,38.96917,-114.28,female,,Tamias,Rodentia,Sciuridae,8675,8675,Tamias minimus
http://mvz.berkeley.edu/mvzdata_terms; https://creativecommons.org/licenses/by/3.0,United States,Nevada,"7 mi SW Osceola, Spring Valley",28-Jun-29,39.01881,-114.47679,female,,Tamias,Rodentia,Sciuridae,6275,6275,Tamias minimus
http://mvz.berkeley.edu/mvzdata_terms; https://creativecommons.org/licenses/by/3.0,United States,Nevada,"7 mi SW Osceola, Spring Valley",30-Jun-29,39.01881,-114.47679,female,,Tamias,Rodentia,Sciuridae,6100,6100,Tamias minimus
http://mvz.berkeley.edu/mvzdata_terms; https://creativecommons.org/licenses/by/3.0,United States,Nevada,"7 mi SW Osceola, Spring Valley",30-Jun-29,39.01881,-114.47679,male,,Tamias,Rodentia,Sciuridae,6100,6100,Tamias minimus
http://mvz.berkeley.edu/mvzdata_terms; https://creativecommons.org/licenses/by/3.0,United States,Nevada,"7 mi SW Osceola, Spring Valley",30-Jun-29,39.01881,-114.47679,female,,Tamias,Rodentia,Sciuridae,6100,6100,Tamias minimus
http://mvz.berkeley.edu/mvzdata_terms; https://creativecommons.org/licenses/by/3.0,United States,Nevada,"7 mi SW Osceola, Spring Valley",30-Jun-29,39.01881,-114.47679,female,,Tamias,Rodentia,Sciuridae,6100,6100,Tamias minimus
http://mvz.berkeley.edu/mvzdata_terms; https://creativecommons.org/licenses/by/3.0,United States,Nevada,"7 mi SW Osceola, Spring Valley",30-Jun-29,39.01881,-114.47679,male,,Tamias,Rodentia,Sciuridae,6100,6100,Tamias minimus
http://mvz.berkeley.edu/mvzdata_terms; https://creativecommons.org/licenses/by/3.0,United States,Nevada,"7 mi SW Osceola, Spring Valley",30-Jun-29,39.01881,-114.47679,female,,Tamias,Rodentia,Sciuridae,6100,6100,Tamias minimus
http://mvz.berkeley.edu/mvzdata_terms; https://creativecommons.org/licenses/by/3.0,United States,Nevada,"7 mi SW Osceola, Spring Valley",30-Jun-29,39.01881,-114.47679,male,,Tamias,Rodentia,Sciuridae,6100,6100,Tamias minimus
http://mvz.berkeley.edu/mvzdata_terms; https://creativecommons.org/licenses/by/3.0,United States,Nevada,"7 mi SW Osceola, Spring Valley",30-Jun-29,39.01881,-114.47679,female,,Tamias,Rodentia,Sciuridae,6100,6100,Tamias minimus
http://mvz.berkeley.edu/mvzdata_terms; https://creativecommons.org/licenses/by/3.0,United States,Nevada,"7 mi SW Osceola, Spring Valley",30-Jun-29,39.01881,-114.47679,female,,Tamias,Rodentia,Sciuridae,6100,6100,Tamias minimus
http://mvz.berkeley.edu/mvzdata_terms; https://creativecommons.org/licenses/by/3.0,United States,Nevada,"5 mi NW Shoshone Post Office, Spring Valley",1-Jul-29,38.89987,-114.47248,female,,Tamias,Rodentia,Sciuridae,6100,6100,Tamias minimus
http://mvz.berkeley.edu/mvzdata_terms; https://creativecommons.org/licenses/by/3.0,United States,Nevada,"Willard Creek, Spring Valley",2-Jul-29,39.01111,-114.40833,male,,Tamias,Rodentia,Sciuridae,7700,7700,Tamias minimus
http://mvz.berkeley.edu/mvzdata_terms; https://creativecommons.org/licenses/by/3.0,United States,Nevada,"Willard Creek, Spring Valley",3-Jul-29,39.01111,-114.40833,female,,Tamias,Rodentia,Sciuridae,8200,8200,Tamias minimus
http://mvz.berkeley.edu/mvzdata_terms; https://creativecommons.org/licenses/by/3.0,United States,Nevada,5 mi S Millett Post Office,21-Apr-30,38.9428,-117.18,male,,Tamias,Rodentia,Sciuridae,5500,5500,Tamias minimus
http://mvz.berkeley.edu/mvzdata_terms; https://creativecommons.org/licenses/by/3.0,United States,Nevada,5 mi S Millett Post Office,21-Apr-30,38.9428,-117.18,male,,Tamias,Rodentia,Sciuridae,5500,5500,Tamias minimus
http://mvz.berkeley.edu/mvzdata_terms; https://creativecommons.org/licenses/by/3.0,United States,Nevada,5 mi S Millett Post Office,21-Apr-30,38.9428,-117.18,male,,Tamias,Rodentia,Sciuridae,5500,5500,Tamias minimus
http://mvz.berkeley.edu/mvzdata_terms; https://creativecommons.org/licenses/by/3.0,United States,Nevada,5 mi S Millett Post Office,21-Apr-30,38.9428,-117.18,male,,Tamias,Rodentia,Sciuridae,5500,5500,Tamias minimus
http://mvz.berkeley.edu/mvzdata_terms; https://creativecommons.org/licenses/by/3.0,United States,Nevada,5 mi S Millett Post Office,21-Apr-30,38.9428,-117.18,female,,Tamias,Rodentia,Sciuridae,5500,5500,Tamias minimus
http://mvz.berkeley.edu/mvzdata_terms; https://creativecommons.org/licenses/by/3.0,United States,Nevada,5 mi S Millett Post Office,23-Apr-30,38.9428,-117.18,female,,Tamias,Rodentia,Sciuridae,5500,5500,Tamias minimus
http://mvz.berkeley.edu/mvzdata_terms; https://creativecommons.org/licenses/by/3.0,United States,Nevada,5 mi S Millett Post Office,23-Apr-30,38.9428,-117.18,male,,Tamias,Rodentia,Sciuridae,5500,5500,Tamias minimus
http://mvz.berkeley.edu/mvzdata_terms; https://creativecommons.org/licenses/by/3.0,United States,Nevada,5 mi S Millett Post Office,23-Apr-30,38.9428,-117.18,male,,Tamias,Rodentia,Sciuridae,5500,5500,Tamias minimus
http://mvz.berkeley.edu/mvzdata_terms; https://creativecommons.org/licenses/by/3.0,United States,Nevada,5 mi S Millett Post Office,24-Apr-30,38.9428,-117.18,female,,Tamias,Rodentia,Sciuridae,5500,5500,Tamias minimus
http://mvz.berkeley.edu/mvzdata_terms; https://creativecommons.org/licenses/by/3.0,United States,Nevada,5 mi S Millett Post Office,24-Apr-30,38.9428,-117.18,male,,Tamias,Rodentia,Sciuridae,5500,5500,Tamias minimus
http://mvz.berkeley.edu/mvzdata_terms; https://creativecommons.org/licenses/by/3.0,United States,Nevada,5 mi S Millett Post Office,25-Apr-30,38.9428,-117.18,male,,Tamias,Rodentia,Sciuridae,5500,5500,Tamias minimus
http://mvz.berkeley.edu/mvzdata_terms; https://creativecommons.org/licenses/by/3.0,United States,Nevada,5 mi S Millett Post Office,26-Apr-30,38.9428,-117.18,male,,Tamias,Rodentia,Sciuridae,5500,5500,Tamias minimus
http://mvz.berkeley.edu/mvzdata_terms; https://creativecommons.org/licenses/by/3.0,United States,Nevada,5 mi S Millett Post Office,26-Apr-30,38.9428,-117.18,male,,Tamias,Rodentia,Sciuridae,5500,5500,Tamias minimus
http://mvz.berkeley.edu/mvzdata_terms; https://creativecommons.org/licenses/by/3.0,United States,Nevada,South Twin River,11-May-30,38.89,-117.23,female,,Tamias,Rodentia,Sciuridae,6500,6500,Tamias minimus
http://mvz.berkeley.edu/mvzdata_terms; https://creativecommons.org/licenses/by/3.0,United States,Nevada,5 mi S Millett Post Office,14-May-30,38.9428,-117.18,female,,Tamias,Rodentia,Sciuridae,5500,5500,Tamias minimus
http://mvz.berkeley.edu/mvzdata_terms; https://creativecommons.org/licenses/by/3.0,United States,Nevada,5 mi S Millett Post Office,15-May-30,38.9428,-117.18,female,,Tamias,Rodentia,Sciuridae,5500,5500,Tamias minimus
http://mvz.berkeley.edu/mvzdata_terms; https://creativecommons.org/licenses/by/3.0,United States,Nevada,Ophir Creek,18-May-30,38.93611,-117.20361,female,,Tamias,Rodentia,Sciuridae,6500,6500,Tamias minimus
http://mvz.berkeley.edu/mvzdata_terms; https://creativecommons.org/licenses/by/3.0,United States,Nevada,Ophir Creek,18-May-30,38.93611,-117.20361,male,,Tamias,Rodentia,Sciuridae,6500,6500,Tamias minimus
http://mvz.berkeley.edu/mvzdata_terms; https://creativecommons.org/licenses/by/3.0,United States,Nevada,Ridge S of Wisconsin Creek,21-May-30,38.94861,-117.22056,female,,Tamias,Rodentia,Sciuridae,8000,8400,Tamias minimus
http://mvz.berkeley.edu/mvzdata_terms; https://creativecommons.org/licenses/by/3.0,United States,Nevada,Wisconsin Creek,21-May-30,38.95,-117.22,female,,Tamias,Rodentia,Sciuridae,7800,7800,Tamias minimus
http://mvz.berkeley.edu/mvzdata_terms; https://creativecommons.org/licenses/by/3.0,United States,Nevada,Wisconsin Creek,21-May-30,38.95,-117.22,male,,Tamias,Rodentia,Sciuridae,7800,7800,Tamias minimus
http://mvz.berkeley.edu/mvzdata_terms; https://creativecommons.org/licenses/by/3.0,United States,Nevada,Wisconsin Creek,22-May-30,38.95,-117.22,female,,Tamias,Rodentia,Sciuridae,7800,7800,Tamias minimus
http://mvz.berkeley.edu/mvzdata_terms; https://creativecommons.org/licenses/by/3.0,United States,Nevada,Wisconsin Creek,22-May-30,38.95,-117.22,female,,Tamias,Rodentia,Sciuridae,7800,7800,Tamias minimus
http://mvz.berkeley.edu/mvzdata_terms; https://creativecommons.org/licenses/by/3.0,United States,Nevada,Wisconsin Creek,22-May-30,38.95,-117.22,female,,Tamias,Rodentia,Sciuridae,7800,7800,Tamias minimus
http://mvz.berkeley.edu/mvzdata_terms; https://creativecommons.org/licenses/by/3.0,United States,Nevada,Wisconsin Creek,22-May-30,38.95,-117.22,female,,Tamias,Rodentia,Sciuridae,7800,7800,Tamias minimus
http://mvz.berkeley.edu/mvzdata_terms; https://creativecommons.org/licenses/by/3.0,United States,Nevada,Wisconsin Creek,23-May-30,38.95,-117.22,male,,Tamias,Rodentia,Sciuridae,7800,7800,Tamias minimus
http://mvz.berkeley.edu/mvzdata_terms; https://creativecommons.org/licenses/by/3.0,United States,Nevada,Wisconsin Creek,23-May-30,38.95,-117.22,female,,Tamias,Rodentia,Sciuridae,7800,7800,Tamias minimus
http://mvz.berkeley.edu/mvzdata_terms; https://creativecommons.org/licenses/by/3.0,United States,Nevada,Wisconsin Creek,23-May-30,38.95,-117.22,male,,Tamias,Rodentia,Sciuridae,7800,7800,Tamias minimus
http://mvz.berkeley.edu/mvzdata_terms; https://creativecommons.org/licenses/by/3.0,United States,Nevada,Wisconsin Creek,24-May-30,38.95,-117.22,male,,Tamias,Rodentia,Sciuridae,7800,7800,Tamias minimus
http://mvz.berkeley.edu/mvzdata_terms; https://creativecommons.org/licenses/by/3.0,United States,Nevada,Wisconsin Creek,24-May-30,38.95,-117.22,female,,Tamias,Rodentia,Sciuridae,7800,7800,Tamias minimus
http://mvz.berkeley.edu/mvzdata_terms; https://creativecommons.org/licenses/by/3.0,United States,Nevada,Wisconsin Creek,24-May-30,38.95,-117.22,male,,Tamias,Rodentia,Sciuridae,7800,7800,Tamias minimus
http://mvz.berkeley.edu/mvzdata_terms; https://creativecommons.org/licenses/by/3.0,United States,Nevada,Wisconsin Creek,25-May-30,38.95,-117.22,male,,Tamias,Rodentia,Sciuridae,7800,7800,Tamias minimus
http://mvz.berkeley.edu/mvzdata_terms; https://creativecommons.org/licenses/by/3.0,United States,Nevada,Ridge S of Wisconsin Creek,25-May-30,38.94861,-117.22056,female,,Tamias,Rodentia,Sciuridae,8000,8400,Tamias minimus
http://mvz.berkeley.edu/mvzdata_terms; https://creativecommons.org/licenses/by/3.0,United States,Nevada,Wisconsin Creek,28-May-30,38.95,-117.22,female,,Tamias,Rodentia,Sciuridae,8200,8200,Tamias minimus
http://mvz.berkeley.edu/mvzdata_terms; https://creativecommons.org/licenses/by/3.0,United States,Nevada,Wisconsin Creek,1-Jun-30,38.95,-117.22,female,,Tamias,Rodentia,Sciuridae,7600,7600,Tamias minimus
http://mvz.berkeley.edu/mvzdata_terms; https://creativecommons.org/licenses/by/3.0,United States,Nevada,Kingston Ranger Station,6-Jun-30,39.25556,-117.1625,male,,Tamias,Rodentia,Sciuridae,7500,7500,Tamias minimus
http://mvz.berkeley.edu/mvzdata_terms; https://creativecommons.org/licenses/by/3.0,United States,Nevada,Kingston Ranger Station,9-Jun-30,39.25556,-117.1625,female,,Tamias,Rodentia,Sciuridae,7500,7500,Tamias minimus
http://mvz.berkeley.edu/mvzdata_terms; https://creativecommons.org/licenses/by/3.0,United States,Nevada,Kingston Ranger Station,9-Jun-30,39.25556,-117.1625,female,,Tamias,Rodentia,Sciuridae,7500,7500,Tamias minimus
http://mvz.berkeley.edu/mvzdata_terms; https://creativecommons.org/licenses/by/3.0,United States,Nevada,Kingston Ranger Station,10-Jun-30,39.25556,-117.1625,female,,Tamias,Rodentia,Sciuridae,7500,7500,Tamias minimus
http://mvz.berkeley.edu/mvzdata_terms; https://creativecommons.org/licenses/by/3.0,United States,Nevada,Kingston Ranger Station,10-Jun-30,39.25556,-117.1625,female,,Tamias,Rodentia,Sciuridae,7500,7500,Tamias minimus
http://mvz.berkeley.edu/mvzdata_terms; https://creativecommons.org/licenses/by/3.0,United States,Nevada,Kingston Ranger Station,10-Jun-30,39.25556,-117.1625,female,,Tamias,Rodentia,Sciuridae,7500,7500,Tamias minimus
http://mvz.berkeley.edu/mvzdata_terms; https://creativecommons.org/licenses/by/3.0,United States,Nevada,Birch Creek,21-Jun-30,39.3959732,-117.0343964,male,,Tamias,Rodentia,Sciuridae,7000,7000,Tamias minimus
http://mvz.berkeley.edu/mvzdata_terms; https://creativecommons.org/licenses/by/3.0,United States,Nevada,Birch Creek,22-Jun-30,39.3959732,-117.0343964,male,,Tamias,Rodentia,Sciuridae,7000,7000,Tamias minimus
http://mvz.berkeley.edu/mvzdata_terms; https://creativecommons.org/licenses/by/3.0,United States,Nevada,Wisconsin Creek,21-May-30,38.95,-117.22,female,,Tamias,Rodentia,Sciuridae,7800,7800,Tamias minimus
http://mvz.berkeley.edu/mvzdata_terms; https://creativecommons.org/licenses/by/3.0,United States,Nevada,Wisconsin Creek,24-May-30,38.95,-117.22,female,,Tamias,Rodentia,Sciuridae,7800,7800,Tamias minimus
http://mvz.berkeley.edu/mvzdata_terms; https://creativecommons.org/licenses/by/3.0,United States,Nevada,Ridge S of Wisconsin Creek,25-May-30,38.94861,-117.22056,female,,Tamias,Rodentia,Sciuridae,8000,8400,Tamias minimus
http://mvz.berkeley.edu/mvzdata_terms; https://creativecommons.org/licenses/by/3.0,United States,Nevada,Mahogany Canon,9-Jun-30,,,female,,Tamias,Rodentia,Sciuridae,8000,8000,Tamias minimus
http://mvz.berkeley.edu/mvzdata_terms; https://creativecommons.org/licenses/by/3.0,United States,Nevada,"Cleve Creek, Shell Creek Range",3-Aug-30,39.23333,-114.47222,male,,Tamias,Rodentia,Sciuridae,8300,8300,Tamias minimus
http://mvz.berkeley.edu/mvzdata_terms; https://creativecommons.org/licenses/by/3.0,United States,Nevada,"Cleve Creek, Shell Creek Range",3-Aug-30,39.23333,-114.47222,male,,Tamias,Rodentia,Sciuridae,8300,8300,Tamias minimus
http://mvz.berkeley.edu/mvzdata_terms; https://creativecommons.org/licenses/by/3.0,United States,Nevada,"Cleve Creek, Shell Creek Range",4-Aug-30,39.23333,-114.47222,female,,Tamias,Rodentia,Sciuridae,9200,9200,Tamias minimus
http://mvz.berkeley.edu/mvzdata_terms; https://creativecommons.org/licenses/by/3.0,United States,Nevada,"Cleve Creek, Shell Creek Range",4-Aug-30,39.23333,-114.47222,female,,Tamias,Rodentia,Sciuridae,8900,8900,Tamias minimus
http://mvz.berkeley.edu/mvzdata_terms; https://creativecommons.org/licenses/by/3.0,United States,Nevada,"Cleve Creek, Shell Creek Range",4-Aug-30,39.23333,-114.47222,male,,Tamias,Rodentia,Sciuridae,8900,8900,Tamias minimus
http://mvz.berkeley.edu/mvzdata_terms; https://creativecommons.org/licenses/by/3.0,United States,Nevada,"Cleve Creek, Shell Creek Range",6-Aug-30,39.23333,-114.47222,male,,Tamias,Rodentia,Sciuridae,8600,8600,Tamias minimus
http://mvz.berkeley.edu/mvzdata_terms; https://creativecommons.org/licenses/by/3.0,United States,Nevada,5.5 mi SE Ely,10-Aug-30,39.19112,-114.81528,male,,Tamias,Rodentia,Sciuridae,6430,6430,Tamias minimus
http://mvz.berkeley.edu/mvzdata_terms; https://creativecommons.org/licenses/by/3.0,United States,Nevada,5.5 mi SE Ely,12-Aug-30,39.19112,-114.81528,female,,Tamias,Rodentia,Sciuridae,6500,6500,Tamias minimus
http://mvz.berkeley.edu/mvzdata_terms; https://creativecommons.org/licenses/by/3.0,United States,Nevada,5.5 mi SE Ely,13-Aug-30,39.19112,-114.81528,male,,Tamias,Rodentia,Sciuridae,6500,6500,Tamias minimus
http://mvz.berkeley.edu/mvzdata_terms; https://creativecommons.org/licenses/by/3.0,United States,Nevada,Gleason Creek,16-Aug-30,39.24806,-114.89556,female,,Tamias,Rodentia,Sciuridae,7500,7500,Tamias minimus
http://mvz.berkeley.edu/mvzdata_terms; https://creativecommons.org/licenses/by/3.0,United States,Nevada,Gleason Creek,17-Aug-30,39.24806,-114.89556,female,,Tamias,Rodentia,Sciuridae,7500,7500,Tamias minimus
http://mvz.berkeley.edu/mvzdata_terms; https://creativecommons.org/licenses/by/3.0,United States,Nevada,Gleason Creek,17-Aug-30,39.24806,-114.89556,female,,Tamias,Rodentia,Sciuridae,7500,7500,Tamias minimus
http://mvz.berkeley.edu/mvzdata_terms; https://creativecommons.org/licenses/by/3.0,United States,Nevada,3 mi W Hamilton,21-Aug-30,39.25306,-115.54149,male,,Tamias,Rodentia,Sciuridae,8400,8400,Tamias minimus
http://mvz.berkeley.edu/mvzdata_terms; https://creativecommons.org/licenses/by/3.0,United States,Nevada,E side Shellbourne Pass,2-Sep-30,39.80556,-114.64778,male,,Tamias,Rodentia,Sciuridae,6800,6800,Tamias minimus
http://mvz.berkeley.edu/mvzdata_terms; https://creativecommons.org/licenses/by/3.0,United States,Nevada,E side Shellbourne Pass,2-Sep-30,39.80556,-114.64778,female,,Tamias,Rodentia,Sciuridae,6800,6800,Tamias minimus
http://mvz.berkeley.edu/mvzdata_terms; https://creativecommons.org/licenses/by/3.0,United States,Nevada,2.75 mi SW Pyramid,6-Jul-31,40.04682,-119.73752,male,,Tamias,Rodentia,Sciuridae,4300,4300,Tamias minimus
http://mvz.berkeley.edu/mvzdata_terms; https://creativecommons.org/licenses/by/3.0,United States,Nevada,5 mi S Millett,13-Sep-31,38.9428,-117.18,male,,Tamias,Rodentia,Sciuridae,5500,5500,Tamias minimus
http://mvz.berkeley.edu/mvzdata_terms; https://creativecommons.org/licenses/by/3.0,United States,Nevada,5 mi S Millett Post Office,14-Sep-31,38.9428,-117.18,male,,Tamias,Rodentia,Sciuridae,5500,5500,Tamias minimus
http://mvz.berkeley.edu/mvzdata_terms; https://creativecommons.org/licenses/by/3.0,United States,Nevada,"Breen Creek, Kawich Range",21-Sep-31,37.7175,-116.67194,male,,Tamias,Rodentia,Sciuridae,7100,7100,Tamias minimus
http://mvz.berkeley.edu/mvzdata_terms; https://creativecommons.org/licenses/by/3.0,United States,Nevada,"Breen Creek, Kawich Range",22-Sep-31,37.7175,-116.67194,female,,Tamias,Rodentia,Sciuridae,7000,7000,Tamias minimus
http://mvz.berkeley.edu/mvzdata_terms; https://creativecommons.org/licenses/by/3.0,United States,Nevada,"Breen Creek, Kawich Range",24-Sep-31,37.7175,-116.67194,male,,Tamias,Rodentia,Sciuridae,7000,7000,Tamias minimus
http://mvz.berkeley.edu/mvzdata_terms; https://creativecommons.org/licenses/by/3.0,United States,Nevada,4 mi S Millett,14-Sep-31,38.95729,-117.18,female,,Tamias,Rodentia,Sciuridae,5500,5500,Tamias minimus
http://mvz.berkeley.edu/mvzdata_terms; https://creativecommons.org/licenses/by/3.0,United States,Nevada,"17 mi W Sunnyside, White River Valley",11-Jun-32,38.42333,-115.33357,male,,Tamias,Rodentia,Sciuridae,,,Tamias minimus
http://mvz.berkeley.edu/mvzdata_terms; https://creativecommons.org/licenses/by/3.0,United States,Nevada,"17 mi W Sunnyside, White River Valley",11-Jun-32,38.42333,-115.33357,male,,Tamias,Rodentia,Sciuridae,,,Tamias minimus
http://mvz.berkeley.edu/mvzdata_terms; https://creativecommons.org/licenses/by/3.0,United States,Nevada,"8.5 mi NE Sharp, Garden Valley",6-Jun-32,,,male,,Tamias,Rodentia,Sciuridae,,,Tamias minimus
http://mvz.berkeley.edu/mvzdata_terms; https://creativecommons.org/licenses/by/3.0,United States,Nevada,"8.5 mi NE Sharp, Garden Valley",6-Jun-32,,,male,,Tamias,Rodentia,Sciuridae,,,Tamias minimus
http://mvz.berkeley.edu/mvzdata_terms; https://creativecommons.org/licenses/by/3.0,United States,Nevada,"8.5 mi NE Sharp, Garden Valley",6-Jun-32,,,male,,Tamias,Rodentia,Sciuridae,,,Tamias minimus
http://mvz.berkeley.edu/mvzdata_terms; https://creativecommons.org/licenses/by/3.0,United States,Nevada,"8.5 mi NE Sharp, Garden Valley",7-Jun-32,,,female,,Tamias,Rodentia,Sciuridae,,,Tamias minimus
http://mvz.berkeley.edu/mvzdata_terms; https://creativecommons.org/licenses/by/3.0,United States,Nevada,"8.5 mi NE Sharp, Garden Valley",7-Jun-32,,,female,,Tamias,Rodentia,Sciuridae,,,Tamias minimus
http://mvz.berkeley.edu/mvzdata_terms; https://creativecommons.org/licenses/by/3.0,United States,Nevada,"Pinchot Creek, White Mts.",5-Jun-33,37.915,-118.29083,male,,Tamias,Rodentia,Sciuridae,8200,8200,Tamias minimus
http://mvz.berkeley.edu/mvzdata_terms; https://creativecommons.org/licenses/by/3.0,United States,Nevada,"2 mi W Meadow Valley Ranger Sta, Toquima Mts.",14-Jun-33,38.69389,-116.95617,female,,Tamias,Rodentia,Sciuridae,,,Tamias minimus
http://mvz.berkeley.edu/mvzdata_terms; https://creativecommons.org/licenses/by/3.0,United States,Nevada,"Toquima Range, 1.5 mi E Jefferson",9-Jun-33,38.71333,-116.95392,male,,Tamias,Rodentia,Sciuridae,7750,7750,Tamias minimus
http://mvz.berkeley.edu/mvzdata_terms; https://creativecommons.org/licenses/by/3.0,United States,Nevada,"Toquima Range, 1 mi E Jefferson",4-Jul-33,38.71333,-116.96317,male,,Tamias,Rodentia,Sciuridae,7600,7600,Tamias minimus
http://mvz.berkeley.edu/mvzdata_terms; https://creativecommons.org/licenses/by/3.0,United States,Nevada,"Toquima Range, 1 mi E Jefferson",30-Jun-33,38.71333,-116.96317,male,,Tamias,Rodentia,Sciuridae,7600,7600,Tamias minimus
http://mvz.berkeley.edu/mvzdata_terms; https://creativecommons.org/licenses/by/3.0,United States,Nevada,"Toquima Range, 1 mi E Jefferson",30-Jun-33,38.71333,-116.96317,male,,Tamias,Rodentia,Sciuridae,7600,7600,Tamias minimus
http://mvz.berkeley.edu/mvzdata_terms; https://creativecommons.org/licenses/by/3.0,United States,Nevada,"Toquima Range, 1.75 mi E Jefferson",5-Jul-33,38.71333,-116.94929,female,,Tamias,Rodentia,Sciuridae,7800,7800,Tamias minimus
http://mvz.berkeley.edu/mvzdata_terms; https://creativecommons.org/licenses/by/3.0,United States,Nevada,"Toquima Range, S slope Mt. Jefferson",1-Jul-33,38.78833,-116.93167,female,,Tamias,Rodentia,Sciuridae,7600,8000,Tamias minimus
http://mvz.berkeley.edu/mvzdata_terms; https://creativecommons.org/licenses/by/3.0,United States,Nevada,"Toquima Range, S slope Mt. Jefferson",1-Jul-33,38.78833,-116.93167,female,,Tamias,Rodentia,Sciuridae,7600,8000,Tamias minimus
http://mvz.berkeley.edu/mvzdata_terms; https://creativecommons.org/licenses/by/3.0,United States,Nevada,"Toquima Range, S slope Mt. Jefferson",1-Jul-33,38.78833,-116.93167,female,,Tamias,Rodentia,Sciuridae,7600,8000,Tamias minimus
http://mvz.berkeley.edu/mvzdata_terms; https://creativecommons.org/licenses/by/3.0,United States,Nevada,"Toquima Range, S slope Mt. Jefferson",3-Jul-33,38.78833,-116.93167,male,,Tamias,Rodentia,Sciuridae,7600,8000,Tamias minimus
http://mvz.berkeley.edu/mvzdata_terms; https://creativecommons.org/licenses/by/3.0,United States,Nevada,"Toquima Range, N slope Toquima Mt.",2-Jul-33,,,male,,Tamias,Rodentia,Sciuridae,9400,9400,Tamias minimus
http://mvz.berkeley.edu/mvzdata_terms; https://creativecommons.org/licenses/by/3.0,United States,Nevada,"Monitor Valley, 9 mi E Toquima Peak",7-Jul-33,,,male,,Tamias,Rodentia,Sciuridae,7000,7000,Tamias minimus
http://mvz.berkeley.edu/mvzdata_terms; https://creativecommons.org/licenses/by/3.0,United States,Nevada,"Monitor Valley, 9 mi E Toquima Peak",7-Jul-33,,,male,,Tamias,Rodentia,Sciuridae,7000,7000,Tamias minimus
http://mvz.berkeley.edu/mvzdata_terms; https://creativecommons.org/licenses/by/3.0,United States,Nevada,"Monitor Valley, 8 mi E Toquima Peak",8-Jul-33,,,male,,Tamias,Rodentia,Sciuridae,7000,7000,Tamias minimus
http://mvz.berkeley.edu/mvzdata_terms; https://creativecommons.org/licenses/by/3.0,United States,Nevada,"Monitor Range, Greenmonster Canyon",12-Jul-33,38.73167,-116.47028,male,,Tamias,Rodentia,Sciuridae,7500,7500,Tamias minimus
http://mvz.berkeley.edu/mvzdata_terms; https://creativecommons.org/licenses/by/3.0,United States,Nevada,"Monitor Range, Greenmonster Canyon",13-Jul-33,38.73167,-116.47028,female,,Tamias,Rodentia,Sciuridae,7600,7600,Tamias minimus
http://mvz.berkeley.edu/mvzdata_terms; https://creativecommons.org/licenses/by/3.0,United States,Nevada,"Monitor Range, Greenmonster Canyon",13-Jul-33,38.73167,-116.47028,male,,Tamias,Rodentia,Sciuridae,7500,7500,Tamias minimus
http://mvz.berkeley.edu/mvzdata_terms; https://creativecommons.org/licenses/by/3.0,United States,Nevada,"Monitor Range, Greenmonster Canyon",13-Jul-33,38.73167,-116.47028,male,,Tamias,Rodentia,Sciuridae,7500,7500,Tamias minimus
http://mvz.berkeley.edu/mvzdata_terms; https://creativecommons.org/licenses/by/3.0,United States,Nevada,"Monitor Range, Greenmonster Canyon",13-Jul-33,38.73167,-116.47028,male,,Tamias,Rodentia,Sciuridae,7500,7500,Tamias minimus
http://mvz.berkeley.edu/mvzdata_terms; https://creativecommons.org/licenses/by/3.0,United States,Nevada,"Monitor Range, Greenmonster Canyon",13-Jul-33,38.73167,-116.47028,female,,Tamias,Rodentia,Sciuridae,7500,7500,Tamias minimus
http://mvz.berkeley.edu/mvzdata_terms; https://creativecommons.org/licenses/by/3.0,United States,Nevada,"Monitor Range, Greenmonster Canyon",14-Jul-33,38.73167,-116.47028,female,,Tamias,Rodentia,Sciuridae,8600,8600,Tamias minimus
http://mvz.berkeley.edu/mvzdata_terms; https://creativecommons.org/licenses/by/3.0,United States,Nevada,"Fish Spring Valley, 0.5 mi N Fish Lake",17-Jul-33,38.63048,-116.46846,female,,Tamias,Rodentia,Sciuridae,6400,6500,Tamias minimus
http://mvz.berkeley.edu/mvzdata_terms; https://creativecommons.org/licenses/by/3.0,United States,Nevada,"Quinn Canyon Mts., 7 mi E Nyala",31-Jul-33,38.24889,-115.59909,male,,Tamias,Rodentia,Sciuridae,6700,6700,Tamias minimus
http://mvz.berkeley.edu/mvzdata_terms; https://creativecommons.org/licenses/by/3.0,United States,Nevada,"Quinn Canyon Mts., Burned Corral Canyon",28-Jul-33,38.05188,-115.78011,male,,Tamias,Rodentia,Sciuridae,6700,7000,Tamias minimus
http://mvz.berkeley.edu/mvzdata_terms; https://creativecommons.org/licenses/by/3.0,United States,Nevada,"Quinn Canyon Mts., Burned Corral Canyon",28-Jul-33,38.05188,-115.78011,female,,Tamias,Rodentia,Sciuridae,6700,7000,Tamias minimus
http://mvz.berkeley.edu/mvzdata_terms; https://creativecommons.org/licenses/by/3.0,United States,Nevada,"Quinn Canyon Mts., Burned Corral Canyon",29-Jul-33,38.05188,-115.78011,female,,Tamias,Rodentia,Sciuridae,6750,6750,Tamias minimus
http://mvz.berkeley.edu/mvzdata_terms; https://creativecommons.org/licenses/by/3.0,United States,Nevada,"Quinn Canyon Mts., 7 mi E Nyala",31-Jul-33,38.24889,-115.59909,female,,Tamias,Rodentia,Sciuridae,6700,6700,Tamias minimus
http://mvz.berkeley.edu/mvzdata_terms; https://creativecommons.org/licenses/by/3.0,United States,Nevada,"Eagle Valley, 3.5 mi N Ursine",2-Aug-33,38.03547,-114.21444,male,,Tamias,Rodentia,Sciuridae,5900,5900,Tamias minimus
http://mvz.berkeley.edu/mvzdata_terms; https://creativecommons.org/licenses/by/3.0,United States,Nevada,"Eagle Valley, 3.5 mi N Ursine",3-Aug-33,38.03547,-114.21444,female,,Tamias,Rodentia,Sciuridae,5900,5900,Tamias minimus
http://mvz.berkeley.edu/mvzdata_terms; https://creativecommons.org/licenses/by/3.0,United States,Nevada,"Eagle Valley, 3.5 mi N Ursine",3-Aug-33,38.03547,-114.21444,male,,Tamias,Rodentia,Sciuridae,5900,5900,Tamias minimus
http://mvz.berkeley.edu/mvzdata_terms; https://creativecommons.org/licenses/by/3.0,United States,Nevada,"Eagle Valley, 3.5 mi N Ursine",3-Aug-33,38.03547,-114.21444,male,,Tamias,Rodentia,Sciuridae,5900,5900,Tamias minimus
http://mvz.berkeley.edu/mvzdata_terms; https://creativecommons.org/licenses/by/3.0,United States,Nevada,"Eagle Valley, 3.5 mi N Ursine",3-Aug-33,38.03547,-114.21444,female,,Tamias,Rodentia,Sciuridae,5900,5900,Tamias minimus
http://mvz.berkeley.edu/mvzdata_terms; https://creativecommons.org/licenses/by/3.0,United States,Nevada,"Eagle Valley, 3.5 mi N Ursine",3-Aug-33,38.03547,-114.21444,female,,Tamias,Rodentia,Sciuridae,5900,5900,Tamias minimus
http://mvz.berkeley.edu/mvzdata_terms; https://creativecommons.org/licenses/by/3.0,United States,Nevada,"Eagle Valley, 3.5 mi N Ursine",7-Aug-33,38.03547,-114.21444,male,,Tamias,Rodentia,Sciuridae,5900,5900,Tamias minimus
http://mvz.berkeley.edu/mvzdata_terms; https://creativecommons.org/licenses/by/3.0,United States,Nevada,"Eagle Valley, 3.5 mi N Ursine",7-Aug-33,38.03547,-114.21444,male,,Tamias,Rodentia,Sciuridae,5900,5900,Tamias minimus
http://mvz.berkeley.edu/mvzdata_terms; https://creativecommons.org/licenses/by/3.0,United States,Nevada,"Eagle Valley, 3.5 mi N Ursine",7-Aug-33,38.03547,-114.21444,male,,Tamias,Rodentia,Sciuridae,5900,5900,Tamias minimus
http://mvz.berkeley.edu/mvzdata_terms; https://creativecommons.org/licenses/by/3.0,United States,Nevada,2 mi SW Pine Grove,28-Jun-34,38.6594616,-119.0960193,female,,Tamias,Rodentia,Sciuridae,7250,7250,Tamias minimus
http://mvz.berkeley.edu/mvzdata_terms; https://creativecommons.org/licenses/by/3.0,United States,Nevada,2 mi SW Pine Grove,28-Jun-34,38.6594616,-119.0960193,female,,Tamias,Rodentia,Sciuridae,7250,7250,Tamias minimus
http://mvz.berkeley.edu/mvzdata_terms; https://creativecommons.org/licenses/by/3.0,United States,Nevada,2 mi SW Pine Grove,30-Jun-34,38.6594616,-119.0960193,female,,Tamias,Rodentia,Sciuridae,7250,7250,Tamias minimus
http://mvz.berkeley.edu/mvzdata_terms; https://creativecommons.org/licenses/by/3.0,United States,Nevada,2 mi SW Pine Grove,30-Jun-34,38.6594616,-119.0960193,male,,Tamias,Rodentia,Sciuridae,7250,7250,Tamias minimus
http://mvz.berkeley.edu/mvzdata_terms; https://creativecommons.org/licenses/by/3.0,United States,Nevada,"Lapon Canyon, Mt. Grant",12-Jul-34,38.537088,-118.841039,male,,Tamias,Rodentia,Sciuridae,8900,8900,Tamias minimus
http://mvz.berkeley.edu/mvzdata_terms; https://creativecommons.org/licenses/by/3.0,United States,Nevada,"Lapon Canyon, Mt. Grant",13-Jul-34,38.537088,-118.841039,female,,Tamias,Rodentia,Sciuridae,8900,8900,Tamias minimus
http://mvz.berkeley.edu/mvzdata_terms; https://creativecommons.org/licenses/by/3.0,United States,Nevada,"Cottonwood Creek, Mt. Grant",17-Jul-34,38.65,-118.79,male,,Tamias,Rodentia,Sciuridae,7400,7400,Tamias minimus
http://mvz.berkeley.edu/mvzdata_terms; https://creativecommons.org/licenses/by/3.0,United States,Nevada,Smiths Creek,23-Jul-34,39.34111,-117.50028,male,,Tamias,Rodentia,Sciuridae,6800,6800,Tamias minimus
http://mvz.berkeley.edu/mvzdata_terms; https://creativecommons.org/licenses/by/3.0,United States,Nevada,"Peterson Creek, Shoshone Mts.",27-Jul-34,39.23639,-117.52556,male,,Tamias,Rodentia,Sciuridae,7000,7000,Tamias minimus
http://mvz.berkeley.edu/mvzdata_terms; https://creativecommons.org/licenses/by/3.0,United States,Nevada,"Peterson Creek, Shoshone Mts.",27-Jul-34,39.23639,-117.52556,male,,Tamias,Rodentia,Sciuridae,7000,7000,Tamias minimus
http://mvz.berkeley.edu/mvzdata_terms; https://creativecommons.org/licenses/by/3.0,United States,Nevada,"Peterson Creek, Shoshone Mts.",27-Jul-34,39.23639,-117.52556,male,,Tamias,Rodentia,Sciuridae,7000,7000,Tamias minimus
http://mvz.berkeley.edu/mvzdata_terms; https://creativecommons.org/licenses/by/3.0,United States,Nevada,"Peterson Creek, Shoshone Mts.",27-Jul-34,39.23639,-117.52556,male,,Tamias,Rodentia,Sciuridae,7000,7000,Tamias minimus
http://mvz.berkeley.edu/mvzdata_terms; https://creativecommons.org/licenses/by/3.0,United States,Nevada,"Peterson Creek, Shoshone Mts.",27-Jul-34,39.23639,-117.52556,male,,Tamias,Rodentia,Sciuridae,7000,7000,Tamias minimus
http://mvz.berkeley.edu/mvzdata_terms; https://creativecommons.org/licenses/by/3.0,United States,Nevada,"Peterson Creek, Shoshone Mts.",27-Jul-34,39.23639,-117.52556,male,,Tamias,Rodentia,Sciuridae,7000,7000,Tamias minimus
http://mvz.berkeley.edu/mvzdata_terms; https://creativecommons.org/licenses/by/3.0,United States,Nevada,"Peterson Creek, Shoshone Mts.",27-Jul-34,39.23639,-117.52556,male,,Tamias,Rodentia,Sciuridae,7000,7000,Tamias minimus
http://mvz.berkeley.edu/mvzdata_terms; https://creativecommons.org/licenses/by/3.0,United States,Nevada,"Peterson Creek, Shoshone Mts.",28-Jul-34,39.23639,-117.52556,male,,Tamias,Rodentia,Sciuridae,7000,7000,Tamias minimus
http://mvz.berkeley.edu/mvzdata_terms; https://creativecommons.org/licenses/by/3.0,United States,Nevada,"Peterson Creek, Shoshone Mts.",28-Jul-34,39.23639,-117.52556,male,,Tamias,Rodentia,Sciuridae,7000,7000,Tamias minimus
http://mvz.berkeley.edu/mvzdata_terms; https://creativecommons.org/licenses/by/3.0,United States,Nevada,10 mi N Elko,26-May-34,40.97742,-115.76222,male,,Tamias,Rodentia,Sciuridae,,,Tamias minimus
http://mvz.berkeley.edu/mvzdata_terms; https://creativecommons.org/licenses/by/3.0,United States,Nevada,"Goose Creek, 2 mi W Utah line",11-Jul-35,41.95,-114.07,male,,Tamias,Rodentia,Sciuridae,5000,5000,Tamias minimus
http://mvz.berkeley.edu/mvzdata_terms; https://creativecommons.org/licenses/by/3.0,United States,Nevada,"Goose Creek, 2 mi W Utah line",11-Jul-35,41.95,-114.07,female,,Tamias,Rodentia,Sciuridae,5000,5000,Tamias minimus
http://mvz.berkeley.edu/mvzdata_terms; https://creativecommons.org/licenses/by/3.0,United States,Nevada,"Goose Creek, 2 mi W Utah line",11-Jul-35,41.95,-114.07,female,,Tamias,Rodentia,Sciuridae,5000,5000,Tamias minimus
http://mvz.berkeley.edu/mvzdata_terms; https://creativecommons.org/licenses/by/3.0,United States,Nevada,"Goose Creek, 2 mi W Utah line",11-Jul-35,41.95,-114.07,male,,Tamias,Rodentia,Sciuridae,5000,5000,Tamias minimus
http://mvz.berkeley.edu/mvzdata_terms; https://creativecommons.org/licenses/by/3.0,United States,Nevada,"Goose Creek, 2 mi W Utah line",11-Jul-35,41.95,-114.07,female,,Tamias,Rodentia,Sciuridae,5800,5800,Tamias minimus
http://mvz.berkeley.edu/mvzdata_terms; https://creativecommons.org/licenses/by/3.0,United States,Nevada,"Goose Creek, 2 mi W Utah line",11-Jul-35,41.95,-114.07,male,,Tamias,Rodentia,Sciuridae,5000,5000,Tamias minimus
http://mvz.berkeley.edu/mvzdata_terms; https://creativecommons.org/licenses/by/3.0,United States,Nevada,"Goose Creek, 2 mi W Utah line",12-Jul-35,41.95,-114.07,male,,Tamias,Rodentia,Sciuridae,5000,5000,Tamias minimus
http://mvz.berkeley.edu/mvzdata_terms; https://creativecommons.org/licenses/by/3.0,United States,Nevada,"Goose Creek, 2 mi W Utah line",13-Jul-35,41.95,-114.07,male,,Tamias,Rodentia,Sciuridae,5000,5000,Tamias minimus
http://mvz.berkeley.edu/mvzdata_terms; https://creativecommons.org/licenses/by/3.0,United States,Nevada,"Goose Creek, 2 mi W Utah line",13-Jul-35,41.95,-114.07,male,,Tamias,Rodentia,Sciuridae,5000,5000,Tamias minimus
http://mvz.berkeley.edu/mvzdata_terms; https://creativecommons.org/licenses/by/3.0,United States,Nevada,"Goose Creek, 2 mi W Utah line",14-Jul-35,41.95,-114.07,female,,Tamias,Rodentia,Sciuridae,5000,5000,Tamias minimus
http://mvz.berkeley.edu/mvzdata_terms; https://creativecommons.org/licenses/by/3.0,United States,Nevada,"Goose Creek, 2 mi W Utah line",14-Jul-35,41.95,-114.07,female,,Tamias,Rodentia,Sciuridae,5000,5000,Tamias minimus
http://mvz.berkeley.edu/mvzdata_terms; https://creativecommons.org/licenses/by/3.0,United States,Nevada,"Goose Creek, 2 mi W Utah line",14-Jul-35,41.95,-114.07,male,,Tamias,Rodentia,Sciuridae,5000,5000,Tamias minimus
http://mvz.berkeley.edu/mvzdata_terms; https://creativecommons.org/licenses/by/3.0,United States,Nevada,"Goose Creek, 2 mi W Utah line",14-Jul-35,41.95,-114.07,male,,Tamias,Rodentia,Sciuridae,5000,5000,Tamias minimus
http://mvz.berkeley.edu/mvzdata_terms; https://creativecommons.org/licenses/by/3.0,United States,Nevada,7 mi NE San Jacinto,16-Jul-35,41.94033,-114.57961,male,,Tamias,Rodentia,Sciuridae,5300,5300,Tamias minimus
http://mvz.berkeley.edu/mvzdata_terms; https://creativecommons.org/licenses/by/3.0,United States,Nevada,7 mi NE San Jacinto,16-Jul-35,41.94033,-114.57961,male,,Tamias,Rodentia,Sciuridae,5300,5300,Tamias minimus
http://mvz.berkeley.edu/mvzdata_terms; https://creativecommons.org/licenses/by/3.0,United States,Nevada,"7 mi NW Mt. City, Owyhee River",26-Jul-35,41.91033,-116.06034,male,,Tamias,Rodentia,Sciuridae,,,Tamias minimus
http://mvz.berkeley.edu/mvzdata_terms; https://creativecommons.org/licenses/by/3.0,United States,Nevada,"7 mi NW Mt. City, Owyhee River",26-Jul-35,41.91033,-116.06034,female,,Tamias,Rodentia,Sciuridae,,,Tamias minimus
http://mvz.berkeley.edu/mvzdata_terms; https://creativecommons.org/licenses/by/3.0,United States,Nevada,"7 mi NW Mt. City, Owyhee River",26-Jul-35,41.91033,-116.06034,female,,Tamias,Rodentia,Sciuridae,,,Tamias minimus
http://mvz.berkeley.edu/mvzdata_terms; https://creativecommons.org/licenses/by/3.0,United States,Nevada,"7 mi NW Mt. City, Owyhee River",26-Jul-35,41.91033,-116.06034,female,,Tamias,Rodentia,Sciuridae,,,Tamias minimus
http://mvz.berkeley.edu/mvzdata_terms; https://creativecommons.org/licenses/by/3.0,United States,Nevada,"7 mi NW Mt. City, Owyhee River",26-Jul-35,41.91033,-116.06034,female,,Tamias,Rodentia,Sciuridae,,,Tamias minimus
http://mvz.berkeley.edu/mvzdata_terms; https://creativecommons.org/licenses/by/3.0,United States,Nevada,"7 mi NW Mt. City, Owyhee River",26-Jul-35,41.91033,-116.06034,male,,Tamias,Rodentia,Sciuridae,,,Tamias minimus
http://mvz.berkeley.edu/mvzdata_terms; https://creativecommons.org/licenses/by/3.0,United States,Nevada,"7 mi NW Mt. City, Owyhee River",26-Jul-35,41.91033,-116.06034,male,,Tamias,Rodentia,Sciuridae,,,Tamias minimus
http://mvz.berkeley.edu/mvzdata_terms; https://creativecommons.org/licenses/by/3.0,United States,Nevada,"7 mi NW Mt. City, Owyhee River",26-Jul-35,41.91033,-116.06034,male,,Tamias,Rodentia,Sciuridae,,,Tamias minimus
http://mvz.berkeley.edu/mvzdata_terms; https://creativecommons.org/licenses/by/3.0,United States,Nevada,"6 mi SW Mt. City, Cobb Creek",24-Jul-35,41.77714,-116.04664,female,,Tamias,Rodentia,Sciuridae,6550,6550,Tamias minimus
http://mvz.berkeley.edu/mvzdata_terms; https://creativecommons.org/licenses/by/3.0,United States,Nevada,"6 mi SW Mt. City, Cobb Creek",25-Jul-35,41.77714,-116.04664,male,,Tamias,Rodentia,Sciuridae,6550,6550,Tamias minimus
http://mvz.berkeley.edu/mvzdata_terms; https://creativecommons.org/licenses/by/3.0,United States,Nevada,"6 mi SW Mt. City, Cobb Creek",25-Jul-35,41.77714,-116.04664,male,,Tamias,Rodentia,Sciuridae,6500,6500,Tamias minimus
http://mvz.berkeley.edu/mvzdata_terms; https://creativecommons.org/licenses/by/3.0,United States,Nevada,3 mi W Halleck,22-Jul-35,40.95083,-115.50928,female,,Tamias,Rodentia,Sciuridae,5300,5300,Tamias minimus
http://mvz.berkeley.edu/mvzdata_terms; https://creativecommons.org/licenses/by/3.0,United States,Nevada,14 mi N Paradise Valley,31-Jul-35,41.69648,-117.53361,male,,Tamias,Rodentia,Sciuridae,6400,6400,Tamias minimus
http://mvz.berkeley.edu/mvzdata_terms; https://creativecommons.org/licenses/by/3.0,United States,Nevada,14 mi N Paradise Valley,31-Jul-35,41.69648,-117.53361,female,,Tamias,Rodentia,Sciuridae,6400,6400,Tamias minimus
http://mvz.berkeley.edu/mvzdata_terms; https://creativecommons.org/licenses/by/3.0,United States,Nevada,13 mi N Paradise Valley,29-Jul-35,41.68199,-117.53361,female,,Tamias,Rodentia,Sciuridae,6700,6700,Tamias minimus
http://mvz.berkeley.edu/mvzdata_terms; https://creativecommons.org/licenses/by/3.0,United States,Nevada,13 mi N Paradise Valley,29-Jul-35,41.68199,-117.53361,female,,Tamias,Rodentia,Sciuridae,6700,6700,Tamias minimus
http://mvz.berkeley.edu/mvzdata_terms; https://creativecommons.org/licenses/by/3.0,United States,Nevada,13 mi N Paradise Valley,30-Jul-35,41.68199,-117.53361,female,,Tamias,Rodentia,Sciuridae,6700,6700,Tamias minimus
http://mvz.berkeley.edu/mvzdata_terms; https://creativecommons.org/licenses/by/3.0,United States,Nevada,13 mi N Paradise Valley,30-Jul-35,41.68199,-117.53361,female,,Tamias,Rodentia,Sciuridae,6700,6700,Tamias minimus
http://mvz.berkeley.edu/mvzdata_terms; https://creativecommons.org/licenses/by/3.0,United States,Nevada,13 mi N Paradise Valley,30-Jul-35,41.68199,-117.53361,male,,Tamias,Rodentia,Sciuridae,6700,6700,Tamias minimus
http://mvz.berkeley.edu/mvzdata_terms; https://creativecommons.org/licenses/by/3.0,United States,Nevada,13 mi N Paradise Valley,30-Jul-35,41.68199,-117.53361,female,,Tamias,Rodentia,Sciuridae,6700,6700,Tamias minimus
http://mvz.berkeley.edu/mvzdata_terms; https://creativecommons.org/licenses/by/3.0,United States,Nevada,13 mi N Paradise Valley,31-Jul-35,41.68199,-117.53361,female,,Tamias,Rodentia,Sciuridae,6700,6700,Tamias minimus
http://mvz.berkeley.edu/mvzdata_terms; https://creativecommons.org/licenses/by/3.0,United States,Nevada,12.5 mi N Paradise Valley,30-Jul-35,41.67474,-117.53361,male,,Tamias,Rodentia,Sciuridae,7000,7000,Tamias minimus
http://mvz.berkeley.edu/mvzdata_terms; https://creativecommons.org/licenses/by/3.0,United States,Nevada,12.5 mi N Paradise Valley,30-Jul-35,41.67474,-117.53361,male,,Tamias,Rodentia,Sciuridae,7000,7000,Tamias minimus
http://mvz.berkeley.edu/mvzdata_terms; https://creativecommons.org/licenses/by/3.0,United States,Nevada,12.5 mi N Paradise Valley,30-Jul-35,41.67474,-117.53361,female,,Tamias,Rodentia,Sciuridae,7000,7000,Tamias minimus
http://mvz.berkeley.edu/mvzdata_terms; https://creativecommons.org/licenses/by/3.0,United States,Nevada,15 mi S Contact,10-Jul-35,41.55209,-114.75167,male,,Tamias,Rodentia,Sciuridae,5800,5800,Tamias minimus
http://mvz.berkeley.edu/mvzdata_terms; https://creativecommons.org/licenses/by/3.0,United States,Nevada,15 mi S Contact,10-Jul-35,41.55209,-114.75167,female,,Tamias,Rodentia,Sciuridae,5800,5800,Tamias minimus
http://mvz.berkeley.edu/mvzdata_terms; https://creativecommons.org/licenses/by/3.0,United States,Nevada,15 mi S Contact,10-Jul-35,41.55209,-114.75167,male,,Tamias,Rodentia,Sciuridae,5800,5800,Tamias minimus
http://mvz.berkeley.edu/mvzdata_terms; https://creativecommons.org/licenses/by/3.0,United States,Nevada,15 mi S Contact,10-Jul-35,41.55209,-114.75167,male,,Tamias,Rodentia,Sciuridae,5800,5800,Tamias minimus
http://mvz.berkeley.edu/mvzdata_terms; https://creativecommons.org/licenses/by/3.0,United States,Nevada,15 mi S Contact,10-Jul-35,41.55209,-114.75167,female,,Tamias,Rodentia,Sciuridae,5800,5800,Tamias minimus
http://mvz.berkeley.edu/mvzdata_terms; https://creativecommons.org/licenses/by/3.0,United States,Nevada,15 mi S Contact,10-Jul-35,41.55209,-114.75167,female,,Tamias,Rodentia,Sciuridae,5800,5800,Tamias minimus
http://mvz.berkeley.edu/mvzdata_terms; https://creativecommons.org/licenses/by/3.0,United States,Nevada,15 mi S Contact,10-Jul-35,41.55209,-114.75167,female,,Tamias,Rodentia,Sciuridae,5800,5800,Tamias minimus
http://mvz.berkeley.edu/mvzdata_terms; https://creativecommons.org/licenses/by/3.0,United States,Nevada,15 mi S Contact,10-Jul-35,41.55209,-114.75167,female,,Tamias,Rodentia,Sciuridae,5800,5800,Tamias minimus
http://mvz.berkeley.edu/mvzdata_terms; https://creativecommons.org/licenses/by/3.0,United States,Nevada,13 mi N Montello,17-Jul-35,41.44977,-114.19333,male,,Tamias,Rodentia,Sciuridae,5000,5000,Tamias minimus
http://mvz.berkeley.edu/mvzdata_terms; https://creativecommons.org/licenses/by/3.0,United States,Nevada,13 mi N Montello,17-Jul-35,41.44977,-114.19333,female,,Tamias,Rodentia,Sciuridae,5000,5000,Tamias minimus
http://mvz.berkeley.edu/mvzdata_terms; https://creativecommons.org/licenses/by/3.0,United States,Nevada,13 mi N Montello,17-Jul-35,41.44977,-114.19333,female,,Tamias,Rodentia,Sciuridae,5000,5000,Tamias minimus
http://mvz.berkeley.edu/mvzdata_terms; https://creativecommons.org/licenses/by/3.0,United States,Nevada,"Mary's River, 22 mi N Deeth",6-Jul-35,41.49,-115.24,female,,Tamias,Rodentia,Sciuridae,5800,5800,Tamias minimus
http://mvz.berkeley.edu/mvzdata_terms; https://creativecommons.org/licenses/by/3.0,United States,Nevada,"Mary's River, 22 mi N Deeth",7-Jul-35,41.49,-115.24,male,,Tamias,Rodentia,Sciuridae,5800,5800,Tamias minimus
http://mvz.berkeley.edu/mvzdata_terms; https://creativecommons.org/licenses/by/3.0,United States,Nevada,1.5 mi NE Tecoma,18-Jul-35,41.33565,-114.06017,male,,Tamias,Rodentia,Sciuridae,4900,4900,Tamias minimus
http://mvz.berkeley.edu/mvzdata_terms; https://creativecommons.org/licenses/by/3.0,United States,Nevada,Tecoma,27-Jul-35,41.32028,-114.08056,male,,Tamias,Rodentia,Sciuridae,4900,4900,Tamias minimus
http://mvz.berkeley.edu/mvzdata_terms; https://creativecommons.org/licenses/by/3.0,United States,Nevada,1 mi SE Tuscarora,27-Jul-35,41.30392,-116.20724,male,,Tamias,Rodentia,Sciuridae,5900,5900,Tamias minimus
http://mvz.berkeley.edu/mvzdata_terms; https://creativecommons.org/licenses/by/3.0,United States,Nevada,1 mi SE Tuscarora,27-Jul-35,41.30392,-116.20724,female,,Tamias,Rodentia,Sciuridae,5900,5900,Tamias minimus
http://mvz.berkeley.edu/mvzdata_terms; https://creativecommons.org/licenses/by/3.0,United States,Nevada,1 mi SE Tuscarora,27-Jul-35,41.30392,-116.20724,female,,Tamias,Rodentia,Sciuridae,5900,5900,Tamias minimus
http://mvz.berkeley.edu/mvzdata_terms; https://creativecommons.org/licenses/by/3.0,United States,Nevada,18 mi NE Iron Point,28-Jul-35,41.15923,-117.03247,female,,Tamias,Rodentia,Sciuridae,4600,4600,Tamias minimus
http://mvz.berkeley.edu/mvzdata_terms; https://creativecommons.org/licenses/by/3.0,United States,Nevada,16 mi NE Iron Point,28-Jul-35,41.13873,-117.05951,female,,Tamias,Rodentia,Sciuridae,4500,4500,Tamias minimus
http://mvz.berkeley.edu/mvzdata_terms; https://creativecommons.org/licenses/by/3.0,United States,Nevada,Cobre,21-Jul-35,41.11194,-114.4,male,,Tamias,Rodentia,Sciuridae,6100,6100,Tamias minimus
http://mvz.berkeley.edu/mvzdata_terms; https://creativecommons.org/licenses/by/3.0,United States,Nevada,Cobre,21-Jul-35,41.11194,-114.4,male,,Tamias,Rodentia,Sciuridae,6100,6100,Tamias minimus
http://mvz.berkeley.edu/mvzdata_terms; https://creativecommons.org/licenses/by/3.0,United States,Nevada,5 mi W Halleck,22-Jul-35,40.95083,-115.54751,male,,Tamias,Rodentia,Sciuridae,5200,5200,Tamias minimus
http://mvz.berkeley.edu/mvzdata_terms; https://creativecommons.org/licenses/by/3.0,United States,Nevada,5 mi W Halleck,22-Jul-35,40.95083,-115.54751,female,,Tamias,Rodentia,Sciuridae,5200,5200,Tamias minimus
http://mvz.berkeley.edu/mvzdata_terms; https://creativecommons.org/licenses/by/3.0,United States,Nevada,5 mi W Halleck,22-Jul-35,40.95083,-115.54751,male,,Tamias,Rodentia,Sciuridae,5200,5200,Tamias minimus
http://mvz.berkeley.edu/mvzdata_terms; https://creativecommons.org/licenses/by/3.0,United States,Nevada,5 mi W Halleck,22-Jul-35,40.95083,-115.54751,female,,Tamias,Rodentia,Sciuridae,5200,5200,Tamias minimus
http://mvz.berkeley.edu/mvzdata_terms; https://creativecommons.org/licenses/by/3.0,United States,Nevada,3 mi W Halleck,22-Jul-35,40.95083,-115.50928,female,,Tamias,Rodentia,Sciuridae,5300,5300,Tamias minimus
http://mvz.berkeley.edu/mvzdata_terms; https://creativecommons.org/licenses/by/3.0,United States,Nevada,3 mi W Halleck,22-Jul-35,40.95083,-115.50928,male,,Tamias,Rodentia,Sciuridae,5300,5300,Tamias minimus
http://mvz.berkeley.edu/mvzdata_terms; https://creativecommons.org/licenses/by/3.0,United States,Nevada,3 mi W Halleck,22-Jul-35,40.95083,-115.50928,male,,Tamias,Rodentia,Sciuridae,5300,5300,Tamias minimus
http://mvz.berkeley.edu/mvzdata_terms; https://creativecommons.org/licenses/by/3.0,United States,Nevada,3 mi W Halleck,22-Jul-35,40.95083,-115.50928,male,,Tamias,Rodentia,Sciuridae,5300,5300,Tamias minimus
http://mvz.berkeley.edu/mvzdata_terms; https://creativecommons.org/licenses/by/3.0,United States,Nevada,1.5 mi NW Winnemucca,2-Jul-35,40.98843,-117.755,female,,Tamias,Rodentia,Sciuridae,4900,4900,Tamias minimus
http://mvz.berkeley.edu/mvzdata_terms; https://creativecommons.org/licenses/by/3.0,United States,Nevada,1.5 mi NW Winnemucca,2-Jul-35,40.98843,-117.755,female,,Tamias,Rodentia,Sciuridae,4900,4900,Tamias minimus
http://mvz.berkeley.edu/mvzdata_terms; https://creativecommons.org/licenses/by/3.0,United States,Nevada,1 mi N Winnemucca,2-Jul-35,40.98755,-117.73472,female,,Tamias,Rodentia,Sciuridae,4600,4600,Tamias minimus
http://mvz.berkeley.edu/mvzdata_terms; https://creativecommons.org/licenses/by/3.0,United States,Nevada,1 mi N Winnemucca,4-Jul-35,40.98755,-117.73472,female,,Tamias,Rodentia,Sciuridae,4600,4600,Tamias minimus
http://mvz.berkeley.edu/mvzdata_terms; https://creativecommons.org/licenses/by/3.0,United States,Nevada,10 mi SW Winnemucca,4-Jul-35,40.86838,-117.86321,male,,Tamias,Rodentia,Sciuridae,4500,4500,Tamias minimus
http://mvz.berkeley.edu/mvzdata_terms; https://creativecommons.org/licenses/by/3.0,United States,Nevada,5 mi SW Winnemucca,3-Jul-35,40.92182,-117.80232,female,,Tamias,Rodentia,Sciuridae,4500,4500,Tamias minimus
http://mvz.berkeley.edu/mvzdata_terms; https://creativecommons.org/licenses/by/3.0,United States,Nevada,5 mi SW Winnemucca,3-Jul-35,40.92182,-117.80232,female,,Tamias,Rodentia,Sciuridae,4500,4500,Tamias minimus
http://mvz.berkeley.edu/mvzdata_terms; https://creativecommons.org/licenses/by/3.0,United States,Nevada,5 mi SW Winnemucca,3-Jul-35,40.92182,-117.80232,female,,Tamias,Rodentia,Sciuridae,4500,4500,Tamias minimus
http://mvz.berkeley.edu/mvzdata_terms; https://creativecommons.org/licenses/by/3.0,United States,Nevada,3 mi SW Winnemucca,3-Jul-35,40.94232,-117.77528,female,,Tamias,Rodentia,Sciuridae,4500,4500,Tamias minimus
http://mvz.berkeley.edu/mvzdata_terms; https://creativecommons.org/licenses/by/3.0,United States,Nevada,5 mi SW Winnemucca,3-Jul-35,40.92182,-117.80232,female,,Tamias,Rodentia,Sciuridae,4500,4500,Tamias minimus
http://mvz.berkeley.edu/mvzdata_terms; https://creativecommons.org/licenses/by/3.0,United States,Nevada,5 mi SW Winnemucca,3-Jul-35,40.92182,-117.80232,female,,Tamias,Rodentia,Sciuridae,4500,4500,Tamias minimus
http://mvz.berkeley.edu/mvzdata_terms; https://creativecommons.org/licenses/by/3.0,United States,Nevada,5 mi SW Winnemucca,3-Jul-35,40.92182,-117.80232,female,,Tamias,Rodentia,Sciuridae,4500,4500,Tamias minimus
http://mvz.berkeley.edu/mvzdata_terms; https://creativecommons.org/licenses/by/3.0,United States,Nevada,5 mi SW Winnemucca,3-Jul-35,40.92182,-117.80232,male,,Tamias,Rodentia,Sciuridae,4500,4500,Tamias minimus
http://mvz.berkeley.edu/mvzdata_terms; https://creativecommons.org/licenses/by/3.0,United States,Nevada,1 mi SE Tuscarora,27-Jul-35,41.30392,-116.20724,male,,Tamias,Rodentia,Sciuridae,5900,5900,Tamias minimus
http://mvz.berkeley.edu/mvzdata_terms; https://creativecommons.org/licenses/by/3.0,United States,Nevada,Halleck,29-Nov-35,40.950833,-115.451944,male,,Tamias,Rodentia,Sciuridae,,,Tamias minimus
http://mvz.berkeley.edu/mvzdata_terms; https://creativecommons.org/licenses/by/3.0,United States,Nevada,7 mi N Winnemucca,26-May-36,41.0745,-117.73472,male,,Tamias,Rodentia,Sciuridae,4400,4400,Tamias minimus
http://mvz.berkeley.edu/mvzdata_terms; https://creativecommons.org/licenses/by/3.0,United States,Nevada,7 mi N Winnemucca,26-May-36,41.0745,-117.73472,male,,Tamias,Rodentia,Sciuridae,4400,4400,Tamias minimus
http://mvz.berkeley.edu/mvzdata_terms; https://creativecommons.org/licenses/by/3.0,United States,Nevada,23 mi NW Battle Mt.,24-May-36,,,male,,Tamias,Rodentia,Sciuridae,,,Tamias minimus
http://mvz.berkeley.edu/mvzdata_terms; https://creativecommons.org/licenses/by/3.0,United States,Nevada,Izenhood,22-May-36,40.91806,-116.90806,female,,Tamias,Rodentia,Sciuridae,,,Tamias minimus
http://mvz.berkeley.edu/mvzdata_terms; https://creativecommons.org/licenses/by/3.0,United States,Nevada,3 mi S Izenhood,22-May-36,40.87458,-116.90806,male,,Tamias,Rodentia,Sciuridae,,,Tamias minimus
http://mvz.berkeley.edu/mvzdata_terms; https://creativecommons.org/licenses/by/3.0,United States,Nevada,1 mi E Battle Mt.,21-May-36,,,female,,Tamias,Rodentia,Sciuridae,,,Tamias minimus
http://mvz.berkeley.edu/mvzdata_terms; https://creativecommons.org/licenses/by/3.0,United States,Nevada,"Reese River Valley, 7 mi N Austin",19-May-36,39.59,-117.16,female,,Tamias,Rodentia,Sciuridae,,,Tamias minimus
http://mvz.berkeley.edu/mvzdata_terms; https://creativecommons.org/licenses/by/3.0,United States,Nevada,"Reese River Valley, 7 mi N Austin",19-May-36,39.59,-117.16,female,,Tamias,Rodentia,Sciuridae,,,Tamias minimus
http://mvz.berkeley.edu/mvzdata_terms; https://creativecommons.org/licenses/by/3.0,United States,Nevada,Evans,30-May-36,40.49611,-116.12278,male,,Tamias,Rodentia,Sciuridae,,,Tamias minimus
http://mvz.berkeley.edu/mvzdata_terms; https://creativecommons.org/licenses/by/3.0,United States,Nevada,Winzell,7-Jun-36,40.08633,-116.27112,female,,Tamias,Rodentia,Sciuridae,,,Tamias minimus
http://mvz.berkeley.edu/mvzdata_terms; https://creativecommons.org/licenses/by/3.0,United States,Nevada,Winzell,7-Jun-36,40.08633,-116.27112,female,,Tamias,Rodentia,Sciuridae,,,Tamias minimus
http://mvz.berkeley.edu/mvzdata_terms; https://creativecommons.org/licenses/by/3.0,United States,Nevada,Winzell,8-Jun-36,40.08633,-116.27112,male,,Tamias,Rodentia,Sciuridae,,,Tamias minimus
http://mvz.berkeley.edu/mvzdata_terms; https://creativecommons.org/licenses/by/3.0,United States,Nevada,Winzell,8-Jun-36,40.08633,-116.27112,male,,Tamias,Rodentia,Sciuridae,,,Tamias minimus
http://mvz.berkeley.edu/mvzdata_terms; https://creativecommons.org/licenses/by/3.0,United States,Nevada,Winzell,8-Jun-36,40.08633,-116.27112,male,,Tamias,Rodentia,Sciuridae,,,Tamias minimus
http://mvz.berkeley.edu/mvzdata_terms; https://creativecommons.org/licenses/by/3.0,United States,Nevada,Union,2-Jun-36,38.87194,-117.59806,female,,Tamias,Rodentia,Sciuridae,,,Tamias minimus
http://mvz.berkeley.edu/mvzdata_terms; https://creativecommons.org/licenses/by/3.0,United States,Nevada,Union,2-Jun-36,38.87194,-117.59806,male,,Tamias,Rodentia,Sciuridae,,,Tamias minimus
http://mvz.berkeley.edu/mvzdata_terms; https://creativecommons.org/licenses/by/3.0,United States,Nevada,"4 mi SE Romano, Diamond Valley",3-Jun-36,39.83372,-116.02216,male,,Tamias,Rodentia,Sciuridae,,,Tamias minimus
http://mvz.berkeley.edu/mvzdata_terms; https://creativecommons.org/licenses/by/3.0,United States,Nevada,"4 mi SE Romano, Diamond Valley",3-Jun-36,39.83372,-116.02216,male,,Tamias,Rodentia,Sciuridae,,,Tamias minimus
http://mvz.berkeley.edu/mvzdata_terms; https://creativecommons.org/licenses/by/3.0,United States,Nevada,"4 mi SE Romano, Diamond Valley",4-Jun-36,39.83372,-116.02216,male,,Tamias,Rodentia,Sciuridae,,,Tamias minimus
http://mvz.berkeley.edu/mvzdata_terms; https://creativecommons.org/licenses/by/3.0,United States,Nevada,"12-Mile Creek, 0.5 mi E California line",17-Jul-36,41.9950057,-119.9886652,female,,Tamias,Rodentia,Sciuridae,5300,5300,Tamias minimus
http://mvz.berkeley.edu/mvzdata_terms; https://creativecommons.org/licenses/by/3.0,United States,Nevada,4 mi S Diessner,22-Jul-36,,,male,,Tamias,Rodentia,Sciuridae,5800,5800,Tamias minimus
http://mvz.berkeley.edu/mvzdata_terms; https://creativecommons.org/licenses/by/3.0,United States,Nevada,4 mi S Diessner,22-Jul-36,,,female,,Tamias,Rodentia,Sciuridae,5800,5800,Tamias minimus
http://mvz.berkeley.edu/mvzdata_terms; https://creativecommons.org/licenses/by/3.0,United States,Nevada,3 mi N Vya,20-Jul-36,41.63569,-119.85944,male,,Tamias,Rodentia,Sciuridae,5900,5900,Tamias minimus
http://mvz.berkeley.edu/mvzdata_terms; https://creativecommons.org/licenses/by/3.0,United States,Nevada,3 mi N Vya,20-Jul-36,41.63569,-119.85944,male,,Tamias,Rodentia,Sciuridae,5900,5900,Tamias minimus
http://mvz.berkeley.edu/mvzdata_terms; https://creativecommons.org/licenses/by/3.0,United States,Nevada,0.5 mi N Vya,20-Jul-36,41.59947,-119.85944,male,,Tamias,Rodentia,Sciuridae,6000,6200,Tamias minimus
http://mvz.berkeley.edu/mvzdata_terms; https://creativecommons.org/licenses/by/3.0,United States,Nevada,0.5 mi N Vya,20-Jul-36,41.59947,-119.85944,male,,Tamias,Rodentia,Sciuridae,6000,6200,Tamias minimus
http://mvz.berkeley.edu/mvzdata_terms; https://creativecommons.org/licenses/by/3.0,United States,Nevada,2 mi W Vya,20-Jul-36,41.59222,-119.8594,male,,Tamias,Rodentia,Sciuridae,6500,6500,Tamias minimus
http://mvz.berkeley.edu/mvzdata_terms; https://creativecommons.org/licenses/by/3.0,United States,Nevada,2 mi W Vya,20-Jul-36,41.59222,-119.8594,female,,Tamias,Rodentia,Sciuridae,6500,6500,Tamias minimus
http://mvz.berkeley.edu/mvzdata_terms; https://creativecommons.org/licenses/by/3.0,United States,Nevada,1 mi W Vya,20-Jul-36,41.59222,-119.87874,female,,Tamias,Rodentia,Sciuridae,6700,6700,Tamias minimus
http://mvz.berkeley.edu/mvzdata_terms; https://creativecommons.org/licenses/by/3.0,United States,Nevada,3 mi E Painted Point,21-Jul-36,41.59278,-119.64071,male,,Tamias,Rodentia,Sciuridae,5850,5850,Tamias minimus
http://mvz.berkeley.edu/mvzdata_terms; https://creativecommons.org/licenses/by/3.0,United States,Nevada,3 mi E Painted Point,21-Jul-36,41.59278,-119.64071,female,,Tamias,Rodentia,Sciuridae,5850,5850,Tamias minimus
http://mvz.berkeley.edu/mvzdata_terms; https://creativecommons.org/licenses/by/3.0,United States,Nevada,12 mi S Vya,21-Jul-36,41.41834,-119.85944,male,,Tamias,Rodentia,Sciuridae,5800,5800,Tamias minimus
http://mvz.berkeley.edu/mvzdata_terms; https://creativecommons.org/licenses/by/3.0,United States,Nevada,12 mi S Vya,21-Jul-36,41.41834,-119.85944,female,,Tamias,Rodentia,Sciuridae,5800,5800,Tamias minimus
http://mvz.berkeley.edu/mvzdata_terms; https://creativecommons.org/licenses/by/3.0,United States,Nevada,12 mi S Vya,21-Jul-36,41.41834,-119.85944,male,,Tamias,Rodentia,Sciuridae,5800,5800,Tamias minimus
http://mvz.berkeley.edu/mvzdata_terms; https://creativecommons.org/licenses/by/3.0,United States,Nevada,13 mi S Vya,21-Jul-36,41.40385,-119.85944,male,,Tamias,Rodentia,Sciuridae,5800,5800,Tamias minimus
http://mvz.berkeley.edu/mvzdata_terms; https://creativecommons.org/licenses/by/3.0,United States,Nevada,15 mi S Vya,21-Jul-36,41.37487,-119.85944,male,,Tamias,Rodentia,Sciuridae,5800,5800,Tamias minimus
http://mvz.berkeley.edu/mvzdata_terms; https://creativecommons.org/licenses/by/3.0,United States,Nevada,"Rock Creek, Granite Mts.",13-Jul-36,40.79889,-119.33083,male,,Tamias,Rodentia,Sciuridae,6600,6600,Tamias minimus
http://mvz.berkeley.edu/mvzdata_terms; https://creativecommons.org/licenses/by/3.0,United States,Nevada,10 mi SE Hausen,15-Jul-36,41.06002,-119.87999,male,,Tamias,Rodentia,Sciuridae,4675,4675,Tamias minimus
http://mvz.berkeley.edu/mvzdata_terms; https://creativecommons.org/licenses/by/3.0,United States,Nevada,10 mi SE Hausen,15-Jul-36,41.06002,-119.87999,male,,Tamias,Rodentia,Sciuridae,4675,4675,Tamias minimus
http://mvz.berkeley.edu/mvzdata_terms; https://creativecommons.org/licenses/by/3.0,United States,Nevada,10 mi SE Hausen,15-Jul-36,41.06002,-119.87999,female,,Tamias,Rodentia,Sciuridae,4675,4675,Tamias minimus
http://mvz.berkeley.edu/mvzdata_terms; https://creativecommons.org/licenses/by/3.0,United States,Nevada,10 mi SE Hausen,15-Jul-36,41.06002,-119.87999,male,,Tamias,Rodentia,Sciuridae,4675,4675,Tamias minimus
http://mvz.berkeley.edu/mvzdata_terms; https://creativecommons.org/licenses/by/3.0,United States,Nevada,10 mi SE Hausen,15-Jul-36,41.06002,-119.87999,female,,Tamias,Rodentia,Sciuridae,4675,4675,Tamias minimus
http://mvz.berkeley.edu/mvzdata_terms; https://creativecommons.org/licenses/by/3.0,United States,Nevada,10 mi SE Hausen,15-Jul-36,41.06002,-119.87999,male,,Tamias,Rodentia,Sciuridae,4675,4675,Tamias minimus
http://mvz.berkeley.edu/mvzdata_terms; https://creativecommons.org/licenses/by/3.0,United States,Nevada,15 NNW Deephole,14-Jul-36,40.92001,-119.59155,female,,Tamias,Rodentia,Sciuridae,5500,5500,Tamias minimus
http://mvz.berkeley.edu/mvzdata_terms; https://creativecommons.org/licenses/by/3.0,United States,Nevada,15 NNW Deephole,14-Jul-36,40.92001,-119.59155,female,,Tamias,Rodentia,Sciuridae,5500,5500,Tamias minimus
http://mvz.berkeley.edu/mvzdata_terms; https://creativecommons.org/licenses/by/3.0,United States,Nevada,15 NNW Deephole,14-Jul-36,40.92001,-119.59155,male,,Tamias,Rodentia,Sciuridae,5500,5500,Tamias minimus
http://mvz.berkeley.edu/mvzdata_terms; https://creativecommons.org/licenses/by/3.0,United States,Nevada,"Rock Creek, Granite Mts.",13-Jul-36,40.79889,-119.33083,male,,Tamias,Rodentia,Sciuridae,6600,6600,Tamias minimus
http://mvz.berkeley.edu/mvzdata_terms; https://creativecommons.org/licenses/by/3.0,United States,Nevada,5 mi N summit Lake,23-Jul-36,41.58134,-119.0625,male,,Tamias,Rodentia,Sciuridae,5900,5900,Tamias minimus
http://mvz.berkeley.edu/mvzdata_terms; https://creativecommons.org/licenses/by/3.0,United States,Nevada,5 mi N summit Lake,23-Jul-36,41.58134,-119.0625,female,,Tamias,Rodentia,Sciuridae,5900,5900,Tamias minimus
http://mvz.berkeley.edu/mvzdata_terms; https://creativecommons.org/licenses/by/3.0,United States,Nevada,5 mi N summit Lake,23-Jul-36,41.58134,-119.0625,female,,Tamias,Rodentia,Sciuridae,5900,5900,Tamias minimus
http://mvz.berkeley.edu/mvzdata_terms; https://creativecommons.org/licenses/by/3.0,United States,Nevada,5 mi N summit Lake,23-Jul-36,41.58134,-119.0625,male,,Tamias,Rodentia,Sciuridae,5900,5900,Tamias minimus
http://mvz.berkeley.edu/mvzdata_terms; https://creativecommons.org/licenses/by/3.0,United States,Nevada,0.5 mi W Quinn River Crossing,24-Jul-36,41.57667,-118.44382,male,,Tamias,Rodentia,Sciuridae,4100,4100,Tamias minimus
http://mvz.berkeley.edu/mvzdata_terms; https://creativecommons.org/licenses/by/3.0,United States,Nevada,"El Dorado, Humboldt Range",31-Jul-36,40.5275,-118.24639,male,,Tamias,Rodentia,Sciuridae,8000,8000,Tamias minimus
http://mvz.berkeley.edu/mvzdata_terms; https://creativecommons.org/licenses/by/3.0,United States,Nevada,"El Dorado, Humboldt Range",1-Aug-36,40.5275,-118.24639,male,,Tamias,Rodentia,Sciuridae,7800,7800,Tamias minimus
http://mvz.berkeley.edu/mvzdata_terms; https://creativecommons.org/licenses/by/3.0,United States,Nevada,"S base of Granite Peak, E Range",2-Aug-36,40.27833,-117.79306,male,,Tamias,Rodentia,Sciuridae,,,Tamias minimus
http://mvz.berkeley.edu/mvzdata_terms; https://creativecommons.org/licenses/by/3.0,United States,Nevada,"S slope Granite Peak, E Range",2-Aug-36,40.27833,-117.79306,male,,Tamias,Rodentia,Sciuridae,,,Tamias minimus
http://mvz.berkeley.edu/mvzdata_terms; https://creativecommons.org/licenses/by/3.0,United States,Nevada,"S slope Granite Peak, E Range",3-Aug-36,40.27833,-117.79306,female,,Tamias,Rodentia,Sciuridae,,,Tamias minimus
http://mvz.berkeley.edu/mvzdata_terms; https://creativecommons.org/licenses/by/3.0,United States,Nevada,"Horse Canyon, Pahrum Peak",28-May-37,40.44417,-119.64361,female,,Tamias,Rodentia,Sciuridae,5800,5800,Tamias minimus
http://mvz.berkeley.edu/mvzdata_terms; https://creativecommons.org/licenses/by/3.0,United States,Nevada,"Horse Canyon, Pahrum Peak",28-May-37,40.44417,-119.64361,female,,Tamias,Rodentia,Sciuridae,5800,5800,Tamias minimus
http://mvz.berkeley.edu/mvzdata_terms; https://creativecommons.org/licenses/by/3.0,United States,Nevada,36 mi NE Paradise Valley,13-Jul-37,41.86248,-117.04302,female,,Tamias,Rodentia,Sciuridae,5500,5500,Tamias minimus
http://mvz.berkeley.edu/mvzdata_terms; https://creativecommons.org/licenses/by/3.0,United States,Nevada,36 mi NE Paradise Valley,13-Jul-37,41.86248,-117.04302,female,,Tamias,Rodentia,Sciuridae,5500,5500,Tamias minimus
http://mvz.berkeley.edu/mvzdata_terms; https://creativecommons.org/licenses/by/3.0,United States,Nevada,36 mi NE Paradise Valley,13-Jul-37,41.86248,-117.04302,female,,Tamias,Rodentia,Sciuridae,5500,5500,Tamias minimus
http://mvz.berkeley.edu/mvzdata_terms; https://creativecommons.org/licenses/by/3.0,United States,Nevada,36 mi NE Paradise Valley,13-Jul-37,41.86248,-117.04302,female,,Tamias,Rodentia,Sciuridae,5500,5500,Tamias minimus
http://mvz.berkeley.edu/mvzdata_terms; https://creativecommons.org/licenses/by/3.0,United States,Nevada,"5 mi SE Greens Ranch, Steptoe Valley",23-Jul-37,39.97848,-114.69223,male,,Tamias,Rodentia,Sciuridae,5900,5900,Tamias minimus
http://mvz.berkeley.edu/mvzdata_terms; https://creativecommons.org/licenses/by/3.0,United States,Nevada,"Smith Creek, 3 mi W Smith Creek Cave",30-Jun-37,,,male,,Tamias,Rodentia,Sciuridae,6700,6700,Tamias minimus
http://mvz.berkeley.edu/mvzdata_terms; https://creativecommons.org/licenses/by/3.0,United States,Nevada,11 mi E Gardnerville,13-Jun-39,38.94139,-119.54443,female,,Tamias,Rodentia,Sciuridae,6000,6000,Tamias minimus
http://mvz.berkeley.edu/mvzdata_terms; https://creativecommons.org/licenses/by/3.0,United States,Nevada,"Carson River, 5 mi SE Minden",26-Aug-36,38.90292,-119.69908,female,,Tamias,Rodentia,Sciuridae,4900,4900,Tamias minimus
http://mvz.berkeley.edu/mvzdata_terms; https://creativecommons.org/licenses/by/3.0,United States,Nevada,"Hanson Canyon, 5 mi W Paradise Valley",1-Oct-38,41.50778,-117.5575,male,,Tamias,Rodentia,Sciuridae,8200,8200,Tamias minimus
http://mvz.berkeley.edu/mvzdata_terms; https://creativecommons.org/licenses/by/3.0,United States,Nevada,"Wilson Canyon, Toquima Range",10-Oct-38,,,male,,Tamias,Rodentia,Sciuridae,7500,7500,Tamias minimus
http://mvz.berkeley.edu/mvzdata_terms; https://creativecommons.org/licenses/by/3.0,United States,Nevada,"Wilson Creek, Toquima Range",13-Oct-38,,,female,,Tamias,Rodentia,Sciuridae,7200,7200,Tamias minimus
http://mvz.berkeley.edu/mvzdata_terms; https://creativecommons.org/licenses/by/3.0,United States,Nevada,"Barrel Spring, 9 mi E, 3 mi N Fort Bidwell",12-Jul-41,41.90407,-119.97586,male,,Tamias,Rodentia,Sciuridae,5700,5700,Tamias minimus
http://mvz.berkeley.edu/mvzdata_terms; https://creativecommons.org/licenses/by/3.0,United States,Nevada,"12 mi N, 2 mi E Gerlach",21-Jul-41,40.82558,-119.31611,male,,Tamias,Rodentia,Sciuridae,4000,4000,Tamias minimus
http://mvz.berkeley.edu/mvzdata_terms; https://creativecommons.org/licenses/by/3.0,United States,Nevada,"Middle Creek, White Mts.",27-Jul-41,37.8325,-118.19972,male,,Tamias,Rodentia,Sciuridae,8000,8000,Tamias minimus
http://mvz.berkeley.edu/mvzdata_terms; https://creativecommons.org/licenses/by/3.0,United States,Nevada,6 mi NE Virginia City,25-Jul-41,39.37122,-119.56945,female,,Tamias,Rodentia,Sciuridae,6000,6000,Tamias minimus
http://mvz.berkeley.edu/mvzdata_terms; https://creativecommons.org/licenses/by/3.0,United States,Nevada,6 mi NE Virginia City,25-Jul-41,39.37122,-119.56945,female,,Tamias,Rodentia,Sciuridae,6000,6000,Tamias minimus
http://mvz.berkeley.edu/mvzdata_terms; https://creativecommons.org/licenses/by/3.0,United States,Nevada,Fletcher,25-Jul-46,38.356333,-118.8981667,female,,Tamias,Rodentia,Sciuridae,6100,6100,Tamias minimus
http://mvz.berkeley.edu/mvzdata_terms; https://creativecommons.org/licenses/by/3.0,United States,Nevada,Fletcher,25-Jul-46,38.356333,-118.8981667,male,,Tamias,Rodentia,Sciuridae,6100,6100,Tamias minimus
http://mvz.berkeley.edu/mvzdata_terms; https://creativecommons.org/licenses/by/3.0,United States,Nevada,Fletcher,26-Jul-47,38.356333,-118.8981667,male,,Tamias,Rodentia,Sciuridae,6100,6100,Tamias minimus
http://mvz.berkeley.edu/mvzdata_terms; https://creativecommons.org/licenses/by/3.0,United States,Nevada,Fletcher,26-Jul-47,38.356333,-118.8981667,male,,Tamias,Rodentia,Sciuridae,6100,6100,Tamias minimus
http://mvz.berkeley.edu/mvzdata_terms; https://creativecommons.org/licenses/by/3.0,United States,Nevada,"3 mi S Lamoille, Humboldt National Forest",24-Jun-50,40.68458,-115.4775,female,,Tamias,Rodentia,Sciuridae,,,Tamias minimus
http://mvz.berkeley.edu/mvzdata_terms; https://creativecommons.org/licenses/by/3.0,United States,Nevada,9 mi E Jarbidge Peak,12-Jun-55,41.84056,-115.21645,male,,Tamias,Rodentia,Sciuridae,7600,7600,Tamias minimus
http://mvz.berkeley.edu/mvzdata_terms; https://creativecommons.org/licenses/by/3.0,United States,Nevada,9 mi E Jarbidge Peak,12-Jun-55,41.84056,-115.21645,female,,Tamias,Rodentia,Sciuridae,7600,7600,Tamias minimus
http://mvz.berkeley.edu/mvzdata_terms; https://creativecommons.org/licenses/by/3.0,United States,Nevada,9 mi E Jarbidge Peak,12-Jun-55,41.84056,-115.21645,female,,Tamias,Rodentia,Sciuridae,7600,7600,Tamias minimus
http://mvz.berkeley.edu/mvzdata_terms; https://creativecommons.org/licenses/by/3.0,United States,Nevada,"Strawberry Creek, Snake Ridge",28-Jun-62,39.095,-114.22917,female,,Tamias,Rodentia,Sciuridae,8000,8000,Tamias minimus
http://mvz.berkeley.edu/mvzdata_terms; https://creativecommons.org/licenses/by/3.0,United States,Nevada,2.1 mi NW Black Spring,26-Oct-69,39.63124,-119.88283,male,,Tamias,Rodentia,Sciuridae,5320,5320,Tamias minimus
http://mvz.berkeley.edu/mvzdata_terms; https://creativecommons.org/licenses/by/3.0,United States,Nevada,2.1 mi NW Black Spring,26-Oct-69,39.63124,-119.88283,female,,Tamias,Rodentia,Sciuridae,5320,5320,Tamias minimus
http://mvz.berkeley.edu/mvzdata_terms; https://creativecommons.org/licenses/by/3.0,United States,Nevada,"2.1 mi NW Black Springs, T20N, R18E, S7",25-Oct-70,39.63124,-119.88333,male,,Tamias,Rodentia,Sciuridae,5324,5324,Tamias minimus
http://mvz.berkeley.edu/mvzdata_terms; https://creativecommons.org/licenses/by/3.0,United States,Nevada,5.6 mi N Sparks,23-Mar-76,39.61617,-119.75167,male,,Tamias,Rodentia,Sciuridae,,,Tamias minimus
http://mvz.berkeley.edu/mvzdata_terms; https://creativecommons.org/licenses/by/3.0,United States,Nevada,"3 mi E, 7 mi N Sparks",23-Mar-76,39.63647,-119.69551,female,,Tamias,Rodentia,Sciuridae,,,Tamias minimus
http://mvz.berkeley.edu/mvzdata_terms; https://creativecommons.org/licenses/by/3.0,United States,Nevada,"3 mi E, 7 mi N Sparks",23-Mar-76,39.63647,-119.69551,male,,Tamias,Rodentia,Sciuridae,,,Tamias minimus
http://mvz.berkeley.edu/mvzdata_terms; https://creativecommons.org/licenses/by/3.0,United States,Nevada,"Big Creek, 20 mi S Denio",13-Aug-65,41.67278,-118.6275,male,,Tamias,Rodentia,Sciuridae,6800,6800,Tamias minimus
http://mvz.berkeley.edu/mvzdata_terms; https://creativecommons.org/licenses/by/3.0,United States,Nevada,"Blue Lake, 30 mi S Denio",13-Aug-65,41.67972,-118.7175,female,,Tamias,Rodentia,Sciuridae,7800,7800,Tamias minimus
http://mvz.berkeley.edu/mvzdata_terms; https://creativecommons.org/licenses/by/3.0,United States,Nevada,"Big Creek, 20 mi S Denio",13-Aug-65,41.67278,-118.6275,female,,Tamias,Rodentia,Sciuridae,6800,6800,Tamias minimus
http://mvz.berkeley.edu/mvzdata_terms; https://creativecommons.org/licenses/by/3.0,United States,Nevada,1 mi WSW Contact,18-Jul-01,41.76003,-114.7807,male,,Tamias,Rodentia,Sciuridae,5900,5900,Tamias minimus
http://arctosdb.org/home/data/; https://creativecommons.org/licenses/by-nc/3.0,United States,Nevada,Humboldt-Toiyabe National Forest: Copper Mts. 2km N 2km E Bear Creek Summit,7/8/10,41.8355,-115.4335,male,,Tamias,Rodentia,Sciuridae,2458,2458,Tamias umbrinus
http://arctosdb.org/home/data/; https://creativecommons.org/licenses/by-nc/3.0,United States,Nevada,"Humboldt-Toiyabe National Forest, Bull Run Mts., Rocky Gulch 6km S 3km W Mountain City",7/10/10,41.7773,-115.9872,female,,Tamias,Rodentia,Sciuridae,1888,1888,Tamias minimus
http://arctosdb.org/home/data/; https://creativecommons.org/licenses/by-nc/3.0,United States,Nevada,"Humbolt-Toiyobe National Forest, Copper Mts. 2km N 2km E Bear Creek Summit",7/8/10,41.8355,-115.4335,female,,Tamias,Rodentia,Sciuridae,2458,2458,Tamias minimus
http://arctosdb.org/home/data/; https://creativecommons.org/licenses/by-nc/3.0,United States,Nevada,"Humboldt-Toiyabe National Forest, Bull Run Mts., Trail Creek and Timber Gulch",7/10/10,41.6959,-116.062,male,,Tamias,Rodentia,Sciuridae,1892,1892,Tamias minimus
http://arctosdb.org/home/data/; https://creativecommons.org/licenses/by-nc/3.0,United States,Nevada,"Pine Forest Range, Big Creek 1km N 3km E Duffer Creek",7/15/10,41.6747,-118.6644,female,,Tamias,Rodentia,Sciuridae,1765,1765,Tamias minimus
http://arctosdb.org/home/data/; https://creativecommons.org/licenses/by-nc/3.0,United States,Nevada,"Pine Forest Range, Big Creek 1km N 3km E Duffer Peak",7/15/10,41.6747,-118.6644,female,,Tamias,Rodentia,Sciuridae,1765,1765,Tamias minimus
http://arctosdb.org/home/data/; https://creativecommons.org/licenses/by-nc/3.0,United States,Nevada,"Humboldt-Toiyabe National Forest, Santa Rosa Range, Lye Creek, 22km N 3km W Paradise Valley",7/14/10,41.685,-117.5625,unknown,,Tamias,Rodentia,Sciuridae,2268,2268,Tamias minimus
http://arctosdb.org/home/data/; https://creativecommons.org/licenses/by-nc/3.0,United States,Nevada,"Humboldt-Toiyabe National Forest, Schell Creek Range, Steptoe Creek, 1.5km S Success Summit",7/18/10,39.2375,-114.6892,female,,Tamias,Rodentia,Sciuridae,2510,2510,Tamias minimus
http://arctosdb.org/home/data/; https://creativecommons.org/licenses/by-nc/3.0,United States,Nevada,"Humboldt-Toiyabe National Forest, Schell Creek Range, Steptoe Creek, 1.5km S Success Summit",7/18/10,39.2375,-114.6892,male,,Tamias,Rodentia,Sciuridae,2510,2510,Tamias minimus
http://arctosdb.org/home/data/; https://creativecommons.org/licenses/by-nc/3.0,United States,Nevada,"Humboldt-Toiyabe National Forest, Schell Creek Range, Steptoe Creek, 1.5km S Success Summit",7/18/10,39.2375,-114.6892,female,,Tamias,Rodentia,Sciuridae,2510,2510,Tamias minimus
http://arctosdb.org/home/data/; https://creativecommons.org/licenses/by-nc/3.0,United States,Nevada,"Silver Peak Range, 4 km W of Lida Summit",30-Jul-04,37.4287,-117.628,male,,Tamias,Rodentia,Sciuridae,2050,2050,Tamias minimus
http://arctosdb.org/home/data/; https://creativecommons.org/licenses/by-nc/3.0,United States,Nevada,"Cherry Creek Mountains, Lear Ranch, McDermid Creek, Corral Canyon",5-Aug-08,40.1755,-114.8556,female,,Tamias,Rodentia,Sciuridae,2024,2024,Tamias minimus
http://arctosdb.org/home/data/; https://creativecommons.org/licenses/by-nc/3.0,United States,Nevada,"Cherry Creek Mountains, Lear Ranch, McDermid Creek, Corral Canyon",5-Aug-08,40.1755,-114.8556,male,,Tamias,Rodentia,Sciuridae,2024,2024,Tamias minimus
http://arctosdb.org/home/data/; https://creativecommons.org/licenses/by-nc/3.0,United States,Nevada,"Toquima Range, Northumberland Canyon, 3 miles S of Northumberland Pass (FR369)",3-Aug-08,38.9219,-116.8647,female,,Tamias,Rodentia,Sciuridae,2367,2367,Tamias minimus
http://arctosdb.org/home/data/; https://creativecommons.org/licenses/by-nc/3.0,United States,Nevada,"Ruby Mountains, Overland Pass",4-Aug-08,40.0254,-115.549,female,,Tamias,Rodentia,Sciuridae,2000,2000,Tamias minimus
http://arctosdb.org/home/data/; https://creativecommons.org/licenses/by-nc/3.0,United States,Nevada,"Toquima Range, Northumberland Canyon, 3 miles S of Northumberland Pass (FR369)",3-Aug-08,38.9219,-116.8647,male,,Tamias,Rodentia,Sciuridae,2367,2367,Tamias minimus
http://arctosdb.org/home/data/; https://creativecommons.org/licenses/by-nc/3.0,United States,Nevada,"Ruby Mountains, Overland Pass",4-Aug-08,40.0254,-115.549,female,,Tamias,Rodentia,Sciuridae,2000,2000,Tamias minimus
http://arctosdb.org/home/data/; https://creativecommons.org/licenses/by-nc/3.0,United States,Nevada,"Ruby Mountains, Overland Pass",4-Aug-08,40.0254,-115.549,female,,Tamias,Rodentia,Sciuridae,2000,2000,Tamias minimus
http://arctosdb.org/home/data/; https://creativecommons.org/licenses/by-nc/3.0,United States,Nevada,"Humbolt-Toiyabe National Forest, Copper Mts. 2km N and 2km E of Bear Creek Summit",7/8/10,41.8355,-115.4335,female,,Tamias,Rodentia,Sciuridae,2458,2458,Tamias minimus
http://mvz.berkeley.edu/mvzdata_terms; https://creativecommons.org/licenses/by/3.0,United States,Nevada,"camp, vicinity Onion Valley Reservoir, 3.15 km N & 1.31 km W Duffer Peak summit, Pine Forest Range",30-Jun-12,41.69051,-118.74519,female,,Tamias,Rodentia,Sciuridae,7096,7096,Tamias minimus
http://mvz.berkeley.edu/mvzdata_terms; https://creativecommons.org/licenses/by/3.0,United States,Nevada,"vicinity Onion Valley Reservoir, 3.76 km N & 1.39 km W Duffer Peak summit, Pine Forest Range",30-Jun-12,41.69606,-118.74615,male,,Tamias,Rodentia,Sciuridae,7225,7225,Tamias minimus
http://mvz.berkeley.edu/mvzdata_terms; https://creativecommons.org/licenses/by/3.0,United States,Nevada,"vicinity Onion Valley Reservoir, 3.76 km N & 1.39 km W Duffer Peak summit, Pine Forest Range",30-Jun-12,41.69606,-118.74615,male,,Tamias,Rodentia,Sciuridae,7225,7225,Tamias minimus
http://mvz.berkeley.edu/mvzdata_terms; https://creativecommons.org/licenses/by/3.0,United States,Nevada,"vicinity Onion Valley Reservoir, 3.76 km N & 1.39 km W Duffer Peak summit, Pine Forest Range",30-Jun-12,41.69606,-118.74615,female,,Tamias,Rodentia,Sciuridae,7225,7225,Tamias minimus
http://mvz.berkeley.edu/mvzdata_terms; https://creativecommons.org/licenses/by/3.0,United States,Nevada,"vicinity Onion Valley Reservoir, 3.76 km N & 1.39 km W Duffer Peak summit, Pine Forest Range",30-Jun-12,41.69606,-118.74615,male,,Tamias,Rodentia,Sciuridae,7225,7225,Tamias minimus
http://mvz.berkeley.edu/mvzdata_terms; https://creativecommons.org/licenses/by/3.0,United States,Nevada,"vicinity Onion Valley Reservoir, 3.76 km N & 1.39 km W Duffer Peak summit, Pine Forest Range",30-Jun-12,41.69606,-118.74615,female,,Tamias,Rodentia,Sciuridae,7225,7225,Tamias minimus
http://mvz.berkeley.edu/mvzdata_terms; https://creativecommons.org/licenses/by/3.0,United States,Nevada,"vicinity Onion Valley Reservoir, 3.76 km N & 1.39 km W Duffer Peak summit, Pine Forest Range",29-Jun-12,41.69606,-118.74615,female,,Tamias,Rodentia,Sciuridae,7225,7225,Tamias minimus
http://mvz.berkeley.edu/mvzdata_terms; https://creativecommons.org/licenses/by/3.0,United States,Nevada,"vicinity Onion Valley Reservoir, 3.76 km N & 1.39 km W Duffer Peak summit, Pine Forest Range",29-Jun-12,41.69606,-118.74615,female,,Tamias,Rodentia,Sciuridae,7225,7225,Tamias minimus
http://mvz.berkeley.edu/mvzdata_terms; https://creativecommons.org/licenses/by/3.0,United States,Nevada,"vicinity Onion Valley Reservoir, 3.76 km N & 1.39 km W Duffer Peak summit, Pine Forest Range",29-Jun-12,41.69606,-118.74615,female,,Tamias,Rodentia,Sciuridae,7225,7225,Tamias minimus
http://mvz.berkeley.edu/mvzdata_terms; https://creativecommons.org/licenses/by/3.0,United States,Nevada,"vicinity Cold Spring, Pine Forest Range, 0.92 km N, 3.23 km E Duffer Peak summit",10-Aug-12,41.67025,-118.69158,female,,Tamias,Rodentia,Sciuridae,7940,7940,Tamias minimus
http://mvz.berkeley.edu/mvzdata_terms; https://creativecommons.org/licenses/by/3.0,United States,Nevada,"vicinity Cold Spring, Pine Forest Range, 0.92 km N, 3.23 km E Duffer Peak summit",10-Aug-12,41.67025,-118.69158,male,,Tamias,Rodentia,Sciuridae,7940,7940,Tamias minimus
http://mvz.berkeley.edu/mvzdata_terms; https://creativecommons.org/licenses/by/3.0,United States,Nevada,"vicinity Cold Spring, Pine Forest Range, 0.92 km N, 3.23 km E Duffer Peak summit",10-Aug-12,41.67025,-118.69158,female,,Tamias,Rodentia,Sciuridae,7940,7940,Tamias minimus
http://mvz.berkeley.edu/mvzdata_terms; https://creativecommons.org/licenses/by/3.0,United States,Nevada,"vicinity Cold Spring, Pine Forest Range, 0.92 km N, 3.23 km E Duffer Peak summit",10-Aug-12,41.67025,-118.69158,male,,Tamias,Rodentia,Sciuridae,7940,7940,Tamias minimus
http://mvz.berkeley.edu/mvzdata_terms; https://creativecommons.org/licenses/by/3.0,United States,Nevada,"vicinity Cold Spring, Pine Forest Range, 0.92 km N, 3.23 km E Duffer Peak summit",10-Aug-12,41.67025,-118.69158,male,,Tamias,Rodentia,Sciuridae,7940,7940,Tamias minimus
http://mvz.berkeley.edu/mvzdata_terms; https://creativecommons.org/licenses/by/3.0,United States,Nevada,"vicinity Cold Spring, Pine Forest Range, 0.92 km N, 3.23 km E Duffer Peak summit",11-Aug-12,41.67025,-118.69158,female,,Tamias,Rodentia,Sciuridae,7940,7940,Tamias minimus
http://mvz.berkeley.edu/mvzdata_terms; https://creativecommons.org/licenses/by/3.0,United States,Nevada,"vicinity Cold Spring, Pine Forest Range, 0.92 km N, 3.23 km E Duffer Peak summit",11-Aug-12,41.67025,-118.69158,male,,Tamias,Rodentia,Sciuridae,7940,7940,Tamias minimus
http://mvz.berkeley.edu/mvzdata_terms; https://creativecommons.org/licenses/by/3.0,United States,Nevada,"vicinity Cold Spring, Pine Forest Range, 0.92 km N, 3.23 km E Duffer Peak summit",11-Aug-12,41.67025,-118.69158,male,,Tamias,Rodentia,Sciuridae,7940,7940,Tamias minimus
http://mvz.berkeley.edu/mvzdata_terms; https://creativecommons.org/licenses/by/3.0,United States,Nevada,"vicinity Cold Spring, Pine Forest Range, 0.92 km N, 3.23 km E Duffer Peak summit",11-Aug-12,41.67025,-118.69158,male,,Tamias,Rodentia,Sciuridae,7940,7940,Tamias minimus
http://mvz.berkeley.edu/mvzdata_terms; https://creativecommons.org/licenses/by/3.0,United States,Nevada,"vicinity Cold Spring, Pine Forest Range, 0.92 km N, 3.23 km E Duffer Peak summit",11-Aug-12,41.67025,-118.69158,female,,Tamias,Rodentia,Sciuridae,7940,7940,Tamias minimus
http://mvz.berkeley.edu/mvzdata_terms; https://creativecommons.org/licenses/by/3.0,United States,Nevada,"vicinity Cold Spring, Pine Forest Range, 0.92 km N, 3.23 km E Duffer Peak summit",11-Aug-12,41.67025,-118.69158,female,,Tamias,Rodentia,Sciuridae,7940,7940,Tamias minimus
http://mvz.berkeley.edu/mvzdata_terms; https://creativecommons.org/licenses/by/3.0,United States,Nevada,"vicinity Cold Spring, Pine Forest Range, 0.92 km N, 3.23 km E Duffer Peak summit",11-Aug-12,41.67025,-118.69158,male,,Tamias,Rodentia,Sciuridae,7940,7940,Tamias minimus
http://mvz.berkeley.edu/mvzdata_terms; https://creativecommons.org/licenses/by/3.0,United States,Nevada,"vicinity Cold Spring, Pine Forest Range, 0.92 km N, 3.23 km E Duffer Peak summit",12-Aug-12,41.67025,-118.69158,male,,Tamias,Rodentia,Sciuridae,7940,7940,Tamias minimus
http://mvz.berkeley.edu/mvzdata_terms; https://creativecommons.org/licenses/by/3.0,United States,Nevada,"vicinity Cold Spring, Pine Forest Range, 0.92 km N, 3.23 km E Duffer Peak summit",12-Aug-12,41.67025,-118.69158,male,,Tamias,Rodentia,Sciuridae,7940,7940,Tamias minimus
http://mvz.berkeley.edu/mvzdata_terms; https://creativecommons.org/licenses/by/3.0,United States,Nevada,"vicinity Cold Spring, Pine Forest Range, 0.92 km N, 3.23 km E Duffer Peak summit",14-Aug-12,41.67025,-118.69158,male,,Tamias,Rodentia,Sciuridae,7940,7940,Tamias minimus
http://mvz.berkeley.edu/mvzdata_terms; https://creativecommons.org/licenses/by/3.0,United States,Nevada,"vicinity Cold Spring, Pine Forest Range, 0.84 km N, 3.05 km E Duffer Peak summit",11-Aug-12,41.66954,-118.69385,female,,Tamias,Rodentia,Sciuridae,8135,8135,Tamias minimus
http://mvz.berkeley.edu/mvzdata_terms; https://creativecommons.org/licenses/by/3.0,United States,Nevada,"vicinity Cold Spring, Pine Forest Range, 0.84 km N, 3.05 km E Duffer Peak summit",11-Aug-12,41.66954,-118.69385,female,,Tamias,Rodentia,Sciuridae,8135,8135,Tamias minimus
http://mvz.berkeley.edu/mvzdata_terms; https://creativecommons.org/licenses/by/3.0,United States,Nevada,"vicinity Cold Spring, Pine Forest Range, 0.84 km N, 3.05 km E Duffer Peak summit",11-Aug-12,41.66954,-118.69385,female,,Tamias,Rodentia,Sciuridae,8135,8135,Tamias minimus
http://mvz.berkeley.edu/mvzdata_terms; https://creativecommons.org/licenses/by/3.0,United States,Nevada,"vicinity Cold Spring, Pine Forest Range, 0.84 km N, 3.05 km E Duffer Peak summit",11-Aug-12,41.66954,-118.69385,male,,Tamias,Rodentia,Sciuridae,8135,8135,Tamias minimus
http://mvz.berkeley.edu/mvzdata_terms; https://creativecommons.org/licenses/by/3.0,United States,Nevada,"vicinity Cold Spring, Pine Forest Range, 0.84 km N, 3.05 km E Duffer Peak summit",11-Aug-12,41.66954,-118.69385,female,,Tamias,Rodentia,Sciuridae,8135,8135,Tamias minimus
http://mvz.berkeley.edu/mvzdata_terms; https://creativecommons.org/licenses/by/3.0,United States,Nevada,"vicinity Cold Spring, Pine Forest Range, 0.84 km N, 3.05 km E Duffer Peak summit",12-Aug-12,41.66954,-118.69385,male,,Tamias,Rodentia,Sciuridae,8135,8135,Tamias minimus
http://mvz.berkeley.edu/mvzdata_terms; https://creativecommons.org/licenses/by/3.0,United States,Nevada,"vicinity Cold Spring, Pine Forest Range, 0.84 km N, 3.05 km E Duffer Peak summit",13-Aug-12,41.66954,-118.69385,female,,Tamias,Rodentia,Sciuridae,8135,8135,Tamias minimus
http://mvz.berkeley.edu/mvzdata_terms; https://creativecommons.org/licenses/by/3.0,United States,Nevada,"vicinity Cold Spring, Pine Forest Range, 0.84 km N, 3.05 km E Duffer Peak summit",13-Aug-12,41.66954,-118.69385,female,,Tamias,Rodentia,Sciuridae,8135,8135,Tamias minimus
http://mvz.berkeley.edu/mvzdata_terms; https://creativecommons.org/licenses/by/3.0,United States,Nevada,"vicinity Cold Spring, Pine Forest Range, 0.84 km N, 3.05 km E Duffer Peak summit",13-Aug-12,41.66954,-118.69385,male,,Tamias,Rodentia,Sciuridae,8135,8135,Tamias minimus
http://mvz.berkeley.edu/mvzdata_terms; https://creativecommons.org/licenses/by/3.0,United States,Nevada,"vicinity Cold Spring, Pine Forest Range, 0.84 km N, 3.05 km E Duffer Peak summit",13-Aug-12,41.66954,-118.69385,male,,Tamias,Rodentia,Sciuridae,8135,8135,Tamias minimus
http://mvz.berkeley.edu/mvzdata_terms; https://creativecommons.org/licenses/by/3.0,United States,Nevada,"vicinity Cold Spring, Pine Forest Range, 0.84 km N, 3.05 km E Duffer Peak summit",14-Aug-12,41.66954,-118.69385,male,,Tamias,Rodentia,Sciuridae,8135,8135,Tamias minimus
http://mvz.berkeley.edu/mvzdata_terms; https://creativecommons.org/licenses/by/3.0,United States,Nevada,"vicinity Cold Spring, Pine Forest Range, 0.84 km N, 3.05 km E Duffer Peak summit",14-Aug-12,41.66954,-118.69385,male,,Tamias,Rodentia,Sciuridae,8135,8135,Tamias minimus
http://mvz.berkeley.edu/mvzdata_terms; https://creativecommons.org/licenses/by/3.0,United States,Nevada,"vicinity Cold Spring, Pine Forest Range, 0.46 km N, 3.21 km E Duffer Peak summit",11-Aug-12,41.6663,-118.69147,male,,Tamias,Rodentia,Sciuridae,8175,8175,Tamias minimus
http://mvz.berkeley.edu/mvzdata_terms; https://creativecommons.org/licenses/by/3.0,United States,Nevada,"vicinity Cold Spring, Pine Forest Range, 0.46 km N, 3.21 km E Duffer Peak summit",11-Aug-12,41.6663,-118.69147,male,,Tamias,Rodentia,Sciuridae,8175,8175,Tamias minimus
http://mvz.berkeley.edu/mvzdata_terms; https://creativecommons.org/licenses/by/3.0,United States,Nevada,"vicinity Cold Spring, Pine Forest Range, 0.84 km N, 3.05 km E Duffer Peak summit",11-Aug-12,41.66954,-118.69385,male,,Tamias,Rodentia,Sciuridae,8135,8135,Tamias minimus
http://mvz.berkeley.edu/mvzdata_terms; https://creativecommons.org/licenses/by/3.0,United States,Nevada,"mouth of Thomas Canyon, Ruby Mts.",11-Jul-13,40.64835,-115.40357,female,,Tamias,Rodentia,Sciuridae,7600,7600,Tamias minimus
http://mvz.berkeley.edu/mvzdata_terms; https://creativecommons.org/licenses/by/3.0,United States,Nevada,"mouth of Thomas Canyon, Ruby Mts.",12-Jul-13,40.64835,-115.40357,male,,Tamias,Rodentia,Sciuridae,7600,7600,Tamias minimus
http://mvz.berkeley.edu/mvzdata_terms; https://creativecommons.org/licenses/by/3.0,United States,Nevada,"Carroll Summit, Desatoya Mts.",7-Jul-13,39.26762,-117.72606,male,,Tamias,Rodentia,Sciuridae,7500,7500,Tamias minimus
http://arctosdb.org/home/data/; https://creativecommons.org/licenses/by-nc/3.0,United States,Nevada,"6 mi. N, 3 mi. W Kingston",7/9/00,39.296891,-117.126003,female,,Tamias,Rodentia,Sciuridae,8700,8700,Tamias minimus
http://arctosdb.org/home/data/; https://creativecommons.org/licenses/by-nc/3.0,United States,Nevada,"6 mi. N, 3 mi. W Kingston",7/9/00,39.296891,-117.126003,female,,Tamias,Rodentia,Sciuridae,8700,8700,Tamias minimus
http://arctosdb.org/home/data/; https://creativecommons.org/licenses/by-nc/3.0,United States,Nevada,"6 mi. N, 3 mi. W Kingston",7/9/00,39.296891,-117.126003,female,,Tamias,Rodentia,Sciuridae,8700,8700,Tamias minimus
http://arctosdb.org/home/data/; https://creativecommons.org/licenses/by-nc/3.0,United States,Nevada,Lake Valley 4,6/22/05,37.936907,-114.375822,male,,Tamias,Rodentia,Sciuridae,,,Tamias minimus
http://arctosdb.org/home/data/; https://creativecommons.org/licenses/by-nc/3.0,United States,Nevada,"Cottonwood Creek, Monitor Range",7/9/00,38.744988,-117.705664,male,,Tamias,Rodentia,Sciuridae,7900,7900,Tamias minimus
http://arctosdb.org/home/data/; https://creativecommons.org/licenses/by-nc/3.0,United States,Nevada,"Cottonwood Creek, Monitor Range",7/9/00,38.744988,-117.705664,female,,Tamias,Rodentia,Sciuridae,7900,7900,Tamias minimus
http://arctosdb.org/home/data/; https://creativecommons.org/licenses/by-nc/3.0,United States,Nevada,"Cottonwood Creek, Monitor Range",7/9/00,38.744988,-117.705664,male,,Tamias,Rodentia,Sciuridae,7900,7900,Tamias minimus
http://arctosdb.org/home/data/; https://creativecommons.org/publicdomain/zero/1.0,United States,Nevada,"Toquima Range, 1 mi E Jefferson",6/30/33,38.71333,-116.96317,male,,Tamias,Rodentia,Sciuridae,2316.48,2316.48,Tamias minimus
http://arctosdb.org/home/data/; https://creativecommons.org/publicdomain/zero/1.0,United States,Nevada,10 mi S Wells,9/26/52,40.96675,-114.96361,male,,Tamias,Rodentia,Sciuridae,1767.84,1767.84,Tamias minimus
http://arctosdb.org/home/data/; https://creativecommons.org/publicdomain/zero/1.0,United States,Nevada,Wells,5/7/05,41.11167,-114.96361,,,Tamias,Rodentia,Sciuridae,1676.4,1676.4,Tamias minimus
http://arctosdb.org/home/data/; https://creativecommons.org/publicdomain/zero/1.0,United States,Nevada,Wells,5/7/05,41.11167,-114.96361,,,Tamias,Rodentia,Sciuridae,1676.4,1676.4,Tamias minimus
http://arctosdb.org/home/data/; https://creativecommons.org/publicdomain/zero/1.0,United States,Nevada,Wells,5/7/05,41.11167,-114.96361,,,Tamias,Rodentia,Sciuridae,1676.4,1676.4,Tamias minimus
http://arctosdb.org/home/data/; https://creativecommons.org/publicdomain/zero/1.0,United States,Nevada,Wells,5/7/05,41.11167,-114.96361,,,Tamias,Rodentia,Sciuridae,1676.4,1676.4,Tamias minimus
http://arctosdb.org/home/data/; https://creativecommons.org/publicdomain/zero/1.0,United States,Nevada,Wells,5/7/05,41.11167,-114.96361,,,Tamias,Rodentia,Sciuridae,1676.4,1676.4,Tamias minimus
http://arctosdb.org/home/data/; https://creativecommons.org/publicdomain/zero/1.0,United States,Nevada,Wells,5/7/05,41.11167,-114.96361,,,Tamias,Rodentia,Sciuridae,1676.4,1676.4,Tamias minimus
http://arctosdb.org/home/data/; https://creativecommons.org/publicdomain/zero/1.0,United States,Nevada,"Star Valley road, 12 mi W Wells",10/8/64,41.04,-115.18,male,,Tamias,Rodentia,Sciuridae,1767.84,1767.84,Tamias minimus
http://arctosdb.org/home/data/; https://creativecommons.org/publicdomain/zero/1.0,United States,Nevada,"13.2 mi up Goldcreek turnoff, McDonald Creek road",8/25/82,41.8185,-115.7584,,,Tamias,Rodentia,Sciuridae,1981.2,1981.2,Tamias minimus
http://arctosdb.org/home/data/; https://creativecommons.org/publicdomain/zero/1.0,United States,Nevada,"Saval Ranch, Independence Mountains",6/7/05,41.29722,-115.91083,female,,Tamias,Rodentia,Sciuridae,1889.76,1889.76,Tamias minimus
http://arctosdb.org/home/data/; https://creativecommons.org/publicdomain/zero/1.0,United States,Nevada,north fork of Humboldt River,6/15/86,40.92611,-115.54861,,,Tamias,Rodentia,Sciuridae,,,Tamias minimus
http://arctosdb.org/home/data/; https://creativecommons.org/publicdomain/zero/1.0,United States,Nevada,"40.5 mi N, 0.5 mi W Elko (by road)",5/31/80,41.29,-115.81,female; female,,Tamias,Rodentia,Sciuridae,,,Tamias minimus
http://arctosdb.org/home/data/; https://creativecommons.org/publicdomain/zero/1.0,United States,Nevada,"Cobb Creek, 3.25 mi S, 4.25 mi W Mountain City",7/4/82,41.75639,-116.01056,male; male,,Tamias,Rodentia,Sciuridae,,,Tamias minimus
http://arctosdb.org/home/data/; https://creativecommons.org/publicdomain/zero/1.0,United States,Nevada,"Cobb Creek, 3.25 mi S, 4.25 mi W Mountain City",7/4/82,41.75639,-116.01056,female; female,,Tamias,Rodentia,Sciuridae,,,Tamias minimus
http://arctosdb.org/home/data/; https://creativecommons.org/publicdomain/zero/1.0,United States,Nevada,"Cobb Creek, 3.25 mi S, 4.25 mi W Mountain City",7/4/82,41.75639,-116.01056,female; female,,Tamias,Rodentia,Sciuridae,,,Tamias minimus
http://arctosdb.org/home/data/; https://creativecommons.org/publicdomain/zero/1.0,United States,Nevada,"6 MI S, 7.24 mi W North Fork, Independence Mountains",8/6/82,41.39556,-115.95553,female; female,,Tamias,Rodentia,Sciuridae,2590.8,2590.8,Tamias minimus
http://arctosdb.org/home/data/; https://creativecommons.org/publicdomain/zero/1.0,United States,Nevada,"13.2 mi up Goldcreek turnoff, McDonald Creek road",8/25/82,41.8185,-115.7584,female; female,,Tamias,Rodentia,Sciuridae,1981.2,1981.2,Tamias minimus
http://arctosdb.org/home/data/; https://creativecommons.org/publicdomain/zero/1.0,United States,Nevada,"13.2 mi up Goldcreek turnoff, McDonald Creek road",8/25/82,41.8185,-115.7584,male; male,,Tamias,Rodentia,Sciuridae,1981.2,1981.2,Tamias minimus
http://arctosdb.org/home/data/; https://creativecommons.org/publicdomain/zero/1.0,United States,Nevada,"Snake Range, Snake Creek Canyon, Great Basin National Park",7/31/02,38.92836,-114.25395,female,,Tamias,Rodentia,Sciuridae,2549.65,2549.65,Tamias minimus
http://arctosdb.org/home/data/; https://creativecommons.org/publicdomain/zero/1.0,United States,Nevada,"Snake Range, Snake Creek Canyon, Great Basin National Park",8/1/02,38.92836,-114.25395,female,,Tamias,Rodentia,Sciuridae,2549.65,2549.65,Tamias minimus
http://arctosdb.org/home/data/; https://creativecommons.org/publicdomain/zero/1.0,United States,Nevada,"Snake Range, Snake Creek Canyon, Great Basin National Park",8/1/02,38.92836,-114.25395,male,,Tamias,Rodentia,Sciuridae,2549.65,2549.65,Tamias minimus
http://arctosdb.org/home/data/; https://creativecommons.org/publicdomain/zero/1.0,United States,Nevada,"Ruby Mountains, Lamoille Canyon, 1.7 km S, 0.8 km W Verdi Peak summit",8/16/06,40.62915,-115.36746,male,,Tamias,Rodentia,Sciuridae,2584.7,2584.7,Tamias minimus
http://arctosdb.org/home/data/; https://creativecommons.org/publicdomain/zero/1.0,United States,Nevada,"Ruby Mountains, Lamoille Canyon, 1.7 km S, 0.8 km W Verdi Peak summit",8/16/06,40.62915,-115.36746,male,,Tamias,Rodentia,Sciuridae,2584.7,2584.7,Tamias minimus
http://arctosdb.org/home/data/; https://creativecommons.org/publicdomain/zero/1.0,United States,Nevada,"Ruby Mountains, Lamoille Canyon, 1.7 km S, 0.8 km W Verdi Peak summit",8/17/06,40.62915,-115.36746,male,,Tamias,Rodentia,Sciuridae,2584.7,2584.7,Tamias minimus
http://arctosdb.org/home/data/; https://creativecommons.org/publicdomain/zero/1.0,United States,Nevada,"Ruby Mountains, Lamoille Canyon, 1.7 km S, 0.8 km W Verdi Peak summit",8/19/06,40.62915,-115.36746,male,,Tamias,Rodentia,Sciuridae,2584.7,2584.7,Tamias minimus
http://arctosdb.org/home/data/; https://creativecommons.org/publicdomain/zero/1.0,United States,Nevada,"Ruby Mountains, Thomas Canyon, 0.8 km S, 0.05 km E mouth of Thomas Creek",8/15/06,40.64321,-115.406,male,,Tamias,Rodentia,Sciuridae,2392.68,2392.68,Tamias minimus
http://arctosdb.org/home/data/; https://creativecommons.org/publicdomain/zero/1.0,United States,Nevada,"East Humboldt Range, 0.15 km E Davis Spring",6/26/07,40.77187,-115.07207,female,,Tamias,Rodentia,Sciuridae,1944.01,1944.01,Tamias minimus
http://arctosdb.org/home/data/; https://creativecommons.org/publicdomain/zero/1.0,United States,Nevada,"East Humboldt Range, 0.15 km E Davis Spring",6/27/07,40.77187,-115.07207,female,,Tamias,Rodentia,Sciuridae,1944.01,1944.01,Tamias minimus
http://arctosdb.org/home/data/; https://creativecommons.org/publicdomain/zero/1.0,United States,Nevada,"East Humboldt Range, 0.15 km E Davis Spring",6/25/07,40.77187,-115.07207,male,,Tamias,Rodentia,Sciuridae,1944.01,1944.01,Tamias minimus
http://arctosdb.org/home/data/; https://creativecommons.org/publicdomain/zero/1.0,United States,Nevada,"East Humboldt Range, 0.15 km E Davis Spring",6/25/07,40.77187,-115.07207,male,,Tamias,Rodentia,Sciuridae,1944.01,1944.01,Tamias minimus
http://arctosdb.org/home/data/; https://creativecommons.org/publicdomain/zero/1.0,United States,Nevada,"Ruby Mountains, Gardner Creek, 0.1 km N, 1.0 km W Secret Pass",6/20/07,40.81778,-115.22326,female,,Tamias,Rodentia,Sciuridae,2031.49,2031.49,Tamias minimus
http://arctosdb.org/home/data/; https://creativecommons.org/publicdomain/zero/1.0,United States,Nevada,"Ruby Mountains, Gardner Creek, 0.1 km N, 1.0 km W Secret Pass",6/20/07,40.817,-115.22272,female,,Tamias,Rodentia,Sciuridae,2033.02,2033.02,Tamias minimus
http://arctosdb.org/home/data/; https://creativecommons.org/publicdomain/zero/1.0,United States,Nevada,"3.5 km N, 1.8 km E mouth of north fork Humboldt River",5/2/08,40.9558,-115.52741,female,,Tamias,Rodentia,Sciuridae,1591.06,1591.06,Tamias minimus
http://arctosdb.org/home/data/; https://creativecommons.org/publicdomain/zero/1.0,United States,Nevada,"3.5 km N, 1.8 km E mouth of north fork Humboldt River",5/2/08,40.9558,-115.52741,male,,Tamias,Rodentia,Sciuridae,1591.06,1591.06,Tamias minimus
http://arctosdb.org/home/data/; https://creativecommons.org/publicdomain/zero/1.0,United States,Nevada,"3.5 km N, 1.8 km E mouth of north fork Humboldt River",5/2/08,40.9558,-115.52741,male,,Tamias,Rodentia,Sciuridae,1591.06,1591.06,Tamias minimus
http://arctosdb.org/home/data/; https://creativecommons.org/publicdomain/zero/1.0,United States,Nevada,"3.5 km N, 1.8 km E mouth of north fork Humboldt River",5/4/08,40.9558,-115.52741,female,,Tamias,Rodentia,Sciuridae,1591.06,1591.06,Tamias minimus
http://arctosdb.org/home/data/; https://creativecommons.org/publicdomain/zero/1.0,United States,Nevada,"3.5 km N, 1.8 km E mouth of north fork Humboldt River",5/4/08,40.9558,-115.52741,male,,Tamias,Rodentia,Sciuridae,1591.06,1591.06,Tamias minimus
http://arctosdb.org/home/data/; https://creativecommons.org/publicdomain/zero/1.0,United States,Nevada,"East Humboldt Range, 0.15 km E Davis Spring",6/26/07,40.77187,-115.07207,female,,Tamias,Rodentia,Sciuridae,1944.01,1944.01,Tamias minimus
http://arctosdb.org/home/data/; https://creativecommons.org/publicdomain/zero/1.0,United States,Nevada,"Ruby Mountains, Lamoille Canyon, 2.15 km N, 0.25 km W Favre Peak summit",8/20/06,40.60389,-115.37799,male,adult,Tamias,Rodentia,Sciuridae,2712.72,2712.72,Tamias minimus
http://arctosdb.org/home/data/; https://creativecommons.org/publicdomain/zero/1.0,United States,Nevada,"Ruby Mountains, Lamoille Canyon, 2.15 km N, 0.25 km W Favre Peak summit",8/21/06,40.60389,-115.37799,male,subadult,Tamias,Rodentia,Sciuridae,2712.72,2712.72,Tamias minimus
http://arctosdb.org/home/data/; https://creativecommons.org/publicdomain/zero/1.0,United States,Nevada,"Ruby Mountains, Lamoille Canyon, 2.15 km N, 0.25 km W Favre Peak summit",8/20/06,40.60389,-115.37799,male,adult,Tamias,Rodentia,Sciuridae,2712.72,2712.72,Tamias minimus
http://arctosdb.org/home/data/; https://creativecommons.org/publicdomain/zero/1.0,United States,Nevada,"Ruby Mountains, Lamoille Canyon, 2.15 km N, 0.25 km W Favre Peak summit",8/20/06,40.60389,-115.37799,female,adult,Tamias,Rodentia,Sciuridae,2712.72,2712.72,Tamias minimus
http://arctosdb.org/home/data/; https://creativecommons.org/publicdomain/zero/1.0,United States,Nevada,"Ruby Mountains, Lamoille Canyon, 2.15 km N, 0.25 km W Favre Peak summit",8/20/06,40.60389,-115.37799,male,adult,Tamias,Rodentia,Sciuridae,2712.72,2712.72,Tamias minimus
http://arctosdb.org/home/data/; https://creativecommons.org/publicdomain/zero/1.0,United States,Nevada,"East Humboldt Range, 0.15 km E Davis Spring",6/25/07,40.77187,-115.07207,female,,Tamias,Rodentia,Sciuridae,1944.01,1944.01,Tamias minimus
http://arctosdb.org/home/data/; https://creativecommons.org/publicdomain/zero/1.0,United States,Nevada,"East Humboldt Range, Davis Spring",6/26/07,40.77164,-115.07406,female,,Tamias,Rodentia,Sciuridae,1958.34,1958.34,Tamias minimus
http://arctosdb.org/home/data/; https://creativecommons.org/publicdomain/zero/1.0,United States,Nevada,"East Humboldt Range, 0.15 km E Davis Spring",6/25/07,40.77187,-115.07207,female,,Tamias,Rodentia,Sciuridae,1944.01,1944.01,Tamias minimus
http://arctosdb.org/home/data/; https://creativecommons.org/publicdomain/zero/1.0,United States,Nevada,"3.5 km N, 1.8 km E mouth of north fork Humboldt River",5/2/08,40.9558,-115.52741,male,,Tamias,Rodentia,Sciuridae,1591.06,1591.06,Tamias minimus
http://arctosdb.org/home/data/; https://creativecommons.org/publicdomain/zero/1.0,United States,Nevada,"East Humboldt Range, 0.15 km E Davis Spring",6/25/07,40.77187,-115.07207,male,,Tamias,Rodentia,Sciuridae,1944.01,1944.01,Tamias minimus
http://arctosdb.org/home/data/; https://creativecommons.org/publicdomain/zero/1.0,United States,Nevada,"Ruby Mountains, mouth of Thomas Canyon",8/15/06,40.64835,-115.40375,male,subadult,Tamias,Rodentia,Sciuridae,2316.48,2316.48,Tamias minimus
http://arctosdb.org/home/data/; https://creativecommons.org/publicdomain/zero/1.0,United States,Nevada,"Ruby Mountains, mouth of Thomas Canyon",8/18/06,40.64835,-115.40375,male,subadult,Tamias,Rodentia,Sciuridae,2316.48,2316.48,Tamias minimus
http://arctosdb.org/home/data/; https://creativecommons.org/publicdomain/zero/1.0,United States,Nevada,"3.5 km N, 1.8 km E mouth of north fork Humboldt River",5/2/08,40.9558,-115.52741,female,,Tamias,Rodentia,Sciuridae,1591.06,1591.06,Tamias minimus
http://arctosdb.org/home/data/; https://creativecommons.org/publicdomain/zero/1.0,United States,Nevada,"Toiyabe Range, Kingston Canyon, 0.40 km N, 3.2 km W Bunker Hill Summit",7/27/09,39.25651,-117.16199,female,,Tamias,Rodentia,Sciuridae,2331.72,2331.72,Tamias minimus
http://arctosdb.org/home/data/; https://creativecommons.org/publicdomain/zero/1.0,United States,Nevada,"Toiyabe Range, Birch Creek, 4.50 km  N, 3.02 km E North Toiyabe Peak",7/13/11,39.40004,-117.03946,female,,Tamias,Rodentia,Sciuridae,2188.16,2188.16,Tamias minimus
http://arctosdb.org/home/data/; https://creativecommons.org/publicdomain/zero/1.0,United States,Nevada,"Toiyabe Range, Kingston Canyon, 0.40 km N, 3.2 km W Bunker Hill Summit",7/27/09,39.25651,-117.16199,male,,Tamias,Rodentia,Sciuridae,2331.72,2331.72,Tamias minimus
http://arctosdb.org/home/data/; https://creativecommons.org/publicdomain/zero/1.0,United States,Nevada,"Toiyabe Range, Kingston Canyon, 0.40 km N, 3.2 km W Bunker Hill Summit",7/29/09,39.25651,-117.16199,male,,Tamias,Rodentia,Sciuridae,2331.72,2331.72,Tamias minimus
http://arctosdb.org/home/data/; https://creativecommons.org/publicdomain/zero/1.0,United States,Nevada,"Toiyabe Range, Birch Creek, 4.50 km  N, 3.02 km E North Toiyabe Peak",7/13/11,39.40004,-117.03946,male,,Tamias,Rodentia,Sciuridae,2188.16,2188.16,Tamias minimus
http://arctosdb.org/home/data/; https://creativecommons.org/publicdomain/zero/1.0,United States,Nevada,"Toiyabe Range, Kingston Canyon, 0.45 km N, 3.0 km W Bunker Hill Summit",7/23/09,39.25703,-117.16039,female,,Tamias,Rodentia,Sciuridae,7600,7600,Tamias minimus
http://arctosdb.org/home/data/; https://creativecommons.org/publicdomain/zero/1.0,United States,Nevada,"Toiyabe Range, Kingston Canyon, 0.7 km N, 3.4 km W Bunker Hill Summit",7/29/09,39.25917,-117.16456,male,,Tamias,Rodentia,Sciuridae,2319.53,2319.53,Tamias minimus
http://arctosdb.org/home/data/; https://creativecommons.org/publicdomain/zero/1.0,United States,Nevada,"Toiyabe Range, Kingston Canyon, 0.40 km N, 3.2 km W Bunker Hill Summit",7/27/09,39.25651,-117.16199,female,,Tamias,Rodentia,Sciuridae,2331.72,2331.72,Tamias minimus
http://arctosdb.org/home/data/; https://creativecommons.org/publicdomain/zero/1.0,United States,Nevada,"Toiyabe Range, Kingston Canyon, 0.40 km N, 3.2 km W Bunker Hill Summit",7/28/09,39.25651,-117.16199,female,,Tamias,Rodentia,Sciuridae,2331.72,2331.72,Tamias minimus
http://arctosdb.org/home/data/; https://creativecommons.org/publicdomain/zero/1.0,United States,Nevada,"Toiyabe Range, Kingston Canyon, 0.45 km N, 3.0 km W Bunker Hill Summit",7/24/09,39.25703,-117.16039,male,,Tamias,Rodentia,Sciuridae,7600,7600,Tamias minimus
http://arctosdb.org/home/data/; https://creativecommons.org/publicdomain/zero/1.0,United States,Nevada,"Toiyabe Range, Kingston Canyon, 0.45 km N, 3.0 km W Bunker Hill Summit",7/24/09,39.25703,-117.16039,male,,Tamias,Rodentia,Sciuridae,7600,7600,Tamias minimus
http://arctosdb.org/home/data/; https://creativecommons.org/publicdomain/zero/1.0,United States,Nevada,"Toiyabe Range, Kingston Canyon, 0.40 km N, 3.2 km W Bunker Hill Summit",7/27/09,39.25651,-117.16199,female,,Tamias,Rodentia,Sciuridae,2331.72,2331.72,Tamias minimus
http://arctosdb.org/home/data/; https://creativecommons.org/publicdomain/zero/1.0,United States,Nevada,"Reese River Valley, 8.7 km S, 0.4 km W junction Reese River and US Highway 50",5/20/10,39.41175,-117.21291,male,,Tamias,Rodentia,Sciuridae,1764.79,1764.79,Tamias minimus
http://arctosdb.org/home/data/; https://creativecommons.org/publicdomain/zero/1.0,United States,Nevada,"Toiyabe Range, dividing ridge between Big Creek and Kingston canyons",7/12/10,39.29139,-117.116,female,,Tamias,Rodentia,Sciuridae,2682.24,2682.24,Tamias minimus
http://arctosdb.org/home/data/; https://creativecommons.org/publicdomain/zero/1.0,United States,Nevada,"Reese River Valley, 8.7 km S, 0.4 km W junction Reese River and US Highway 50",5/20/10,39.41175,-117.21291,male,,Tamias,Rodentia,Sciuridae,1764.79,1764.79,Tamias minimus
http://arctosdb.org/home/data/; https://creativecommons.org/publicdomain/zero/1.0,United States,Nevada,"Toiyabe Range, dividing ridge between Big Creek and Kingston canyons",7/12/10,39.29139,-117.116,male,,Tamias,Rodentia,Sciuridae,2682.24,2682.24,Tamias minimus
http://arctosdb.org/home/data/; https://creativecommons.org/publicdomain/zero/1.0,United States,Nevada,"Toiyabe Range, Big Creek Canyon, 0.1 km N, 0.25 km E pass between Big Creek and Kingston canyons",7/12/10,39.29328,-117.11319,male,,Tamias,Rodentia,Sciuridae,2560.32,2560.32,Tamias minimus
http://arctosdb.org/home/data/; https://creativecommons.org/publicdomain/zero/1.0,United States,Nevada,"Toiyabe Range, Big Creek Canyon, 0.1 km N, 0.25 km E pass between Big Creek and Kingston canyons",7/13/10,39.29328,-117.11319,female,,Tamias,Rodentia,Sciuridae,2560.32,2560.32,Tamias minimus
http://arctosdb.org/home/data/; https://creativecommons.org/publicdomain/zero/1.0,United States,Nevada,"Toiyabe Range, Big Creek Canyon, 0.1 km N, 0.25 km E pass between Big Creek and Kingston canyons",7/12/10,39.29234,-117.11313,female,,Tamias,Rodentia,Sciuridae,2560.32,2560.32,Tamias minimus
http://arctosdb.org/home/data/; https://creativecommons.org/publicdomain/zero/1.0,United States,Nevada,"Toiyabe Range, Big Creek Canyon, 0.1 km N, 0.25 km E pass between Big Creek and Kingston canyons",7/13/10,39.29328,-117.11319,female,,Tamias,Rodentia,Sciuridae,2560.32,2560.32,Tamias minimus
http://arctosdb.org/home/data/; https://creativecommons.org/publicdomain/zero/1.0,United States,Nevada,"Toiyabe Range, dividing ridge between Big Creek and Kingston canyons",7/13/10,39.29394,-117.11852,male,,Tamias,Rodentia,Sciuridae,2682.24,2682.24,Tamias minimus
http://arctosdb.org/home/data/; https://creativecommons.org/publicdomain/zero/1.0,United States,Nevada,"Toiyabe Range, Big Creek Canyon, 0.1 km N, 0.25 km E pass between Big Creek and Kingston canyons",7/13/10,39.29416,-117.11591,male,,Tamias,Rodentia,Sciuridae,2560.32,2560.32,Tamias minimus
http://arctosdb.org/home/data/; https://creativecommons.org/publicdomain/zero/1.0,United States,Nevada,"Toiyabe Range, dividing ridge between Big Creek and Kingston canyons",7/12/10,39.29139,-117.116,female,,Tamias,Rodentia,Sciuridae,2682.24,2682.24,Tamias minimus
http://arctosdb.org/home/data/; https://creativecommons.org/publicdomain/zero/1.0,United States,Nevada,"Toiyabe Range, dividing ridge between Big Creek and Kingston canyons",7/12/10,39.29139,-117.116,male,,Tamias,Rodentia,Sciuridae,2682.24,2682.24,Tamias minimus
http://arctosdb.org/home/data/; https://creativecommons.org/publicdomain/zero/1.0,United States,Nevada,"Reese River Valley, 8.7 km S, 0.4 km W junction Reese River and US Highway 50",5/21/10,39.41075,-117.21406,male,,Tamias,Rodentia,Sciuridae,1764.79,1764.79,Tamias minimus
http://arctosdb.org/home/data/; https://creativecommons.org/publicdomain/zero/1.0,United States,Nevada,"Reese River Valley, 8.7 km S, 0.4 km W junction Reese River and US Highway 50",5/22/10,39.41075,-117.21406,female,,Tamias,Rodentia,Sciuridae,1764.79,1764.79,Tamias minimus
http://arctosdb.org/home/data/; https://creativecommons.org/publicdomain/zero/1.0,United States,Nevada,"Reese River Valley, 8.7 km S, 0.4 km W junction Reese River and US Highway 50",5/22/10,39.41075,-117.21406,male,,Tamias,Rodentia,Sciuridae,1764.79,1764.79,Tamias minimus
http://arctosdb.org/home/data/; https://creativecommons.org/publicdomain/zero/1.0,United States,Nevada,"Toiyabe Range, Kingston Canyon, 0.45 km N, 3.0 km W Bunker Hill Summit",7/29/09,39.25703,-117.16039,male,,Tamias,Rodentia,Sciuridae,2316.48,2316.48,Tamias minimus
http://arctosdb.org/home/data/; https://creativecommons.org/publicdomain/zero/1.0,United States,Nevada,"Toiyabe Range, Big Creek Canyon, 0.1 km N, 0.25 km E pass between Big Creek and Kingston canyons",7/12/10,39.29234,-117.11313,male,,Tamias,Rodentia,Sciuridae,2560.32,2560.32,Tamias minimus
http://arctosdb.org/home/data/; https://creativecommons.org/publicdomain/zero/1.0,United States,Nevada,"Toiyabe Range, dividing ridge between Big Creek and Kingston canyons",7/13/10,39.29139,-117.116,female,,Tamias,Rodentia,Sciuridae,2682.24,2682.24,Tamias minimus
http://arctosdb.org/home/data/; https://creativecommons.org/publicdomain/zero/1.0,United States,Nevada,"Toiyabe Range, dividing ridge between Big Creek and Kingston canyons",7/13/10,39.29139,-117.116,male,,Tamias,Rodentia,Sciuridae,2682.24,2682.24,Tamias minimus
http://arctosdb.org/home/data/; https://creativecommons.org/publicdomain/zero/1.0,United States,Nevada,"Toiyabe Range, dividing ridge between Big Creek and Kingston canyons",7/13/10,39.29139,-117.116,male,,Tamias,Rodentia,Sciuridae,2682.24,2682.24,Tamias minimus
http://arctosdb.org/home/data/; https://creativecommons.org/publicdomain/zero/1.0,United States,Nevada,"Toiyabe Range, Big Creek Canyon, 1.4 km N, 0.1 km W pass between Big Creek and Kingston canyons",7/11/10,39.30655,-117.11863,male,,Tamias,Rodentia,Sciuridae,2392.68,2392.68,Tamias minimus
http://arctosdb.org/home/data/; https://creativecommons.org/publicdomain/zero/1.0,United States,Nevada,"Toiyabe Range, Big Creek Canyon, 1.4 km N, 0.1 km W pass between Big Creek and Kingston canyons",7/11/10,39.30655,-117.11863,female,,Tamias,Rodentia,Sciuridae,2392.68,2392.68,Tamias minimus
http://arctosdb.org/home/data/; https://creativecommons.org/publicdomain/zero/1.0,United States,Nevada,"Toiyabe Range, Big Creek Canyon, 0.1 km N, 0.25 km E pass between Big Creek and Kingston canyons",7/13/10,39.29416,-117.11591,male,,Tamias,Rodentia,Sciuridae,2560.32,2560.32,Tamias minimus
http://arctosdb.org/home/data/; https://creativecommons.org/publicdomain/zero/1.0,United States,Nevada,"Toiyabe Range, Big Creek Canyon, 0.1 km N, 0.25 km E pass between Big Creek and Kingston canyons",7/13/10,39.29416,-117.11591,male,,Tamias,Rodentia,Sciuridae,2560.32,2560.32,Tamias minimus
http://arctosdb.org/home/data/; https://creativecommons.org/publicdomain/zero/1.0,United States,Nevada,"Toiyabe Range, Big Creek Canyon, 1.4 km N, 0.1 km W pass between Big Creek and Kingston canyons",7/11/10,39.30655,-117.11863,male,,Tamias,Rodentia,Sciuridae,2392.68,2392.68,Tamias minimus
http://arctosdb.org/home/data/; https://creativecommons.org/publicdomain/zero/1.0,United States,Nevada,"Toiyabe Range, dividing ridge between Big Creek and Kingston canyons",7/12/10,39.29139,-117.116,female,,Tamias,Rodentia,Sciuridae,2682.24,2682.24,Tamias minimus
http://arctosdb.org/home/data/; https://creativecommons.org/publicdomain/zero/1.0,United States,Nevada,"Toiyabe Range, dividing ridge between Big Creek and Kingston canyons",7/13/10,39.29394,-117.11852,female,,Tamias,Rodentia,Sciuridae,2682.24,2682.24,Tamias minimus
http://arctosdb.org/home/data/; https://creativecommons.org/publicdomain/zero/1.0,United States,Nevada,"Toiyabe Range, dividing ridge between Big Creek and Kingston canyons",7/13/10,39.29394,-117.11852,male,,Tamias,Rodentia,Sciuridae,2682.24,2682.24,Tamias minimus
http://arctosdb.org/home/data/; https://creativecommons.org/publicdomain/zero/1.0,United States,Nevada,"3.5 km N, 1.8 km E mouth of north fork Humboldt River",5/2/08,40.9558,-115.52741,male,,Tamias,Rodentia,Sciuridae,1591.06,1591.06,Tamias minimus
http://arctosdb.org/home/data/; https://creativecommons.org/publicdomain/zero/1.0,United States,Nevada,"Toiyabe Range, Big Creek Canyon, 0.1 km N, 0.25 km E pass between Big Creek and Kingston canyons",7/12/10,39.29234,-117.11313,male,,Tamias,Rodentia,Sciuridae,2560.32,2560.32,Tamias minimus
http://arctosdb.org/home/data/; https://creativecommons.org/publicdomain/zero/1.0,United States,Nevada,"Toiyabe Range, Kingston Canyon, 0.45 km N, 3.0 km W Bunker Hill Summit",7/28/09,39.25703,-117.16039,female,,Tamias,Rodentia,Sciuridae,2316.48,2316.48,Tamias minimus
http://arctosdb.org/home/data/; https://creativecommons.org/publicdomain/zero/1.0,United States,Nevada,"Reese River Valley, 8.7 km S, 0.4 km W junction Reese River and US Highway 50",5/21/10,39.41075,-117.21406,female,,Tamias,Rodentia,Sciuridae,1764.79,1764.79,Tamias minimus
http://arctosdb.org/home/data/; https://creativecommons.org/publicdomain/zero/1.0,United States,Nevada,"Toiyabe Range, Big Creek Canyon, 0.1 km N, 0.25 km E pass between Big Creek and Kingston canyons",7/12/10,39.29234,-117.11313,female,,Tamias,Rodentia,Sciuridae,2560.32,2560.32,Tamias minimus
http://arctosdb.org/home/data/; https://creativecommons.org/publicdomain/zero/1.0,United States,Nevada,"Toiyabe Range, dividing ridge between Big Creek and Kingston canyons",7/12/10,39.29139,-117.116,female,,Tamias,Rodentia,Sciuridae,2682.24,2682.24,Tamias minimus
http://arctosdb.org/home/data/; https://creativecommons.org/publicdomain/zero/1.0,United States,Nevada,"Reese River Valley, 8.7 km S, 0.4 km W junction Reese River and US Highway 50",5/20/10,39.40941,-117.21252,male,,Tamias,Rodentia,Sciuridae,1764.79,1764.79,Tamias minimus
http://arctosdb.org/home/data/; https://creativecommons.org/publicdomain/zero/1.0,United States,Nevada,"Reese River Valley, 8.7 km S, 0.4 km W junction Reese River and US Highway 50",5/21/10,39.41075,-117.21406,male,,Tamias,Rodentia,Sciuridae,1764.79,1764.79,Tamias minimus
http://arctosdb.org/home/data/; https://creativecommons.org/publicdomain/zero/1.0,United States,Nevada,"Toiyabe Range, Kingston Canyon, 0.40 km N, 3.2 km W Bunker Hill Summit",7/29/09,39.25651,-117.16199,male,,Tamias,Rodentia,Sciuridae,2331.72,2331.72,Tamias minimus
http://arctosdb.org/home/data/; https://creativecommons.org/publicdomain/zero/1.0,United States,Nevada,"Toiyabe Range, Kingston Canyon, 0.40 km N, 3.2 km W Bunker Hill Summit",7/29/09,39.25651,-117.16199,female,,Tamias,Rodentia,Sciuridae,2331.72,2331.72,Tamias minimus
http://arctosdb.org/home/data/; https://creativecommons.org/publicdomain/zero/1.0,United States,Nevada,"Toiyabe Range, Kingston Canyon, 0.45 km N, 3.0 km W Bunker Hill Summit",7/21/09,39.25703,-117.16039,male,,Tamias,Rodentia,Sciuridae,7600,7600,Tamias minimus
http://arctosdb.org/home/data/; https://creativecommons.org/publicdomain/zero/1.0,United States,Nevada,"Toiyabe Range, Big Creek Canyon, 0.1 km N, 0.25 km E pass between Big Creek and Kingston canyons",7/13/10,39.29416,-117.11591,male,,Tamias,Rodentia,Sciuridae,2560.32,2560.32,Tamias minimus
http://arctosdb.org/home/data/; https://creativecommons.org/publicdomain/zero/1.0,United States,Nevada,"Toiyabe Range, Big Creek Canyon, 1.4 km N, 0.1 km W pass between Big Creek and Kingston canyons",7/13/10,39.30594,-117.12208,female,,Tamias,Rodentia,Sciuridae,2392.68,2392.68,Tamias minimus
http://arctosdb.org/home/data/; https://creativecommons.org/publicdomain/zero/1.0,United States,Nevada,"Snake Range, Strawberry Creek Canyon, Great Basin National Park",8/6/09,39.05062,-114.31529,female,,Tamias,Rodentia,Sciuridae,2539.9,2539.9,Tamias minimus
http://arctosdb.org/home/data/; https://creativecommons.org/publicdomain/zero/1.0,United States,Nevada,"Toiyabe Range, Kingston Canyon, 0.45 km N, 3.0 km W Bunker Hill Summit",7/28/09,39.25703,-117.16039,female,,Tamias,Rodentia,Sciuridae,2316.48,2316.48,Tamias minimus
http://arctosdb.org/home/data/; https://creativecommons.org/publicdomain/zero/1.0,United States,Nevada,"Toiyabe Range, Kingston Canyon, 0.45 km N, 3.0 km W Bunker Hill Summit",7/28/09,39.25703,-117.16039,female,,Tamias,Rodentia,Sciuridae,2316.48,2316.48,Tamias minimus
http://arctosdb.org/home/data/; https://creativecommons.org/publicdomain/zero/1.0,United States,Nevada,"Toiyabe Range, Kingston Canyon, 0.1 km N, 3.35 km W Bunker Hill Summit",7/29/09,39.25398,-117.16357,male,,Tamias,Rodentia,Sciuridae,2301.24,2301.24,Tamias minimus
http://arctosdb.org/home/data/; https://creativecommons.org/publicdomain/zero/1.0,United States,Nevada,"Toiyabe Range, Kingston Canyon, 0.1 km N, 3.35 km W Bunker Hill Summit",7/30/09,39.25398,-117.16357,male,,Tamias,Rodentia,Sciuridae,2301.24,2301.24,Tamias minimus
http://arctosdb.org/home/data/; https://creativecommons.org/publicdomain/zero/1.0,United States,Nevada,"Toiyabe Range, Kingston Canyon, 0.40 km N, 3.2 km W Bunker Hill Summit",7/27/09,39.25651,-117.16199,female,,Tamias,Rodentia,Sciuridae,2331.72,2331.72,Tamias minimus
http://arctosdb.org/home/data/; https://creativecommons.org/publicdomain/zero/1.0,United States,Nevada,"Toiyabe Range, dividing ridge between Big Creek and Kingston canyons",7/13/10,39.29139,-117.116,male,,Tamias,Rodentia,Sciuridae,2682.24,2682.24,Tamias minimus
http://arctosdb.org/home/data/; https://creativecommons.org/publicdomain/zero/1.0,United States,Nevada,"Toiyabe Range, Big Creek Canyon, 0.1 km N, 0.25 km E pass between Big Creek and Kingston canyons",7/13/10,39.29328,-117.11319,male,,Tamias,Rodentia,Sciuridae,2560.32,2560.32,Tamias minimus
http://arctosdb.org/home/data/; https://creativecommons.org/publicdomain/zero/1.0,United States,Nevada,"Toiyabe Range, Birch Creek, 4.32 km  N, 3.07 km E North Toiyabe Peak",7/14/11,39.39843,-117.03887,male,,Tamias,Rodentia,Sciuridae,2155.55,2155.55,Tamias minimus
http://arctosdb.org/home/data/; https://creativecommons.org/publicdomain/zero/1.0,United States,Nevada,"Toiyabe Range, Birch Creek, 4.50 km  N, 3.02 km E North Toiyabe Peak",7/15/11,39.40004,-117.03946,male,,Tamias,Rodentia,Sciuridae,2188.16,2188.16,Tamias minimus
http://arctosdb.org/home/data/; https://creativecommons.org/publicdomain/zero/1.0,United States,Nevada,"Toiyabe Range, Big Creek Canyon, 0.1 km N, 0.25 km E pass between Big Creek and Kingston canyons",7/13/10,39.29234,-117.11313,female,,Tamias,Rodentia,Sciuridae,2560.32,2560.32,Tamias minimus
http://arctosdb.org/home/data/; https://creativecommons.org/publicdomain/zero/1.0,United States,Nevada,"Sheep Creek, 5.75 mi W Haystack Ranch",6/24/80,41.3751,-115.8817,female; female,,Tamias,Rodentia,Sciuridae,,,Tamias minimus
http://arctosdb.org/home/data/; https://creativecommons.org/publicdomain/zero/1.0,United States,Nevada,"Sheep Creek, 5.75 mi W Haystack Ranch, T40N, R54E, NW1/4 sec. 10",9/5/80,41.3751,-115.8817,female; female,,Tamias,Rodentia,Sciuridae,,,Tamias minimus
http://arctosdb.org/home/data/; https://creativecommons.org/publicdomain/zero/1.0,United States,Nevada,"vicinity of Bilk Creek, 2.19 km N, 0.53 km E Quinn River Crossing",5/23/12,41.59412,-118.42211,female,,Tamias,Rodentia,Sciuridae,1256.39,1256.39,Tamias minimus
http://arctosdb.org/home/data/; https://creativecommons.org/publicdomain/zero/1.0,United States,Nevada,west side Monitor Valley near mouth of Pine Creek Canyon,4/22/12,38.79906,-116.82507,male,,Tamias,Rodentia,Sciuridae,2162.56,2162.56,Tamias minimus
http://arctosdb.org/home/data/; https://creativecommons.org/publicdomain/zero/1.0,United States,Nevada,west side Monitor Valley near mouth of Pine Creek Canyon,4/23/12,38.79906,-116.82507,female,,Tamias,Rodentia,Sciuridae,2162.56,2162.56,Tamias minimus
http://arctosdb.org/home/data/; https://creativecommons.org/publicdomain/zero/1.0,United States,Nevada,west side Monitor Valley near mouth of Pine Creek Canyon,4/21/12,38.79906,-116.82507,male,,Tamias,Rodentia,Sciuridae,2162.56,2162.56,Tamias minimus
http://arctosdb.org/home/data/; https://creativecommons.org/publicdomain/zero/1.0,United States,Nevada,west side Monitor Valley near mouth of Pine Creek Canyon,4/22/12,38.79906,-116.82507,female,,Tamias,Rodentia,Sciuridae,2162.56,2162.56,Tamias minimus
http://arctosdb.org/home/data/; https://creativecommons.org/publicdomain/zero/1.0,United States,Nevada,"Toquima Range, Pine Creek USFS campground",4/23/12,38.79563,-116.84732,male,,Tamias,Rodentia,Sciuridae,2281.43,2281.43,Tamias minimus
http://arctosdb.org/home/data/; https://creativecommons.org/publicdomain/zero/1.0,United States,Nevada,"Toiyabe Range, Bade Creek, 0.65 km S, 1.15 km E Austin Summit",7/2/11,39.47527,-117.00214,female,,Tamias,Rodentia,Sciuridae,2089.1,2089.1,Tamias minimus
http://arctosdb.org/home/data/; https://creativecommons.org/publicdomain/zero/1.0,United States,Nevada,"Ruby Mountains, mouth of Thomas Canyon",8/15/06,40.64835,-115.40375,male,adult,Tamias,Rodentia,Sciuridae,2316.48,2316.48,Tamias minimus
http://arctosdb.org/home/data/; https://creativecommons.org/publicdomain/zero/1.0,United States,Nevada,"Toiyabe Range, dividing ridge between Big Creek and Kingston canyons",7/13/10,39.29394,-117.11852,male,,Tamias,Rodentia,Sciuridae,2682.24,2682.24,Tamias minimus
http://arctosdb.org/home/data/; https://creativecommons.org/publicdomain/zero/1.0,United States,Nevada,"Mahoney Spring, 3.25 mi N, 7.25 mi W Haystack Ranch",7/11/80,41.39336,-115.92734,female; female,,Tamias,Rodentia,Sciuridae,,,Tamias minimus
http://arctosdb.org/home/data/; https://creativecommons.org/publicdomain/zero/1.0,United States,Nevada,"Stump Creek, 1.75 mi N, 8 mi W Haystack Ranch",7/15/80,41.3664,-115.9575,male; male,,Tamias,Rodentia,Sciuridae,,,Tamias minimus
http://arctosdb.org/home/data/; https://creativecommons.org/publicdomain/zero/1.0,United States,Nevada,"Crosstimbers, near Ely",5/30/07,39.249,-114.895,,,Tamias,Rodentia,Sciuridae,,,Tamias minimus
http://arctosdb.org/home/data/; https://creativecommons.org/publicdomain/zero/1.0,United States,Nevada,"Toiyabe Range, dividing ridge between Big Creek and Kingston canyons",7/14/10,39.29394,-117.11852,female,,Tamias,Rodentia,Sciuridae,2682.24,2682.24,Tamias minimus
http://arctosdb.org/home/data/; https://creativecommons.org/publicdomain/zero/1.0,United States,Nevada,"Toiyabe Range, Big Creek Canyon, 0.8 km due N pass between Big Creek and Kingston canyons",7/15/10,39.30135,-117.11784,female,,Tamias,Rodentia,Sciuridae,2468.88,2468.88,Tamias minimus
http://arctosdb.org/home/data/; https://creativecommons.org/publicdomain/zero/1.0,United States,Nevada,"Ruby Mountains, Willow Creek, 1.23 km N, 1.0 km E Walker Spring",5/29/07,40.09919,-115.65997,female,,Tamias,Rodentia,Sciuridae,2001.01,2001.01,Tamias minimus
http://arctosdb.org/home/data/; https://creativecommons.org/publicdomain/zero/1.0,United States,Nevada,"Toiyabe Range, Big Creek Canyon, 0.1 km N, 0.25 km E pass between Big Creek and Kingston canyons",8/8/10,39.29361,-117.11385,female,,Tamias,Rodentia,Sciuridae,2560.32,2560.32,Tamias minimus
http://arctosdb.org/home/data/; https://creativecommons.org/publicdomain/zero/1.0,United States,Nevada,"Toiyabe Range, dividing ridge between Big Creek and Kingston canyons",8/8/10,39.29441,-117.1191,female,,Tamias,Rodentia,Sciuridae,2682.24,2682.24,Tamias minimus
http://arctosdb.org/home/data/; https://creativecommons.org/publicdomain/zero/1.0,United States,Nevada,"Toiyabe Range, dividing ridge between Big Creek and Kingston canyons",8/8/10,39.29441,-117.1191,male,,Tamias,Rodentia,Sciuridae,2682.24,2682.24,Tamias minimus
http://arctosdb.org/home/data/; https://creativecommons.org/publicdomain/zero/1.0,United States,Nevada,"Toiyabe Range, dividing ridge between Big Creek and Kingston canyons",8/8/10,39.29441,-117.1191,male,,Tamias,Rodentia,Sciuridae,2682.24,2682.24,Tamias minimus
http://arctosdb.org/home/data/; https://creativecommons.org/publicdomain/zero/1.0,United States,Nevada,"Toiyabe Range, dividing ridge between Big Creek and Kingston canyons",8/8/10,39.29441,-117.1191,male,,Tamias,Rodentia,Sciuridae,2682.24,2682.24,Tamias minimus
http://arctosdb.org/home/data/; https://creativecommons.org/publicdomain/zero/1.0,United States,Nevada,"Toiyabe Range, dividing ridge between Big Creek and Kingston canyons",8/9/10,39.29441,-117.1191,male,,Tamias,Rodentia,Sciuridae,2682.24,2682.24,Tamias minimus
http://arctosdb.org/home/data/; https://creativecommons.org/publicdomain/zero/1.0,United States,Nevada,"Toiyabe Range, dividing ridge between Big Creek and Kingston canyons",8/10/10,39.29441,-117.1191,female,,Tamias,Rodentia,Sciuridae,2682.24,2682.24,Tamias minimus
http://arctosdb.org/home/data/; https://creativecommons.org/publicdomain/zero/1.0,United States,Nevada,"vicinity of Bilk Creek, 2.19 km N, 0.53 km E Quinn River Crossing",5/24/12,41.59412,-118.42211,female,,Tamias,Rodentia,Sciuridae,1256.39,1256.39,Tamias minimus
http://arctosdb.org/home/data/; https://creativecommons.org/publicdomain/zero/1.0,United States,Nevada,"Toiyabe Range, Big Creek Canyon, 0.1 km N, 0.25 km E pass between Big Creek and Kingston canyons",8/8/10,39.29327,-117.11433,male,,Tamias,Rodentia,Sciuridae,2560.32,2560.32,Tamias minimus
http://arctosdb.org/home/data/; https://creativecommons.org/publicdomain/zero/1.0,United States,Nevada,"Pine Forest Range, vicinity of Cold Spring, 0.86 km N, 3.37 km E Duffer Peak summit",8/14/12,41.67005,-118.68893,male,,Tamias,Rodentia,Sciuridae,2381.4,2381.4,Tamias minimus
http://arctosdb.org/home/data/; https://creativecommons.org/publicdomain/zero/1.0,United States,Nevada,"Pine Forest Range, vicinity of Cold Spring, 0.78 km N, 3.32 km E Duffer Peak summit",8/11/12,41.6692,-118.68967,male,,Tamias,Rodentia,Sciuridae,2386.58,2386.58,Tamias minimus
http://arctosdb.org/home/data/; https://creativecommons.org/publicdomain/zero/1.0,United States,Nevada,"Pine Forest Range, vicinity of Cold Spring, 0.38 km N, 3.24 km E Duffer Peak summit",8/12/12,41.66565,-118.69075,male,,Tamias,Rodentia,Sciuridae,2526.79,2526.79,Tamias minimus
http://arctosdb.org/home/data/; https://creativecommons.org/publicdomain/zero/1.0,United States,Nevada,"Pine Forest Range, vicinity of Onion Valley Reservoir, 3.07 km N, 0.83 km W Duffer Peak summit",6/28/12,41.68977,-118.73933,male,,Tamias,Rodentia,Sciuridae,2235.71,2235.71,Tamias minimus
http://arctosdb.org/home/data/; https://creativecommons.org/publicdomain/zero/1.0,United States,Nevada,"Pine Forest Range, vicinity of Onion Valley Reservoir, 3.40 km N, 0.68 km W Duffer Peak summit",6/29/12,41.6928,-118.73752,male,,Tamias,Rodentia,Sciuridae,2202.18,2202.18,Tamias minimus
http://arctosdb.org/home/data/; https://creativecommons.org/publicdomain/zero/1.0,United States,Nevada,"Pine Forest Range, vicinity of Onion Valley Reservoir, 3.33 km N, 1.67 km W Duffer Peak summit",6/29/12,41.69215,-118.7495,male,,Tamias,Rodentia,Sciuridae,2231.14,2231.14,Tamias minimus
http://arctosdb.org/home/data/; https://creativecommons.org/publicdomain/zero/1.0,United States,Nevada,"Pine Forest Range, vicinity of Onion Valley Reservoir, 3.15 km N, 1.31 km W Duffer Peak summit",6/29/12,41.69051,-118.74519,female,,Tamias,Rodentia,Sciuridae,2162.86,2162.86,Tamias minimus
http://arctosdb.org/home/data/; https://creativecommons.org/publicdomain/zero/1.0,United States,Nevada,"Pine Forest Range, vicinity of Cold Spring, 0.78 km N, 3.32 km E Duffer Peak summit",8/10/12,41.6692,-118.68967,female,,Tamias,Rodentia,Sciuridae,2386.58,2386.58,Tamias minimus
http://arctosdb.org/home/data/; https://creativecommons.org/publicdomain/zero/1.0,United States,Nevada,"Pine Forest Range, vicinity of Cold Spring, 0.86 km N, 3.37 km E Duffer Peak summit",8/13/12,41.67005,-118.68893,female,,Tamias,Rodentia,Sciuridae,2381.4,2381.4,Tamias minimus
http://arctosdb.org/home/data/; https://creativecommons.org/publicdomain/zero/1.0,United States,Nevada,"Pine Forest Range, vicinity of Onion Valley Reservoir, 3.15 km N, 1.31 km W Duffer Peak summit",6/29/12,41.69051,-118.74519,female,,Tamias,Rodentia,Sciuridae,2162.86,2162.86,Tamias minimus
http://arctosdb.org/home/data/; https://creativecommons.org/publicdomain/zero/1.0,United States,Nevada,"Pine Forest Range, vicinity of Cold Spring, 0.86 km N, 3.37 km E Duffer Peak summit",8/13/12,41.66565,-118.69075,male,,Tamias,Rodentia,Sciuridae,2526.79,2526.79,Tamias minimus
http://arctosdb.org/home/data/; https://creativecommons.org/publicdomain/zero/1.0,United States,Nevada,"Ruby Mountains, Lamoille Canyon, 2.15 km N, 0.25 km W Favre Peak summit",7/10/13,40.60389,-115.27799,male,,Tamias,Rodentia,Sciuridae,2688.34,2688.34,Tamias minimus
http://arctosdb.org/home/data/; https://creativecommons.org/publicdomain/zero/1.0,United States,Nevada,"Ruby Mountains, Lamoille Canyon, 2.15 km N, 0.25 km W Favre Peak summit",7/12/13,40.60389,-115.27799,female,,Tamias,Rodentia,Sciuridae,2688.34,2688.34,Tamias minimus
http://arctosdb.org/home/data/; https://creativecommons.org/publicdomain/zero/1.0,United States,Nevada,"Pine Forest Range, vicinity of Cold Spring, 0.38 km N, 3.24 km E Duffer Peak summit",8/11/12,41.66565,-118.69075,female,,Tamias,Rodentia,Sciuridae,2526.79,2526.79,Tamias minimus
http://arctosdb.org/home/data/; https://creativecommons.org/publicdomain/zero/1.0,United States,Nevada,"Pine Forest Range, vicinity of Cold Spring, 0.39 km N, 3.15 km E Duffer Peak summit",8/13/12,41.6692,-118.68967,female,,Tamias,Rodentia,Sciuridae,2386.58,2386.58,Tamias minimus
http://arctosdb.org/home/data/; https://creativecommons.org/publicdomain/zero/1.0,United States,Nevada,"Ruby Mountains, Lamoille Canyon, 2.15 km N, 0.25 km W Favre Peak summit",7/10/13,40.60389,-115.27799,female,,Tamias,Rodentia,Sciuridae,2712.72,2712.72,Tamias minimus
http://arctosdb.org/home/data/; https://creativecommons.org/publicdomain/zero/1.0,United States,Nevada,"Dolly Varden Mountains, 0.3 km S, 0.1 km W Victoria Mine",6/21/14,40.32557,-114.55173,male,,Tamias,Rodentia,Sciuridae,2320.75,2320.75,Tamias minimus
http://arctosdb.org/home/data/; https://creativecommons.org/publicdomain/zero/1.0,United States,Nevada,"Ruby Mountains, Lamoille Canyon, 1.7 km S, 0.85 km W Verdi Peak summit",7/9/13,40.62915,-115.36746,male,,Tamias,Rodentia,Sciuridae,2584.7,2584.7,Tamias minimus
http://arctosdb.org/home/data/; https://creativecommons.org/publicdomain/zero/1.0,United States,Nevada,"Pine Forest Range, vicinity of Onion Valley Reservoir, 3.40 km N, 0.68 km W Duffer Peak summit",6/30/12,41.6928,-118.73752,male,,Tamias,Rodentia,Sciuridae,2202.18,2202.18,Tamias minimus
http://arctosdb.org/home/data/; https://creativecommons.org/publicdomain/zero/1.0,United States,Nevada,"Pine Forest Range, vicinity of Onion Valley Reservoir, 3.07 km N, 0.83 km W Duffer Peak summit",6/30/12,41.68977,-118.73933,male,,Tamias,Rodentia,Sciuridae,2235.71,2235.71,Tamias minimus
http://arctosdb.org/home/data/; https://creativecommons.org/publicdomain/zero/1.0,United States,Nevada,"Ruby Mountains, Lamoille Canyon, 1.7 km S, 0.85 km W Verdi Peak summit",7/9/13,40.62915,-115.36746,female,,Tamias,Rodentia,Sciuridae,2584.7,2584.7,Tamias minimus
http://arctosdb.org/home/data/; https://creativecommons.org/publicdomain/zero/1.0,United States,Nevada,"Ruby Mountains, Lamoille Canyon, 2.15 km N, 0.25 km W Favre Peak summit",7/9/13,40.60389,-115.27799,male,,Tamias,Rodentia,Sciuridae,2712.72,2712.72,Tamias minimus
http://arctosdb.org/home/data/; https://creativecommons.org/publicdomain/zero/1.0,United States,Nevada,"Wassuk Range, head of north fork of Cat Creek",8/6/15,38.53299,-118.80856,male,adult,Tamias,Rodentia,Sciuridae,2752.65,2752.65,Tamias minimus
http://arctosdb.org/home/data/; https://creativecommons.org/publicdomain/zero/1.0,United States,Nevada,"Ruby Mountains, Lamoille Canyon, 1.7 km S, 0.85 km W Verdi Peak summit",7/11/13,40.62915,-115.36746,male,,Tamias,Rodentia,Sciuridae,2584.7,2584.7,Tamias minimus
http://arctosdb.org/home/data/; https://creativecommons.org/publicdomain/zero/1.0,United States,Nevada,"Snake Range, Great Basin Nat'l Park, Wheeler Peak Scenic Drive",8/1/15,39.03174,-114.26695,female,,Tamias,Rodentia,Sciuridae,2612.14,2612.14,Tamias minimus
http://arctosdb.org/home/data/; https://creativecommons.org/publicdomain/zero/1.0,United States,Nevada,"Wassuk Range, Lapon Meadows, head of Lapon Canyon",7/21/15,38.52587,-118.81083,female,adult,Tamias,Rodentia,Sciuridae,2743.81,2743.81,Tamias minimus
http://arctosdb.org/home/data/; https://creativecommons.org/publicdomain/zero/1.0,United States,Nevada,"Wassuk Range, Lapon Meadows, head of Lapon Canyon",7/21/15,38.52587,-118.81083,female,adult,Tamias,Rodentia,Sciuridae,2743.81,2743.81,Tamias minimus
http://arctosdb.org/home/data/; https://creativecommons.org/publicdomain/zero/1.0,United States,Nevada,"Wassuk Range, Lapon Meadows, head of Lapon Canyon",7/22/15,38.52481,-118.81604,male,subadult,Tamias,Rodentia,Sciuridae,2736.19,2736.19,Tamias minimus
http://arctosdb.org/home/data/; https://creativecommons.org/publicdomain/zero/1.0,United States,Nevada,"Snake Range, Great Basin National Park, 0.60 km W confluence of main and south forks of Baker Creek",8/13/15,38.97513,-114.25414,female,,Tamias,Rodentia,Sciuridae,2536.55,2536.55,Tamias minimus
http://arctosdb.org/home/data/; https://creativecommons.org/publicdomain/zero/1.0,United States,Nevada,"Snake Range, Great Basin National Park, 0.60 km W confluence of main and south forks of Baker Creek",8/14/15,38.97513,-114.25414,male,,Tamias,Rodentia,Sciuridae,2536.55,2536.55,Tamias minimus
http://arctosdb.org/home/data/; https://creativecommons.org/publicdomain/zero/1.0,United States,Nevada,"Snake Range, Great Basin National Park, 0.60 km W confluence of main and south forks of Baker Creek",8/16/15,38.97513,-114.25414,male,,Tamias,Rodentia,Sciuridae,2536.55,2536.55,Tamias minimus
http://arctosdb.org/home/data/; https://creativecommons.org/publicdomain/zero/1.0,United States,Nevada,"Wassuk Range, Lapon Meadows, head of Lapon Canyon",7/21/15,38.52587,-118.81083,female,adult,Tamias,Rodentia,Sciuridae,2743.81,2743.81,Tamias minimus
http://arctosdb.org/home/data/; https://creativecommons.org/publicdomain/zero/1.0,United States,Nevada,"Wassuk Range, Lapon Meadows, head of Lapon Canyon",7/21/15,38.52587,-118.81083,female,,Tamias,Rodentia,Sciuridae,2743.81,2743.81,Tamias minimus
http://arctosdb.org/home/data/; https://creativecommons.org/publicdomain/zero/1.0,United States,Nevada,"Spring Valley, 7.2 km S, 6.4 km W Osceola",7-Jun-16,39.03078,-114.46661,female,,Tamias,Rodentia,Sciuridae,5782,5782,Tamias minimus
http://arctosdb.org/home/data/; https://creativecommons.org/publicdomain/zero/1.0,United States,Nevada,"Spring Valley, 8 km S, 5.6 km W Osceola",7-Jun-16,39.02245,-114.45538,female,,Tamias,Rodentia,Sciuridae,5854,5854,Tamias minimus
http://arctosdb.org/home/data/; https://creativecommons.org/publicdomain/zero/1.0,United States,Nevada,"Spring Valley, 7.2 km S, 6.4 km W Osceola",9-Jun-16,39.02732,-114.46487,female,,Tamias,Rodentia,Sciuridae,5780,5780,Tamias minimus
http://arctosdb.org/home/data/; https://creativecommons.org/licenses/by-nc/3.0,United States,Nevada,Elko; 10 mi S,DY 99 | MO JUN | YR 1962 | 28-29|,40.68758,-115.76222,unknown,,Tamias,Rodentia,Sciuridae,,,Tamias minimus
http://arctosdb.org/home/data/; https://creativecommons.org/licenses/by-nc/3.0,United States,Nevada,Elko; 10 mi S,DY 99 | MO JUN | YR 1962 | 28-29|,40.68758,-115.76222,unknown,,Tamias,Rodentia,Sciuridae,,,Tamias minimus
http://arctosdb.org/home/data/; https://creativecommons.org/licenses/by-nc/3.0,United States,Nevada,Elko; 10 mi S,DY 99 | MO JUN | YR 1962 | 28-29|,40.68758,-115.76222,unknown,,Tamias,Rodentia,Sciuridae,,,Tamias minimus
http://arctosdb.org/home/data/; https://creativecommons.org/licenses/by-nc/3.0,United States,Nevada,Elko; 10 mi S,DY 99 | MO JUN | YR 1962 | 28-29|,40.68758,-115.76222,unknown,,Tamias,Rodentia,Sciuridae,,,Tamias minimus
http://arctosdb.org/home/data/; https://creativecommons.org/licenses/by-nc/3.0,United States,Nevada,Elko; 10 mi S,DY 99 | MO JUN | YR 1962 | 28-29|,40.68758,-115.76222,unknown,,Tamias,Rodentia,Sciuridae,,,Tamias minimus
http://arctosdb.org/home/data/; https://creativecommons.org/licenses/by/3.0,United States,Nevada,"Smith Creek, 30 mi W and 10 mi S of Austin",8/23/53,39.382726,-117.630285,male,,Tamias,Rodentia,Sciuridae,,,Tamias minimus
http://arctosdb.org/home/data/; https://creativecommons.org/licenses/by/3.0,United States,Nevada,"Birch Creek, 7 mi S and 2 mi E of Austin",9/27/53,39.387121,-117.028875,male,,Tamias,Rodentia,Sciuridae,,,Tamias minimus
http://arctosdb.org/home/data/; https://creativecommons.org/licenses/by/3.0,United States,Nevada,"S side of Summit Mts, N end of Monitor Range",10/7/53,38.814099,-116.561738,male,,Tamias,Rodentia,Sciuridae,,,Tamias minimus
http://arctosdb.org/home/data/; https://creativecommons.org/licenses/by/3.0,United States,Nevada,"5 mi of Hwy. 395, N of Reno on Golden Valley Rd.",5/15/72,39.620187,-119.845749,male,,Tamias,Rodentia,Sciuridae,,,Tamias minimus
http://arctosdb.org/home/data/; https://creativecommons.org/licenses/by/3.0,United States,Nevada,"5 mi N Sparks, Spanish Springs",9/12/73,39.607387,-119.752689,male,,Tamias,Rodentia,Sciuridae,,,Tamias minimus
http://arctosdb.org/home/data/; https://creativecommons.org/licenses/by/3.0,United States,Nevada,"2 mi W and 0.5 mi N of Carlin on old Hwy 40, near Carlin Fish Pond",17-Apr-65,40.721046,-116.142205,female,,Tamias,Rodentia,Sciuridae,4957,4957,Tamias minimus
http://arctosdb.org/home/data/; https://creativecommons.org/licenses/by/3.0,United States,Nevada,"Spanish Springs Valley, 0.5 mi SW of Harolds Gun Club",27-Feb-66,39.563522,-119.725465,male,,Tamias,Rodentia,Sciuridae,4800,4800,Tamias minimus
http://arctosdb.org/home/data/; https://creativecommons.org/licenses/by/3.0,United States,Nevada,"Pyramid Lake Road, 0.25 mi W of Harold's Club Trap Shoot",12-May-65,40.013609,-119.558723,female,,Tamias,Rodentia,Sciuridae,4600,4600,Tamias minimus
http://arctosdb.org/home/data/; https://creativecommons.org/licenses/by/3.0,United States,Nevada,1 mi S Junction Hwy 395 and Hwy 50,2-Apr-61,39.151146,-119.747422,male,,Tamias,Rodentia,Sciuridae,,,Tamias minimus
http://arctosdb.org/home/data/; https://creativecommons.org/licenses/by/3.0,United States,Nevada,"Bird Springs, 3 mi W of Bedell Flat, off Red Rock Road, 22 mi N of Reno",7-Apr-74,39.851005,-119.886,female,,Tamias,Rodentia,Sciuridae,,,Tamias minimus
http://arctosdb.org/home/data/; https://creativecommons.org/licenses/by/3.0,United States,Nevada,"Ruby Valley, National Wildlife Refuge",12-Aug-72,40.430206,-115.307268,male,,Tamias,Rodentia,Sciuridae,,,Tamias minimus
http://arctosdb.org/home/data/; https://creativecommons.org/licenses/by/3.0,United States,Nevada,"6 mi N of Reno, Hwy. 395",1-Apr-72,39.616604,-119.813803,female,,Tamias,Rodentia,Sciuridae,,,Tamias minimus
http://arctosdb.org/home/data/; https://creativecommons.org/licenses/by/3.0,United States,Nevada,"2 mi E on Military Rd, Lemmon Valley",28-Mar-72,39.65157,-119.853099,male,,Tamias,Rodentia,Sciuridae,4500,4500,Tamias minimus
http://arctosdb.org/home/data/; https://creativecommons.org/licenses/by/3.0,United States,Nevada,"Pyramid Lake Hwy, 0.5 mi W Harold's Trap Shoot",15-Apr-67,40.013609,-119.558723,female,,Tamias,Rodentia,Sciuridae,4580,4580,Tamias minimus
http://arctosdb.org/home/data/; https://creativecommons.org/licenses/by/3.0,United States,Nevada,"5 to 6 mi N of Sparks, 1 mi W Hwy 33",1-Apr-66,39.621882,-119.752689,male,,Tamias,Rodentia,Sciuridae,,,Tamias minimus
http://arctosdb.org/home/data/; https://creativecommons.org/licenses/by/3.0,United States,Nevada,"N from Hwy 395 to Black Springs, 0.7 mi down Lemmon Valley Rd",27-Mar-61,39.610072,-119.856252,male,,Tamias,Rodentia,Sciuridae,,,Tamias minimus
http://arctosdb.org/home/data/; https://creativecommons.org/licenses/by/3.0,United States,Nevada,3 mi N Stead Air Force Base near Red Rock Rd,10-May-67,39.702929,-119.877222,female,,Tamias,Rodentia,Sciuridae,,,Tamias minimus
http://arctosdb.org/home/data/; https://creativecommons.org/licenses/by/3.0,United States,Nevada,"7 mi N of Sparks on Hwy 33, 1 mi W of Hwy 33",19-May-67,39.636377,-119.752689,male,,Tamias,Rodentia,Sciuridae,,,Tamias minimus
http://arctosdb.org/home/data/; https://creativecommons.org/licenses/by/3.0,United States,Nevada,1.5 mi N of US Hwy 395 on Red Rock Rd,21-May-67,39.645542,-119.926411,female,,Tamias,Rodentia,Sciuridae,4980,4980,Tamias minimus
http://arctosdb.org/home/data/; https://creativecommons.org/licenses/by/3.0,United States,Nevada,4.5 mi S and 0.5 mi W of Reno,3/26/54,39.464405,-119.823191,female,,Tamias,Rodentia,Sciuridae,4800,4800,Tamias minimus
http://arctosdb.org/home/data/; https://creativecommons.org/licenses/by/3.0,United States,Nevada,"Near Steamboat Spring, 9 mi S of Reno",3/26/54,39.399177,-119.813803,female,,Tamias,Rodentia,Sciuridae,4700,4700,Tamias minimus
http://arctosdb.org/home/data/; https://creativecommons.org/licenses/by/3.0,United States,Nevada,"Scofield Canyon, E face of Troy Peak, Quinn Canyon Mts",6/20/53,38.28946,-115.42506,female,,Tamias,Rodentia,Sciuridae,8500,8500,Tamias minimus
http://arctosdb.org/home/data/; https://creativecommons.org/licenses/by/3.0,United States,Nevada,3.5 mi SW Jarbidge,8/7/62,41.837648,-115.480172,female,,Tamias,Rodentia,Sciuridae,6700,6700,Tamias minimus
http://arctosdb.org/home/data/; https://creativecommons.org/licenses/by/3.0,United States,Nevada,"8.5 mi SW of Wells, Angel Lake in Ruby Mountains",8/11/62,41.024434,-115.080091,female,,Tamias,Rodentia,Sciuridae,8200,8200,Tamias minimus
http://arctosdb.org/home/data/; https://creativecommons.org/licenses/by/3.0,United States,Nevada,"2 mi N Hwy. 40, Susie Creek, Carlin",3/24/67,40.747776,-116.07418,male,,Tamias,Rodentia,Sciuridae,,,Tamias minimus
http://arctosdb.org/home/data/; https://creativecommons.org/licenses/by/3.0,United States,Nevada,Gund Ranch,1/1/82,39.933806,-117.037908,male,,Tamias,Rodentia,Sciuridae,,,Tamias minimus
http://arctosdb.org/home/data/; https://creativecommons.org/licenses/by/3.0,United States,Nevada,5 mi Dog Valley Rd,5/17/65,36.274136,-115.071392,male,,Tamias,Rodentia,Sciuridae,,,Tamias minimus
http://arctosdb.org/home/data/; https://creativecommons.org/licenses/by/3.0,United States,Nevada,"5 mi Dog Valley, Verdi",4/25/65,39.518243,-119.988811,female,,Tamias,Rodentia,Sciuridae,,,Tamias minimus
http://arctosdb.org/home/data/; https://creativecommons.org/licenses/by/3.0,United States,Nevada,4 mi N of Reno and 0.5 mi E of Highway 395,4/9/55,39.587613,-119.813803,male,,Tamias,Rodentia,Sciuridae,,,Tamias minimus
http://arctosdb.org/home/data/; https://creativecommons.org/licenses/by/3.0,United States,Nevada,"0.25 mi W of Ranger Station, near old Mt Rose Road, Galena Creek",5/4/65,39.36111,-119.81158,male,,Tamias,Rodentia,Sciuridae,,,Tamias minimus
http://arctosdb.org/home/data/; https://creativecommons.org/licenses/by/3.0,United States,Nevada,"Galena Creek Camp on the Mt Rose Rd, 0.5 mi E of highway",5/21/66,39.36111,-119.81158,male,,Tamias,Rodentia,Sciuridae,,,Tamias minimus
http://arctosdb.org/home/data/; https://creativecommons.org/licenses/by/3.0,United States,Nevada,"Sheep Creek, 0.5 mi W of Haystack Ranch",6/25/81,41.993967,-115.219697,female,,Tamias,Rodentia,Sciuridae,,,Tamias minimus
http://arctosdb.org/home/data/; https://creativecommons.org/licenses/by/3.0,United States,Nevada,"Sheep Creek, 0.5 mi W of Haystack Ranch",6/25/81,41.993967,-115.219697,male,,Tamias,Rodentia,Sciuridae,,,Tamias minimus
http://arctosdb.org/home/data/; https://creativecommons.org/licenses/by/3.0,United States,Nevada,"Sheep Creek, 0.5 mi W of Haystack Ranch",6/25/81,41.993967,-115.219697,female,,Tamias,Rodentia,Sciuridae,,,Tamias minimus
http://arctosdb.org/home/data/; https://creativecommons.org/licenses/by/3.0,United States,Nevada,"California Mountain, 2.5 mi N and 8.5 mi W of Haystack Ranch",9/11/81,41.38602,-115.958139,unknown,,Tamias,Rodentia,Sciuridae,,,Tamias minimus
http://arctosdb.org/home/data/; https://creativecommons.org/licenses/by/3.0,United States,Nevada,"Sheep Creek, 0.5 mi W of Haystack Ranch",6/25/81,41.993967,-115.219697,male,,Tamias,Rodentia,Sciuridae,5600,5600,Tamias minimus
http://arctosdb.org/home/data/; https://creativecommons.org/licenses/by/3.0,United States,Nevada,Old Cedar Creek Road 13 mi from Carson City,4/16/65,39.151146,-119.747422,male,,Tamias,Rodentia,Sciuridae,6400,6400,Tamias minimus
http://arctosdb.org/home/data/; https://creativecommons.org/licenses/by/3.0,United States,Nevada,Lake Valley 4,6/22/05,37.936907,-114.375822,male,,Tamias,Rodentia,Sciuridae,,,Tamias minimus
http://arctosdb.org/home/data/; https://creativecommons.org/licenses/by/3.0,United States,Nevada,"6 mi. N, 3 mi. W Kingston",7/9/00,39.296891,-117.126003,female,,Tamias,Rodentia,Sciuridae,8700,8700,Tamias minimus
http://arctosdb.org/home/data/; https://creativecommons.org/licenses/by/3.0,United States,Nevada,"6 mi. N, 3 mi. W Kingston",7/9/00,39.296891,-117.126003,female,,Tamias,Rodentia,Sciuridae,8700,8700,Tamias minimus
http://arctosdb.org/home/data/; https://creativecommons.org/licenses/by/3.0,United States,Nevada,"Cottonwood Creek, Monitor Range",7/9/00,38.744988,-117.705664,male,,Tamias,Rodentia,Sciuridae,7900,7900,Tamias minimus
http://arctosdb.org/home/data/; https://creativecommons.org/licenses/by/3.0,United States,Nevada,"Cottonwood Creek, Monitor Range",7/9/00,38.744988,-117.705664,female,,Tamias,Rodentia,Sciuridae,7900,7900,Tamias minimus
http://arctosdb.org/home/data/; https://creativecommons.org/licenses/by/3.0,United States,Nevada,"Cottonwood Creek, Monitor Range",7/9/00,38.744988,-117.705664,male,,Tamias,Rodentia,Sciuridae,7900,7900,Tamias minimus
http://arctosdb.org/home/data/; https://creativecommons.org/licenses/by/3.0,United States,Nevada,"6 mi. N, 3 mi. W Kingston",7/9/00,39.296891,-117.126003,female,,Tamias,Rodentia,Sciuridae,8700,8700,Tamias minimus
http://arctosdb.org/home/data/; https://creativecommons.org/licenses/by/3.0,United States,Nevada,Spring Valley 3,12-Jul-05,,,male,,Tamias,Rodentia,Sciuridae,,,Tamias minimus
http://arctosdb.org/home/data/; https://creativecommons.org/licenses/by-nc/3.0,United States,Nevada,"Vicinity of Bilk Creek, 1.77 km N, 0.72 km E Quinn River Crossing, 41.59077 N, 118.42499 W, 1258 m",20-May-12,41.59077,-118.42499,female,,Tamias,Rodentia,Sciuridae,1258,1258,Tamias minimus
http://arctosdb.org/home/data/; https://creativecommons.org/licenses/by-nc/3.0,United States,Nevada,"Vicinity of Bilk Creek, 1.77 km N, 0.72 km E Quinn River Crossing, 41.59077 N, 118.42499 W, 1258 m",21-May-12,41.59077,-118.42499,female,,Tamias,Rodentia,Sciuridae,1258,1258,Tamias minimus
http://arctosdb.org/home/data/; https://creativecommons.org/licenses/by-nc/3.0,United States,Nevada,"Vicinity of Bilk Creek, 2.14 Km N, 0.96 km E Quinn River Crossing, 41.59412 N, 118.42211 W, 1262 m",21-May-12,41.59412,-118.42211,female,,Tamias,Rodentia,Sciuridae,1262,1262,Tamias minimus
http://arctosdb.org/home/data/; https://creativecommons.org/licenses/by-nc/3.0,United States,Nevada,"Monitor Valley near mouth of Pine Creek Canyon, 38.79655 N, 116.82616 W, 2179 m",21-Apr-12,38.79655,-116.82616,female,,Tamias,Rodentia,Sciuridae,2179,2179,Tamias minimus
http://arctosdb.org/home/data/; https://creativecommons.org/licenses/by-nc/3.0,United States,Nevada,"Monitor Valley near mouth of Pine Creek Canyon, 38.79655 N, 116.82616 W, 2179 m",21-Apr-12,38.79655,-116.82616,female,,Tamias,Rodentia,Sciuridae,2179,2179,Tamias minimus
http://arctosdb.org/home/data/; https://creativecommons.org/licenses/by-nc/3.0,United States,Nevada,"Monitor Valley near mouth of Pine Creek Canyon, 38.79655 N, 116.82616 W, 2179 m",22-Apr-12,38.79655,-116.82616,female,,Tamias,Rodentia,Sciuridae,2179,2179,Tamias minimus
http://arctosdb.org/home/data/; https://creativecommons.org/licenses/by-nc/3.0,United States,Nevada,"Monitor Valley near mouth of Pine Creek Canyon, 38.79655 N, 116.82616 W, 2179 m",22-Apr-12,38.79655,-116.82616,male,,Tamias,Rodentia,Sciuridae,2179,2179,Tamias minimus
http://arctosdb.org/home/data/; https://creativecommons.org/licenses/by-nc/3.0,United States,Nevada,"Monitor Valley near mouth of Pine Creek Canyon, 38.79655 N, 116.82616 W, 2179 m",22-Apr-12,38.79655,-116.82616,male,,Tamias,Rodentia,Sciuridae,2179,2179,Tamias minimus
http://arctosdb.org/home/data/; https://creativecommons.org/licenses/by-nc/3.0,United States,Nevada,"250 yds up Ophir Creek Trail, near Bower√¢‚Ç¨‚Ñ¢s Mansion",3-Mar-72,39.2849083,-119.8412971,female,,Tamias,Rodentia,Sciuridae,,,Tamias minimus
http://arctosdb.org/home/data/; https://creativecommons.org/licenses/by-nc/3.0,United States,Nevada,"Spanish Springs, 5 mi N Sparks",12-Sep-73,39.6485538,-119.7075037,male,,Tamias,Rodentia,Sciuridae,,,Tamias minimus
http://arctosdb.org/home/data/; https://creativecommons.org/licenses/by-nc/3.0,United States,Nevada,"6 mi NE Virginia City, 6000 ft elev.",24-Jul-41,39.3699687,-119.5697592,male,,Tamias,Rodentia,Sciuridae,6000,6000,Tamias minimus
http://arctosdb.org/home/data/; https://creativecommons.org/licenses/by-nc/3.0,United States,Nevada,"Middle Creek, White Mountains, 8000 ft elev.",27-Jul-41,37.8382588,-118.254776,female,,Tamias,Rodentia,Sciuridae,8000,8000,Tamias minimus
http://arctosdb.org/home/data/; https://creativecommons.org/licenses/by-nc/3.0,United States,Nevada,"N end Table Mts., Stillwater Mts., 8000 ft elev.",25-Aug-41,39.5818453,-118.2994079,female,,Tamias,Rodentia,Sciuridae,8000,8000,Tamias minimus
http://arctosdb.org/home/data/; https://creativecommons.org/licenses/by-nc/3.0,United States,Nevada,"N end Table Mts., Stillwater Mts., 8000 ft elev.",25-Aug-47,39.5818453,-118.2994079,male,,Tamias,Rodentia,Sciuridae,8000,8000,Tamias minimus
http://arctosdb.org/home/data/; https://creativecommons.org/licenses/by/3.0,United States,Nevada,"4 mi N of Sun Valley, Lupin Dr",4-Mar-67,39.654279,-119.776023,female,,Tamias,Rodentia,Sciuridae,5243,5243,Tamias minimus
http://arctosdb.org/home/data/; https://creativecommons.org/licenses/by/3.0,United States,Nevada,"10 mi NW Reno, 0.25 W Stead Air Force Base",23-Mar-72,39.632053,-119.946691,male,,Tamias,Rodentia,Sciuridae,,,Tamias minimus
http://arctosdb.org/home/data/; https://creativecommons.org/licenses/by/3.0,United States,Nevada,8 mi from junction Hwy 395 and 50 toward Spooner Summit on Hwy 50,30-May-65,39.104353,-119.897127,male,,Tamias,Rodentia,Sciuridae,6200,6200,Tamias minimus
http://arctosdb.org/home/data/; https://creativecommons.org/licenses/by/3.0,United States,Nevada,7 mi N of Reno in Sun Valley,1864 to 2015,39.631099,-119.813803,male,,Tamias,Rodentia,Sciuridae,,,Tamias minimus
http://arctosdb.org/home/data/; https://creativecommons.org/licenses/by/3.0,United States,Nevada,"3 mi N Sparks, Spanish Springs",28-Mar-72,39.578396,-119.752689,male,,Tamias,Rodentia,Sciuridae,,,Tamias minimus
http://arctosdb.org/home/data/; https://creativecommons.org/licenses/by/3.0,United States,Nevada,Red Rock Rd 7 mi E from Highway 395,16-Feb-77,39.900184,-119.990756,male,,Tamias,Rodentia,Sciuridae,5200,5200,Tamias minimus
http://mvz.berkeley.edu/mvzdata_terms; https://creativecommons.org/licenses/by/3.0,United States,Nevada,0.9 mi NW Halleck,16-Sep-21,40.95855,-115.46628,male,,Tamias,Rodentia,Sciuridae,5288,5288,Tamias minimus
http://mvz.berkeley.edu/mvzdata_terms; https://creativecommons.org/licenses/by/3.0,United States,Nevada,6 mi SE Halleck,16-Sep-21,40.91325,-115.35013,male,,Tamias,Rodentia,Sciuridae,5353,5353,Tamias minimus
http://arctosdb.org/home/data/; https://creativecommons.org/licenses/by-nc/3.0,United States,Nevada,No specific locality recorded.,16-Jul-78,,,female,subadult,Tamias,Rodentia,Sciuridae,,,Tamias minimus
http://arctosdb.org/home/data/; https://creativecommons.org/licenses/by-nc/3.0,United States,Nevada,No specific locality recorded.,13-Sep-83,,,male,subadult,Tamias,Rodentia,Sciuridae,,,Tamias minimus
http://arctosdb.org/home/data/; https://creativecommons.org/licenses/by/3.0,United States,Nevada,"Pine Grove, Pine Grove Hills, 3 mi E and 21 mi S of Yerington",30-Jun-82,38.678248,-119.12404,male,,Tamias,Rodentia,Sciuridae,,,Tamias minimus
http://arctosdb.org/home/data/; https://creativecommons.org/licenses/by/3.0,United States,Nevada,"old fish hatchery, junction of Milkhouse Creek and Smith Creek, Desatoya Mts",3-Jul-87,39.357513,-117.684983,male,,Tamias,Rodentia,Sciuridae,7000,7000,Tamias minimus
http://arctosdb.org/home/data/; https://creativecommons.org/licenses/by/3.0,United States,Nevada,"Smith Creek, Desatoya Mts",2-Jul-87,39.362672,-117.713625,male,,Tamias,Rodentia,Sciuridae,7600,7600,Tamias minimus
http://arctosdb.org/home/data/; https://creativecommons.org/licenses/by/3.0,United States,Nevada,"old fish hatchery, junction of Milkhouse Creek and Smith Creek, Desatoya Mts",4-Jul-87,39.357513,-117.684983,male,,Tamias,Rodentia,Sciuridae,7000,7000,Tamias minimus
http://arctosdb.org/home/data/; https://creativecommons.org/licenses/by/3.0,United States,Nevada,"Peterson Creek, Shoshone Mountains",20-Jul-86,39.165781,-117.491662,female,,Tamias,Rodentia,Sciuridae,8000,8000,Tamias minimus
http://arctosdb.org/home/data/; https://creativecommons.org/licenses/by/3.0,United States,Nevada,"War Eagle Canyon, Shoshone Mountains",5-Jul-87,39.12122,-117.546361,female,,Tamias,Rodentia,Sciuridae,8400,8400,Tamias minimus
http://arctosdb.org/home/data/; https://creativecommons.org/licenses/by/3.0,United States,Nevada,"War Eagle Canyon, Shoshone Mountains",5-Jul-87,39.12122,-117.546361,male,,Tamias,Rodentia,Sciuridae,8400,8400,Tamias minimus
http://arctosdb.org/home/data/; https://creativecommons.org/licenses/by/3.0,United States,Nevada,"War Eagle Canyon, Shoshone Mountains",6-Jul-87,39.12122,-117.546361,male,,Tamias,Rodentia,Sciuridae,8400,8400,Tamias minimus
http://arctosdb.org/home/data/; https://creativecommons.org/licenses/by/3.0,United States,Nevada,"War Eagle Canyon, Shoshone Mountains",6-Jul-87,39.12122,-117.546361,female,,Tamias,Rodentia,Sciuridae,8400,8400,Tamias minimus
http://arctosdb.org/home/data/; https://creativecommons.org/licenses/by/3.0,United States,Nevada,"War Eagle Canyon, Shoshone Mountains",6-Jul-87,39.12122,-117.546361,female,,Tamias,Rodentia,Sciuridae,8400,8400,Tamias minimus
http://arctosdb.org/home/data/; https://creativecommons.org/licenses/by/3.0,United States,Nevada,"War Eagle Canyon, Shoshone Mountains",6-Jul-87,39.12122,-117.546361,male,,Tamias,Rodentia,Sciuridae,8400,8400,Tamias minimus
http://arctosdb.org/home/data/; https://creativecommons.org/licenses/by/3.0,United States,Nevada,"War Eagle Canyon, Shoshone Mountains",7-Jul-87,39.12122,-117.546361,female,,Tamias,Rodentia,Sciuridae,8400,8400,Tamias minimus
http://arctosdb.org/home/data/; https://creativecommons.org/licenses/by/3.0,United States,Nevada,"War Canyon, Clan Alpine Mountains",28-Jun-87,39.599346,-117.886462,male,,Tamias,Rodentia,Sciuridae,7700,7700,Tamias minimus
http://arctosdb.org/home/data/; https://creativecommons.org/licenses/by/3.0,United States,Nevada,"War Canyon, Clan Alpine Mountains",29-Jun-87,39.599346,-117.886462,male,,Tamias,Rodentia,Sciuridae,7700,7700,Tamias minimus
http://arctosdb.org/home/data/; https://creativecommons.org/licenses/by/3.0,United States,Nevada,"War Canyon, Clan Alpine Mountains",29-Jun-87,39.59174,-117.861657,female,,Tamias,Rodentia,Sciuridae,6800,6800,Tamias minimus
http://arctosdb.org/home/data/; https://creativecommons.org/licenses/by/3.0,United States,Nevada,"War Canyon, Clan Alpine Mountains",30-Jun-87,39.592964,-117.862437,male,,Tamias,Rodentia,Sciuridae,6900,6900,Tamias minimus
http://arctosdb.org/home/data/; https://creativecommons.org/licenses/by/3.0,United States,Nevada,"War Canyon, Clan Alpine Mountains",30-Jun-87,39.596204,-117.865999,male,,Tamias,Rodentia,Sciuridae,7000,7000,Tamias minimus
http://arctosdb.org/home/data/; https://creativecommons.org/licenses/by/3.0,United States,Nevada,"War Canyon, Clan Alpine Mountains",30-Jun-87,39.596204,-117.865999,male,,Tamias,Rodentia,Sciuridae,7000,7000,Tamias minimus
http://arctosdb.org/home/data/; https://creativecommons.org/licenses/by/3.0,United States,Nevada,"Green Monster Canyon, Monitor Mountains",9-Jul-87,38.743703,-116.544873,female,,Tamias,Rodentia,Sciuridae,7900,7900,Tamias minimus
http://arctosdb.org/home/data/; https://creativecommons.org/licenses/by/3.0,United States,Nevada,"Green Monster Canyon, Monitor Mountains",9-Jul-87,38.743703,-116.544873,female,,Tamias,Rodentia,Sciuridae,7900,7900,Tamias minimus
http://arctosdb.org/home/data/; https://creativecommons.org/licenses/by/3.0,United States,Nevada,"Green Monster Canyon, Monitor Mountains",9-Jul-87,38.743703,-116.544873,male,,Tamias,Rodentia,Sciuridae,7900,7900,Tamias minimus
http://arctosdb.org/home/data/; https://creativecommons.org/licenses/by/3.0,United States,Nevada,"Green Monster Canyon, Monitor Mountains",9-Jul-87,38.743703,-116.544873,male,,Tamias,Rodentia,Sciuridae,7900,7900,Tamias minimus
http://arctosdb.org/home/data/; https://creativecommons.org/licenses/by/3.0,United States,Nevada,"Green Monster Canyon, Monitor Mountains",10-Jul-87,38.743703,-116.544873,female,,Tamias,Rodentia,Sciuridae,7900,7900,Tamias minimus
http://arctosdb.org/home/data/; https://creativecommons.org/licenses/by/3.0,United States,Nevada,"Long Canyon, Ruby Mountains",15-Jul-87,40.557665,-115.525999,male,,Tamias,Rodentia,Sciuridae,6300,6300,Tamias minimus
http://arctosdb.org/home/data/; https://creativecommons.org/licenses/by/3.0,United States,Nevada,"Long Canyon, Ruby Mountains",15-Jul-87,40.557665,-115.525999,male,,Tamias,Rodentia,Sciuridae,6300,6300,Tamias minimus
http://arctosdb.org/home/data/; https://creativecommons.org/licenses/by/3.0,United States,Nevada,"1 mi SW Peterson Station, Smith Creek Valley",5-Jul-87,39.2291,-117.546939,male,,Tamias,Rodentia,Sciuridae,6100,6100,Tamias minimus
http://arctosdb.org/home/data/; https://creativecommons.org/licenses/by/3.0,United States,Nevada,"1 mi SW Peterson Station, Smith Creek Valley",5-Jul-87,39.2291,-117.546939,female,,Tamias,Rodentia,Sciuridae,6100,6100,Tamias minimus
http://arctosdb.org/home/data/; https://creativecommons.org/licenses/by/3.0,United States,Nevada,"Peterson Creek, Shoshone Mountains",21-Jul-86,39.165781,-117.491662,female,,Tamias,Rodentia,Sciuridae,8000,8000,Tamias minimus
http://arctosdb.org/home/data/; https://creativecommons.org/licenses/by/3.0,United States,Nevada,"Scofield Canyon, Grant Range",24-Jun-92,38.297961,-115.482171,female,,Tamias,Rodentia,Sciuridae,7600,7600,Tamias minimus
http://arctosdb.org/home/data/; https://creativecommons.org/licenses/by/3.0,United States,Nevada,"Scofield Canyon, Grant Range",24-Jun-92,38.297961,-115.482171,male,,Tamias,Rodentia,Sciuridae,7600,7600,Tamias minimus
http://arctosdb.org/home/data/; https://creativecommons.org/licenses/by/3.0,United States,Nevada,"Scofield Canyon, Grant Range",25-Jun-92,38.297961,-115.482171,female,,Tamias,Rodentia,Sciuridae,7600,7600,Tamias minimus
http://arctosdb.org/home/data/; https://creativecommons.org/licenses/by/3.0,United States,Nevada,"20 mi N and 8 mi W of Baker, Snake Range",24-Jul-90,39.322,-114.264,female,,Tamias,Rodentia,Sciuridae,8950,8950,Tamias minimus
http://arctosdb.org/home/data/; https://creativecommons.org/licenses/by/3.0,United States,Nevada,"Corduroy basin, 15 mi N, 2 mi E Currant, White Pine Range",27-Jul-90,38.958765,-115.436891,male,,Tamias,Rodentia,Sciuridae,8550,8550,Tamias minimus
http://arctosdb.org/home/data/; https://creativecommons.org/licenses/by/3.0,United States,Nevada,"Corduroy basin, 15 mi N, 2 mi E Currant, White Pine Range",27-Jul-90,38.958765,-115.436891,male,,Tamias,Rodentia,Sciuridae,8550,8550,Tamias minimus
http://arctosdb.org/home/data/; https://creativecommons.org/licenses/by/3.0,United States,Nevada,"Corduroy basin, 15 mi N, 2 mi E Currant, White Pine Range",28-Jul-90,38.958765,-115.436891,female,,Tamias,Rodentia,Sciuridae,8550,8550,Tamias minimus
http://arctosdb.org/home/data/; https://creativecommons.org/licenses/by/3.0,United States,Nevada,"Corduroy basin, 15 mi N, 2 mi E Currant, White Pine Range",28-Jul-90,38.958765,-115.436891,female,,Tamias,Rodentia,Sciuridae,8550,8550,Tamias minimus
http://arctosdb.org/home/data/; https://creativecommons.org/licenses/by/3.0,United States,Nevada,"Scofield Canyon, Grant Range",25-Jun-92,38.297961,-115.482171,female,,Tamias,Rodentia,Sciuridae,7600,7600,Tamias minimus
http://arctosdb.org/home/data/; https://creativecommons.org/licenses/by/3.0,United States,Nevada,"Scofield Canyon, Grant Range",25-Jun-92,38.297961,-115.482171,male,,Tamias,Rodentia,Sciuridae,7600,7600,Tamias minimus
http://arctosdb.org/home/data/; https://creativecommons.org/licenses/by/3.0,United States,Nevada,"Seligman Canyon, White Pine Range",30-Jun-92,39.268003,-115.544361,female,,Tamias,Rodentia,Sciuridae,8200,8200,Tamias minimus
http://arctosdb.org/home/data/; https://creativecommons.org/licenses/by/3.0,United States,Nevada,"Roberts Creek, Roberts Creek Mountains",2-Jul-92,39.846213,-116.298908,female,,Tamias,Rodentia,Sciuridae,7900,7900,Tamias minimus
http://arctosdb.org/home/data/; https://creativecommons.org/licenses/by/3.0,United States,Nevada,"Roberts Creek, Roberts Creek Mountains",2-Jul-92,39.846213,-116.298908,female,,Tamias,Rodentia,Sciuridae,7900,7900,Tamias minimus
http://arctosdb.org/home/data/; https://creativecommons.org/licenses/by/3.0,United States,Nevada,"Roberts Creek, Roberts Creek Mountains",4-Jul-92,39.846213,-116.298908,male,,Tamias,Rodentia,Sciuridae,7900,7900,Tamias minimus
http://arctosdb.org/home/data/; https://creativecommons.org/licenses/by/3.0,United States,Nevada,"Monarch Mine, Spruce Mountain",19-Jul-93,40.556662,-114.834542,male,,Tamias,Rodentia,Sciuridae,8200,8200,Tamias minimus
http://arctosdb.org/home/data/; https://creativecommons.org/licenses/by/3.0,United States,Nevada,"Monarch Mine, Spruce Mountain",20-Jul-93,40.556662,-114.834542,female,,Tamias,Rodentia,Sciuridae,8200,8200,Tamias minimus
http://arctosdb.org/home/data/; https://creativecommons.org/licenses/by/3.0,United States,Nevada,"Monarch Mine, Spruce Mountain",20-Jul-93,40.556662,-114.834542,male,,Tamias,Rodentia,Sciuridae,8200,8200,Tamias minimus
http://arctosdb.org/home/data/; https://creativecommons.org/licenses/by/3.0,United States,Nevada,"Monarch Mine, Spruce Mountain",21-Jul-93,40.556662,-114.834542,female,,Tamias,Rodentia,Sciuridae,8200,8200,Tamias minimus
http://arctosdb.org/home/data/; https://creativecommons.org/licenses/by/3.0,United States,Nevada,"Monarch Mine, Spruce Mountain",21-Jul-93,40.556662,-114.834542,male,,Tamias,Rodentia,Sciuridae,8200,8200,Tamias minimus
http://arctosdb.org/home/data/; https://creativecommons.org/licenses/by/3.0,United States,Nevada,"Monarch Mine, Spruce Mountain",21-Jul-93,40.556662,-114.834542,female,,Tamias,Rodentia,Sciuridae,8200,8200,Tamias minimus
http://arctosdb.org/home/data/; https://creativecommons.org/licenses/by/3.0,United States,Nevada,"Monarch Mine, Spruce Mountain",20-Jul-93,40.556662,-114.834542,female,,Tamias,Rodentia,Sciuridae,8200,8200,Tamias minimus
http://arctosdb.org/home/data/; https://creativecommons.org/licenses/by/3.0,United States,Nevada,"Spruce Mountain, Sprucemont",23-Jul-93,40.551358,-114.865795,female,,Tamias,Rodentia,Sciuridae,7000,7000,Tamias minimus
http://arctosdb.org/home/data/; https://creativecommons.org/licenses/by/3.0,United States,Nevada,"Spruce Mountain, Sprucemont",23-Jul-93,40.551358,-114.865795,male,,Tamias,Rodentia,Sciuridae,7000,7000,Tamias minimus
http://arctosdb.org/home/data/; https://creativecommons.org/licenses/by/3.0,United States,Nevada,"Berry Creek, Schell Creek Range",25-Jul-93,39.354382,-114.64983,male,,Tamias,Rodentia,Sciuridae,8200,8200,Tamias minimus
http://arctosdb.org/home/data/; https://creativecommons.org/licenses/by/3.0,United States,Nevada,"Berry Creek, Schell Creek Range",26-Jul-93,39.354382,-114.64983,female,,Tamias,Rodentia,Sciuridae,8200,8200,Tamias minimus
http://arctosdb.org/home/data/; https://creativecommons.org/licenses/by/3.0,United States,Nevada,"Minoletti Creek, Diamond Range",1-Aug-93,39.643423,-115.860982,female,,Tamias,Rodentia,Sciuridae,7000,7000,Tamias minimus
http://arctosdb.org/home/data/; https://creativecommons.org/licenses/by/3.0,United States,Nevada,"Minoletti Creek, Diamond Range",1-Aug-93,39.643423,-115.860982,female,,Tamias,Rodentia,Sciuridae,7000,7000,Tamias minimus
http://arctosdb.org/home/data/; https://creativecommons.org/licenses/by/3.0,United States,Nevada,"Minoletti Creek, Diamond Range",2-Aug-93,39.643423,-115.860982,male,,Tamias,Rodentia,Sciuridae,7000,7000,Tamias minimus
http://arctosdb.org/home/data/; https://creativecommons.org/licenses/by/3.0,United States,Nevada,"Minoletti Creek, Diamond Range",2-Aug-93,39.643423,-115.860982,female,,Tamias,Rodentia,Sciuridae,7000,7000,Tamias minimus
http://arctosdb.org/home/data/; https://creativecommons.org/licenses/by/3.0,United States,Nevada,"Cottonwood Creek, Diamond Range",3-Aug-93,39.614289,-115.879404,female,,Tamias,Rodentia,Sciuridae,6500,6500,Tamias minimus
http://arctosdb.org/home/data/; https://creativecommons.org/licenses/by/3.0,United States,Nevada,"Cottonwood Creek, Diamond Range",4-Aug-93,39.614289,-115.879404,male,,Tamias,Rodentia,Sciuridae,6500,6500,Tamias minimus
http://arctosdb.org/home/data/; https://creativecommons.org/licenses/by/3.0,United States,Nevada,"old fish hatchery, junction of Milkhouse Creek and Smith Creek, Desatoya Mts",5-Aug-93,39.357513,-117.684983,male,,Tamias,Rodentia,Sciuridae,7000,7000,Tamias minimus
http://arctosdb.org/home/data/; https://creativecommons.org/licenses/by/3.0,United States,Nevada,"old fish hatchery, junction of Milkhouse Creek and Smith Creek, Desatoya Mts",6-Aug-93,39.357513,-117.684983,female,,Tamias,Rodentia,Sciuridae,7000,7000,Tamias minimus
http://arctosdb.org/home/data/; https://creativecommons.org/licenses/by/3.0,United States,Nevada,"Peterson Creek, Shoshone Mountains",5-Aug-95,39.165781,-117.491662,male,,Tamias,Rodentia,Sciuridae,8000,8000,Tamias minimus
http://arctosdb.org/home/data/; https://creativecommons.org/licenses/by/3.0,United States,Nevada,"Peterson Creek, Shoshone Mountains",5-Aug-95,39.165781,-117.491662,male,,Tamias,Rodentia,Sciuridae,8000,8000,Tamias minimus
http://arctosdb.org/home/data/; https://creativecommons.org/licenses/by/3.0,United States,Nevada,"Peterson Creek, Shoshone Mountains",5-Aug-95,39.165781,-117.491662,female,,Tamias,Rodentia,Sciuridae,8000,8000,Tamias minimus
http://arctosdb.org/home/data/; https://creativecommons.org/licenses/by/3.0,United States,Nevada,"Peterson Creek, Shoshone Mountains",6-Aug-95,39.165781,-117.491662,male,,Tamias,Rodentia,Sciuridae,8000,8000,Tamias minimus
http://arctosdb.org/home/data/; https://creativecommons.org/licenses/by/3.0,United States,Nevada,"old fish hatchery, junction of Milkhouse Creek and Smith Creek, Desatoya Mts",11-Aug-95,39.357513,-117.684983,male,,Tamias,Rodentia,Sciuridae,7000,7000,Tamias minimus
http://arctosdb.org/home/data/; https://creativecommons.org/licenses/by/3.0,United States,Nevada,"Paradise Range, 2 mi N, 6 mi E Gabbs",1-Oct-08,38.904881,-117.786563,female,,Tamias,Rodentia,Sciuridae,6600,6600,Tamias minimus
http://arctosdb.org/home/data/; https://creativecommons.org/licenses/by/3.0,United States,Nevada,"Smith Creek, Desatoya Mts",2-Jul-87,39.362672,-117.713625,male,,Tamias,Rodentia,Sciuridae,7600,7600,Tamias minimus
http://arctosdb.org/home/data/; https://creativecommons.org/licenses/by/3.0,United States,Nevada,"War Canyon, Clan Alpine Mountains",28-Jun-87,39.59174,-117.861657,male,,Tamias,Rodentia,Sciuridae,6800,6800,Tamias minimus
http://arctosdb.org/home/data/; https://creativecommons.org/licenses/by/3.0,United States,Nevada,"Green Monster Canyon, Monitor Mountains",9-Jul-87,38.743703,-116.544873,female,,Tamias,Rodentia,Sciuridae,7900,7900,Tamias minimus
http://arctosdb.org/home/data/; https://creativecommons.org/licenses/by/3.0,United States,Nevada,"Green Monster Canyon, Monitor Mountains",10-Jul-87,38.743703,-116.544873,male,,Tamias,Rodentia,Sciuridae,7900,7900,Tamias minimus
http://arctosdb.org/home/data/; https://creativecommons.org/licenses/by/3.0,United States,Nevada,"Green Monster Canyon, Monitor Mountains",10-Jul-87,38.743703,-116.544873,male,,Tamias,Rodentia,Sciuridae,7900,7900,Tamias minimus
http://arctosdb.org/home/data/; https://creativecommons.org/licenses/by/3.0,United States,Nevada,"Long Canyon, Ruby Mountains",14-Jul-87,40.557665,-115.525999,female,,Tamias,Rodentia,Sciuridae,6300,6300,Tamias minimus
http://arctosdb.org/home/data/; https://creativecommons.org/licenses/by/3.0,United States,Nevada,"1 mi SW Peterson Station, Smith Creek Valley",5-Jul-87,39.2291,-117.546939,female,,Tamias,Rodentia,Sciuridae,6100,6100,Tamias minimus
http://arctosdb.org/home/data/; https://creativecommons.org/licenses/by/3.0,United States,Nevada,"Roberts Creek, Roberts Creek Mountains",2-Jul-92,39.846213,-116.298908,female,,Tamias,Rodentia,Sciuridae,7900,7900,Tamias minimus
http://arctosdb.org/home/data/; https://creativecommons.org/licenses/by/3.0,United States,Nevada,"Scofield Canyon, Grant Range",24-Jun-92,38.297961,-115.482171,male,,Tamias,Rodentia,Sciuridae,7600,7600,Tamias minimus
http://arctosdb.org/home/data/; https://creativecommons.org/licenses/by/3.0,United States,Nevada,"Seligman Canyon, White Pine Range",30-Jun-92,39.268003,-115.544361,male,,Tamias,Rodentia,Sciuridae,8200,8200,Tamias minimus
http://arctosdb.org/home/data/; https://creativecommons.org/licenses/by/3.0,United States,Nevada,"Cottonwood Creek, Diamond Range",3-Aug-93,39.614289,-115.879404,female,,Tamias,Rodentia,Sciuridae,6500,6500,Tamias minimus
http://arctosdb.org/home/data/; https://creativecommons.org/licenses/by/3.0,United States,Nevada,"Cottonwood Creek, Diamond Range",3-Aug-93,39.614289,-115.879404,male,,Tamias,Rodentia,Sciuridae,6500,6500,Tamias minimus
http://arctosdb.org/home/data/; https://creativecommons.org/licenses/by/3.0,United States,Nevada,"Peterson Creek, Shoshone Mountains",6-Aug-95,39.165781,-117.491662,female,,Tamias,Rodentia,Sciuridae,8000,8000,Tamias minimus
http://arctosdb.org/home/data/; https://creativecommons.org/licenses/by/3.0,United States,Nevada,"old fish hatchery, junction of Milkhouse Creek and Smith Creek, Desatoya Mts",11-Aug-95,39.357513,-117.684983,female,,Tamias,Rodentia,Sciuridae,7000,7000,Tamias minimus
http://arctosdb.org/home/data/; https://creativecommons.org/licenses/by/3.0,United States,Nevada,"Berry Creek, Schell Creek Range",25-Jul-93,39.354382,-114.64983,female,,Tamias,Rodentia,Sciuridae,8200,8200,Tamias minimus
http://arctosdb.org/home/data/; https://creativecommons.org/licenses/by/3.0,United States,Nevada,"Berry Creek, Schell Creek Range",26-Jul-93,39.354382,-114.64983,female,,Tamias,Rodentia,Sciuridae,8200,8200,Tamias minimus
http://arctosdb.org/home/data/; https://creativecommons.org/licenses/by/3.0,United States,Nevada,"Monarch Mine, Spruce Mountain",22-Jul-93,40.556662,-114.834542,male,,Tamias,Rodentia,Sciuridae,8200,8200,Tamias minimus
http://arctosdb.org/home/data/; https://creativecommons.org/licenses/by/3.0,United States,Nevada,"Spruce Mountain, Sprucemont",23-Jul-93,40.551358,-114.865795,female,,Tamias,Rodentia,Sciuridae,7000,7000,Tamias minimus
http://arctosdb.org/home/data/; https://creativecommons.org/licenses/by/3.0,United States,Nevada,"Berry Creek, Schell Creek Range",26-Jul-93,39.354382,-114.64983,female,,Tamias,Rodentia,Sciuridae,8200,8200,Tamias minimus
http://arctosdb.org/home/data/; https://creativecommons.org/licenses/by/3.0,United States,Nevada,"War Eagle Canyon, Shoshone Mountains",5-Jul-87,39.120235,-117.546972,female,,Tamias,Rodentia,Sciuridae,8700,8700,Tamias minimus
http://arctosdb.org/home/data/; https://creativecommons.org/licenses/by/3.0,United States,Nevada,"War Eagle Canyon, Shoshone Mountains",5-Jul-87,39.125943,-117.5541,male,,Tamias,Rodentia,Sciuridae,8000,8000,Tamias minimus
http://arctosdb.org/home/data/; https://creativecommons.org/licenses/by/3.0,United States,Nevada,"War Eagle Canyon, Shoshone Mountains",6-Jul-87,39.125943,-117.5541,male,,Tamias,Rodentia,Sciuridae,8000,8000,Tamias minimus
http://arctosdb.org/home/data/; https://creativecommons.org/licenses/by/3.0,United States,Nevada,"Green Monster Canyon, Monitor Mountains",9-Jul-87,38.743703,-116.544873,male,,Tamias,Rodentia,Sciuridae,7900,7900,Tamias minimus
http://arctosdb.org/home/data/; https://creativecommons.org/licenses/by/3.0,United States,Nevada,"Green Monster Canyon, Monitor Mountains",10-Jul-87,38.743703,-116.544873,male,,Tamias,Rodentia,Sciuridae,7900,7900,Tamias minimus
http://arctosdb.org/home/data/; https://creativecommons.org/licenses/by/3.0,United States,Nevada,"Green Monster Canyon, Monitor Mountains",10-Jul-87,38.743703,-116.544873,female,,Tamias,Rodentia,Sciuridae,7900,7900,Tamias minimus
http://arctosdb.org/home/data/; https://creativecommons.org/licenses/by/3.0,United States,Nevada,"17 mi N and 5 mi E of Currant, White Pine Range",26-Jul-90,39.023635,-115.374319,male,,Tamias,Rodentia,Sciuridae,,,Tamias minimus
http://arctosdb.org/home/data/; https://creativecommons.org/licenses/by/3.0,United States,Nevada,"17 mi N and 5 mi E of Currant, White Pine Range",26-Jul-90,39.023635,-115.374319,male,,Tamias,Rodentia,Sciuridae,,,Tamias minimus
http://arctosdb.org/home/data/; https://creativecommons.org/licenses/by/3.0,United States,Nevada,"Corduroy basin, 15 mi N, 2 mi E Currant, White Pine Range",28-Jul-90,38.958765,-115.436891,female,,Tamias,Rodentia,Sciuridae,8550,8550,Tamias minimus
http://arctosdb.org/home/data/; https://creativecommons.org/licenses/by/3.0,United States,Nevada,"Red Mountain, 11 mi N, 6 mi E Currant, White Pine Range",27-Jul-90,38.900719,-115.362731,female,,Tamias,Rodentia,Sciuridae,,,Tamias minimus
http://arctosdb.org/home/data/; https://creativecommons.org/licenses/by/3.0,United States,Nevada,"Red Mountain, 11 mi N, 6 mi E Currant, White Pine Range",27-Jul-90,38.900719,-115.362731,female,,Tamias,Rodentia,Sciuridae,,,Tamias minimus
http://arctosdb.org/home/data/; https://creativecommons.org/licenses/by/3.0,United States,Nevada,"Roberts Creek, Roberts Creek Mountains",3-Jul-92,39.846213,-116.298908,male,,Tamias,Rodentia,Sciuridae,7900,7900,Tamias minimus
http://arctosdb.org/home/data/; https://creativecommons.org/licenses/by/3.0,United States,Nevada,"Spruce Mountain, Sprucemont",23-Jul-93,40.551358,-114.865795,male,,Tamias,Rodentia,Sciuridae,7000,7000,Tamias minimus
http://arctosdb.org/home/data/; https://creativecommons.org/licenses/by/3.0,United States,Nevada,"Monarch Mine, Spruce Mountain",20-Jul-93,40.556662,-114.834542,male,,Tamias,Rodentia,Sciuridae,8200,8200,Tamias minimus
http://arctosdb.org/home/data/; https://creativecommons.org/licenses/by/3.0,United States,Nevada,"Monarch Mine, Spruce Mountain",21-Jul-93,40.556662,-114.834542,female,,Tamias,Rodentia,Sciuridae,8200,8200,Tamias minimus
http://arctosdb.org/home/data/; https://creativecommons.org/licenses/by/3.0,United States,Nevada,"Monarch Mine, Spruce Mountain",21-Jul-93,40.556662,-114.834542,female,,Tamias,Rodentia,Sciuridae,8200,8200,Tamias minimus
http://arctosdb.org/home/data/; https://creativecommons.org/licenses/by/3.0,United States,Nevada,"Monarch Mine, Spruce Mountain",22-Jul-93,40.556662,-114.834542,male,,Tamias,Rodentia,Sciuridae,8200,8200,Tamias minimus
http://arctosdb.org/home/data/; https://creativecommons.org/licenses/by/3.0,United States,Nevada,"Monarch Mine, Spruce Mountain",22-Jul-93,40.556662,-114.834542,male,,Tamias,Rodentia,Sciuridae,8200,8200,Tamias minimus
http://arctosdb.org/home/data/; https://creativecommons.org/licenses/by/3.0,United States,Nevada,"Spruce Mountain, Sprucemont",23-Jul-93,40.551358,-114.865795,male,,Tamias,Rodentia,Sciuridae,7000,7000,Tamias minimus
http://arctosdb.org/home/data/; https://creativecommons.org/licenses/by/3.0,United States,Nevada,"Berry Creek, Schell Creek Range",26-Jul-93,39.354382,-114.64983,female,,Tamias,Rodentia,Sciuridae,8200,8200,Tamias minimus
http://arctosdb.org/home/data/; https://creativecommons.org/licenses/by/3.0,United States,Nevada,"Cottonwood Creek, Diamond Range",3-Aug-93,39.614289,-115.879404,female,,Tamias,Rodentia,Sciuridae,6500,6500,Tamias minimus
http://arctosdb.org/home/data/; https://creativecommons.org/licenses/by/3.0,United States,Nevada,"Cottonwood Creek, Diamond Range",3-Aug-93,39.614289,-115.879404,female,,Tamias,Rodentia,Sciuridae,6500,6500,Tamias minimus
http://arctosdb.org/home/data/; https://creativecommons.org/licenses/by/3.0,United States,Nevada,"old fish hatchery, junction of Milkhouse Creek and Smith Creek, Desatoya Mts",5-Aug-93,39.357513,-117.684983,male,,Tamias,Rodentia,Sciuridae,7000,7000,Tamias minimus
http://arctosdb.org/home/data/; https://creativecommons.org/licenses/by/3.0,United States,Nevada,"Smith Creek, Desatoya Mts",10-Jul-86,39.382135,-117.673199,female,,Tamias,Rodentia,Sciuridae,6800,6800,Tamias minimus
http://arctosdb.org/home/data/; https://creativecommons.org/licenses/by/3.0,United States,Nevada,"Peterson Creek, Shoshone Mountains",21-Jul-86,39.165781,-117.491662,male,,Tamias,Rodentia,Sciuridae,8000,8000,Tamias minimus
http://arctosdb.org/home/data/; https://creativecommons.org/licenses/by/3.0,United States,Nevada,"Cherry Creek Campground, 3 mi S of Cherry Creek Pass, Quinn Canyon Mts.",28-Jun-82,38.153527,-115.625015,male,,Tamias,Rodentia,Sciuridae,,,Tamias minimus
http://arctosdb.org/home/data/; https://creativecommons.org/licenses/by/3.0,United States,Nevada,"Monarch Mine, Spruce Mountain",20-Jul-93,40.556662,-114.834542,male,,Tamias,Rodentia,Sciuridae,8200,8200,Tamias minimus
http://arctosdb.org/home/data/; https://creativecommons.org/licenses/by/3.0,United States,Nevada,"Monarch Mine, Spruce Mountain",20-Jul-93,40.556662,-114.834542,female,,Tamias,Rodentia,Sciuridae,8200,8200,Tamias minimus
http://arctosdb.org/home/data/; https://creativecommons.org/licenses/by/3.0,United States,Nevada,"Monarch Mine, Spruce Mountain",20-Jul-93,40.556662,-114.834542,male,,Tamias,Rodentia,Sciuridae,8200,8200,Tamias minimus
http://arctosdb.org/home/data/; https://creativecommons.org/licenses/by/3.0,United States,Nevada,"Monarch Mine, Spruce Mountain",20-Jul-93,40.556662,-114.834542,male,,Tamias,Rodentia,Sciuridae,8200,8200,Tamias minimus
http://arctosdb.org/home/data/; https://creativecommons.org/licenses/by/3.0,United States,Nevada,"Monarch Mine, Spruce Mountain",20-Jul-93,40.556662,-114.834542,female,,Tamias,Rodentia,Sciuridae,8200,8200,Tamias minimus
http://arctosdb.org/home/data/; https://creativecommons.org/licenses/by/3.0,United States,Nevada,"Monarch Mine, Spruce Mountain",21-Jul-93,40.556662,-114.834542,female,,Tamias,Rodentia,Sciuridae,8200,8200,Tamias minimus
http://arctosdb.org/home/data/; https://creativecommons.org/licenses/by/3.0,United States,Nevada,"Monarch Mine, Spruce Mountain",21-Jul-93,40.556662,-114.834542,female,,Tamias,Rodentia,Sciuridae,8200,8200,Tamias minimus
http://arctosdb.org/home/data/; https://creativecommons.org/licenses/by/3.0,United States,Nevada,"Berry Creek, Schell Creek Range",26-Jul-93,39.354382,-114.64983,male,,Tamias,Rodentia,Sciuridae,8200,8200,Tamias minimus
http://arctosdb.org/home/data/; https://creativecommons.org/licenses/by/3.0,United States,Nevada,"Berry Creek, Schell Creek Range",26-Jul-93,39.354382,-114.64983,female,,Tamias,Rodentia,Sciuridae,8200,8200,Tamias minimus
http://arctosdb.org/home/data/; https://creativecommons.org/licenses/by/3.0,United States,Nevada,"Minoletti Creek, Diamond Range",1-Aug-93,39.643423,-115.860982,female,,Tamias,Rodentia,Sciuridae,7000,7000,Tamias minimus
http://arctosdb.org/home/data/; https://creativecommons.org/licenses/by/3.0,United States,Nevada,"Cottonwood Creek, Diamond Range",3-Aug-93,39.614289,-115.879404,male,,Tamias,Rodentia,Sciuridae,6500,6500,Tamias minimus
http://arctosdb.org/home/data/; https://creativecommons.org/licenses/by/3.0,United States,Nevada,"Cottonwood Creek, Diamond Range",3-Aug-93,39.614289,-115.879404,male,,Tamias,Rodentia,Sciuridae,6500,6500,Tamias minimus
http://arctosdb.org/home/data/; https://creativecommons.org/licenses/by/3.0,United States,Nevada,Diamond Range,3-Aug-93,39.628905,-115.898772,female,,Tamias,Rodentia,Sciuridae,5400,5400,Tamias minimus
http://arctosdb.org/home/data/; https://creativecommons.org/licenses/by/3.0,United States,Nevada,"Cottonwood Creek, Diamond Range",3-Aug-93,39.614289,-115.879404,female,,Tamias,Rodentia,Sciuridae,6500,6500,Tamias minimus
http://arctosdb.org/home/data/; https://creativecommons.org/licenses/by/3.0,United States,Nevada,"old fish hatchery, junction of Milkhouse Creek and Smith Creek, Desatoya Mts",5-Aug-93,39.357513,-117.684983,female,,Tamias,Rodentia,Sciuridae,7000,7000,Tamias minimus
http://arctosdb.org/home/data/; https://creativecommons.org/licenses/by/3.0,United States,Nevada,"old fish hatchery, junction of Milkhouse Creek and Smith Creek, Desatoya Mts",6-Aug-93,39.357513,-117.684983,male,,Tamias,Rodentia,Sciuridae,7000,7000,Tamias minimus
http://arctosdb.org/home/data/; https://creativecommons.org/licenses/by/3.0,United States,Nevada,"old fish hatchery, junction of Milkhouse Creek and Smith Creek, Desatoya Mts",6-Aug-93,39.357513,-117.684983,male,,Tamias,Rodentia,Sciuridae,7000,7000,Tamias minimus
http://arctosdb.org/home/data/; https://creativecommons.org/licenses/by/3.0,United States,Nevada,"Monarch Mine, Spruce Mountain",20-Jul-93,40.556662,-114.834542,female,,Tamias,Rodentia,Sciuridae,8200,8200,Tamias minimus
http://arctosdb.org/home/data/; https://creativecommons.org/licenses/by/3.0,United States,Nevada,"Monarch Mine, Spruce Mountain",20-Jul-93,40.556662,-114.834542,female,,Tamias,Rodentia,Sciuridae,8200,8200,Tamias minimus
http://arctosdb.org/home/data/; https://creativecommons.org/licenses/by/3.0,United States,Nevada,"Monarch Mine, Spruce Mountain",21-Jul-93,40.556662,-114.834542,male,,Tamias,Rodentia,Sciuridae,8200,8200,Tamias minimus
http://arctosdb.org/home/data/; https://creativecommons.org/licenses/by/3.0,United States,Nevada,"Spruce Mountain, Sprucemont",23-Jul-93,40.551358,-114.865795,male,,Tamias,Rodentia,Sciuridae,7000,7000,Tamias minimus
http://arctosdb.org/home/data/; https://creativecommons.org/licenses/by/3.0,United States,Nevada,"Berry Creek, Schell Creek Range",25-Jul-93,39.354382,-114.64983,male,,Tamias,Rodentia,Sciuridae,8200,8200,Tamias minimus
http://arctosdb.org/home/data/; https://creativecommons.org/licenses/by/3.0,United States,Nevada,"Berry Creek, Schell Creek Range",26-Jul-93,39.354382,-114.64983,female,,Tamias,Rodentia,Sciuridae,8200,8200,Tamias minimus
http://arctosdb.org/home/data/; https://creativecommons.org/licenses/by/3.0,United States,Nevada,"Berry Creek, Schell Creek Range",26-Jul-93,39.354382,-114.64983,female,,Tamias,Rodentia,Sciuridae,8200,8200,Tamias minimus
http://arctosdb.org/home/data/; https://creativecommons.org/licenses/by/3.0,United States,Nevada,"Minoletti Creek, Diamond Range",1-Aug-93,39.643423,-115.860982,male,,Tamias,Rodentia,Sciuridae,7000,7000,Tamias minimus
http://arctosdb.org/home/data/; https://creativecommons.org/licenses/by/3.0,United States,Nevada,Diamond Range,3-Aug-93,39.628905,-115.898772,female,,Tamias,Rodentia,Sciuridae,5400,5400,Tamias minimus
http://arctosdb.org/home/data/; https://creativecommons.org/licenses/by/3.0,United States,Nevada,"17 mi N and 5 mi E of Currant, White Pine Range",26-Jul-90,39.023635,-115.374319,female,,Tamias,Rodentia,Sciuridae,,,Tamias minimus
http://arctosdb.org/home/data/; https://creativecommons.org/licenses/by/3.0,United States,Nevada,"17 mi N and 5 mi E of Currant, White Pine Range",26-Jul-90,39.023635,-115.374319,male,,Tamias,Rodentia,Sciuridae,,,Tamias minimus
http://arctosdb.org/home/data/; https://creativecommons.org/licenses/by/3.0,United States,Nevada,"Corduroy basin, 15 mi N, 2 mi E Currant, White Pine Range",27-Jul-90,38.958765,-115.436891,male,,Tamias,Rodentia,Sciuridae,8550,8550,Tamias minimus
http://arctosdb.org/home/data/; https://creativecommons.org/licenses/by/3.0,United States,Nevada,"Corduroy basin, 15 mi N, 2 mi E Currant, White Pine Range",27-Jul-90,38.958765,-115.436891,male,,Tamias,Rodentia,Sciuridae,8550,8550,Tamias minimus
http://arctosdb.org/home/data/; https://creativecommons.org/licenses/by/3.0,United States,Nevada,"Corduroy basin, 15 mi N, 2 mi E Currant, White Pine Range",27-Jul-90,38.958765,-115.436891,female,,Tamias,Rodentia,Sciuridae,8550,8550,Tamias minimus
http://arctosdb.org/home/data/; https://creativecommons.org/licenses/by/3.0,United States,Nevada,"Roberts Creek, Roberts Creek Mountains",2-Jul-92,39.846213,-116.298908,male,,Tamias,Rodentia,Sciuridae,7900,7900,Tamias minimus
http://arctosdb.org/home/data/; https://creativecommons.org/licenses/by/3.0,United States,Nevada,"Roberts Creek, Roberts Creek Mountains",2-Jul-92,39.846213,-116.298908,male,,Tamias,Rodentia,Sciuridae,7900,7900,Tamias minimus
http://arctosdb.org/home/data/; https://creativecommons.org/licenses/by/3.0,United States,Nevada,"Smith Creek, Desatoya Mts",3-Jul-87,39.362672,-117.713625,male,,Tamias,Rodentia,Sciuridae,7600,7600,Tamias minimus
http://arctosdb.org/home/data/; https://creativecommons.org/licenses/by/3.0,United States,Nevada,"Smith Creek, Desatoya Mts",3-Jul-87,39.362672,-117.713625,female,,Tamias,Rodentia,Sciuridae,7600,7600,Tamias minimus
http://arctosdb.org/home/data/; https://creativecommons.org/licenses/by/3.0,United States,Nevada,"War Eagle Canyon, Shoshone Mountains",6-Jul-87,39.12122,-117.546361,female,,Tamias,Rodentia,Sciuridae,8400,8400,Tamias minimus
http://arctosdb.org/home/data/; https://creativecommons.org/licenses/by/3.0,United States,Nevada,"War Eagle Canyon, Shoshone Mountains",7-Jul-87,39.12122,-117.546361,female,,Tamias,Rodentia,Sciuridae,8400,8400,Tamias minimus
http://arctosdb.org/home/data/; https://creativecommons.org/licenses/by/3.0,United States,Nevada,"War Canyon, Clan Alpine Mountains",1-Jul-87,39.594518,-117.870069,female,,Tamias,Rodentia,Sciuridae,7200,7200,Tamias minimus
http://arctosdb.org/home/data/; https://creativecommons.org/licenses/by/3.0,United States,Nevada,"Green Monster Canyon, Monitor Mountains",9-Jul-87,38.743703,-116.544873,female,,Tamias,Rodentia,Sciuridae,7900,7900,Tamias minimus
http://arctosdb.org/home/data/; https://creativecommons.org/licenses/by/3.0,United States,Nevada,"Green Monster Canyon, Monitor Mountains",9-Jul-87,38.743703,-116.544873,female,,Tamias,Rodentia,Sciuridae,7900,7900,Tamias minimus
http://arctosdb.org/home/data/; https://creativecommons.org/licenses/by/3.0,United States,Nevada,"Long Canyon, Ruby Mountains",13-Jul-87,40.557665,-115.525999,male,,Tamias,Rodentia,Sciuridae,6300,6300,Tamias minimus
http://arctosdb.org/home/data/; https://creativecommons.org/licenses/by/3.0,United States,Nevada,"Long Canyon, Ruby Mountains",16-Jul-87,40.557665,-115.525999,male,,Tamias,Rodentia,Sciuridae,6300,6300,Tamias minimus
http://arctosdb.org/home/data/; https://creativecommons.org/licenses/by/3.0,United States,Nevada,"1 mi SW Peterson Station, Smith Creek Valley",5-Jul-87,39.2291,-117.546939,male,,Tamias,Rodentia,Sciuridae,6100,6100,Tamias minimus
http://arctosdb.org/home/data/; https://creativecommons.org/licenses/by/3.0,United States,Nevada,"War Eagle Canyon, Shoshone Mountains",6-Jul-87,39.12122,-117.546361,female,,Tamias,Rodentia,Sciuridae,8400,8400,Tamias minimus
http://arctosdb.org/home/data/; https://creativecommons.org/licenses/by-nc-sa/3.0,United States,Nevada,3 mi W Halleck,22-Jul-35,40.95083,-115.50928,male,,Tamias,Rodentia,Sciuridae,5300,5300,Tamias minimus
http://arctosdb.org/home/data/; https://creativecommons.org/licenses/by/3.0,United States,Nevada,"17 mi N and 5 mi E of Currant, White Pine Range",27-Jul-90,39.023635,-115.374319,male,,Tamias,Rodentia,Sciuridae,,,Tamias minimus
http://arctosdb.org/home/data/; https://creativecommons.org/licenses/by-nc/3.0,United States,Nevada,1.5 km NNW Spruce Mountain peak,14-Jun-24,40.56598898,-114.816663,female,adult,Tamias,Rodentia,Sciuridae,2703.41748,2703.41748,Tamias minimus
http://arctosdb.org/home/data/; https://creativecommons.org/licenses/by-nc/3.0,United States,Nevada,1.5 km NNW Spruce Mountain peak,15-Jun-24,40.56117802,-114.830904,female,adult,Tamias,Rodentia,Sciuridae,2547.219727,2547.219727,Tamias minimus
http://arctosdb.org/home/data/; https://creativecommons.org/licenses/by-nc/3.0,United States,Nevada,1.5 km NNW Spruce Mountain peak,16-Jun-24,40.56670798,-114.818954,female,adult,Tamias,Rodentia,Sciuridae,2634.744141,2634.744141,Tamias minimus
http://arctosdb.org/home/data/; https://creativecommons.org/licenses/by-nc/3.0,United States,Nevada,1.5 km NNW Spruce Mountain peak,17-Jun-24,40.56651897,-114.819479,female,adult,Tamias,Rodentia,Sciuridae,2742.777832,2742.777832,Tamias minimus
http://arctosdb.org/home/data/; https://creativecommons.org/licenses/by-nc/3.0,United States,Nevada,1.5 km NNW Spruce Mountain peak,18-Jun-24,40.54793604,-114.842366,male,adult,Tamias,Rodentia,Sciuridae,2240.314209,2240.314209,Tamias minimus
http://arctosdb.org/home/data/; https://creativecommons.org/licenses/by-nc/3.0,United States,Nevada,1.5 km NNW Spruce Mountain peak,18-Jun-24,40.56667797,-114.818881,female,adult,Tamias,Rodentia,Sciuridae,2646.641113,2646.641113,Tamias minimus
http://arctosdb.org/home/data/; https://creativecommons.org/licenses/by-nc/3.0,United States,Nevada,2 km NE Spruce Mountain peak,20-Jun-24,40.56479699,-114.802709,female,adult,Tamias,Rodentia,Sciuridae,2366.106689,2366.106689,Tamias minimus
http://arctosdb.org/home/data/; https://creativecommons.org/licenses/by-nc/3.0,United States,Nevada,2 km NE Spruce Mountain peak,20-Jun-24,40.56466104,-114.799674,female,adult,Tamias,Rodentia,Sciuridae,2352.525635,2352.525635,Tamias minimus
http://arctosdb.org/home/data/; https://creativecommons.org/licenses/by-nc/3.0,United States,Nevada,2 km NE Spruce Mountain peak,20-Jun-24,40.56473002,-114.803862,female,adult,Tamias,Rodentia,Sciuridae,2384.513916,2384.513916,Tamias minimus
http://arctosdb.org/home/data/; https://creativecommons.org/licenses/by-nc/3.0,United States,Nevada,2 km NE Spruce Mountain peak,20-Jun-24,40.563705,-114.801686,female,adult,Tamias,Rodentia,Sciuridae,2401.544922,2401.544922,Tamias minimus
http://arctosdb.org/home/data/; https://creativecommons.org/licenses/by-nc/3.0,United States,Nevada,2 km NE Spruce Mountain peak,20-Jun-24,40.56464997,-114.79985,female,adult,Tamias,Rodentia,Sciuridae,2355.563721,2355.563721,Tamias minimus
http://arctosdb.org/home/data/; https://creativecommons.org/licenses/by-nc/3.0,United States,Nevada,"Humboldt-Toiyabe National Forest, 2.75 km WSW North Schell Peak, Timber Creek",25-Jun-24,39.402799,-114.62496,female,adult,Tamias,Rodentia,Sciuridae,2602.473877,2602.473877,Tamias minimus
http://arctosdb.org/home/data/; https://creativecommons.org/licenses/by-nc/3.0,United States,Nevada,"Humboldt-Toiyabe National Forest, 2.75 km WSW North Schell Peak, Timber Creek",27-Jun-24,39.40230698,-114.624485,male,adult,Tamias,Rodentia,Sciuridae,2771.30127,2771.30127,Tamias minimus
http://arctosdb.org/home/data/; https://creativecommons.org/licenses/by-nc/3.0,United States,Nevada,"Humboldt-Toiyabe National Forest, 2.75 km WSW North Schell Peak, Timber Creek",27-Jun-24,39.40193902,-114.625732,male,adult,Tamias,Rodentia,Sciuridae,2751.848877,2751.848877,Tamias minimus
http://arctosdb.org/home/data/; https://creativecommons.org/licenses/by-nc/3.0,United States,Nevada,"Humboldt-Toiyabe National Forest, 5 km W Taff Peak, Berry Creek",29-Jun-24,39.35431103,-114.650697,female,adult,Tamias,Rodentia,Sciuridae,2564.440674,2564.440674,Tamias minimus
http://arctosdb.org/home/data/; https://creativecommons.org/licenses/by-nc/3.0,United States,Nevada,"Humboldt-Toiyabe National Forest, 5 km W Taff Peak, Berry Creek",29-Jun-24,39.35407701,-114.649051,female,subadult,Tamias,Rodentia,Sciuridae,2416.652832,2416.652832,Tamias minimus
http://arctosdb.org/home/data/; https://creativecommons.org/licenses/by-nc/3.0,United States,Nevada,"Humboldt-Toiyabe National Forest, 5 km W Taff Peak, Berry Creek",30-Jun-24,39.35372103,-114.650699,female,adult,Tamias,Rodentia,Sciuridae,2312.70166,2312.70166,Tamias minimus
http://arctosdb.org/home/data/; https://creativecommons.org/licenses/by-nc/3.0,United States,Nevada,"Humboldt-Toiyabe National Forest, 5 km W Taff Peak, Berry Creek",30-Jun-24,39.35982096,-114.644051,female,adult,Tamias,Rodentia,Sciuridae,2538.049561,2538.049561,Tamias minimus
http://arctosdb.org/home/data/; https://creativecommons.org/licenses/by-nc/3.0,United States,Nevada,"Humboldt-Toiyabe National Forest, 5 km W Taff Peak, Berry Creek",30-Jun-24,39.35431397,-114.648027,female,adult,Tamias,Rodentia,Sciuridae,2490.101562,2490.101562,Tamias minimus
http://arctosdb.org/home/data/; https://creativecommons.org/licenses/by-nc/3.0,United States,Nevada,"Humboldt-Toiyabe National Forest, 5 km W Taff Peak, Berry Creek",1-Jul-24,39.35466299,-114.650333,female,juvenile,Tamias,Rodentia,Sciuridae,2480.622803,2480.622803,Tamias minimus
http://arctosdb.org/home/data/; https://creativecommons.org/licenses/by-nc/3.0,United States,Nevada,"Humboldt-Toiyabe National Forest, 5 km W Taff Peak, Berry Creek",1-Jul-24,39.35444397,-114.65094,male,subadult,Tamias,Rodentia,Sciuridae,2436.713867,2436.713867,Tamias minimus
http://arctosdb.org/home/data/; https://creativecommons.org/licenses/by-nc/3.0,United States,Nevada,"Humboldt-Toiyabe National Forest, 5 km W Taff Peak, Berry Creek",1-Jul-24,39.35452301,-114.649812,female,juvenile,Tamias,Rodentia,Sciuridae,2478.077393,2478.077393,Tamias minimus
http://arctosdb.org/home/data/; https://creativecommons.org/licenses/by-nc/3.0,United States,Nevada,"Humboldt-Toiyabe National Forest, 5 km W Taff Peak, Berry Creek",1-Jul-24,39.35359304,-114.650584,female,adult,Tamias,Rodentia,Sciuridae,2620.604492,2620.604492,Tamias minimus
http://arctosdb.org/home/data/; https://creativecommons.org/licenses/by-nc/3.0,United States,Nevada,"Humboldt-Toiyabe National Forest, 5 km W Taff Peak, Berry Creek",1-Jul-24,39.35418304,-114.647696,male,juvenile,Tamias,Rodentia,Sciuridae,2496.497559,2496.497559,Tamias minimus
http://arctosdb.org/home/data/; https://creativecommons.org/licenses/by-nc/3.0,United States,Nevada,"Humboldt-Toiyabe National Forest, 5 km W Taff Peak, Berry Creek",2-Jul-24,39.35435797,-114.647886,male,subadult,Tamias,Rodentia,Sciuridae,2518.692627,2518.692627,Tamias minimus
http://arctosdb.org/home/data/; https://creativecommons.org/licenses/by-nc/3.0,United States,Nevada,2 km NE Spruce Mountain peak,21-Jun-24,40.56488802,-114.801377,female,adult,Tamias,Rodentia,Sciuridae,2329.106201,2329.106201,Tamias minimus
http://arctosdb.org/home/data/; https://creativecommons.org/licenses/by-nc/3.0,United States,Nevada,2 km NE Spruce Mountain peak,21-Jun-24,40.56468702,-114.805447,female,adult,Tamias,Rodentia,Sciuridae,2471.760986,2471.760986,Tamias minimus
http://arctosdb.org/home/data/; https://creativecommons.org/licenses/by-nc/3.0,United States,Nevada,2 km NE Spruce Mountain peak,21-Jun-24,40.56455098,-114.80017,female,adult,Tamias,Rodentia,Sciuridae,2321.759033,2321.759033,Tamias minimus
http://arctosdb.org/home/data/; https://creativecommons.org/licenses/by-nc/3.0,United States,Nevada,2 km NE Spruce Mountain peak,22-Jun-24,40.56344901,-114.801323,female,adult,Tamias,Rodentia,Sciuridae,2548.712402,2548.712402,Tamias minimus
http://arctosdb.org/home/data/; https://creativecommons.org/licenses/by-nc/3.0,United States,Nevada,2 km NE Spruce Mountain peak,22-Jun-24,40.56367096,-114.801065,female,adult,Tamias,Rodentia,Sciuridae,2578.28418,2578.28418,Tamias minimus
http://arctosdb.org/home/data/; https://creativecommons.org/licenses/by-nc/3.0,United States,Nevada,2 km NE Spruce Mountain peak,22-Jun-24,40.56329202,-114.800762,female,adult,Tamias,Rodentia,Sciuridae,2523.478516,2523.478516,Tamias minimus
http://arctosdb.org/home/data/; https://creativecommons.org/licenses/by-nc/3.0,United States,Nevada,"Humboldt-Toiyabe National Forest, 7.5 km W of Toiyabe Range Peak, San Juan Campground",5-Jul-25,39.121876,-117.275393,female,adult,Tamias,Rodentia,Sciuridae,,,Tamias minimus
http://arctosdb.org/home/data/; https://creativecommons.org/licenses/by-nc/3.0,United States,Nevada,"Humboldt-Toiyabe National Forest, 7.5 km W of Toiyabe Range Peak, San Juan Campground",5-Jul-25,39.121876,-117.275393,male,adult,Tamias,Rodentia,Sciuridae,,,Tamias minimus
http://arctosdb.org/home/data/; https://creativecommons.org/licenses/by-nc/3.0,United States,Nevada,"Humboldt-Toiyabe National Forest, 2.75 km WSW North Schell Peak, Timber Creek",14-Jul-25,39.39972603,-114.627921,male,adult,Tamias,Rodentia,Sciuridae,2665.048584,2665.048584,Tamias minimus
http://arctosdb.org/home/data/; https://creativecommons.org/licenses/by-nc/3.0,United States,Nevada,"Humboldt-Toiyabe National Forest, 2.75 km WSW North Schell Peak, Timber Creek",14-Jul-25,39.39985503,-114.628681,female,adult,Tamias,Rodentia,Sciuridae,2661.998779,2661.998779,Tamias minimus
http://arctosdb.org/home/data/; https://creativecommons.org/licenses/by-nc/3.0,United States,Nevada,"Humboldt-Toiyabe National Forest, 2.75 km WSW North Schell Peak, Timber Creek",13-Jul-25,39.39970298,-114.628342,male,subadult,Tamias,Rodentia,Sciuridae,2679.328857,2679.328857,Tamias minimus
http://arctosdb.org/home/data/; https://creativecommons.org/licenses/by/3.0,United States,Nevada,"3 mi N, 1 mi W of Battle Mountain",,,,,,Tamias,Rodentia,Sciuridae,,,Tamias minimus
http://arctosdb.org/home/data/; https://creativecommons.org/licenses/by/3.0,United States,Nevada,"3 mi N, 1 mi E of Battle Mountain",,,,,,Tamias,Rodentia,Sciuridae,,,Tamias minimus
http://arctosdb.org/home/data/; https://creativecommons.org/licenses/by/3.0,United States,Nevada,5.3 mi W of Winnemucca by County Road 49,,,,,,Tamias,Rodentia,Sciuridae,,,Tamias minimus
http://arctosdb.org/home/data/; https://creativecommons.org/licenses/by/3.0,United States,Nevada,5.3 mi W of Winnemucca by County Road 49,,,,,,Tamias,Rodentia,Sciuridae,,,Tamias minimus
http://arctosdb.org/home/data/; https://creativecommons.org/licenses/by/3.0,United States,Nevada,5.3 mi W of Winnemucca by County Road 49,,,,,,Tamias,Rodentia,Sciuridae,,,Tamias minimus
http://arctosdb.org/home/data/; https://creativecommons.org/licenses/by/3.0,United States,Nevada,5.3 mi W of Winnemucca by County Road 49,,,,,,Tamias,Rodentia,Sciuridae,,,Tamias minimus
http://arctosdb.org/home/data/; https://creativecommons.org/licenses/by/3.0,United States,Nevada,5.3 mi W of Winnemucca by County Road 49,,,,,,Tamias,Rodentia,Sciuridae,,,Tamias minimus
http://arctosdb.org/home/data/; https://creativecommons.org/licenses/by/3.0,United States,Nevada,"2.75 mi N, 7.25 mi W of Haystack Ranch, below California Mountain",,,,,,Tamias,Rodentia,Sciuridae,,,Tamias minimus
http://arctosdb.org/home/data/; https://creativecommons.org/licenses/by/3.0,United States,Nevada,"Mahoney Spring, 3.25 mi N, 7.25 mi W of Haystack Ranch",,,,,,Tamias,Rodentia,Sciuridae,,,Tamias minimus
http://arctosdb.org/home/data/; https://creativecommons.org/licenses/by/3.0,United States,Nevada,"2.5 mi W of Haystack Ranch, Sheep Creek",,,,,,Tamias,Rodentia,Sciuridae,6100,6100,Tamias minimus
http://arctosdb.org/home/data/; https://creativecommons.org/licenses/by/3.0,United States,Nevada,"2.25 mi N, 5.25 mi W of Haystack Ranch",,,,,,Tamias,Rodentia,Sciuridae,6300,6300,Tamias minimus
http://arctosdb.org/home/data/; https://creativecommons.org/licenses/by/3.0,United States,Nevada,"4 mi SW of Deeth, exit 328 off Hwy I-80, River Ranch Rd",,,,,,Tamias,Rodentia,Sciuridae,,,Tamias minimus
http://arctosdb.org/home/data/; https://creativecommons.org/licenses/by/3.0,United States,Nevada,"4 mi SW of Deeth, exit 328 off Hwy I-80, River Ranch Rd",,,,,,Tamias,Rodentia,Sciuridae,,,Tamias minimus
http://arctosdb.org/home/data/; https://creativecommons.org/licenses/by/3.0,United States,Nevada,"4 mi SW of Deeth, exit 328 off Hwy I-80, River Ranch Rd",,,,,,Tamias,Rodentia,Sciuridae,,,Tamias minimus
http://arctosdb.org/home/data/; https://creativecommons.org/licenses/by/3.0,United States,Nevada,"4 mi SW of Deeth, exit 328 off Hwy I-80, River Ranch Rd",,,,,,Tamias,Rodentia,Sciuridae,,,Tamias minimus
http://arctosdb.org/home/data/; https://creativecommons.org/licenses/by/3.0,United States,Nevada,"4 mi SW of Deeth, exit 328 off Hwy I-80, River Ranch Rd",,,,,,Tamias,Rodentia,Sciuridae,,,Tamias minimus
http://arctosdb.org/home/data/; https://creativecommons.org/licenses/by/3.0,United States,Nevada,"4 mi SW of Deeth, exit 328 off Hwy I-80, River Ranch Rd",,,,,,Tamias,Rodentia,Sciuridae,,,Tamias minimus
http://arctosdb.org/home/data/; https://creativecommons.org/licenses/by/3.0,United States,Nevada,"4 mi SW of Deeth, exit 328 off Hwy I-80, River Ranch Rd",,,,,,Tamias,Rodentia,Sciuridae,,,Tamias minimus
http://arctosdb.org/home/data/; https://creativecommons.org/licenses/by/3.0,United States,Nevada,"4 mi SW of Deeth, exit 328 off Hwy I-80, River Ranch Rd",,,,,,Tamias,Rodentia,Sciuridae,,,Tamias minimus
http://arctosdb.org/home/data/; https://creativecommons.org/licenses/by-nc/3.0,United States,Nevada,1.5 km NNW Spruce Mountain peak,17-Jun-24,,,male,subadult,Tamias,Rodentia,Sciuridae,,,Tamias minimus
http://arctosdb.org/home/data/; https://creativecommons.org/licenses/by-nc/3.0,United States,Nevada,2 km NE Spruce Mountain peak,22-Jun-24,40.56473203,-114.803822,male,subadult,Tamias,Rodentia,Sciuridae,2391.397461,2391.397461,Tamias minimus
http://arctosdb.org/home/data/; https://creativecommons.org/licenses/by-nc/3.0,United States,Nevada,2 km NE Spruce Mountain peak,22-Jun-24,40.56420598,-114.805971,female,adult,Tamias,Rodentia,Sciuridae,2406.207275,2406.207275,Tamias minimus
http://arctosdb.org/home/data/; https://creativecommons.org/licenses/by-nc/3.0,United States,Nevada,No specific locality recorded.,2-Jul-24,39.35401398,-114.647551,male,subadult,Tamias,Rodentia,Sciuridae,2524.66748,2524.66748,Tamias minimus
http://arctosdb.org/home/data/; https://creativecommons.org/licenses/by-nc/3.0,United States,Nevada,2 km NE Spruce Mountain peak,22-Jun-24,40.56478702,-114.802629,unknown,adult,Tamias,Rodentia,Sciuridae,2380.894531,2380.894531,Tamias minimus
http://arctosdb.org/home/data/; https://creativecommons.org/licenses/by-nc/3.0,United States,Nevada,2 km NE Spruce Mountain peak,22-Jun-24,40.56575504,-114.798746,unknown,adult,Tamias,Rodentia,Sciuridae,2370.839355,2370.839355,Tamias minimus
http://arctosdb.org/home/data/; https://creativecommons.org/licenses/by-nc/3.0,United States,Nevada,No specific locality recorded.,2-Jul-24,39.35424004,-114.648287,male,subadult,Tamias,Rodentia,Sciuridae,2516.357178,2516.357178,Tamias minimus
http://arctosdb.org/home/data/; https://creativecommons.org/licenses/by-nc/3.0,United States,Nevada,2 km NE Spruce Mountain peak,21-Jun-24,,,female,adult,Tamias,Rodentia,Sciuridae,,,Tamias minimus
http://arctosdb.org/home/data/; https://creativecommons.org/licenses/by-nc/3.0,United States,Nevada,No specific locality recorded.,18-Jun-24,,,female,adult,Tamias,Rodentia,Sciuridae,,,Tamias minimus
http://arctosdb.org/home/data/; https://creativecommons.org/licenses/by-nc/3.0,United States,Nevada,2 km NE Spruce Mountain peak,23-Jun-24,40.56476698,-114.803006,male,juvenile,Tamias,Rodentia,Sciuridae,2328.67749,2328.67749,Tamias minimus
http://arctosdb.org/home/data/; https://creativecommons.org/licenses/by-nc/3.0,United States,Nevada,No specific locality recorded.,2-Jul-24,39.35425697,-114.647747,male,subadult,Tamias,Rodentia,Sciuridae,2520.813721,2520.813721,Tamias minimus
http://arctosdb.org/home/data/; https://creativecommons.org/licenses/by-nc/3.0,United States,Nevada,"31 MI S, 16 MI E ELY",24-Mar-76,38.79812,-114.5895,female,,Urocitellus,Rodentia,Sciuridae,,,Urocitellus mollis
http://arctosdb.org/home/data/; https://creativecommons.org/licenses/by-nc/3.0,United States,Nevada,"8 MI S, 12 MI E EUREKA",25-Jun-82,39.39682,-115.73516,female,,Urocitellus,Rodentia,Sciuridae,,,Urocitellus mollis
http://arctosdb.org/home/data/; https://creativecommons.org/licenses/by-nc/3.0,United States,Nevada,"8 MI S, 12 MI E EUREKA",25-Jun-82,39.39682,-115.73516,male,,Urocitellus,Rodentia,Sciuridae,,,Urocitellus mollis
http://arctosdb.org/home/data/; https://creativecommons.org/licenses/by-nc/3.0,United States,Nevada,"8 MI S, 12 MI E EUREKA",25-Jun-82,39.39682,-115.73516,female,,Urocitellus,Rodentia,Sciuridae,,,Urocitellus mollis
http://mvz.berkeley.edu/mvzdata_terms; https://creativecommons.org/licenses/by/3.0,United States,Nevada,vicinity of Quinn River Crossing,20-May-09,41.58799,-118.43248,male,,Urocitellus,Rodentia,Sciuridae,4100,4100,Urocitellus mollis
http://mvz.berkeley.edu/mvzdata_terms; https://creativecommons.org/licenses/by/3.0,United States,Nevada,vicinity of Quinn River Crossing,25-May-09,41.58799,-118.43248,male,,Urocitellus,Rodentia,Sciuridae,4100,4100,Urocitellus mollis
http://mvz.berkeley.edu/mvzdata_terms; https://creativecommons.org/licenses/by/3.0,United States,Nevada,vicinity of Quinn River Crossing,26-May-09,41.58799,-118.43248,female,,Urocitellus,Rodentia,Sciuridae,4100,4100,Urocitellus mollis
http://mvz.berkeley.edu/mvzdata_terms; https://creativecommons.org/licenses/by/3.0,United States,Nevada,"vicinity of Big Creek Ranch, Pine Forest Range",10-Jun-09,41.66889,-118.58694,female,,Urocitellus,Rodentia,Sciuridae,,,Urocitellus mollis
http://mvz.berkeley.edu/mvzdata_terms; https://creativecommons.org/licenses/by/3.0,United States,Nevada,"vicinity of Big Creek Ranch, Pine Forest Range",11-Jun-09,41.66889,-118.58694,female,,Urocitellus,Rodentia,Sciuridae,,,Urocitellus mollis
http://mvz.berkeley.edu/mvzdata_terms; https://creativecommons.org/licenses/by/3.0,United States,Nevada,vicinity of Quinn River Crossing,20-May-09,41.58799,-118.43248,male,,Urocitellus,Rodentia,Sciuridae,4100,4100,Urocitellus mollis
http://mvz.berkeley.edu/mvzdata_terms; https://creativecommons.org/licenses/by/3.0,United States,Nevada,vicinity of Quinn River Crossing,21-May-09,41.58799,-118.43248,male,,Urocitellus,Rodentia,Sciuridae,4100,4100,Urocitellus mollis
http://mvz.berkeley.edu/mvzdata_terms; https://creativecommons.org/licenses/by/3.0,United States,Nevada,vicinity of Quinn River Crossing,25-May-09,41.58799,-118.43248,male,,Urocitellus,Rodentia,Sciuridae,4100,4100,Urocitellus mollis
http://mvz.berkeley.edu/mvzdata_terms; https://creativecommons.org/licenses/by/3.0,United States,Nevada,vicinity of Quinn River Crossing,26-May-09,41.58799,-118.43248,female,,Urocitellus,Rodentia,Sciuridae,4100,4100,Urocitellus mollis
http://mvz.berkeley.edu/mvzdata_terms; https://creativecommons.org/licenses/by/3.0,United States,Nevada,vicinity of Quinn River Crossing,26-May-09,41.58799,-118.43248,female,,Urocitellus,Rodentia,Sciuridae,4100,4100,Urocitellus mollis
http://mvz.berkeley.edu/mvzdata_terms; https://creativecommons.org/licenses/by/3.0,United States,Nevada,vicinity of Quinn River Crossing,31-May-09,41.58799,-118.43248,female,,Urocitellus,Rodentia,Sciuridae,4100,4100,Urocitellus mollis
http://mvz.berkeley.edu/mvzdata_terms; https://creativecommons.org/licenses/by/3.0,United States,Nevada,vicinity of Quinn River Crossing,31-May-09,41.58799,-118.43248,female,,Urocitellus,Rodentia,Sciuridae,4100,4100,Urocitellus mollis
http://mvz.berkeley.edu/mvzdata_terms; https://creativecommons.org/licenses/by/3.0,United States,Nevada,vicinity of Quinn River Crossing,1-Jun-09,41.58799,-118.43248,female,,Urocitellus,Rodentia,Sciuridae,4100,4100,Urocitellus mollis
http://mvz.berkeley.edu/mvzdata_terms; https://creativecommons.org/licenses/by/3.0,United States,Nevada,vicinity of Quinn River Crossing,1-Jun-09,41.58799,-118.43248,female,,Urocitellus,Rodentia,Sciuridae,4100,4100,Urocitellus mollis
http://mvz.berkeley.edu/mvzdata_terms; https://creativecommons.org/licenses/by/3.0,United States,Nevada,vicinity of Quinn River Crossing,2-Jun-09,41.58799,-118.43248,female,,Urocitellus,Rodentia,Sciuridae,4100,4100,Urocitellus mollis
http://mvz.berkeley.edu/mvzdata_terms; https://creativecommons.org/licenses/by/3.0,United States,Nevada,vicinity of Quinn River Crossing,3-Jun-09,41.58799,-118.43248,male,,Urocitellus,Rodentia,Sciuridae,4100,4100,Urocitellus mollis
http://mvz.berkeley.edu/mvzdata_terms; https://creativecommons.org/licenses/by/3.0,United States,Nevada,vicinity of Quinn River Crossing,5-Jun-09,41.58799,-118.43248,male,,Urocitellus,Rodentia,Sciuridae,4100,4100,Urocitellus mollis
http://mvz.berkeley.edu/mvzdata_terms; https://creativecommons.org/licenses/by/3.0,United States,Nevada,vicinity of Quinn River Crossing,5-Jun-09,41.58799,-118.43248,female,,Urocitellus,Rodentia,Sciuridae,4100,4100,Urocitellus mollis
http://mvz.berkeley.edu/mvzdata_terms; https://creativecommons.org/licenses/by/3.0,United States,Nevada,vicinity of Quinn River Crossing,5-Jun-09,41.58799,-118.43248,male,,Urocitellus,Rodentia,Sciuridae,4100,4100,Urocitellus mollis
http://mvz.berkeley.edu/mvzdata_terms; https://creativecommons.org/licenses/by/3.0,United States,Nevada,"vicinity of Big Creek Ranch, Pine Forest Range",13-Jun-09,41.66889,-118.58694,female,,Urocitellus,Rodentia,Sciuridae,,,Urocitellus mollis
http://mvz.berkeley.edu/mvzdata_terms; https://creativecommons.org/licenses/by/3.0,United States,Nevada,"vicinity of Big Creek Ranch, Pine Forest Range",17-Jun-09,41.66889,-118.58694,female,,Urocitellus,Rodentia,Sciuridae,,,Urocitellus mollis
http://mvz.berkeley.edu/mvzdata_terms; https://creativecommons.org/licenses/by/3.0,United States,Nevada,vicinity of Quinn River Crossing,2-Jun-09,41.58799,-118.43248,unknown,,Urocitellus,Rodentia,Sciuridae,4100,4100,Urocitellus mollis
http://mvz.berkeley.edu/mvzdata_terms; https://creativecommons.org/licenses/by/3.0,United States,Nevada,Virgin Valley,18-May-09,41.84417,-119.00944,male,,Urocitellus,Rodentia,Sciuridae,,,Urocitellus mollis
http://mvz.berkeley.edu/mvzdata_terms; https://creativecommons.org/licenses/by/3.0,United States,Nevada,Virgin Valley,26-May-09,41.84417,-119.00944,female,,Urocitellus,Rodentia,Sciuridae,,,Urocitellus mollis
http://mvz.berkeley.edu/mvzdata_terms; https://creativecommons.org/licenses/by/3.0,United States,Nevada,Virgin Valley,7-Jun-09,41.84417,-119.00944,male,,Urocitellus,Rodentia,Sciuridae,,,Urocitellus mollis
http://mvz.berkeley.edu/mvzdata_terms; https://creativecommons.org/licenses/by/3.0,United States,Nevada,Little High Rock Canyon,7-Jun-20,41.2661694,-119.3653923,female,,Urocitellus,Rodentia,Sciuridae,5000,5000,Urocitellus mollis
http://mvz.berkeley.edu/mvzdata_terms; https://creativecommons.org/licenses/by/3.0,United States,Nevada,"Hot Spring, Thousand Creek [Boggs]",17-Jun-20,,,female,,Urocitellus,Rodentia,Sciuridae,4300,4300,Urocitellus mollis
http://mvz.berkeley.edu/mvzdata_terms; https://creativecommons.org/licenses/by/3.0,United States,Nevada,"Hot Spring, Thousand Creek [Boggs]",17-Jun-20,,,female,,Urocitellus,Rodentia,Sciuridae,4300,4300,Urocitellus mollis
http://mvz.berkeley.edu/mvzdata_terms; https://creativecommons.org/licenses/by/3.0,United States,Nevada,"Hot Spring, Thousand Creek [Boggs]",18-Jun-20,,,female,,Urocitellus,Rodentia,Sciuridae,4300,4300,Urocitellus mollis
http://mvz.berkeley.edu/mvzdata_terms; https://creativecommons.org/licenses/by/3.0,United States,Nevada,"Bell's Ranch, Reese River",3-Jun-25,38.93389,-117.48083,female,,Urocitellus,Rodentia,Sciuridae,6890,6890,Urocitellus mollis
http://mvz.berkeley.edu/mvzdata_terms; https://creativecommons.org/licenses/by/3.0,United States,Nevada,"Fish Lake Valley, T6S R38E",14-Jun-27,37.79667,-118.00833,female,,Urocitellus,Rodentia,Sciuridae,5300,5300,Urocitellus mollis
http://mvz.berkeley.edu/mvzdata_terms; https://creativecommons.org/licenses/by/3.0,United States,Nevada,2.5 mi NW Blair Junction,27-May-28,38.04424,-117.80851,male,,Urocitellus,Rodentia,Sciuridae,4950,4950,Urocitellus mollis
http://mvz.berkeley.edu/mvzdata_terms; https://creativecommons.org/licenses/by/3.0,United States,Nevada,3 mi N the Crossing,30-May-28,,,male,,Urocitellus,Rodentia,Sciuridae,5000,5000,Urocitellus mollis
http://mvz.berkeley.edu/mvzdata_terms; https://creativecommons.org/licenses/by/3.0,United States,Nevada,Chiatovich Ranch,5-Jun-28,37.82444,-118.07944,male,,Urocitellus,Rodentia,Sciuridae,4900,4900,Urocitellus mollis
http://mvz.berkeley.edu/mvzdata_terms; https://creativecommons.org/licenses/by/3.0,United States,Nevada,Fish Lake,22-May-28,37.73806,-118.05361,female,,Urocitellus,Rodentia,Sciuridae,4800,4800,Urocitellus mollis
http://mvz.berkeley.edu/mvzdata_terms; https://creativecommons.org/licenses/by/3.0,United States,Nevada,Fish Lake,22-May-28,37.73806,-118.05361,male,,Urocitellus,Rodentia,Sciuridae,4800,4800,Urocitellus mollis
http://mvz.berkeley.edu/mvzdata_terms; https://creativecommons.org/licenses/by/3.0,United States,Nevada,"Cave Spring, Silver Peak Range",21-Jun-28,37.8,-117.84167,male,,Urocitellus,Rodentia,Sciuridae,6248,6248,Urocitellus mollis
http://mvz.berkeley.edu/mvzdata_terms; https://creativecommons.org/licenses/by/3.0,United States,Nevada,6 mi E Stillwater,15-May-29,39.52167,-118.43382,male,,Urocitellus,Rodentia,Sciuridae,3950,3950,Urocitellus mollis
http://mvz.berkeley.edu/mvzdata_terms; https://creativecommons.org/licenses/by/3.0,United States,Nevada,6 mi E Stillwater,15-May-29,39.52167,-118.43382,male,,Urocitellus,Rodentia,Sciuridae,3950,3950,Urocitellus mollis
http://mvz.berkeley.edu/mvzdata_terms; https://creativecommons.org/licenses/by/3.0,United States,Nevada,5 mi W Mt. Well,18-May-29,,,male,,Urocitellus,Rodentia,Sciuridae,4900,4900,Urocitellus mollis
http://mvz.berkeley.edu/mvzdata_terms; https://creativecommons.org/licenses/by/3.0,United States,Nevada,2.5 mi E Baker,28-May-29,39.01333,-114.07499,male,,Urocitellus,Rodentia,Sciuridae,5700,5700,Urocitellus mollis
http://mvz.berkeley.edu/mvzdata_terms; https://creativecommons.org/licenses/by/3.0,United States,Nevada,2.5 mi E Baker,28-May-29,39.01333,-114.07499,male,,Urocitellus,Rodentia,Sciuridae,5700,5700,Urocitellus mollis
http://mvz.berkeley.edu/mvzdata_terms; https://creativecommons.org/licenses/by/3.0,United States,Nevada,1 mi N Baker,31-May-29,39.02783,-114.12194,male,,Urocitellus,Rodentia,Sciuridae,,,Urocitellus mollis
http://mvz.berkeley.edu/mvzdata_terms; https://creativecommons.org/licenses/by/3.0,United States,Nevada,"7 mi SW Osceola, Spring Valley",30-Jun-29,39.01881,-114.47679,female,,Urocitellus,Rodentia,Sciuridae,6100,6100,Urocitellus mollis
http://mvz.berkeley.edu/mvzdata_terms; https://creativecommons.org/licenses/by/3.0,United States,Nevada,5 mi SE Millett Post Office,19-May-30,38.96403,-117.1143,male,,Urocitellus,Rodentia,Sciuridae,5500,5500,Urocitellus mollis
http://mvz.berkeley.edu/mvzdata_terms; https://creativecommons.org/licenses/by/3.0,United States,Nevada,mouth of Kingston Canyon,17-Jun-30,39.20583,-117.09056,male,,Urocitellus,Rodentia,Sciuridae,6000,6000,Urocitellus mollis
http://mvz.berkeley.edu/mvzdata_terms; https://creativecommons.org/licenses/by/3.0,United States,Nevada,"9 mi S Schellbourne Pass, Steptoe Valley",10-Aug-30,39.67511,-114.64778,male,,Urocitellus,Rodentia,Sciuridae,6150,6150,Urocitellus mollis
http://mvz.berkeley.edu/mvzdata_terms; https://creativecommons.org/licenses/by/3.0,United States,Nevada,7.5 mi E Goldfield,25-Apr-31,37.70861,-117.09784,female,,Urocitellus,Rodentia,Sciuridae,7500,7500,Urocitellus mollis
http://mvz.berkeley.edu/mvzdata_terms; https://creativecommons.org/licenses/by/3.0,United States,Nevada,1 mi W Panaca,18-Jun-31,37.79056,-114.40688,male,,Urocitellus,Rodentia,Sciuridae,4750,4750,Urocitellus mollis
http://mvz.berkeley.edu/mvzdata_terms; https://creativecommons.org/licenses/by/3.0,United States,Nevada,"White River Valley, 15 mi WSW Sunnyside",9-Jun-32,38.34011,-115.27567,male,,Urocitellus,Rodentia,Sciuridae,5500,5500,Urocitellus mollis
http://mvz.berkeley.edu/mvzdata_terms; https://creativecommons.org/licenses/by/3.0,United States,Nevada,3 mi NE Winnemucca,2-Jul-35,41.0038,-117.69416,female,,Urocitellus,Rodentia,Sciuridae,4700,4700,Urocitellus mollis
http://mvz.berkeley.edu/mvzdata_terms; https://creativecommons.org/licenses/by/3.0,United States,Nevada,3 mi NE Winnemucca,2-Jul-35,41.0038,-117.69416,female,,Urocitellus,Rodentia,Sciuridae,4700,4700,Urocitellus mollis
http://mvz.berkeley.edu/mvzdata_terms; https://creativecommons.org/licenses/by/3.0,United States,Nevada,3 mi NE Winnemucca,2-Jul-35,41.0038,-117.69416,male,,Urocitellus,Rodentia,Sciuridae,4700,4700,Urocitellus mollis
http://mvz.berkeley.edu/mvzdata_terms; https://creativecommons.org/licenses/by/3.0,United States,Nevada,3 mi NE Winnemucca,2-Jul-35,41.0038,-117.69416,female,,Urocitellus,Rodentia,Sciuridae,4700,4700,Urocitellus mollis
http://mvz.berkeley.edu/mvzdata_terms; https://creativecommons.org/licenses/by/3.0,United States,Nevada,3 mi NE Winnemucca,2-Jul-35,41.0038,-117.69416,female,,Urocitellus,Rodentia,Sciuridae,4700,4700,Urocitellus mollis
http://mvz.berkeley.edu/mvzdata_terms; https://creativecommons.org/licenses/by/3.0,United States,Nevada,3 mi NE Winnemucca,2-Jul-35,41.0038,-117.69416,female,,Urocitellus,Rodentia,Sciuridae,4700,4700,Urocitellus mollis
http://mvz.berkeley.edu/mvzdata_terms; https://creativecommons.org/licenses/by/3.0,United States,Nevada,3 mi NE Winnemucca,2-Jul-35,41.0038,-117.69416,female,,Urocitellus,Rodentia,Sciuridae,4700,4700,Urocitellus mollis
http://mvz.berkeley.edu/mvzdata_terms; https://creativecommons.org/licenses/by/3.0,United States,Nevada,3 mi NE Winnemucca,2-Jul-35,41.0038,-117.69416,male,,Urocitellus,Rodentia,Sciuridae,4700,4700,Urocitellus mollis
http://mvz.berkeley.edu/mvzdata_terms; https://creativecommons.org/licenses/by/3.0,United States,Nevada,3 mi NE Winnemucca,2-Jul-35,41.0038,-117.69416,male,,Urocitellus,Rodentia,Sciuridae,4700,4700,Urocitellus mollis
http://mvz.berkeley.edu/mvzdata_terms; https://creativecommons.org/licenses/by/3.0,United States,Nevada,1 mi N Winnemucca,2-Jul-35,40.98755,-117.73472,female,,Urocitellus,Rodentia,Sciuridae,4600,4600,Urocitellus mollis
http://mvz.berkeley.edu/mvzdata_terms; https://creativecommons.org/licenses/by/3.0,United States,Nevada,1 mi N Winnemucca,2-Jul-35,40.98755,-117.73472,male,,Urocitellus,Rodentia,Sciuridae,4600,4600,Urocitellus mollis
http://mvz.berkeley.edu/mvzdata_terms; https://creativecommons.org/licenses/by/3.0,United States,Nevada,1 mi N Winnemucca,2-Jul-35,40.98755,-117.73472,male,,Urocitellus,Rodentia,Sciuridae,4600,4600,Urocitellus mollis
http://mvz.berkeley.edu/mvzdata_terms; https://creativecommons.org/licenses/by/3.0,United States,Nevada,Toulon,29-Jun-35,40.06278,-118.64389,unknown,,Urocitellus,Rodentia,Sciuridae,3900,3900,Urocitellus mollis
http://mvz.berkeley.edu/mvzdata_terms; https://creativecommons.org/licenses/by/3.0,United States,Nevada,1.5 mi SW Fallon,15-May-36,39.45824,-118.79623,male,,Urocitellus,Rodentia,Sciuridae,,,Urocitellus mollis
http://mvz.berkeley.edu/mvzdata_terms; https://creativecommons.org/licenses/by/3.0,United States,Nevada,"Reese River Valley, 7 mi N Austin",18-May-36,39.59,-117.16,male,,Urocitellus,Rodentia,Sciuridae,,,Urocitellus mollis
http://mvz.berkeley.edu/mvzdata_terms; https://creativecommons.org/licenses/by/3.0,United States,Nevada,"Reese River Valley, 7 mi N Austin",18-May-36,39.59,-117.16,female,,Urocitellus,Rodentia,Sciuridae,,,Urocitellus mollis
http://mvz.berkeley.edu/mvzdata_terms; https://creativecommons.org/licenses/by/3.0,United States,Nevada,Winzell,7-Jun-36,40.08633,-116.27112,male,,Urocitellus,Rodentia,Sciuridae,,,Urocitellus mollis
http://mvz.berkeley.edu/mvzdata_terms; https://creativecommons.org/licenses/by/3.0,United States,Nevada,"Diamond Valley, 4 mi S Romano",4-Jun-36,39.87896,-116.07556,male,,Urocitellus,Rodentia,Sciuridae,,,Urocitellus mollis
http://mvz.berkeley.edu/mvzdata_terms; https://creativecommons.org/licenses/by/3.0,United States,Nevada,"Diamond Valley, 4 mi S Romano",4-Jun-36,39.87896,-116.07556,male,,Urocitellus,Rodentia,Sciuridae,,,Urocitellus mollis
http://mvz.berkeley.edu/mvzdata_terms; https://creativecommons.org/licenses/by/3.0,United States,Nevada,3 mi E and 10 mi N Gerlach,11-Jul-36,40.7966,-119.29709,unknown,,Urocitellus,Rodentia,Sciuridae,4000,4000,Urocitellus mollis
http://mvz.berkeley.edu/mvzdata_terms; https://creativecommons.org/licenses/by/3.0,United States,Nevada,ca. 2 mi SE Eastgate,2-Jun-37,39.28506,-117.85167,female,,Urocitellus,Rodentia,Sciuridae,,,Urocitellus mollis
http://mvz.berkeley.edu/mvzdata_terms; https://creativecommons.org/licenses/by/3.0,United States,Nevada,1 mi N Soda Lake,18-Apr-39,39.53978,-118.87556,female,,Urocitellus,Rodentia,Sciuridae,4000,4000,Urocitellus mollis
http://mvz.berkeley.edu/mvzdata_terms; https://creativecommons.org/licenses/by/3.0,United States,Nevada,7 mi W and 1 mi N Fallon,29-Mar-39,39.48811,-118.90731,male,,Urocitellus,Rodentia,Sciuridae,4000,4000,Urocitellus mollis
http://mvz.berkeley.edu/mvzdata_terms; https://creativecommons.org/licenses/by/3.0,United States,Nevada,7 mi W and 1 mi N Fallon,29-Mar-39,39.48811,-118.90731,male,,Urocitellus,Rodentia,Sciuridae,4000,4000,Urocitellus mollis
http://mvz.berkeley.edu/mvzdata_terms; https://creativecommons.org/licenses/by/3.0,United States,Nevada,7 mi W and 1 mi N Fallon,29-Mar-39,39.48811,-118.90731,male,,Urocitellus,Rodentia,Sciuridae,4000,4000,Urocitellus mollis
http://mvz.berkeley.edu/mvzdata_terms; https://creativecommons.org/licenses/by/3.0,United States,Nevada,7 mi W and 1 mi N Fallon,29-Mar-39,39.48811,-118.90731,female,,Urocitellus,Rodentia,Sciuridae,4000,4000,Urocitellus mollis
http://mvz.berkeley.edu/mvzdata_terms; https://creativecommons.org/licenses/by/3.0,United States,Nevada,7 mi W and 1 mi N Fallon,29-Mar-39,39.48811,-118.90731,female,,Urocitellus,Rodentia,Sciuridae,4000,4000,Urocitellus mollis
http://mvz.berkeley.edu/mvzdata_terms; https://creativecommons.org/licenses/by/3.0,United States,Nevada,7 mi W and 1 mi N Fallon,29-Mar-39,39.48811,-118.90731,female,,Urocitellus,Rodentia,Sciuridae,4000,4000,Urocitellus mollis
http://mvz.berkeley.edu/mvzdata_terms; https://creativecommons.org/licenses/by/3.0,United States,Nevada,7 mi W and 1 mi N Fallon,29-Mar-39,39.48811,-118.90731,female,,Urocitellus,Rodentia,Sciuridae,4000,4000,Urocitellus mollis
http://mvz.berkeley.edu/mvzdata_terms; https://creativecommons.org/licenses/by/3.0,United States,Nevada,7 mi W and 1 mi N Fallon,29-Mar-39,39.48811,-118.90731,female,,Urocitellus,Rodentia,Sciuridae,4000,4000,Urocitellus mollis
http://mvz.berkeley.edu/mvzdata_terms; https://creativecommons.org/licenses/by/3.0,United States,Nevada,7 mi W and 1 mi N Fallon,29-Mar-39,39.48811,-118.90731,male,,Urocitellus,Rodentia,Sciuridae,4000,4000,Urocitellus mollis
http://mvz.berkeley.edu/mvzdata_terms; https://creativecommons.org/licenses/by/3.0,United States,Nevada,7 mi W and 1 mi N Fallon,29-Mar-39,39.48811,-118.90731,female,,Urocitellus,Rodentia,Sciuridae,4000,4000,Urocitellus mollis
http://mvz.berkeley.edu/mvzdata_terms; https://creativecommons.org/licenses/by/3.0,United States,Nevada,5 mi W Fallon,10-Jun-36,39.47361,-118.8699,male,,Urocitellus,Rodentia,Sciuridae,,,Urocitellus mollis
http://mvz.berkeley.edu/mvzdata_terms; https://creativecommons.org/licenses/by/3.0,United States,Nevada,5 mi W Fallon,18-Mar-38,39.47361,-118.8699,female,,Urocitellus,Rodentia,Sciuridae,,,Urocitellus mollis
http://mvz.berkeley.edu/mvzdata_terms; https://creativecommons.org/licenses/by/3.0,United States,Nevada,"1 mi N Soda Lake, Fallon",19-Apr-39,39.53978,-118.87556,female,,Urocitellus,Rodentia,Sciuridae,4000,4000,Urocitellus mollis
http://mvz.berkeley.edu/mvzdata_terms; https://creativecommons.org/licenses/by/3.0,United States,Nevada,"1 mi N Soda Lake, Fallon",19-Apr-39,39.53978,-118.87556,female,,Urocitellus,Rodentia,Sciuridae,4000,4000,Urocitellus mollis
http://mvz.berkeley.edu/mvzdata_terms; https://creativecommons.org/licenses/by/3.0,United States,Nevada,1 mi NW Soda Lake,19-May-39,39.53553,-118.88879,female,,Urocitellus,Rodentia,Sciuridae,4000,4000,Urocitellus mollis
http://mvz.berkeley.edu/mvzdata_terms; https://creativecommons.org/licenses/by/3.0,United States,Nevada,1 mi N Fallon,12-May-39,39.48811,-118.77639,female,,Urocitellus,Rodentia,Sciuridae,4000,4000,Urocitellus mollis
http://mvz.berkeley.edu/mvzdata_terms; https://creativecommons.org/licenses/by/3.0,United States,Nevada,1 mi N Fallon,12-May-39,39.48811,-118.77639,female,,Urocitellus,Rodentia,Sciuridae,4000,4000,Urocitellus mollis
http://mvz.berkeley.edu/mvzdata_terms; https://creativecommons.org/licenses/by/3.0,United States,Nevada,1 mi N Fallon,12-May-39,39.48811,-118.77639,female,,Urocitellus,Rodentia,Sciuridae,4000,4000,Urocitellus mollis
http://mvz.berkeley.edu/mvzdata_terms; https://creativecommons.org/licenses/by/3.0,United States,Nevada,Yerington,10-Jun-39,38.98583,-119.16194,female,,Urocitellus,Rodentia,Sciuridae,,,Urocitellus mollis
http://mvz.berkeley.edu/mvzdata_terms; https://creativecommons.org/licenses/by/3.0,United States,Nevada,3 mi NW Soda Lake,6-May-39,39.55603,-118.91526,female,,Urocitellus,Rodentia,Sciuridae,4000,4000,Urocitellus mollis
http://mvz.berkeley.edu/mvzdata_terms; https://creativecommons.org/licenses/by/3.0,United States,Nevada,1 mi N Soda Lake,19-Apr-39,39.53978,-118.87556,female,,Urocitellus,Rodentia,Sciuridae,4000,4000,Urocitellus mollis
http://mvz.berkeley.edu/mvzdata_terms; https://creativecommons.org/licenses/by/3.0,United States,Nevada,4 mi W Fallon,27-Feb-36,39.47361,-118.8512,female,,Urocitellus,Rodentia,Sciuridae,4000,4000,Urocitellus mollis
http://mvz.berkeley.edu/mvzdata_terms; https://creativecommons.org/licenses/by/3.0,United States,Nevada,4 mi W Fallon,9-Jul-36,39.47361,-118.8512,male,,Urocitellus,Rodentia,Sciuridae,4000,4000,Urocitellus mollis
http://mvz.berkeley.edu/mvzdata_terms; https://creativecommons.org/licenses/by/3.0,United States,Nevada,4 mi W Fallon,11-Apr-38,39.47361,-118.8512,female,,Urocitellus,Rodentia,Sciuridae,4000,4000,Urocitellus mollis
http://mvz.berkeley.edu/mvzdata_terms; https://creativecommons.org/licenses/by/3.0,United States,Nevada,Smoke Creek,22-Apr-41,40.53,-119.384,female,,Urocitellus,Rodentia,Sciuridae,3900,3900,Urocitellus mollis
http://mvz.berkeley.edu/mvzdata_terms; https://creativecommons.org/licenses/by/3.0,United States,Nevada,Fallon,13-Apr-32,39.47361,-118.54611,male,,Urocitellus,Rodentia,Sciuridae,,,Urocitellus mollis
http://arctosdb.org/home/data/; https://creativecommons.org/licenses/by-nc/3.0,United States,Nevada,Montello,24-Mar-16,41.26577698,-114.217105,female,adult,Urocitellus,Rodentia,Sciuridae,1527,1527,Urocitellus mollis
http://arctosdb.org/home/data/; https://creativecommons.org/licenses/by-nc/3.0,United States,Nevada,"4 km W of junction of Highway 376 and Peavine Canyon Road, off Peavine Canyon Road",20-Mar-16,38.54424602,-117.23546,male,adult,Urocitellus,Rodentia,Sciuridae,1757,1757,Urocitellus mollis
http://arctosdb.org/home/data/; https://creativecommons.org/publicdomain/zero/1.0,United States,Nevada,"near Jungo, 18 mi E Sulphur",4/12/79,40.91722,-118.38278,female,,Urocitellus,Rodentia,Sciuridae,1280.16,1280.16,Urocitellus mollis
http://arctosdb.org/home/data/; https://creativecommons.org/publicdomain/zero/1.0,United States,Nevada,"near Jungo, 18 mi E Sulphur",4/9/79,40.91722,-118.38278,female,,Urocitellus,Rodentia,Sciuridae,1280.16,1280.16,Urocitellus mollis
http://arctosdb.org/home/data/; https://creativecommons.org/publicdomain/zero/1.0,United States,Nevada,"near Jungo, 18 mi E Sulphur",4/9/79,40.91722,-118.38278,female,,Urocitellus,Rodentia,Sciuridae,1280.16,1280.16,Urocitellus mollis
http://arctosdb.org/home/data/; https://creativecommons.org/publicdomain/zero/1.0,United States,Nevada,"near Jungo, 18 mi E Sulphur",4/9/79,40.91722,-118.38278,male,,Urocitellus,Rodentia,Sciuridae,1280.16,1280.16,Urocitellus mollis
http://arctosdb.org/home/data/; https://creativecommons.org/publicdomain/zero/1.0,United States,Nevada,"near Jungo, 18 mi E Sulphur",4/9/79,40.91722,-118.38278,male,,Urocitellus,Rodentia,Sciuridae,1280.16,1280.16,Urocitellus mollis
http://arctosdb.org/home/data/; https://creativecommons.org/publicdomain/zero/1.0,United States,Nevada,"near Jungo, 18 mi E Sulphur",4/12/79,40.91722,-118.38278,male,,Urocitellus,Rodentia,Sciuridae,1280.16,1280.16,Urocitellus mollis
http://arctosdb.org/home/data/; https://creativecommons.org/publicdomain/zero/1.0,United States,Nevada,"near Jungo, 18 mi E Sulphur",4/10/79,40.91722,-118.38278,female,,Urocitellus,Rodentia,Sciuridae,1280.16,1280.16,Urocitellus mollis
http://arctosdb.org/home/data/; https://creativecommons.org/publicdomain/zero/1.0,United States,Nevada,"near Jungo, 18 mi E Sulphur",4/10/79,40.91722,-118.38278,female,adult,Urocitellus,Rodentia,Sciuridae,1280.16,1280.16,Urocitellus mollis
http://arctosdb.org/home/data/; https://creativecommons.org/publicdomain/zero/1.0,United States,Nevada,"near Jungo, 18 mi E Sulphur",4/10/79,40.91722,-118.38278,female,,Urocitellus,Rodentia,Sciuridae,1280.16,1280.16,Urocitellus mollis
http://arctosdb.org/home/data/; https://creativecommons.org/publicdomain/zero/1.0,United States,Nevada,"near Jungo, 18 mi E Sulphur",4/10/79,40.91722,-118.38278,male,,Urocitellus,Rodentia,Sciuridae,1280.16,1280.16,Urocitellus mollis
http://arctosdb.org/home/data/; https://creativecommons.org/publicdomain/zero/1.0,United States,Nevada,"near Jungo, 18 mi E Sulphur",4/12/79,40.91722,-118.38278,male,,Urocitellus,Rodentia,Sciuridae,1280.16,1280.16,Urocitellus mollis
http://arctosdb.org/home/data/; https://creativecommons.org/publicdomain/zero/1.0,United States,Nevada,"near Jungo, 18 mi E Sulphur",4/12/79,40.91722,-118.38278,female,,Urocitellus,Rodentia,Sciuridae,1280.16,1280.16,Urocitellus mollis
http://arctosdb.org/home/data/; https://creativecommons.org/publicdomain/zero/1.0,United States,Nevada,"near Jungo, 18 mi E Sulphur",4/12/79,40.91722,-118.38278,female,,Urocitellus,Rodentia,Sciuridae,1280.16,1280.16,Urocitellus mollis
http://arctosdb.org/home/data/; https://creativecommons.org/publicdomain/zero/1.0,United States,Nevada,"near Jungo, 18 mi E Sulphur",4/11/79,40.91722,-118.38278,female,,Urocitellus,Rodentia,Sciuridae,1280.16,1280.16,Urocitellus mollis
http://arctosdb.org/home/data/; https://creativecommons.org/publicdomain/zero/1.0,United States,Nevada,"near Jungo, 18 mi E Sulphur",4/7/79,40.91722,-118.38278,male,,Urocitellus,Rodentia,Sciuridae,1280.16,1280.16,Urocitellus mollis
http://arctosdb.org/home/data/; https://creativecommons.org/publicdomain/zero/1.0,United States,Nevada,"near Jungo, 18 mi E Sulphur",4/7/79,40.91722,-118.38278,male,,Urocitellus,Rodentia,Sciuridae,1280.16,1280.16,Urocitellus mollis
http://arctosdb.org/home/data/; https://creativecommons.org/publicdomain/zero/1.0,United States,Nevada,"near Jungo, 18 mi E Sulphur",4/8/79,40.91722,-118.38278,male,,Urocitellus,Rodentia,Sciuridae,1280.16,1280.16,Urocitellus mollis
http://arctosdb.org/home/data/; https://creativecommons.org/publicdomain/zero/1.0,United States,Nevada,"near Jungo, 18 mi E Sulphur",4/8/79,40.91722,-118.38278,male,,Urocitellus,Rodentia,Sciuridae,1280.16,1280.16,Urocitellus mollis
http://arctosdb.org/home/data/; https://creativecommons.org/publicdomain/zero/1.0,United States,Nevada,"near Jungo, 18 mi E Sulphur",4/8/79,40.91722,-118.38278,male,,Urocitellus,Rodentia,Sciuridae,1280.16,1280.16,Urocitellus mollis
http://arctosdb.org/home/data/; https://creativecommons.org/publicdomain/zero/1.0,United States,Nevada,"near Jungo, 18 mi E Sulphur",4/12/79,40.91722,-118.38278,female,adult,Urocitellus,Rodentia,Sciuridae,1280.16,1280.16,Urocitellus mollis
http://arctosdb.org/home/data/; https://creativecommons.org/publicdomain/zero/1.0,United States,Nevada,"near Jungo, 18 mi E Sulphur",4/12/79,40.91722,-118.38278,male,,Urocitellus,Rodentia,Sciuridae,1280.16,1280.16,Urocitellus mollis
http://arctosdb.org/home/data/; https://creativecommons.org/publicdomain/zero/1.0,United States,Nevada,"near Jungo, 18 mi E Sulphur",4/8/79,40.91722,-118.38278,female,,Urocitellus,Rodentia,Sciuridae,1280.16,1280.16,Urocitellus mollis
http://arctosdb.org/home/data/; https://creativecommons.org/licenses/by-nc/3.0,United States,Nevada,18.5 km SE of Austin,6-May-17,39.39649706,-116.8969371,female,juvenile,Urocitellus,Rodentia,Sciuridae,1741,1741,Urocitellus mollis
http://arctosdb.org/home/data/; https://creativecommons.org/licenses/by-nc/3.0,United States,Nevada,"Sheep Creek Canyon, 55 km SSW of Carlin",6-May-17,40.24458669,-116.2387851,female,adult,Urocitellus,Rodentia,Sciuridae,1758,1758,Urocitellus mollis
http://arctosdb.org/home/data/; https://creativecommons.org/licenses/by-nc/3.0,United States,Nevada,"Sheep Creek Canyon, 55 km SSW of Carlin",6-May-17,40.22974268,-116.1785021,male,adult,Urocitellus,Rodentia,Sciuridae,1718,1718,Urocitellus mollis
http://arctosdb.org/home/data/; https://creativecommons.org/licenses/by-nc/3.0,United States,Nevada,26.25 km W of Nixon,7-May-17,39.8555819,-119.6569681,female,adult,Urocitellus,Rodentia,Sciuridae,1287,1287,Urocitellus mollis
http://arctosdb.org/home/data/; https://creativecommons.org/licenses/by-nc/3.0,United States,Nevada,26.25 km W of Nixon,7-May-17,39.86476989,-119.6461881,male,adult,Urocitellus,Rodentia,Sciuridae,1281,1281,Urocitellus mollis
http://arctosdb.org/home/data/; https://creativecommons.org/licenses/by-nc/3.0,United States,Nevada,Currie,DY 29 | MO MAY | YR 1941,40.26667,-114.74222,unknown,adult,Spermophilus; Spermophilus,Rodentia; Rodentia,Sciuridae; Sciuridae,,,Spermophilus mollis; Spermophilus mollis
http://arctosdb.org/home/data/; https://creativecommons.org/licenses/by-nc/3.0,United States,Nevada,Currie,DY 29 | MO MAY | YR 1941,40.26667,-114.74222,unknown,adult,Spermophilus; Spermophilus,Rodentia; Rodentia,Sciuridae; Sciuridae,,,Spermophilus mollis; Spermophilus mollis
http://arctosdb.org/home/data/; https://creativecommons.org/licenses/by-nc/3.0,United States,Nevada,Currie,DY 29 | MO MAY | YR 1941,40.26667,-114.74222,unknown,adult,Spermophilus; Spermophilus,Rodentia; Rodentia,Sciuridae; Sciuridae,,,Spermophilus mollis; Spermophilus mollis
http://arctosdb.org/home/data/; https://creativecommons.org/licenses/by-nc/3.0,United States,Nevada,North Wendover,DY 7 | MO AUG | YR 1972,,,male,adult,Spermophilus; Spermophilus,Rodentia; Rodentia,Sciuridae; Sciuridae,,,Spermophilus mollis; Spermophilus mollis
http://arctosdb.org/home/data/; https://creativecommons.org/licenses/by-nc/3.0,United States,Nevada,Elko; 10 mi S,DY 99 | MO JUN | YR 1962 | 28-29|,40.68758,-115.76222,unknown,,Spermophilus; Spermophilus,Rodentia; Rodentia,Sciuridae; Sciuridae,,,Spermophilus mollis; Spermophilus mollis
http://arctosdb.org/home/data/; https://creativecommons.org/licenses/by-nc/3.0,United States,Nevada,Currie,DY 29 | MO MAY | YR 1941,40.26667,-114.74222,unknown,juvenile,Spermophilus; Spermophilus,Rodentia; Rodentia,Sciuridae; Sciuridae,,,Spermophilus mollis; Spermophilus mollis
http://arctosdb.org/home/data/; https://creativecommons.org/licenses/by-nc/3.0,United States,Nevada,"Ruby Mountains, Overland Pass",30-May-17,40.02705398,-115.550064,male,subadult,Urocitellus,Rodentia,Sciuridae,2001,2001,Urocitellus mollis
http://arctosdb.org/home/data/; https://creativecommons.org/licenses/by-nc/3.0,United States,Nevada,26.25 km W of Nixon,7-May-17,39.83992003,-119.657919,unknown,,Urocitellus,Rodentia,Sciuridae,1297,1297,Urocitellus mollis
http://mvz.berkeley.edu/mvzdata_terms; https://creativecommons.org/licenses/by/3.0,United States,Nevada,Chiatovich Creek,14-May-27,37.82389,-118.00528,male,,Tamias,Rodentia,Sciuridae,8200,8200,Tamias umbrinus
http://mvz.berkeley.edu/mvzdata_terms; https://creativecommons.org/licenses/by/3.0,United States,Nevada,E side Wheeler Peak,24-May-29,39.01722,-114.10722,male,,Tamias,Rodentia,Sciuridae,9300,9300,Tamias umbrinus
http://mvz.berkeley.edu/mvzdata_terms; https://creativecommons.org/licenses/by/3.0,United States,Nevada,Lehman Creek,24-May-29,39.01722,-114.10722,male,,Tamias,Rodentia,Sciuridae,8700,8700,Tamias umbrinus
http://mvz.berkeley.edu/mvzdata_terms; https://creativecommons.org/licenses/by/3.0,United States,Nevada,"Pole Canyon, Snake Mts.",5-Jun-29,38.9889,-114.215,female,,Tamias,Rodentia,Sciuridae,8000,8000,Tamias umbrinus
http://mvz.berkeley.edu/mvzdata_terms; https://creativecommons.org/licenses/by/3.0,United States,Nevada,"mouth Pole Canyon, S side, Baker Creek",13-Jun-29,38.9889,-114.215,female,,Tamias,Rodentia,Sciuridae,7500,7500,Tamias umbrinus
http://mvz.berkeley.edu/mvzdata_terms; https://creativecommons.org/licenses/by/3.0,United States,Nevada,"mouth Pole Canyon, S side, Baker Creek",13-Jun-29,38.9889,-114.215,female,,Tamias,Rodentia,Sciuridae,7500,7500,Tamias umbrinus
http://mvz.berkeley.edu/mvzdata_terms; https://creativecommons.org/licenses/by/3.0,United States,Nevada,"mouth Pole Canyon, S side, Baker Creek",13-Jun-29,38.9889,-114.215,female,,Tamias,Rodentia,Sciuridae,7500,7500,Tamias umbrinus
http://mvz.berkeley.edu/mvzdata_terms; https://creativecommons.org/licenses/by/3.0,United States,Nevada,"mouth Pole Canyon, S side, Baker Creek",13-Jun-29,38.9889,-114.215,female,,Tamias,Rodentia,Sciuridae,7500,7500,Tamias umbrinus
http://mvz.berkeley.edu/mvzdata_terms; https://creativecommons.org/licenses/by/3.0,United States,Nevada,"mouth Pole Canyon, S side, Baker Creek",15-Jun-29,38.9889,-114.215,male,,Tamias,Rodentia,Sciuridae,7500,7500,Tamias umbrinus
http://mvz.berkeley.edu/mvzdata_terms; https://creativecommons.org/licenses/by/3.0,United States,Nevada,"mouth Pole Canyon, S side, Baker Creek",15-Jun-29,38.9889,-114.215,male,,Tamias,Rodentia,Sciuridae,7500,7500,Tamias umbrinus
http://mvz.berkeley.edu/mvzdata_terms; https://creativecommons.org/licenses/by/3.0,United States,Nevada,"mouth Pole Canyon, S side, Baker Creek",15-Jun-29,38.9889,-114.215,male,,Tamias,Rodentia,Sciuridae,7500,7500,Tamias umbrinus
http://mvz.berkeley.edu/mvzdata_terms; https://creativecommons.org/licenses/by/3.0,United States,Nevada,S side Baker Creek,17-Jun-29,38.96917,-114.28,male,,Tamias,Rodentia,Sciuridae,8650,8650,Tamias umbrinus
http://mvz.berkeley.edu/mvzdata_terms; https://creativecommons.org/licenses/by/3.0,United States,Nevada,S side Baker Creek,17-Jun-29,38.96917,-114.28,male,,Tamias,Rodentia,Sciuridae,8600,8600,Tamias umbrinus
http://mvz.berkeley.edu/mvzdata_terms; https://creativecommons.org/licenses/by/3.0,United States,Nevada,S side Baker Creek,17-Jun-29,38.96917,-114.28,female,,Tamias,Rodentia,Sciuridae,8800,8800,Tamias umbrinus
http://mvz.berkeley.edu/mvzdata_terms; https://creativecommons.org/licenses/by/3.0,United States,Nevada,S side Baker Creek,18-Jun-29,38.96917,-114.28,female,,Tamias,Rodentia,Sciuridae,9000,9000,Tamias umbrinus
http://mvz.berkeley.edu/mvzdata_terms; https://creativecommons.org/licenses/by/3.0,United States,Nevada,Baker Creek,18-Jun-29,38.96917,-114.28,female,,Tamias,Rodentia,Sciuridae,8675,8675,Tamias umbrinus
http://mvz.berkeley.edu/mvzdata_terms; https://creativecommons.org/licenses/by/3.0,United States,Nevada,Baker Creek,18-Jun-29,38.96917,-114.28,female,,Tamias,Rodentia,Sciuridae,8675,8675,Tamias umbrinus
http://mvz.berkeley.edu/mvzdata_terms; https://creativecommons.org/licenses/by/3.0,United States,Nevada,Baker Creek,18-Jun-29,38.96917,-114.28,male,,Tamias,Rodentia,Sciuridae,8675,8675,Tamias umbrinus
http://mvz.berkeley.edu/mvzdata_terms; https://creativecommons.org/licenses/by/3.0,United States,Nevada,Baker Creek,18-Jun-29,38.96917,-114.28,female,,Tamias,Rodentia,Sciuridae,8675,8675,Tamias umbrinus
http://mvz.berkeley.edu/mvzdata_terms; https://creativecommons.org/licenses/by/3.0,United States,Nevada,Baker Creek,20-Jun-29,38.96917,-114.28,female,,Tamias,Rodentia,Sciuridae,8675,8675,Tamias umbrinus
http://mvz.berkeley.edu/mvzdata_terms; https://creativecommons.org/licenses/by/3.0,United States,Nevada,Baker Creek,20-Jun-29,38.96917,-114.28,male,,Tamias,Rodentia,Sciuridae,8675,8675,Tamias umbrinus
http://mvz.berkeley.edu/mvzdata_terms; https://creativecommons.org/licenses/by/3.0,United States,Nevada,Baker Creek,21-Jun-29,38.96917,-114.28,female,,Tamias,Rodentia,Sciuridae,8675,8675,Tamias umbrinus
http://mvz.berkeley.edu/mvzdata_terms; https://creativecommons.org/licenses/by/3.0,United States,Nevada,Baker Creek,21-Jun-29,38.96917,-114.28,male,,Tamias,Rodentia,Sciuridae,8675,8675,Tamias umbrinus
http://mvz.berkeley.edu/mvzdata_terms; https://creativecommons.org/licenses/by/3.0,United States,Nevada,Baker Creek,25-Jun-29,38.96917,-114.28,male,,Tamias,Rodentia,Sciuridae,8000,8000,Tamias umbrinus
http://mvz.berkeley.edu/mvzdata_terms; https://creativecommons.org/licenses/by/3.0,United States,Nevada,Baker Creek,25-Jun-29,38.96917,-114.28,female,,Tamias,Rodentia,Sciuridae,8000,8000,Tamias umbrinus
http://mvz.berkeley.edu/mvzdata_terms; https://creativecommons.org/licenses/by/3.0,United States,Nevada,Baker Creek,25-Jun-29,38.96917,-114.28,female,,Tamias,Rodentia,Sciuridae,8000,8000,Tamias umbrinus
http://mvz.berkeley.edu/mvzdata_terms; https://creativecommons.org/licenses/by/3.0,United States,Nevada,Baker Creek,26-Jun-29,38.96917,-114.28,female,,Tamias,Rodentia,Sciuridae,8300,8300,Tamias umbrinus
http://mvz.berkeley.edu/mvzdata_terms; https://creativecommons.org/licenses/by/3.0,United States,Nevada,Baker Creek,26-Jun-29,38.96917,-114.28,female,,Tamias,Rodentia,Sciuridae,8300,8300,Tamias umbrinus
http://mvz.berkeley.edu/mvzdata_terms; https://creativecommons.org/licenses/by/3.0,United States,Nevada,Baker Creek,26-Jun-29,38.96917,-114.28,female,,Tamias,Rodentia,Sciuridae,8300,8300,Tamias umbrinus
http://mvz.berkeley.edu/mvzdata_terms; https://creativecommons.org/licenses/by/3.0,United States,Nevada,Baker Creek,26-Jun-29,38.96917,-114.28,male,,Tamias,Rodentia,Sciuridae,8300,8300,Tamias umbrinus
http://mvz.berkeley.edu/mvzdata_terms; https://creativecommons.org/licenses/by/3.0,United States,Nevada,"0.5 mi E Stella Lake, Snake Mts.",6-Jul-29,39.005,-114.30738,male,,Tamias,Rodentia,Sciuridae,10400,10400,Tamias umbrinus
http://mvz.berkeley.edu/mvzdata_terms; https://creativecommons.org/licenses/by/3.0,United States,Nevada,"0.5 mi E Stella Lake, Snake Mts.",7-Jul-29,39.005,-114.30738,female,,Tamias,Rodentia,Sciuridae,10500,10500,Tamias umbrinus
http://mvz.berkeley.edu/mvzdata_terms; https://creativecommons.org/licenses/by/3.0,United States,Nevada,"0.5 mi E Stella Lake, Snake Mts.",8-Jul-29,39.005,-114.30738,male,,Tamias,Rodentia,Sciuridae,10400,10400,Tamias umbrinus
http://mvz.berkeley.edu/mvzdata_terms; https://creativecommons.org/licenses/by/3.0,United States,Nevada,"0.5 mi E Stella Lake, Snake Mts.",8-Jul-29,39.005,-114.30738,male,,Tamias,Rodentia,Sciuridae,10400,10400,Tamias umbrinus
http://mvz.berkeley.edu/mvzdata_terms; https://creativecommons.org/licenses/by/3.0,United States,Nevada,"Teresa Lake, Snake Mts.",8-Jul-29,39.00306,-114.31056,male,,Tamias,Rodentia,Sciuridae,10500,10500,Tamias umbrinus
http://mvz.berkeley.edu/mvzdata_terms; https://creativecommons.org/licenses/by/3.0,United States,Nevada,"0.5 mi W Stella Lake, Snake Mts.",8-Jul-29,39.005,-114.32596,female,,Tamias,Rodentia,Sciuridae,10500,10500,Tamias umbrinus
http://mvz.berkeley.edu/mvzdata_terms; https://creativecommons.org/licenses/by/3.0,United States,Nevada,"0.5 mi W Stella Lake, Snake Mts.",8-Jul-29,39.005,-114.32596,male,,Tamias,Rodentia,Sciuridae,10500,10500,Tamias umbrinus
http://mvz.berkeley.edu/mvzdata_terms; https://creativecommons.org/licenses/by/3.0,United States,Nevada,Wisconsin Creek,21-May-30,38.95,-117.22,female,,Tamias,Rodentia,Sciuridae,7800,7800,Tamias umbrinus
http://mvz.berkeley.edu/mvzdata_terms; https://creativecommons.org/licenses/by/3.0,United States,Nevada,Wisconsin Creek,22-May-30,38.95,-117.22,female,,Tamias,Rodentia,Sciuridae,7800,7800,Tamias umbrinus
http://mvz.berkeley.edu/mvzdata_terms; https://creativecommons.org/licenses/by/3.0,United States,Nevada,Ridge S of Wisconsin Creek,25-May-30,38.94861,-117.22056,female,,Tamias,Rodentia,Sciuridae,8000,8400,Tamias umbrinus
http://mvz.berkeley.edu/mvzdata_terms; https://creativecommons.org/licenses/by/3.0,United States,Nevada,Ridge S of Wisconsin Creek,25-May-30,38.94861,-117.22056,male,,Tamias,Rodentia,Sciuridae,8000,8400,Tamias umbrinus
http://mvz.berkeley.edu/mvzdata_terms; https://creativecommons.org/licenses/by/3.0,United States,Nevada,Ridge S of Wisconsin Creek,25-May-30,38.94861,-117.22056,female,,Tamias,Rodentia,Sciuridae,8000,8400,Tamias umbrinus
http://mvz.berkeley.edu/mvzdata_terms; https://creativecommons.org/licenses/by/3.0,United States,Nevada,Ridge S of Wisconsin Creek,25-May-30,38.94861,-117.22056,female,,Tamias,Rodentia,Sciuridae,8000,8400,Tamias umbrinus
http://mvz.berkeley.edu/mvzdata_terms; https://creativecommons.org/licenses/by/3.0,United States,Nevada,Ridge S of Wisconsin Creek,26-May-30,38.94861,-117.22056,female,,Tamias,Rodentia,Sciuridae,8000,8400,Tamias umbrinus
http://mvz.berkeley.edu/mvzdata_terms; https://creativecommons.org/licenses/by/3.0,United States,Nevada,Wisconsin Creek,26-May-30,38.95,-117.22,female,,Tamias,Rodentia,Sciuridae,7800,7800,Tamias umbrinus
http://mvz.berkeley.edu/mvzdata_terms; https://creativecommons.org/licenses/by/3.0,United States,Nevada,Kingston Ranger Station,4-Jun-30,39.25556,-117.1625,male,,Tamias,Rodentia,Sciuridae,7500,7500,Tamias umbrinus
http://mvz.berkeley.edu/mvzdata_terms; https://creativecommons.org/licenses/by/3.0,United States,Nevada,Kingston Ranger Station,4-Jun-30,39.25556,-117.1625,female,,Tamias,Rodentia,Sciuridae,7500,7500,Tamias umbrinus
http://mvz.berkeley.edu/mvzdata_terms; https://creativecommons.org/licenses/by/3.0,United States,Nevada,Kingston Ranger Station,5-Jun-30,39.25556,-117.1625,male,,Tamias,Rodentia,Sciuridae,7500,7500,Tamias umbrinus
http://mvz.berkeley.edu/mvzdata_terms; https://creativecommons.org/licenses/by/3.0,United States,Nevada,Kingston Ranger Station,13-Jun-30,39.25556,-117.1625,female,,Tamias,Rodentia,Sciuridae,7500,7500,Tamias umbrinus
http://mvz.berkeley.edu/mvzdata_terms; https://creativecommons.org/licenses/by/3.0,United States,Nevada,Kingston Creek,19-Jun-30,39.23861,-116.98667,female,,Tamias,Rodentia,Sciuridae,7100,7100,Tamias umbrinus
http://mvz.berkeley.edu/mvzdata_terms; https://creativecommons.org/licenses/by/3.0,United States,Nevada,Kingston Creek,19-Jun-30,39.23861,-116.98667,male,,Tamias,Rodentia,Sciuridae,7100,7100,Tamias umbrinus
http://mvz.berkeley.edu/mvzdata_terms; https://creativecommons.org/licenses/by/3.0,United States,Nevada,"Cleve Creek, Shell Creek Range",3-Aug-30,39.23333,-114.47222,male,,Tamias,Rodentia,Sciuridae,8300,8300,Tamias umbrinus
http://mvz.berkeley.edu/mvzdata_terms; https://creativecommons.org/licenses/by/3.0,United States,Nevada,"Cleve Creek, Shell Creek Range",7-Aug-30,39.23333,-114.47222,female,,Tamias,Rodentia,Sciuridae,8200,8200,Tamias umbrinus
http://mvz.berkeley.edu/mvzdata_terms; https://creativecommons.org/licenses/by/3.0,United States,Nevada,"Cleve Creek, Shell Creek Range",7-Aug-30,39.23333,-114.47222,female,,Tamias,Rodentia,Sciuridae,8200,8200,Tamias umbrinus
http://mvz.berkeley.edu/mvzdata_terms; https://creativecommons.org/licenses/by/3.0,United States,Nevada,3 mi W Hamilton,19-Aug-30,39.25306,-115.54149,male,,Tamias,Rodentia,Sciuridae,8100,8100,Tamias umbrinus
http://mvz.berkeley.edu/mvzdata_terms; https://creativecommons.org/licenses/by/3.0,United States,Nevada,3 mi W Hamilton,22-Aug-30,39.25306,-115.54149,male,,Tamias,Rodentia,Sciuridae,8600,8600,Tamias umbrinus
http://mvz.berkeley.edu/mvzdata_terms; https://creativecommons.org/licenses/by/3.0,United States,Nevada,2.5 mi SW Hamilton,24-Aug-30,39.23256,-115.51193,male,,Tamias,Rodentia,Sciuridae,7600,7600,Tamias umbrinus
http://mvz.berkeley.edu/mvzdata_terms; https://creativecommons.org/licenses/by/3.0,United States,Nevada,"Halstead Creek, 1 mi W Illipah",28-Jul-30,39.3575,-115.34978,male,,Tamias,Rodentia,Sciuridae,6200,6200,Tamias umbrinus
http://mvz.berkeley.edu/mvzdata_terms; https://creativecommons.org/licenses/by/3.0,United States,Nevada,Cherry Creek,10-Sep-30,39.90056,-114.885,female,,Tamias,Rodentia,Sciuridae,6800,6800,Tamias umbrinus
http://mvz.berkeley.edu/mvzdata_terms; https://creativecommons.org/licenses/by/3.0,United States,Nevada,"W side Ruby Valley, 3 mi N County line",22-Jul-27,40.17,-115.51,female,,Tamias,Rodentia,Sciuridae,,,Tamias umbrinus
http://mvz.berkeley.edu/mvzdata_terms; https://creativecommons.org/licenses/by/3.0,United States,Nevada,"2.5 mi NE Silverbow, Kawich Mts.",21-Apr-31,37.90623,-116.45877,male,,Tamias,Rodentia,Sciuridae,7000,7000,Tamias umbrinus
http://mvz.berkeley.edu/mvzdata_terms; https://creativecommons.org/licenses/by/3.0,United States,Nevada,"2.8 mi E Silverbow, Kawich Mts.",21-Apr-31,37.8806,-116.43989,female,,Tamias,Rodentia,Sciuridae,7300,7300,Tamias umbrinus
http://mvz.berkeley.edu/mvzdata_terms; https://creativecommons.org/licenses/by/3.0,United States,Nevada,"2.8 mi E Silverbow, Kawich Mts.",21-Apr-31,37.8806,-116.43989,female,,Tamias,Rodentia,Sciuridae,7300,7300,Tamias umbrinus
http://mvz.berkeley.edu/mvzdata_terms; https://creativecommons.org/licenses/by/3.0,United States,Nevada,"2.8 mi E Silverbow, Kawich Mts.",22-Apr-31,37.8806,-116.43989,female,,Tamias,Rodentia,Sciuridae,7300,7300,Tamias umbrinus
http://mvz.berkeley.edu/mvzdata_terms; https://creativecommons.org/licenses/by/3.0,United States,Nevada,Irish Mt. [E slope],10-Jun-31,37.64417,-115.40083,male,,Tamias,Rodentia,Sciuridae,7700,7700,Tamias umbrinus
http://mvz.berkeley.edu/mvzdata_terms; https://creativecommons.org/licenses/by/3.0,United States,Nevada,Irish Mt. [N slope],11-Jun-31,37.64417,-115.40083,female,,Tamias,Rodentia,Sciuridae,8000,8000,Tamias umbrinus
http://mvz.berkeley.edu/mvzdata_terms; https://creativecommons.org/licenses/by/3.0,United States,Nevada,Irish Mt. [N slope],11-Jun-31,37.64417,-115.40083,male,,Tamias,Rodentia,Sciuridae,8300,8300,Tamias umbrinus
http://mvz.berkeley.edu/mvzdata_terms; https://creativecommons.org/licenses/by/3.0,United States,Nevada,Irish Mt. [E slope],11-Jun-31,37.64417,-115.40083,female,,Tamias,Rodentia,Sciuridae,7800,7800,Tamias umbrinus
http://mvz.berkeley.edu/mvzdata_terms; https://creativecommons.org/licenses/by/3.0,United States,Nevada,Irish Mt. [E slope],11-Jun-31,37.64417,-115.40083,male,,Tamias,Rodentia,Sciuridae,8200,8200,Tamias umbrinus
http://mvz.berkeley.edu/mvzdata_terms; https://creativecommons.org/licenses/by/3.0,United States,Nevada,Irish Mt. [E slope],11-Jun-31,37.64417,-115.40083,female,,Tamias,Rodentia,Sciuridae,8250,8250,Tamias umbrinus
http://mvz.berkeley.edu/mvzdata_terms; https://creativecommons.org/licenses/by/3.0,United States,Nevada,Irish Mt. [E slope],11-Jun-31,37.64417,-115.40083,female,,Tamias,Rodentia,Sciuridae,8250,8250,Tamias umbrinus
http://mvz.berkeley.edu/mvzdata_terms; https://creativecommons.org/licenses/by/3.0,United States,Nevada,Irish Mt. [E slope],12-Jun-31,37.64417,-115.40083,female,,Tamias,Rodentia,Sciuridae,8250,8250,Tamias umbrinus
http://mvz.berkeley.edu/mvzdata_terms; https://creativecommons.org/licenses/by/3.0,United States,Nevada,Irish Mt. [N slope],11-Jun-31,37.64417,-115.40083,female,,Tamias,Rodentia,Sciuridae,8200,8200,Tamias umbrinus
http://mvz.berkeley.edu/mvzdata_terms; https://creativecommons.org/licenses/by/3.0,United States,Nevada,Irish Mt. [N slope],12-Jun-31,37.64417,-115.40083,male,,Tamias,Rodentia,Sciuridae,8250,8250,Tamias umbrinus
http://mvz.berkeley.edu/mvzdata_terms; https://creativecommons.org/licenses/by/3.0,United States,Nevada,Irish Mt. [N slope],12-Jun-31,37.64417,-115.40083,female,,Tamias,Rodentia,Sciuridae,8250,8250,Tamias umbrinus
http://mvz.berkeley.edu/mvzdata_terms; https://creativecommons.org/licenses/by/3.0,United States,Nevada,Irish Mt. [N slope],12-Jun-31,37.64417,-115.40083,male,,Tamias,Rodentia,Sciuridae,8250,8250,Tamias umbrinus
http://mvz.berkeley.edu/mvzdata_terms; https://creativecommons.org/licenses/by/3.0,United States,Nevada,Irish Mt. [N slope],12-Jun-31,37.64417,-115.40083,female,,Tamias,Rodentia,Sciuridae,8000,8000,Tamias umbrinus
http://mvz.berkeley.edu/mvzdata_terms; https://creativecommons.org/licenses/by/3.0,United States,Nevada,"Eagle Valley, 3.5 mi N Ursine",25-Jun-31,38.03547,-114.21444,male,,Tamias,Rodentia,Sciuridae,,,Tamias umbrinus
http://mvz.berkeley.edu/mvzdata_terms; https://creativecommons.org/licenses/by/3.0,United States,Nevada,"Water Canyon, 10 mi N Lund",13-Jun-32,39.00164,-115.00694,male,,Tamias,Rodentia,Sciuridae,,,Tamias umbrinus
http://mvz.berkeley.edu/mvzdata_terms; https://creativecommons.org/licenses/by/3.0,United States,Nevada,"Hidden Forest, W slope Sheep Mts.",7-Jul-29,36.63,-115.28361,male,,Tamias,Rodentia,Sciuridae,8500,8500,Tamias umbrinus
http://mvz.berkeley.edu/mvzdata_terms; https://creativecommons.org/licenses/by/3.0,United States,Nevada,"Hidden Forest, W slope Sheep Mts.",9-Jul-29,36.63,-115.28361,female,,Tamias,Rodentia,Sciuridae,8500,8500,Tamias umbrinus
http://mvz.berkeley.edu/mvzdata_terms; https://creativecommons.org/licenses/by/3.0,United States,Nevada,"Toquima Range, 1.25 mi E Mt. Jefferson",3-Jul-33,38.78833,-116.90852,male,,Tamias,Rodentia,Sciuridae,7650,7650,Tamias umbrinus
http://mvz.berkeley.edu/mvzdata_terms; https://creativecommons.org/licenses/by/3.0,United States,Nevada,"Toquima Range, 1.5 mi E Mt. Jefferson",30-Jun-33,38.78833,-116.90389,male,,Tamias,Rodentia,Sciuridae,7700,7700,Tamias umbrinus
http://mvz.berkeley.edu/mvzdata_terms; https://creativecommons.org/licenses/by/3.0,United States,Nevada,"Toquima Range, 1.5 mi SE Mt. Jefferson",1-Jul-33,38.77295,-116.91202,male,,Tamias,Rodentia,Sciuridae,7800,7800,Tamias umbrinus
http://mvz.berkeley.edu/mvzdata_terms; https://creativecommons.org/licenses/by/3.0,United States,Nevada,"Toquima Range, 1 mi E Jefferson",30-Jun-33,38.71333,-116.96317,female,,Tamias,Rodentia,Sciuridae,7600,7600,Tamias umbrinus
http://mvz.berkeley.edu/mvzdata_terms; https://creativecommons.org/licenses/by/3.0,United States,Nevada,"Toquima Range, S slope Mt. Jefferson",1-Jul-33,38.78833,-116.93167,male,,Tamias,Rodentia,Sciuridae,9300,9300,Tamias umbrinus
http://mvz.berkeley.edu/mvzdata_terms; https://creativecommons.org/licenses/by/3.0,United States,Nevada,"Toquima Range, 1.5 mi SE Mt. Jefferson",1-Jul-33,38.77295,-116.91202,female,,Tamias,Rodentia,Sciuridae,7800,7800,Tamias umbrinus
http://mvz.berkeley.edu/mvzdata_terms; https://creativecommons.org/licenses/by/3.0,United States,Nevada,"Toquima Range, N slope Toquima Mt.",2-Jul-33,,,male,,Tamias,Rodentia,Sciuridae,9400,9400,Tamias umbrinus
http://mvz.berkeley.edu/mvzdata_terms; https://creativecommons.org/licenses/by/3.0,United States,Nevada,"Monitor Valley, 9 mi E Toquima Valley",7-Jul-33,,,male,,Tamias,Rodentia,Sciuridae,7000,7000,Tamias umbrinus
http://mvz.berkeley.edu/mvzdata_terms; https://creativecommons.org/licenses/by/3.0,United States,Nevada,"Monitor Valley, 8 mi E Toquima Mt.",8-Jul-33,,,female,,Tamias,Rodentia,Sciuridae,7000,7000,Tamias umbrinus
http://mvz.berkeley.edu/mvzdata_terms; https://creativecommons.org/licenses/by/3.0,United States,Nevada,"Monitor Valley, 8 mi E Toquima Mt.",8-Jul-33,,,female,,Tamias,Rodentia,Sciuridae,7000,7000,Tamias umbrinus
http://mvz.berkeley.edu/mvzdata_terms; https://creativecommons.org/licenses/by/3.0,United States,Nevada,"Hot Creek Range, 8 mi W Tybo",10-Jul-33,38.37,-116.5476,male,,Tamias,Rodentia,Sciuridae,6700,6700,Tamias umbrinus
http://mvz.berkeley.edu/mvzdata_terms; https://creativecommons.org/licenses/by/3.0,United States,Nevada,"Hot Creek Range, 8 mi W Tybo",10-Jul-33,38.37,-116.5476,female,,Tamias,Rodentia,Sciuridae,6900,6900,Tamias umbrinus
http://mvz.berkeley.edu/mvzdata_terms; https://creativecommons.org/licenses/by/3.0,United States,Nevada,"Hot Creek Range, 8 mi W Tybo",10-Jul-33,38.37,-116.5476,female,,Tamias,Rodentia,Sciuridae,6700,6700,Tamias umbrinus
http://mvz.berkeley.edu/mvzdata_terms; https://creativecommons.org/licenses/by/3.0,United States,Nevada,"Monitor Range, Greenmonster Canyon",14-Jul-33,38.73167,-116.47028,female,,Tamias,Rodentia,Sciuridae,7500,7500,Tamias umbrinus
http://mvz.berkeley.edu/mvzdata_terms; https://creativecommons.org/licenses/by/3.0,United States,Nevada,"Monitor Range, Greenmonster Canyon",14-Jul-33,38.73167,-116.47028,female,,Tamias,Rodentia,Sciuridae,7500,7500,Tamias umbrinus
http://mvz.berkeley.edu/mvzdata_terms; https://creativecommons.org/licenses/by/3.0,United States,Nevada,"Monitor Range, Greenmonster Canyon",14-Jul-33,38.73167,-116.47028,male,,Tamias,Rodentia,Sciuridae,7500,7500,Tamias umbrinus
http://mvz.berkeley.edu/mvzdata_terms; https://creativecommons.org/licenses/by/3.0,United States,Nevada,"Quinn Canyon Mts., Burned Corral Canyon",27-Jul-33,38.05188,-115.78011,female,,Tamias,Rodentia,Sciuridae,6700,7000,Tamias umbrinus
http://mvz.berkeley.edu/mvzdata_terms; https://creativecommons.org/licenses/by/3.0,United States,Nevada,"Quinn Canyon Mts., Burned Corral Canyon",28-Jul-33,,,male,,Tamias,Rodentia,Sciuridae,7700,7700,Tamias umbrinus
http://mvz.berkeley.edu/mvzdata_terms; https://creativecommons.org/licenses/by/3.0,United States,Nevada,"Quinn Canyon Mts., 6 mi E Nyala",27-Jul-33,38.24889,-115.61747,female,,Tamias,Rodentia,Sciuridae,8000,8000,Tamias umbrinus
http://mvz.berkeley.edu/mvzdata_terms; https://creativecommons.org/licenses/by/3.0,United States,Nevada,"Quinn Canyon Mts., 7 mi E Nyala",30-Jul-33,38.24889,-115.59909,female,,Tamias,Rodentia,Sciuridae,7000,7000,Tamias umbrinus
http://mvz.berkeley.edu/mvzdata_terms; https://creativecommons.org/licenses/by/3.0,United States,Nevada,"Quinn Canyon Mts., 7 mi E Nyala",30-Jul-33,38.24889,-115.59909,male,,Tamias,Rodentia,Sciuridae,7000,7000,Tamias umbrinus
http://mvz.berkeley.edu/mvzdata_terms; https://creativecommons.org/licenses/by/3.0,United States,Nevada,"Quinn Canyon Mts., 7 mi E Nyala",30-Jul-33,38.24889,-115.59909,male,,Tamias,Rodentia,Sciuridae,7000,7000,Tamias umbrinus
http://mvz.berkeley.edu/mvzdata_terms; https://creativecommons.org/licenses/by/3.0,United States,Nevada,1 mi W Utah-Nevada boundary,7-Aug-33,,,female,,Tamias,Rodentia,Sciuridae,7700,7700,Tamias umbrinus
http://mvz.berkeley.edu/mvzdata_terms; https://creativecommons.org/licenses/by/3.0,United States,Nevada,1 mi W Utah-Nevada boundary,7-Aug-33,,,female,,Tamias,Rodentia,Sciuridae,7700,7700,Tamias umbrinus
http://mvz.berkeley.edu/mvzdata_terms; https://creativecommons.org/licenses/by/3.0,United States,Nevada,1 mi W Utah-Nevada boundary,7-Aug-33,,,female,,Tamias,Rodentia,Sciuridae,7700,7700,Tamias umbrinus
http://mvz.berkeley.edu/mvzdata_terms; https://creativecommons.org/licenses/by/3.0,United States,Nevada,0.25 mi W Utah-Nevada boundary,17-Aug-33,,,male,,Tamias,Rodentia,Sciuridae,7300,7300,Tamias umbrinus
http://mvz.berkeley.edu/mvzdata_terms; https://creativecommons.org/licenses/by/3.0,United States,Nevada,0.25 mi W Utah-Nevada boundary,17-Aug-33,,,male,,Tamias,Rodentia,Sciuridae,7300,7300,Tamias umbrinus
http://mvz.berkeley.edu/mvzdata_terms; https://creativecommons.org/licenses/by/3.0,United States,Nevada,0.25 mi W Utah-Nevada boundary,17-Aug-33,,,male,,Tamias,Rodentia,Sciuridae,7300,7300,Tamias umbrinus
http://mvz.berkeley.edu/mvzdata_terms; https://creativecommons.org/licenses/by/3.0,United States,Nevada,0.25 mi W Utah-Nevada boundary,17-Aug-33,,,male,,Tamias,Rodentia,Sciuridae,7300,7300,Tamias umbrinus
http://mvz.berkeley.edu/mvzdata_terms; https://creativecommons.org/licenses/by/3.0,United States,Nevada,Smiths Creek,21-Jul-34,39.34111,-117.50028,female,,Tamias,Rodentia,Sciuridae,7100,7100,Tamias panamintinus
http://mvz.berkeley.edu/mvzdata_terms; https://creativecommons.org/licenses/by/3.0,United States,Nevada,Smiths Creek,21-Jul-34,39.34111,-117.50028,male,,Tamias,Rodentia,Sciuridae,7100,7100,Tamias panamintinus
http://mvz.berkeley.edu/mvzdata_terms; https://creativecommons.org/licenses/by/3.0,United States,Nevada,"Peterson Creek, Shoshone Mts.",27-Jul-34,39.23639,-117.52556,male,,Tamias,Rodentia,Sciuridae,7000,7000,Tamias umbrinus
http://mvz.berkeley.edu/mvzdata_terms; https://creativecommons.org/licenses/by/3.0,United States,Nevada,"Peterson Creek, Shoshone Mts.",29-Jul-34,39.23639,-117.52556,female,,Tamias,Rodentia,Sciuridae,7600,7600,Tamias umbrinus
http://mvz.berkeley.edu/mvzdata_terms; https://creativecommons.org/licenses/by/3.0,United States,Nevada,"Peterson Creek, Shoshone Mts.",28-Jul-34,39.23639,-117.52556,female,,Tamias,Rodentia,Sciuridae,6500,6500,Tamias umbrinus
http://mvz.berkeley.edu/mvzdata_terms; https://creativecommons.org/licenses/by/3.0,United States,Nevada,"Dinay Creek, 4 mi S Tonkin, Roberts Mts.",13-Jun-36,39.88119,-116.41056,female,,Tamias,Rodentia,Sciuridae,,,Tamias umbrinus
http://mvz.berkeley.edu/mvzdata_terms; https://creativecommons.org/licenses/by/3.0,United States,Nevada,"Deadman Creek, Mt. Moriah",27-Jun-37,39.33083,-114.13306,female,,Tamias,Rodentia,Sciuridae,9100,9100,Tamias umbrinus
http://mvz.berkeley.edu/mvzdata_terms; https://creativecommons.org/licenses/by/3.0,United States,Nevada,"Deadman Creek, Mt. Moriah",27-Jun-37,39.33083,-114.13306,male,,Tamias,Rodentia,Sciuridae,9100,9100,Tamias umbrinus
http://mvz.berkeley.edu/mvzdata_terms; https://creativecommons.org/licenses/by/3.0,United States,Nevada,"Deadman Creek, Mt. Moriah",27-Jun-37,39.33083,-114.13306,female,,Tamias,Rodentia,Sciuridae,8200,8200,Tamias umbrinus
http://mvz.berkeley.edu/mvzdata_terms; https://creativecommons.org/licenses/by/3.0,United States,Nevada,1 mi E Mt. Moriah,13-Jun-37,39.27333,-114.17691,female,,Tamias,Rodentia,Sciuridae,10400,10400,Tamias umbrinus
http://mvz.berkeley.edu/mvzdata_terms; https://creativecommons.org/licenses/by/3.0,United States,Nevada,"Henory Creek, Mt. Moriah",15-Jun-37,39.21944,-114.00278,female,,Tamias,Rodentia,Sciuridae,9800,9800,Tamias umbrinus
http://mvz.berkeley.edu/mvzdata_terms; https://creativecommons.org/licenses/by/3.0,United States,Nevada,"Henory Creek, Mt. Moriah",17-Jun-37,39.21944,-114.00278,female,,Tamias,Rodentia,Sciuridae,9800,9800,Tamias umbrinus
http://mvz.berkeley.edu/mvzdata_terms; https://creativecommons.org/licenses/by/3.0,United States,Nevada,"Henory Creek, 1.5 mi E Mt. Moriah",22-Jun-37,39.23,-114.15,male,,Tamias,Rodentia,Sciuridae,9400,9400,Tamias umbrinus
http://mvz.berkeley.edu/mvzdata_terms; https://creativecommons.org/licenses/by/3.0,United States,Nevada,"Henory Creek, 1.5 mi E Mt. Moriah",14-Jun-37,39.23,-114.15,female,,Tamias,Rodentia,Sciuridae,9100,9100,Tamias umbrinus
http://mvz.berkeley.edu/mvzdata_terms; https://creativecommons.org/licenses/by/3.0,United States,Nevada,"Henory Creek, 1.5 mi E Mt. Moriah",15-Jun-37,39.23,-114.15,male,,Tamias,Rodentia,Sciuridae,9100,9100,Tamias umbrinus
http://mvz.berkeley.edu/mvzdata_terms; https://creativecommons.org/licenses/by/3.0,United States,Nevada,"Henory Creek, 1.5 mi E Mt. Moriah",16-Jun-37,39.23,-114.15,female,,Tamias,Rodentia,Sciuridae,9100,9100,Tamias umbrinus
http://mvz.berkeley.edu/mvzdata_terms; https://creativecommons.org/licenses/by/3.0,United States,Nevada,"Henory Creek, 1.5 mi E Mt. Moriah",16-Jun-37,39.23,-114.15,female,,Tamias,Rodentia,Sciuridae,9100,9100,Tamias umbrinus
http://mvz.berkeley.edu/mvzdata_terms; https://creativecommons.org/licenses/by/3.0,United States,Nevada,"Henory Creek, 1.5 mi E Mt. Moriah",19-Jun-37,39.23,-114.15,female,,Tamias,Rodentia,Sciuridae,9100,9100,Tamias umbrinus
http://mvz.berkeley.edu/mvzdata_terms; https://creativecommons.org/licenses/by/3.0,United States,Nevada,"Henory Creek, 2.5 mi E Mt. Moriah",21-Jun-37,39.23,-114.13,male,,Tamias,Rodentia,Sciuridae,8000,8000,Tamias umbrinus
http://mvz.berkeley.edu/mvzdata_terms; https://creativecommons.org/licenses/by/3.0,United States,Nevada,"Stella Lake, Snake Mts.",8-Aug-38,39.005,-114.31667,female,,Tamias,Rodentia,Sciuridae,10500,10500,Tamias umbrinus
http://mvz.berkeley.edu/mvzdata_terms; https://creativecommons.org/licenses/by/3.0,United States,Nevada,"Stella Lake, Snake Mts.",10-Aug-38,39.005,-114.31667,male,,Tamias,Rodentia,Sciuridae,10500,10500,Tamias umbrinus
http://mvz.berkeley.edu/mvzdata_terms; https://creativecommons.org/licenses/by/3.0,United States,Nevada,"Stella Lake, Snake Mts.",10-Aug-38,39.005,-114.31667,male,,Tamias,Rodentia,Sciuridae,10500,10500,Tamias umbrinus
http://mvz.berkeley.edu/mvzdata_terms; https://creativecommons.org/licenses/by/3.0,United States,Nevada,"Stella Lake, Snake Mts.",10-Aug-38,39.005,-114.31667,female,,Tamias,Rodentia,Sciuridae,10500,10500,Tamias umbrinus
http://mvz.berkeley.edu/mvzdata_terms; https://creativecommons.org/licenses/by/3.0,United States,Nevada,"Stella Lake, Snake Mts.",10-Aug-38,39.005,-114.31667,female,,Tamias,Rodentia,Sciuridae,10500,10500,Tamias umbrinus
http://mvz.berkeley.edu/mvzdata_terms; https://creativecommons.org/licenses/by/3.0,United States,Nevada,"Stella Lake, Snake Mts.",10-Aug-38,39.005,-114.31667,female,,Tamias,Rodentia,Sciuridae,10500,10500,Tamias umbrinus
http://mvz.berkeley.edu/mvzdata_terms; https://creativecommons.org/licenses/by/3.0,United States,Nevada,"Wilson Peak, Wilson Creek Mts.",25-May-37,38.25,-114.39333,male,,Tamias,Rodentia,Sciuridae,7500,7500,Tamias umbrinus
http://mvz.berkeley.edu/mvzdata_terms; https://creativecommons.org/licenses/by/3.0,United States,Nevada,"Wilson Peak, Wilson Creek Mts.",25-May-37,38.25,-114.39333,female,,Tamias,Rodentia,Sciuridae,7500,7500,Tamias umbrinus
http://mvz.berkeley.edu/mvzdata_terms; https://creativecommons.org/licenses/by/3.0,United States,Nevada,"Wilson Peak, Wilson Creek Mts.",26-May-37,38.25,-114.39333,female,,Tamias,Rodentia,Sciuridae,7500,7500,Tamias umbrinus
http://mvz.berkeley.edu/mvzdata_terms; https://creativecommons.org/licenses/by/3.0,United States,Nevada,"Wilson Peak, Wilson Creek Mts.",26-May-37,38.25,-114.39333,female,,Tamias,Rodentia,Sciuridae,7500,7500,Tamias umbrinus
http://mvz.berkeley.edu/mvzdata_terms; https://creativecommons.org/licenses/by/3.0,United States,Nevada,"Wilson Peak, Wilson Creek Mts.",26-May-37,38.25,-114.39333,female,,Tamias,Rodentia,Sciuridae,7500,7500,Tamias umbrinus
http://mvz.berkeley.edu/mvzdata_terms; https://creativecommons.org/licenses/by/3.0,United States,Nevada,"Wilson Peak, Wilson Creek Mts.",26-May-37,38.25,-114.39333,male,,Tamias,Rodentia,Sciuridae,7500,7500,Tamias umbrinus
http://mvz.berkeley.edu/mvzdata_terms; https://creativecommons.org/licenses/by/3.0,United States,Nevada,"Wilson Peak, Wilson Creek Mts.",26-May-37,38.25,-114.39333,female,,Tamias,Rodentia,Sciuridae,7000,7000,Tamias umbrinus
http://mvz.berkeley.edu/mvzdata_terms; https://creativecommons.org/licenses/by/3.0,United States,Nevada,Baker Creek,13-Aug-36,38.96917,-114.28,male,,Tamias,Rodentia,Sciuridae,11100,11100,Tamias umbrinus
http://mvz.berkeley.edu/mvzdata_terms; https://creativecommons.org/licenses/by/3.0,United States,Nevada,"Wilson Creek, Toquima Range",10-Oct-38,,,male,,Tamias,Rodentia,Sciuridae,7500,7500,Tamias umbrinus
http://mvz.berkeley.edu/mvzdata_terms; https://creativecommons.org/licenses/by/3.0,United States,Nevada,"Hidden Forest, Sheep Mts.",21-May-40,36.63,-115.28361,female,,Tamias,Rodentia,Sciuridae,7600,7700,Tamias umbrinus
http://mvz.berkeley.edu/mvzdata_terms; https://creativecommons.org/licenses/by/3.0,United States,Nevada,"Hidden Forest, Sheep Mts.",22-May-40,36.63,-115.28361,female,,Tamias,Rodentia,Sciuridae,7600,7700,Tamias umbrinus
http://mvz.berkeley.edu/mvzdata_terms; https://creativecommons.org/licenses/by/3.0,United States,Nevada,"Hidden Forest, Sheep Mts.",23-May-40,36.63,-115.28361,female,,Tamias,Rodentia,Sciuridae,7600,7700,Tamias umbrinus
http://mvz.berkeley.edu/mvzdata_terms; https://creativecommons.org/licenses/by/3.0,United States,Nevada,"Hidden Forest, Sheep Mts.",23-May-40,36.63,-115.28361,female,,Tamias,Rodentia,Sciuridae,7600,7700,Tamias umbrinus
http://mvz.berkeley.edu/mvzdata_terms; https://creativecommons.org/licenses/by/3.0,United States,Nevada,"Hidden Forest, Sheep Mts.",24-May-40,36.63,-115.28361,female,,Tamias,Rodentia,Sciuridae,7600,7700,Tamias umbrinus
http://mvz.berkeley.edu/mvzdata_terms; https://creativecommons.org/licenses/by/3.0,United States,Nevada,"Lamville Creek, Ruby Mts.",21-Jun-56,40.69167,-115.47333,male,,Tamias,Rodentia,Sciuridae,9300,9300,Tamias umbrinus
http://mvz.berkeley.edu/mvzdata_terms; https://creativecommons.org/licenses/by/3.0,United States,Nevada,"Lamville Creek, Ruby Mts.",21-Jun-56,40.69167,-115.47333,male,,Tamias,Rodentia,Sciuridae,9300,9300,Tamias umbrinus
http://mvz.berkeley.edu/mvzdata_terms; https://creativecommons.org/licenses/by/3.0,United States,Nevada,E slope Spruce Mt.,25-Jun-56,40.5525,-114.82083,male,,Tamias,Rodentia,Sciuridae,8400,8400,Tamias umbrinus
http://mvz.berkeley.edu/mvzdata_terms; https://creativecommons.org/licenses/by/3.0,United States,Nevada,E slope Spruce Mt.,25-Jun-56,40.5525,-114.82083,male,,Tamias,Rodentia,Sciuridae,8400,8400,Tamias umbrinus
http://mvz.berkeley.edu/mvzdata_terms; https://creativecommons.org/licenses/by/3.0,United States,Nevada,E slope Spruce Mt.,25-Jun-56,40.5525,-114.82083,male,,Tamias,Rodentia,Sciuridae,8400,8400,Tamias umbrinus
http://mvz.berkeley.edu/mvzdata_terms; https://creativecommons.org/licenses/by/3.0,United States,Nevada,"Thomas Creek, Ruby Mts.",20-Jun-56,40.65028,-115.40583,female,,Tamias,Rodentia,Sciuridae,7600,7600,Tamias umbrinus
http://mvz.berkeley.edu/mvzdata_terms; https://creativecommons.org/licenses/by/3.0,United States,Nevada,"Thomas Creek, Ruby Mts.",16-Jun-56,40.65028,-115.40583,female,,Tamias,Rodentia,Sciuridae,7700,7700,Tamias umbrinus
http://mvz.berkeley.edu/mvzdata_terms; https://creativecommons.org/licenses/by/3.0,United States,Nevada,"Hidden Forest Canyon, Sheep Range",9-Jun-63,36.63,-115.28361,female,,Tamias,Rodentia,Sciuridae,7500,7500,Tamias umbrinus
http://mvz.berkeley.edu/mvzdata_terms; https://creativecommons.org/licenses/by/3.0,United States,Nevada,"Hidden Forest Canyon, Sheep Range",11-Jun-63,36.63,-115.28361,female,,Tamias,Rodentia,Sciuridae,8600,8600,Tamias umbrinus
http://mvz.berkeley.edu/mvzdata_terms; https://creativecommons.org/licenses/by/3.0,United States,Nevada,"Hidden Forest, Sheep Mts.",29-Jun-64,36.63,-115.28361,male,,Tamias,Rodentia,Sciuridae,9200,9200,Tamias umbrinus
http://arctosdb.org/home/data/; https://creativecommons.org/licenses/by-nc/3.0,United States,Nevada,Humboldt-Toiyabe National Forest: Copper Mts. 2km N 2km E Bear Creek Summit,7/8/10,41.8355,-115.4335,male,,Tamias,Rodentia,Sciuridae,2458,2458,Tamias umbrinus
http://arctosdb.org/home/data/; https://creativecommons.org/licenses/by-nc/3.0,United States,Nevada,"Humboldt-Toiyabe National Forest, Schell Creek Range, Steptoe Creek, 1.5km S Success Summit",7/18/10,39.2375,-114.6892,female,,Tamias,Rodentia,Sciuridae,2510,2510,Tamias umbrinus
http://arctosdb.org/home/data/; https://creativecommons.org/licenses/by-nc/3.0,United States,Nevada,"Humboldt-Toiyabe National Forest, Schell Creek Range, Steptoe Creek, 1.5km S Success Summit",7/18/10,39.2375,-114.6892,male,,Tamias,Rodentia,Sciuridae,2510,2510,Tamias umbrinus
http://arctosdb.org/home/data/; https://creativecommons.org/licenses/by-nc/3.0,United States,Nevada,"Humbldt-Toiyabe National Forest, Schell Creek Range, Steptoe Creek, 1.5km S Success Summit",7/18/10,39.2375,-114.6892,male,subadult,Tamias,Rodentia,Sciuridae,2510,2510,Tamias umbrinus
http://arctosdb.org/home/data/; https://creativecommons.org/licenses/by-nc/3.0,United States,Nevada,"Ruby Mountains, Overland Pass",4-Aug-08,40.0254,-115.549,female,,Tamias,Rodentia,Sciuridae,2000,2000,Tamias umbrinus
http://arctosdb.org/home/data/; https://creativecommons.org/licenses/by-nc/3.0,United States,Nevada,"Cherry Creek Mountains, Lear Ranch, McDermid Creek, Corral Canyon",5-Aug-08,40.1755,-114.8556,female,,Tamias,Rodentia,Sciuridae,2024,2024,Tamias umbrinus
http://arctosdb.org/home/data/; https://creativecommons.org/licenses/by-nc/3.0,United States,Nevada,"Ruby Mountains, Overland Pass",4-Aug-08,40.0254,-115.549,female,,Tamias,Rodentia,Sciuridae,2000,2000,Tamias umbrinus
http://arctosdb.org/home/data/; https://creativecommons.org/licenses/by-nc/3.0,United States,Nevada,"Ruby Mountains, Overland Pass",4-Aug-08,40.0254,-115.549,female,,Tamias,Rodentia,Sciuridae,2000,2000,Tamias umbrinus
http://arctosdb.org/home/data/; https://creativecommons.org/licenses/by-nc/3.0,United States,Nevada,"Cherry Creek Mountains, Lear Ranch, McDermid Creek, Corral Canyon",5-Aug-08,40.1755,-114.8556,female,,Tamias,Rodentia,Sciuridae,2024,2024,Tamias umbrinus
http://arctosdb.org/home/data/; https://creativecommons.org/licenses/by-nc/3.0,United States,Nevada,"Toquima Range, Northumberland Canyon, 3 miles S of Northumberland Pass (FR369)",3-Aug-08,38.9219,-116.8647,female,,Tamias,Rodentia,Sciuridae,2367,2367,Tamias umbrinus
http://arctosdb.org/home/data/; https://creativecommons.org/licenses/by-nc/3.0,United States,Nevada,"Ruby Mountains, Overland Pass",4-Aug-08,40.0254,-115.549,female,,Tamias,Rodentia,Sciuridae,2000,2000,Tamias umbrinus
http://arctosdb.org/home/data/; https://creativecommons.org/licenses/by-nc/3.0,United States,Nevada,"Ruby Mountains, Overland Pass",4-Aug-08,40.0254,-115.549,male,,Tamias,Rodentia,Sciuridae,2000,2000,Tamias umbrinus
http://arctosdb.org/home/data/; https://creativecommons.org/licenses/by-nc/3.0,United States,Nevada,"Cherry Creek Mountains, Lear Ranch, McDermid Creek, Corral Canyon",5-Aug-08,40.1755,-114.8556,male,,Tamias,Rodentia,Sciuridae,2024,2024,Tamias umbrinus
http://arctosdb.org/home/data/; https://creativecommons.org/licenses/by-nc/3.0,United States,Nevada,"Cherry Creek Mountains, Lear Ranch, McDermid Creek, Corral Canyon",5-Aug-08,40.1755,-114.8556,female,,Tamias,Rodentia,Sciuridae,2024,2024,Tamias umbrinus
http://arctosdb.org/home/data/; https://creativecommons.org/licenses/by-nc/3.0,United States,Nevada,"Cherry Creek Mountains, Lear Ranch, McDermid Creek, Corral Canyon",5-Aug-08,40.1755,-114.8556,female,,Tamias,Rodentia,Sciuridae,2024,2024,Tamias umbrinus
http://mvz.berkeley.edu/mvzdata_terms; https://creativecommons.org/licenses/by/3.0,United States,Nevada,"Lamoille Canyon, 1.4 k N, 0.4 km W Mt. Favre peak, Ruby Mts.",10-Jul-13,40.59728,-115.37918,male,,Tamias,Rodentia,Sciuridae,9212,9212,Tamias umbrinus
http://mvz.berkeley.edu/mvzdata_terms; https://creativecommons.org/licenses/by/3.0,United States,Nevada,"Lamoille Canyon, 1.4 k N, 0.4 km W Mt. Favre peak, Ruby Mts.",10-Jul-13,40.59728,-115.37918,female,,Tamias,Rodentia,Sciuridae,9212,9212,Tamias umbrinus
http://mvz.berkeley.edu/mvzdata_terms; https://creativecommons.org/licenses/by/3.0,United States,Nevada,"Lamoille Canyon, 1.4 k N, 0.4 km W Mt. Favre peak, Ruby Mts.",10-Jul-13,40.59728,-115.37918,female,,Tamias,Rodentia,Sciuridae,9212,9212,Tamias umbrinus
http://mvz.berkeley.edu/mvzdata_terms; https://creativecommons.org/licenses/by/3.0,United States,Nevada,"Lamoille Canyon, 1.4 k N, 0.4 km W Mt. Favre peak, Ruby Mts.",10-Jul-13,40.59728,-115.37918,male,,Tamias,Rodentia,Sciuridae,9212,9212,Tamias umbrinus
http://mvz.berkeley.edu/mvzdata_terms; https://creativecommons.org/licenses/by/3.0,United States,Nevada,"Lamoille Canyon, 1.4 k N, 0.4 km W Mt. Favre peak, Ruby Mts.",10-Jul-13,40.59728,-115.37918,male,,Tamias,Rodentia,Sciuridae,9212,9212,Tamias umbrinus
http://mvz.berkeley.edu/mvzdata_terms; https://creativecommons.org/licenses/by/3.0,United States,Nevada,"Lamoille Canyon, 1.4 k N, 0.4 km W Mt. Favre peak, Ruby Mts.",10-Jul-13,40.59728,-115.37918,male,,Tamias,Rodentia,Sciuridae,9212,9212,Tamias umbrinus
http://mvz.berkeley.edu/mvzdata_terms; https://creativecommons.org/licenses/by/3.0,United States,Nevada,"Lamoille Canyon, 1.4 k N, 0.4 km W Mt. Favre peak, Ruby Mts.",10-Jul-13,40.59728,-115.37918,male,,Tamias,Rodentia,Sciuridae,9212,9212,Tamias umbrinus
http://mvz.berkeley.edu/mvzdata_terms; https://creativecommons.org/licenses/by/3.0,United States,Nevada,"Lamoille Canyon, 1.4 k N, 0.4 km W Mt. Favre peak, Ruby Mts.",10-Jul-13,40.59728,-115.37918,female,,Tamias,Rodentia,Sciuridae,9212,9212,Tamias umbrinus
http://mvz.berkeley.edu/mvzdata_terms; https://creativecommons.org/licenses/by/3.0,United States,Nevada,"Lamoille Canyon, 1.4 k N, 0.4 km W Mt. Favre peak, Ruby Mts.",11-Jul-13,40.59728,-115.37918,male,,Tamias,Rodentia,Sciuridae,9212,9212,Tamias umbrinus
http://mvz.berkeley.edu/mvzdata_terms; https://creativecommons.org/licenses/by/3.0,United States,Nevada,"Lamoille Canyon, 1.4 k N, 0.4 km W Mt. Favre peak, Ruby Mts.",11-Jul-13,40.59728,-115.37918,female,,Tamias,Rodentia,Sciuridae,9212,9212,Tamias umbrinus
http://mvz.berkeley.edu/mvzdata_terms; https://creativecommons.org/licenses/by/3.0,United States,Nevada,"Lamoille Canyon, 1.4 k N, 0.4 km W Mt. Favre peak, Ruby Mts.",13-Jul-13,40.59728,-115.37918,male,,Tamias,Rodentia,Sciuridae,9212,9212,Tamias umbrinus
http://mvz.berkeley.edu/mvzdata_terms; https://creativecommons.org/licenses/by/3.0,United States,Nevada,"mouth of Thomas Canyon, Ruby Mts.",11-Jul-13,40.64835,-115.40357,male,,Tamias,Rodentia,Sciuridae,7600,7600,Tamias umbrinus
http://mvz.berkeley.edu/mvzdata_terms; https://creativecommons.org/licenses/by/3.0,United States,Nevada,"mouth of Thomas Canyon, Ruby Mts.",11-Jul-13,40.64835,-115.40357,male,,Tamias,Rodentia,Sciuridae,7600,7600,Tamias umbrinus
http://mvz.berkeley.edu/mvzdata_terms; https://creativecommons.org/licenses/by/3.0,United States,Nevada,"mouth of Thomas Canyon, Ruby Mts.",11-Jul-13,40.64835,-115.40357,male,,Tamias,Rodentia,Sciuridae,7600,7600,Tamias umbrinus
http://mvz.berkeley.edu/mvzdata_terms; https://creativecommons.org/licenses/by/3.0,United States,Nevada,"mouth of Thomas Canyon, Ruby Mts.",12-Jul-13,40.64835,-115.40357,male,,Tamias,Rodentia,Sciuridae,7600,7600,Tamias umbrinus
http://mvz.berkeley.edu/mvzdata_terms; https://creativecommons.org/licenses/by/3.0,United States,Nevada,"Carroll Summit, Desatoya Mts.",7-Jul-13,39.26762,-117.72606,female,,Tamias,Rodentia,Sciuridae,7500,7500,Tamias umbrinus
http://mvz.berkeley.edu/mvzdata_terms; https://creativecommons.org/licenses/by/3.0,United States,Nevada,"Lamoille Canyon, 1.4 k N, 0.4 km W Mt. Favre peak, Ruby Mts.",10-Jul-13,40.59728,-115.37918,female,,Tamias,Rodentia,Sciuridae,9212,9212,Tamias umbrinus
http://arctosdb.org/home/data/; https://creativecommons.org/licenses/by-nc/3.0,United States,Nevada,Lampille Canyon,9/3/00,40.691594,-115.474225,female,,Tamias,Rodentia,Sciuridae,8616,8616,Tamias umbrinus
http://arctosdb.org/home/data/; https://creativecommons.org/licenses/by-nc/3.0,United States,Nevada,"East Humboldt Range, Angel Lake",6/21/01,41.026438,-115.087029,female,,Tamias,Rodentia,Sciuridae,8500,8500,Tamias umbrinus
http://arctosdb.org/home/data/; https://creativecommons.org/licenses/by-nc/3.0,United States,Nevada,"East Humboldt Range, Angel Lake",6/21/01,41.026438,-115.087029,male,,Tamias,Rodentia,Sciuridae,8500,8500,Tamias umbrinus
http://arctosdb.org/home/data/; https://creativecommons.org/licenses/by-nc/3.0,United States,Nevada,"Mt. Irish, 9 mi. WNW Hiko",7/15/02,37.646746,-115.376356,female,,Tamias,Rodentia,Sciuridae,7200,7200,Tamias umbrinus
http://arctosdb.org/home/data/; https://creativecommons.org/licenses/by-nc/3.0,United States,Nevada,"Cottonwood Creek, Monitor Range",7/8/00,38.744988,-117.705664,female,,Tamias,Rodentia,Sciuridae,7900,7900,Tamias umbrinus
http://arctosdb.org/home/data/; https://creativecommons.org/licenses/by-nc/3.0,United States,Nevada,"Cottonwood Creek, Monitor Range",7/9/00,38.744988,-117.705664,male,,Tamias,Rodentia,Sciuridae,7900,7900,Tamias umbrinus
http://arctosdb.org/home/data/; https://creativecommons.org/licenses/by-nc/3.0,United States,Nevada,"Cottonwood Creek, Monitor Range",7/9/00,38.744988,-117.705664,male,,Tamias,Rodentia,Sciuridae,7900,7900,Tamias umbrinus
http://arctosdb.org/home/data/; https://creativecommons.org/licenses/by-nc/3.0,United States,Nevada,"Cottonwood Creek, Monitor Range",7/9/00,38.744988,-117.705664,female,,Tamias,Rodentia,Sciuridae,7900,7900,Tamias umbrinus
http://arctosdb.org/home/data/; https://creativecommons.org/licenses/by-nc/3.0,United States,Nevada,"2 mi. N Wildcat Peak, Toquima Range",7/7/00,39.043922,-116.832859,female,,Tamias,Rodentia,Sciuridae,9300,9300,Tamias umbrinus
http://arctosdb.org/home/data/; https://creativecommons.org/publicdomain/zero/1.0,United States,Nevada,"Corral Canyon, Quin Canyon Mountains",7/29/33,38.2,-115.6,male,,Tamias,Rodentia,Sciuridae,2042.16,2042.16,Tamias umbrinus
http://arctosdb.org/home/data/; https://creativecommons.org/publicdomain/zero/1.0,United States,Nevada,"head of Lehman Creek, east side Wheeler Peak, Snake Range",9/27/69,39.01083,-114.30167,male,,Tamias,Rodentia,Sciuridae,2941.32,2941.32,Tamias umbrinus
http://arctosdb.org/home/data/; https://creativecommons.org/publicdomain/zero/1.0,United States,Nevada,"Ruby Mountains, 2 mi S Ruby Marsh Fish Hatchery",5/25/85,40.16,-115.5,male; male,,Tamias,Rodentia,Sciuridae,,,Tamias umbrinus
http://arctosdb.org/home/data/; https://creativecommons.org/publicdomain/zero/1.0,United States,Nevada,"Snake Range, 0.3 km S, 0.3 km W Stella Lake, Great Basin National Park",7/23/00,39.0023,-114.32013,male,,Tamias,Rodentia,Sciuridae,3383.28,3383.28,Tamias umbrinus
http://arctosdb.org/home/data/; https://creativecommons.org/publicdomain/zero/1.0,United States,Nevada,"Snake Range, Baker Creek, 4.2 mi W, 1.8 mi SE Baker",10/30/83,39,-114.2,male; male,,Tamias,Rodentia,Sciuridae,1889.76,1889.76,Tamias umbrinus
http://arctosdb.org/home/data/; https://creativecommons.org/publicdomain/zero/1.0,United States,Nevada,"Ruby Mountains, 2 mi S Ruby Marsh Fish Hatchery",5/25/85,40.16,-115.5,male; male,,Tamias,Rodentia,Sciuridae,,,Tamias umbrinus
http://arctosdb.org/home/data/; https://creativecommons.org/publicdomain/zero/1.0,United States,Nevada,"Ruby Mountains, 2 mi S Ruby Marsh Fish Hatchery",5/25/85,40.16,-115.5,female; male,,Tamias,Rodentia,Sciuridae,,,Tamias umbrinus
http://arctosdb.org/home/data/; https://creativecommons.org/publicdomain/zero/1.0,United States,Nevada,"Snake Range, 0.3 km N, 0.4 km E Wheeler Peak Campground, Great National Park",7/21/00,39.0135,-114.2979,male,,Tamias,Rodentia,Sciuridae,3247,3247,Tamias umbrinus
http://arctosdb.org/home/data/; https://creativecommons.org/publicdomain/zero/1.0,United States,Nevada,"Snake Range, 0.3 km N, 0.4 km E Wheeler Peak Campground, Great National Park",7/21/00,39.0135,-114.2979,male,,Tamias,Rodentia,Sciuridae,3247,3247,Tamias umbrinus
http://arctosdb.org/home/data/; https://creativecommons.org/publicdomain/zero/1.0,United States,Nevada,"Snake Range, 1.9 km N, 4 km W Lehman Caves Visitors Center, Great Basin National Park",7/24/00,39.02268,-114.26562,male,,Tamias,Rodentia,Sciuridae,2804.16,2804.16,Tamias umbrinus
http://arctosdb.org/home/data/; https://creativecommons.org/publicdomain/zero/1.0,United States,Nevada,"Snake Range, 1.9 km N, 4 km W Lehman Caves Visitors Center, Great Basin National Park",7/24/00,39.02268,-114.26562,male,,Tamias,Rodentia,Sciuridae,2804.16,2804.16,Tamias umbrinus
http://arctosdb.org/home/data/; https://creativecommons.org/publicdomain/zero/1.0,United States,Nevada,"Snake Range, Lehman Creek Canyon, 8 mi W Baker",6/10/85,39.01333,-114.27059,female; female,,Tamias,Rodentia,Sciuridae,2468.88,2468.88,Tamias umbrinus
http://arctosdb.org/home/data/; https://creativecommons.org/publicdomain/zero/1.0,United States,Nevada,"Ruby Mountains, Harrison Pass",7/8/84,40.325,-115.51028,,,Tamias,Rodentia,Sciuridae,2057.4,2057.4,Tamias umbrinus
http://arctosdb.org/home/data/; https://creativecommons.org/publicdomain/zero/1.0,United States,Nevada,"Schell Creek Range, Timber Creek, 8.5 mi E McGill",7/14/84,39.405,-114.61896,,,Tamias,Rodentia,Sciuridae,2682.24,2682.24,Tamias umbrinus
http://arctosdb.org/home/data/; https://creativecommons.org/publicdomain/zero/1.0,United States,Nevada,"Ruby Mountains, 2 mi S Ruby Marsh Fish Hatchery",5/25/85,40.16,-115.5,female; female,,Tamias,Rodentia,Sciuridae,,,Tamias umbrinus
http://arctosdb.org/home/data/; https://creativecommons.org/publicdomain/zero/1.0,United States,Nevada,"Snake Range, Lehman Creek Canyon, 8 mi W Baker",6/10/85,39.01333,-114.27059,female; female,,Tamias,Rodentia,Sciuridae,2468.88,2468.88,Tamias umbrinus
http://arctosdb.org/home/data/; https://creativecommons.org/publicdomain/zero/1.0,United States,Nevada,"Snake Range, Baker Creek, 4.2 mi W, 1.8 mi SE Baker",10/30/83,39,-114.2,male; male,,Tamias,Rodentia,Sciuridae,1889.76,1889.76,Tamias umbrinus
http://arctosdb.org/home/data/; https://creativecommons.org/publicdomain/zero/1.0,United States,Nevada,"Snake Range, Snake Creek Canyon, Great Basin National Park",8/1/02,38.9283,-114.25469,male,,Tamias,Rodentia,Sciuridae,2545.08,2545.08,Tamias umbrinus
http://arctosdb.org/home/data/; https://creativecommons.org/publicdomain/zero/1.0,United States,Nevada,"Snake Range, Snake Creek Canyon, Great Basin National Park",8/1/02,38.9283,-114.25469,female,,Tamias,Rodentia,Sciuridae,2545.08,2545.08,Tamias umbrinus
http://arctosdb.org/home/data/; https://creativecommons.org/publicdomain/zero/1.0,United States,Nevada,"Snake Range, Strawberry Creek Canyon, Great Basin National Park",8/3/02,39.05606,-114.28014,male,,Tamias,Rodentia,Sciuridae,2369.82,2369.82,Tamias umbrinus
http://arctosdb.org/home/data/; https://creativecommons.org/publicdomain/zero/1.0,United States,Nevada,"Snake Range, Strawberry Creek Canyon, Great Basin National Park",8/3/02,39.05405,-114.30292,male,,Tamias,Rodentia,Sciuridae,2414.02,2414.02,Tamias umbrinus
http://arctosdb.org/home/data/; https://creativecommons.org/publicdomain/zero/1.0,United States,Nevada,"Snake Range, Lehman Creek at east boundary of Great Basin National Park",7/21/00,39.01722,-114.10722,female,,Tamias,Rodentia,Sciuridae,2971.8,2971.8,Tamias umbrinus
http://arctosdb.org/home/data/; https://creativecommons.org/publicdomain/zero/1.0,United States,Nevada,"Snake Range, Lehman Creek at east boundary of Great Basin National Park",7/21/00,39.01722,-114.10722,female,,Tamias,Rodentia,Sciuridae,2971.8,2971.8,Tamias umbrinus
http://arctosdb.org/home/data/; https://creativecommons.org/publicdomain/zero/1.0,United States,Nevada,"Snake Range, Snake Creek Canyon, Great Basin National Park",8/1/02,38.9283,-114.25469,female,,Tamias,Rodentia,Sciuridae,2545.08,2545.08,Tamias umbrinus
http://arctosdb.org/home/data/; https://creativecommons.org/publicdomain/zero/1.0,United States,Nevada,"Snake Range, cirque 0.5 km W, 0.6 km N summit Pyramid Peak, Great Basin National Park",6/8/03,38.95348,-114.30087,male,,Tamias,Rodentia,Sciuridae,3249.17,3249.17,Tamias umbrinus
http://arctosdb.org/home/data/; https://creativecommons.org/publicdomain/zero/1.0,United States,Nevada,"Snake Range, high point on ridge 0.4 km N, 0.1 km W summit of Lincoln Peak, Great Basin National Park",8/13/03,38.9007,-114.29815,female,,Tamias,Rodentia,Sciuridae,3246.12,3246.12,Tamias umbrinus
http://arctosdb.org/home/data/; https://creativecommons.org/publicdomain/zero/1.0,United States,Nevada,"Snake Range, pass 1.5 km S, 0.8 km E summit of Washington Peak, Great Basin National Park",8/15/03,38.9007,-114.29815,female,,Tamias,Rodentia,Sciuridae,3246.12,3246.12,Tamias umbrinus
http://arctosdb.org/home/data/; https://creativecommons.org/publicdomain/zero/1.0,United States,Nevada,"Snake Range, pass 1.5 km S, 0.8 km E summit of Washington Peak, Great Basin National Park",8/15/03,38.9007,-114.29815,female,,Tamias,Rodentia,Sciuridae,3246.12,3246.12,Tamias umbrinus
http://arctosdb.org/home/data/; https://creativecommons.org/publicdomain/zero/1.0,United States,Nevada,"Ruby Mountains, Lamoille Canyon, 1.7 km N, 0.25 km W Favre Peak summit",8/20/06,40.60043,-115.37778,female,adult,Tamias,Rodentia,Sciuridae,2727.96,2727.96,Tamias umbrinus
http://arctosdb.org/home/data/; https://creativecommons.org/publicdomain/zero/1.0,United States,Nevada,"Ruby Mountains, Lamoille Canyon, 1.7 km N, 0.25 km W Favre Peak summit",8/19/06,40.60043,-115.37778,female,adult,Tamias,Rodentia,Sciuridae,2727.96,2727.96,Tamias umbrinus
http://arctosdb.org/home/data/; https://creativecommons.org/publicdomain/zero/1.0,United States,Nevada,"Ruby Mountains, Lamoille Canyon, 1.7 km N, 0.25 km W Favre Peak summit",8/19/06,40.60043,-115.37778,female,adult,Tamias,Rodentia,Sciuridae,2727.96,2727.96,Tamias umbrinus
http://arctosdb.org/home/data/; https://creativecommons.org/publicdomain/zero/1.0,United States,Nevada,"Ruby Mountains, Lamoille Canyon, 1.7 km N, 0.25 km W Favre Peak summit",8/19/06,40.60043,-115.37778,male,adult,Tamias,Rodentia,Sciuridae,2727.96,2727.96,Tamias umbrinus
http://arctosdb.org/home/data/; https://creativecommons.org/publicdomain/zero/1.0,United States,Nevada,"Ruby Mountains, Lamoille Canyon, 1.7 km N, 0.25 km W Favre Peak summit",8/20/06,40.60043,-115.37778,male,adult,Tamias,Rodentia,Sciuridae,2727.96,2727.96,Tamias umbrinus
http://arctosdb.org/home/data/; https://creativecommons.org/publicdomain/zero/1.0,United States,Nevada,"Ruby Mountains, Lamoille Canyon, 1.7 km S, 0.8 km W Verdi Peak summit",8/17/06,40.62915,-115.36746,female,,Tamias,Rodentia,Sciuridae,2584.7,2584.7,Tamias umbrinus
http://arctosdb.org/home/data/; https://creativecommons.org/publicdomain/zero/1.0,United States,Nevada,"Snake Range, pass 1.5 km S, 0.8 km E summit of Washington Peak, Great Basin National Park",8/14/03,38.9007,-114.29815,male,,Tamias,Rodentia,Sciuridae,3232.4,3232.4,Tamias umbrinus
http://arctosdb.org/home/data/; https://creativecommons.org/publicdomain/zero/1.0,United States,Nevada,"Snake Range, pass 1.5 km S, 0.8 km E summit of Washington Peak, Great Basin National Park",8/14/03,38.9007,-114.29815,male,,Tamias,Rodentia,Sciuridae,3232.4,3232.4,Tamias umbrinus
http://arctosdb.org/home/data/; https://creativecommons.org/publicdomain/zero/1.0,United States,Nevada,"Snake Range, 1.9 km N, 4 km W Lehman Caves Visitors Center, Great Basin National Park",7/24/00,39.02268,-114.26562,female,,Tamias,Rodentia,Sciuridae,2804.16,2804.16,Tamias umbrinus
http://arctosdb.org/home/data/; https://creativecommons.org/publicdomain/zero/1.0,United States,Nevada,"Snake Range, Lehman Creek at east boundary of Great Basin National Park",7/21/00,39.01722,-114.10722,male,,Tamias,Rodentia,Sciuridae,2971.8,2971.8,Tamias umbrinus
http://arctosdb.org/home/data/; https://creativecommons.org/publicdomain/zero/1.0,United States,Nevada,"Snake Range, 1.9 km N, 4 km W Lehman Caves Visitors Center, Great Basin National Park",7/24/00,39.02268,-114.26562,female,,Tamias,Rodentia,Sciuridae,2804.16,2804.16,Tamias umbrinus
http://arctosdb.org/home/data/; https://creativecommons.org/publicdomain/zero/1.0,United States,Nevada,"Snake Range, Baker Creek, 2.1 km S, 1.5 km W Lehman Caves Visitors Center, Great Basin National Park",7/14/00,38.98,-114.24,female,,Tamias,Rodentia,Sciuridae,2301.24,2301.24,Tamias umbrinus
http://arctosdb.org/home/data/; https://creativecommons.org/publicdomain/zero/1.0,United States,Nevada,"Snake Range, Lehman Caves residential area, Great Basin National Park",7/19/00,39.004,-114.217,male,,Tamias,Rodentia,Sciuridae,2072.64,2072.64,Tamias umbrinus
http://arctosdb.org/home/data/; https://creativecommons.org/publicdomain/zero/1.0,United States,Nevada,"Snake Range, Lehman Creek at east boundary of Great Basin National Park",7/21/00,39.01722,-114.10722,male,,Tamias,Rodentia,Sciuridae,2971.8,2971.8,Tamias umbrinus
http://arctosdb.org/home/data/; https://creativecommons.org/publicdomain/zero/1.0,United States,Nevada,"Snake Range, 1.9 km N, 4 km W Lehman Caves Visitors Center, Great Basin National Park",7/24/00,39.02268,-114.26562,male,,Tamias,Rodentia,Sciuridae,2804.16,2804.16,Tamias umbrinus
http://arctosdb.org/home/data/; https://creativecommons.org/publicdomain/zero/1.0,United States,Nevada,"Snake Range, 1.9 km N, 4 km W Lehman Caves Visitors Center, Great Basin National Park",7/24/00,39.02268,-114.26562,male,,Tamias,Rodentia,Sciuridae,2804.16,2804.16,Tamias umbrinus
http://arctosdb.org/home/data/; https://creativecommons.org/publicdomain/zero/1.0,United States,Nevada,"Snake Range, pass 1.5 km S, 0.8 km E summit of Washington Peak, Great Basin National Park",8/14/03,38.9007,-114.29815,male,,Tamias,Rodentia,Sciuridae,3246.12,3246.12,Tamias umbrinus
http://arctosdb.org/home/data/; https://creativecommons.org/publicdomain/zero/1.0,United States,Nevada,"Snake Range, pass 1.5 km S, 0.8 km E summit of Washington Peak, Great Basin National Park",8/14/03,38.9007,-114.29815,male,,Tamias,Rodentia,Sciuridae,3246.12,3246.12,Tamias umbrinus
http://arctosdb.org/home/data/; https://creativecommons.org/publicdomain/zero/1.0,United States,Nevada,"Ruby Mountains, Long Canyon, 4.30 km S, 2.55 km E confluence of Mahogany and Long creeks",7/28/08,40.50945,-115.44865,male,,Tamias,Rodentia,Sciuridae,2810.26,2810.26,Tamias umbrinus
http://arctosdb.org/home/data/; https://creativecommons.org/publicdomain/zero/1.0,United States,Nevada,"Ruby Mountains, mouth of Thomas Canyon",8/13/06,40.64835,-115.40375,male,adult,Tamias,Rodentia,Sciuridae,2316.48,2316.48,Tamias umbrinus
http://arctosdb.org/home/data/; https://creativecommons.org/publicdomain/zero/1.0,United States,Nevada,"Ruby Mountains, mouth of Thomas Canyon",8/14/06,40.64835,-115.40375,male,adult,Tamias,Rodentia,Sciuridae,2316.48,2316.48,Tamias umbrinus
http://arctosdb.org/home/data/; https://creativecommons.org/publicdomain/zero/1.0,United States,Nevada,"Ruby Mountains, mouth of Thomas Canyon",8/14/06,40.64835,-115.40375,male,adult,Tamias,Rodentia,Sciuridae,2316.48,2316.48,Tamias umbrinus
http://arctosdb.org/home/data/; https://creativecommons.org/publicdomain/zero/1.0,United States,Nevada,"Snake Range, Baker Creek, 2.1 km S, 1.5 km W Lehman Caves Visitors Center, Great Basin National Park",7/15/00,38.98,-114.24,female,,Tamias,Rodentia,Sciuridae,2301.24,2301.24,Tamias umbrinus
http://arctosdb.org/home/data/; https://creativecommons.org/publicdomain/zero/1.0,United States,Nevada,"Snake Range, Baker Creek, 2.1 km S, 1.5 km W Lehman Caves Visitors Center, Great Basin National Park",7/15/00,38.98,-114.24,female,,Tamias,Rodentia,Sciuridae,2301.24,2301.24,Tamias umbrinus
http://arctosdb.org/home/data/; https://creativecommons.org/publicdomain/zero/1.0,United States,Nevada,"Ruby Mountains, mouth of Thomas Canyon",8/13/06,40.64835,-115.40375,male,adult,Tamias,Rodentia,Sciuridae,2316.48,2316.48,Tamias umbrinus
http://arctosdb.org/home/data/; https://creativecommons.org/publicdomain/zero/1.0,United States,Nevada,"Ruby Mountains, 2.9 km N, 2.6 km W confluence of right and main forks of Lamoille Creek",8/3/07,40.68811,-115.47072,male,,Tamias,Rodentia,Sciuridae,2014.42,2014.42,Tamias umbrinus
http://arctosdb.org/home/data/; https://creativecommons.org/publicdomain/zero/1.0,United States,Nevada,"Ruby Mountains, 2.9 km N, 2.6 km W confluence of right and main forks of Lamoille Creek",8/4/07,40.68811,-115.47072,male,,Tamias,Rodentia,Sciuridae,2014.42,2014.42,Tamias umbrinus
http://arctosdb.org/home/data/; https://creativecommons.org/publicdomain/zero/1.0,United States,Nevada,"Ruby Mountains, mouth of Thomas Canyon",8/13/06,40.64835,-115.40375,female,adult,Tamias,Rodentia,Sciuridae,2316.48,2316.48,Tamias umbrinus
http://arctosdb.org/home/data/; https://creativecommons.org/publicdomain/zero/1.0,United States,Nevada,"Ruby Mountains, mouth of Thomas Canyon",8/13/06,40.64835,-115.40375,male,adult,Tamias,Rodentia,Sciuridae,2316.48,2316.48,Tamias umbrinus
http://arctosdb.org/home/data/; https://creativecommons.org/publicdomain/zero/1.0,United States,Nevada,"Ruby Mountains, mouth of Thomas Canyon",8/13/06,40.64835,-115.40375,male,adult,Tamias,Rodentia,Sciuridae,2316.48,2316.48,Tamias umbrinus
http://arctosdb.org/home/data/; https://creativecommons.org/publicdomain/zero/1.0,United States,Nevada,"Ruby Mountains, mouth of Thomas Canyon",8/13/06,40.64835,-115.40375,female,subadult,Tamias,Rodentia,Sciuridae,2316.48,2316.48,Tamias umbrinus
http://arctosdb.org/home/data/; https://creativecommons.org/publicdomain/zero/1.0,United States,Nevada,"Ruby Mountains, Thomas Creek, 0.2 km above mouth",8/17/06,40.64897,-115.40548,female,adult,Tamias,Rodentia,Sciuridae,2316.48,2316.48,Tamias umbrinus
http://arctosdb.org/home/data/; https://creativecommons.org/publicdomain/zero/1.0,United States,Nevada,"Ruby Mountains, Thomas Creek, 0.2 km above mouth",8/19/06,40.64897,-115.40548,female,adult,Tamias,Rodentia,Sciuridae,2316.48,2316.48,Tamias umbrinus
http://arctosdb.org/home/data/; https://creativecommons.org/publicdomain/zero/1.0,United States,Nevada,"Ruby Mountains, Willow Creek, 1.33 km N, 1.05 km E Walker Spring",5/28/07,40.10017,-115.65977,female,,Tamias,Rodentia,Sciuridae,2029.97,2029.97,Tamias umbrinus
http://arctosdb.org/home/data/; https://creativecommons.org/publicdomain/zero/1.0,United States,Nevada,"Ruby Mountains, Willow Creek, 1.33 km N, 1.05 km E Walker Spring",5/28/07,40.10017,-115.65977,female,,Tamias,Rodentia,Sciuridae,2029.97,2029.97,Tamias umbrinus
http://arctosdb.org/home/data/; https://creativecommons.org/publicdomain/zero/1.0,United States,Nevada,"Ruby Mountains, mouth of Thomas Canyon",8/14/06,40.64835,-115.40375,female,adult,Tamias,Rodentia,Sciuridae,2316.48,2316.48,Tamias umbrinus
http://arctosdb.org/home/data/; https://creativecommons.org/publicdomain/zero/1.0,United States,Nevada,"Ruby Mountains, mouth of Thomas Canyon",8/14/06,40.64835,-115.40375,female,adult,Tamias,Rodentia,Sciuridae,2316.48,2316.48,Tamias umbrinus
http://arctosdb.org/home/data/; https://creativecommons.org/publicdomain/zero/1.0,United States,Nevada,"Ruby Mountains, mouth of Thomas Canyon",8/14/06,40.64835,-115.40375,female,adult,Tamias,Rodentia,Sciuridae,2316.48,2316.48,Tamias umbrinus
http://arctosdb.org/home/data/; https://creativecommons.org/publicdomain/zero/1.0,United States,Nevada,"Ruby Mountains, Long Canyon, 4.30 km S, 2.55 km E confluence of Mahogany and Long creeks",7/26/08,40.50945,-115.44865,female,,Tamias,Rodentia,Sciuridae,2810.26,2810.26,Tamias umbrinus
http://arctosdb.org/home/data/; https://creativecommons.org/publicdomain/zero/1.0,United States,Nevada,"Ruby Mountains, Lamoille Canyon, 1.7 km N, 0.25 km W Favre Peak summit",8/19/06,40.60043,-115.37778,female,adult,Tamias,Rodentia,Sciuridae,2727.96,2727.96,Tamias umbrinus
http://arctosdb.org/home/data/; https://creativecommons.org/publicdomain/zero/1.0,United States,Nevada,"Ruby Mountains, Lamoille Canyon, 1.7 km N, 0.25 km W Favre Peak summit",8/19/06,40.60043,-115.37778,female,adult,Tamias,Rodentia,Sciuridae,2727.96,2727.96,Tamias umbrinus
http://arctosdb.org/home/data/; https://creativecommons.org/publicdomain/zero/1.0,United States,Nevada,"Ruby Mountains, 3.0 km N, 3.1 km W confluence of right and main forks of Lamoille Creek",7/24/07,40.68909,-115.47606,male,,Tamias,Rodentia,Sciuridae,1921.15,1921.15,Tamias umbrinus
http://arctosdb.org/home/data/; https://creativecommons.org/publicdomain/zero/1.0,United States,Nevada,"Ruby Mountains, 2.9 km N, 2.6 km W confluence of right and main forks of Lamoille Creek",8/5/07,40.68811,-115.47072,male,,Tamias,Rodentia,Sciuridae,2014.42,2014.42,Tamias umbrinus
http://arctosdb.org/home/data/; https://creativecommons.org/publicdomain/zero/1.0,United States,Nevada,"Ruby Mountains, mouth of Thomas Canyon",8/15/06,40.64835,-115.40375,female,adult,Tamias,Rodentia,Sciuridae,2316.48,2316.48,Tamias umbrinus
http://arctosdb.org/home/data/; https://creativecommons.org/publicdomain/zero/1.0,United States,Nevada,"Ruby Mountains, mouth of Thomas Canyon",8/17/06,40.64835,-115.40375,male,subadult,Tamias,Rodentia,Sciuridae,2316.48,2316.48,Tamias umbrinus
http://arctosdb.org/home/data/; https://creativecommons.org/publicdomain/zero/1.0,United States,Nevada,"Ruby Mountains, mouth of Thomas Canyon",8/18/06,40.64835,-115.40375,male,adult,Tamias,Rodentia,Sciuridae,2316.48,2316.48,Tamias umbrinus
http://arctosdb.org/home/data/; https://creativecommons.org/publicdomain/zero/1.0,United States,Nevada,"Ruby Mountains, mouth of Thomas Canyon",8/14/06,40.64835,-115.40375,male,adult,Tamias,Rodentia,Sciuridae,2316.48,2316.48,Tamias umbrinus
http://arctosdb.org/home/data/; https://creativecommons.org/publicdomain/zero/1.0,United States,Nevada,"Ruby Mountains, 2.9 km N, 2.6 km W confluence of right and main forks of Lamoille Creek",7/25/07,40.68811,-115.47072,female,,Tamias,Rodentia,Sciuridae,2014.42,2014.42,Tamias umbrinus
http://arctosdb.org/home/data/; https://creativecommons.org/publicdomain/zero/1.0,United States,Nevada,"Ruby Mountains, mouth of Thomas Canyon",8/13/06,40.64835,-115.40375,male,adult,Tamias,Rodentia,Sciuridae,2316.48,2316.48,Tamias umbrinus
http://arctosdb.org/home/data/; https://creativecommons.org/publicdomain/zero/1.0,United States,Nevada,"Ruby Mountains, mouth of Thomas Canyon",8/14/06,40.64835,-115.40375,female,adult,Tamias,Rodentia,Sciuridae,2316.48,2316.48,Tamias umbrinus
http://arctosdb.org/home/data/; https://creativecommons.org/publicdomain/zero/1.0,United States,Nevada,"Ruby Mountains, Dollar Lakes, 0.725 km N, 1.1 km W Favre Peak summit",8/10/07,40.59159,-115.38762,male,,Tamias,Rodentia,Sciuridae,2954.43,2954.43,Tamias umbrinus
http://arctosdb.org/home/data/; https://creativecommons.org/publicdomain/zero/1.0,United States,Nevada,"Ruby Mountains, Long Canyon, 3.90 km S, 3.70 km E confluence of Mahogany and Long creeks",7/27/08,40.5129,-115.43491,female,,Tamias,Rodentia,Sciuridae,2625.55,2625.55,Tamias umbrinus
http://arctosdb.org/home/data/; https://creativecommons.org/publicdomain/zero/1.0,United States,Nevada,"Snake Range, pass 1.5 km S, 0.8 km E summit of Washington Peak, Great Basin National Park",8/15/03,38.9007,-114.29815,female,,Tamias,Rodentia,Sciuridae,3246.12,3246.12,Tamias umbrinus
http://arctosdb.org/home/data/; https://creativecommons.org/publicdomain/zero/1.0,United States,Nevada,"Ruby Mountains, Long Canyon, 4.30 km S, 2.55 km E confluence of Mahogany and Long creeks",7/29/08,40.50945,-115.44865,female,,Tamias,Rodentia,Sciuridae,2810.26,2810.26,Tamias umbrinus
http://arctosdb.org/home/data/; https://creativecommons.org/publicdomain/zero/1.0,United States,Nevada,"Ruby Mountains, Favre Lake",7/20/07,40.5726,-115.40058,female,,Tamias,Rodentia,Sciuridae,2923.03,2923.03,Tamias umbrinus
http://arctosdb.org/home/data/; https://creativecommons.org/publicdomain/zero/1.0,United States,Nevada,"Snake Range, pass 1.5 km S, 0.8 km E summit of Washington Peak, Great Basin National Park",8/14/03,38.9007,-114.29815,female,,Tamias,Rodentia,Sciuridae,3232.4,3232.4,Tamias umbrinus
http://arctosdb.org/home/data/; https://creativecommons.org/publicdomain/zero/1.0,United States,Nevada,"Snake Range, ridge near Washington Peak, Great Basin National Park",8/14/03,38.90134,-114.29564,female,,Tamias,Rodentia,Sciuridae,3261.36,3261.36,Tamias umbrinus
http://arctosdb.org/home/data/; https://creativecommons.org/publicdomain/zero/1.0,United States,Nevada,"Snake Range, pass 1.5 km S, 0.8 km E summit of Washington Peak, Great Basin National Park",8/14/03,38.9007,-114.29815,male,,Tamias,Rodentia,Sciuridae,3246.12,3246.12,Tamias umbrinus
http://arctosdb.org/home/data/; https://creativecommons.org/publicdomain/zero/1.0,United States,Nevada,"Ruby Mountains, 0.6  km N, 1.1 km W confluence of Thomas and Lamoille creeks",8/7/07,40.65523,-115.43771,female,,Tamias,Rodentia,Sciuridae,2179.32,2179.32,Tamias umbrinus
http://arctosdb.org/home/data/; https://creativecommons.org/publicdomain/zero/1.0,United States,Nevada,"Ruby Mountains, 0.6  km N, 1.1 km W confluence of Thomas and Lamoille creeks",8/7/07,40.65523,-115.43771,male,,Tamias,Rodentia,Sciuridae,2179.32,2179.32,Tamias umbrinus
http://arctosdb.org/home/data/; https://creativecommons.org/publicdomain/zero/1.0,United States,Nevada,"Ruby Mountains, Thomas Creek, 0.2 km above mouth",8/15/06,40.64897,-115.40548,female,adult,Tamias,Rodentia,Sciuridae,2316.48,2316.48,Tamias umbrinus
http://arctosdb.org/home/data/; https://creativecommons.org/publicdomain/zero/1.0,United States,Nevada,"Ruby Mountains, Thomas Creek, 0.2 km above mouth",8/15/06,40.64897,-115.40548,female,adult,Tamias,Rodentia,Sciuridae,2316.48,2316.48,Tamias umbrinus
http://arctosdb.org/home/data/; https://creativecommons.org/publicdomain/zero/1.0,United States,Nevada,"Ruby Mountains, Favre Lake",7/20/07,40.5726,-115.40058,female,,Tamias,Rodentia,Sciuridae,2923.03,2923.03,Tamias umbrinus
http://arctosdb.org/home/data/; https://creativecommons.org/publicdomain/zero/1.0,United States,Nevada,"Ruby Mountains, Long Canyon, 3.90 km S, 3.70 km E confluence of Mahogany and Long creeks",7/28/08,40.5129,-115.43491,female,,Tamias,Rodentia,Sciuridae,2625.55,2625.55,Tamias umbrinus
http://arctosdb.org/home/data/; https://creativecommons.org/publicdomain/zero/1.0,United States,Nevada,"Ruby Mountains, Dollar Lakes, 0.725 km N, 1.1 km W Favre Peak summit",8/10/07,40.59159,-115.38762,male,,Tamias,Rodentia,Sciuridae,2954.43,2954.43,Tamias umbrinus
http://arctosdb.org/home/data/; https://creativecommons.org/publicdomain/zero/1.0,United States,Nevada,"Ruby Mountains, Dollar Lakes, 0.725 km N, 1.1 km W Favre Peak summit",8/10/07,40.59159,-115.38762,male,,Tamias,Rodentia,Sciuridae,2954.43,2954.43,Tamias umbrinus
http://arctosdb.org/home/data/; https://creativecommons.org/publicdomain/zero/1.0,United States,Nevada,"Ruby Mountains, mouth of Thomas Canyon",8/13/06,40.64835,-115.40375,female,adult,Tamias,Rodentia,Sciuridae,2316.48,2316.48,Tamias umbrinus
http://arctosdb.org/home/data/; https://creativecommons.org/publicdomain/zero/1.0,United States,Nevada,"Ruby Mountains, 2.9 km N, 2.6 km W confluence of right and main forks of Lamoille Creek",7/26/07,40.68811,-115.47072,male,,Tamias,Rodentia,Sciuridae,2014.42,2014.42,Tamias umbrinus
http://arctosdb.org/home/data/; https://creativecommons.org/publicdomain/zero/1.0,United States,Nevada,"Toiyabe Range, Big Creek Canyon, 0.1 km N, 0.25 km E pass between Big Creek and Kingston canyons",7/13/10,39.29416,-117.11591,male,,Tamias,Rodentia,Sciuridae,2560.32,2560.32,Tamias umbrinus
http://arctosdb.org/home/data/; https://creativecommons.org/publicdomain/zero/1.0,United States,Nevada,"Toiyabe Range, Big Creek Canyon, 0.1 km N, 0.25 km E pass between Big Creek and Kingston canyons",7/13/10,39.29416,-117.11591,male,,Tamias,Rodentia,Sciuridae,2560.32,2560.32,Tamias umbrinus
http://arctosdb.org/home/data/; https://creativecommons.org/publicdomain/zero/1.0,United States,Nevada,"Toiyabe Range, Birch Creek, 4.50 km  N, 3.02 km E North Toiyabe Peak",7/13/11,39.40004,-117.03946,female,,Tamias,Rodentia,Sciuridae,2188.16,2188.16,Tamias umbrinus
http://arctosdb.org/home/data/; https://creativecommons.org/publicdomain/zero/1.0,United States,Nevada,"Toiyabe Range, Birch Creek, 4.50 km  N, 3.02 km E North Toiyabe Peak",7/13/11,39.40004,-117.03946,male,,Tamias,Rodentia,Sciuridae,2188.16,2188.16,Tamias umbrinus
http://arctosdb.org/home/data/; https://creativecommons.org/publicdomain/zero/1.0,United States,Nevada,"Ruby Mountains, 0.6  km N, 1.1 km W confluence of Thomas and Lamoille creeks",8/8/07,40.65523,-115.43771,male,,Tamias,Rodentia,Sciuridae,2179.32,2179.32,Tamias umbrinus
http://arctosdb.org/home/data/; https://creativecommons.org/publicdomain/zero/1.0,United States,Nevada,"Ruby Mountains, 0.6  km N, 1.1 km W confluence of Thomas and Lamoille creeks",8/7/07,40.65523,-115.43771,male,,Tamias,Rodentia,Sciuridae,2179.32,2179.32,Tamias umbrinus
http://arctosdb.org/home/data/; https://creativecommons.org/publicdomain/zero/1.0,United States,Nevada,"Ruby Mountains, 0.6  km N, 1.1 km W confluence of Thomas and Lamoille creeks",8/7/07,40.65523,-115.43771,male,,Tamias,Rodentia,Sciuridae,2179.32,2179.32,Tamias umbrinus
http://arctosdb.org/home/data/; https://creativecommons.org/publicdomain/zero/1.0,United States,Nevada,"Toiyabe Range, Birch Creek, 4.50 km  N, 3.02 km E North Toiyabe Peak",7/13/11,39.40004,-117.03946,female,,Tamias,Rodentia,Sciuridae,2188.16,2188.16,Tamias umbrinus
http://arctosdb.org/home/data/; https://creativecommons.org/publicdomain/zero/1.0,United States,Nevada,"Ruby Mountains, 0.6  km N, 1.1 km W confluence of Thomas and Lamoille creeks",8/8/07,40.65523,-115.43771,female,,Tamias,Rodentia,Sciuridae,2179.32,2179.32,Tamias umbrinus
http://arctosdb.org/home/data/; https://creativecommons.org/publicdomain/zero/1.0,United States,Nevada,"Ruby Mountains, Lamoille Canyon, 0.6 km S, 0.3 km E confluence of right and main forks of Lamoille Creek",8/9/07,40.65523,-115.43771,male,,Tamias,Rodentia,Sciuridae,2179.32,2179.32,Tamias umbrinus
http://arctosdb.org/home/data/; https://creativecommons.org/publicdomain/zero/1.0,United States,Nevada,"Toiyabe Range, Big Creek Canyon, 0.1 km N, 0.25 km E pass between Big Creek and Kingston canyons",7/12/10,39.29234,-117.11313,female,,Tamias,Rodentia,Sciuridae,2560.32,2560.32,Tamias umbrinus
http://arctosdb.org/home/data/; https://creativecommons.org/publicdomain/zero/1.0,United States,Nevada,"Toiyabe Range, Big Creek Canyon, 0.1 km N, 0.25 km E pass between Big Creek and Kingston canyons",7/13/10,39.29416,-117.11591,male,,Tamias,Rodentia,Sciuridae,2560.32,2560.32,Tamias umbrinus
http://arctosdb.org/home/data/; https://creativecommons.org/publicdomain/zero/1.0,United States,Nevada,"Toiyabe Range, Big Creek Canyon, 0.1 km N, 0.25 km E pass between Big Creek and Kingston canyons",7/13/10,39.29416,-117.11591,male,,Tamias,Rodentia,Sciuridae,2560.32,2560.32,Tamias umbrinus
http://arctosdb.org/home/data/; https://creativecommons.org/publicdomain/zero/1.0,United States,Nevada,"Toiyabe Range, Big Creek Canyon, 1.6 km due S confluence Cottonwood & Big creeks",6/24/10,39.3103,-117.12136,male,,Tamias,Rodentia,Sciuridae,2331.72,2331.72,Tamias umbrinus
http://arctosdb.org/home/data/; https://creativecommons.org/publicdomain/zero/1.0,United States,Nevada,"Ruby Mountains, Dollar Lakes, 0.85 km N, 0.925 km W Favre Peak summit",8/10/07,40.59248,-115.38567,male,,Tamias,Rodentia,Sciuridae,2934,2934,Tamias umbrinus
http://arctosdb.org/home/data/; https://creativecommons.org/publicdomain/zero/1.0,United States,Nevada,"Toiyabe Range, Big Creek Canyon, 0.1 km N, 0.25 km E pass between Big Creek and Kingston canyons",7/13/10,39.29416,-117.11591,female,,Tamias,Rodentia,Sciuridae,2560.32,2560.32,Tamias umbrinus
http://arctosdb.org/home/data/; https://creativecommons.org/publicdomain/zero/1.0,United States,Nevada,"Toiyabe Range, Big Creek Canyon, 0.1 km N, 0.25 km E pass between Big Creek and Kingston canyons",7/13/10,39.29416,-117.11591,female,,Tamias,Rodentia,Sciuridae,2560.32,2560.32,Tamias umbrinus
http://arctosdb.org/home/data/; https://creativecommons.org/publicdomain/zero/1.0,United States,Nevada,"Toiyabe Range, Birch Creek, 4.50 km  N, 3.02 km E North Toiyabe Peak",7/13/11,39.40004,-117.03946,male,,Tamias,Rodentia,Sciuridae,2188.16,2188.16,Tamias umbrinus
http://arctosdb.org/home/data/; https://creativecommons.org/publicdomain/zero/1.0,United States,Nevada,"Toiyabe Range, Birch Creek, 4.50 km  N, 3.02 km E North Toiyabe Peak",7/13/11,39.40004,-117.03946,female,,Tamias,Rodentia,Sciuridae,2188.16,2188.16,Tamias umbrinus
http://arctosdb.org/home/data/; https://creativecommons.org/publicdomain/zero/1.0,United States,Nevada,"Snake Range, Strawberry Creek Canyon, Great Basin National Park",8/6/08,39.05062,-114.31529,male,,Tamias,Rodentia,Sciuridae,2539.9,2539.9,Tamias umbrinus
http://arctosdb.org/home/data/; https://creativecommons.org/publicdomain/zero/1.0,United States,Nevada,"Toiyabe Range, Big Creek Canyon, 0.1 km N, 0.25 km E pass between Big Creek and Kingston canyons",7/15/10,39.29416,-117.11591,male,,Tamias,Rodentia,Sciuridae,2560.32,2560.32,Tamias umbrinus
http://arctosdb.org/home/data/; https://creativecommons.org/publicdomain/zero/1.0,United States,Nevada,"Toiyabe Range, Big Creek Canyon, 0.1 km N, 0.25 km E pass between Big Creek and Kingston canyons",7/14/10,39.29416,-117.11591,male,,Tamias,Rodentia,Sciuridae,2560.32,2560.32,Tamias umbrinus
http://arctosdb.org/home/data/; https://creativecommons.org/publicdomain/zero/1.0,United States,Nevada,"Toiyabe Range, Big Creek Canyon, 0.1 km N, 0.25 km E pass between Big Creek and Kingston canyons",7/14/10,39.29416,-117.11591,male,,Tamias,Rodentia,Sciuridae,2560.32,2560.32,Tamias umbrinus
http://arctosdb.org/home/data/; https://creativecommons.org/publicdomain/zero/1.0,United States,Nevada,"Ruby Mountains, mouth of Thomas Canyon",8/16/06,40.64835,-115.40375,male,,Tamias,Rodentia,Sciuridae,2316.48,2316.48,Tamias umbrinus
http://arctosdb.org/home/data/; https://creativecommons.org/publicdomain/zero/1.0,United States,Nevada,"Ruby Mountains, Lamoille Canyon, 0.6 km S, 0.3 km E confluence of right and main forks of Lamoille Creek",8/9/07,40.65523,-115.43771,male,,Tamias,Rodentia,Sciuridae,2179.32,2179.32,Tamias umbrinus
http://arctosdb.org/home/data/; https://creativecommons.org/publicdomain/zero/1.0,United States,Nevada,"Toiyabe Range, Big Creek Canyon, 0.1 km N, 0.25 km E pass between Big Creek and Kingston canyons",7/15/10,39.29416,-117.11591,male,,Tamias,Rodentia,Sciuridae,2560.32,2560.32,Tamias umbrinus
http://arctosdb.org/home/data/; https://creativecommons.org/publicdomain/zero/1.0,United States,Nevada,"Ruby Mountains, Willow Creek, 1.23 km N, 1.0 km E Walker Spring",5/26/07,40.09919,-115.65997,male,,Tamias,Rodentia,Sciuridae,2001.01,2001.01,Tamias umbrinus
http://arctosdb.org/home/data/; https://creativecommons.org/publicdomain/zero/1.0,United States,Nevada,"Toquima Range, Pine Creek Canyon",4/22/12,38.79488,-116.85201,male,,Tamias,Rodentia,Sciuridae,2340.86,2340.86,Tamias umbrinus
http://arctosdb.org/home/data/; https://creativecommons.org/publicdomain/zero/1.0,United States,Nevada,"Toquima Range, Pine Creek Canyon",4/23/12,38.79488,-116.85201,male,,Tamias,Rodentia,Sciuridae,2340.86,2340.86,Tamias umbrinus
http://arctosdb.org/home/data/; https://creativecommons.org/publicdomain/zero/1.0,United States,Nevada,"Toquima Range, Pine Creek Canyon",4/23/12,38.79488,-116.85201,male,,Tamias,Rodentia,Sciuridae,2340.86,2340.86,Tamias umbrinus
http://arctosdb.org/home/data/; https://creativecommons.org/publicdomain/zero/1.0,United States,Nevada,"Toiyabe Range, Big Creek Canyon, 1.4 km N, 0.1 km W pass between Big Creek and Kingston canyons",7/12/10,39.30594,-117.12208,female,,Tamias,Rodentia,Sciuridae,2392.68,2392.68,Tamias umbrinus
http://arctosdb.org/home/data/; https://creativecommons.org/publicdomain/zero/1.0,United States,Nevada,"Toquima Range, Pine Creek Canyon",4/22/12,38.79488,-116.85201,male,,Tamias,Rodentia,Sciuridae,2340.86,2340.86,Tamias umbrinus
http://arctosdb.org/home/data/; https://creativecommons.org/publicdomain/zero/1.0,United States,Nevada,"Toiyabe Range, dividing ridge between Big Creek and Kingston canyons",7/12/10,39.29276,-117.11575,female,,Tamias,Rodentia,Sciuridae,2682.24,2682.24,Tamias umbrinus
http://arctosdb.org/home/data/; https://creativecommons.org/publicdomain/zero/1.0,United States,Nevada,"Toiyabe Range, Wisconsin Creek, 4.65 km N, 2.75 km E South Toiyabe Peak",6/14/11,38.96066,-117.27203,male,,Tamias,Rodentia,Sciuridae,2317.09,2317.09,Tamias umbrinus
http://arctosdb.org/home/data/; https://creativecommons.org/publicdomain/zero/1.0,United States,Nevada,"Ruby Mountains, Lamoille Creek, 1.0 km N, 1.25 km W Favre Peak summit",8/11/07,40.59416,-115.38976,female,,Tamias,Rodentia,Sciuridae,2949.24,2949.24,Tamias umbrinus
http://arctosdb.org/home/data/; https://creativecommons.org/publicdomain/zero/1.0,United States,Nevada,"Toiyabe Range, dividing ridge between Big Creek and Kingston canyons",8/9/10,39.29441,-117.1191,female,,Tamias,Rodentia,Sciuridae,2682.24,2682.24,Tamias umbrinus
http://arctosdb.org/home/data/; https://creativecommons.org/publicdomain/zero/1.0,United States,Nevada,"Toiyabe Range, Big Creek Canyon, 0.1 km N, 0.25 km E pass between Big Creek and Kingston canyons",8/9/10,39.29327,-117.11433,female,,Tamias,Rodentia,Sciuridae,2560.32,2560.32,Tamias umbrinus
http://arctosdb.org/home/data/; https://creativecommons.org/publicdomain/zero/1.0,United States,Nevada,"Toiyabe Range, Wisconsin Creek, 4.65 km N, 2.75 km E South Toiyabe Peak",6/14/11,38.96173,-117.27229,male,,Tamias,Rodentia,Sciuridae,2357.63,2357.63,Tamias umbrinus
http://arctosdb.org/home/data/; https://creativecommons.org/publicdomain/zero/1.0,United States,Nevada,"Ruby Mountains, Dollar Lakes, 0.725 km N, 1.1 km W Favre Peak summit",7/14/13,40.59159,-115.38762,female,,Tamias,Rodentia,Sciuridae,2954.43,2954.43,Tamias umbrinus
http://arctosdb.org/home/data/; https://creativecommons.org/publicdomain/zero/1.0,United States,Nevada,"Snake Range, Great Basin National Park, Baker Creek trailhead",7/28/15,38.97783,-114.24201,female,,Tamias,Rodentia,Sciuridae,2434.74,2434.74,Tamias umbrinus
http://arctosdb.org/home/data/; https://creativecommons.org/publicdomain/zero/1.0,United States,Nevada,"Snake Range, Great Basin National Park, Baker Creek trailhead",7/28/15,38.97783,-114.24201,male,,Tamias,Rodentia,Sciuridae,2434.74,2434.74,Tamias umbrinus
http://arctosdb.org/home/data/; https://creativecommons.org/publicdomain/zero/1.0,United States,Nevada,"Snake Range, Great Basin National Park, Baker Creek trailhead",7/28/15,38.97783,-114.24201,male,,Tamias,Rodentia,Sciuridae,2434.74,2434.74,Tamias umbrinus
http://arctosdb.org/home/data/; https://creativecommons.org/publicdomain/zero/1.0,United States,Nevada,"Snake Range, Great Basin National Park, Baker Creek trailhead",7/29/15,38.97783,-114.24201,female,,Tamias,Rodentia,Sciuridae,2434.74,2434.74,Tamias umbrinus
http://arctosdb.org/home/data/; https://creativecommons.org/publicdomain/zero/1.0,United States,Nevada,"Snake Range, Great Basin National Park, Baker Creek Canyon, Gray Cliffs",7/28/15,38.98949,-114.22126,female,,Tamias,Rodentia,Sciuridae,2159.51,2159.51,Tamias umbrinus
http://arctosdb.org/home/data/; https://creativecommons.org/publicdomain/zero/1.0,United States,Nevada,"Ruby Mountains, Lamoille Creek, 1.0 km N, 1.25 km W Favre Peak summit",7/14/13,40.59416,-115.38976,female,,Tamias,Rodentia,Sciuridae,2949.24,2949.24,Tamias umbrinus
http://arctosdb.org/home/data/; https://creativecommons.org/publicdomain/zero/1.0,United States,Nevada,"Ruby Mountains, Lamoille Creek, 1.0 km N, 1.25 km W Favre Peak summit",7/14/13,40.59416,-115.38976,female,,Tamias,Rodentia,Sciuridae,2949.24,2949.24,Tamias umbrinus
http://arctosdb.org/home/data/; https://creativecommons.org/publicdomain/zero/1.0,United States,Nevada,"Ruby Mountains, Lamoille Creek, 1.0 km N, 1.25 km W Favre Peak summit",7/17/13,40.59416,-115.38976,male,,Tamias,Rodentia,Sciuridae,2949.24,2949.24,Tamias umbrinus
http://arctosdb.org/home/data/; https://creativecommons.org/publicdomain/zero/1.0,United States,Nevada,"Ruby Mountains, Thomas Creek, 0.2 km above mouth",7/19/13,40.64897,-115.40548,female,,Tamias,Rodentia,Sciuridae,2316.48,2316.48,Tamias umbrinus
http://arctosdb.org/home/data/; https://creativecommons.org/publicdomain/zero/1.0,United States,Nevada,"Snake Range, Great Basin National Park, Lehman Creek Canyon",7/27/15,39.01108,-114.25896,female,,Tamias,Rodentia,Sciuridae,2425.9,2425.9,Tamias umbrinus
http://arctosdb.org/home/data/; https://creativecommons.org/publicdomain/zero/1.0,United States,Nevada,"Snake Range, Great Basin National Park, Baker Creek Canyon, Gray Cliffs",7/28/15,38.98949,-114.22126,male,,Tamias,Rodentia,Sciuridae,2159.51,2159.51,Tamias umbrinus
http://arctosdb.org/home/data/; https://creativecommons.org/publicdomain/zero/1.0,United States,Nevada,"Snake Range, Great Basin National Park, Lehman Creek Canyon",7/27/15,39.01251,-114.25932,female,,Tamias,Rodentia,Sciuridae,2414.02,2414.02,Tamias umbrinus
http://arctosdb.org/home/data/; https://creativecommons.org/publicdomain/zero/1.0,United States,Nevada,"Snake Range, Great Basin National Park, 2.25 km S, 1.45 km W Lehman Caves visitors center",7/4/15,38.98556,-114.23518,female,,Tamias,Rodentia,Sciuridae,2365.25,2365.25,Tamias umbrinus
http://arctosdb.org/home/data/; https://creativecommons.org/publicdomain/zero/1.0,United States,Nevada,"Ruby Mountains, 3.0 km N, 3.1 km W confluence of right and main forks of Lamoille Creek",6/25/13,40.6912,-115.47614,male,,Tamias,Rodentia,Sciuridae,1606.3,1606.3,Tamias umbrinus
http://arctosdb.org/home/data/; https://creativecommons.org/publicdomain/zero/1.0,United States,Nevada,"Ruby Mountains, Lamoille Canyon, 1.4 km N, 0.4 km W Favre Peak summit",7/12/13,40.59728,-115.37918,male,,Tamias,Rodentia,Sciuridae,2807.82,2807.82,Tamias umbrinus
http://arctosdb.org/home/data/; https://creativecommons.org/publicdomain/zero/1.0,United States,Nevada,"Snake Range, Great Basin Nat'l Park, Wheeler Peak Scenic Drive",7/29/15,39.02705,-114.26614,female,,Tamias,Rodentia,Sciuridae,2618.84,2618.84,Tamias umbrinus
http://arctosdb.org/home/data/; https://creativecommons.org/publicdomain/zero/1.0,United States,Nevada,"Snake Range, Great Basin Nat'l Park, Wheeler Peak Scenic Drive",7/29/15,39.02705,-114.26614,male,,Tamias,Rodentia,Sciuridae,2618.84,2618.84,Tamias umbrinus
http://arctosdb.org/home/data/; https://creativecommons.org/publicdomain/zero/1.0,United States,Nevada,"Snake Range, Great Basin Nat'l Park, Wheeler Peak Scenic Drive",7/29/15,39.03197,-114.26502,male,,Tamias,Rodentia,Sciuridae,2585.92,2585.92,Tamias umbrinus
http://arctosdb.org/home/data/; https://creativecommons.org/publicdomain/zero/1.0,United States,Nevada,"Snake Range, Great Basin Nat'l Park, Wheeler Peak Scenic Drive",7/29/15,39.02705,-114.26614,female,,Tamias,Rodentia,Sciuridae,2618.84,2618.84,Tamias umbrinus
http://arctosdb.org/home/data/; https://creativecommons.org/publicdomain/zero/1.0,United States,Nevada,"Snake Range, Great Basin Nat'l Park, Wheeler Peak Scenic Drive",7/29/15,39.02705,-114.26614,female,,Tamias,Rodentia,Sciuridae,2618.84,2618.84,Tamias umbrinus
http://arctosdb.org/home/data/; https://creativecommons.org/publicdomain/zero/1.0,United States,Nevada,"Snake Range, Great Basin Nat'l Park, Wheeler Peak Scenic Drive",7/29/15,39.02705,-114.26614,female,,Tamias,Rodentia,Sciuridae,2618.84,2618.84,Tamias umbrinus
http://arctosdb.org/home/data/; https://creativecommons.org/publicdomain/zero/1.0,United States,Nevada,"Snake Range, Great Basin National Park, Lehman Creek Canyon",7/27/15,39.01251,-114.25932,female,,Tamias,Rodentia,Sciuridae,2414.02,2414.02,Tamias umbrinus
http://arctosdb.org/home/data/; https://creativecommons.org/publicdomain/zero/1.0,United States,Nevada,"Snake Range, Great Basin National Park, Baker Creek Canyon, Gray Cliffs",7/28/15,38.98949,-114.22126,male,,Tamias,Rodentia,Sciuridae,2159.51,2159.51,Tamias umbrinus
http://arctosdb.org/home/data/; https://creativecommons.org/publicdomain/zero/1.0,United States,Nevada,"Snake Range, Great Basin National Park, Lehman Creek Canyon",7/27/15,39.01108,-114.25896,male,,Tamias,Rodentia,Sciuridae,2425.9,2425.9,Tamias umbrinus
http://arctosdb.org/home/data/; https://creativecommons.org/publicdomain/zero/1.0,United States,Nevada,"Snake Range, Great Basin National Park, 0.40 km S outlet of Stella Lake",8/20/15,39.00217,-114.31868,male,,Tamias,Rodentia,Sciuridae,3211.37,3211.37,Tamias umbrinus
http://arctosdb.org/home/data/; https://creativecommons.org/publicdomain/zero/1.0,United States,Nevada,"Ruby Mountains, 3.0 km N, 3.1 km W confluence of right and main forks of Lamoille Creek",6/25/13,40.6912,-115.47614,female,,Tamias,Rodentia,Sciuridae,1606.3,1606.3,Tamias umbrinus
http://arctosdb.org/home/data/; https://creativecommons.org/publicdomain/zero/1.0,United States,Nevada,"Snake Range, Great Basin National Park, Lehman Creek Canyon",7/25/15,39.01357,-114.2591,male,,Tamias,Rodentia,Sciuridae,2435.35,2435.35,Tamias umbrinus
http://arctosdb.org/home/data/; https://creativecommons.org/publicdomain/zero/1.0,United States,Nevada,"Snake Range, Great Basin National Park, Lehman Creek Canyon",7/25/15,39.01108,-114.25896,female,,Tamias,Rodentia,Sciuridae,2425.9,2425.9,Tamias umbrinus
http://arctosdb.org/home/data/; https://creativecommons.org/publicdomain/zero/1.0,United States,Nevada,"Snake Range, Great Basin National Park, Lehman Creek Canyon",7/25/15,39.01108,-114.25896,male,,Tamias,Rodentia,Sciuridae,2425.9,2425.9,Tamias umbrinus
http://arctosdb.org/home/data/; https://creativecommons.org/publicdomain/zero/1.0,United States,Nevada,"Snake Range, Great Basin National Park, Baker Creek Canyon, Gray Cliffs",7/29/15,38.98949,-114.22126,female,,Tamias,Rodentia,Sciuridae,2159.51,2159.51,Tamias umbrinus
http://arctosdb.org/home/data/; https://creativecommons.org/publicdomain/zero/1.0,United States,Nevada,"Snake Range, Great Basin National Park, Baker Creek Canyon, Gray Cliffs",7/29/15,38.98949,-114.22126,male,,Tamias,Rodentia,Sciuridae,2159.51,2159.51,Tamias umbrinus
http://arctosdb.org/home/data/; https://creativecommons.org/publicdomain/zero/1.0,United States,Nevada,"Snake Range, Great Basin National Park, 0.15 km NE outlet of Stella Lake",8/19/15,39.00673,-114.3168,male,,Tamias,Rodentia,Sciuridae,3162.6,3162.6,Tamias umbrinus
http://arctosdb.org/home/data/; https://creativecommons.org/publicdomain/zero/1.0,United States,Nevada,"Snake Range, Great Basin National Park, 0.45 km S summit of Bald Mountain",8/24/15,39.01598,-114.32269,male,,Tamias,Rodentia,Sciuridae,3397,3397,Tamias umbrinus
http://arctosdb.org/home/data/; https://creativecommons.org/publicdomain/zero/1.0,United States,Nevada,"Snake Range, Great Basin National Park, Baker Creek trailhead",7/29/15,38.97783,-114.24201,male,,Tamias,Rodentia,Sciuridae,2434.74,2434.74,Tamias umbrinus
http://arctosdb.org/home/data/; https://creativecommons.org/publicdomain/zero/1.0,United States,Nevada,"Snake Range, Great Basin National Park, 0.45 km S summit of Bald Mountain",8/24/15,39.01598,-114.32269,male,,Tamias,Rodentia,Sciuridae,3397,3397,Tamias umbrinus
http://arctosdb.org/home/data/; https://creativecommons.org/publicdomain/zero/1.0,United States,Nevada,"Snake Range, Great Basin National Park, Baker Creek trailhead",7/30/15,38.97783,-114.24201,male,,Tamias,Rodentia,Sciuridae,2434.74,2434.74,Tamias umbrinus
http://arctosdb.org/home/data/; https://creativecommons.org/publicdomain/zero/1.0,United States,Nevada,"Snake Range, Great Basin National Park, Baker Creek trailhead",7/30/15,38.97783,-114.24201,female,,Tamias,Rodentia,Sciuridae,2434.74,2434.74,Tamias umbrinus
http://arctosdb.org/home/data/; https://creativecommons.org/publicdomain/zero/1.0,United States,Nevada,"Snake Range, Great Basin National Park, Baker Creek trailhead",7/29/15,38.97783,-114.24201,male,,Tamias,Rodentia,Sciuridae,2434.74,2434.74,Tamias umbrinus
http://arctosdb.org/home/data/; https://creativecommons.org/publicdomain/zero/1.0,United States,Nevada,"Snake Range, Great Basin National Park, Baker Creek trailhead",7/29/15,38.97783,-114.24201,female,,Tamias,Rodentia,Sciuridae,2434.74,2434.74,Tamias umbrinus
http://arctosdb.org/home/data/; https://creativecommons.org/publicdomain/zero/1.0,United States,Nevada,"Ruby Mountains, Lamoille Canyon, 1.7 km S, 0.85 km W Verdi Peak summit",7/10/13,40.62915,-115.36746,female,,Tamias,Rodentia,Sciuridae,2584.7,2584.7,Tamias umbrinus
http://arctosdb.org/home/data/; https://creativecommons.org/publicdomain/zero/1.0,United States,Nevada,"Ruby Mountains, 2.9 km N, 2.6 km W confluence of right and main forks of Lamoille Creek",6/26/13,40.68893,-115.47057,female,,Tamias,Rodentia,Sciuridae,2012.59,2012.59,Tamias umbrinus
http://arctosdb.org/home/data/; https://creativecommons.org/publicdomain/zero/1.0,United States,Nevada,"Ruby Mountains, 0.6 km S, 0.3 km E confluence of right and main forks or Lamoille Creek",6/26/13,40.65495,-115.43705,male,,Tamias,Rodentia,Sciuridae,2188.16,2188.16,Tamias umbrinus
http://arctosdb.org/home/data/; https://creativecommons.org/publicdomain/zero/1.0,United States,Nevada,"Ruby Mountains, 0.6 km S, 0.3 km E confluence of right and main forks or Lamoille Creek",6/26/13,40.65495,-115.43705,female,,Tamias,Rodentia,Sciuridae,2188.16,2188.16,Tamias umbrinus
http://arctosdb.org/home/data/; https://creativecommons.org/publicdomain/zero/1.0,United States,Nevada,"Snake Range, Great Basin National Park, 0.15 km NE outlet of Stella Lake",8/18/15,39.00673,-114.3168,female,,Tamias,Rodentia,Sciuridae,3162.6,3162.6,Tamias umbrinus
http://arctosdb.org/home/data/; https://creativecommons.org/publicdomain/zero/1.0,United States,Nevada,"Snake Range, Great Basin National Park, Wheeler Peak campground, Lehman Creek",8/18/15,39.01025,-114.29868,female,,Tamias,Rodentia,Sciuridae,2997.71,2997.71,Tamias umbrinus
http://arctosdb.org/home/data/; https://creativecommons.org/publicdomain/zero/1.0,United States,Nevada,"Snake Range, Great Basin National Park, Wheeler Peak campground, Lehman Creek",8/18/15,39.01025,-114.29868,male,,Tamias,Rodentia,Sciuridae,2997.71,2997.71,Tamias umbrinus
http://arctosdb.org/home/data/; https://creativecommons.org/publicdomain/zero/1.0,United States,Nevada,"Snake Range, Great Basin National Park, Wheeler Peak campground, Lehman Creek",8/18/15,39.01025,-114.29868,male,,Tamias,Rodentia,Sciuridae,2997.71,2997.71,Tamias umbrinus
http://arctosdb.org/home/data/; https://creativecommons.org/publicdomain/zero/1.0,United States,Nevada,"Snake Range, Great Basin National Park, 0.30 km S, 0.35 km W outlet Stella Lake",8/21/15,39.0034,-114.32253,female,,Tamias,Rodentia,Sciuridae,3344.57,3344.57,Tamias umbrinus
http://arctosdb.org/home/data/; https://creativecommons.org/publicdomain/zero/1.0,United States,Nevada,"Snake Range, Great Basin National Park, Lehman Creek Canyon",7/26/15,39.01251,-114.25932,male,,Tamias,Rodentia,Sciuridae,2414.02,2414.02,Tamias umbrinus
http://arctosdb.org/home/data/; https://creativecommons.org/publicdomain/zero/1.0,United States,Nevada,"Snake Range, Great Basin National Park, Baker Creek trailhead",7/1/15,38.97694,-114.24701,female,,Tamias,Rodentia,Sciuridae,2474.37,2474.37,Tamias umbrinus
http://arctosdb.org/home/data/; https://creativecommons.org/publicdomain/zero/1.0,United States,Nevada,"Snake Range, Great Basin National Park, Baker Creek trailhead",7/2/15,38.97694,-114.24701,female,,Tamias,Rodentia,Sciuridae,2474.37,2474.37,Tamias umbrinus
http://arctosdb.org/home/data/; https://creativecommons.org/publicdomain/zero/1.0,United States,Nevada,"Snake Range, Great Basin National Park, Baker Creek trailhead",7/31/15,38.97783,-114.24201,male,,Tamias,Rodentia,Sciuridae,2434.74,2434.74,Tamias umbrinus
http://arctosdb.org/home/data/; https://creativecommons.org/publicdomain/zero/1.0,United States,Nevada,"Snake Range, Great Basin National Park, Wheeler Peak campground, Lehman Creek",8/18/15,39.01025,-114.29868,male,,Tamias,Rodentia,Sciuridae,2997.71,2997.71,Tamias umbrinus
http://arctosdb.org/home/data/; https://creativecommons.org/publicdomain/zero/1.0,United States,Nevada,"Snake Range, Great Basin National Park, 0.15 km NE outlet of Stella Lake",8/18/15,39.00673,-114.3168,female,,Tamias,Rodentia,Sciuridae,3162.6,3162.6,Tamias umbrinus
http://arctosdb.org/home/data/; https://creativecommons.org/publicdomain/zero/1.0,United States,Nevada,"Snake Range, Great Basin National Park, 0.15 km NE outlet of Stella Lake",8/18/15,39.00673,-114.3168,female,,Tamias,Rodentia,Sciuridae,3162.6,3162.6,Tamias umbrinus
http://arctosdb.org/home/data/; https://creativecommons.org/publicdomain/zero/1.0,United States,Nevada,"Snake Range, Great Basin National Park, 0.15 km NE outlet of Stella Lake",8/18/15,39.00673,-114.3168,female,,Tamias,Rodentia,Sciuridae,3162.6,3162.6,Tamias umbrinus
http://arctosdb.org/home/data/; https://creativecommons.org/publicdomain/zero/1.0,United States,Nevada,"Snake Range, Great Basin National Park, Baker Creek trailhead",7/2/15,38.97601,-114.24632,female,,Tamias,Rodentia,Sciuridae,2451.81,2451.81,Tamias umbrinus
http://arctosdb.org/home/data/; https://creativecommons.org/publicdomain/zero/1.0,United States,Nevada,"Snake Range, Great Basin National Park, Baker Creek trailhead",6/30/15,38.97648,-114.24684,female,,Tamias,Rodentia,Sciuridae,2453.34,2453.34,Tamias umbrinus
http://arctosdb.org/home/data/; https://creativecommons.org/publicdomain/zero/1.0,United States,Nevada,"Snake Range, Great Basin National Park, Baker Creek trailhead",6/30/15,38.97694,-114.24701,female,,Tamias,Rodentia,Sciuridae,2474.37,2474.37,Tamias umbrinus
http://arctosdb.org/home/data/; https://creativecommons.org/publicdomain/zero/1.0,United States,Nevada,"Snake Range, Great Basin National Park, 0.60 km S, 0.30 km E summit of Bald Mountain",8/25/15,39.01449,-114.31933,male,,Tamias,Rodentia,Sciuridae,3288.18,3288.18,Tamias umbrinus
http://arctosdb.org/home/data/; https://creativecommons.org/publicdomain/zero/1.0,United States,Nevada,"Snake Range, Great Basin National Park, 0.45 km S summit of Bald Mountain",8/25/15,39.01598,-114.32269,female,,Tamias,Rodentia,Sciuridae,3397,3397,Tamias umbrinus
http://arctosdb.org/home/data/; https://creativecommons.org/publicdomain/zero/1.0,United States,Nevada,"Snake Range, Great Basin National Park, 0.35 km S, 0.25 km W confluence of main and south forks of Baker Creek",8/15/15,38.97221,-114.25002,female,,Tamias,Rodentia,Sciuridae,2530.14,2530.14,Tamias umbrinus
http://arctosdb.org/home/data/; https://creativecommons.org/publicdomain/zero/1.0,United States,Nevada,"Snake Range, Great Basin National Park, 0.35 km S, 0.25 km W confluence of main and south forks of Baker Creek",8/16/15,38.97221,-114.25002,female,,Tamias,Rodentia,Sciuridae,2530.14,2530.14,Tamias umbrinus
http://arctosdb.org/home/data/; https://creativecommons.org/publicdomain/zero/1.0,United States,Nevada,"Snake Range, Great Basin Nat'l Park, Wheeler Peak Scenic Drive",7/29/15,39.02705,-114.26614,female,,Tamias,Rodentia,Sciuridae,2618.84,2618.84,Tamias umbrinus
http://arctosdb.org/home/data/; https://creativecommons.org/publicdomain/zero/1.0,United States,Nevada,"Snake Range, Great Basin Nat'l Park, Wheeler Peak Scenic Drive",7/31/15,39.02705,-114.26614,female,,Tamias,Rodentia,Sciuridae,2618.84,2618.84,Tamias umbrinus
http://arctosdb.org/home/data/; https://creativecommons.org/publicdomain/zero/1.0,United States,Nevada,"Snake Range, Great Basin Nat'l Park, Wheeler Peak Scenic Drive",7/29/15,39.03197,-114.26502,male,,Tamias,Rodentia,Sciuridae,2585.92,2585.92,Tamias umbrinus
http://arctosdb.org/home/data/; https://creativecommons.org/publicdomain/zero/1.0,United States,Nevada,"Snake Range, Great Basin Nat'l Park, Wheeler Peak Scenic Drive",8/1/15,39.02705,-114.26614,female,,Tamias,Rodentia,Sciuridae,2618.84,2618.84,Tamias umbrinus
http://arctosdb.org/home/data/; https://creativecommons.org/publicdomain/zero/1.0,United States,Nevada,"Snake Range, Great Basin National Park, Wheeler Peak campground, Lehman Creek",8/18/15,39.01025,-114.29868,female,,Tamias,Rodentia,Sciuridae,2997.71,2997.71,Tamias umbrinus
http://arctosdb.org/home/data/; https://creativecommons.org/publicdomain/zero/1.0,United States,Nevada,"Snake Range, Great Basin National Park, Wheeler Peak campground, Lehman Creek",8/18/15,39.01025,-114.29868,female,,Tamias,Rodentia,Sciuridae,2997.71,2997.71,Tamias umbrinus
http://arctosdb.org/home/data/; https://creativecommons.org/publicdomain/zero/1.0,United States,Nevada,"Snake Range, Great Basin National Park, Wheeler Peak campground, Lehman Creek",8/18/15,39.01025,-114.29868,male,,Tamias,Rodentia,Sciuridae,2997.71,2997.71,Tamias umbrinus
http://arctosdb.org/home/data/; https://creativecommons.org/publicdomain/zero/1.0,United States,Nevada,"Snake Range, Great Basin National Park, 0.15 km N outlet of Stella Lake",8/18/15,39.00725,-114.31796,male,,Tamias,Rodentia,Sciuridae,3176.02,3176.02,Tamias umbrinus
http://arctosdb.org/home/data/; https://creativecommons.org/publicdomain/zero/1.0,United States,Nevada,"Snake Range, Great Basin National Park, 0.15 km N outlet of Stella Lake",8/18/15,39.00725,-114.31796,female,,Tamias,Rodentia,Sciuridae,3176.02,3176.02,Tamias umbrinus
http://arctosdb.org/home/data/; https://creativecommons.org/publicdomain/zero/1.0,United States,Nevada,"Snake Range, Great Basin Nat'l Park, Wheeler Peak Scenic Drive",7/29/15,39.02831,-114.26718,female,,Tamias,Rodentia,Sciuridae,2582.88,2582.88,Tamias umbrinus
http://arctosdb.org/home/data/; https://creativecommons.org/publicdomain/zero/1.0,United States,Nevada,"Snake Range, Great Basin National Park, Lehman Creek Canyon",7/25/15,39.01108,-114.25896,male,,Tamias,Rodentia,Sciuridae,2425.9,2425.9,Tamias umbrinus
http://arctosdb.org/home/data/; https://creativecommons.org/publicdomain/zero/1.0,United States,Nevada,"Snake Range, Great Basin National Park, Baker Creek trailhead",7/2/15,38.97694,-114.24701,male,,Tamias,Rodentia,Sciuridae,2474.37,2474.37,Tamias umbrinus
http://arctosdb.org/home/data/; https://creativecommons.org/publicdomain/zero/1.0,United States,Nevada,"Snake Range, Great Basin Nat'l Park, Wheeler Peak Scenic Drive",7/29/15,39.02705,-114.26614,female,,Tamias,Rodentia,Sciuridae,2618.84,2618.84,Tamias umbrinus
http://arctosdb.org/home/data/; https://creativecommons.org/publicdomain/zero/1.0,United States,Nevada,"Snake Range, Great Basin Nat'l Park, Wheeler Peak Scenic Drive",7/30/15,39.02705,-114.26614,male,,Tamias,Rodentia,Sciuridae,2618.84,2618.84,Tamias umbrinus
http://arctosdb.org/home/data/; https://creativecommons.org/publicdomain/zero/1.0,United States,Nevada,"Snake Range, Great Basin Nat'l Park, Wheeler Peak Scenic Drive",7/29/15,39.02831,-114.26718,female,,Tamias,Rodentia,Sciuridae,2582.88,2582.88,Tamias umbrinus
http://arctosdb.org/home/data/; https://creativecommons.org/publicdomain/zero/1.0,United States,Nevada,"Snake Range, Great Basin Nat'l Park, Wheeler Peak Scenic Drive",7/29/15,39.02831,-114.26718,male,,Tamias,Rodentia,Sciuridae,2582.88,2582.88,Tamias umbrinus
http://arctosdb.org/home/data/; https://creativecommons.org/publicdomain/zero/1.0,United States,Nevada,"Snake Range, Great Basin Nat'l Park, Wheeler Peak Scenic Drive",7/30/15,39.02831,-114.26718,male,,Tamias,Rodentia,Sciuridae,2582.88,2582.88,Tamias umbrinus
http://arctosdb.org/home/data/; https://creativecommons.org/publicdomain/zero/1.0,United States,Nevada,"Snake Range, Great Basin National Park, 0.35 km S, 0.25 km W confluence of main and south forks of Baker Creek",8/13/15,38.97221,-114.25002,male,,Tamias,Rodentia,Sciuridae,2530.14,2530.14,Tamias umbrinus
http://arctosdb.org/home/data/; https://creativecommons.org/publicdomain/zero/1.0,United States,Nevada,"Snake Range, Great Basin National Park, 0.10 km N, 0.80 km W confluence of main and south forks of Baker Creek",8/15/15,38.9761,-114.2563,male,,Tamias,Rodentia,Sciuridae,2597.2,2597.2,Tamias umbrinus
http://arctosdb.org/home/data/; https://creativecommons.org/publicdomain/zero/1.0,United States,Nevada,"Snake Range, Great Basin National Park, 0.35 km S, 0.25 km W confluence of main and south forks of Baker Creek",8/15/15,38.97221,-114.25002,female,,Tamias,Rodentia,Sciuridae,2530.14,2530.14,Tamias umbrinus
http://arctosdb.org/home/data/; https://creativecommons.org/publicdomain/zero/1.0,United States,Nevada,"Snake Range, Great Basin National Park, Lehman Creek Canyon",7/25/15,39.01251,-114.25932,male,,Tamias,Rodentia,Sciuridae,2414.02,2414.02,Tamias umbrinus
http://arctosdb.org/home/data/; https://creativecommons.org/publicdomain/zero/1.0,United States,Nevada,"Snake Range, Great Basin National Park, Lehman Creek Canyon",7/25/15,39.01251,-114.25932,female,,Tamias,Rodentia,Sciuridae,2414.02,2414.02,Tamias umbrinus
http://arctosdb.org/home/data/; https://creativecommons.org/publicdomain/zero/1.0,United States,Nevada,"Snake Range, Great Basin National Park, 0.10 km N, 0.80 km W confluence of main and south forks of Baker Creek",8/13/15,38.9761,-114.2563,male,,Tamias,Rodentia,Sciuridae,2597.2,2597.2,Tamias umbrinus
http://arctosdb.org/home/data/; https://creativecommons.org/publicdomain/zero/1.0,United States,Nevada,"Snake Range, Great Basin National Park, Lehman Creek Canyon",7/25/15,39.01108,-114.25896,male,,Tamias,Rodentia,Sciuridae,2425.9,2425.9,Tamias umbrinus
http://arctosdb.org/home/data/; https://creativecommons.org/publicdomain/zero/1.0,United States,Nevada,"Snake Range, Great Basin National Park, 0.15 km NE outlet of Stella Lake",8/18/15,39.00673,-114.3168,female,,Tamias,Rodentia,Sciuridae,3162.6,3162.6,Tamias umbrinus
http://arctosdb.org/home/data/; https://creativecommons.org/publicdomain/zero/1.0,United States,Nevada,"Snake Range, Great Basin National Park, 0.15 km NE outlet of Stella Lake",8/18/15,39.00673,-114.3168,male,,Tamias,Rodentia,Sciuridae,3162.6,3162.6,Tamias umbrinus
http://arctosdb.org/home/data/; https://creativecommons.org/publicdomain/zero/1.0,United States,Nevada,"Snake Range, Great Basin National Park, 0.15 km NE outlet of Stella Lake",8/18/15,39.00673,-114.3168,male,,Tamias,Rodentia,Sciuridae,3162.6,3162.6,Tamias umbrinus
http://arctosdb.org/home/data/; https://creativecommons.org/publicdomain/zero/1.0,United States,Nevada,"Snake Range, Great Basin National Park, 0.15 km NE outlet of Stella Lake",8/18/15,39.00673,-114.3168,male,,Tamias,Rodentia,Sciuridae,3162.6,3162.6,Tamias umbrinus
http://arctosdb.org/home/data/; https://creativecommons.org/publicdomain/zero/1.0,United States,Nevada,"Snake Range, Great Basin National Park, 0.40 km S outlet of Stella Lake",8/18/15,39.00217,-114.31868,female,,Tamias,Rodentia,Sciuridae,3211.37,3211.37,Tamias umbrinus
http://arctosdb.org/home/data/; https://creativecommons.org/publicdomain/zero/1.0,United States,Nevada,"Snake Range, Great Basin National Park, 0.15 km N outlet of Stella Lake",8/18/15,39.00725,-114.31796,male,,Tamias,Rodentia,Sciuridae,3176.02,3176.02,Tamias umbrinus
http://arctosdb.org/home/data/; https://creativecommons.org/publicdomain/zero/1.0,United States,Nevada,"Snake Range, Great Basin National Park, 0.50 km N, 0.05 km E outlet of Stella Lake",8/24/15,39.01051,-114.31777,female,,Tamias,Rodentia,Sciuridae,3200.4,3200.4,Tamias umbrinus
http://arctosdb.org/home/data/; https://creativecommons.org/publicdomain/zero/1.0,United States,Nevada,"Snake Range, Great Basin National Park, Wheeler Peak campground",8/19/15,39.01101,-114.30127,female,,Tamias,Rodentia,Sciuridae,2997.71,2997.71,Tamias umbrinus
http://arctosdb.org/home/data/; https://creativecommons.org/publicdomain/zero/1.0,United States,Nevada,"Snake Range, Great Basin National Park, Wheeler Peak campground",8/19/15,39.01101,-114.30127,male,,Tamias,Rodentia,Sciuridae,2997.71,2997.71,Tamias umbrinus
http://arctosdb.org/home/data/; https://creativecommons.org/publicdomain/zero/1.0,United States,Nevada,"Snake Range, Great Basin Nat'l Park, Wheeler Peak Scenic Drive",7/29/15,39.02705,-114.26614,female,,Tamias,Rodentia,Sciuridae,2618.84,2618.84,Tamias umbrinus
http://arctosdb.org/home/data/; https://creativecommons.org/publicdomain/zero/1.0,United States,Nevada,"Snake Range, Great Basin National Park, 0.50 km N, 0.05 km E outlet of Stella Lake",8/24/15,39.01051,-114.31777,female,,Tamias,Rodentia,Sciuridae,3200.4,3200.4,Tamias umbrinus
http://arctosdb.org/home/data/; https://creativecommons.org/publicdomain/zero/1.0,United States,Nevada,"Snake Range, Great Basin Nat'l Park, Wheeler Peak Scenic Drive",7/31/15,39.02705,-114.26614,male,,Tamias,Rodentia,Sciuridae,2618.84,2618.84,Tamias umbrinus
http://arctosdb.org/home/data/; https://creativecommons.org/publicdomain/zero/1.0,United States,Nevada,"Snake Range, Great Basin Nat'l Park, Wheeler Peak Scenic Drive",7/30/15,39.02705,-114.26614,female,,Tamias,Rodentia,Sciuridae,2618.84,2618.84,Tamias umbrinus
http://arctosdb.org/home/data/; https://creativecommons.org/publicdomain/zero/1.0,United States,Nevada,"Snake Range, Great Basin Nat'l Park, Wheeler Peak Scenic Drive",7/31/15,39.02705,-114.26614,female,,Tamias,Rodentia,Sciuridae,2618.84,2618.84,Tamias umbrinus
http://arctosdb.org/home/data/; https://creativecommons.org/publicdomain/zero/1.0,United States,Nevada,"Snake Range, Great Basin Nat'l Park, Wheeler Peak Scenic Drive",7/29/15,39.02705,-114.26614,male,,Tamias,Rodentia,Sciuridae,2618.84,2618.84,Tamias umbrinus
http://arctosdb.org/home/data/; https://creativecommons.org/publicdomain/zero/1.0,United States,Nevada,"Snake Range, Great Basin Nat'l Park, Wheeler Peak Scenic Drive",7/29/15,39.02705,-114.26614,male,,Tamias,Rodentia,Sciuridae,2618.84,2618.84,Tamias umbrinus
http://arctosdb.org/home/data/; https://creativecommons.org/publicdomain/zero/1.0,United States,Nevada,"Snake Range, Great Basin Nat'l Park, Wheeler Peak Scenic Drive",7/29/15,39.02831,-114.26718,female,,Tamias,Rodentia,Sciuridae,2582.88,2582.88,Tamias umbrinus
http://arctosdb.org/home/data/; https://creativecommons.org/publicdomain/zero/1.0,United States,Nevada,"Snake Range, Great Basin Nat'l Park, Wheeler Peak Scenic Drive",7/30/15,39.03174,-114.26695,female,,Tamias,Rodentia,Sciuridae,2612.14,2612.14,Tamias umbrinus
http://arctosdb.org/home/data/; https://creativecommons.org/publicdomain/zero/1.0,United States,Nevada,"Snake Range, Great Basin Nat'l Park, Wheeler Peak Scenic Drive",7/29/15,39.03197,-114.26502,female,,Tamias,Rodentia,Sciuridae,2585.92,2585.92,Tamias umbrinus
http://arctosdb.org/home/data/; https://creativecommons.org/publicdomain/zero/1.0,United States,Nevada,"Snake Range, Great Basin Nat'l Park, Wheeler Peak Scenic Drive",7/29/15,39.03197,-114.26502,male,,Tamias,Rodentia,Sciuridae,2585.92,2585.92,Tamias umbrinus
http://arctosdb.org/home/data/; https://creativecommons.org/publicdomain/zero/1.0,United States,Nevada,"Snake Range, Great Basin Nat'l Park, Wheeler Peak Scenic Drive",7/29/15,39.03197,-114.26502,male,,Tamias,Rodentia,Sciuridae,2585.92,2585.92,Tamias umbrinus
http://arctosdb.org/home/data/; https://creativecommons.org/publicdomain/zero/1.0,United States,Nevada,"Snake Range, Great Basin National Park, 0.40 km S outlet of Stella Lake",8/20/15,39.00217,-114.31868,female,,Tamias,Rodentia,Sciuridae,3211.37,3211.37,Tamias umbrinus
http://arctosdb.org/home/data/; https://creativecommons.org/publicdomain/zero/1.0,United States,Nevada,"Snake Range, Great Basin National Park, 0.40 km S outlet of Stella Lake",8/20/15,39.00217,-114.31868,male,,Tamias,Rodentia,Sciuridae,3211.37,3211.37,Tamias umbrinus
http://arctosdb.org/home/data/; https://creativecommons.org/publicdomain/zero/1.0,United States,Nevada,"Snake Range, Great Basin National Park, 0.40 km S outlet of Stella Lake",8/20/15,39.00217,-114.31868,male,,Tamias,Rodentia,Sciuridae,3211.37,3211.37,Tamias umbrinus
http://arctosdb.org/home/data/; https://creativecommons.org/publicdomain/zero/1.0,United States,Nevada,"Snake Range, Great Basin National Park, 0.40 km S outlet of Stella Lake",8/20/15,39.00217,-114.31868,female,,Tamias,Rodentia,Sciuridae,3211.37,3211.37,Tamias umbrinus
http://arctosdb.org/home/data/; https://creativecommons.org/publicdomain/zero/1.0,United States,Nevada,"Snake Range, Great Basin National Park, 0.40 km S outlet of Stella Lake",8/20/15,39.00217,-114.31868,male,,Tamias,Rodentia,Sciuridae,3211.37,3211.37,Tamias umbrinus
http://arctosdb.org/home/data/; https://creativecommons.org/publicdomain/zero/1.0,United States,Nevada,"Snake Range, Great Basin National Park, 0.15 km N outlet of Stella Lake",8/18/15,39.00725,-114.31796,female,,Tamias,Rodentia,Sciuridae,3176.02,3176.02,Tamias umbrinus
http://arctosdb.org/home/data/; https://creativecommons.org/publicdomain/zero/1.0,United States,Nevada,"Snake Range, Great Basin National Park, 0.15 km N outlet of Stella Lake",8/18/15,39.00725,-114.31796,female,,Tamias,Rodentia,Sciuridae,3176.02,3176.02,Tamias umbrinus
http://arctosdb.org/home/data/; https://creativecommons.org/publicdomain/zero/1.0,United States,Nevada,"Snake Range, Great Basin National Park, 0.40 km S outlet of Stella Lake",8/19/15,39.00217,-114.31868,female,,Tamias,Rodentia,Sciuridae,3211.37,3211.37,Tamias umbrinus
http://arctosdb.org/home/data/; https://creativecommons.org/publicdomain/zero/1.0,United States,Nevada,"Snake Range, Great Basin National Park, 0.15 km N outlet of Stella Lake",8/20/15,39.00725,-114.31796,female,,Tamias,Rodentia,Sciuridae,3176.02,3176.02,Tamias umbrinus
http://arctosdb.org/home/data/; https://creativecommons.org/publicdomain/zero/1.0,United States,Nevada,"Snake Range, Great Basin National Park, 0.15 km N outlet of Stella Lake",8/20/15,39.00725,-114.31796,female,,Tamias,Rodentia,Sciuridae,3176.02,3176.02,Tamias umbrinus
http://arctosdb.org/home/data/; https://creativecommons.org/publicdomain/zero/1.0,United States,Nevada,"Snake Range, Great Basin National Park, 0.25 km S, 0.40 km W outlet Stella Lake",8/21/15,39.00383,-114.32315,male,,Tamias,Rodentia,Sciuridae,3334.51,3334.51,Tamias umbrinus
http://arctosdb.org/home/data/; https://creativecommons.org/publicdomain/zero/1.0,United States,Nevada,"Snake Range, Great Basin National Park, 0.15 km NE outlet of Stella Lake",8/20/15,39.00673,-114.3168,female,,Tamias,Rodentia,Sciuridae,3162.6,3162.6,Tamias umbrinus
http://arctosdb.org/home/data/; https://creativecommons.org/publicdomain/zero/1.0,United States,Nevada,"Snake Range, Great Basin National Park, 0.20 km S, 0.50 km W outlet Stella Lake",8/21/15,39.00407,-114.32315,female,,Tamias,Rodentia,Sciuridae,3329.94,3329.94,Tamias umbrinus
http://arctosdb.org/home/data/; https://creativecommons.org/publicdomain/zero/1.0,United States,Nevada,"Snake Range, Great Basin National Park, 0.20 km S, 0.50 km W outlet Stella Lake",8/21/15,39.00407,-114.32315,female,,Tamias,Rodentia,Sciuridae,3329.94,3329.94,Tamias umbrinus
http://arctosdb.org/home/data/; https://creativecommons.org/publicdomain/zero/1.0,United States,Nevada,"Snake Range, Great Basin National Park, 0.20 km S, 0.50 km W outlet Stella Lake",8/21/15,39.00407,-114.32315,male,,Tamias,Rodentia,Sciuridae,3329.94,3329.94,Tamias umbrinus
http://arctosdb.org/home/data/; https://creativecommons.org/publicdomain/zero/1.0,United States,Nevada,"Snake Range, Great Basin National Park, 0.30 km S, 0.35 km W outlet Stella Lake",8/21/15,39.0034,-114.32253,female,,Tamias,Rodentia,Sciuridae,3344.57,3344.57,Tamias umbrinus
http://arctosdb.org/home/data/; https://creativecommons.org/publicdomain/zero/1.0,United States,Nevada,"Snake Range, Great Basin National Park, 0.40 km S outlet of Stella Lake",8/19/15,39.00217,-114.31868,male,,Tamias,Rodentia,Sciuridae,3211.37,3211.37,Tamias umbrinus
http://arctosdb.org/home/data/; https://creativecommons.org/publicdomain/zero/1.0,United States,Nevada,"Snake Range, Great Basin National Park, 0.60 km S, 0.30 km E summit of Bald Mountain",8/22/15,39.01449,-114.31933,female,,Tamias,Rodentia,Sciuridae,3288.18,3288.18,Tamias umbrinus
http://arctosdb.org/home/data/; https://creativecommons.org/publicdomain/zero/1.0,United States,Nevada,"Snake Range, Great Basin National Park, 0.15 km NE outlet of Stella Lake",8/18/15,39.00673,-114.3168,male,,Tamias,Rodentia,Sciuridae,3162.6,3162.6,Tamias umbrinus
http://arctosdb.org/home/data/; https://creativecommons.org/publicdomain/zero/1.0,United States,Nevada,"Snake Range, Great Basin National Park, 0.15 km NE outlet of Stella Lake",8/18/15,39.00673,-114.3168,male,,Tamias,Rodentia,Sciuridae,3162.6,3162.6,Tamias umbrinus
http://arctosdb.org/home/data/; https://creativecommons.org/publicdomain/zero/1.0,United States,Nevada,"Snake Range, Great Basin National Park, 0.15 km NE outlet of Stella Lake",8/20/15,39.00673,-114.3168,female,,Tamias,Rodentia,Sciuridae,3162.6,3162.6,Tamias umbrinus
http://arctosdb.org/home/data/; https://creativecommons.org/publicdomain/zero/1.0,United States,Nevada,"Snake Range, Great Basin National Park, 0.15 km NE outlet of Stella Lake",8/20/15,39.00673,-114.3168,male,,Tamias,Rodentia,Sciuridae,3162.6,3162.6,Tamias umbrinus
http://arctosdb.org/home/data/; https://creativecommons.org/publicdomain/zero/1.0,United States,Nevada,"Snake Range, Great Basin National Park, 0.15 km N outlet of Stella Lake",8/18/15,39.00725,-114.31796,female,,Tamias,Rodentia,Sciuridae,3176.02,3176.02,Tamias umbrinus
http://arctosdb.org/home/data/; https://creativecommons.org/publicdomain/zero/1.0,United States,Nevada,"Snake Range, Great Basin National Park, 0.15 km N outlet of Stella Lake",8/18/15,39.00725,-114.31796,female,,Tamias,Rodentia,Sciuridae,3176.02,3176.02,Tamias umbrinus
http://arctosdb.org/home/data/; https://creativecommons.org/publicdomain/zero/1.0,United States,Nevada,"Snake Range, Great Basin National Park, 0.15 km N outlet of Stella Lake",8/18/15,39.00725,-114.31796,female,,Tamias,Rodentia,Sciuridae,3176.02,3176.02,Tamias umbrinus
http://arctosdb.org/home/data/; https://creativecommons.org/publicdomain/zero/1.0,United States,Nevada,"Snake Range, Great Basin National Park, 0.40 km S outlet of Stella Lake",8/18/15,39.00217,-114.31868,male,,Tamias,Rodentia,Sciuridae,3211.37,3211.37,Tamias umbrinus
http://arctosdb.org/home/data/; https://creativecommons.org/publicdomain/zero/1.0,United States,Nevada,"Snake Range, Great Basin National Park, 0.40 km S outlet of Stella Lake",8/18/15,39.00217,-114.31868,female,,Tamias,Rodentia,Sciuridae,3211.37,3211.37,Tamias umbrinus
http://arctosdb.org/home/data/; https://creativecommons.org/publicdomain/zero/1.0,United States,Nevada,"Snake Range, Great Basin National Park, 0.25 km S, 0.40 km W outlet Stella Lake",8/22/15,39.00383,-114.32315,female,,Tamias,Rodentia,Sciuridae,3334.51,3334.51,Tamias umbrinus
http://arctosdb.org/home/data/; https://creativecommons.org/publicdomain/zero/1.0,United States,Nevada,"Snake Range, Great Basin National Park, 0.25 km S, 0.40 km W outlet Stella Lake",8/23/15,39.00383,-114.32315,male,,Tamias,Rodentia,Sciuridae,3334.51,3334.51,Tamias umbrinus
http://arctosdb.org/home/data/; https://creativecommons.org/publicdomain/zero/1.0,United States,Nevada,"Snake Range, Great Basin National Park, 0.20 km S, 0.50 km W outlet Stella Lake",8/24/15,39.00407,-114.32315,male,,Tamias,Rodentia,Sciuridae,3329.94,3329.94,Tamias umbrinus
http://arctosdb.org/home/data/; https://creativecommons.org/publicdomain/zero/1.0,United States,Nevada,"Snake Range, Great Basin National Park, 0.15 km N outlet of Stella Lake",8/18/15,39.00725,-114.31796,male,,Tamias,Rodentia,Sciuridae,3176.02,3176.02,Tamias umbrinus
http://arctosdb.org/home/data/; https://creativecommons.org/publicdomain/zero/1.0,United States,Nevada,"Snake Range, Great Basin National Park, Wheeler Peak campground, Lehman Creek",8/18/15,39.01025,-114.29868,male,,Tamias,Rodentia,Sciuridae,2997.71,2997.71,Tamias umbrinus
http://arctosdb.org/home/data/; https://creativecommons.org/publicdomain/zero/1.0,United States,Nevada,"Snake Range, Great Basin National Park, 0.45 km S summit of Bald Mountain",8/22/15,39.01598,-114.32269,female,,Tamias,Rodentia,Sciuridae,3397,3397,Tamias umbrinus
http://arctosdb.org/home/data/; https://creativecommons.org/publicdomain/zero/1.0,United States,Nevada,"Snake Range, Great Basin National Park, 0.60 km S, 0.30 km E summit of Bald Mountain",8/24/15,39.01449,-114.31933,female,,Tamias,Rodentia,Sciuridae,3288.18,3288.18,Tamias umbrinus
http://arctosdb.org/home/data/; https://creativecommons.org/publicdomain/zero/1.0,United States,Nevada,"Snake Range, Great Basin National Park, 0.15 km NE outlet of Stella Lake",8/20/15,39.00673,-114.3168,male,,Tamias,Rodentia,Sciuridae,3162.6,3162.6,Tamias umbrinus
http://arctosdb.org/home/data/; https://creativecommons.org/publicdomain/zero/1.0,United States,Nevada,"Snake Range, Great Basin National Park, 0.15 km NE outlet of Stella Lake",8/20/15,39.00673,-114.3168,male,,Tamias,Rodentia,Sciuridae,3162.6,3162.6,Tamias umbrinus
http://arctosdb.org/home/data/; https://creativecommons.org/publicdomain/zero/1.0,United States,Nevada,"Snake Range, Great Basin National Park, 0.45 km S summit of Bald Mountain",8/23/15,39.01598,-114.32269,male,,Tamias,Rodentia,Sciuridae,3397,3397,Tamias umbrinus
http://arctosdb.org/home/data/; https://creativecommons.org/publicdomain/zero/1.0,United States,Nevada,"Snake Range, Great Basin National Park, 0.45 km S summit of Bald Mountain",8/23/15,39.01598,-114.32269,male,,Tamias,Rodentia,Sciuridae,3397,3397,Tamias umbrinus
http://arctosdb.org/home/data/; https://creativecommons.org/publicdomain/zero/1.0,United States,Nevada,"Snake Range, Great Basin National Park, 0.25 km S, 0.40 km W outlet Stella Lake",8/21/15,39.00383,-114.32315,female,,Tamias,Rodentia,Sciuridae,3334.51,3334.51,Tamias umbrinus
http://arctosdb.org/home/data/; https://creativecommons.org/publicdomain/zero/1.0,United States,Nevada,"Snake Range, Great Basin National Park, 0.25 km S, 0.40 km W outlet Stella Lake",8/21/15,39.00383,-114.32315,female,,Tamias,Rodentia,Sciuridae,3334.51,3334.51,Tamias umbrinus
http://arctosdb.org/home/data/; https://creativecommons.org/publicdomain/zero/1.0,United States,Nevada,"Snake Range, Great Basin National Park, Wheeler Peak campground, Lehman Creek",8/18/15,39.01025,-114.29868,female,,Tamias,Rodentia,Sciuridae,2997.71,2997.71,Tamias umbrinus
http://arctosdb.org/home/data/; https://creativecommons.org/publicdomain/zero/1.0,United States,Nevada,"Snake Range, Great Basin National Park, Wheeler Peak campground, Lehman Creek",8/18/15,39.01025,-114.29868,male,,Tamias,Rodentia,Sciuridae,2997.71,2997.71,Tamias umbrinus
http://arctosdb.org/home/data/; https://creativecommons.org/publicdomain/zero/1.0,United States,Nevada,"Snake Range, Great Basin National Park, 0.60 km S, 0.30 km E summit of Bald Mountain",8/22/15,39.01449,-114.31933,female,,Tamias,Rodentia,Sciuridae,3288.18,3288.18,Tamias umbrinus
http://arctosdb.org/home/data/; https://creativecommons.org/publicdomain/zero/1.0,United States,Nevada,"Snake Range, Great Basin National Park, 0.25 km S, 0.40 km W outlet Stella Lake",8/21/15,39.00383,-114.32315,female,,Tamias,Rodentia,Sciuridae,3334.51,3334.51,Tamias umbrinus
http://arctosdb.org/home/data/; https://creativecommons.org/publicdomain/zero/1.0,United States,Nevada,"Snake Range, Great Basin National Park, Wheeler Peak campground, Lehman Creek",8/21/15,39.01168,-114.29943,female,,Tamias,Rodentia,Sciuridae,2994.66,2994.66,Tamias umbrinus
http://arctosdb.org/home/data/; https://creativecommons.org/publicdomain/zero/1.0,United States,Nevada,"Snake Range, Great Basin National Park, 0.15 km NE outlet of Stella Lake",8/18/15,39.00673,-114.3168,female,,Tamias,Rodentia,Sciuridae,3162.6,3162.6,Tamias umbrinus
http://arctosdb.org/home/data/; https://creativecommons.org/publicdomain/zero/1.0,United States,Nevada,"Snake Range, Great Basin National Park, 0.60 km S, 0.30 km E summit of Bald Mountain",8/22/15,39.01449,-114.31933,female,,Tamias,Rodentia,Sciuridae,3288.18,3288.18,Tamias umbrinus
http://arctosdb.org/home/data/; https://creativecommons.org/publicdomain/zero/1.0,United States,Nevada,"Snake Range, Great Basin National Park, 0.60 km S, 0.30 km E summit of Bald Mountain",8/22/15,39.01449,-114.31933,female,,Tamias,Rodentia,Sciuridae,3288.18,3288.18,Tamias umbrinus
http://arctosdb.org/home/data/; https://creativecommons.org/publicdomain/zero/1.0,United States,Nevada,"Snake Range, Great Basin National Park, Wheeler Peak campground, Lehman Creek",8/21/15,39.01168,-114.29943,male,,Tamias,Rodentia,Sciuridae,2994.66,2994.66,Tamias umbrinus
http://arctosdb.org/home/data/; https://creativecommons.org/publicdomain/zero/1.0,United States,Nevada,"Snake Range, Great Basin National Park, Wheeler Peak campground, Lehman Creek",8/19/15,39.01075,-114.29942,male,,Tamias,Rodentia,Sciuridae,2974.85,2974.85,Tamias umbrinus
http://arctosdb.org/home/data/; https://creativecommons.org/publicdomain/zero/1.0,United States,Nevada,"Snake Range, Great Basin National Park, Wheeler Peak campground, Lehman Creek",8/19/15,39.01168,-114.29943,male,,Tamias,Rodentia,Sciuridae,2994.66,2994.66,Tamias umbrinus
http://arctosdb.org/home/data/; https://creativecommons.org/publicdomain/zero/1.0,United States,Nevada,"Snake Range, Great Basin National Park, Wheeler Peak campground, Lehman Creek",8/19/15,39.01168,-114.29943,male,,Tamias,Rodentia,Sciuridae,2994.66,2994.66,Tamias umbrinus
http://arctosdb.org/home/data/; https://creativecommons.org/publicdomain/zero/1.0,United States,Nevada,"Snake Range, Great Basin National Park, Wheeler Peak campground, Lehman Creek",8/18/15,39.01025,-114.29868,male,,Tamias,Rodentia,Sciuridae,2997.71,2997.71,Tamias umbrinus
http://arctosdb.org/home/data/; https://creativecommons.org/publicdomain/zero/1.0,United States,Nevada,"Snake Range, Great Basin National Park, Wheeler Peak campground, Lehman Creek",8/18/15,39.01025,-114.29868,male,,Tamias,Rodentia,Sciuridae,2997.71,2997.71,Tamias umbrinus
http://arctosdb.org/home/data/; https://creativecommons.org/publicdomain/zero/1.0,United States,Nevada,"Snake Range, Great Basin National Park, Wheeler Peak campground, Lehman Creek",8/18/15,39.01025,-114.29868,female,,Tamias,Rodentia,Sciuridae,2997.71,2997.71,Tamias umbrinus
http://arctosdb.org/home/data/; https://creativecommons.org/publicdomain/zero/1.0,United States,Nevada,"Snake Range, Great Basin National Park, Wheeler Peak campground, Lehman Creek",8/18/15,39.01025,-114.29868,female,,Tamias,Rodentia,Sciuridae,2997.71,2997.71,Tamias umbrinus
http://arctosdb.org/home/data/; https://creativecommons.org/publicdomain/zero/1.0,United States,Nevada,"Snake Range, Great Basin National Park, Wheeler Peak campground, Lehman Creek",8/18/15,39.01025,-114.29868,female,,Tamias,Rodentia,Sciuridae,2997.71,2997.71,Tamias umbrinus
http://arctosdb.org/home/data/; https://creativecommons.org/publicdomain/zero/1.0,United States,Nevada,"Snake Range, Great Basin National Park, 0.15 km NE outlet of Stella Lake",8/18/15,39.00673,-114.3168,female,,Tamias,Rodentia,Sciuridae,3162.6,3162.6,Tamias umbrinus
http://arctosdb.org/home/data/; https://creativecommons.org/publicdomain/zero/1.0,United States,Nevada,"Snake Range, Great Basin National Park, 0.60 km S, 0.30 km E summit of Bald Mountain",8/22/15,39.01449,-114.31933,female,,Tamias,Rodentia,Sciuridae,3288.18,3288.18,Tamias umbrinus
http://arctosdb.org/home/data/; https://creativecommons.org/publicdomain/zero/1.0,United States,Nevada,"Snake Range, Great Basin National Park, 0.45 km S summit of Bald Mountain",8/22/15,39.01598,-114.32269,male,,Tamias,Rodentia,Sciuridae,3397,3397,Tamias umbrinus
http://arctosdb.org/home/data/; https://creativecommons.org/publicdomain/zero/1.0,United States,Nevada,"Snake Range, Great Basin National Park, 0.45 km S summit of Bald Mountain",8/22/15,39.01598,-114.32269,male,,Tamias,Rodentia,Sciuridae,3397,3397,Tamias umbrinus
http://arctosdb.org/home/data/; https://creativecommons.org/publicdomain/zero/1.0,United States,Nevada,"Snake Range, Great Basin National Park, 0.45 km S summit of Bald Mountain",8/23/15,39.01598,-114.32269,female,,Tamias,Rodentia,Sciuridae,3397,3397,Tamias umbrinus
http://arctosdb.org/home/data/; https://creativecommons.org/publicdomain/zero/1.0,United States,Nevada,"Snake Range, Great Basin National Park, 0.45 km S summit of Bald Mountain",8/23/15,39.01598,-114.32269,female,,Tamias,Rodentia,Sciuridae,3397,3397,Tamias umbrinus
http://arctosdb.org/home/data/; https://creativecommons.org/publicdomain/zero/1.0,United States,Nevada,"Snake Range, Great Basin National Park, 0.50 km N, 0.05 km E outlet of Stella Lake",8/24/15,39.01051,-114.31777,female,,Tamias,Rodentia,Sciuridae,3200.4,3200.4,Tamias umbrinus
http://arctosdb.org/home/data/; https://creativecommons.org/publicdomain/zero/1.0,United States,Nevada,"Snake Range, Great Basin National Park, Wheeler Peak campground, Lehman Creek",8/19/15,39.01168,-114.29943,male,,Tamias,Rodentia,Sciuridae,2994.66,2994.66,Tamias umbrinus
http://arctosdb.org/home/data/; https://creativecommons.org/publicdomain/zero/1.0,United States,Nevada,"Snake Range, Great Basin National Park, Wheeler Peak campground, Lehman Creek",8/19/15,39.01168,-114.29943,male,,Tamias,Rodentia,Sciuridae,2994.66,2994.66,Tamias umbrinus
http://arctosdb.org/home/data/; https://creativecommons.org/publicdomain/zero/1.0,United States,Nevada,"Snake Range, Great Basin National Park, Wheeler Peak campground, Lehman Creek",8/20/15,39.01168,-114.29943,male,,Tamias,Rodentia,Sciuridae,2994.66,2994.66,Tamias umbrinus
http://arctosdb.org/home/data/; https://creativecommons.org/publicdomain/zero/1.0,United States,Nevada,"Snake Range, Great Basin National Park, 0.45 km S summit of Bald Mountain",8/24/15,39.01598,-114.32269,male,,Tamias,Rodentia,Sciuridae,3397,3397,Tamias umbrinus
http://arctosdb.org/home/data/; https://creativecommons.org/publicdomain/zero/1.0,United States,Nevada,"Snake Range, Great Basin National Park, Wheeler Peak campground, Lehman Creek",8/18/15,39.01025,-114.29868,male,,Tamias,Rodentia,Sciuridae,2997.71,2997.71,Tamias umbrinus
http://arctosdb.org/home/data/; https://creativecommons.org/publicdomain/zero/1.0,United States,Nevada,"Snake Range, Great Basin National Park, 0.15 km N outlet of Stella Lake",8/19/15,39.00725,-114.31796,male,,Tamias,Rodentia,Sciuridae,3176.02,3176.02,Tamias umbrinus
http://arctosdb.org/home/data/; https://creativecommons.org/publicdomain/zero/1.0,United States,Nevada,"Snake Range, Great Basin National Park, 0.15 km NE outlet of Stella Lake",8/18/15,39.00673,-114.3168,female,,Tamias,Rodentia,Sciuridae,3162.6,3162.6,Tamias umbrinus
http://arctosdb.org/home/data/; https://creativecommons.org/publicdomain/zero/1.0,United States,Nevada,"Snake Range, Great Basin National Park, 0.15 km N outlet of Stella Lake",8/18/15,39.00725,-114.31796,female,,Tamias,Rodentia,Sciuridae,3176.02,3176.02,Tamias umbrinus
http://arctosdb.org/home/data/; https://creativecommons.org/publicdomain/zero/1.0,United States,Nevada,"Snake Range, Great Basin National Park, 0.15 km N outlet of Stella Lake",8/18/15,39.00725,-114.31796,female,,Tamias,Rodentia,Sciuridae,3176.02,3176.02,Tamias umbrinus
http://arctosdb.org/home/data/; https://creativecommons.org/publicdomain/zero/1.0,United States,Nevada,"Snake Range, Great Basin National Park, 0.15 km N outlet of Stella Lake",8/18/15,39.00725,-114.31796,female,,Tamias,Rodentia,Sciuridae,3176.02,3176.02,Tamias umbrinus
http://arctosdb.org/home/data/; https://creativecommons.org/publicdomain/zero/1.0,United States,Nevada,"Snake Range, Great Basin National Park, 0.15 km N outlet of Stella Lake",8/19/15,39.00725,-114.31796,male,,Tamias,Rodentia,Sciuridae,3176.02,3176.02,Tamias umbrinus
http://arctosdb.org/home/data/; https://creativecommons.org/publicdomain/zero/1.0,United States,Nevada,"Snake Range, Great Basin National Park, vicinity of Lehman Caves",6/26/15,39.00583,-114.22038,female,,Tamias,Rodentia,Sciuridae,2081.78,2081.78,Tamias umbrinus
http://arctosdb.org/home/data/; https://creativecommons.org/publicdomain/zero/1.0,United States,Nevada,"Snake Range, Great Basin National Park, Snake Creek Canyon, 2.4 km S, 4 km E Pyramid Peak",16-Jun-16,38.92734,-114.25452,female,,Tamias,Rodentia,Sciuridae,8340,8340,Tamias umbrinus
http://arctosdb.org/home/data/; https://creativecommons.org/publicdomain/zero/1.0,United States,Nevada,"Snake Range, Great Basin National Park, Snake Creek Canyon, 2.4 km S, 4 km E Pyramid Peak",17-Jun-16,38.92734,-114.25452,female,,Tamias,Rodentia,Sciuridae,8340,8340,Tamias umbrinus
http://arctosdb.org/home/data/; https://creativecommons.org/publicdomain/zero/1.0,United States,Nevada,"Snake Range, Great Basin National Park, Strawberry Creek, 4.4 km S, 7.2 km E Osceola",20-Jun-16,39.05363,-114.30286,female,,Tamias,Rodentia,Sciuridae,7955,7955,Tamias umbrinus
http://arctosdb.org/home/data/; https://creativecommons.org/publicdomain/zero/1.0,United States,Nevada,"Snake Range, Great Basin National Park, Strawberry Creek, 4.4 km S, 7.2 km E Osceola",21-Jun-16,39.05363,-114.30286,male,,Tamias,Rodentia,Sciuridae,7955,7955,Tamias umbrinus
http://arctosdb.org/home/data/; https://creativecommons.org/publicdomain/zero/1.0,United States,Nevada,"Snake Range, Great Basin National Park, Baker Creek, 1.2 km N Pyramid Peak",24-Aug-16,38.95815,-114.29432,female,,Tamias,Rodentia,Sciuridae,10151,10151,Tamias umbrinus
http://arctosdb.org/home/data/; https://creativecommons.org/publicdomain/zero/1.0,United States,Nevada,"Snake Range, Great Basin National Park, Baker Creek, 1.2 km N Pyramid Peak",25-Aug-16,38.95847,-114.29528,male,,Tamias,Rodentia,Sciuridae,10047,10047,Tamias umbrinus
http://arctosdb.org/home/data/; https://creativecommons.org/publicdomain/zero/1.0,United States,Nevada,"Snake Range, Great Basin National Park, Baker Creek, 1.2 km N Pyramid Peak",26-Aug-16,38.96107,-114.29488,male,,Tamias,Rodentia,Sciuridae,9948,9948,Tamias umbrinus
http://arctosdb.org/home/data/; https://creativecommons.org/publicdomain/zero/1.0,United States,Nevada,"Snake Range, Great Basin National Park, Baker Creek, 1.2 km N Pyramid Peak",26-Aug-16,38.96107,-114.29488,male,,Tamias,Rodentia,Sciuridae,9948,9948,Tamias umbrinus
http://arctosdb.org/home/data/; https://creativecommons.org/publicdomain/zero/1.0,United States,Nevada,"Snake Range, Great Basin National Park, Baker Creek, 1.2 km N Pyramid Peak",26-Aug-16,38.96107,-114.29488,female,,Tamias,Rodentia,Sciuridae,9948,9948,Tamias umbrinus
http://arctosdb.org/home/data/; https://creativecommons.org/licenses/by-nc/3.0,United States,Nevada,Lehman Caves,DY 29 | MO MAY | YR 1941,39.00556,-114.21944,male,subadult,Tamias,Rodentia,Sciuridae,,,Tamias umbrinus
http://arctosdb.org/home/data/; https://creativecommons.org/licenses/by/3.0,United States,Nevada,"S side Summit Mt, N end Monitor Range",10/7/53,38.814099,-116.561738,male,,Tamias,Rodentia,Sciuridae,,,Tamias umbrinus
http://arctosdb.org/home/data/; https://creativecommons.org/licenses/by/3.0,United States,Nevada,"200 yd. below Johnson Lake, Snake Range",8/5/59,38.941967,-114.297713,male,,Tamias,Rodentia,Sciuridae,10800,10800,Tamias umbrinus
http://arctosdb.org/home/data/; https://creativecommons.org/licenses/by/3.0,United States,Nevada,"Pole Canyon, Mt Washington, Snake Range",13-Aug-59,38.893399,-114.359782,female,,Tamias,Rodentia,Sciuridae,9500,9500,Tamias umbrinus
http://arctosdb.org/home/data/; https://creativecommons.org/licenses/by-nc/3.0,United States,Nevada,"Cherry Creek Mountain, McDermid Creek, Corral Canyon",3-Jun-17,40.17499901,-114.855074,female,subadult,Tamias,Rodentia,Sciuridae,2017,2017,Tamias umbrinus
http://arctosdb.org/home/data/; https://creativecommons.org/licenses/by-nc/3.0,United States,Nevada,"Cherry Creek Mountain, McDermid Creek, Corral Canyon",3-Jun-17,40.18243804,-114.820635,female,subadult,Tamias,Rodentia,Sciuridae,1943,1943,Tamias umbrinus
http://arctosdb.org/home/data/; https://creativecommons.org/licenses/by/3.0,United States,Nevada,"Mt Washington in Pole Canyon, Snake Range",13-Aug-59,38.893399,-114.359782,female,,Tamias,Rodentia,Sciuridae,11000,11000,Tamias umbrinus
http://arctosdb.org/home/data/; https://creativecommons.org/licenses/by/3.0,United States,Nevada,"Pole Canyon below Washington Peak, Snake Range",13-Aug-59,38.893399,-114.359782,male,,Tamias,Rodentia,Sciuridae,8600,8600,Tamias umbrinus
http://arctosdb.org/home/data/; https://creativecommons.org/licenses/by/3.0,United States,Nevada,"Snake Creek, 3 mi below Johnson Lake, Snake Range",7-Aug-59,38.938239,-114.26954,male,,Tamias,Rodentia,Sciuridae,8400,8400,Tamias umbrinus
http://arctosdb.org/home/data/; https://creativecommons.org/licenses/by/3.0,United States,Nevada,Snake Creek,8-Aug-59,38.929985,-114.048565,male,,Tamias,Rodentia,Sciuridae,8400,8400,Tamias umbrinus
http://arctosdb.org/home/data/; https://creativecommons.org/licenses/by/3.0,United States,Nevada,"Johnson Lake, Snake Range",5-Aug-59,38.943613,-114.297713,female,,Tamias,Rodentia,Sciuridae,10800,10800,Tamias umbrinus
http://arctosdb.org/home/data/; https://creativecommons.org/licenses/by/3.0,United States,Nevada,"Below Johnson Lake, along Snake Creek, Snake Range",6-Aug-59,38.939216,-114.270862,male,,Tamias,Rodentia,Sciuridae,8400,8400,Tamias umbrinus
http://arctosdb.org/home/data/; https://creativecommons.org/licenses/by/3.0,United States,Nevada,"Stump Creek, 2 mi N and 8 mi W of Haystack Ranch",6/25/81,41.367157,-115.9501,female,,Tamias,Rodentia,Sciuridae,7050,7050,Tamias umbrinus
http://arctosdb.org/home/data/; https://creativecommons.org/licenses/by/3.0,United States,Nevada,"Mt. Irish, 9 mi. WNW Hiko",7/15/02,37.646746,-115.376356,female,,Tamias,Rodentia,Sciuridae,7200,7200,Tamias umbrinus
http://arctosdb.org/home/data/; https://creativecommons.org/licenses/by/3.0,United States,Nevada,"Cottonwood Creek, Monitor Range",7/8/00,38.744988,-117.705664,female,,Tamias,Rodentia,Sciuridae,7900,7900,Tamias umbrinus
http://arctosdb.org/home/data/; https://creativecommons.org/licenses/by/3.0,United States,Nevada,"Cottonwood Creek, Monitor Range",7/9/00,38.744988,-117.705664,male,,Tamias,Rodentia,Sciuridae,7900,7900,Tamias umbrinus
http://arctosdb.org/home/data/; https://creativecommons.org/licenses/by/3.0,United States,Nevada,"Cottonwood Creek, Monitor Range",7/9/00,38.744988,-117.705664,male,,Tamias,Rodentia,Sciuridae,7900,7900,Tamias umbrinus
http://arctosdb.org/home/data/; https://creativecommons.org/licenses/by/3.0,United States,Nevada,"Cottonwood Creek, Monitor Range",7/9/00,38.744988,-117.705664,female,,Tamias,Rodentia,Sciuridae,7900,7900,Tamias umbrinus
http://arctosdb.org/home/data/; https://creativecommons.org/licenses/by/3.0,United States,Nevada,"2 mi. N Wildcat Peak, Toquima Range",7/7/00,39.043922,-116.832859,female,,Tamias,Rodentia,Sciuridae,9300,9300,Tamias umbrinus
http://arctosdb.org/home/data/; https://creativecommons.org/licenses/by/3.0,United States,Nevada,Lampille Canyon,9/3/00,40.691594,-115.474225,female,,Tamias,Rodentia,Sciuridae,8616,8616,Tamias umbrinus
http://arctosdb.org/home/data/; https://creativecommons.org/licenses/by/3.0,United States,Nevada,"East Humboldt Range, Angel Lake",6/21/01,41.026438,-115.087029,female,,Tamias,Rodentia,Sciuridae,8500,8500,Tamias umbrinus
http://arctosdb.org/home/data/; https://creativecommons.org/licenses/by/3.0,United States,Nevada,"East Humboldt Range, Angel Lake",6/21/01,41.026438,-115.087029,male,,Tamias,Rodentia,Sciuridae,8500,8500,Tamias umbrinus
http://arctosdb.org/home/data/; https://creativecommons.org/licenses/by-nc/3.0,United States,Nevada,"Pine Creek Canyon, 38.79616 N, 116.85276 W, 2358 m, Toquima Range",23-Apr-12,38.79616,-116.85276,female,,Tamias,Rodentia,Sciuridae,2358,2358,Tamias umbrinus
http://arctosdb.org/home/data/; https://creativecommons.org/licenses/by-nc/3.0,United States,Nevada,"1.70 km N, 0.25 km W summit Farve Peak, 40.60043 N, 115.37778 W, 2728 m, Lamoille Canyon",9-Jul-13,40.60043,-115.37778,female,,Tamias,Rodentia,Sciuridae,2728,2728,Tamias umbrinus
http://arctosdb.org/home/data/; https://creativecommons.org/licenses/by-nc/3.0,United States,Nevada,"1.70 km N, 0.25 km W summit Farve Peak, 40.60043 N, 115.37778 W, 2728 m, Lamoille Canyon",9-Jul-13,40.60043,-115.37778,male,,Tamias,Rodentia,Sciuridae,2728,2728,Tamias umbrinus
http://arctosdb.org/home/data/; https://creativecommons.org/licenses/by-nc/3.0,United States,Nevada,"1.70 km N, 0.25 km W summit Farve Peak, 40.60043 N, 115.37778 W, 2728 m, Lamoille Canyon",9-Jul-13,40.60043,-115.37778,male,,Tamias,Rodentia,Sciuridae,2728,2728,Tamias umbrinus
http://arctosdb.org/home/data/; https://creativecommons.org/licenses/by-nc/3.0,United States,Nevada,"1.70 km N, 0.25 km W summit Farve Peak, 40.60043 N, 115.37778 W, 2728 m, Lamoille Canyon",10-Jul-13,40.60043,-115.37778,female,,Tamias,Rodentia,Sciuridae,2728,2728,Tamias umbrinus
http://arctosdb.org/home/data/; https://creativecommons.org/licenses/by-nc/3.0,United States,Nevada,"1.70 km N, 0.25 km W summit Farve Peak, 40.60043 N, 115.37778 W, 2728 m, Lamoille Canyon",10-Jul-13,40.60043,-115.37778,female,,Tamias,Rodentia,Sciuridae,2728,2728,Tamias umbrinus
http://arctosdb.org/home/data/; https://creativecommons.org/licenses/by-nc/3.0,United States,Nevada,"1.70 km N, 0.25 km W summit Farve Peak, 40.60043 N, 115.37778 W, 2728 m, Lamoille Canyon",10-Jul-13,40.60043,-115.37778,female,,Tamias,Rodentia,Sciuridae,2728,2728,Tamias umbrinus
http://arctosdb.org/home/data/; https://creativecommons.org/licenses/by-nc/3.0,United States,Nevada,"1.70 km N, 0.25 km W summit Farve Peak, 40.60043 N, 115.37778 W, 2728 m, Lamoille Canyon",10-Jul-13,40.60043,-115.37778,male,,Tamias,Rodentia,Sciuridae,2728,2728,Tamias umbrinus
http://arctosdb.org/home/data/; https://creativecommons.org/licenses/by-nc/3.0,United States,Nevada,"1.70 km N, 0.25 km W summit Farve Peak, 40.60043 N, 115.37778 W, 2728 m, Lamoille Canyon",12-Jul-13,40.60043,-115.37778,female,,Tamias,Rodentia,Sciuridae,2728,2728,Tamias umbrinus
http://arctosdb.org/home/data/; https://creativecommons.org/licenses/by-nc/3.0,United States,Nevada,"1.70 km N, 0.25 km W summit Farve Peak, 40.60043 N, 115.37778 W, 2728 m, Lamoille Canyon",12-Jul-13,40.60043,-115.37778,male,,Tamias,Rodentia,Sciuridae,2728,2728,Tamias umbrinus
http://arctosdb.org/home/data/; https://creativecommons.org/licenses/by-nc/3.0,United States,Nevada,"0.2 km S, 11.0 km W Baker, 39 0' 47.8"" km N, 114 15' 01.3"" W 2335 m",6-Jul-15,39.013278,-114.250361,male,,Tamias,Rodentia,Sciuridae,2335,2335,Tamias umbrinus
http://arctosdb.org/home/data/; https://creativecommons.org/licenses/by-nc/3.0,United States,Nevada,"0.2 km S, 11.0 km W Baker, 39 0' 47.8"" km N, 114 15' 01.3"" W 2335 m",6-Jul-15,39.013278,-114.250361,male,,Tamias,Rodentia,Sciuridae,2335,2335,Tamias umbrinus
http://arctosdb.org/home/data/; https://creativecommons.org/licenses/by-nc/3.0,United States,Nevada,"1.1 km E, 3.1 km N Wheeler Peak, 39 0' 38.5"" N, 114 18' 04.1"" W, 3000 m",21-Aug-15,39.010694,-114.301139,female,,Tamias,Rodentia,Sciuridae,3000,3000,Tamias umbrinus
http://arctosdb.org/home/data/; https://creativecommons.org/licenses/by-nc/3.0,United States,Nevada,"1.1 km E, 3.1 km N Wheeler Peak, 39 0' 38.5"" N, 114 18' 04.1"" W, 3000 m",23-Aug-15,39.010694,-114.301139,female,,Tamias,Rodentia,Sciuridae,3000,3000,Tamias umbrinus
http://arctosdb.org/home/data/; https://creativecommons.org/licenses/by/3.0,United States,Nevada,"Along Snake Creek, 3 mi below Johnson Lake",7-Aug-59,38.938239,-114.26954,,,Tamias,Rodentia,Sciuridae,,,Tamias umbrinus
http://arctosdb.org/home/data/; https://creativecommons.org/publicdomain/zero/1.0,United States,Nevada,"Desatoya Mtns, Milkhouse Creek Canyon",23-Jun-21,39.35043298,-117.704011,male,adult,Tamias,Rodentia,Sciuridae,2202.587158,2202.587158,Tamias umbrinus
http://arctosdb.org/home/data/; https://creativecommons.org/publicdomain/zero/1.0,United States,Nevada,"Desatoya Mtns, Milkhouse Creek Canyon",23-Jun-21,39.35042099,-117.704032,female,,Tamias,Rodentia,Sciuridae,2206.170654,2206.170654,Tamias umbrinus
http://arctosdb.org/home/data/; https://creativecommons.org/publicdomain/zero/1.0,United States,Nevada,"Hidden Forest, Sheep Mountains",6/24/45,,,female,,Tamias,Rodentia,Sciuridae,,,Tamias umbrinus
http://arctosdb.org/home/data/; https://creativecommons.org/publicdomain/zero/1.0,United States,Nevada,"Hidden Forest, Sheep Mountains",7/21/45,,,female,,Tamias,Rodentia,Sciuridae,,,Tamias umbrinus
http://arctosdb.org/home/data/; https://creativecommons.org/publicdomain/zero/1.0,United States,Nevada,"Spring Mountains, Hidden Forest",8/16/45,,,female,,Tamias,Rodentia,Sciuridae,,,Tamias umbrinus
http://arctosdb.org/home/data/; https://creativecommons.org/publicdomain/zero/1.0,United States,Nevada,"Hidden Forest, Sheep Mountains",8/16/46,,,female,,Tamias,Rodentia,Sciuridae,,,Tamias umbrinus
http://arctosdb.org/home/data/; https://creativecommons.org/publicdomain/zero/1.0,United States,Nevada,"Hidden Forest, Sheep Mountains",8/16/47,,,male,,Tamias,Rodentia,Sciuridae,,,Tamias umbrinus
http://arctosdb.org/home/data/; https://creativecommons.org/publicdomain/zero/1.0,United States,Nevada,"Hidden Forest, Sheep Mountains",8/17/45,,,female,,Tamias,Rodentia,Sciuridae,,,Tamias umbrinus
http://arctosdb.org/home/data/; https://creativecommons.org/licenses/by-nc/3.0,United States,Nevada,No specific locality recorded.,10-Jul-81,,,male,subadult,Tamias,Rodentia,Sciuridae,,,Tamias umbrinus
http://arctosdb.org/home/data/; https://creativecommons.org/licenses/by/3.0,United States,Nevada,"Long Canyon, Ruby Mountains",16-Jul-87,40.557665,-115.525999,male,,Tamias,Rodentia,Sciuridae,6300,6300,Tamias umbrinus
http://arctosdb.org/home/data/; https://creativecommons.org/licenses/by/3.0,United States,Nevada,"Basque Summit, Desatoya Mountains",11-Jul-86,39.384663,-117.699578,male,,Tamias,Rodentia,Sciuridae,7600,7600,Tamias umbrinus
http://arctosdb.org/home/data/; https://creativecommons.org/licenses/by/3.0,United States,Nevada,"old fish hatchery, junction of Milkhouse Creek and Smith Creek, Desatoya Mts",3-Jul-87,39.357513,-117.684983,female,,Tamias,Rodentia,Sciuridae,7000,7000,Tamias umbrinus
http://arctosdb.org/home/data/; https://creativecommons.org/licenses/by/3.0,United States,Nevada,"Kingston Creek, near Kingston Campground, Toiyabe Mts.",16-Jul-86,39.22604,-117.142589,female,,Tamias,Rodentia,Sciuridae,,,Tamias umbrinus
http://arctosdb.org/home/data/; https://creativecommons.org/licenses/by/3.0,United States,Nevada,"Kingston Creek, near Kingston Campground, Toiyabe Mts.",16-Jul-86,39.22604,-117.142589,female,,Tamias,Rodentia,Sciuridae,,,Tamias umbrinus
http://arctosdb.org/home/data/; https://creativecommons.org/licenses/by/3.0,United States,Nevada,"Kingston Creek, near Kingston Campground, Toiyabe Mts.",16-Jul-86,39.22604,-117.142589,male,,Tamias,Rodentia,Sciuridae,,,Tamias umbrinus
http://arctosdb.org/home/data/; https://creativecommons.org/licenses/by/3.0,United States,Nevada,"Kingston Creek, near Kingston Campground, Toiyabe Mts.",16-Jul-86,39.22604,-117.142589,male,,Tamias,Rodentia,Sciuridae,,,Tamias umbrinus
http://arctosdb.org/home/data/; https://creativecommons.org/licenses/by/3.0,United States,Nevada,"Kingston Creek, near Kingston Campground, Toiyabe Mts.",17-Jul-86,39.22604,-117.142589,male,,Tamias,Rodentia,Sciuridae,,,Tamias umbrinus
http://arctosdb.org/home/data/; https://creativecommons.org/licenses/by/3.0,United States,Nevada,"Kingston Creek, near Kingston Campground, Toiyabe Mts.",17-Jul-86,39.22604,-117.142589,female,,Tamias,Rodentia,Sciuridae,,,Tamias umbrinus
http://arctosdb.org/home/data/; https://creativecommons.org/licenses/by/3.0,United States,Nevada,"Kingston Creek, near Kingston Campground, Toiyabe Mts.",17-Jul-86,39.22604,-117.142589,female,,Tamias,Rodentia,Sciuridae,,,Tamias umbrinus
http://arctosdb.org/home/data/; https://creativecommons.org/licenses/by/3.0,United States,Nevada,"Kingston Creek, near Kingston Campground, Toiyabe Mts.",17-Jul-86,39.22604,-117.142589,male,,Tamias,Rodentia,Sciuridae,,,Tamias umbrinus
http://arctosdb.org/home/data/; https://creativecommons.org/licenses/by/3.0,United States,Nevada,"Kingston Creek, near Kingston Campground, Toiyabe Mts.",17-Jul-86,39.22604,-117.142589,male,,Tamias,Rodentia,Sciuridae,,,Tamias umbrinus
http://arctosdb.org/home/data/; https://creativecommons.org/licenses/by/3.0,United States,Nevada,"Kingston Creek, near Kingston Campground, Toiyabe Mts.",17-Jul-86,39.22604,-117.142589,female,,Tamias,Rodentia,Sciuridae,,,Tamias umbrinus
http://arctosdb.org/home/data/; https://creativecommons.org/licenses/by/3.0,United States,Nevada,"Kingston Creek, near Kingston Campground, Toiyabe Mts.",17-Jul-86,39.22604,-117.142589,female,,Tamias,Rodentia,Sciuridae,,,Tamias umbrinus
http://arctosdb.org/home/data/; https://creativecommons.org/licenses/by/3.0,United States,Nevada,"Peterson Creek, Shoshone Mountains",19-Jul-86,39.174846,-117.503057,male,,Tamias,Rodentia,Sciuridae,7600,7600,Tamias umbrinus
http://arctosdb.org/home/data/; https://creativecommons.org/licenses/by/3.0,United States,Nevada,"Peterson Creek, Shoshone Mountains",19-Jul-86,39.174846,-117.503057,male,,Tamias,Rodentia,Sciuridae,7600,7600,Tamias umbrinus
http://arctosdb.org/home/data/; https://creativecommons.org/licenses/by/3.0,United States,Nevada,"Peterson Creek, Shoshone Mountains",19-Jul-86,39.174846,-117.503057,female,,Tamias,Rodentia,Sciuridae,7600,7600,Tamias umbrinus
http://arctosdb.org/home/data/; https://creativecommons.org/licenses/by/3.0,United States,Nevada,"Peterson Creek, Shoshone Mountains",19-Jul-86,39.165781,-117.491662,female,,Tamias,Rodentia,Sciuridae,8000,8000,Tamias umbrinus
http://arctosdb.org/home/data/; https://creativecommons.org/licenses/by/3.0,United States,Nevada,"Peterson Creek, Shoshone Mountains",19-Jul-86,39.165781,-117.491662,female,,Tamias,Rodentia,Sciuridae,8000,8000,Tamias umbrinus
http://arctosdb.org/home/data/; https://creativecommons.org/licenses/by/3.0,United States,Nevada,"Peterson Creek, Shoshone Mountains",20-Jul-86,39.165781,-117.491662,male,,Tamias,Rodentia,Sciuridae,8000,8000,Tamias umbrinus
http://arctosdb.org/home/data/; https://creativecommons.org/licenses/by/3.0,United States,Nevada,"Peterson Creek, Shoshone Mountains",20-Jul-86,39.165781,-117.491662,male,,Tamias,Rodentia,Sciuridae,8000,8000,Tamias umbrinus
http://arctosdb.org/home/data/; https://creativecommons.org/licenses/by/3.0,United States,Nevada,"Peterson Creek, Shoshone Mountains",20-Jul-86,39.165781,-117.491662,male,,Tamias,Rodentia,Sciuridae,8000,8000,Tamias umbrinus
http://arctosdb.org/home/data/; https://creativecommons.org/licenses/by/3.0,United States,Nevada,"War Canyon, Clan Alpine Mountains",29-Jun-87,39.589425,-117.859898,female,,Tamias,Rodentia,Sciuridae,6700,6700,Tamias umbrinus
http://arctosdb.org/home/data/; https://creativecommons.org/licenses/by/3.0,United States,Nevada,"War Canyon, Clan Alpine Mountains",30-Jun-87,39.581289,-117.858575,male,,Tamias,Rodentia,Sciuridae,6600,6600,Tamias umbrinus
http://arctosdb.org/home/data/; https://creativecommons.org/licenses/by/3.0,United States,Nevada,"Green Monster Canyon, Monitor Mountains",9-Jul-87,38.743703,-116.544873,female,,Tamias,Rodentia,Sciuridae,7900,7900,Tamias umbrinus
http://arctosdb.org/home/data/; https://creativecommons.org/licenses/by/3.0,United States,Nevada,"Green Monster Canyon, Monitor Mountains",10-Jul-87,38.743703,-116.544873,male,,Tamias,Rodentia,Sciuridae,7900,7900,Tamias umbrinus
http://arctosdb.org/home/data/; https://creativecommons.org/licenses/by/3.0,United States,Nevada,"Long Canyon, Ruby Mountains",13-Jul-87,40.557665,-115.525999,male,,Tamias,Rodentia,Sciuridae,6300,6300,Tamias umbrinus
http://arctosdb.org/home/data/; https://creativecommons.org/licenses/by/3.0,United States,Nevada,"Long Canyon, Ruby Mountains",13-Jul-87,40.557665,-115.525999,female,,Tamias,Rodentia,Sciuridae,6300,6300,Tamias umbrinus
http://arctosdb.org/home/data/; https://creativecommons.org/licenses/by/3.0,United States,Nevada,"Long Canyon, Ruby Mountains",13-Jul-87,40.557665,-115.525999,female,,Tamias,Rodentia,Sciuridae,6300,6300,Tamias umbrinus
http://arctosdb.org/home/data/; https://creativecommons.org/licenses/by/3.0,United States,Nevada,"Long Canyon, Ruby Mountains",13-Jul-87,40.557665,-115.525999,male,,Tamias,Rodentia,Sciuridae,6300,6300,Tamias umbrinus
http://arctosdb.org/home/data/; https://creativecommons.org/licenses/by/3.0,United States,Nevada,"Long Canyon, Ruby Mountains",13-Jul-87,40.557665,-115.525999,female,,Tamias,Rodentia,Sciuridae,6300,6300,Tamias umbrinus
http://arctosdb.org/home/data/; https://creativecommons.org/licenses/by/3.0,United States,Nevada,"Long Canyon, Ruby Mountains",14-Jul-87,40.557665,-115.525999,male,,Tamias,Rodentia,Sciuridae,6300,6300,Tamias umbrinus
http://arctosdb.org/home/data/; https://creativecommons.org/licenses/by/3.0,United States,Nevada,"Long Canyon, Ruby Mountains",14-Jul-87,40.557665,-115.525999,male,,Tamias,Rodentia,Sciuridae,6300,6300,Tamias umbrinus
http://arctosdb.org/home/data/; https://creativecommons.org/licenses/by/3.0,United States,Nevada,"Long Canyon, Ruby Mountains",14-Jul-87,40.557665,-115.525999,hermaphrodite,,Tamias,Rodentia,Sciuridae,6300,6300,Tamias umbrinus
http://arctosdb.org/home/data/; https://creativecommons.org/licenses/by/3.0,United States,Nevada,"Long Canyon, Ruby Mountains",15-Jul-87,40.557665,-115.525999,female,,Tamias,Rodentia,Sciuridae,6300,6300,Tamias umbrinus
http://arctosdb.org/home/data/; https://creativecommons.org/licenses/by/3.0,United States,Nevada,"Long Canyon, Ruby Mountains",15-Jul-87,40.557665,-115.525999,female,,Tamias,Rodentia,Sciuridae,6300,6300,Tamias umbrinus
http://arctosdb.org/home/data/; https://creativecommons.org/licenses/by/3.0,United States,Nevada,"Long Canyon, Ruby Mountains",16-Jul-87,40.557665,-115.525999,male,,Tamias,Rodentia,Sciuridae,6300,6300,Tamias umbrinus
http://arctosdb.org/home/data/; https://creativecommons.org/licenses/by/3.0,United States,Nevada,"Peterson Creek, Shoshone Mountains",20-Jul-86,39.165781,-117.491662,female,,Tamias,Rodentia,Sciuridae,8000,8000,Tamias umbrinus
http://arctosdb.org/home/data/; https://creativecommons.org/licenses/by/3.0,United States,Nevada,"Kingston Creek, near Kingston Campground, Toiyabe Mts.",17-Jul-86,39.22604,-117.142589,female,,Tamias,Rodentia,Sciuridae,,,Tamias umbrinus
http://arctosdb.org/home/data/; https://creativecommons.org/licenses/by/3.0,United States,Nevada,"Peterson Creek, Shoshone Mountains",21-Jul-86,39.165781,-117.491662,female,,Tamias,Rodentia,Sciuridae,8000,8000,Tamias umbrinus
http://arctosdb.org/home/data/; https://creativecommons.org/licenses/by/3.0,United States,Nevada,"Peterson Creek, Shoshone Mountains",21-Jul-86,39.165781,-117.491662,female,,Tamias,Rodentia,Sciuridae,8000,8000,Tamias umbrinus
http://arctosdb.org/home/data/; https://creativecommons.org/licenses/by/3.0,United States,Nevada,"Kingston Creek, near Kingston Campground, Toiyabe Mts.",17-Jul-86,39.22604,-117.142589,male,,Tamias,Rodentia,Sciuridae,,,Tamias umbrinus
http://arctosdb.org/home/data/; https://creativecommons.org/licenses/by/3.0,United States,Nevada,"Kingston Creek, near Kingston Campground, Toiyabe Mts.",17-Jul-86,39.22604,-117.142589,male,,Tamias,Rodentia,Sciuridae,,,Tamias umbrinus
http://arctosdb.org/home/data/; https://creativecommons.org/licenses/by/3.0,United States,Nevada,"20 mi N and 8 mi W of Baker, Snake Range",23-Jul-90,39.322,-114.264,male,,Tamias,Rodentia,Sciuridae,8950,8950,Tamias umbrinus
http://arctosdb.org/home/data/; https://creativecommons.org/licenses/by/3.0,United States,Nevada,"20 mi N and 8 mi W of Baker, Snake Range",21-Jul-90,39.322,-114.264,male,,Tamias,Rodentia,Sciuridae,8950,8950,Tamias umbrinus
http://arctosdb.org/home/data/; https://creativecommons.org/licenses/by/3.0,United States,Nevada,"20 mi N and 8 mi W of Baker, Snake Range",22-Jul-90,39.322,-114.264,male,,Tamias,Rodentia,Sciuridae,8950,8950,Tamias umbrinus
http://arctosdb.org/home/data/; https://creativecommons.org/licenses/by/3.0,United States,Nevada,"20 mi N and 8 mi W of Baker, Snake Range",22-Jul-90,39.322,-114.264,male,,Tamias,Rodentia,Sciuridae,8950,8950,Tamias umbrinus
http://arctosdb.org/home/data/; https://creativecommons.org/licenses/by/3.0,United States,Nevada,"20 mi N and 8 mi W of Baker, Snake Range",22-Jul-90,39.322,-114.264,male,,Tamias,Rodentia,Sciuridae,8950,8950,Tamias umbrinus
http://arctosdb.org/home/data/; https://creativecommons.org/licenses/by/3.0,United States,Nevada,"20 mi N and 8 mi W of Baker, Snake Range",22-Jul-90,39.322,-114.264,female,,Tamias,Rodentia,Sciuridae,8950,8950,Tamias umbrinus
http://arctosdb.org/home/data/; https://creativecommons.org/licenses/by/3.0,United States,Nevada,"20 mi N and 8 mi W of Baker, Snake Range",23-Jul-90,39.322,-114.264,male,,Tamias,Rodentia,Sciuridae,8950,8950,Tamias umbrinus
http://arctosdb.org/home/data/; https://creativecommons.org/licenses/by/3.0,United States,Nevada,"20 mi N and 8 mi W of Baker, Snake Range",23-Jul-90,39.322,-114.264,male,,Tamias,Rodentia,Sciuridae,8950,8950,Tamias umbrinus
http://arctosdb.org/home/data/; https://creativecommons.org/licenses/by/3.0,United States,Nevada,"20 mi N and 8 mi W of Baker, Snake Range",23-Jul-90,39.322,-114.264,male,,Tamias,Rodentia,Sciuridae,8950,8950,Tamias umbrinus
http://arctosdb.org/home/data/; https://creativecommons.org/licenses/by/3.0,United States,Nevada,"20 mi N and 8 mi W of Baker, Snake Range",23-Jul-90,39.322,-114.264,female,,Tamias,Rodentia,Sciuridae,8950,8950,Tamias umbrinus
http://arctosdb.org/home/data/; https://creativecommons.org/licenses/by/3.0,United States,Nevada,"20 mi N and 8 mi W of Baker, Snake Range",23-Jul-90,39.322,-114.264,male,,Tamias,Rodentia,Sciuridae,8950,8950,Tamias umbrinus
http://arctosdb.org/home/data/; https://creativecommons.org/licenses/by/3.0,United States,Nevada,"20 mi N and 8 mi W of Baker, Snake Range",24-Jul-90,39.322,-114.264,male,,Tamias,Rodentia,Sciuridae,8950,8950,Tamias umbrinus
http://arctosdb.org/home/data/; https://creativecommons.org/licenses/by/3.0,United States,Nevada,"20 mi N and 8 mi W of Baker, Snake Range",24-Jul-90,39.322,-114.264,male,,Tamias,Rodentia,Sciuridae,8950,8950,Tamias umbrinus
http://arctosdb.org/home/data/; https://creativecommons.org/licenses/by/3.0,United States,Nevada,"20 mi N and 8 mi W of Baker, Snake Range",24-Jul-90,39.322,-114.264,male,,Tamias,Rodentia,Sciuridae,8950,8950,Tamias umbrinus
http://arctosdb.org/home/data/; https://creativecommons.org/licenses/by/3.0,United States,Nevada,"Scofield Canyon, Grant Range",24-Jun-92,38.297961,-115.482171,male,,Tamias,Rodentia,Sciuridae,7600,7600,Tamias umbrinus
http://arctosdb.org/home/data/; https://creativecommons.org/licenses/by/3.0,United States,Nevada,"Scofield Canyon, Grant Range",24-Jun-92,38.297961,-115.482171,female,,Tamias,Rodentia,Sciuridae,7600,7600,Tamias umbrinus
http://arctosdb.org/home/data/; https://creativecommons.org/licenses/by/3.0,United States,Nevada,"Scofield Canyon, Grant Range",25-Jun-92,38.297961,-115.482171,female,,Tamias,Rodentia,Sciuridae,7600,7600,Tamias umbrinus
http://arctosdb.org/home/data/; https://creativecommons.org/licenses/by/3.0,United States,Nevada,"Scofield Canyon, Grant Range",25-Jun-92,38.297961,-115.482171,female,,Tamias,Rodentia,Sciuridae,7600,7600,Tamias umbrinus
http://arctosdb.org/home/data/; https://creativecommons.org/licenses/by/3.0,United States,Nevada,"Scofield Canyon, Grant Range",25-Jun-92,38.297961,-115.482171,female,,Tamias,Rodentia,Sciuridae,7600,7600,Tamias umbrinus
http://arctosdb.org/home/data/; https://creativecommons.org/licenses/by/3.0,United States,Nevada,"Scofield Canyon, Grant Range",25-Jun-92,38.297961,-115.482171,female,,Tamias,Rodentia,Sciuridae,7600,7600,Tamias umbrinus
http://arctosdb.org/home/data/; https://creativecommons.org/licenses/by/3.0,United States,Nevada,"Scofield Canyon, Grant Range",26-Jun-92,38.297961,-115.482171,male,,Tamias,Rodentia,Sciuridae,7600,7600,Tamias umbrinus
http://arctosdb.org/home/data/; https://creativecommons.org/licenses/by/3.0,United States,Nevada,"Seligman Canyon, White Pine Range",30-Jun-92,39.268003,-115.544361,female,,Tamias,Rodentia,Sciuridae,8200,8200,Tamias umbrinus
http://arctosdb.org/home/data/; https://creativecommons.org/licenses/by/3.0,United States,Nevada,"Seligman Canyon, White Pine Range",30-Jun-92,39.268003,-115.544361,male,,Tamias,Rodentia,Sciuridae,8200,8200,Tamias umbrinus
http://arctosdb.org/home/data/; https://creativecommons.org/licenses/by/3.0,United States,Nevada,"Seligman Canyon, White Pine Range",30-Jun-92,39.268003,-115.544361,female,,Tamias,Rodentia,Sciuridae,8200,8200,Tamias umbrinus
http://arctosdb.org/home/data/; https://creativecommons.org/licenses/by/3.0,United States,Nevada,"Seligman Canyon, White Pine Range",30-Jun-92,39.268003,-115.544361,female,,Tamias,Rodentia,Sciuridae,8200,8200,Tamias umbrinus
http://arctosdb.org/home/data/; https://creativecommons.org/licenses/by/3.0,United States,Nevada,"Seligman Canyon, White Pine Range",30-Jun-92,39.268003,-115.544361,female,,Tamias,Rodentia,Sciuridae,8200,8200,Tamias umbrinus
http://arctosdb.org/home/data/; https://creativecommons.org/licenses/by/3.0,United States,Nevada,"Seligman Canyon, White Pine Range",30-Jun-92,39.268003,-115.544361,female,,Tamias,Rodentia,Sciuridae,8200,8200,Tamias umbrinus
http://arctosdb.org/home/data/; https://creativecommons.org/licenses/by/3.0,United States,Nevada,"Seligman Canyon, White Pine Range",30-Jun-92,39.268003,-115.544361,male,,Tamias,Rodentia,Sciuridae,8200,8200,Tamias umbrinus
http://arctosdb.org/home/data/; https://creativecommons.org/licenses/by/3.0,United States,Nevada,"Seligman Canyon, White Pine Range",1-Jul-92,39.268003,-115.544361,female,,Tamias,Rodentia,Sciuridae,8200,8200,Tamias umbrinus
http://arctosdb.org/home/data/; https://creativecommons.org/licenses/by/3.0,United States,Nevada,"Seligman Canyon, White Pine Range",1-Jul-92,39.268003,-115.544361,male,,Tamias,Rodentia,Sciuridae,8200,8200,Tamias umbrinus
http://arctosdb.org/home/data/; https://creativecommons.org/licenses/by/3.0,United States,Nevada,"Roberts Creek, Roberts Creek Mountains",2-Jul-92,39.846213,-116.298908,female,,Tamias,Rodentia,Sciuridae,7900,7900,Tamias umbrinus
http://arctosdb.org/home/data/; https://creativecommons.org/licenses/by/3.0,United States,Nevada,"Roberts Creek, Roberts Creek Mountains",3-Jul-92,39.846213,-116.298908,female,,Tamias,Rodentia,Sciuridae,7900,7900,Tamias umbrinus
http://arctosdb.org/home/data/; https://creativecommons.org/licenses/by/3.0,United States,Nevada,"Roberts Creek, Roberts Creek Mountains",4-Jul-92,39.846213,-116.298908,female,,Tamias,Rodentia,Sciuridae,7900,7900,Tamias umbrinus
http://arctosdb.org/home/data/; https://creativecommons.org/licenses/by/3.0,United States,Nevada,"Roberts Creek, Roberts Creek Mountains",4-Jul-92,39.846213,-116.298908,female,,Tamias,Rodentia,Sciuridae,7900,7900,Tamias umbrinus
http://arctosdb.org/home/data/; https://creativecommons.org/licenses/by/3.0,United States,Nevada,"Roberts Creek, Roberts Creek Mountains",4-Jul-92,39.846213,-116.298908,female,,Tamias,Rodentia,Sciuridae,7900,7900,Tamias umbrinus
http://arctosdb.org/home/data/; https://creativecommons.org/licenses/by/3.0,United States,Nevada,"Monarch Mine, Spruce Mountain",19-Jul-93,40.556662,-114.834542,male,,Tamias,Rodentia,Sciuridae,8200,8200,Tamias umbrinus
http://arctosdb.org/home/data/; https://creativecommons.org/licenses/by/3.0,United States,Nevada,"Monarch Mine, Spruce Mountain",20-Jul-93,40.556662,-114.834542,male,,Tamias,Rodentia,Sciuridae,8200,8200,Tamias umbrinus
http://arctosdb.org/home/data/; https://creativecommons.org/licenses/by/3.0,United States,Nevada,"Monarch Mine, Spruce Mountain",20-Jul-93,40.556662,-114.834542,female,,Tamias,Rodentia,Sciuridae,8200,8200,Tamias umbrinus
http://arctosdb.org/home/data/; https://creativecommons.org/licenses/by/3.0,United States,Nevada,"Monarch Mine, Spruce Mountain",20-Jul-93,40.556662,-114.834542,male,,Tamias,Rodentia,Sciuridae,8200,8200,Tamias umbrinus
http://arctosdb.org/home/data/; https://creativecommons.org/licenses/by/3.0,United States,Nevada,"Monarch Mine, Spruce Mountain",21-Jul-93,40.556662,-114.834542,male,,Tamias,Rodentia,Sciuridae,8200,8200,Tamias umbrinus
http://arctosdb.org/home/data/; https://creativecommons.org/licenses/by/3.0,United States,Nevada,"Cottonwood Creek, Diamond Range",3-Aug-93,39.614289,-115.879404,female,,Tamias,Rodentia,Sciuridae,6500,6500,Tamias umbrinus
http://arctosdb.org/home/data/; https://creativecommons.org/licenses/by/3.0,United States,Nevada,"Cottonwood Creek, Diamond Range",4-Aug-93,39.614289,-115.879404,male,,Tamias,Rodentia,Sciuridae,6500,6500,Tamias umbrinus
http://arctosdb.org/home/data/; https://creativecommons.org/licenses/by/3.0,United States,Nevada,"Cottonwood Creek, Diamond Range",4-Aug-93,39.614289,-115.879404,female,,Tamias,Rodentia,Sciuridae,6500,6500,Tamias umbrinus
http://arctosdb.org/home/data/; https://creativecommons.org/licenses/by/3.0,United States,Nevada,"Cottonwood Creek, Diamond Range",4-Aug-93,39.614289,-115.879404,female,,Tamias,Rodentia,Sciuridae,6500,6500,Tamias umbrinus
http://arctosdb.org/home/data/; https://creativecommons.org/licenses/by/3.0,United States,Nevada,"Peterson Creek, Shoshone Mountains",4-Aug-95,39.165781,-117.491662,male,,Tamias,Rodentia,Sciuridae,8000,8000,Tamias umbrinus
http://arctosdb.org/home/data/; https://creativecommons.org/licenses/by/3.0,United States,Nevada,"Peterson Creek, Shoshone Mountains",5-Aug-95,39.165781,-117.491662,female,,Tamias,Rodentia,Sciuridae,8000,8000,Tamias umbrinus
http://arctosdb.org/home/data/; https://creativecommons.org/licenses/by/3.0,United States,Nevada,"Peterson Creek, Shoshone Mountains",5-Aug-95,39.165781,-117.491662,female,,Tamias,Rodentia,Sciuridae,8000,8000,Tamias umbrinus
http://arctosdb.org/home/data/; https://creativecommons.org/licenses/by/3.0,United States,Nevada,"Peterson Creek, Shoshone Mountains",6-Aug-95,39.165781,-117.491662,female,,Tamias,Rodentia,Sciuridae,8000,8000,Tamias umbrinus
http://arctosdb.org/home/data/; https://creativecommons.org/licenses/by/3.0,United States,Nevada,"Peterson Creek, Shoshone Mountains",6-Aug-95,39.165781,-117.491662,female,,Tamias,Rodentia,Sciuridae,8000,8000,Tamias umbrinus
http://arctosdb.org/home/data/; https://creativecommons.org/licenses/by/3.0,United States,Nevada,"old fish hatchery, junction of Milkhouse Creek and Smith Creek, Desatoya Mts",10-Aug-95,39.357513,-117.684983,male,,Tamias,Rodentia,Sciuridae,7000,7000,Tamias umbrinus
http://arctosdb.org/home/data/; https://creativecommons.org/licenses/by/3.0,United States,Nevada,"Long Canyon, Ruby Mountains",16-Jul-87,40.557665,-115.525999,female,,Tamias,Rodentia,Sciuridae,6300,6300,Tamias umbrinus
http://arctosdb.org/home/data/; https://creativecommons.org/licenses/by/3.0,United States,Nevada,"Long Canyon, Ruby Mountains",16-Jul-87,40.557665,-115.525999,female,,Tamias,Rodentia,Sciuridae,6300,6300,Tamias umbrinus
http://arctosdb.org/home/data/; https://creativecommons.org/licenses/by/3.0,United States,Nevada,"Green Monster Canyon, Monitor Mountains",9-Jul-87,38.743703,-116.544873,female,,Tamias,Rodentia,Sciuridae,7900,7900,Tamias umbrinus
http://arctosdb.org/home/data/; https://creativecommons.org/licenses/by/3.0,United States,Nevada,"Long Canyon, Ruby Mountains",13-Jul-87,40.557665,-115.525999,male,,Tamias,Rodentia,Sciuridae,6300,6300,Tamias umbrinus
http://arctosdb.org/home/data/; https://creativecommons.org/licenses/by/3.0,United States,Nevada,"Long Canyon, Ruby Mountains",16-Jul-87,40.557665,-115.525999,male,,Tamias,Rodentia,Sciuridae,6300,6300,Tamias umbrinus
http://arctosdb.org/home/data/; https://creativecommons.org/licenses/by/3.0,United States,Nevada,"Scofield Canyon, Grant Range",24-Jun-92,38.297961,-115.482171,female,,Tamias,Rodentia,Sciuridae,7600,7600,Tamias umbrinus
http://arctosdb.org/home/data/; https://creativecommons.org/licenses/by/3.0,United States,Nevada,"Scofield Canyon, Grant Range",24-Jun-92,38.297961,-115.482171,male,,Tamias,Rodentia,Sciuridae,7600,7600,Tamias umbrinus
http://arctosdb.org/home/data/; https://creativecommons.org/licenses/by/3.0,United States,Nevada,"Seligman Canyon, White Pine Range",30-Jun-92,39.268003,-115.544361,female,,Tamias,Rodentia,Sciuridae,8200,8200,Tamias umbrinus
http://arctosdb.org/home/data/; https://creativecommons.org/licenses/by/3.0,United States,Nevada,"Seligman Canyon, White Pine Range",30-Jun-92,39.268003,-115.544361,male,,Tamias,Rodentia,Sciuridae,8200,8200,Tamias umbrinus
http://arctosdb.org/home/data/; https://creativecommons.org/licenses/by/3.0,United States,Nevada,"Seligman Canyon, White Pine Range",30-Jun-92,39.268003,-115.544361,male,,Tamias,Rodentia,Sciuridae,8200,8200,Tamias umbrinus
http://arctosdb.org/home/data/; https://creativecommons.org/licenses/by/3.0,United States,Nevada,"Seligman Canyon, White Pine Range",30-Jun-92,39.268003,-115.544361,female,,Tamias,Rodentia,Sciuridae,8200,8200,Tamias umbrinus
http://arctosdb.org/home/data/; https://creativecommons.org/licenses/by/3.0,United States,Nevada,"Seligman Canyon, White Pine Range",1-Jul-92,39.268003,-115.544361,male,,Tamias,Rodentia,Sciuridae,8200,8200,Tamias umbrinus
http://arctosdb.org/home/data/; https://creativecommons.org/licenses/by/3.0,United States,Nevada,"Seligman Canyon, White Pine Range",1-Jul-92,39.267878,-115.581607,female,,Tamias,Rodentia,Sciuridae,6600,6600,Tamias umbrinus
http://arctosdb.org/home/data/; https://creativecommons.org/licenses/by/3.0,United States,Nevada,"Roberts Creek, Roberts Creek Mountains",2-Jul-92,39.846213,-116.298908,female,,Tamias,Rodentia,Sciuridae,7900,7900,Tamias umbrinus
http://arctosdb.org/home/data/; https://creativecommons.org/licenses/by/3.0,United States,Nevada,"Roberts Creek, Roberts Creek Mountains",4-Jul-92,39.846213,-116.298908,male,,Tamias,Rodentia,Sciuridae,7900,7900,Tamias umbrinus
http://arctosdb.org/home/data/; https://creativecommons.org/licenses/by/3.0,United States,Nevada,"Roberts Creek, Roberts Creek Mountains",4-Jul-92,39.846213,-116.298908,male,,Tamias,Rodentia,Sciuridae,7900,7900,Tamias umbrinus
http://arctosdb.org/home/data/; https://creativecommons.org/licenses/by/3.0,United States,Nevada,"old fish hatchery, junction of Milkhouse Creek and Smith Creek, Desatoya Mts",6-Aug-93,39.357513,-117.684983,male,,Tamias,Rodentia,Sciuridae,7000,7000,Tamias umbrinus
http://arctosdb.org/home/data/; https://creativecommons.org/licenses/by/3.0,United States,Nevada,"Peterson Creek, Shoshone Mountains",5-Aug-95,39.165781,-117.491662,female,,Tamias,Rodentia,Sciuridae,8000,8000,Tamias umbrinus
http://arctosdb.org/home/data/; https://creativecommons.org/licenses/by/3.0,United States,Nevada,"Peterson Creek, Shoshone Mountains",5-Aug-95,39.165781,-117.491662,female,,Tamias,Rodentia,Sciuridae,8000,8000,Tamias umbrinus
http://arctosdb.org/home/data/; https://creativecommons.org/licenses/by/3.0,United States,Nevada,"Peterson Creek, Shoshone Mountains",5-Aug-95,39.165781,-117.491662,female,,Tamias,Rodentia,Sciuridae,8000,8000,Tamias umbrinus
http://arctosdb.org/home/data/; https://creativecommons.org/licenses/by/3.0,United States,Nevada,"Peterson Creek, Shoshone Mountains",6-Aug-95,39.165781,-117.491662,male,,Tamias,Rodentia,Sciuridae,8000,8000,Tamias umbrinus
http://arctosdb.org/home/data/; https://creativecommons.org/licenses/by/3.0,United States,Nevada,"Monarch Mine, Spruce Mountain",21-Jul-93,40.556662,-114.834542,female,,Tamias,Rodentia,Sciuridae,8200,8200,Tamias umbrinus
http://arctosdb.org/home/data/; https://creativecommons.org/licenses/by/3.0,United States,Nevada,"Monarch Mine, Spruce Mountain",22-Jul-93,40.556662,-114.834542,female,,Tamias,Rodentia,Sciuridae,8200,8200,Tamias umbrinus
http://arctosdb.org/home/data/; https://creativecommons.org/licenses/by/3.0,United States,Nevada,"Spruce Mountain, Sprucemont",23-Jul-93,40.551358,-114.865795,male,,Tamias,Rodentia,Sciuridae,7000,7000,Tamias umbrinus
http://arctosdb.org/home/data/; https://creativecommons.org/licenses/by/3.0,United States,Nevada,"Cottonwood Creek, Diamond Range",3-Aug-93,39.614289,-115.879404,male,,Tamias,Rodentia,Sciuridae,6500,6500,Tamias umbrinus
http://arctosdb.org/home/data/; https://creativecommons.org/licenses/by/3.0,United States,Nevada,"Long Canyon, Ruby Mountains",13-Jul-87,40.557665,-115.525999,male,,Tamias,Rodentia,Sciuridae,6300,6300,Tamias umbrinus
http://arctosdb.org/home/data/; https://creativecommons.org/licenses/by/3.0,United States,Nevada,"Long Canyon, Ruby Mountains",13-Jul-87,40.557665,-115.525999,male,,Tamias,Rodentia,Sciuridae,6300,6300,Tamias umbrinus
http://arctosdb.org/home/data/; https://creativecommons.org/licenses/by/3.0,United States,Nevada,"Long Canyon, Ruby Mountains",14-Jul-87,40.557665,-115.525999,male,,Tamias,Rodentia,Sciuridae,6300,6300,Tamias umbrinus
http://arctosdb.org/home/data/; https://creativecommons.org/licenses/by/3.0,United States,Nevada,"Long Canyon, Ruby Mountains",14-Jul-87,40.557665,-115.525999,female,,Tamias,Rodentia,Sciuridae,6300,6300,Tamias umbrinus
http://arctosdb.org/home/data/; https://creativecommons.org/licenses/by/3.0,United States,Nevada,"Long Canyon, Ruby Mountains",15-Jul-87,40.557665,-115.525999,female,,Tamias,Rodentia,Sciuridae,6300,6300,Tamias umbrinus
http://arctosdb.org/home/data/; https://creativecommons.org/licenses/by/3.0,United States,Nevada,"Long Canyon, Ruby Mountains",13-Jul-87,40.557665,-115.525999,male,,Tamias,Rodentia,Sciuridae,6300,6300,Tamias umbrinus
http://arctosdb.org/home/data/; https://creativecommons.org/licenses/by/3.0,United States,Nevada,"Monarch Mine, Spruce Mountain",20-Jul-93,40.556662,-114.834542,male,,Tamias,Rodentia,Sciuridae,8200,8200,Tamias umbrinus
http://arctosdb.org/home/data/; https://creativecommons.org/licenses/by/3.0,United States,Nevada,"20 mi N and 8 mi W of Baker, Snake Range",22-Jul-90,39.322,-114.264,male,,Tamias,Rodentia,Sciuridae,8950,8950,Tamias umbrinus
http://arctosdb.org/home/data/; https://creativecommons.org/licenses/by/3.0,United States,Nevada,"20 mi N and 8 mi W of Baker, Snake Range",22-Jul-90,39.322,-114.264,male,,Tamias,Rodentia,Sciuridae,8950,8950,Tamias umbrinus
http://arctosdb.org/home/data/; https://creativecommons.org/licenses/by/3.0,United States,Nevada,"Scofield Canyon, Grant Range",26-Jun-92,38.297961,-115.482171,male,,Tamias,Rodentia,Sciuridae,7600,7600,Tamias umbrinus
http://arctosdb.org/home/data/; https://creativecommons.org/licenses/by/3.0,United States,Nevada,"Scofield Canyon, Grant Range",24-Jun-92,38.297961,-115.482171,male,,Tamias,Rodentia,Sciuridae,7600,7600,Tamias umbrinus
http://arctosdb.org/home/data/; https://creativecommons.org/licenses/by/3.0,United States,Nevada,"Scofield Canyon, Grant Range",24-Jun-92,38.297961,-115.482171,male,,Tamias,Rodentia,Sciuridae,7600,7600,Tamias umbrinus
http://arctosdb.org/home/data/; https://creativecommons.org/licenses/by/3.0,United States,Nevada,"Scofield Canyon, Grant Range",25-Jun-92,38.297961,-115.482171,male,,Tamias,Rodentia,Sciuridae,7600,7600,Tamias umbrinus
http://arctosdb.org/home/data/; https://creativecommons.org/licenses/by/3.0,United States,Nevada,"Scofield Canyon, Grant Range",25-Jun-92,38.297961,-115.482171,female,,Tamias,Rodentia,Sciuridae,7600,7600,Tamias umbrinus
http://arctosdb.org/home/data/; https://creativecommons.org/licenses/by/3.0,United States,Nevada,"Seligman Canyon, White Pine Range",30-Jun-92,39.268003,-115.544361,male,,Tamias,Rodentia,Sciuridae,8200,8200,Tamias umbrinus
http://arctosdb.org/home/data/; https://creativecommons.org/licenses/by/3.0,United States,Nevada,"Seligman Canyon, White Pine Range",30-Jun-92,39.268003,-115.544361,female,,Tamias,Rodentia,Sciuridae,8200,8200,Tamias umbrinus
http://arctosdb.org/home/data/; https://creativecommons.org/licenses/by/3.0,United States,Nevada,"Seligman Canyon, White Pine Range",30-Jun-92,39.268003,-115.544361,female,,Tamias,Rodentia,Sciuridae,8200,8200,Tamias umbrinus
http://arctosdb.org/home/data/; https://creativecommons.org/licenses/by/3.0,United States,Nevada,"Seligman Canyon, White Pine Range",30-Jun-92,39.268003,-115.544361,female,,Tamias,Rodentia,Sciuridae,8200,8200,Tamias umbrinus
http://arctosdb.org/home/data/; https://creativecommons.org/licenses/by/3.0,United States,Nevada,"Seligman Canyon, White Pine Range",30-Jun-92,39.268003,-115.544361,female,,Tamias,Rodentia,Sciuridae,8200,8200,Tamias umbrinus
http://arctosdb.org/home/data/; https://creativecommons.org/licenses/by/3.0,United States,Nevada,"Seligman Canyon, White Pine Range",1-Jul-92,39.268003,-115.544361,male,,Tamias,Rodentia,Sciuridae,8200,8200,Tamias umbrinus
http://arctosdb.org/home/data/; https://creativecommons.org/licenses/by/3.0,United States,Nevada,"Seligman Canyon, White Pine Range",1-Jul-92,39.267878,-115.581607,male,,Tamias,Rodentia,Sciuridae,6600,6600,Tamias umbrinus
http://arctosdb.org/home/data/; https://creativecommons.org/licenses/by/3.0,United States,Nevada,"Roberts Creek, Roberts Creek Mountains",2-Jul-92,39.846213,-116.298908,male,,Tamias,Rodentia,Sciuridae,7900,7900,Tamias umbrinus
http://arctosdb.org/home/data/; https://creativecommons.org/licenses/by/3.0,United States,Nevada,"Roberts Creek, Roberts Creek Mountains",3-Jul-92,39.846213,-116.298908,female,,Tamias,Rodentia,Sciuridae,7900,7900,Tamias umbrinus
http://arctosdb.org/home/data/; https://creativecommons.org/licenses/by/3.0,United States,Nevada,"Roberts Creek, Roberts Creek Mountains",4-Jul-92,39.846213,-116.298908,male,,Tamias,Rodentia,Sciuridae,7900,7900,Tamias umbrinus
http://arctosdb.org/home/data/; https://creativecommons.org/licenses/by/3.0,United States,Nevada,"Roberts Creek, Roberts Creek Mountains",4-Jul-92,39.846213,-116.298908,female,,Tamias,Rodentia,Sciuridae,7900,7900,Tamias umbrinus
http://arctosdb.org/home/data/; https://creativecommons.org/licenses/by/3.0,United States,Nevada,"Roberts Creek, Roberts Creek Mountains",4-Jul-92,39.846213,-116.298908,female,,Tamias,Rodentia,Sciuridae,7900,7900,Tamias umbrinus
http://arctosdb.org/home/data/; https://creativecommons.org/licenses/by/3.0,United States,Nevada,"Roberts Creek, Roberts Creek Mountains",4-Jul-92,39.846213,-116.298908,female,,Tamias,Rodentia,Sciuridae,7900,7900,Tamias umbrinus
http://arctosdb.org/home/data/; https://creativecommons.org/licenses/by/3.0,United States,Nevada,"Monarch Mine, Spruce Mountain",19-Jul-93,40.556662,-114.834542,female,,Tamias,Rodentia,Sciuridae,8200,8200,Tamias umbrinus
http://arctosdb.org/home/data/; https://creativecommons.org/licenses/by/3.0,United States,Nevada,"Monarch Mine, Spruce Mountain",19-Jul-93,40.556662,-114.834542,female,,Tamias,Rodentia,Sciuridae,8200,8200,Tamias umbrinus
http://arctosdb.org/home/data/; https://creativecommons.org/licenses/by/3.0,United States,Nevada,"Monarch Mine, Spruce Mountain",20-Jul-93,40.556662,-114.834542,male,,Tamias,Rodentia,Sciuridae,8200,8200,Tamias umbrinus
http://arctosdb.org/home/data/; https://creativecommons.org/licenses/by/3.0,United States,Nevada,"Monarch Mine, Spruce Mountain",21-Jul-93,40.556662,-114.834542,female,,Tamias,Rodentia,Sciuridae,8200,8200,Tamias umbrinus
http://arctosdb.org/home/data/; https://creativecommons.org/licenses/by/3.0,United States,Nevada,"Monarch Mine, Spruce Mountain",21-Jul-93,40.556662,-114.834542,female,,Tamias,Rodentia,Sciuridae,8200,8200,Tamias umbrinus
http://arctosdb.org/home/data/; https://creativecommons.org/licenses/by/3.0,United States,Nevada,"Monarch Mine, Spruce Mountain",22-Jul-93,40.556662,-114.834542,male,,Tamias,Rodentia,Sciuridae,8200,8200,Tamias umbrinus
http://arctosdb.org/home/data/; https://creativecommons.org/licenses/by/3.0,United States,Nevada,"Monarch Mine, Spruce Mountain",22-Jul-93,40.556662,-114.834542,female,,Tamias,Rodentia,Sciuridae,8200,8200,Tamias umbrinus
http://arctosdb.org/home/data/; https://creativecommons.org/licenses/by/3.0,United States,Nevada,"Kalamazoo Creek, Schell Creek Range",30-Jul-93,39.569603,-114.703476,female,,Tamias,Rodentia,Sciuridae,6900,6900,Tamias umbrinus
http://arctosdb.org/home/data/; https://creativecommons.org/licenses/by/3.0,United States,Nevada,"Cottonwood Creek, Diamond Range",3-Aug-93,39.614289,-115.879404,male,,Tamias,Rodentia,Sciuridae,6500,6500,Tamias umbrinus
http://arctosdb.org/home/data/; https://creativecommons.org/licenses/by/3.0,United States,Nevada,"Cottonwood Creek, Diamond Range",3-Aug-93,39.614289,-115.879404,female,,Tamias,Rodentia,Sciuridae,6500,6500,Tamias umbrinus
http://arctosdb.org/home/data/; https://creativecommons.org/licenses/by/3.0,United States,Nevada,"Cottonwood Creek, Diamond Range",3-Aug-93,39.614289,-115.879404,male,,Tamias,Rodentia,Sciuridae,6500,6500,Tamias umbrinus
http://arctosdb.org/home/data/; https://creativecommons.org/licenses/by/3.0,United States,Nevada,"Peterson Creek, Shoshone Mountains",20-Jul-86,39.165781,-117.491662,female,,Tamias,Rodentia,Sciuridae,8000,8000,Tamias umbrinus
http://arctosdb.org/home/data/; https://creativecommons.org/licenses/by/3.0,United States,Nevada,"Peterson Creek, Shoshone Mountains",19-Jul-86,39.165781,-117.491662,male,,Tamias,Rodentia,Sciuridae,8000,8000,Tamias umbrinus
http://arctosdb.org/home/data/; https://creativecommons.org/licenses/by/3.0,United States,Nevada,"Peterson Creek, Shoshone Mountains",19-Jul-86,39.165781,-117.491662,male,,Tamias,Rodentia,Sciuridae,8000,8000,Tamias umbrinus
http://arctosdb.org/home/data/; https://creativecommons.org/licenses/by/3.0,United States,Nevada,"Kingston Creek, near Kingston Campground, Toiyabe Mts.",16-Jul-86,39.22604,-117.142589,male,,Tamias,Rodentia,Sciuridae,,,Tamias umbrinus
http://arctosdb.org/home/data/; https://creativecommons.org/licenses/by/3.0,United States,Nevada,"Kingston Creek, near Kingston Campground, Toiyabe Mts.",17-Jul-86,39.22604,-117.142589,male,,Tamias,Rodentia,Sciuridae,,,Tamias umbrinus
http://arctosdb.org/home/data/; https://creativecommons.org/licenses/by/3.0,United States,Nevada,"Kingston Creek, near Kingston Campground, Toiyabe Mts.",17-Jul-86,39.22604,-117.142589,female,,Tamias,Rodentia,Sciuridae,,,Tamias umbrinus
http://arctosdb.org/home/data/; https://creativecommons.org/licenses/by/3.0,United States,Nevada,"Kingston Creek, near Kingston Campground, Toiyabe Mts.",17-Jul-86,39.22604,-117.142589,female,,Tamias,Rodentia,Sciuridae,,,Tamias umbrinus
http://arctosdb.org/home/data/; https://creativecommons.org/licenses/by/3.0,United States,Nevada,"Kingston Creek, near Kingston Campground, Toiyabe Mts.",17-Jul-86,39.22604,-117.142589,male,,Tamias,Rodentia,Sciuridae,,,Tamias umbrinus
http://arctosdb.org/home/data/; https://creativecommons.org/licenses/by/3.0,United States,Nevada,"Peterson Creek, Shoshone Mountains",20-Jul-86,39.165781,-117.491662,female,,Tamias,Rodentia,Sciuridae,8000,8000,Tamias umbrinus
http://arctosdb.org/home/data/; https://creativecommons.org/licenses/by/3.0,United States,Nevada,"Peterson Creek, Shoshone Mountains",20-Jul-86,39.165781,-117.491662,male,,Tamias,Rodentia,Sciuridae,8000,8000,Tamias umbrinus
http://arctosdb.org/home/data/; https://creativecommons.org/licenses/by/3.0,United States,Nevada,"Peterson Creek, Shoshone Mountains",21-Jul-86,39.165781,-117.491662,female,,Tamias,Rodentia,Sciuridae,8000,8000,Tamias umbrinus
http://arctosdb.org/home/data/; https://creativecommons.org/licenses/by/3.0,United States,Nevada,"Peterson Creek, Shoshone Mountains",21-Jul-86,39.165781,-117.491662,male,,Tamias,Rodentia,Sciuridae,8000,8000,Tamias umbrinus
http://arctosdb.org/home/data/; https://creativecommons.org/licenses/by/3.0,United States,Nevada,"Peterson Creek, Shoshone Mountains",21-Jul-86,39.165781,-117.491662,female,,Tamias,Rodentia,Sciuridae,8000,8000,Tamias umbrinus
http://arctosdb.org/home/data/; https://creativecommons.org/licenses/by/3.0,United States,Nevada,"Peterson Creek, Shoshone Mountains",21-Jul-86,39.165781,-117.491662,female,,Tamias,Rodentia,Sciuridae,8000,8000,Tamias umbrinus
http://arctosdb.org/home/data/; https://creativecommons.org/licenses/by/3.0,United States,Nevada,"Peterson Creek, Shoshone Mountains",21-Jul-86,39.165781,-117.491662,male,,Tamias,Rodentia,Sciuridae,8000,8000,Tamias umbrinus
http://arctosdb.org/home/data/; https://creativecommons.org/licenses/by/3.0,United States,Nevada,"Peterson Creek, Shoshone Mountains",21-Jul-86,39.165781,-117.491662,female,,Tamias,Rodentia,Sciuridae,8000,8000,Tamias umbrinus
http://arctosdb.org/home/data/; https://creativecommons.org/licenses/by/3.0,United States,Nevada,"Monarch Mine, Spruce Mountain",22-Jul-93,40.556662,-114.834542,female,,Tamias,Rodentia,Sciuridae,8200,8200,Tamias umbrinus
http://arctosdb.org/home/data/; https://creativecommons.org/licenses/by/3.0,United States,Nevada,"Monarch Mine, Spruce Mountain",20-Jul-93,40.556662,-114.834542,female,,Tamias,Rodentia,Sciuridae,8200,8200,Tamias umbrinus
http://arctosdb.org/home/data/; https://creativecommons.org/licenses/by/3.0,United States,Nevada,"Monarch Mine, Spruce Mountain",22-Jul-93,40.556662,-114.834542,female,,Tamias,Rodentia,Sciuridae,8200,8200,Tamias umbrinus
http://arctosdb.org/home/data/; https://creativecommons.org/licenses/by/3.0,United States,Nevada,"Kalamazoo Creek, Schell Creek Range",31-Jul-93,39.569603,-114.703476,female,,Tamias,Rodentia,Sciuridae,6900,6900,Tamias umbrinus
http://arctosdb.org/home/data/; https://creativecommons.org/licenses/by/3.0,United States,Nevada,"20 mi N and 8 mi W of Baker, Snake Range",24-Jul-90,39.322,-114.264,male,,Tamias,Rodentia,Sciuridae,8950,8950,Tamias umbrinus
http://arctosdb.org/home/data/; https://creativecommons.org/licenses/by/3.0,United States,Nevada,"20 mi N and 8 mi W of Baker, Snake Range",24-Jul-90,39.322,-114.264,female,,Tamias,Rodentia,Sciuridae,8950,8950,Tamias umbrinus
http://arctosdb.org/home/data/; https://creativecommons.org/licenses/by/3.0,United States,Nevada,"Roberts Creek, Roberts Creek Mountains",4-Jul-92,39.846213,-116.298908,male,,Tamias,Rodentia,Sciuridae,7900,7900,Tamias umbrinus
http://arctosdb.org/home/data/; https://creativecommons.org/licenses/by/3.0,United States,Nevada,"20 mi N and 8 mi W of Baker, Snake Range",25-Jul-90,39.322,-114.264,female,,Tamias,Rodentia,Sciuridae,8950,8950,Tamias umbrinus
http://arctosdb.org/home/data/; https://creativecommons.org/licenses/by/3.0,United States,Nevada,"20 mi N and 8 mi W of Baker, Snake Range",25-Jul-90,39.322,-114.264,female,,Tamias,Rodentia,Sciuridae,8950,8950,Tamias umbrinus
http://arctosdb.org/home/data/; https://creativecommons.org/licenses/by/3.0,United States,Nevada,"20 mi N and 8 mi W of Baker, Snake Range",25-Jul-90,39.322,-114.264,male,,Tamias,Rodentia,Sciuridae,8950,8950,Tamias umbrinus
http://arctosdb.org/home/data/; https://creativecommons.org/licenses/by/3.0,United States,Nevada,"Scofield Canyon, Grant Range",24-Jun-92,38.297961,-115.482171,male,,Tamias,Rodentia,Sciuridae,7600,7600,Tamias umbrinus
http://arctosdb.org/home/data/; https://creativecommons.org/licenses/by/3.0,United States,Nevada,"Scofield Canyon, Grant Range",24-Jun-92,38.297961,-115.482171,female,,Tamias,Rodentia,Sciuridae,7600,7600,Tamias umbrinus
http://arctosdb.org/home/data/; https://creativecommons.org/licenses/by/3.0,United States,Nevada,"Scofield Canyon, Grant Range",24-Jun-92,38.297961,-115.482171,male,,Tamias,Rodentia,Sciuridae,7600,7600,Tamias umbrinus
http://arctosdb.org/home/data/; https://creativecommons.org/licenses/by/3.0,United States,Nevada,"Scofield Canyon, Grant Range",24-Jun-92,38.297961,-115.482171,male,,Tamias,Rodentia,Sciuridae,7600,7600,Tamias umbrinus
http://arctosdb.org/home/data/; https://creativecommons.org/licenses/by/3.0,United States,Nevada,"Scofield Canyon, Grant Range",25-Jun-92,38.297961,-115.482171,female,,Tamias,Rodentia,Sciuridae,7600,7600,Tamias umbrinus
http://arctosdb.org/home/data/; https://creativecommons.org/licenses/by/3.0,United States,Nevada,"Scofield Canyon, Grant Range",25-Jun-92,38.297961,-115.482171,female,,Tamias,Rodentia,Sciuridae,7600,7600,Tamias umbrinus
http://arctosdb.org/home/data/; https://creativecommons.org/licenses/by/3.0,United States,Nevada,"Scofield Canyon, Grant Range",25-Jun-92,38.297961,-115.482171,male,,Tamias,Rodentia,Sciuridae,7600,7600,Tamias umbrinus
http://arctosdb.org/home/data/; https://creativecommons.org/licenses/by/3.0,United States,Nevada,"Seligman Canyon, White Pine Range",30-Jun-92,39.268003,-115.544361,female,,Tamias,Rodentia,Sciuridae,8200,8200,Tamias umbrinus
http://arctosdb.org/home/data/; https://creativecommons.org/licenses/by/3.0,United States,Nevada,"Seligman Canyon, White Pine Range",30-Jun-92,39.268003,-115.544361,male,,Tamias,Rodentia,Sciuridae,8200,8200,Tamias umbrinus
http://arctosdb.org/home/data/; https://creativecommons.org/licenses/by/3.0,United States,Nevada,"Seligman Canyon, White Pine Range",30-Jun-92,39.268003,-115.544361,male,,Tamias,Rodentia,Sciuridae,8200,8200,Tamias umbrinus
http://arctosdb.org/home/data/; https://creativecommons.org/licenses/by/3.0,United States,Nevada,"Seligman Canyon, White Pine Range",30-Jun-92,39.268003,-115.544361,female,,Tamias,Rodentia,Sciuridae,8200,8200,Tamias umbrinus
http://arctosdb.org/home/data/; https://creativecommons.org/licenses/by/3.0,United States,Nevada,"Seligman Canyon, White Pine Range",30-Jun-92,39.268003,-115.544361,female,,Tamias,Rodentia,Sciuridae,8200,8200,Tamias umbrinus
http://arctosdb.org/home/data/; https://creativecommons.org/licenses/by/3.0,United States,Nevada,"Seligman Canyon, White Pine Range",30-Jun-92,39.268003,-115.544361,male,,Tamias,Rodentia,Sciuridae,8200,8200,Tamias umbrinus
http://arctosdb.org/home/data/; https://creativecommons.org/licenses/by/3.0,United States,Nevada,"Seligman Canyon, White Pine Range",30-Jun-92,39.268003,-115.544361,female,,Tamias,Rodentia,Sciuridae,8200,8200,Tamias umbrinus
http://arctosdb.org/home/data/; https://creativecommons.org/licenses/by/3.0,United States,Nevada,"Roberts Creek, Roberts Creek Mountains",2-Jul-92,39.846213,-116.298908,female,,Tamias,Rodentia,Sciuridae,7900,7900,Tamias umbrinus
http://arctosdb.org/home/data/; https://creativecommons.org/licenses/by/3.0,United States,Nevada,"Roberts Creek, Roberts Creek Mountains",2-Jul-92,39.846213,-116.298908,female,,Tamias,Rodentia,Sciuridae,7900,7900,Tamias umbrinus
http://arctosdb.org/home/data/; https://creativecommons.org/licenses/by/3.0,United States,Nevada,"Roberts Creek, Roberts Creek Mountains",2-Jul-92,39.846213,-116.298908,female,,Tamias,Rodentia,Sciuridae,7900,7900,Tamias umbrinus
http://arctosdb.org/home/data/; https://creativecommons.org/licenses/by/3.0,United States,Nevada,"Roberts Creek, Roberts Creek Mountains",4-Jul-92,39.846213,-116.298908,male,,Tamias,Rodentia,Sciuridae,7900,7900,Tamias umbrinus
http://arctosdb.org/home/data/; https://creativecommons.org/licenses/by/3.0,United States,Nevada,"Roberts Creek, Roberts Creek Mountains",4-Jul-92,39.846213,-116.298908,male,,Tamias,Rodentia,Sciuridae,7900,7900,Tamias umbrinus
http://arctosdb.org/home/data/; https://creativecommons.org/licenses/by/3.0,United States,Nevada,"Roberts Creek, Roberts Creek Mountains",4-Jul-92,39.846213,-116.298908,male,,Tamias,Rodentia,Sciuridae,7900,7900,Tamias umbrinus
http://arctosdb.org/home/data/; https://creativecommons.org/licenses/by/3.0,United States,Nevada,"Roberts Creek, Roberts Creek Mountains",4-Jul-92,39.846213,-116.298908,female,,Tamias,Rodentia,Sciuridae,7900,7900,Tamias umbrinus
http://arctosdb.org/home/data/; https://creativecommons.org/licenses/by/3.0,United States,Nevada,"War Eagle Canyon, Shoshone Mountains",7-Jul-87,39.128498,-117.563591,female,,Tamias,Rodentia,Sciuridae,7500,7500,Tamias umbrinus
http://arctosdb.org/home/data/; https://creativecommons.org/licenses/by/3.0,United States,Nevada,"Long Canyon, Ruby Mountains",13-Jul-87,40.557665,-115.525999,female,,Tamias,Rodentia,Sciuridae,6300,6300,Tamias umbrinus
http://arctosdb.org/home/data/; https://creativecommons.org/licenses/by/3.0,United States,Nevada,"Long Canyon, Ruby Mountains",13-Jul-87,40.557665,-115.525999,male,,Tamias,Rodentia,Sciuridae,6300,6300,Tamias umbrinus
http://arctosdb.org/home/data/; https://creativecommons.org/licenses/by/3.0,United States,Nevada,"Long Canyon, Ruby Mountains",15-Jul-87,40.557665,-115.525999,male,,Tamias,Rodentia,Sciuridae,6300,6300,Tamias umbrinus
http://arctosdb.org/home/data/; https://creativecommons.org/licenses/by/3.0,United States,Nevada,"20 mi N and 8 mi W of Baker, Snake Range",24-Jul-90,39.322,-114.264,male,,Tamias,Rodentia,Sciuridae,8950,8950,Tamias umbrinus
http://arctosdb.org/home/data/; https://creativecommons.org/licenses/by-nc/3.0,United States,Nevada,1.5 km NNW Spruce Mountain peak,15-Jun-24,40.56639098,-114.814458,female,adult,Tamias,Rodentia,Sciuridae,2681.951904,2681.951904,Tamias umbrinus
http://arctosdb.org/home/data/; https://creativecommons.org/licenses/by-nc/3.0,United States,Nevada,1.5 km NNW Spruce Mountain peak,16-Jun-24,40.56672801,-114.815099,female,adult,Tamias,Rodentia,Sciuridae,2654.78833,2654.78833,Tamias umbrinus
http://arctosdb.org/home/data/; https://creativecommons.org/licenses/by-nc/3.0,United States,Nevada,1.5 km NNW Spruce Mountain peak,17-Jun-24,40.55637603,-114.833602,female,adult,Tamias,Rodentia,Sciuridae,2561.648926,2561.648926,Tamias umbrinus
http://arctosdb.org/home/data/; https://creativecommons.org/licenses/by-nc/3.0,United States,Nevada,1.5 km NNW Spruce Mountain peak,17-Jun-24,40.55623999,-114.833757,female,adult,Tamias,Rodentia,Sciuridae,2541.767578,2541.767578,Tamias umbrinus
http://arctosdb.org/home/data/; https://creativecommons.org/licenses/by-nc/3.0,United States,Nevada,1.5 km NNW Spruce Mountain peak,17-Jun-24,40.556285,-114.83336,female,adult,Tamias,Rodentia,Sciuridae,2569.924561,2569.924561,Tamias umbrinus
http://arctosdb.org/home/data/; https://creativecommons.org/licenses/by-nc/3.0,United States,Nevada,1.5 km NNW Spruce Mountain peak,17-Jun-24,40.56657203,-114.814764,female,adult,Tamias,Rodentia,Sciuridae,2659.399414,2659.399414,Tamias umbrinus
http://arctosdb.org/home/data/; https://creativecommons.org/licenses/by-nc/3.0,United States,Nevada,2 km NE Spruce Mountain peak,20-Jun-24,40.56462298,-114.799611,female,adult,Tamias,Rodentia,Sciuridae,2313.776855,2313.776855,Tamias umbrinus
http://arctosdb.org/home/data/; https://creativecommons.org/licenses/by-nc/3.0,United States,Nevada,"Humboldt-Toiyabe National Forest, 2.75 km WSW North Schell Peak, Timber Creek",25-Jun-24,39.39977598,-114.629172,male,adult,Tamias,Rodentia,Sciuridae,2379.515381,2379.515381,Tamias umbrinus
http://arctosdb.org/home/data/; https://creativecommons.org/licenses/by-nc/3.0,United States,Nevada,"Humboldt-Toiyabe National Forest, 2.75 km WSW North Schell Peak, Timber Creek",27-Jun-24,39.39988897,-114.628733,female,adult,Tamias,Rodentia,Sciuridae,2581.775635,2581.775635,Tamias umbrinus
http://arctosdb.org/home/data/; https://creativecommons.org/licenses/by-nc/3.0,United States,Nevada,"Humboldt-Toiyabe National Forest, 5 km W Taff Peak, Berry Creek",29-Jun-24,39.35348902,-114.65073,female,adult,Tamias,Rodentia,Sciuridae,2387.383545,2387.383545,Tamias umbrinus
http://arctosdb.org/home/data/; https://creativecommons.org/licenses/by-nc/3.0,United States,Nevada,"Humboldt-Toiyabe National Forest, 5 km W Taff Peak, Berry Creek",29-Jun-24,39.35384701,-114.651465,female,adult,Tamias,Rodentia,Sciuridae,2424.542969,2424.542969,Tamias umbrinus
http://arctosdb.org/home/data/; https://creativecommons.org/licenses/by-nc/3.0,United States,Nevada,"Humboldt-Toiyabe National Forest, 5 km W Taff Peak, Berry Creek",29-Jun-24,39.35372799,-114.651296,female,adult,Tamias,Rodentia,Sciuridae,2332.624756,2332.624756,Tamias umbrinus
http://arctosdb.org/home/data/; https://creativecommons.org/licenses/by-nc/3.0,United States,Nevada,"Humboldt-Toiyabe National Forest, 5 km W Taff Peak, Berry Creek",29-Jun-24,39.35373503,-114.650473,male,adult,Tamias,Rodentia,Sciuridae,2404.043213,2404.043213,Tamias umbrinus
http://arctosdb.org/home/data/; https://creativecommons.org/licenses/by-nc/3.0,United States,Nevada,"Humboldt-Toiyabe National Forest, 5 km W Taff Peak, Berry Creek",29-Jun-24,39.35373503,-114.650473,female,adult,Tamias,Rodentia,Sciuridae,2403.983398,2403.983398,Tamias umbrinus
http://arctosdb.org/home/data/; https://creativecommons.org/licenses/by-nc/3.0,United States,Nevada,"Humboldt-Toiyabe National Forest, 5 km W Taff Peak, Berry Creek",29-Jun-24,39.35385296,-114.650268,female,adult,Tamias,Rodentia,Sciuridae,2403.583496,2403.583496,Tamias umbrinus
http://arctosdb.org/home/data/; https://creativecommons.org/licenses/by-nc/3.0,United States,Nevada,"Humboldt-Toiyabe National Forest, 5 km W Taff Peak, Berry Creek",30-Jun-24,39.35982096,-114.644051,female,adult,Tamias,Rodentia,Sciuridae,2538.049561,2538.049561,Tamias minimus
http://arctosdb.org/home/data/; https://creativecommons.org/licenses/by-nc/3.0,United States,Nevada,"Humboldt-Toiyabe National Forest, 5 km W Taff Peak, Berry Creek",1-Jul-24,39.35367401,-114.651212,female,subadult,Tamias,Rodentia,Sciuridae,2459.63501,2459.63501,Tamias umbrinus
http://arctosdb.org/home/data/; https://creativecommons.org/licenses/by-nc/3.0,United States,Nevada,"Humboldt-Toiyabe National Forest, 5 km W Taff Peak, Berry Creek",1-Jul-24,39.35376302,-114.650492,female,adult,Tamias,Rodentia,Sciuridae,2456.959717,2456.959717,Tamias umbrinus
http://arctosdb.org/home/data/; https://creativecommons.org/licenses/by-nc/3.0,United States,Nevada,"Humboldt-Toiyabe National Forest, 5 km W Taff Peak, Berry Creek",1-Jul-24,39.354075,-114.651591,male,adult,Tamias,Rodentia,Sciuridae,2591.267578,2591.267578,Tamias umbrinus
http://arctosdb.org/home/data/; https://creativecommons.org/licenses/by-nc/3.0,United States,Nevada,"Humboldt-Toiyabe National Forest, 5 km W Taff Peak, Berry Creek",1-Jul-24,39.35330797,-114.650134,female,adult,Tamias,Rodentia,Sciuridae,2638.839355,2638.839355,Tamias umbrinus
http://arctosdb.org/home/data/; https://creativecommons.org/licenses/by-nc/3.0,United States,Nevada,"Humboldt-Toiyabe National Forest, 5 km W Taff Peak, Berry Creek",2-Jul-24,39.35387501,-114.651449,male,subadult,Tamias,Rodentia,Sciuridae,2459.865479,2459.865479,Tamias umbrinus
http://arctosdb.org/home/data/; https://creativecommons.org/licenses/by-nc/3.0,United States,Nevada,2 km NE Spruce Mountain peak,21-Jun-24,40.56572897,-114.799147,female,adult,Tamias,Rodentia,Sciuridae,2373.731934,2373.731934,Tamias umbrinus
http://arctosdb.org/home/data/; https://creativecommons.org/licenses/by-nc/3.0,United States,Nevada,2 km NE Spruce Mountain peak,21-Jun-24,40.564799,-114.801205,female,adult,Callospermophilus,Rodentia,Sciuridae,2329.233154,2329.233154,Callospermophilus lateralis
http://arctosdb.org/home/data/; https://creativecommons.org/licenses/by-nc/3.0,United States,Nevada,"Humboldt-Toiyabe National Forest, 7.5 km W of Toiyabe Range Peak, San Juan Campground",5-Jul-25,39.121876,-117.275393,male,adult,Tamias,Rodentia,Sciuridae,,,Tamias umbrinus
http://arctosdb.org/home/data/; https://creativecommons.org/licenses/by-nc/3.0,United States,Nevada,"Humboldt-Toiyabe National Forest, 7.5 km W of Toiyabe Range Peak, San Juan Campground",5-Jul-25,39.121876,-117.275393,male,adult,Tamias,Rodentia,Sciuridae,,,Tamias umbrinus
http://arctosdb.org/home/data/; https://creativecommons.org/licenses/by-nc/3.0,United States,Nevada,"Humboldt-Toiyabe National Forest, 7.5 km W of Toiyabe Range Peak, San Juan Campground",7-Jul-25,39.12280496,-117.276402,female,adult,Tamias,Rodentia,Sciuridae,2214.336914,2214.336914,Tamias umbrinus
http://arctosdb.org/home/data/; https://creativecommons.org/licenses/by-nc/3.0,United States,Nevada,"Humboldt-Toiyabe National Forest, 5 km NE of North Toiyabe Peak, Birch Creek",10-Jul-25,39.39812902,-117.038679,female,adult,Tamias,Rodentia,Sciuridae,,,Tamias umbrinus
http://arctosdb.org/home/data/; https://creativecommons.org/licenses/by-nc/3.0,United States,Nevada,"Humboldt-Toiyabe National Forest, 5 km NE of North Toiyabe Peak, Birch Creek",10-Jul-25,39.39828803,-117.046536,male,adult,Tamias,Rodentia,Sciuridae,,,Tamias umbrinus
http://arctosdb.org/home/data/; https://creativecommons.org/licenses/by-nc/3.0,United States,Nevada,"Humboldt-Toiyabe National Forest, 2.75 km WSW North Schell Peak, Timber Creek",14-Jul-25,39.39944096,-114.628042,female,adult,Tamias,Rodentia,Sciuridae,2689.438721,2689.438721,Tamias umbrinus
http://arctosdb.org/home/data/; https://creativecommons.org/licenses/by-nc/3.0,United States,Nevada,"Humboldt-Toiyabe National Forest, Ruby Mountains, 2.4 km N of Mt. Gilbert, Lamoille Creek",17-Jul-25,40.66055898,-115.444591,male,adult,Tamias,Rodentia,Sciuridae,2176.311523,2176.311523,Tamias umbrinus
http://arctosdb.org/home/data/; https://creativecommons.org/licenses/by-nc/3.0,United States,Nevada,"Humboldt-Toiyabe National Forest, Ruby Mountains, 2.4 km N of Mt. Gilbert, Lamoille Creek",18-Jul-25,40.65972799,-115.443702,female,adult,Tamias,Rodentia,Sciuridae,2215.649658,2215.649658,Tamias umbrinus
http://arctosdb.org/home/data/; https://creativecommons.org/licenses/by-nc/3.0,United States,Nevada,"Humboldt-Toiyabe National Forest, Ruby Mountains, 2.4 km N of Mt. Gilbert, Lamoille Creek",18-Jul-25,40.659959,-115.444064,female,subadult,Tamias,Rodentia,Sciuridae,2162.269043,2162.269043,Tamias umbrinus
http://arctosdb.org/home/data/; https://creativecommons.org/licenses/by-nc/3.0,United States,Nevada,"Humboldt-Toiyabe National Forest, Ruby Mountains, 7.5 km NE of Overland Lake, Myers Creek",22-Jul-25,40.50407404,-115.382936,male,adult,Tamias,Rodentia,Sciuridae,2255.052734,2255.052734,Tamias umbrinus
http://arctosdb.org/home/data/; https://creativecommons.org/licenses/by-nc/3.0,United States,Nevada,"Humboldt-Toiyabe National Forest, Ruby Mountains, 7.5 km NE of Overland Lake, Myers Creek",23-Jul-25,40.50350801,-115.36696,male,adult,Tamias,Rodentia,Sciuridae,,,Tamias umbrinus
http://arctosdb.org/home/data/; https://creativecommons.org/licenses/by-nc/3.0,United States,Nevada,"Humboldt-Toiyabe National Forest, Ruby Mountains, 7.5 km NE of Overland Lake, Myers Creek",24-Jul-25,,,female,adult,Tamias,Rodentia,Sciuridae,,,Tamias umbrinus
http://arctosdb.org/home/data/; https://creativecommons.org/licenses/by-nc/3.0,United States,Nevada,"Humboldt-Toiyabe National Forest, 7.5 km W of Toiyabe Range Peak, San Juan Campground",5-Jul-25,39.12284402,-117.276272,female,adult,Tamias,Rodentia,Sciuridae,2233.296387,2233.296387,Tamias umbrinus
http://arctosdb.org/home/data/; https://creativecommons.org/licenses/by-nc/3.0,United States,Nevada,"Humboldt-Toiyabe National Forest, Ruby Mountains, 7.5 km NE of Overland Lake, Myers Creek",23-Jul-25,40.50444804,-115.382655,female,adult,Tamias,Rodentia,Sciuridae,2255.779053,2255.779053,Tamias umbrinus
http://arctosdb.org/home/data/; https://creativecommons.org/licenses/by-nc/3.0,United States,Nevada,"Humboldt-Toiyabe National Forest, 7.5 km W of Toiyabe Range Peak, San Juan Campground",7-Jul-25,39.12279901,-117.276204,female,adult,Tamias,Rodentia,Sciuridae,2234.054199,2234.054199,Tamias umbrinus
http://arctosdb.org/home/data/; https://creativecommons.org/licenses/by-nc/3.0,United States,Nevada,"Humboldt-Toiyabe National Forest, 7.5 km W of Toiyabe Range Peak, San Juan Campground",7-Jul-25,39.12276297,-117.276267,male,adult,Tamias,Rodentia,Sciuridae,2231.085205,2231.085205,Tamias umbrinus
http://arctosdb.org/home/data/; https://creativecommons.org/licenses/by/3.0,United States,Nevada,"2 mi N, 8 mi W of Haystack Ranch, Stump Creek",,,,,,Tamias,Rodentia,Sciuridae,7820,7820,Tamias umbrinus
http://arctosdb.org/home/data/; https://creativecommons.org/licenses/by-nc/3.0,United States,Nevada,"Humboldt-Toiyabe National Forest, 5 km W Taft Peak, Berry Creek",1-Jul-24,39.35389403,-114.650392,female,adult,Tamias,Rodentia,Sciuridae,2456.293701,2456.293701,Tamias umbrinus
http://arctosdb.org/home/data/; https://creativecommons.org/licenses/by-nc/3.0,United States,Nevada,No specific locality recorded.,2-Jul-24,39.35462602,-114.651095,male,adult,Tamias,Rodentia,Sciuridae,2464.364258,2464.364258,Tamias umbrinus
http://arctosdb.org/home/data/; https://creativecommons.org/licenses/by-nc/3.0,United States,Nevada,Pine Forest Range; Head of Alder Creek,21-Jul-07,41.6785,-118.7543,female,,Urocitellus,Rodentia,Sciuridae,2156,2156,Urocitellus beldingi
http://arctosdb.org/home/data/; https://creativecommons.org/licenses/by-nc/3.0,United States,Nevada,Pine Forest Range; Head of Alder Creek,21-Jul-07,41.6785,-118.7543,male,adult,Urocitellus,Rodentia,Sciuridae,2156,2156,Urocitellus beldingi
http://mvz.berkeley.edu/mvzdata_terms; https://creativecommons.org/licenses/by/3.0,United States,Nevada,"head of Big Creek [=Cold Spring], Pine Forest Range",29-Jun-09,41.66879,-118.69037,male,,Urocitellus,Rodentia,Sciuridae,8000,8000,Urocitellus beldingi
http://mvz.berkeley.edu/mvzdata_terms; https://creativecommons.org/licenses/by/3.0,United States,Nevada,"head of Big Creek [=Cold Spring], Pine Forest Range",29-Jun-09,41.66879,-118.69037,female,,Urocitellus,Rodentia,Sciuridae,8000,8000,Urocitellus beldingi
http://mvz.berkeley.edu/mvzdata_terms; https://creativecommons.org/licenses/by/3.0,United States,Nevada,"head of Big Creek [=Cold Spring], Pine Forest Range",29-Jun-09,41.66879,-118.69037,female,,Urocitellus,Rodentia,Sciuridae,8000,8000,Urocitellus beldingi
http://mvz.berkeley.edu/mvzdata_terms; https://creativecommons.org/licenses/by/3.0,United States,Nevada,"head of Big Creek [=Cold Spring], Pine Forest Range",1-Jul-09,41.66879,-118.69037,female,,Urocitellus,Rodentia,Sciuridae,8000,8000,Urocitellus beldingi
http://mvz.berkeley.edu/mvzdata_terms; https://creativecommons.org/licenses/by/3.0,United States,Nevada,"head of Big Creek [=Cold Spring], Pine Forest Range",3-Jul-09,41.66879,-118.69037,male,,Urocitellus,Rodentia,Sciuridae,8000,8000,Urocitellus beldingi
http://mvz.berkeley.edu/mvzdata_terms; https://creativecommons.org/licenses/by/3.0,United States,Nevada,"Camp I, South Fork Big Creek, Pine Forest Range",7-Jul-09,41.67279,-118.66826,female,,Urocitellus,Rodentia,Sciuridae,6200,6200,Urocitellus beldingi
http://mvz.berkeley.edu/mvzdata_terms; https://creativecommons.org/licenses/by/3.0,United States,Nevada,"Camp I, South Fork Big Creek, Pine Forest Range",8-Jul-09,41.67279,-118.66826,male,,Urocitellus,Rodentia,Sciuridae,6200,6200,Urocitellus beldingi
http://mvz.berkeley.edu/mvzdata_terms; https://creativecommons.org/licenses/by/3.0,United States,Nevada,"Camp IV, right fork Alder Creek [=Onion Valley Reservoir], Pine Forest Range",13-Jul-09,41.69821,-118.73738,female,,Urocitellus,Rodentia,Sciuridae,7000,7000,Urocitellus beldingi
http://mvz.berkeley.edu/mvzdata_terms; https://creativecommons.org/licenses/by/3.0,United States,Nevada,"Camp IV, right fork Alder Creek [=Onion Valley Reservoir], Pine Forest Range",13-Jul-09,41.69821,-118.73738,male,,Urocitellus,Rodentia,Sciuridae,7000,7000,Urocitellus beldingi
http://mvz.berkeley.edu/mvzdata_terms; https://creativecommons.org/licenses/by/3.0,United States,Nevada,"Camp IV, right fork Alder Creek [=Onion Valley Reservoir], Pine Forest Range",14-Jul-09,41.69821,-118.73738,female,,Urocitellus,Rodentia,Sciuridae,7000,7000,Urocitellus beldingi
http://mvz.berkeley.edu/mvzdata_terms; https://creativecommons.org/licenses/by/3.0,United States,Nevada,"Camp IV, right fork Alder Creek [=Onion Valley Reservoir], Pine Forest Range",15-Jul-09,41.69821,-118.73738,male,,Urocitellus,Rodentia,Sciuridae,7000,7000,Urocitellus beldingi
http://mvz.berkeley.edu/mvzdata_terms; https://creativecommons.org/licenses/by/3.0,United States,Nevada,"Leonard Creek, Pine Forest Range",22-Jul-09,41.64186,-118.69513,male,,Urocitellus,Rodentia,Sciuridae,6500,6500,Urocitellus beldingi
http://mvz.berkeley.edu/mvzdata_terms; https://creativecommons.org/licenses/by/3.0,United States,Nevada,Massacre Creek,29-May-20,41.63167,-119.60917,female,,Urocitellus,Rodentia,Sciuridae,5800,5800,Urocitellus beldingi
http://mvz.berkeley.edu/mvzdata_terms; https://creativecommons.org/licenses/by/3.0,United States,Nevada,"Bell's Ranch, Reese River",1-Jun-25,38.93389,-117.48083,female,,Urocitellus,Rodentia,Sciuridae,6890,6890,Urocitellus beldingi
http://mvz.berkeley.edu/mvzdata_terms; https://creativecommons.org/licenses/by/3.0,United States,Nevada,"Bell's Ranch, Reese River",1-Jun-25,38.93389,-117.48083,male,,Urocitellus,Rodentia,Sciuridae,6890,6890,Urocitellus beldingi
http://mvz.berkeley.edu/mvzdata_terms; https://creativecommons.org/licenses/by/3.0,United States,Nevada,Kingston Ranger Station,4-Jun-30,39.25556,-117.1625,male,,Urocitellus,Rodentia,Sciuridae,7500,7500,Urocitellus beldingi
http://mvz.berkeley.edu/mvzdata_terms; https://creativecommons.org/licenses/by/3.0,United States,Nevada,Kingston Ranger Station,4-Jun-30,39.25556,-117.1625,male,,Urocitellus,Rodentia,Sciuridae,7500,7500,Urocitellus beldingi
http://mvz.berkeley.edu/mvzdata_terms; https://creativecommons.org/licenses/by/3.0,United States,Nevada,Kingston Ranger Station,4-Jun-30,39.25556,-117.1625,male,,Urocitellus,Rodentia,Sciuridae,7500,7500,Urocitellus beldingi
http://mvz.berkeley.edu/mvzdata_terms; https://creativecommons.org/licenses/by/3.0,United States,Nevada,Kingston Ranger Station,6-Jun-30,39.25556,-117.1625,female,,Urocitellus,Rodentia,Sciuridae,7500,7500,Urocitellus beldingi
http://mvz.berkeley.edu/mvzdata_terms; https://creativecommons.org/licenses/by/3.0,United States,Nevada,Kingston Ranger Station,6-Jun-30,39.25556,-117.1625,female,,Urocitellus,Rodentia,Sciuridae,7500,7500,Urocitellus beldingi
http://mvz.berkeley.edu/mvzdata_terms; https://creativecommons.org/licenses/by/3.0,United States,Nevada,Kingston Ranger Station,7-Jun-30,39.25556,-117.1625,male,,Urocitellus,Rodentia,Sciuridae,7500,7500,Urocitellus beldingi
http://mvz.berkeley.edu/mvzdata_terms; https://creativecommons.org/licenses/by/3.0,United States,Nevada,Kingston Ranger Station,7-Jun-30,39.25556,-117.1625,female,,Urocitellus,Rodentia,Sciuridae,7500,7500,Urocitellus beldingi
http://mvz.berkeley.edu/mvzdata_terms; https://creativecommons.org/licenses/by/3.0,United States,Nevada,Kingston Ranger Station,7-Jun-30,39.25556,-117.1625,male,,Urocitellus,Rodentia,Sciuridae,7500,7500,Urocitellus beldingi
http://mvz.berkeley.edu/mvzdata_terms; https://creativecommons.org/licenses/by/3.0,United States,Nevada,Kingston Ranger Station,8-Jun-30,39.25556,-117.1625,female,,Urocitellus,Rodentia,Sciuridae,7500,7500,Urocitellus beldingi
http://mvz.berkeley.edu/mvzdata_terms; https://creativecommons.org/licenses/by/3.0,United States,Nevada,Birch Creek,22-Jun-30,39.3959732,-117.0343964,male,,Urocitellus,Rodentia,Sciuridae,7000,7000,Urocitellus beldingi
http://mvz.berkeley.edu/mvzdata_terms; https://creativecommons.org/licenses/by/3.0,United States,Nevada,Birch Creek,22-Jun-30,39.3959732,-117.0343964,male,,Urocitellus,Rodentia,Sciuridae,7000,7000,Urocitellus beldingi
http://mvz.berkeley.edu/mvzdata_terms; https://creativecommons.org/licenses/by/3.0,United States,Nevada,"Meadow Creek Ranger Station, Toquima Range",12-Jun-33,38.69389,-116.91917,female,,Urocitellus,Rodentia,Sciuridae,,,Urocitellus beldingi
http://mvz.berkeley.edu/mvzdata_terms; https://creativecommons.org/licenses/by/3.0,United States,Nevada,"Antone Creek, 2 mi S Meadow Creek Ranger Station, Toquima Range",12-Jun-33,38.666252,-116.916578,female,,Urocitellus,Rodentia,Sciuridae,,,Urocitellus beldingi
http://mvz.berkeley.edu/mvzdata_terms; https://creativecommons.org/licenses/by/3.0,United States,Nevada,"Antone Creek, 1.5 mi SE Meadow Creek Ranger Station, Toquima Mts.",13-Jun-33,38.677853,-116.901178,female,,Urocitellus,Rodentia,Sciuridae,,,Urocitellus beldingi
http://mvz.berkeley.edu/mvzdata_terms; https://creativecommons.org/licenses/by/3.0,United States,Nevada,"Antone Creek, 1.5 mi SE Meadow Creek Ranger Station, Toquima Mts.",13-Jun-33,38.677853,-116.901178,female,,Urocitellus,Rodentia,Sciuridae,,,Urocitellus beldingi
http://mvz.berkeley.edu/mvzdata_terms; https://creativecommons.org/licenses/by/3.0,United States,Nevada,"Toquima Range, 2 mi E Meadow Valley Ranger Station",7-Jul-33,38.69348,-116.88243,female,,Urocitellus,Rodentia,Sciuridae,,,Urocitellus beldingi
http://mvz.berkeley.edu/mvzdata_terms; https://creativecommons.org/licenses/by/3.0,United States,Nevada,"Toquima Range, 2 mi E Meadow Valley Ranger Station",7-Jul-33,38.69348,-116.88243,male,,Urocitellus,Rodentia,Sciuridae,,,Urocitellus beldingi
http://mvz.berkeley.edu/mvzdata_terms; https://creativecommons.org/licenses/by/3.0,United States,Nevada,"Jack Creek, 10 mi S Deep Creek",26-May-34,41.49472,-116.09889,female,,Urocitellus,Rodentia,Sciuridae,,,Urocitellus beldingi
http://mvz.berkeley.edu/mvzdata_terms; https://creativecommons.org/licenses/by/3.0,United States,Nevada,"Jack Creek, 10 mi S Deep Creek",26-May-34,41.49472,-116.09889,female,,Urocitellus,Rodentia,Sciuridae,,,Urocitellus beldingi
http://mvz.berkeley.edu/mvzdata_terms; https://creativecommons.org/licenses/by/3.0,United States,Nevada,"Jack Creek, 10 mi S Deep Creek",26-May-34,41.49472,-116.09889,male,,Urocitellus,Rodentia,Sciuridae,,,Urocitellus beldingi
http://mvz.berkeley.edu/mvzdata_terms; https://creativecommons.org/licenses/by/3.0,United States,Nevada,10 mi S Owyhee,28-May-34,41.80289,-116.09778,male,,Urocitellus,Rodentia,Sciuridae,,,Urocitellus beldingi
http://mvz.berkeley.edu/mvzdata_terms; https://creativecommons.org/licenses/by/3.0,United States,Nevada,Owyhee,28-May-34,41.94768,-116.09871,female,,Urocitellus,Rodentia,Sciuridae,,,Urocitellus beldingi
http://mvz.berkeley.edu/mvzdata_terms; https://creativecommons.org/licenses/by/3.0,United States,Nevada,3 mi S Mt. Rose,19-Aug-34,39.28568,-119.88472,male,,Urocitellus,Rodentia,Sciuridae,8600,8600,Urocitellus beldingi
http://mvz.berkeley.edu/mvzdata_terms; https://creativecommons.org/licenses/by/3.0,United States,Nevada,"Cedar Creek, 10 mi NE San Jacinto",16-Jul-35,41.9,-114.5,male,,Urocitellus,Rodentia,Sciuridae,6000,6000,Urocitellus beldingi
http://mvz.berkeley.edu/mvzdata_terms; https://creativecommons.org/licenses/by/3.0,United States,Nevada,"6 mi SW Mt. City, Cobb Creek",24-Jul-35,41.77714,-116.04664,female,,Urocitellus,Rodentia,Sciuridae,6500,6500,Urocitellus beldingi
http://mvz.berkeley.edu/mvzdata_terms; https://creativecommons.org/licenses/by/3.0,United States,Nevada,"Goose Creek, 2 mi S Utah line",15-Jul-35,41.96,-114.23,unknown,,Urocitellus,Rodentia,Sciuridae,5000,5000,Urocitellus beldingi
http://mvz.berkeley.edu/mvzdata_terms; https://creativecommons.org/licenses/by/3.0,United States,Nevada,"Reese River Valley, 7 mi N Austin",18-May-36,39.59,-117.16,male,,Urocitellus,Rodentia,Sciuridae,,,Urocitellus beldingi
http://mvz.berkeley.edu/mvzdata_terms; https://creativecommons.org/licenses/by/3.0,United States,Nevada,"Reese River Valley, 7 mi N Austin",18-May-36,39.59,-117.16,male,,Urocitellus,Rodentia,Sciuridae,,,Urocitellus beldingi
http://mvz.berkeley.edu/mvzdata_terms; https://creativecommons.org/licenses/by/3.0,United States,Nevada,"Reese River Valley, 7 mi N Austin",18-May-36,39.59,-117.16,male,,Urocitellus,Rodentia,Sciuridae,,,Urocitellus beldingi
http://mvz.berkeley.edu/mvzdata_terms; https://creativecommons.org/licenses/by/3.0,United States,Nevada,"Reese River Valley, 7 mi N Austin",18-May-36,39.59,-117.16,male,,Urocitellus,Rodentia,Sciuridae,,,Urocitellus beldingi
http://mvz.berkeley.edu/mvzdata_terms; https://creativecommons.org/licenses/by/3.0,United States,Nevada,"Reese River Valley, 7 mi N Austin",18-May-36,39.59,-117.16,female,,Urocitellus,Rodentia,Sciuridae,,,Urocitellus beldingi
http://mvz.berkeley.edu/mvzdata_terms; https://creativecommons.org/licenses/by/3.0,United States,Nevada,"Reese River Valley, 7 mi N Austin",18-May-36,39.59,-117.16,female,,Urocitellus,Rodentia,Sciuridae,,,Urocitellus beldingi
http://mvz.berkeley.edu/mvzdata_terms; https://creativecommons.org/licenses/by/3.0,United States,Nevada,"Reese River Valley, 7 mi N Austin",18-May-36,39.59,-117.16,female,,Urocitellus,Rodentia,Sciuridae,,,Urocitellus beldingi
http://mvz.berkeley.edu/mvzdata_terms; https://creativecommons.org/licenses/by/3.0,United States,Nevada,"Reese River Valley, 7 mi N Austin",18-May-36,39.59,-117.16,female,,Urocitellus,Rodentia,Sciuridae,,,Urocitellus beldingi
http://mvz.berkeley.edu/mvzdata_terms; https://creativecommons.org/licenses/by/3.0,United States,Nevada,"Reese River Valley, 7 mi N Austin",19-May-36,39.59,-117.16,male,,Urocitellus,Rodentia,Sciuridae,,,Urocitellus beldingi
http://mvz.berkeley.edu/mvzdata_terms; https://creativecommons.org/licenses/by/3.0,United States,Nevada,"Reese River Valley, 7 mi N Austin",19-May-36,39.59,-117.16,female,,Urocitellus,Rodentia,Sciuridae,,,Urocitellus beldingi
http://mvz.berkeley.edu/mvzdata_terms; https://creativecommons.org/licenses/by/3.0,United States,Nevada,"Reese River Valley, 7 mi N Austin",19-May-36,39.59,-117.16,female,,Urocitellus,Rodentia,Sciuridae,,,Urocitellus beldingi
http://mvz.berkeley.edu/mvzdata_terms; https://creativecommons.org/licenses/by/3.0,United States,Nevada,"Reese River Valley, 7 mi N Austin",19-May-36,39.59,-117.16,male,,Urocitellus,Rodentia,Sciuridae,,,Urocitellus beldingi
http://mvz.berkeley.edu/mvzdata_terms; https://creativecommons.org/licenses/by/3.0,United States,Nevada,"Reese River Valley, 7 mi N Austin",20-May-36,39.59,-117.16,female,,Urocitellus,Rodentia,Sciuridae,,,Urocitellus beldingi
http://mvz.berkeley.edu/mvzdata_terms; https://creativecommons.org/licenses/by/3.0,United States,Nevada,"Reese River Valley, 7 mi N Austin",20-May-36,39.59,-117.16,female,,Urocitellus,Rodentia,Sciuridae,,,Urocitellus beldingi
http://mvz.berkeley.edu/mvzdata_terms; https://creativecommons.org/licenses/by/3.0,United States,Nevada,"Reese River Valley, 7 mi N Austin",20-May-36,39.59,-117.16,female,,Urocitellus,Rodentia,Sciuridae,,,Urocitellus beldingi
http://mvz.berkeley.edu/mvzdata_terms; https://creativecommons.org/licenses/by/3.0,United States,Nevada,"Reese River Valley, 7 mi N Austin",20-May-36,39.59,-117.16,female,,Urocitellus,Rodentia,Sciuridae,,,Urocitellus beldingi
http://mvz.berkeley.edu/mvzdata_terms; https://creativecommons.org/licenses/by/3.0,United States,Nevada,2 mi SE Union,2-Jun-36,38.85144,-117.57183,female,,Urocitellus,Rodentia,Sciuridae,,,Urocitellus beldingi
http://mvz.berkeley.edu/mvzdata_terms; https://creativecommons.org/licenses/by/3.0,United States,Nevada,"12 Mile Creek, 1 mi E California line",17-Jul-36,41.99,-119.98,female,,Urocitellus,Rodentia,Sciuridae,5300,5300,Urocitellus beldingi
http://mvz.berkeley.edu/mvzdata_terms; https://creativecommons.org/licenses/by/3.0,United States,Nevada,"12 Mile Creek, 1 mi E California line",18-Jul-36,41.99,-119.98,male,,Urocitellus,Rodentia,Sciuridae,5300,5300,Urocitellus beldingi
http://mvz.berkeley.edu/mvzdata_terms; https://creativecommons.org/licenses/by/3.0,United States,Nevada,"Rock Creek, Granite Mts.",11-Jul-36,40.79889,-119.33083,male,,Urocitellus,Rodentia,Sciuridae,7425,7425,Urocitellus beldingi
http://mvz.berkeley.edu/mvzdata_terms; https://creativecommons.org/licenses/by/3.0,United States,Nevada,"Rock Creek, Granite Mts.",13-Jul-36,40.79889,-119.33083,unknown,,Urocitellus,Rodentia,Sciuridae,7000,7000,Urocitellus beldingi
http://mvz.berkeley.edu/mvzdata_terms; https://creativecommons.org/licenses/by/3.0,United States,Nevada,"Rock Creek, Granite Mts.",13-Jul-36,40.79889,-119.33083,male,,Urocitellus,Rodentia,Sciuridae,7425,7425,Urocitellus beldingi
http://mvz.berkeley.edu/mvzdata_terms; https://creativecommons.org/licenses/by/3.0,United States,Nevada,"Rock Creek, Granite Mts.",13-Jul-36,40.79889,-119.33083,female,,Urocitellus,Rodentia,Sciuridae,7425,7425,Urocitellus beldingi
http://mvz.berkeley.edu/mvzdata_terms; https://creativecommons.org/licenses/by/3.0,United States,Nevada,"Rock Creek, Granite Mts.",13-Jul-36,40.79889,-119.33083,female,,Urocitellus,Rodentia,Sciuridae,7425,7425,Urocitellus beldingi
http://mvz.berkeley.edu/mvzdata_terms; https://creativecommons.org/licenses/by/3.0,United States,Nevada,3 mi S Mt. Rose,5-Aug-36,39.300311,-119.917136,female,,Urocitellus,Rodentia,Sciuridae,8500,8500,Urocitellus beldingi
http://mvz.berkeley.edu/mvzdata_terms; https://creativecommons.org/licenses/by/3.0,United States,Nevada,Lamoille,May-36,40.72806,-115.4775,unknown,,Urocitellus,Rodentia,Sciuridae,,,Urocitellus beldingi
http://mvz.berkeley.edu/mvzdata_terms; https://creativecommons.org/licenses/by/3.0,United States,Nevada,Lamoille,May-36,40.72806,-115.4775,unknown,,Urocitellus,Rodentia,Sciuridae,,,Urocitellus beldingi
http://mvz.berkeley.edu/mvzdata_terms; https://creativecommons.org/licenses/by/3.0,United States,Nevada,13 mi SSW Whiterock,6-Jul-37,41.56791,-116.28152,unknown,,Urocitellus,Rodentia,Sciuridae,5600,5600,Urocitellus beldingi
http://mvz.berkeley.edu/mvzdata_terms; https://creativecommons.org/licenses/by/3.0,United States,Nevada,13 mi SSW Whiterock,6-Jul-37,41.56791,-116.28152,male,,Urocitellus,Rodentia,Sciuridae,5600,5600,Urocitellus beldingi
http://mvz.berkeley.edu/mvzdata_terms; https://creativecommons.org/licenses/by/3.0,United States,Nevada,6 mi S Minden,28-Jun-39,38.86719,-119.76472,male,,Urocitellus,Rodentia,Sciuridae,4850,4850,Urocitellus beldingi
http://mvz.berkeley.edu/mvzdata_terms; https://creativecommons.org/licenses/by/3.0,United States,Nevada,"Kingston Canyon, Toiyabe Range",13-May-39,39.16222,-117.09639,female,,Urocitellus,Rodentia,Sciuridae,7500,7500,Urocitellus beldingi
http://mvz.berkeley.edu/mvzdata_terms; https://creativecommons.org/licenses/by/3.0,United States,Nevada,"0.25 mi E Zephyr Cove, Lake Tahoe",30-Aug-36,39.00466,-119.945312,unknown,,Urocitellus,Rodentia,Sciuridae,6300,6300,Urocitellus beldingi
http://mvz.berkeley.edu/mvzdata_terms; https://creativecommons.org/licenses/by/3.0,United States,Nevada,6 mi S Minden,19-Jul-40,38.86719,-119.76472,male,,Urocitellus,Rodentia,Sciuridae,4850,4850,Urocitellus beldingi
http://mvz.berkeley.edu/mvzdata_terms; https://creativecommons.org/licenses/by/3.0,United States,Nevada,6 mi S Minden,19-Jul-40,38.86719,-119.76472,male,,Urocitellus,Rodentia,Sciuridae,4850,4850,Urocitellus beldingi
http://mvz.berkeley.edu/mvzdata_terms; https://creativecommons.org/licenses/by/3.0,United States,Nevada,6 mi S Minden,19-Jul-40,38.86719,-119.76472,female,,Urocitellus,Rodentia,Sciuridae,4850,4850,Urocitellus beldingi
http://mvz.berkeley.edu/mvzdata_terms; https://creativecommons.org/licenses/by/3.0,United States,Nevada,6 mi S Minden,19-Jul-40,38.86719,-119.76472,female,,Urocitellus,Rodentia,Sciuridae,4850,4850,Urocitellus beldingi
http://mvz.berkeley.edu/mvzdata_terms; https://creativecommons.org/licenses/by/3.0,United States,Nevada,6 mi S Minden,19-Jul-40,38.86719,-119.76472,female,,Urocitellus,Rodentia,Sciuridae,4850,4850,Urocitellus beldingi
http://mvz.berkeley.edu/mvzdata_terms; https://creativecommons.org/licenses/by/3.0,United States,Nevada,6 mi S Minden,19-Jul-40,38.86719,-119.76472,female,,Urocitellus,Rodentia,Sciuridae,4850,4850,Urocitellus beldingi
http://mvz.berkeley.edu/mvzdata_terms; https://creativecommons.org/licenses/by/3.0,United States,Nevada,"Barrel Spring, 9 mi E, 3 mi N Fort Bidwell",12-Jul-41,41.90407,-119.97586,male,,Urocitellus,Rodentia,Sciuridae,5700,5700,Urocitellus beldingi
http://mvz.berkeley.edu/mvzdata_terms; https://creativecommons.org/licenses/by/3.0,United States,Nevada,"3 mi S Lamoille, Humboldt National Forest",24-Jun-50,40.68458,-115.4775,male,,Urocitellus,Rodentia,Sciuridae,,,Urocitellus beldingi
http://mvz.berkeley.edu/mvzdata_terms; https://creativecommons.org/licenses/by/3.0,United States,Nevada,9 mi E Jarbidge Peak,14-Jun-55,41.84056,-115.21645,female,,Urocitellus,Rodentia,Sciuridae,7600,7600,Urocitellus beldingi
http://mvz.berkeley.edu/mvzdata_terms; https://creativecommons.org/licenses/by/3.0,United States,Nevada,"0.5 mi S Scout Pass, Ruby Mts.",20-Jun-55,,,male,,Urocitellus,Rodentia,Sciuridae,6450,6450,Urocitellus beldingi
http://mvz.berkeley.edu/mvzdata_terms; https://creativecommons.org/licenses/by/3.0,United States,Nevada,"Thomas Creek, Ruby Mts.",16-Jun-56,40.65028,-115.40583,male,,Urocitellus,Rodentia,Sciuridae,7600,7600,Urocitellus beldingi
http://mvz.berkeley.edu/mvzdata_terms; https://creativecommons.org/licenses/by/3.0,United States,Nevada,"Thomas Creek, Ruby Mts.",20-Jun-56,40.65028,-115.40583,female,,Urocitellus,Rodentia,Sciuridae,7600,7600,Urocitellus beldingi
http://mvz.berkeley.edu/mvzdata_terms; https://creativecommons.org/licenses/by/3.0,United States,Nevada,"Thomas Creek, Ruby Mts.",20-Jun-56,40.65028,-115.40583,female,,Urocitellus,Rodentia,Sciuridae,7600,7600,Urocitellus beldingi
http://mvz.berkeley.edu/mvzdata_terms; https://creativecommons.org/licenses/by/3.0,United States,Nevada,"camp, vicinity Onion Valley Reservoir, 3.15 km N & 1.31 km W Duffer Peak summit, Pine Forest Range",29-Jun-12,41.69051,-118.74519,male,,Urocitellus,Rodentia,Sciuridae,7096,7096,Urocitellus beldingi
http://mvz.berkeley.edu/mvzdata_terms; https://creativecommons.org/licenses/by/3.0,United States,Nevada,"camp, vicinity Onion Valley Reservoir, 3.15 km N & 1.31 km W Duffer Peak summit, Pine Forest Range",29-Jun-12,41.69051,-118.74519,female,,Urocitellus,Rodentia,Sciuridae,7096,7096,Urocitellus beldingi
http://mvz.berkeley.edu/mvzdata_terms; https://creativecommons.org/licenses/by/3.0,United States,Nevada,"camp, vicinity Onion Valley Reservoir, 3.15 km N & 1.31 km W Duffer Peak summit, Pine Forest Range",29-Jun-12,41.69051,-118.74519,male,,Urocitellus,Rodentia,Sciuridae,7096,7096,Urocitellus beldingi
http://mvz.berkeley.edu/mvzdata_terms; https://creativecommons.org/licenses/by/3.0,United States,Nevada,"mouth of Thomas Canyon, Ruby Mts.",11-Jul-13,40.64835,-115.40357,male,,Urocitellus,Rodentia,Sciuridae,7600,7600,Urocitellus beldingi
http://mvz.berkeley.edu/mvzdata_terms; https://creativecommons.org/licenses/by/3.0,United States,Nevada,"mouth of Thomas Canyon, Ruby Mts.",11-Jul-13,40.64835,-115.40357,male,,Urocitellus,Rodentia,Sciuridae,7600,7600,Urocitellus beldingi
http://mvz.berkeley.edu/mvzdata_terms; https://creativecommons.org/licenses/by/3.0,United States,Nevada,"mouth of Thomas Canyon, Ruby Mts.",11-Jul-13,40.64835,-115.40357,female,,Urocitellus,Rodentia,Sciuridae,7600,7600,Urocitellus beldingi
http://mvz.berkeley.edu/mvzdata_terms; https://creativecommons.org/licenses/by/3.0,United States,Nevada,"mouth of Thomas Canyon, Ruby Mts.",12-Jul-13,40.64835,-115.40357,male,,Urocitellus,Rodentia,Sciuridae,7600,7600,Urocitellus beldingi
http://mvz.berkeley.edu/mvzdata_terms; https://creativecommons.org/licenses/by/3.0,United States,Nevada,"mouth of Thomas Canyon, Ruby Mts.",12-Jul-13,40.64835,-115.40357,female,,Urocitellus,Rodentia,Sciuridae,7600,7600,Urocitellus beldingi
http://arctosdb.org/home/data/; https://creativecommons.org/licenses/by-nc/3.0,United States,Nevada,3 mi. E Austin,7-Jul-87,39.493245,-117.013184,female,,Urocitellus,Rodentia,Sciuridae,,,Urocitellus beldingi
http://arctosdb.org/home/data/; https://creativecommons.org/licenses/by-nc/3.0,United States,Nevada,"head of Lamoille Canyon, Humboldt-Toiyabe National Forest",17-Aug-14,40.604583,-115.376729,unknown,,Urocitellus,Rodentia,Sciuridae,2617,2617,Urocitellus beldingi
http://arctosdb.org/home/data/; https://creativecommons.org/licenses/by-nc/3.0,United States,Nevada,"head of Lamoille Canyon, Humboldt-Toiyabe National Forest",17-Aug-14,40.604583,-115.376729,male,,Urocitellus,Rodentia,Sciuridae,2617,2617,Urocitellus beldingi
http://arctosdb.org/home/data/; https://creativecommons.org/licenses/by-nc/3.0,United States,Nevada,"head of Lamoille Canyon, Humboldt-Toiyabe National Forest",17-Aug-14,40.611405,-115.370877,female,,Urocitellus,Rodentia,Sciuridae,2620,2620,Urocitellus beldingi
http://arctosdb.org/home/data/; https://creativecommons.org/publicdomain/zero/1.0,United States,Nevada,"Ruby Mountains, Lamoille Canyon, 2.15 km N, 0.25 km W Favre Peak summit",8/19/06,40.60389,-115.37799,female,adult,Urocitellus,Rodentia,Sciuridae,2712.72,2712.72,Urocitellus beldingi
http://arctosdb.org/home/data/; https://creativecommons.org/publicdomain/zero/1.0,United States,Nevada,"Ruby Mountains, Long Canyon, 4.30 km S, 2.55 km E confluence of Mahogany and Long creeks",7/28/08,40.50945,-115.44865,male,,Urocitellus,Rodentia,Sciuridae,2810.26,2810.26,Urocitellus beldingi
http://arctosdb.org/home/data/; https://creativecommons.org/publicdomain/zero/1.0,United States,Nevada,"Ruby Mountains, Favre Lake",7/20/07,40.57341,-115.39924,male,,Urocitellus,Rodentia,Sciuridae,2910.84,2910.84,Urocitellus beldingi
http://arctosdb.org/home/data/; https://creativecommons.org/publicdomain/zero/1.0,United States,Nevada,"East Humboldt Range, Jerry Crab Spring",6/25/07,40.76699,-115.07339,,,Urocitellus,Rodentia,Sciuridae,1958.34,1958.34,Urocitellus beldingi
http://arctosdb.org/home/data/; https://creativecommons.org/publicdomain/zero/1.0,United States,Nevada,"Ruby Mountains, Long Canyon, 4.30 km S, 2.55 km E confluence of Mahogany and Long creeks",7/26/08,40.50945,-115.44865,male,,Urocitellus,Rodentia,Sciuridae,2810.26,2810.26,Urocitellus beldingi
http://arctosdb.org/home/data/; https://creativecommons.org/publicdomain/zero/1.0,United States,Nevada,"Ruby Mountains, Long Canyon, 4.30 km S, 2.55 km E confluence of Mahogany and Long creeks",7/27/08,40.50945,-115.44865,male,,Urocitellus,Rodentia,Sciuridae,2810.26,2810.26,Urocitellus beldingi
http://arctosdb.org/home/data/; https://creativecommons.org/publicdomain/zero/1.0,United States,Nevada,"Toiyabe Range, Big Creek Canyon, 0.8 km S, 0.2 km E confluence Cottonwood & Big creeks",6/27/10,39.31599,-117.11893,female,,Urocitellus,Rodentia,Sciuridae,2255.52,2255.52,Urocitellus beldingi
http://arctosdb.org/home/data/; https://creativecommons.org/publicdomain/zero/1.0,United States,Nevada,"Ruby Mountains, Gardner Creek, 0.1 km N, 1.0 km W Secret Pass",6/20/07,40.81894,-115.22308,female,,Urocitellus,Rodentia,Sciuridae,2063.5,2063.5,Urocitellus beldingi
http://arctosdb.org/home/data/; https://creativecommons.org/publicdomain/zero/1.0,United States,Nevada,"East Humboldt Range, 5.0 km S, 1.5 km W Signal Hill Summit",6/22/07,40.94325,-115.03246,female,,Urocitellus,Rodentia,Sciuridae,1784.3,1784.3,Urocitellus beldingi
http://arctosdb.org/home/data/; https://creativecommons.org/publicdomain/zero/1.0,United States,Nevada,"Toiyabe Range, Big Creek Canyon, 1.4 km N, 0.1 km W pass between Big Creek and Kingston canyons",7/10/10,39.30549,-117.11863,male,,Urocitellus,Rodentia,Sciuridae,2392.68,2392.68,Urocitellus beldingi
http://arctosdb.org/home/data/; https://creativecommons.org/publicdomain/zero/1.0,United States,Nevada,"Kershaw-Ryan Recreation Area, 1.75 mi S Caliente",4/19/85,37.58837,-114.52362,,,Urocitellus,Rodentia,Sciuridae,,,Urocitellus beldingi
http://arctosdb.org/home/data/; https://creativecommons.org/publicdomain/zero/1.0,United States,Nevada,"Toiyabe Range, dividing ridge between Big Creek and Kingston canyons",7/14/10,39.29139,-117.116,female,,Urocitellus,Rodentia,Sciuridae,2682.24,2682.24,Urocitellus beldingi
http://arctosdb.org/home/data/; https://creativecommons.org/publicdomain/zero/1.0,United States,Nevada,"Ruby Mountains, Lamoille Creek, 1.0 km N, 1.25 km W Favre Peak summit",8/11/07,40.59416,-115.38976,female,,Urocitellus,Rodentia,Sciuridae,2949.24,2949.24,Urocitellus beldingi
http://arctosdb.org/home/data/; https://creativecommons.org/publicdomain/zero/1.0,United States,Nevada,"Ruby Mountains, Lamoille Creek, 1.0 km N, 1.25 km W Favre Peak summit",8/12/07,40.59416,-115.38976,female,,Urocitellus,Rodentia,Sciuridae,2949.24,2949.24,Urocitellus beldingi
http://arctosdb.org/home/data/; https://creativecommons.org/publicdomain/zero/1.0,United States,Nevada,"2 mi N, 2.75 mi W Saval Ranch, T40N, R53E, NW 1/4 sec 25",7/24/80,41.332,-115.96,female; female,,Urocitellus,Rodentia,Sciuridae,2316.48,2316.48,Urocitellus beldingi
http://arctosdb.org/home/data/; https://creativecommons.org/publicdomain/zero/1.0,United States,Nevada,"Stump Creek, 1.75 mi N, 8 mi W Haystack Ranch",7/15/80,41.3801,-115.9185,male; male,,Urocitellus,Rodentia,Sciuridae,,,Urocitellus beldingi
http://arctosdb.org/home/data/; https://creativecommons.org/publicdomain/zero/1.0,United States,Nevada,"Pine Forest Range, vicinity of Onion Valley Reservoir, 3.15 km N, 1.31 km W Duffer Peak summit",6/30/12,41.69051,-118.74519,female,,Urocitellus,Rodentia,Sciuridae,2162.86,2162.86,Urocitellus beldingi
http://arctosdb.org/home/data/; https://creativecommons.org/publicdomain/zero/1.0,United States,Nevada,"Ruby Mountains, Lamoille Canyon, 2.15 km N, 0.25 km W Favre Peak summit",7/9/13,40.60389,-115.27799,female,,Urocitellus,Rodentia,Sciuridae,2712.72,2712.72,Urocitellus beldingi
http://arctosdb.org/home/data/; https://creativecommons.org/publicdomain/zero/1.0,United States,Nevada,"Ruby Mountains, Lamoille Canyon, 2.15 km N, 0.25 km W Favre Peak summit",7/9/13,40.60389,-115.27799,female,,Urocitellus,Rodentia,Sciuridae,2712.72,2712.72,Urocitellus beldingi
http://arctosdb.org/home/data/; https://creativecommons.org/publicdomain/zero/1.0,United States,Nevada,"Pine Forest Range, vicinity of Onion Valley Reservoir, 3.15 km N, 1.31 km W Duffer Peak summit",6/30/12,41.69051,-118.74519,female,,Urocitellus,Rodentia,Sciuridae,2162.86,2162.86,Urocitellus beldingi
http://arctosdb.org/home/data/; https://creativecommons.org/publicdomain/zero/1.0,United States,Nevada,"Ruby Mountains, Lamoille Canyon, 2.15 km N, 0.25 km W Favre Peak summit",7/12/13,40.60389,-115.27799,female,,Urocitellus,Rodentia,Sciuridae,2712.72,2712.72,Urocitellus beldingi
http://arctosdb.org/home/data/; https://creativecommons.org/publicdomain/zero/1.0,United States,Nevada,"Ruby Mountains, Lamoille Canyon, 2.15 km N, 0.25 km W Favre Peak summit",7/9/13,40.60389,-115.27799,female,,Urocitellus,Rodentia,Sciuridae,2712.72,2712.72,Urocitellus beldingi
http://arctosdb.org/home/data/; https://creativecommons.org/publicdomain/zero/1.0,United States,Nevada,"Ruby Mountains, Lamoille Canyon, 2.15 km N, 0.25 km W Favre Peak summit",7/10/13,40.60389,-115.27799,female,,Urocitellus,Rodentia,Sciuridae,2712.72,2712.72,Urocitellus beldingi
http://arctosdb.org/home/data/; https://creativecommons.org/publicdomain/zero/1.0,United States,Nevada,"Ruby Mountains, Lamoille Canyon, 2.15 km N, 0.25 km W Favre Peak summit",7/10/13,40.60389,-115.27799,female,,Urocitellus,Rodentia,Sciuridae,2712.72,2712.72,Urocitellus beldingi
http://arctosdb.org/home/data/; https://creativecommons.org/publicdomain/zero/1.0,United States,Nevada,"Ruby Mountains, Lamoille Creek, 1.0 km N, 1.25 km W Favre Peak summit",7/14/13,40.59416,-115.38976,female,,Urocitellus,Rodentia,Sciuridae,2949.24,2949.24,Urocitellus beldingi
http://arctosdb.org/home/data/; https://creativecommons.org/publicdomain/zero/1.0,United States,Nevada,"Ruby Mountains, Dollar Lakes, 0.725 km N, 1.1 km W Favre Peak summit",7/15/13,40.59159,-115.38762,male,,Urocitellus,Rodentia,Sciuridae,2954.43,2954.43,Urocitellus beldingi
http://arctosdb.org/home/data/; https://creativecommons.org/publicdomain/zero/1.0,United States,Nevada,"Ruby Mountains, Lamoille Canyon, 2.15 km N, 0.25 km W Favre Peak summit",7/11/13,40.60389,-115.27799,female,,Urocitellus,Rodentia,Sciuridae,2712.72,2712.72,Urocitellus beldingi
http://arctosdb.org/home/data/; https://creativecommons.org/publicdomain/zero/1.0,United States,Nevada,"Ruby Mountains, Lamoille Creek, 1.0 km N, 1.25 km W Favre Peak summit",7/17/13,40.59416,-115.38976,female,,Urocitellus,Rodentia,Sciuridae,2949.24,2949.24,Urocitellus beldingi
http://arctosdb.org/home/data/; https://creativecommons.org/licenses/by-nc/3.0,United States,Nevada,Elko; 50 mi N,DY 26 | MO MAY | YR 1941,41.55711,-115.76222,female,adult,Spermophilus,Rodentia,Sciuridae,,,Spermophilus beldingi
http://arctosdb.org/home/data/; https://creativecommons.org/licenses/by/3.0,United States,Nevada,"Little Valley Research Station, about 24 mi S SW of Reno",7/24/71,40.041573,-119.739082,male,,Urocitellus,Rodentia,Sciuridae,,,Urocitellus beldingi
http://arctosdb.org/home/data/; https://creativecommons.org/licenses/by/3.0,United States,Nevada,"Along Coleman Drive, 1.4 mi NW of Reno",16-Apr-65,39.543981,-119.832407,male,,Urocitellus,Rodentia,Sciuridae,4500,4500,Urocitellus beldingi
http://arctosdb.org/home/data/; https://creativecommons.org/licenses/by/3.0,United States,Nevada,"Along Coleman Drive, 1.4 mi NW of Reno",17-Apr-65,39.543981,-119.832407,female,,Urocitellus,Rodentia,Sciuridae,4500,4500,Urocitellus beldingi
http://arctosdb.org/home/data/; https://creativecommons.org/licenses/by/3.0,United States,Nevada,"Along Franktown Creek, Little Valley, Carson Range",5-Jul-62,39.257812,-119.875,male,,Urocitellus,Rodentia,Sciuridae,6400,6400,Urocitellus beldingi
http://arctosdb.org/home/data/; https://creativecommons.org/publicdomain/zero/1.0,United States,Nevada,"Pine Forest Range, confluence of Big Creek and north fork Big Creek",29-Jun-17,41.6733,-118.6318,female,adult,Urocitellus,Rodentia,Sciuridae,5025,5025,Urocitellus beldingi
http://arctosdb.org/home/data/; https://creativecommons.org/publicdomain/zero/1.0,United States,Nevada,"Pine Forest Range, confluence of Big Creek and north fork Big Creek",29-Jun-17,41.6733,-118.6318,male,adult,Urocitellus,Rodentia,Sciuridae,5025,5025,Urocitellus beldingi
http://arctosdb.org/home/data/; https://creativecommons.org/licenses/by/3.0,United States,Nevada,"6 mi S of Fernley, toward Lahontan",4/19/68,39.520999,-119.251835,female,,Urocitellus,Rodentia,Sciuridae,4700,4700,Urocitellus beldingi
http://arctosdb.org/home/data/; https://creativecommons.org/licenses/by/3.0,United States,Nevada,"Tahoe Meadows, Carson Range",19-May-54,39.299075,-119.914356,male,,Urocitellus,Rodentia,Sciuridae,8500,8500,Urocitellus beldingi
http://arctosdb.org/home/data/; https://creativecommons.org/licenses/by/3.0,United States,Nevada,Little Valley,1-May-66,40.041573,-119.739082,female,,Urocitellus,Rodentia,Sciuridae,,,Urocitellus beldingi
http://arctosdb.org/home/data/; https://creativecommons.org/licenses/by/3.0,United States,Nevada,"Big Meadows, 2 mi W Hunter Lake, Carson Range",28-Aug-54,39.416694,-119.937526,female,,Urocitellus,Rodentia,Sciuridae,8700,8700,Urocitellus beldingi
http://arctosdb.org/home/data/; https://creativecommons.org/licenses/by/3.0,United States,Nevada,Junction Hwy 11A and Bull Run Creek,4-Jul-60,41.640157,-116.073244,female,,Urocitellus,Rodentia,Sciuridae,,,Urocitellus beldingi
http://arctosdb.org/home/data/; https://creativecommons.org/licenses/by/3.0,United States,Nevada,1 mi N Jiggs,27-Jun-62,40.43893,-115.658095,female,,Urocitellus,Rodentia,Sciuridae,,,Urocitellus beldingi
http://arctosdb.org/home/data/; https://creativecommons.org/licenses/by/3.0,United States,Nevada,"Lamoille Canyon, 23 mi SE Elko, Ruby Mtns",9-Jul-60,40.596317,-115.451625,female,,Urocitellus,Rodentia,Sciuridae,8900,8900,Urocitellus beldingi
http://arctosdb.org/home/data/; https://creativecommons.org/licenses/by/3.0,United States,Nevada,2.25 mi W and 0.5 mi N of Haystack Ranch,7/4/81,41.145783,-115.357701,unknown,,Urocitellus,Rodentia,Sciuridae,6100,6100,Urocitellus beldingi
http://arctosdb.org/home/data/; https://creativecommons.org/licenses/by/3.0,United States,Nevada,3 mi. E Austin,7-Jul-87,39.493245,-117.013184,female,,Urocitellus,Rodentia,Sciuridae,,,Urocitellus beldingi
http://arctosdb.org/home/data/; https://creativecommons.org/licenses/by-nc/3.0,United States,Nevada,"Big Creek Canyon, 6.98 km N, 3.07 km E Bishop Peak, 41.67481 N, 118.60198 W, 1383 m, Pine Forest Range",19-May-12,41.67481,-118.60198,female,,Urocitellus,Rodentia,Sciuridae,1383,1383,Urocitellus beldingi
http://arctosdb.org/home/data/; https://creativecommons.org/licenses/by-nc/3.0,United States,Nevada,"5.5 km N and 5.2 km W Eureka, 39 33' 49"" N, 116 01' 22"" W, 1880 m",20-Apr-12,39.563611,-116.022778,male,,Urocitellus,Rodentia,Sciuridae,1880,1880,Urocitellus beldingi
http://arctosdb.org/home/data/; https://creativecommons.org/licenses/by-nc/3.0,United States,Nevada,Tule Valley,25-Apr-77,41.300747,-115.702018,female,,Urocitellus,Rodentia,Sciuridae,,,Urocitellus beldingi
http://arctosdb.org/home/data/; https://creativecommons.org/licenses/by-nc/3.0,United States,Nevada,"0.60 km S, 0.30 km E confluence of right and main forks of Lamoille Creek, 40.65523 N, 115.43771 W, 2180 m, Lamoille Canyon",26-Jun-13,40.65523,-115.43771,male,,Urocitellus,Rodentia,Sciuridae,2180,2180,Urocitellus beldingi
http://arctosdb.org/home/data/; https://creativecommons.org/licenses/by-nc/3.0,United States,Nevada,"0.60 km S, 0.30 km E confluence of right and main forks of Lamoille Creek, 40.65523 N, 115.43771 W, 2180 m, Lamoille Canyon",28-Jun-13,40.65523,-115.43771,female,,Urocitellus,Rodentia,Sciuridae,2180,2180,Urocitellus beldingi
http://arctosdb.org/home/data/; https://creativecommons.org/licenses/by-nc/3.0,United States,Nevada,"0.60 km S, 0.30 km E confluence of right and main forks of Lamoille Creek, 40.65523 N, 115.43771 W, 2180 m, Lamoille Canyon",28-Jun-13,40.65523,-115.43771,male,,Urocitellus,Rodentia,Sciuridae,2180,2180,Urocitellus beldingi
http://arctosdb.org/home/data/; https://creativecommons.org/licenses/by-nc/3.0,United States,Nevada,"0.60 km S, 0.30 km E confluence of right and main forks of Lamoille Creek, 40.65523 N, 115.43771 W, 2180 m, Lamoille Canyon",11-Jul-13,40.65523,-115.43771,female,,Urocitellus,Rodentia,Sciuridae,2180,2180,Urocitellus beldingi
http://arctosdb.org/home/data/; https://creativecommons.org/licenses/by-nc/3.0,United States,Nevada,"Thomas Canyon Canpground, 3.15 km E, 3.15 km N Ruby Dome, 40 39' 0.45"" N, 115 24' 18.50"" W, 2307 m",10-Jul-13,40.650125,-115.40514,male,,Urocitellus,Rodentia,Sciuridae,2307,2307,Urocitellus beldingi
http://arctosdb.org/home/data/; https://creativecommons.org/licenses/by-nc/3.0,United States,Nevada,"Little Valley Research Station, approx. 24 mi SSW Reno",24-Jul-71,39.2295781,-119.9407325,male,,Urocitellus,Rodentia,Sciuridae,,,Urocitellus beldingi
http://arctosdb.org/home/data/; https://creativecommons.org/licenses/by-nc/3.0,United States,Nevada,"3 mi SSW Mount Rose, 9000 ft elev.",22-Jul-41,39.3036227,-119.9385658,female,,Urocitellus,Rodentia,Sciuridae,9000,9000,Urocitellus beldingi
http://arctosdb.org/home/data/; https://creativecommons.org/licenses/by/3.0,United States,Nevada,Dog Valley 8 mi up road,19-Apr-68,36.274136,-115.071392,female,,Urocitellus,Rodentia,Sciuridae,4700,4700,Urocitellus beldingi
http://arctosdb.org/home/data/; https://creativecommons.org/licenses/by/3.0,United States,Nevada,Little Valley,14-Apr-43,39.806852,-119.951587,,,Urocitellus,Rodentia,Sciuridae,,,Urocitellus beldingi
http://arctosdb.org/home/data/; https://creativecommons.org/licenses/by/3.0,United States,Nevada,"Snow Creek Drainage, 2.5 mi E of Summit Lake",27-Apr-74,41.492246,-119.001017,female,,Urocitellus,Rodentia,Sciuridae,,,Urocitellus beldingi
http://arctosdb.org/home/data/; https://creativecommons.org/publicdomain/zero/1.0,United States,Nevada,"Ophir Creek Crossing, Tahoe Meadow",7/15/56,39.301734,-119.919144,male,,Urocitellus,Rodentia,Sciuridae,8200,8200,Urocitellus beldingi
http://arctosdb.org/home/data/; https://creativecommons.org/licenses/by/3.0,United States,Nevada,"Peterson Creek, Shoshone Mountains",20-Jul-86,39.165781,-117.491662,female,,Urocitellus,Rodentia,Sciuridae,8000,8000,Urocitellus beldingi
http://arctosdb.org/home/data/; https://creativecommons.org/licenses/by/3.0,United States,Nevada,"Peterson Creek, Shoshone Mountains",22-Jul-86,39.165781,-117.491662,female,,Urocitellus,Rodentia,Sciuridae,8000,8000,Urocitellus beldingi
http://arctosdb.org/home/data/; https://creativecommons.org/licenses/by/3.0,United States,Nevada,"War Eagle Canyon, Shoshone Mountains",6-Jul-87,39.12122,-117.546361,female,,Urocitellus,Rodentia,Sciuridae,8400,8400,Urocitellus beldingi
http://arctosdb.org/home/data/; https://creativecommons.org/licenses/by/3.0,United States,Nevada,"Roberts Creek, Roberts Creek Mountains",2-Jul-92,39.846213,-116.298908,female,,Urocitellus,Rodentia,Sciuridae,7900,7900,Urocitellus beldingi
http://arctosdb.org/home/data/; https://creativecommons.org/licenses/by/3.0,United States,Nevada,"War Eagle Canyon, Shoshone Mountains",5-Jul-87,39.12122,-117.546361,female,,Urocitellus,Rodentia,Sciuridae,8400,8400,Urocitellus beldingi
http://arctosdb.org/home/data/; https://creativecommons.org/licenses/by/3.0,United States,Nevada,"War Eagle Canyon, Shoshone Mountains",7-Jul-87,39.12122,-117.546361,female,,Urocitellus,Rodentia,Sciuridae,8400,8400,Urocitellus beldingi
http://arctosdb.org/home/data/; https://creativecommons.org/licenses/by/3.0,United States,Nevada,"Monarch Mine, Spruce Mountain",22-Jul-93,40.556662,-114.834542,male,,Urocitellus,Rodentia,Sciuridae,8200,8200,Urocitellus beldingi
http://arctosdb.org/home/data/; https://creativecommons.org/licenses/by/3.0,United States,Nevada,"Peterson Creek, Shoshone Mountains",20-Jul-86,39.165781,-117.491662,female,,Urocitellus,Rodentia,Sciuridae,8000,8000,Urocitellus beldingi
http://arctosdb.org/home/data/; https://creativecommons.org/licenses/by-nc/3.0,United States,Nevada,1.5 km NNW Spruce Mountain peak,15-Jun-24,40.56543502,-114.823413,female,adult,Urocitellus,Rodentia,Sciuridae,2651.991455,2651.991455,Urocitellus beldingi
http://arctosdb.org/home/data/; https://creativecommons.org/licenses/by-nc/3.0,United States,Nevada,1.5 km NNW Spruce Mountain peak,16-Jun-24,40.56721902,-114.823552,male,juvenile,Urocitellus,Rodentia,Sciuridae,2572.821777,2572.821777,Urocitellus beldingi
http://arctosdb.org/home/data/; https://creativecommons.org/licenses/by-nc/3.0,United States,Nevada,1.5 km NNW Spruce Mountain peak,18-Jun-24,40.56666397,-114.823366,female,adult,Urocitellus,Rodentia,Sciuridae,2550.567139,2550.567139,Urocitellus beldingi
http://arctosdb.org/home/data/; https://creativecommons.org/licenses/by-nc/3.0,United States,Nevada,1.5 km NNW Spruce Mountain peak,18-Jun-24,40.56564004,-114.823502,male,adult,Urocitellus,Rodentia,Sciuridae,2543.748047,2543.748047,Urocitellus beldingi
http://arctosdb.org/home/data/; https://creativecommons.org/licenses/by-nc/3.0,United States,Nevada,"Humboldt-Toiyabe National Forest, 5 km NE of North Toiyabe Peak, Birch Creek",10-Jul-25,39.39815501,-117.038661,female,adult,Urocitellus,Rodentia,Sciuridae,2152.848145,2152.848145,Urocitellus beldingi
http://arctosdb.org/home/data/; https://creativecommons.org/licenses/by/3.0,United States,Nevada,34 mi NW of McDermitt,,,,,,Urocitellus,Rodentia,Sciuridae,,,Urocitellus beldingi
http://arctosdb.org/home/data/; https://creativecommons.org/licenses/by/3.0,United States,Nevada,34 mi NW of McDermitt,,,,,,Urocitellus,Rodentia,Sciuridae,,,Urocitellus beldingi
http://arctosdb.org/home/data/; https://creativecommons.org/licenses/by/3.0,United States,Nevada,"0.5 mi W of Haystack Ranch, Sheep Creek",,,,,,Urocitellus,Rodentia,Sciuridae,5900,5900,Urocitellus beldingi
http://arctosdb.org/home/data/; https://creativecommons.org/licenses/by/3.0,United States,Nevada,"0.5 mi W of Haystack Ranch, Sheep Creek",,,,,,Urocitellus,Rodentia,Sciuridae,5900,5900,Urocitellus beldingi
http://arctosdb.org/home/data/; https://creativecommons.org/licenses/by/3.0,United States,Nevada,"3 mi N, 5.5 mi E of Mountain City, on Merritt Creek",,,,,,Urocitellus,Rodentia,Sciuridae,,,Urocitellus beldingi
http://arctosdb.org/home/data/; https://creativecommons.org/licenses/by-nc/3.0,United States,Nevada,1.5 km NNW Spruce Mountain peak,17-Jun-24,,,female,juvenile,Urocitellus,Rodentia,Sciuridae,,,Urocitellus beldingi