gbifID,datasetKey,occurrenceID,kingdom,phylum,class,order,family,genus,species,infraspecificEpithet,taxonRank,scientificName,verbatimScientificName,verbatimScientificNameAuthorship,countryCode,locality,stateProvince,occurrenceStatus,individualCount,publishingOrgKey,decimalLatitude,decimalLongitude,coordinateUncertaintyInMeters,coordinatePrecision,elevation,elevationAccuracy,depth,depthAccuracy,eventDate,day,month,year,taxonKey,speciesKey,basisOfRecord,institutionCode,collectionCode,catalogNumber,recordNumber,identifiedBy,dateIdentified,license,rightsHolder,recordedBy,typeStatus,establishmentMeans,lastInterpreted,mediaType,issue
665917679,41fc5c40-5e81-496f-9733-6b5681b3b7a5,e3b4ef3f-8578-42e0-b012-39f5e6ea2272,Animalia,Chordata,Mammalia,Rodentia,Sciuridae,Tamias,Tamias umbrinus,inyoensis,SUBSPECIES,"Tamias umbrinus inyoensis (Merriam, 1897)",Tamias umbrinus inyoensis,,US,"Ruby Mts, 1.4 km N, 0.4 km W Mt Favre peak",Nevada,PRESENT,1,7b8aff00-a9f8-11d8-944b-b8a03c50a862,40.597281,-115.379181,,,,,,,8/15/07,15,8,2007,4263608,2437441,PRESERVED_SPECIMEN,FMNH,Mammals,198335,FMNH-Mammals-7782,,,CC0_1_0,The Field Museum of Natural History,L. R. Heaney,,,2026-02-26T00:47:33.631Z,,GEODETIC_DATUM_ASSUMED_WGS84;OCCURRENCE_STATUS_INFERRED_FROM_INDIVIDUAL_COUNT;INSTITUTION_MATCH_FUZZY;COLLECTION_MATCH_FUZZY
665917678,41fc5c40-5e81-496f-9733-6b5681b3b7a5,485be27d-7d30-4208-b5e3-facce29aeab3,Animalia,Chordata,Mammalia,Rodentia,Sciuridae,Tamias,Tamias umbrinus,inyoensis,SUBSPECIES,"Tamias umbrinus inyoensis (Merriam, 1897)",Tamias umbrinus inyoensis,,US,"Ruby Mts, 1.4 km N, 0.4 km W Mt Favre peak",Nevada,PRESENT,1,7b8aff00-a9f8-11d8-944b-b8a03c50a862,40.597281,-115.379181,,,,,,,8/15/07,15,8,2007,4263608,2437441,PRESERVED_SPECIMEN,FMNH,Mammals,198275,FMNH-Mammals-7781,,,CC0_1_0,The Field Museum of Natural History,L. R. Heaney,,,2026-02-26T00:47:31.976Z,,GEODETIC_DATUM_ASSUMED_WGS84;OCCURRENCE_STATUS_INFERRED_FROM_INDIVIDUAL_COUNT;INSTITUTION_MATCH_FUZZY;COLLECTION_MATCH_FUZZY
665917668,41fc5c40-5e81-496f-9733-6b5681b3b7a5,393cbe5a-71eb-481a-acec-8ddaeefcc74b,Animalia,Chordata,Mammalia,Rodentia,Sciuridae,Tamias,Tamias umbrinus,inyoensis,SUBSPECIES,"Tamias umbrinus inyoensis (Merriam, 1897)",Tamias umbrinus inyoensis,,US,"Ruby Mts, 1.4 km N, 0.4 km W Mt Favre peak",Nevada,PRESENT,1,7b8aff00-a9f8-11d8-944b-b8a03c50a862,40.597281,-115.379181,,,,,,,8/14/07,14,8,2007,4263608,2437441,PRESERVED_SPECIMEN,FMNH,Mammals,198274,FMNH-Mammals-7771,,,CC0_1_0,The Field Museum of Natural History,L. R. Heaney,,,2026-02-26T00:47:34.776Z,,GEODETIC_DATUM_ASSUMED_WGS84;OCCURRENCE_STATUS_INFERRED_FROM_INDIVIDUAL_COUNT;INSTITUTION_MATCH_FUZZY;COLLECTION_MATCH_FUZZY
665917667,41fc5c40-5e81-496f-9733-6b5681b3b7a5,d5e722cf-9088-4e90-8223-46c7d5ee48c7,Animalia,Chordata,Mammalia,Rodentia,Sciuridae,Tamias,Tamias umbrinus,inyoensis,SUBSPECIES,"Tamias umbrinus inyoensis (Merriam, 1897)",Tamias umbrinus inyoensis,,US,"Ruby Mts, 1.4 km N, 0.4 km W Mt Favre peak",Nevada,PRESENT,1,7b8aff00-a9f8-11d8-944b-b8a03c50a862,40.597281,-115.379181,,,,,,,8/14/07,14,8,2007,4263608,2437441,PRESERVED_SPECIMEN,FMNH,Mammals,198273,FMNH-Mammals-7770,,,CC0_1_0,The Field Museum of Natural History,L. R. Heaney,,,2026-02-26T00:47:33.430Z,,GEODETIC_DATUM_ASSUMED_WGS84;OCCURRENCE_STATUS_INFERRED_FROM_INDIVIDUAL_COUNT;INSTITUTION_MATCH_FUZZY;COLLECTION_MATCH_FUZZY
665917654,41fc5c40-5e81-496f-9733-6b5681b3b7a5,61855223-42e8-4c09-b2dc-9579c9b7c6e0,Animalia,Chordata,Mammalia,Rodentia,Sciuridae,Tamias,Tamias umbrinus,inyoensis,SUBSPECIES,"Tamias umbrinus inyoensis (Merriam, 1897)",Tamias umbrinus inyoensis,,US,"Ruby Mts, 3.0 km N, 3.1 km W confluence of right and main forks Lamoille Cr",Nevada,PRESENT,1,7b8aff00-a9f8-11d8-944b-b8a03c50a862,40.689089,-115.476061,,,,,,,8/13/07,13,8,2007,4263608,2437441,PRESERVED_SPECIMEN,FMNH,Mammals,198336,FMNH-Mammals-7756,,,CC0_1_0,The Field Museum of Natural History,L. R. Heaney,,,2026-02-26T00:47:44.846Z,,GEODETIC_DATUM_ASSUMED_WGS84;OCCURRENCE_STATUS_INFERRED_FROM_INDIVIDUAL_COUNT;INSTITUTION_MATCH_FUZZY;COLLECTION_MATCH_FUZZY
665917653,41fc5c40-5e81-496f-9733-6b5681b3b7a5,da9e1463-53a2-4712-bc87-f5f388831381,Animalia,Chordata,Mammalia,Rodentia,Sciuridae,Tamias,Tamias umbrinus,inyoensis,SUBSPECIES,"Tamias umbrinus inyoensis (Merriam, 1897)",Tamias umbrinus inyoensis,,US,"Ruby Mts, 3.0 km N, 3.1 km W confluence of right and main forks Lamoille Cr",Nevada,PRESENT,1,7b8aff00-a9f8-11d8-944b-b8a03c50a862,40.689089,-115.476061,,,,,,,8/13/07,13,8,2007,4263608,2437441,PRESERVED_SPECIMEN,FMNH,Mammals,198271,FMNH-Mammals-7755,,,CC0_1_0,The Field Museum of Natural History,L. R. Heaney,,,2026-02-26T00:47:43.832Z,,GEODETIC_DATUM_ASSUMED_WGS84;OCCURRENCE_STATUS_INFERRED_FROM_INDIVIDUAL_COUNT;INSTITUTION_MATCH_FUZZY;COLLECTION_MATCH_FUZZY
665917652,41fc5c40-5e81-496f-9733-6b5681b3b7a5,56cad28f-8790-4bdd-854d-06df4da8b94c,Animalia,Chordata,Mammalia,Rodentia,Sciuridae,Tamias,Tamias umbrinus,inyoensis,SUBSPECIES,"Tamias umbrinus inyoensis (Merriam, 1897)",Tamias umbrinus inyoensis,,US,"Ruby Mts, 1.4 km N, 0.4 km W Mt Favre peak",Nevada,PRESENT,1,7b8aff00-a9f8-11d8-944b-b8a03c50a862,40.597281,-115.379181,,,,,,,8/13/07,13,8,2007,4263608,2437441,PRESERVED_SPECIMEN,FMNH,Mammals,198272,FMNH-Mammals-7754,,,CC0_1_0,The Field Museum of Natural History,L. R. Heaney,,,2026-02-26T00:47:35.130Z,,GEODETIC_DATUM_ASSUMED_WGS84;OCCURRENCE_STATUS_INFERRED_FROM_INDIVIDUAL_COUNT;INSTITUTION_MATCH_FUZZY;COLLECTION_MATCH_FUZZY
665917651,41fc5c40-5e81-496f-9733-6b5681b3b7a5,f278b19d-6d0a-4d11-9c57-d5b10878aa6b,Animalia,Chordata,Mammalia,Rodentia,Sciuridae,Tamias,Tamias umbrinus,inyoensis,SUBSPECIES,"Tamias umbrinus inyoensis (Merriam, 1897)",Tamias umbrinus inyoensis,,US,"Ruby Mts, 1.4 km N, 0.4 km W Mt Favre peak",Nevada,PRESENT,1,7b8aff00-a9f8-11d8-944b-b8a03c50a862,40.597281,-115.379181,,,,,,,8/13/07,13,8,2007,4263608,2437441,PRESERVED_SPECIMEN,FMNH,Mammals,198334,FMNH-Mammals-7753,,,CC0_1_0,The Field Museum of Natural History,L. R. Heaney,,,2026-02-26T00:47:42.775Z,,GEODETIC_DATUM_ASSUMED_WGS84;OCCURRENCE_STATUS_INFERRED_FROM_INDIVIDUAL_COUNT;INSTITUTION_MATCH_FUZZY;COLLECTION_MATCH_FUZZY
665917650,41fc5c40-5e81-496f-9733-6b5681b3b7a5,e672aa47-49ee-4ce9-b65a-142c44602308,Animalia,Chordata,Mammalia,Rodentia,Sciuridae,Tamias,Tamias umbrinus,inyoensis,SUBSPECIES,"Tamias umbrinus inyoensis (Merriam, 1897)",Tamias umbrinus inyoensis,,US,"Ruby Mts, 1.4 km N, 0.4 km W Mt Favre peak",Nevada,PRESENT,1,7b8aff00-a9f8-11d8-944b-b8a03c50a862,40.597281,-115.379181,,,,,,,8/13/07,13,8,2007,4263608,2437441,PRESERVED_SPECIMEN,FMNH,Mammals,198333,FMNH-Mammals-7752,,,CC0_1_0,The Field Museum of Natural History,L. R. Heaney,,,2026-02-26T00:47:48.280Z,,GEODETIC_DATUM_ASSUMED_WGS84;OCCURRENCE_STATUS_INFERRED_FROM_INDIVIDUAL_COUNT;INSTITUTION_MATCH_FUZZY;COLLECTION_MATCH_FUZZY
665917603,41fc5c40-5e81-496f-9733-6b5681b3b7a5,04ffc614-ed2b-4ec8-9aa2-16ed6f749f39,Animalia,Chordata,Mammalia,Rodentia,Sciuridae,Tamias,Tamias umbrinus,inyoensis,SUBSPECIES,"Tamias umbrinus inyoensis (Merriam, 1897)",Tamias umbrinus inyoensis,,US,"Ruby Mts, 0.6 km S, 0.3 km E confluence right & main forks of Lamoille Creek",Nevada,PRESENT,1,7b8aff00-a9f8-11d8-944b-b8a03c50a862,40.655231,-115.437711,,,,,,,8/10/07,10,8,2007,4263608,2437441,PRESERVED_SPECIMEN,FMNH,Mammals,198270,FMNH-Mammals-7705,,,CC0_1_0,The Field Museum of Natural History,L. R. Heaney,,,2026-02-26T00:47:38.421Z,,GEODETIC_DATUM_ASSUMED_WGS84;RECORDED_DATE_INVALID;OCCURRENCE_STATUS_INFERRED_FROM_INDIVIDUAL_COUNT;INSTITUTION_MATCH_FUZZY;COLLECTION_MATCH_FUZZY
665903106,41fc5c40-5e81-496f-9733-6b5681b3b7a5,56c9aa14-5cfd-448a-bee8-389e0a04b1d6,Animalia,Chordata,Mammalia,Rodentia,Sciuridae,Tamias,Tamias umbrinus,inyoensis,SUBSPECIES,"Tamias umbrinus inyoensis (Merriam, 1897)",Tamias umbrinus inyoensis,,US,"Snake Range, 1.9 km N, 4 km W Lehman Cave Visitors Center",Nevada,PRESENT,1,7b8aff00-a9f8-11d8-944b-b8a03c50a862,39.022167,-114.267494,,,,,,,7/25/00,25,7,2000,4263608,2437441,PRESERVED_SPECIMEN,FMNH,Mammals,168461,FMNH-Mammals-6264,,,CC0_1_0,The Field Museum of Natural History,L. R. Heaney,,,2026-02-26T00:47:37.086Z,,COORDINATE_ROUNDED;GEODETIC_DATUM_INVALID;GEODETIC_DATUM_ASSUMED_WGS84;OCCURRENCE_STATUS_INFERRED_FROM_INDIVIDUAL_COUNT;INSTITUTION_MATCH_FUZZY;COLLECTION_MATCH_FUZZY
665898269,41fc5c40-5e81-496f-9733-6b5681b3b7a5,1a9d4440-4da4-4af8-8c21-380152c553d7,Animalia,Chordata,Mammalia,Rodentia,Sciuridae,Tamias,Tamias umbrinus,inyoensis,SUBSPECIES,"Tamias umbrinus inyoensis (Merriam, 1897)",Tamias umbrinus inyoensis,,US,"Snake Range, Brown Lake",Nevada,PRESENT,1,7b8aff00-a9f8-11d8-944b-b8a03c50a862,39.002724,-114.300835,,,,,,,7/21/00,21,7,2000,4263608,2437441,PRESERVED_SPECIMEN,FMNH,Mammals,168559,FMNH-Mammals-6205,,,CC0_1_0,The Field Museum of Natural History,L. R. Heaney,,,2026-02-26T00:47:37.435Z,,COORDINATE_ROUNDED;GEODETIC_DATUM_INVALID;GEODETIC_DATUM_ASSUMED_WGS84;OCCURRENCE_STATUS_INFERRED_FROM_INDIVIDUAL_COUNT;INSTITUTION_MATCH_FUZZY;COLLECTION_MATCH_FUZZY
665898268,41fc5c40-5e81-496f-9733-6b5681b3b7a5,5c50eb21-06b3-4044-9950-80de82b7bada,Animalia,Chordata,Mammalia,Rodentia,Sciuridae,Tamias,Tamias umbrinus,inyoensis,SUBSPECIES,"Tamias umbrinus inyoensis (Merriam, 1897)",Tamias umbrinus inyoensis,,US,"Snake Range, Brown Lake",Nevada,PRESENT,1,7b8aff00-a9f8-11d8-944b-b8a03c50a862,39.002724,-114.300835,,,,,,,7/21/00,21,7,2000,4263608,2437441,PRESERVED_SPECIMEN,FMNH,Mammals,168558,FMNH-Mammals-6204,,,CC0_1_0,The Field Museum of Natural History,L. R. Heaney,,,2026-02-26T00:47:44.278Z,,COORDINATE_ROUNDED;GEODETIC_DATUM_INVALID;GEODETIC_DATUM_ASSUMED_WGS84;OCCURRENCE_STATUS_INFERRED_FROM_INDIVIDUAL_COUNT;INSTITUTION_MATCH_FUZZY;COLLECTION_MATCH_FUZZY
665898267,41fc5c40-5e81-496f-9733-6b5681b3b7a5,515b6b5d-b18b-4b23-8457-2c84719576c8,Animalia,Chordata,Mammalia,Rodentia,Sciuridae,Tamias,Tamias umbrinus,inyoensis,SUBSPECIES,"Tamias umbrinus inyoensis (Merriam, 1897)",Tamias umbrinus inyoensis,,US,"Snake Range, Brown Lake",Nevada,PRESENT,1,7b8aff00-a9f8-11d8-944b-b8a03c50a862,39.002724,-114.300835,,,,,,,7/21/00,21,7,2000,4263608,2437441,PRESERVED_SPECIMEN,FMNH,Mammals,168557,FMNH-Mammals-6203,,,CC0_1_0,The Field Museum of Natural History,L. R. Heaney,,,2026-02-26T00:47:45.899Z,,COORDINATE_ROUNDED;GEODETIC_DATUM_INVALID;GEODETIC_DATUM_ASSUMED_WGS84;OCCURRENCE_STATUS_INFERRED_FROM_INDIVIDUAL_COUNT;INSTITUTION_MATCH_FUZZY;COLLECTION_MATCH_FUZZY
665898266,41fc5c40-5e81-496f-9733-6b5681b3b7a5,5a2c186e-8035-460f-a96e-fbc2ffdd5ca7,Animalia,Chordata,Mammalia,Rodentia,Sciuridae,Tamias,Tamias umbrinus,inyoensis,SUBSPECIES,"Tamias umbrinus inyoensis (Merriam, 1897)",Tamias umbrinus inyoensis,,US,"Snake Range, Brown Lake",Nevada,PRESENT,1,7b8aff00-a9f8-11d8-944b-b8a03c50a862,39.002724,-114.300835,,,,,,,7/21/00,21,7,2000,4263608,2437441,PRESERVED_SPECIMEN,FMNH,Mammals,168556,FMNH-Mammals-6202,,,CC0_1_0,The Field Museum of Natural History,L. R. Heaney,,,2026-02-26T00:47:39.679Z,,COORDINATE_ROUNDED;GEODETIC_DATUM_INVALID;GEODETIC_DATUM_ASSUMED_WGS84;OCCURRENCE_STATUS_INFERRED_FROM_INDIVIDUAL_COUNT;INSTITUTION_MATCH_FUZZY;COLLECTION_MATCH_FUZZY
665898265,41fc5c40-5e81-496f-9733-6b5681b3b7a5,5d34374b-53de-45b6-bd09-a952731597dd,Animalia,Chordata,Mammalia,Rodentia,Sciuridae,Tamias,Tamias umbrinus,inyoensis,SUBSPECIES,"Tamias umbrinus inyoensis (Merriam, 1897)",Tamias umbrinus inyoensis,,US,"Snake Range, Brown Lake",Nevada,PRESENT,1,7b8aff00-a9f8-11d8-944b-b8a03c50a862,39.002724,-114.300835,,,,,,,7/21/00,21,7,2000,4263608,2437441,PRESERVED_SPECIMEN,FMNH,Mammals,168555,FMNH-Mammals-6201,,,CC0_1_0,The Field Museum of Natural History,L. R. Heaney,,,2026-02-26T00:47:44.318Z,,COORDINATE_ROUNDED;GEODETIC_DATUM_INVALID;GEODETIC_DATUM_ASSUMED_WGS84;OCCURRENCE_STATUS_INFERRED_FROM_INDIVIDUAL_COUNT;INSTITUTION_MATCH_FUZZY;COLLECTION_MATCH_FUZZY
665898264,41fc5c40-5e81-496f-9733-6b5681b3b7a5,728c3602-f5ab-4790-bad6-74d9b52b4ade,Animalia,Chordata,Mammalia,Rodentia,Sciuridae,Tamias,Tamias umbrinus,inyoensis,SUBSPECIES,"Tamias umbrinus inyoensis (Merriam, 1897)",Tamias umbrinus inyoensis,,US,"Snake Range, Brown Lake",Nevada,PRESENT,1,7b8aff00-a9f8-11d8-944b-b8a03c50a862,39.002724,-114.300835,,,,,,,7/21/00,21,7,2000,4263608,2437441,PRESERVED_SPECIMEN,FMNH,Mammals,168554,FMNH-Mammals-6198,,,CC0_1_0,The Field Museum of Natural History,L. R. Heaney,,,2026-02-26T00:47:32.327Z,,COORDINATE_ROUNDED;GEODETIC_DATUM_INVALID;GEODETIC_DATUM_ASSUMED_WGS84;OCCURRENCE_STATUS_INFERRED_FROM_INDIVIDUAL_COUNT;INSTITUTION_MATCH_FUZZY;COLLECTION_MATCH_FUZZY
665898263,41fc5c40-5e81-496f-9733-6b5681b3b7a5,76599d6e-44bd-4ff6-b918-339dc267038a,Animalia,Chordata,Mammalia,Rodentia,Sciuridae,Tamias,Tamias umbrinus,inyoensis,SUBSPECIES,"Tamias umbrinus inyoensis (Merriam, 1897)",Tamias umbrinus inyoensis,,US,"Snake Range, Brown Lake",Nevada,PRESENT,1,7b8aff00-a9f8-11d8-944b-b8a03c50a862,39.002724,-114.300835,,,,,,,7/21/00,21,7,2000,4263608,2437441,PRESERVED_SPECIMEN,FMNH,Mammals,168553,FMNH-Mammals-6197,,,CC0_1_0,The Field Museum of Natural History,L. R. Heaney,,,2026-02-26T00:47:32.488Z,,COORDINATE_ROUNDED;GEODETIC_DATUM_INVALID;GEODETIC_DATUM_ASSUMED_WGS84;OCCURRENCE_STATUS_INFERRED_FROM_INDIVIDUAL_COUNT;INSTITUTION_MATCH_FUZZY;COLLECTION_MATCH_FUZZY
665898240,41fc5c40-5e81-496f-9733-6b5681b3b7a5,1198b726-1f8f-4973-8395-d9bfafb0dfcd,Animalia,Chordata,Mammalia,Rodentia,Sciuridae,Tamias,Tamias umbrinus,inyoensis,SUBSPECIES,"Tamias umbrinus inyoensis (Merriam, 1897)",Tamias umbrinus inyoensis,,US,"Snake Range, Brown Lake",Nevada,PRESENT,1,7b8aff00-a9f8-11d8-944b-b8a03c50a862,39.002724,-114.300835,,,,,,,7/21/00,21,7,2000,4263608,2437441,PRESERVED_SPECIMEN,FMNH,Mammals,168451,FMNH-Mammals-6214,,,CC0_1_0,The Field Museum of Natural History,L. R. Heaney,,,2026-02-26T00:47:42.530Z,,COORDINATE_ROUNDED;GEODETIC_DATUM_INVALID;GEODETIC_DATUM_ASSUMED_WGS84;OCCURRENCE_STATUS_INFERRED_FROM_INDIVIDUAL_COUNT;INSTITUTION_MATCH_FUZZY;COLLECTION_MATCH_FUZZY
665898239,41fc5c40-5e81-496f-9733-6b5681b3b7a5,effce207-9a40-42d7-b1f6-4e374386c167,Animalia,Chordata,Mammalia,Rodentia,Sciuridae,Tamias,Tamias umbrinus,inyoensis,SUBSPECIES,"Tamias umbrinus inyoensis (Merriam, 1897)",Tamias umbrinus inyoensis,,US,"Snake Range, Brown Lake",Nevada,PRESENT,1,7b8aff00-a9f8-11d8-944b-b8a03c50a862,39.002724,-114.300835,,,,,,,7/21/00,21,7,2000,4263608,2437441,PRESERVED_SPECIMEN,FMNH,Mammals,168450,FMNH-Mammals-6213,,,CC0_1_0,The Field Museum of Natural History,L. R. Heaney,,,2026-02-26T00:47:38.938Z,,COORDINATE_ROUNDED;GEODETIC_DATUM_INVALID;GEODETIC_DATUM_ASSUMED_WGS84;OCCURRENCE_STATUS_INFERRED_FROM_INDIVIDUAL_COUNT;INSTITUTION_MATCH_FUZZY;COLLECTION_MATCH_FUZZY
665898238,41fc5c40-5e81-496f-9733-6b5681b3b7a5,f76323ee-ca6b-48c4-bdfd-fad0b6537303,Animalia,Chordata,Mammalia,Rodentia,Sciuridae,Tamias,Tamias umbrinus,inyoensis,SUBSPECIES,"Tamias umbrinus inyoensis (Merriam, 1897)",Tamias umbrinus inyoensis,,US,"Snake Range, Brown Lake",Nevada,PRESENT,1,7b8aff00-a9f8-11d8-944b-b8a03c50a862,39.002724,-114.300835,,,,,,,7/21/00,21,7,2000,4263608,2437441,PRESERVED_SPECIMEN,FMNH,Mammals,168449,FMNH-Mammals-6212,,,CC0_1_0,The Field Museum of Natural History,L. R. Heaney,,,2026-02-26T00:47:39.387Z,,COORDINATE_ROUNDED;GEODETIC_DATUM_INVALID;GEODETIC_DATUM_ASSUMED_WGS84;OCCURRENCE_STATUS_INFERRED_FROM_INDIVIDUAL_COUNT;INSTITUTION_MATCH_FUZZY;COLLECTION_MATCH_FUZZY
665898237,41fc5c40-5e81-496f-9733-6b5681b3b7a5,bfcecb1f-7111-4417-81c1-462c3478db2a,Animalia,Chordata,Mammalia,Rodentia,Sciuridae,Tamias,Tamias umbrinus,inyoensis,SUBSPECIES,"Tamias umbrinus inyoensis (Merriam, 1897)",Tamias umbrinus inyoensis,,US,"Snake Range, Brown Lake",Nevada,PRESENT,1,7b8aff00-a9f8-11d8-944b-b8a03c50a862,39.002724,-114.300835,,,,,,,7/21/00,21,7,2000,4263608,2437441,PRESERVED_SPECIMEN,FMNH,Mammals,168448,FMNH-Mammals-6211,,,CC0_1_0,The Field Museum of Natural History,L. R. Heaney,,,2026-02-26T00:47:39.297Z,,COORDINATE_ROUNDED;GEODETIC_DATUM_INVALID;GEODETIC_DATUM_ASSUMED_WGS84;OCCURRENCE_STATUS_INFERRED_FROM_INDIVIDUAL_COUNT;INSTITUTION_MATCH_FUZZY;COLLECTION_MATCH_FUZZY
665898236,41fc5c40-5e81-496f-9733-6b5681b3b7a5,046d63d6-57be-4b45-9bce-fa67e6521077,Animalia,Chordata,Mammalia,Rodentia,Sciuridae,Tamias,Tamias umbrinus,inyoensis,SUBSPECIES,"Tamias umbrinus inyoensis (Merriam, 1897)",Tamias umbrinus inyoensis,,US,"Snake Range, Brown Lake",Nevada,PRESENT,1,7b8aff00-a9f8-11d8-944b-b8a03c50a862,39.002724,-114.300835,,,,,,,7/21/00,21,7,2000,4263608,2437441,PRESERVED_SPECIMEN,FMNH,Mammals,168447,FMNH-Mammals-6210,,,CC0_1_0,The Field Museum of Natural History,L. R. Heaney,,,2026-02-26T00:47:36.227Z,,COORDINATE_ROUNDED;GEODETIC_DATUM_INVALID;GEODETIC_DATUM_ASSUMED_WGS84;OCCURRENCE_STATUS_INFERRED_FROM_INDIVIDUAL_COUNT;INSTITUTION_MATCH_FUZZY;COLLECTION_MATCH_FUZZY
665898235,41fc5c40-5e81-496f-9733-6b5681b3b7a5,9c214814-cf11-49c1-a0da-3c96eb2b7479,Animalia,Chordata,Mammalia,Rodentia,Sciuridae,Tamias,Tamias umbrinus,inyoensis,SUBSPECIES,"Tamias umbrinus inyoensis (Merriam, 1897)",Tamias umbrinus inyoensis,,US,"Snake Range, Brown Lake",Nevada,PRESENT,1,7b8aff00-a9f8-11d8-944b-b8a03c50a862,39.002724,-114.300835,,,,,,,7/21/00,21,7,2000,4263608,2437441,PRESERVED_SPECIMEN,FMNH,Mammals,168446,FMNH-Mammals-6209,,,CC0_1_0,The Field Museum of Natural History,L. R. Heaney,,,2026-02-26T00:47:38.364Z,,COORDINATE_ROUNDED;GEODETIC_DATUM_INVALID;GEODETIC_DATUM_ASSUMED_WGS84;OCCURRENCE_STATUS_INFERRED_FROM_INDIVIDUAL_COUNT;INSTITUTION_MATCH_FUZZY;COLLECTION_MATCH_FUZZY
665898234,41fc5c40-5e81-496f-9733-6b5681b3b7a5,85f1a2e5-f96f-4eca-a606-6fd4a4daac15,Animalia,Chordata,Mammalia,Rodentia,Sciuridae,Tamias,Tamias umbrinus,inyoensis,SUBSPECIES,"Tamias umbrinus inyoensis (Merriam, 1897)",Tamias umbrinus inyoensis,,US,"Snake Range, Brown Lake",Nevada,PRESENT,1,7b8aff00-a9f8-11d8-944b-b8a03c50a862,39.002724,-114.300835,,,,,,,7/21/00,21,7,2000,4263608,2437441,PRESERVED_SPECIMEN,FMNH,Mammals,168445,FMNH-Mammals-6208,,,CC0_1_0,The Field Museum of Natural History,L. R. Heaney,,,2026-02-26T00:47:36.195Z,,COORDINATE_ROUNDED;GEODETIC_DATUM_INVALID;GEODETIC_DATUM_ASSUMED_WGS84;OCCURRENCE_STATUS_INFERRED_FROM_INDIVIDUAL_COUNT;INSTITUTION_MATCH_FUZZY;COLLECTION_MATCH_FUZZY
665898233,41fc5c40-5e81-496f-9733-6b5681b3b7a5,56f2236c-3604-4bf8-9ee8-ab887d184239,Animalia,Chordata,Mammalia,Rodentia,Sciuridae,Tamias,Tamias umbrinus,inyoensis,SUBSPECIES,"Tamias umbrinus inyoensis (Merriam, 1897)",Tamias umbrinus inyoensis,,US,"Snake Range, Brown Lake",Nevada,PRESENT,1,7b8aff00-a9f8-11d8-944b-b8a03c50a862,39.002724,-114.300835,,,,,,,7/21/00,21,7,2000,4263608,2437441,PRESERVED_SPECIMEN,FMNH,Mammals,168444,FMNH-Mammals-6207,,,CC0_1_0,The Field Museum of Natural History,L. R. Heaney,,,2026-02-26T00:47:35.707Z,,COORDINATE_ROUNDED;GEODETIC_DATUM_INVALID;GEODETIC_DATUM_ASSUMED_WGS84;OCCURRENCE_STATUS_INFERRED_FROM_INDIVIDUAL_COUNT;INSTITUTION_MATCH_FUZZY;COLLECTION_MATCH_FUZZY
665898232,41fc5c40-5e81-496f-9733-6b5681b3b7a5,1b7214bb-bc62-45c4-b67c-5d00a7600159,Animalia,Chordata,Mammalia,Rodentia,Sciuridae,Tamias,Tamias umbrinus,inyoensis,SUBSPECIES,"Tamias umbrinus inyoensis (Merriam, 1897)",Tamias umbrinus inyoensis,,US,"Snake Range, Brown Lake",Nevada,PRESENT,1,7b8aff00-a9f8-11d8-944b-b8a03c50a862,39.002724,-114.300835,,,,,,,7/21/00,21,7,2000,4263608,2437441,PRESERVED_SPECIMEN,FMNH,Mammals,168443,FMNH-Mammals-6206,,,CC0_1_0,The Field Museum of Natural History,L. R. Heaney,,,2026-02-26T00:47:42.339Z,,COORDINATE_ROUNDED;GEODETIC_DATUM_INVALID;GEODETIC_DATUM_ASSUMED_WGS84;OCCURRENCE_STATUS_INFERRED_FROM_INDIVIDUAL_COUNT;INSTITUTION_MATCH_FUZZY;COLLECTION_MATCH_FUZZY
665898231,41fc5c40-5e81-496f-9733-6b5681b3b7a5,81099154-903b-4ad3-b999-b4b7d6c1a2ec,Animalia,Chordata,Mammalia,Rodentia,Sciuridae,Tamias,Tamias umbrinus,inyoensis,SUBSPECIES,"Tamias umbrinus inyoensis (Merriam, 1897)",Tamias umbrinus inyoensis,,US,"Snake Range, Brown Lake",Nevada,PRESENT,1,7b8aff00-a9f8-11d8-944b-b8a03c50a862,39.002724,-114.300835,,,,,,,7/21/00,21,7,2000,4263608,2437441,PRESERVED_SPECIMEN,FMNH,Mammals,168442,FMNH-Mammals-6200,,,CC0_1_0,The Field Museum of Natural History,L. R. Heaney,,,2026-02-26T00:47:39.733Z,,COORDINATE_ROUNDED;GEODETIC_DATUM_INVALID;GEODETIC_DATUM_ASSUMED_WGS84;OCCURRENCE_STATUS_INFERRED_FROM_INDIVIDUAL_COUNT;INSTITUTION_MATCH_FUZZY;COLLECTION_MATCH_FUZZY
665898230,41fc5c40-5e81-496f-9733-6b5681b3b7a5,0bfa117f-0794-4588-9303-a911d0fa355e,Animalia,Chordata,Mammalia,Rodentia,Sciuridae,Tamias,Tamias umbrinus,inyoensis,SUBSPECIES,"Tamias umbrinus inyoensis (Merriam, 1897)",Tamias umbrinus inyoensis,,US,"Snake Range, Brown Lake",Nevada,PRESENT,1,7b8aff00-a9f8-11d8-944b-b8a03c50a862,39.002724,-114.300835,,,,,,,7/21/00,21,7,2000,4263608,2437441,PRESERVED_SPECIMEN,FMNH,Mammals,168441,FMNH-Mammals-6199,,,CC0_1_0,The Field Museum of Natural History,L. R. Heaney,,,2026-02-26T00:47:43.336Z,,COORDINATE_ROUNDED;GEODETIC_DATUM_INVALID;GEODETIC_DATUM_ASSUMED_WGS84;OCCURRENCE_STATUS_INFERRED_FROM_INDIVIDUAL_COUNT;INSTITUTION_MATCH_FUZZY;COLLECTION_MATCH_FUZZY
665885644,41fc5c40-5e81-496f-9733-6b5681b3b7a5,5937f926-213e-42ad-8542-5b44c865ff0a,Animalia,Chordata,Mammalia,Rodentia,Sciuridae,Tamias,Tamias umbrinus,inyoensis,SUBSPECIES,"Tamias umbrinus inyoensis (Merriam, 1897)",Tamias umbrinus inyoensis,,US,"Snake Range, 2.1 km S, 1.5 km W Lehman Cave Visitors Center",Nevada,PRESENT,1,7b8aff00-a9f8-11d8-944b-b8a03c50a862,38.98328,-114.250832,,,,,,,7/16/00,16,7,2000,4263608,2437441,PRESERVED_SPECIMEN,FMNH,Mammals,168439,FMNH-Mammals-6152,,,CC0_1_0,The Field Museum of Natural History,L. R. Heaney,,,2026-02-26T00:47:41.336Z,,COORDINATE_ROUNDED;GEODETIC_DATUM_INVALID;GEODETIC_DATUM_ASSUMED_WGS84;OCCURRENCE_STATUS_INFERRED_FROM_INDIVIDUAL_COUNT;INSTITUTION_MATCH_FUZZY;COLLECTION_MATCH_FUZZY
665757186,41fc5c40-5e81-496f-9733-6b5681b3b7a5,d5ea4b77-8321-4a0d-b8f9-9541e563adf4,Animalia,Chordata,Mammalia,Rodentia,Sciuridae,Tamias,Tamias umbrinus,inyoensis,SUBSPECIES,"Tamias umbrinus inyoensis (Merriam, 1897)",Tamias umbrinus inyoensis,,US,"Snake Range, 0.3 km S, 0.3 km W Stella Lake",Nevada,PRESENT,1,7b8aff00-a9f8-11d8-944b-b8a03c50a862,39.005501,-114.309158,,,,,,,7/23/00,23,7,2000,4263608,2437441,PRESERVED_SPECIMEN,FMNH,Mammals,168455,FMNH-Mammals-6253,,,CC0_1_0,The Field Museum of Natural History,L. R. Heaney,,,2026-02-26T00:47:39.330Z,,COORDINATE_ROUNDED;GEODETIC_DATUM_INVALID;GEODETIC_DATUM_ASSUMED_WGS84;OCCURRENCE_STATUS_INFERRED_FROM_INDIVIDUAL_COUNT;INSTITUTION_MATCH_FUZZY;COLLECTION_MATCH_FUZZY
665757185,41fc5c40-5e81-496f-9733-6b5681b3b7a5,3b1afb48-010b-4d7e-b0d9-c46d0fde5e80,Animalia,Chordata,Mammalia,Rodentia,Sciuridae,Tamias,Tamias umbrinus,inyoensis,SUBSPECIES,"Tamias umbrinus inyoensis (Merriam, 1897)",Tamias umbrinus inyoensis,,US,"Snake Range, 0.3 km S, 0.3 km W Stella Lake",Nevada,PRESENT,1,7b8aff00-a9f8-11d8-944b-b8a03c50a862,39.005501,-114.309158,,,,,,,7/23/00,23,7,2000,4263608,2437441,PRESERVED_SPECIMEN,FMNH,Mammals,168454,FMNH-Mammals-6252,,,CC0_1_0,The Field Museum of Natural History,L. R. Heaney,,,2026-02-26T00:47:44.285Z,,COORDINATE_ROUNDED;GEODETIC_DATUM_INVALID;GEODETIC_DATUM_ASSUMED_WGS84;OCCURRENCE_STATUS_INFERRED_FROM_INDIVIDUAL_COUNT;INSTITUTION_MATCH_FUZZY;COLLECTION_MATCH_FUZZY
665757044,41fc5c40-5e81-496f-9733-6b5681b3b7a5,a3f406c1-eea2-4d10-b7d2-69513c04c369,Animalia,Chordata,Mammalia,Rodentia,Sciuridae,Tamias,Tamias umbrinus,inyoensis,SUBSPECIES,"Tamias umbrinus inyoensis (Merriam, 1897)",Tamias umbrinus inyoensis,,US,"Snake Range, 1.9 km N, 4 km W Lehman Cave Visitors Center",Nevada,PRESENT,1,7b8aff00-a9f8-11d8-944b-b8a03c50a862,39.022167,-114.267494,,,,,,,7/25/00,25,7,2000,4263608,2437441,PRESERVED_SPECIMEN,FMNH,Mammals,168460,FMNH-Mammals-6263,,,CC0_1_0,The Field Museum of Natural History,L. R. Heaney,,,2026-02-26T00:47:44.770Z,,COORDINATE_ROUNDED;GEODETIC_DATUM_INVALID;GEODETIC_DATUM_ASSUMED_WGS84;OCCURRENCE_STATUS_INFERRED_FROM_INDIVIDUAL_COUNT;INSTITUTION_MATCH_FUZZY;COLLECTION_MATCH_FUZZY
665757043,41fc5c40-5e81-496f-9733-6b5681b3b7a5,b6e414d9-bf76-4da1-9c90-97a032ff2c44,Animalia,Chordata,Mammalia,Rodentia,Sciuridae,Tamias,Tamias umbrinus,inyoensis,SUBSPECIES,"Tamias umbrinus inyoensis (Merriam, 1897)",Tamias umbrinus inyoensis,,US,"Snake Range, 1.9 km N, 4 km W Lehman Cave Visitors Center",Nevada,PRESENT,1,7b8aff00-a9f8-11d8-944b-b8a03c50a862,39.022167,-114.267494,,,,,,,7/25/00,25,7,2000,4263608,2437441,PRESERVED_SPECIMEN,FMNH,Mammals,168459,FMNH-Mammals-6262,,,CC0_1_0,The Field Museum of Natural History,L. R. Heaney,,,2026-02-26T00:47:37.260Z,,COORDINATE_ROUNDED;GEODETIC_DATUM_INVALID;GEODETIC_DATUM_ASSUMED_WGS84;OCCURRENCE_STATUS_INFERRED_FROM_INDIVIDUAL_COUNT;INSTITUTION_MATCH_FUZZY;COLLECTION_MATCH_FUZZY
665757042,41fc5c40-5e81-496f-9733-6b5681b3b7a5,f21c94f3-bdf1-450c-8cd3-796adb81088a,Animalia,Chordata,Mammalia,Rodentia,Sciuridae,Tamias,Tamias umbrinus,inyoensis,SUBSPECIES,"Tamias umbrinus inyoensis (Merriam, 1897)",Tamias umbrinus inyoensis,,US,"Snake Range, 1.9 km N, 4 km W Lehman Cave Visitors Center",Nevada,PRESENT,1,7b8aff00-a9f8-11d8-944b-b8a03c50a862,39.022167,-114.267494,,,,,,,7/25/00,25,7,2000,4263608,2437441,PRESERVED_SPECIMEN,FMNH,Mammals,168458,FMNH-Mammals-6260,,,CC0_1_0,The Field Museum of Natural History,L. R. Heaney,,,2026-02-26T00:47:40.563Z,,COORDINATE_ROUNDED;GEODETIC_DATUM_INVALID;GEODETIC_DATUM_ASSUMED_WGS84;OCCURRENCE_STATUS_INFERRED_FROM_INDIVIDUAL_COUNT;INSTITUTION_MATCH_FUZZY;COLLECTION_MATCH_FUZZY
665757041,41fc5c40-5e81-496f-9733-6b5681b3b7a5,6adadd7b-5fd4-444f-b862-cbf61e99dd96,Animalia,Chordata,Mammalia,Rodentia,Sciuridae,Tamias,Tamias umbrinus,inyoensis,SUBSPECIES,"Tamias umbrinus inyoensis (Merriam, 1897)",Tamias umbrinus inyoensis,,US,"Snake Range, 1.9 km N, 4 km W Lehman Cave Visitors Center",Nevada,PRESENT,1,7b8aff00-a9f8-11d8-944b-b8a03c50a862,39.022167,-114.267494,,,,,,,7/25/00,25,7,2000,4263608,2437441,PRESERVED_SPECIMEN,FMNH,Mammals,168457,FMNH-Mammals-6259,,,CC0_1_0,The Field Museum of Natural History,L. R. Heaney,,,2026-02-26T00:47:42.669Z,,COORDINATE_ROUNDED;GEODETIC_DATUM_INVALID;GEODETIC_DATUM_ASSUMED_WGS84;OCCURRENCE_STATUS_INFERRED_FROM_INDIVIDUAL_COUNT;INSTITUTION_MATCH_FUZZY;COLLECTION_MATCH_FUZZY
665757040,41fc5c40-5e81-496f-9733-6b5681b3b7a5,214d91a8-fcf8-45de-93d5-3a8d7d1875c8,Animalia,Chordata,Mammalia,Rodentia,Sciuridae,Tamias,Tamias umbrinus,inyoensis,SUBSPECIES,"Tamias umbrinus inyoensis (Merriam, 1897)",Tamias umbrinus inyoensis,,US,"Snake Range, 1.9 km N, 4 km W Lehman Cave Visitors Center",Nevada,PRESENT,1,7b8aff00-a9f8-11d8-944b-b8a03c50a862,39.022167,-114.267494,,,,,,,7/25/00,25,7,2000,4263608,2437441,PRESERVED_SPECIMEN,FMNH,Mammals,168456,FMNH-Mammals-6258,,,CC0_1_0,The Field Museum of Natural History,L. R. Heaney,,,2026-02-26T00:47:41.220Z,,COORDINATE_ROUNDED;GEODETIC_DATUM_INVALID;GEODETIC_DATUM_ASSUMED_WGS84;OCCURRENCE_STATUS_INFERRED_FROM_INDIVIDUAL_COUNT;INSTITUTION_MATCH_FUZZY;COLLECTION_MATCH_FUZZY
665726642,41fc5c40-5e81-496f-9733-6b5681b3b7a5,ada2ba1a-3b5e-4c67-bae5-92aaf901043a,Animalia,Chordata,Mammalia,Rodentia,Sciuridae,Tamias,Tamias umbrinus,inyoensis,SUBSPECIES,"Tamias umbrinus inyoensis (Merriam, 1897)",Tamias umbrinus inyoensis,,US,"Snake Range, Lehman Creek headwaters",Nevada,PRESENT,1,7b8aff00-a9f8-11d8-944b-b8a03c50a862,39.011059,-114.300835,,,,,,,7/22/00,22,7,2000,4263608,2437441,PRESERVED_SPECIMEN,FMNH,Mammals,168453,FMNH-Mammals-6239,,,CC0_1_0,The Field Museum of Natural History,L. R. Heaney,,,2026-02-26T00:47:46.273Z,,COORDINATE_ROUNDED;GEODETIC_DATUM_INVALID;GEODETIC_DATUM_ASSUMED_WGS84;OCCURRENCE_STATUS_INFERRED_FROM_INDIVIDUAL_COUNT;INSTITUTION_MATCH_FUZZY;COLLECTION_MATCH_FUZZY
665726641,41fc5c40-5e81-496f-9733-6b5681b3b7a5,0d18417b-673d-4401-a0c8-6c3389582ece,Animalia,Chordata,Mammalia,Rodentia,Sciuridae,Tamias,Tamias umbrinus,inyoensis,SUBSPECIES,"Tamias umbrinus inyoensis (Merriam, 1897)",Tamias umbrinus inyoensis,,US,"Snake Range, Lehman Creek headwaters",Nevada,PRESENT,1,7b8aff00-a9f8-11d8-944b-b8a03c50a862,39.011059,-114.300835,,,,,,,7/22/00,22,7,2000,4263608,2437441,PRESERVED_SPECIMEN,FMNH,Mammals,168452,FMNH-Mammals-6238,,,CC0_1_0,The Field Museum of Natural History,L. R. Heaney,,,2026-02-26T00:47:37.081Z,,COORDINATE_ROUNDED;GEODETIC_DATUM_INVALID;GEODETIC_DATUM_ASSUMED_WGS84;OCCURRENCE_STATUS_INFERRED_FROM_INDIVIDUAL_COUNT;INSTITUTION_MATCH_FUZZY;COLLECTION_MATCH_FUZZY
665724214,41fc5c40-5e81-496f-9733-6b5681b3b7a5,0297dc2d-965e-450f-b6f5-b2ce10634e49,Animalia,Chordata,Mammalia,Rodentia,Sciuridae,Tamias,Tamias umbrinus,inyoensis,SUBSPECIES,"Tamias umbrinus inyoensis (Merriam, 1897)",Tamias umbrinus inyoensis,,US,"Snake Range, Lehman Creek headwaters",Nevada,PRESENT,1,7b8aff00-a9f8-11d8-944b-b8a03c50a862,39.011059,-114.300835,,,,,,,7/19/00,19,7,2000,4263608,2437441,PRESERVED_SPECIMEN,FMNH,Mammals,168552,FMNH-Mammals-6184,,,CC0_1_0,The Field Museum of Natural History,L. R. Heaney,,,2026-02-26T00:47:45.160Z,,COORDINATE_ROUNDED;GEODETIC_DATUM_INVALID;GEODETIC_DATUM_ASSUMED_WGS84;OCCURRENCE_STATUS_INFERRED_FROM_INDIVIDUAL_COUNT;INSTITUTION_MATCH_FUZZY;COLLECTION_MATCH_FUZZY
665724213,41fc5c40-5e81-496f-9733-6b5681b3b7a5,15f0ec23-faf2-4fa9-b1ad-b3d8c6a1f8bd,Animalia,Chordata,Mammalia,Rodentia,Sciuridae,Tamias,Tamias umbrinus,inyoensis,SUBSPECIES,"Tamias umbrinus inyoensis (Merriam, 1897)",Tamias umbrinus inyoensis,,US,"Snake Range, Lehman Creek headwaters",Nevada,PRESENT,1,7b8aff00-a9f8-11d8-944b-b8a03c50a862,39.011059,-114.300835,,,,,,,7/19/00,19,7,2000,4263608,2437441,PRESERVED_SPECIMEN,FMNH,Mammals,168440,FMNH-Mammals-6183,,,CC0_1_0,The Field Museum of Natural History,L. R. Heaney,,,2026-02-26T00:47:36.419Z,,COORDINATE_ROUNDED;GEODETIC_DATUM_INVALID;GEODETIC_DATUM_ASSUMED_WGS84;OCCURRENCE_STATUS_INFERRED_FROM_INDIVIDUAL_COUNT;INSTITUTION_MATCH_FUZZY;COLLECTION_MATCH_FUZZY
5228991109,58daed7d-de25-416c-a923-22eb737b6a67,https://arctos.database.museum/guid/UNCG:Mamm:1233,Animalia,Chordata,Mammalia,Rodentia,Sciuridae,Tamias,Tamias umbrinus,,SPECIES,"Tamias umbrinus J.A.Allen, 1890",Tamias umbrinus,,US,"Humboldt-Toiyabe National Forest, 5 km W Taff Peak, Berry Creek",Nevada,PRESENT,,a3606783-50d7-42e7-8cad-14cb6214def4,39.353735,-114.650473,,,2404,0,,,6/29/24,29,6,2024,2437441,2437441,PRESERVED_SPECIMEN,UNCG,Mammalogy,UNCG:Mamm:1233,,,2024-06-29T00:00:00,CC_BY_NC_4_0,,"Collector(s): Andre A. Plantinga-Kapteyn, Wade M. Burris, Kristin E. Stierman, Amanda K. Weller",,,2026-02-25T22:47:14.646Z,,COORDINATE_ROUNDED;CONTINENT_DERIVED_FROM_COORDINATES;INSTITUTION_MATCH_FUZZY;INSTITUTION_COLLECTION_MISMATCH
5228991108,58daed7d-de25-416c-a923-22eb737b6a67,https://arctos.database.museum/guid/UNCG:Mamm:1232,Animalia,Chordata,Mammalia,Rodentia,Sciuridae,Tamias,Tamias umbrinus,,SPECIES,"Tamias umbrinus J.A.Allen, 1890",Tamias umbrinus,,US,"Humboldt-Toiyabe National Forest, 5 km W Taff Peak, Berry Creek",Nevada,PRESENT,,a3606783-50d7-42e7-8cad-14cb6214def4,39.353853,-114.650268,,,2404,0,,,6/29/24,29,6,2024,2437441,2437441,PRESERVED_SPECIMEN,UNCG,Mammalogy,UNCG:Mamm:1232,,,2024-06-29T00:00:00,CC_BY_NC_4_0,,"Collector(s): Andre A. Plantinga-Kapteyn, Wade M. Burris, Kristin E. Stierman, Amanda K. Weller",,,2026-02-25T22:47:14.646Z,,COORDINATE_ROUNDED;CONTINENT_DERIVED_FROM_COORDINATES;INSTITUTION_MATCH_FUZZY;INSTITUTION_COLLECTION_MISMATCH
5228991107,58daed7d-de25-416c-a923-22eb737b6a67,https://arctos.database.museum/guid/UNCG:Mamm:1235,Animalia,Chordata,Mammalia,Rodentia,Sciuridae,Tamias,Tamias umbrinus,,SPECIES,"Tamias umbrinus J.A.Allen, 1890",Tamias umbrinus,,US,"Humboldt-Toiyabe National Forest, 5 km W Taff Peak, Berry Creek",Nevada,PRESENT,,a3606783-50d7-42e7-8cad-14cb6214def4,39.353847,-114.651465,,,2425,0,,,6/29/24,29,6,2024,2437441,2437441,PRESERVED_SPECIMEN,UNCG,Mammalogy,UNCG:Mamm:1235,,,2024-06-29T00:00:00,CC_BY_NC_4_0,,"Collector(s): Andre A. Plantinga-Kapteyn, Wade M. Burris, Kristin E. Stierman, Amanda K. Weller",,,2026-02-25T22:47:14.645Z,,COORDINATE_ROUNDED;CONTINENT_DERIVED_FROM_COORDINATES;INSTITUTION_MATCH_FUZZY;INSTITUTION_COLLECTION_MISMATCH
5228991106,58daed7d-de25-416c-a923-22eb737b6a67,https://arctos.database.museum/guid/UNCG:Mamm:1234,Animalia,Chordata,Mammalia,Rodentia,Sciuridae,Tamias,Tamias umbrinus,,SPECIES,"Tamias umbrinus J.A.Allen, 1890",Tamias umbrinus,,US,"Humboldt-Toiyabe National Forest, 5 km W Taff Peak, Berry Creek",Nevada,PRESENT,,a3606783-50d7-42e7-8cad-14cb6214def4,39.353735,-114.650473,,,2404,0,,,6/29/24,29,6,2024,2437441,2437441,PRESERVED_SPECIMEN,UNCG,Mammalogy,UNCG:Mamm:1234,,,2024-06-29T00:00:00,CC_BY_NC_4_0,,"Collector(s): Andre A. Plantinga-Kapteyn, Wade M. Burris, Kristin E. Stierman, Amanda K. Weller",,,2026-02-25T22:47:14.645Z,,COORDINATE_ROUNDED;CONTINENT_DERIVED_FROM_COORDINATES;INSTITUTION_MATCH_FUZZY;INSTITUTION_COLLECTION_MISMATCH
5228991076,58daed7d-de25-416c-a923-22eb737b6a67,https://arctos.database.museum/guid/UNCG:Mamm:1254,Animalia,Chordata,Mammalia,Rodentia,Sciuridae,Tamias,Tamias umbrinus,,SPECIES,"Tamias umbrinus J.A.Allen, 1890",Tamias umbrinus,,US,"Humboldt-Toiyabe National Forest, 5 km W Taff Peak, Berry Creek",Nevada,PRESENT,,a3606783-50d7-42e7-8cad-14cb6214def4,39.359821,-114.644051,,,2538,0,,,6/30/24,30,6,2024,2437441,2437441,PRESERVED_SPECIMEN,UNCG,Mammalogy,UNCG:Mamm:1254,,,2024-06-30T00:00:00,CC_BY_NC_4_0,,"Collector(s): Andre A. Plantinga-Kapteyn, Wade M. Burris, Kristin E. Stierman, Amanda K. Weller",,,2026-02-25T22:47:14.634Z,,COORDINATE_ROUNDED;CONTINENT_DERIVED_FROM_COORDINATES;INSTITUTION_MATCH_FUZZY;INSTITUTION_COLLECTION_MISMATCH
5228991027,58daed7d-de25-416c-a923-22eb737b6a67,https://arctos.database.museum/guid/UNCG:Mamm:1037,Animalia,Chordata,Mammalia,Rodentia,Sciuridae,Tamias,Tamias umbrinus,,SPECIES,"Tamias umbrinus J.A.Allen, 1890",Tamias umbrinus,,US,1.5 km NNW Spruce Mountain peak,Nevada,PRESENT,,a3606783-50d7-42e7-8cad-14cb6214def4,40.566728,-114.815099,,,2655,0,,,6/16/24,16,6,2024,2437441,2437441,PRESERVED_SPECIMEN,UNCG,Mammalogy,UNCG:Mamm:1037,,,2025-05-20T00:00:00,CC_BY_NC_4_0,,"Collector(s): Andre A. Plantinga-Kapteyn, Wade M. Burris, Amanda K. Weller",,,2026-02-25T22:47:13.867Z,,COORDINATE_ROUNDED;CONTINENT_DERIVED_FROM_COORDINATES;INSTITUTION_MATCH_FUZZY;INSTITUTION_COLLECTION_MISMATCH
5228991016,58daed7d-de25-416c-a923-22eb737b6a67,https://arctos.database.museum/guid/UNCG:Mamm:1263,Animalia,Chordata,Mammalia,Rodentia,Sciuridae,Tamias,Tamias umbrinus,,SPECIES,"Tamias umbrinus J.A.Allen, 1890",Tamias umbrinus,,US,"Humboldt-Toiyabe National Forest, 5 km W Taff Peak, Berry Creek",Nevada,PRESENT,,a3606783-50d7-42e7-8cad-14cb6214def4,39.354075,-114.651591,,,2591,0,,,7/1/24,1,7,2024,2437441,2437441,PRESERVED_SPECIMEN,UNCG,Mammalogy,UNCG:Mamm:1263,,,2024-07-01T00:00:00,CC_BY_NC_4_0,,"Collector(s): Andre A. Plantinga-Kapteyn, Wade M. Burris, Kristin E. Stierman, Amanda K. Weller",,,2026-02-25T22:47:14.614Z,,CONTINENT_DERIVED_FROM_COORDINATES;INSTITUTION_MATCH_FUZZY;INSTITUTION_COLLECTION_MISMATCH
5228991014,58daed7d-de25-416c-a923-22eb737b6a67,https://arctos.database.museum/guid/UNCG:Mamm:1266,Animalia,Chordata,Mammalia,Rodentia,Sciuridae,Tamias,Tamias umbrinus,,SPECIES,"Tamias umbrinus J.A.Allen, 1890",Tamias umbrinus,,US,"Humboldt-Toiyabe National Forest, 5 km W Taff Peak, Berry Creek",Nevada,PRESENT,,a3606783-50d7-42e7-8cad-14cb6214def4,39.353674,-114.651212,,,2460,0,,,7/1/24,1,7,2024,2437441,2437441,PRESERVED_SPECIMEN,UNCG,Mammalogy,UNCG:Mamm:1266,,,2024-07-01T00:00:00,CC_BY_NC_4_0,,"Collector(s): Andre A. Plantinga-Kapteyn, Wade M. Burris, Kristin E. Stierman, Amanda K. Weller",,,2026-02-25T22:47:14.613Z,,COORDINATE_ROUNDED;CONTINENT_DERIVED_FROM_COORDINATES;INSTITUTION_MATCH_FUZZY;INSTITUTION_COLLECTION_MISMATCH
5228991010,58daed7d-de25-416c-a923-22eb737b6a67,https://arctos.database.museum/guid/UNCG:Mamm:1268,Animalia,Chordata,Mammalia,Rodentia,Sciuridae,Tamias,Tamias umbrinus,,SPECIES,"Tamias umbrinus J.A.Allen, 1890",Tamias umbrinus,,US,"Humboldt-Toiyabe National Forest, 5 km W Taff Peak, Berry Creek",Nevada,PRESENT,,a3606783-50d7-42e7-8cad-14cb6214def4,39.353308,-114.650134,,,2639,0,,,7/1/24,1,7,2024,2437441,2437441,PRESERVED_SPECIMEN,UNCG,Mammalogy,UNCG:Mamm:1268,,,2024-07-01T00:00:00,CC_BY_NC_4_0,,"Collector(s): Andre A. Plantinga-Kapteyn, Wade M. Burris, Kristin E. Stierman, Amanda K. Weller",,,2026-02-25T22:47:14.613Z,,COORDINATE_ROUNDED;CONTINENT_DERIVED_FROM_COORDINATES;INSTITUTION_MATCH_FUZZY;INSTITUTION_COLLECTION_MISMATCH
5228991009,58daed7d-de25-416c-a923-22eb737b6a67,https://arctos.database.museum/guid/UNCG:Mamm:1026,Animalia,Chordata,Mammalia,Rodentia,Sciuridae,Tamias,Tamias umbrinus,,SPECIES,"Tamias umbrinus J.A.Allen, 1890",Tamias umbrinus,,US,1.5 km NNW Spruce Mountain peak,Nevada,PRESENT,,a3606783-50d7-42e7-8cad-14cb6214def4,40.566391,-114.814458,,,2682,0,,,6/15/24,15,6,2024,2437441,2437441,PRESERVED_SPECIMEN,UNCG,Mammalogy,UNCG:Mamm:1026,,,2025-05-20T00:00:00,CC_BY_NC_4_0,,"Collector(s): Andre A. Plantinga-Kapteyn, Wade M. Burris, Amanda K. Weller, Bryan S. McLean, Brooks A. Kohli",,,2026-02-25T22:47:13.855Z,,COORDINATE_ROUNDED;CONTINENT_DERIVED_FROM_COORDINATES;INSTITUTION_MATCH_FUZZY;INSTITUTION_COLLECTION_MISMATCH
5228991008,58daed7d-de25-416c-a923-22eb737b6a67,https://arctos.database.museum/guid/UNCG:Mamm:1267,Animalia,Chordata,Mammalia,Rodentia,Sciuridae,Tamias,Tamias umbrinus,,SPECIES,"Tamias umbrinus J.A.Allen, 1890",Tamias umbrinus,,US,"Humboldt-Toiyabe National Forest, 5 km W Taff Peak, Berry Creek",Nevada,PRESENT,,a3606783-50d7-42e7-8cad-14cb6214def4,39.353763,-114.650492,,,2457,0,,,7/1/24,1,7,2024,2437441,2437441,PRESERVED_SPECIMEN,UNCG,Mammalogy,UNCG:Mamm:1267,,,2024-07-01T00:00:00,CC_BY_NC_4_0,,"Collector(s): Andre A. Plantinga-Kapteyn, Wade M. Burris, Kristin E. Stierman, Amanda K. Weller",,,2026-02-25T22:47:14.611Z,,COORDINATE_ROUNDED;CONTINENT_DERIVED_FROM_COORDINATES;INSTITUTION_MATCH_FUZZY;INSTITUTION_COLLECTION_MISMATCH
5228990978,58daed7d-de25-416c-a923-22eb737b6a67,https://arctos.database.museum/guid/UNCG:Mamm:1286,Animalia,Chordata,Mammalia,Rodentia,Sciuridae,Tamias,Tamias umbrinus,,SPECIES,"Tamias umbrinus J.A.Allen, 1890",Tamias umbrinus,,US,"Humboldt-Toiyabe National Forest, 5 km W Taff Peak, Berry Creek",Nevada,PRESENT,,a3606783-50d7-42e7-8cad-14cb6214def4,39.353875,-114.651449,,,2460,0,,,7/2/24,2,7,2024,2437441,2437441,PRESERVED_SPECIMEN,UNCG,Mammalogy,UNCG:Mamm:1286,,,2024-07-02T00:00:00,CC_BY_NC_4_0,,"Collector(s): Andre A. Plantinga-Kapteyn, Wade M. Burris, Kristin E. Stierman, Amanda K. Weller",,,2026-02-25T22:47:14.567Z,,COORDINATE_ROUNDED;CONTINENT_DERIVED_FROM_COORDINATES;INSTITUTION_MATCH_FUZZY;INSTITUTION_COLLECTION_MISMATCH
5228990977,58daed7d-de25-416c-a923-22eb737b6a67,https://arctos.database.museum/guid/UNCG:Mamm:1044,Animalia,Chordata,Mammalia,Rodentia,Sciuridae,Tamias,Tamias umbrinus,,SPECIES,"Tamias umbrinus J.A.Allen, 1890",Tamias umbrinus,,US,1.5 km NNW Spruce Mountain peak,Nevada,PRESENT,,a3606783-50d7-42e7-8cad-14cb6214def4,40.556376,-114.833602,,,2562,0,,,6/17/24,17,6,2024,2437441,2437441,PRESERVED_SPECIMEN,UNCG,Mammalogy,UNCG:Mamm:1044,,,2025-05-20T00:00:00,CC_BY_NC_4_0,,"Collector(s): Andre A. Plantinga-Kapteyn, Wade M. Burris, Amanda K. Weller, Bryan S. McLean",,,2026-02-25T22:47:13.820Z,,COORDINATE_ROUNDED;CONTINENT_DERIVED_FROM_COORDINATES;INSTITUTION_MATCH_FUZZY;INSTITUTION_COLLECTION_MISMATCH
5228990975,58daed7d-de25-416c-a923-22eb737b6a67,https://arctos.database.museum/guid/UNCG:Mamm:1043,Animalia,Chordata,Mammalia,Rodentia,Sciuridae,Tamias,Tamias umbrinus,,SPECIES,"Tamias umbrinus J.A.Allen, 1890",Tamias umbrinus,,US,1.5 km NNW Spruce Mountain peak,Nevada,PRESENT,,a3606783-50d7-42e7-8cad-14cb6214def4,40.566572,-114.814764,,,2659,0,,,6/17/24,17,6,2024,2437441,2437441,PRESERVED_SPECIMEN,UNCG,Mammalogy,UNCG:Mamm:1043,,,2025-05-20T00:00:00,CC_BY_NC_4_0,,"Collector(s): Andre A. Plantinga-Kapteyn, Wade M. Burris, Amanda K. Weller, Bryan S. McLean",,,2026-02-25T22:47:13.820Z,,COORDINATE_ROUNDED;CONTINENT_DERIVED_FROM_COORDINATES;INSTITUTION_MATCH_FUZZY;INSTITUTION_COLLECTION_MISMATCH
5228990973,58daed7d-de25-416c-a923-22eb737b6a67,https://arctos.database.museum/guid/UNCG:Mamm:1046,Animalia,Chordata,Mammalia,Rodentia,Sciuridae,Tamias,Tamias umbrinus,,SPECIES,"Tamias umbrinus J.A.Allen, 1890",Tamias umbrinus,,US,1.5 km NNW Spruce Mountain peak,Nevada,PRESENT,,a3606783-50d7-42e7-8cad-14cb6214def4,40.55624,-114.833757,,,2542,0,,,6/17/24,17,6,2024,2437441,2437441,PRESERVED_SPECIMEN,UNCG,Mammalogy,UNCG:Mamm:1046,,,2025-05-20T00:00:00,CC_BY_NC_4_0,,"Collector(s): Andre A. Plantinga-Kapteyn, Wade M. Burris, Amanda K. Weller, Bryan S. McLean",,,2026-02-25T22:47:13.820Z,,COORDINATE_ROUNDED;CONTINENT_DERIVED_FROM_COORDINATES;INSTITUTION_MATCH_FUZZY;INSTITUTION_COLLECTION_MISMATCH
5228990971,58daed7d-de25-416c-a923-22eb737b6a67,https://arctos.database.museum/guid/UNCG:Mamm:1045,Animalia,Chordata,Mammalia,Rodentia,Sciuridae,Tamias,Tamias umbrinus,,SPECIES,"Tamias umbrinus J.A.Allen, 1890",Tamias umbrinus,,US,1.5 km NNW Spruce Mountain peak,Nevada,PRESENT,,a3606783-50d7-42e7-8cad-14cb6214def4,40.556285,-114.83336,,,2570,0,,,6/17/24,17,6,2024,2437441,2437441,PRESERVED_SPECIMEN,UNCG,Mammalogy,UNCG:Mamm:1045,,,2025-05-20T00:00:00,CC_BY_NC_4_0,,"Collector(s): Andre A. Plantinga-Kapteyn, Wade M. Burris, Amanda K. Weller, Bryan S. McLean",,,2026-02-25T22:47:13.819Z,,CONTINENT_DERIVED_FROM_COORDINATES;INSTITUTION_MATCH_FUZZY;INSTITUTION_COLLECTION_MISMATCH
5228990960,58daed7d-de25-416c-a923-22eb737b6a67,https://arctos.database.museum/guid/UNCG:Mamm:1077,Animalia,Chordata,Mammalia,Rodentia,Sciuridae,Tamias,Tamias umbrinus,,SPECIES,"Tamias umbrinus J.A.Allen, 1890",Tamias umbrinus,,US,2 km NE Spruce Mountain peak,Nevada,PRESENT,,a3606783-50d7-42e7-8cad-14cb6214def4,40.564623,-114.799611,,,2314,0,,,6/20/24,20,6,2024,2437441,2437441,PRESERVED_SPECIMEN,UNCG,Mammalogy,UNCG:Mamm:1077,,,2024-06-20T00:00:00,CC_BY_NC_4_0,,"Collector(s): Amanda K. Weller, Wade M. Burris",,,2026-02-25T22:47:13.807Z,,COORDINATE_ROUNDED;CONTINENT_DERIVED_FROM_COORDINATES;INSTITUTION_MATCH_FUZZY;INSTITUTION_COLLECTION_MISMATCH
5228990930,58daed7d-de25-416c-a923-22eb737b6a67,https://arctos.database.museum/guid/UNCG:Mamm:1083,Animalia,Chordata,Mammalia,Rodentia,Sciuridae,Tamias,Tamias umbrinus,,SPECIES,"Tamias umbrinus J.A.Allen, 1890",Tamias umbrinus,,US,2 km NE Spruce Mountain peak,Nevada,PRESENT,,a3606783-50d7-42e7-8cad-14cb6214def4,40.565729,-114.799147,,,2374,0,,,6/21/24,21,6,2024,2437441,2437441,PRESERVED_SPECIMEN,UNCG,Mammalogy,UNCG:Mamm:1083,,,2024-06-21T00:00:00,CC_BY_NC_4_0,,"Collector(s): Andre A. Plantinga-Kapteyn, Wade M. Burris, Kristin E. Stierman, Amanda K. Weller",,,2026-02-25T22:47:13.781Z,,COORDINATE_ROUNDED;CONTINENT_DERIVED_FROM_COORDINATES;INSTITUTION_MATCH_FUZZY;INSTITUTION_COLLECTION_MISMATCH
5228990581,58daed7d-de25-416c-a923-22eb737b6a67,https://arctos.database.museum/guid/UNCG:Mamm:1140,Animalia,Chordata,Mammalia,Rodentia,Sciuridae,Tamias,Tamias umbrinus,,SPECIES,"Tamias umbrinus J.A.Allen, 1890",Tamias umbrinus,,US,"Humboldt-Toiyabe National Forest, 2.75 km WSW North Schell Peak, Timber Creek",Nevada,PRESENT,,a3606783-50d7-42e7-8cad-14cb6214def4,39.399776,-114.629172,5,,2380,0,,,6/25/24,25,6,2024,2437441,2437441,PRESERVED_SPECIMEN,UNCG,Mammalogy,UNCG:Mamm:1140,,Andre A. Plantinga-Kapteyn,2024-06-25T00:00:00,CC_BY_NC_4_0,,"Collector(s): Andre A. Plantinga-Kapteyn, Amanda K. Weller, Wade M. Burris, Kristin E. Stierman",,,2026-02-25T22:47:13.411Z,,COORDINATE_ROUNDED;CONTINENT_DERIVED_FROM_COORDINATES;INSTITUTION_MATCH_FUZZY;INSTITUTION_COLLECTION_MISMATCH
5228990510,58daed7d-de25-416c-a923-22eb737b6a67,https://arctos.database.museum/guid/UNCG:Mamm:1189,Animalia,Chordata,Mammalia,Rodentia,Sciuridae,Tamias,Tamias umbrinus,,SPECIES,"Tamias umbrinus J.A.Allen, 1890",Tamias umbrinus,,US,"Humboldt-Toiyabe National Forest, 2.75 km WSW North Schell Peak, Timber Creek",Nevada,PRESENT,,a3606783-50d7-42e7-8cad-14cb6214def4,39.399889,-114.628733,5,,2582,0,,,6/27/24,27,6,2024,2437441,2437441,PRESERVED_SPECIMEN,UNCG,Mammalogy,UNCG:Mamm:1189,,Andre A. Plantinga-Kapteyn,2024-06-27T00:00:00,CC_BY_NC_4_0,,"Collector(s): Andre A. Plantinga-Kapteyn, Amanda K. Weller, Wade M. Burris, Kristin E. Stierman",,,2026-02-25T22:47:13.235Z,,COORDINATE_ROUNDED;CONTINENT_DERIVED_FROM_COORDINATES;INSTITUTION_MATCH_FUZZY;INSTITUTION_COLLECTION_MISMATCH
5228990332,58daed7d-de25-416c-a923-22eb737b6a67,https://arctos.database.museum/guid/UNCG:Mamm:1219,Animalia,Chordata,Mammalia,Rodentia,Sciuridae,Tamias,Tamias umbrinus,,SPECIES,"Tamias umbrinus J.A.Allen, 1890",Tamias umbrinus,,US,"Humboldt-Toiyabe National Forest, 5 km W Taff Peak, Berry Creek",Nevada,PRESENT,,a3606783-50d7-42e7-8cad-14cb6214def4,39.353489,-114.65073,,,2387,0,,,6/29/24,29,6,2024,2437441,2437441,PRESERVED_SPECIMEN,UNCG,Mammalogy,UNCG:Mamm:1219,,,2024-06-29T00:00:00,CC_BY_NC_4_0,,"Collector(s): Andre A. Plantinga-Kapteyn, Wade M. Burris, Kristin E. Stierman, Amanda K. Weller",,,2026-02-25T22:47:13.005Z,,COORDINATE_ROUNDED;CONTINENT_DERIVED_FROM_COORDINATES;INSTITUTION_MATCH_FUZZY;INSTITUTION_COLLECTION_MISMATCH
5228990331,58daed7d-de25-416c-a923-22eb737b6a67,https://arctos.database.museum/guid/UNCG:Mamm:1218,Animalia,Chordata,Mammalia,Rodentia,Sciuridae,Tamias,Tamias umbrinus,,SPECIES,"Tamias umbrinus J.A.Allen, 1890",Tamias umbrinus,,US,"Humboldt-Toiyabe National Forest, 5 km W Taff Peak, Berry Creek",Nevada,PRESENT,,a3606783-50d7-42e7-8cad-14cb6214def4,39.353728,-114.651296,,,2333,0,,,6/29/24,29,6,2024,2437441,2437441,PRESERVED_SPECIMEN,UNCG,Mammalogy,UNCG:Mamm:1218,,,2024-06-29T00:00:00,CC_BY_NC_4_0,,"Collector(s): Andre A. Plantinga-Kapteyn, Wade M. Burris, Kristin E. Stierman, Amanda K. Weller",,,2026-02-25T22:47:12.995Z,,COORDINATE_ROUNDED;CONTINENT_DERIVED_FROM_COORDINATES;INSTITUTION_MATCH_FUZZY;INSTITUTION_COLLECTION_MISMATCH
5196086618,5f3463d2-51b6-4a8a-b252-9bab4388934e,https://arctos.database.museum/guid/DMNS:Mamm:11670,Animalia,Chordata,Mammalia,Rodentia,Sciuridae,Tamias,Tamias umbrinus,inyoensis,SUBSPECIES,"Tamias umbrinus inyoensis (Merriam, 1897)",Tamias umbrinus inyoensis,,US,"Ruby Mountains, Overland Pass",Nevada,PRESENT,,a2ef6dd1-8886-48c9-8025-c62bac973cc7,40.0254,-115.549,300,,2000,0,,,8/4/08,4,8,2008,4263608,2437441,PRESERVED_SPECIMEN,DMNS,Mammalogy,DMNS:Mamm:11670,JRD734,John R. Demboski,2008-08-04T00:00:00,CC_BY_NC_4_0,,"Collector(s): John R. Demboski, Kayce C. Bell; Preparator(s): Kayce C. Bell",,,2026-02-25T23:02:13.442Z,StillImage,CONTINENT_DERIVED_FROM_COORDINATES;TYPE_STATUS_INVALID;INSTITUTION_MATCH_FUZZY;INSTITUTION_COLLECTION_MISMATCH
5196086617,5f3463d2-51b6-4a8a-b252-9bab4388934e,https://arctos.database.museum/guid/DMNS:Mamm:11671,Animalia,Chordata,Mammalia,Rodentia,Sciuridae,Tamias,Tamias umbrinus,inyoensis,SUBSPECIES,"Tamias umbrinus inyoensis (Merriam, 1897)",Tamias umbrinus inyoensis,,US,"Ruby Mountains, Overland Pass",Nevada,PRESENT,,a2ef6dd1-8886-48c9-8025-c62bac973cc7,40.0254,-115.549,300,,2000,0,,,8/4/08,4,8,2008,4263608,2437441,PRESERVED_SPECIMEN,DMNS,Mammalogy,DMNS:Mamm:11671,JRD735,John R. Demboski,2008-08-04T00:00:00,CC_BY_NC_4_0,,"Collector(s): John R. Demboski, Kayce C. Bell; Preparator(s): Kayce C. Bell",,,2026-02-25T23:02:13.439Z,StillImage,CONTINENT_DERIVED_FROM_COORDINATES;TYPE_STATUS_INVALID;INSTITUTION_MATCH_FUZZY;INSTITUTION_COLLECTION_MISMATCH
5196086615,5f3463d2-51b6-4a8a-b252-9bab4388934e,https://arctos.database.museum/guid/DMNS:Mamm:11672,Animalia,Chordata,Mammalia,Rodentia,Sciuridae,Tamias,Tamias umbrinus,,SPECIES,"Tamias umbrinus J.A.Allen, 1890",Tamias umbrinus,,US,"Ruby Mountains, Overland Pass",Nevada,PRESENT,,a2ef6dd1-8886-48c9-8025-c62bac973cc7,40.0254,-115.549,300,,2000,0,,,8/4/08,4,8,2008,2437441,2437441,PRESERVED_SPECIMEN,DMNS,Mammalogy,DMNS:Mamm:11672,JRD736,John R. Demboski,2014-01-01T00:00:00,CC_BY_NC_4_0,,"Collector(s): John R. Demboski, Kayce C. Bell; Preparator(s): Kayce C. Bell",,,2026-02-25T23:02:13.443Z,StillImage,CONTINENT_DERIVED_FROM_COORDINATES;TYPE_STATUS_INVALID;INSTITUTION_MATCH_FUZZY;INSTITUTION_COLLECTION_MISMATCH
5196086597,5f3463d2-51b6-4a8a-b252-9bab4388934e,https://arctos.database.museum/guid/DMNS:Mamm:11687,Animalia,Chordata,Mammalia,Rodentia,Sciuridae,Tamias,Tamias umbrinus,inyoensis,SUBSPECIES,"Tamias umbrinus inyoensis (Merriam, 1897)",Tamias umbrinus inyoensis,,US,"Cherry Creek Mountains, Lear Ranch, McDermid Creek, Corral Canyon",Nevada,PRESENT,,a2ef6dd1-8886-48c9-8025-c62bac973cc7,40.1755,-114.8556,,,2024,0,,,8/5/08,5,8,2008,4263608,2437441,PRESERVED_SPECIMEN,DMNS,Mammalogy,DMNS:Mamm:11687,JRD742,John R. Demboski,2008-08-05T00:00:00,CC_BY_NC_4_0,,"Collector(s): John R. Demboski, Kayce C. Bell; Preparator(s): Lindsey E. Mann, Kayce C. Bell",,,2026-02-25T23:02:13.436Z,StillImage,CONTINENT_DERIVED_FROM_COORDINATES;TYPE_STATUS_INVALID;INSTITUTION_MATCH_FUZZY;INSTITUTION_COLLECTION_MISMATCH
5196086594,5f3463d2-51b6-4a8a-b252-9bab4388934e,https://arctos.database.museum/guid/DMNS:Mamm:11688,Animalia,Chordata,Mammalia,Rodentia,Sciuridae,Tamias,Tamias umbrinus,inyoensis,SUBSPECIES,"Tamias umbrinus inyoensis (Merriam, 1897)",Tamias umbrinus inyoensis,,US,"Cherry Creek Mountains, Lear Ranch, McDermid Creek, Corral Canyon",Nevada,PRESENT,,a2ef6dd1-8886-48c9-8025-c62bac973cc7,40.1755,-114.8556,,,2024,0,,,8/5/08,5,8,2008,4263608,2437441,PRESERVED_SPECIMEN,DMNS,Mammalogy,DMNS:Mamm:11688,JRD743,John R. Demboski,2008-08-05T00:00:00,CC_BY_NC_4_0,,"Collector(s): John R. Demboski, Kayce C. Bell; Preparator(s): Kayce C. Bell",,,2026-02-25T23:02:13.431Z,StillImage,CONTINENT_DERIVED_FROM_COORDINATES;TYPE_STATUS_INVALID;INSTITUTION_MATCH_FUZZY;INSTITUTION_COLLECTION_MISMATCH
5196086593,5f3463d2-51b6-4a8a-b252-9bab4388934e,https://arctos.database.museum/guid/DMNS:Mamm:11689,Animalia,Chordata,Mammalia,Rodentia,Sciuridae,Tamias,Tamias umbrinus,inyoensis,SUBSPECIES,"Tamias umbrinus inyoensis (Merriam, 1897)",Tamias umbrinus inyoensis,,US,"Cherry Creek Mountains, Lear Ranch, McDermid Creek, Corral Canyon",Nevada,PRESENT,,a2ef6dd1-8886-48c9-8025-c62bac973cc7,40.1755,-114.8556,,,2024,0,,,8/5/08,5,8,2008,4263608,2437441,PRESERVED_SPECIMEN,DMNS,Mammalogy,DMNS:Mamm:11689,JRD744,John R. Demboski,2008-08-05T00:00:00,CC_BY_NC_4_0,,"Collector(s): John R. Demboski, Kayce C. Bell; Preparator(s): Kayce C. Bell, Lindsey E. Mann",,,2026-02-25T23:02:13.427Z,StillImage,CONTINENT_DERIVED_FROM_COORDINATES;TYPE_STATUS_INVALID;INSTITUTION_MATCH_FUZZY;INSTITUTION_COLLECTION_MISMATCH
5196086589,5f3463d2-51b6-4a8a-b252-9bab4388934e,https://arctos.database.museum/guid/DMNS:Mamm:11681,Animalia,Chordata,Mammalia,Rodentia,Sciuridae,Tamias,Tamias umbrinus,inyoensis,SUBSPECIES,"Tamias umbrinus inyoensis (Merriam, 1897)",Tamias umbrinus inyoensis,,US,"Toquima Range, Northumberland Canyon, 3 miles S of Northumberland Pass (FR369)",Nevada,PRESENT,,a2ef6dd1-8886-48c9-8025-c62bac973cc7,38.9219,-116.8647,20,,2367,0,,,8/3/08,3,8,2008,4263608,2437441,PRESERVED_SPECIMEN,DMNS,Mammalogy,DMNS:Mamm:11681,JRD729,John R. Demboski,2008-08-03T00:00:00,CC_BY_NC_4_0,,"Collector(s): John R. Demboski, Kayce C. Bell; Preparator(s): Kayce C. Bell",,,2026-02-25T23:02:13.435Z,StillImage,CONTINENT_DERIVED_FROM_COORDINATES;TYPE_STATUS_INVALID;INSTITUTION_MATCH_FUZZY;INSTITUTION_COLLECTION_MISMATCH
5196086581,5f3463d2-51b6-4a8a-b252-9bab4388934e,https://arctos.database.museum/guid/DMNS:Mamm:11685,Animalia,Chordata,Mammalia,Rodentia,Sciuridae,Tamias,Tamias umbrinus,inyoensis,SUBSPECIES,"Tamias umbrinus inyoensis (Merriam, 1897)",Tamias umbrinus inyoensis,,US,"Cherry Creek Mountains, Lear Ranch, McDermid Creek, Corral Canyon",Nevada,PRESENT,,a2ef6dd1-8886-48c9-8025-c62bac973cc7,40.1755,-114.8556,,,2024,0,,,8/5/08,5,8,2008,4263608,2437441,PRESERVED_SPECIMEN,DMNS,Mammalogy,DMNS:Mamm:11685,JRD740,John R. Demboski,2008-08-05T00:00:00,CC_BY_NC_4_0,,"Collector(s): John R. Demboski, Kayce C. Bell; Preparator(s): Lindsey E. Mann",,,2026-02-25T23:02:13.426Z,StillImage,CONTINENT_DERIVED_FROM_COORDINATES;TYPE_STATUS_INVALID;INSTITUTION_MATCH_FUZZY;INSTITUTION_COLLECTION_MISMATCH
5196086579,5f3463d2-51b6-4a8a-b252-9bab4388934e,https://arctos.database.museum/guid/DMNS:Mamm:11686,Animalia,Chordata,Mammalia,Rodentia,Sciuridae,Tamias,Tamias umbrinus,inyoensis,SUBSPECIES,"Tamias umbrinus inyoensis (Merriam, 1897)",Tamias umbrinus inyoensis,,US,"Cherry Creek Mountains, Lear Ranch, McDermid Creek, Corral Canyon",Nevada,PRESENT,,a2ef6dd1-8886-48c9-8025-c62bac973cc7,40.1755,-114.8556,,,2024,0,,,8/5/08,5,8,2008,4263608,2437441,PRESERVED_SPECIMEN,DMNS,Mammalogy,DMNS:Mamm:11686,JRD741,John R. Demboski,2008-08-05T00:00:00,CC_BY_NC_4_0,,"Collector(s): John R. Demboski, Kayce C. Bell; Preparator(s): Lindsey E. Mann, Kayce C. Bell",,,2026-02-25T23:02:13.424Z,StillImage,CONTINENT_DERIVED_FROM_COORDINATES;TYPE_STATUS_INVALID;INSTITUTION_MATCH_FUZZY;INSTITUTION_COLLECTION_MISMATCH
5196082299,5f3463d2-51b6-4a8a-b252-9bab4388934e,https://arctos.database.museum/guid/DMNS:Mamm:11668,Animalia,Chordata,Mammalia,Rodentia,Sciuridae,Tamias,Tamias umbrinus,inyoensis,SUBSPECIES,"Tamias umbrinus inyoensis (Merriam, 1897)",Tamias umbrinus inyoensis,,US,"Ruby Mountains, Overland Pass",Nevada,PRESENT,,a2ef6dd1-8886-48c9-8025-c62bac973cc7,40.0254,-115.549,300,,2000,0,,,8/4/08,4,8,2008,4263608,2437441,PRESERVED_SPECIMEN,DMNS,Mammalogy,DMNS:Mamm:11668,JRD732,John R. Demboski,2008-08-04T00:00:00,CC_BY_NC_4_0,,"Collector(s): John R. Demboski, Kayce C. Bell",,,2026-02-25T23:02:13.320Z,StillImage,CONTINENT_DERIVED_FROM_COORDINATES;TYPE_STATUS_INVALID;INSTITUTION_MATCH_FUZZY;INSTITUTION_COLLECTION_MISMATCH
5196082294,5f3463d2-51b6-4a8a-b252-9bab4388934e,https://arctos.database.museum/guid/DMNS:Mamm:11669,Animalia,Chordata,Mammalia,Rodentia,Sciuridae,Tamias,Tamias umbrinus,inyoensis,SUBSPECIES,"Tamias umbrinus inyoensis (Merriam, 1897)",Tamias umbrinus inyoensis,,US,"Ruby Mountains, Overland Pass",Nevada,PRESENT,,a2ef6dd1-8886-48c9-8025-c62bac973cc7,40.0254,-115.549,300,,2000,0,,,8/4/08,4,8,2008,4263608,2437441,PRESERVED_SPECIMEN,DMNS,Mammalogy,DMNS:Mamm:11669,JRD733,John R. Demboski,2008-08-04T00:00:00,CC_BY_NC_4_0,,"Collector(s): John R. Demboski, Kayce C. Bell; Preparator(s): Kayce C. Bell",,,2026-02-25T23:02:13.320Z,StillImage,CONTINENT_DERIVED_FROM_COORDINATES;TYPE_STATUS_INVALID;INSTITUTION_MATCH_FUZZY;INSTITUTION_COLLECTION_MISMATCH
5147458866,0daed095-478a-4af6-abf5-18acb790fbb2,https://arctos.database.museum/guid/MVZ:Mamm:229599,Animalia,Chordata,Mammalia,Rodentia,Sciuridae,Tamias,Tamias umbrinus,inyoensis,SUBSPECIES,"Tamias umbrinus inyoensis (Merriam, 1897)",Tamias umbrinus inyoensis,,US,"Lamoille Canyon, 1.4 k N, 0.4 km W Mt. Favre peak, Ruby Mts.",Nevada,PRESENT,,8edbbde0-055e-11d8-b850-b8a03c50a862,40.59728,-115.37918,100,,2808,0,,,7/10/13,10,7,2013,4263608,2437441,PRESERVED_SPECIMEN,MVZ,Mammalogy,MVZ:Mamm:229599,James L. Patton 26106,James L. Patton,2013-07-10T00:00:00,CC0_1_0,,Collector(s): James L. Patton,,,2026-02-26T00:32:48.188Z,,CONTINENT_DERIVED_FROM_COORDINATES;INSTITUTION_MATCH_FUZZY;INSTITUTION_COLLECTION_MISMATCH
5147455865,0daed095-478a-4af6-abf5-18acb790fbb2,https://arctos.database.museum/guid/MVZ:Mamm:229606,Animalia,Chordata,Mammalia,Rodentia,Sciuridae,Tamias,Tamias umbrinus,inyoensis,SUBSPECIES,"Tamias umbrinus inyoensis (Merriam, 1897)",Tamias umbrinus inyoensis,,US,"Lamoille Canyon, 1.4 k N, 0.4 km W Mt. Favre peak, Ruby Mts.",Nevada,PRESENT,,8edbbde0-055e-11d8-b850-b8a03c50a862,40.59728,-115.37918,100,,2808,0,,,7/11/13,11,7,2013,4263608,2437441,PRESERVED_SPECIMEN,MVZ,Mammalogy,MVZ:Mamm:229606,James L. Patton 26130,James L. Patton,2013-07-11T00:00:00,CC0_1_0,,Collector(s): James L. Patton,,,2026-02-26T00:32:53.587Z,,CONTINENT_DERIVED_FROM_COORDINATES;INSTITUTION_MATCH_FUZZY;INSTITUTION_COLLECTION_MISMATCH
5147348870,0daed095-478a-4af6-abf5-18acb790fbb2,https://arctos.database.museum/guid/MVZ:Mamm:229600,Animalia,Chordata,Mammalia,Rodentia,Sciuridae,Tamias,Tamias umbrinus,inyoensis,SUBSPECIES,"Tamias umbrinus inyoensis (Merriam, 1897)",Tamias umbrinus inyoensis,,US,"Lamoille Canyon, 1.4 k N, 0.4 km W Mt. Favre peak, Ruby Mts.",Nevada,PRESENT,,8edbbde0-055e-11d8-b850-b8a03c50a862,40.59728,-115.37918,100,,2808,0,,,7/10/13,10,7,2013,4263608,2437441,PRESERVED_SPECIMEN,MVZ,Mammalogy,MVZ:Mamm:229600,James L. Patton 26107,James L. Patton,2013-07-10T00:00:00,CC0_1_0,,Collector(s): James L. Patton,,,2026-02-26T00:32:54.241Z,,CONTINENT_DERIVED_FROM_COORDINATES;INSTITUTION_MATCH_FUZZY;INSTITUTION_COLLECTION_MISMATCH
5147234869,0daed095-478a-4af6-abf5-18acb790fbb2,https://arctos.database.museum/guid/MVZ:Mamm:229611,Animalia,Chordata,Mammalia,Rodentia,Sciuridae,Tamias,Tamias umbrinus,inyoensis,SUBSPECIES,"Tamias umbrinus inyoensis (Merriam, 1897)",Tamias umbrinus inyoensis,,US,"mouth of Thomas Canyon, Ruby Mts.",Nevada,PRESENT,,8edbbde0-055e-11d8-b850-b8a03c50a862,40.64835,-115.40357,100,,2316,0,,,7/11/13,11,7,2013,4263608,2437441,PRESERVED_SPECIMEN,MVZ,Mammalogy,MVZ:Mamm:229611,James L. Patton 26139,James L. Patton,2013-07-11T00:00:00,CC0_1_0,,Collector(s): James L. Patton,,,2026-02-26T00:32:56.141Z,,CONTINENT_DERIVED_FROM_COORDINATES;INSTITUTION_MATCH_FUZZY;INSTITUTION_COLLECTION_MISMATCH
5147234868,0daed095-478a-4af6-abf5-18acb790fbb2,https://arctos.database.museum/guid/MVZ:Mamm:229608,Animalia,Chordata,Mammalia,Rodentia,Sciuridae,Tamias,Tamias umbrinus,inyoensis,SUBSPECIES,"Tamias umbrinus inyoensis (Merriam, 1897)",Tamias umbrinus inyoensis,,US,"Lamoille Canyon, 1.4 k N, 0.4 km W Mt. Favre peak, Ruby Mts.",Nevada,PRESENT,,8edbbde0-055e-11d8-b850-b8a03c50a862,40.59728,-115.37918,100,,2808,0,,,7/13/13,13,7,2013,4263608,2437441,PRESERVED_SPECIMEN,MVZ,Mammalogy,MVZ:Mamm:229608,James L. Patton 26169,James L. Patton,2013-07-13T00:00:00,CC0_1_0,,Collector(s): James L. Patton,,,2026-02-26T00:32:54.452Z,,CONTINENT_DERIVED_FROM_COORDINATES;INSTITUTION_MATCH_FUZZY;INSTITUTION_COLLECTION_MISMATCH
5147230866,0daed095-478a-4af6-abf5-18acb790fbb2,https://arctos.database.museum/guid/MVZ:Mamm:229598,Animalia,Chordata,Mammalia,Rodentia,Sciuridae,Tamias,Tamias umbrinus,inyoensis,SUBSPECIES,"Tamias umbrinus inyoensis (Merriam, 1897)",Tamias umbrinus inyoensis,,US,"Lamoille Canyon, 1.4 k N, 0.4 km W Mt. Favre peak, Ruby Mts.",Nevada,PRESENT,,8edbbde0-055e-11d8-b850-b8a03c50a862,40.59728,-115.37918,100,,2808,0,,,7/10/13,10,7,2013,4263608,2437441,PRESERVED_SPECIMEN,MVZ,Mammalogy,MVZ:Mamm:229598,James L. Patton 26105,James L. Patton,2013-07-10T00:00:00,CC0_1_0,,Collector(s): James L. Patton,,,2026-02-26T00:32:48.153Z,,CONTINENT_DERIVED_FROM_COORDINATES;INSTITUTION_MATCH_FUZZY;INSTITUTION_COLLECTION_MISMATCH
5147225878,0daed095-478a-4af6-abf5-18acb790fbb2,https://arctos.database.museum/guid/MVZ:Mamm:229601,Animalia,Chordata,Mammalia,Rodentia,Sciuridae,Tamias,Tamias umbrinus,inyoensis,SUBSPECIES,"Tamias umbrinus inyoensis (Merriam, 1897)",Tamias umbrinus inyoensis,,US,"Lamoille Canyon, 1.4 k N, 0.4 km W Mt. Favre peak, Ruby Mts.",Nevada,PRESENT,,8edbbde0-055e-11d8-b850-b8a03c50a862,40.59728,-115.37918,100,,2808,0,,,7/10/13,10,7,2013,4263608,2437441,PRESERVED_SPECIMEN,MVZ,Mammalogy,MVZ:Mamm:229601,James L. Patton 26114,James L. Patton,2013-07-10T00:00:00,CC0_1_0,,Collector(s): James L. Patton,,,2026-02-26T00:32:54.243Z,,CONTINENT_DERIVED_FROM_COORDINATES;INSTITUTION_MATCH_FUZZY;INSTITUTION_COLLECTION_MISMATCH
5147113869,0daed095-478a-4af6-abf5-18acb790fbb2,https://arctos.database.museum/guid/MVZ:Mamm:229610,Animalia,Chordata,Mammalia,Rodentia,Sciuridae,Tamias,Tamias umbrinus,inyoensis,SUBSPECIES,"Tamias umbrinus inyoensis (Merriam, 1897)",Tamias umbrinus inyoensis,,US,"mouth of Thomas Canyon, Ruby Mts.",Nevada,PRESENT,,8edbbde0-055e-11d8-b850-b8a03c50a862,40.64835,-115.40357,100,,2316,0,,,7/11/13,11,7,2013,4263608,2437441,PRESERVED_SPECIMEN,MVZ,Mammalogy,MVZ:Mamm:229610,James L. Patton 26138,James L. Patton,2013-07-11T00:00:00,CC0_1_0,,Collector(s): James L. Patton,,,2026-02-26T00:32:56.919Z,,CONTINENT_DERIVED_FROM_COORDINATES;INSTITUTION_MATCH_FUZZY;INSTITUTION_COLLECTION_MISMATCH
5147113868,0daed095-478a-4af6-abf5-18acb790fbb2,https://arctos.database.museum/guid/MVZ:Mamm:229607,Animalia,Chordata,Mammalia,Rodentia,Sciuridae,Tamias,Tamias umbrinus,inyoensis,SUBSPECIES,"Tamias umbrinus inyoensis (Merriam, 1897)",Tamias umbrinus inyoensis,,US,"Lamoille Canyon, 1.4 k N, 0.4 km W Mt. Favre peak, Ruby Mts.",Nevada,PRESENT,,8edbbde0-055e-11d8-b850-b8a03c50a862,40.59728,-115.37918,100,,2808,0,,,7/11/13,11,7,2013,4263608,2437441,PRESERVED_SPECIMEN,MVZ,Mammalogy,MVZ:Mamm:229607,James L. Patton 26131,James L. Patton,2013-07-11T00:00:00,CC0_1_0,,Collector(s): James L. Patton,,,2026-02-26T00:32:54.297Z,,CONTINENT_DERIVED_FROM_COORDINATES;INSTITUTION_MATCH_FUZZY;INSTITUTION_COLLECTION_MISMATCH
5147112867,0daed095-478a-4af6-abf5-18acb790fbb2,https://arctos.database.museum/guid/MVZ:Mamm:229613,Animalia,Chordata,Mammalia,Rodentia,Sciuridae,Tamias,Tamias umbrinus,inyoensis,SUBSPECIES,"Tamias umbrinus inyoensis (Merriam, 1897)",Tamias umbrinus inyoensis,,US,"Carroll Summit, Desatoya Mts.",Nevada,PRESENT,,8edbbde0-055e-11d8-b850-b8a03c50a862,39.26762,-117.72606,50,,2286,0,,,7/7/13,7,7,2013,4263608,2437441,PRESERVED_SPECIMEN,MVZ,Mammalogy,MVZ:Mamm:229613,James L. Patton 26088,James L. Patton,2013-07-07T00:00:00,CC0_1_0,,Collector(s): James L. Patton,,,2026-02-26T00:32:56.027Z,,CONTINENT_DERIVED_FROM_COORDINATES;INSTITUTION_MATCH_FUZZY;INSTITUTION_COLLECTION_MISMATCH
5147110866,0daed095-478a-4af6-abf5-18acb790fbb2,https://arctos.database.museum/guid/MVZ:Mamm:229605,Animalia,Chordata,Mammalia,Rodentia,Sciuridae,Tamias,Tamias umbrinus,inyoensis,SUBSPECIES,"Tamias umbrinus inyoensis (Merriam, 1897)",Tamias umbrinus inyoensis,,US,"Lamoille Canyon, 1.4 k N, 0.4 km W Mt. Favre peak, Ruby Mts.",Nevada,PRESENT,,8edbbde0-055e-11d8-b850-b8a03c50a862,40.59728,-115.37918,100,,2808,0,,,7/10/13,10,7,2013,4263608,2437441,PRESERVED_SPECIMEN,MVZ,Mammalogy,MVZ:Mamm:229605,James L. Patton 26118,James L. Patton,2013-07-10T00:00:00,CC0_1_0,,Collector(s): James L. Patton,,,2026-02-26T00:32:53.313Z,,CONTINENT_DERIVED_FROM_COORDINATES;INSTITUTION_MATCH_FUZZY;INSTITUTION_COLLECTION_MISMATCH
5147107882,0daed095-478a-4af6-abf5-18acb790fbb2,https://arctos.database.museum/guid/MVZ:Mamm:229602,Animalia,Chordata,Mammalia,Rodentia,Sciuridae,Tamias,Tamias umbrinus,inyoensis,SUBSPECIES,"Tamias umbrinus inyoensis (Merriam, 1897)",Tamias umbrinus inyoensis,,US,"Lamoille Canyon, 1.4 k N, 0.4 km W Mt. Favre peak, Ruby Mts.",Nevada,PRESENT,,8edbbde0-055e-11d8-b850-b8a03c50a862,40.59728,-115.37918,100,,2808,0,,,7/10/13,10,7,2013,4263608,2437441,PRESERVED_SPECIMEN,MVZ,Mammalogy,MVZ:Mamm:229602,James L. Patton 26115,James L. Patton,2013-07-10T00:00:00,CC0_1_0,,Collector(s): James L. Patton,,,2026-02-26T00:32:53.900Z,,CONTINENT_DERIVED_FROM_COORDINATES;INSTITUTION_MATCH_FUZZY;INSTITUTION_COLLECTION_MISMATCH
5147104876,0daed095-478a-4af6-abf5-18acb790fbb2,https://arctos.database.museum/guid/MVZ:Mamm:229604,Animalia,Chordata,Mammalia,Rodentia,Sciuridae,Tamias,Tamias umbrinus,inyoensis,SUBSPECIES,"Tamias umbrinus inyoensis (Merriam, 1897)",Tamias umbrinus inyoensis,,US,"Lamoille Canyon, 1.4 k N, 0.4 km W Mt. Favre peak, Ruby Mts.",Nevada,PRESENT,,8edbbde0-055e-11d8-b850-b8a03c50a862,40.59728,-115.37918,100,,2808,0,,,7/10/13,10,7,2013,4263608,2437441,PRESERVED_SPECIMEN,MVZ,Mammalogy,MVZ:Mamm:229604,James L. Patton 26117,James L. Patton,2013-07-10T00:00:00,CC0_1_0,,Collector(s): James L. Patton,,,2026-02-26T00:32:54.055Z,,CONTINENT_DERIVED_FROM_COORDINATES;INSTITUTION_MATCH_FUZZY;INSTITUTION_COLLECTION_MISMATCH
5146991882,0daed095-478a-4af6-abf5-18acb790fbb2,https://arctos.database.museum/guid/MVZ:Mamm:229603,Animalia,Chordata,Mammalia,Rodentia,Sciuridae,Tamias,Tamias umbrinus,inyoensis,SUBSPECIES,"Tamias umbrinus inyoensis (Merriam, 1897)",Tamias umbrinus inyoensis,,US,"Lamoille Canyon, 1.4 k N, 0.4 km W Mt. Favre peak, Ruby Mts.",Nevada,PRESENT,,8edbbde0-055e-11d8-b850-b8a03c50a862,40.59728,-115.37918,100,,2808,0,,,7/10/13,10,7,2013,4263608,2437441,PRESERVED_SPECIMEN,MVZ,Mammalogy,MVZ:Mamm:229603,James L. Patton 26116,James L. Patton,2013-07-10T00:00:00,CC0_1_0,,Collector(s): James L. Patton,,,2026-02-26T00:32:53.757Z,,CONTINENT_DERIVED_FROM_COORDINATES;INSTITUTION_MATCH_FUZZY;INSTITUTION_COLLECTION_MISMATCH
5146989866,0daed095-478a-4af6-abf5-18acb790fbb2,https://arctos.database.museum/guid/MVZ:Mamm:229612,Animalia,Chordata,Mammalia,Rodentia,Sciuridae,Tamias,Tamias umbrinus,inyoensis,SUBSPECIES,"Tamias umbrinus inyoensis (Merriam, 1897)",Tamias umbrinus inyoensis,,US,"mouth of Thomas Canyon, Ruby Mts.",Nevada,PRESENT,,8edbbde0-055e-11d8-b850-b8a03c50a862,40.64835,-115.40357,100,,2316,0,,,7/12/13,12,7,2013,4263608,2437441,PRESERVED_SPECIMEN,MVZ,Mammalogy,MVZ:Mamm:229612,James L. Patton 26146,James L. Patton,2013-07-12T00:00:00,CC0_1_0,,Collector(s): James L. Patton,,,2026-02-26T00:32:56.122Z,,CONTINENT_DERIVED_FROM_COORDINATES;INSTITUTION_MATCH_FUZZY;INSTITUTION_COLLECTION_MISMATCH
5146989865,0daed095-478a-4af6-abf5-18acb790fbb2,https://arctos.database.museum/guid/MVZ:Mamm:229609,Animalia,Chordata,Mammalia,Rodentia,Sciuridae,Tamias,Tamias umbrinus,inyoensis,SUBSPECIES,"Tamias umbrinus inyoensis (Merriam, 1897)",Tamias umbrinus inyoensis,,US,"mouth of Thomas Canyon, Ruby Mts.",Nevada,PRESENT,,8edbbde0-055e-11d8-b850-b8a03c50a862,40.64835,-115.40357,100,,2316,0,,,7/11/13,11,7,2013,4263608,2437441,PRESERVED_SPECIMEN,MVZ,Mammalogy,MVZ:Mamm:229609,James L. Patton 26121,James L. Patton,2013-07-11T00:00:00,CC0_1_0,,Collector(s): James L. Patton,,,2026-02-26T00:32:55.020Z,,CONTINENT_DERIVED_FROM_COORDINATES;INSTITUTION_MATCH_FUZZY;INSTITUTION_COLLECTION_MISMATCH
5146988867,0daed095-478a-4af6-abf5-18acb790fbb2,https://arctos.database.museum/guid/MVZ:Mamm:229597,Animalia,Chordata,Mammalia,Rodentia,Sciuridae,Tamias,Tamias umbrinus,inyoensis,SUBSPECIES,"Tamias umbrinus inyoensis (Merriam, 1897)",Tamias umbrinus inyoensis,,US,"Lamoille Canyon, 1.4 k N, 0.4 km W Mt. Favre peak, Ruby Mts.",Nevada,PRESENT,,8edbbde0-055e-11d8-b850-b8a03c50a862,40.59728,-115.37918,100,,2808,0,,,7/10/13,10,7,2013,4263608,2437441,PRESERVED_SPECIMEN,MVZ,Mammalogy,MVZ:Mamm:229597,James L. Patton 26104,James L. Patton,2013-07-10T00:00:00,CC0_1_0,,Collector(s): James L. Patton,,,2026-02-26T00:32:47.563Z,,CONTINENT_DERIVED_FROM_COORDINATES;INSTITUTION_MATCH_FUZZY;INSTITUTION_COLLECTION_MISMATCH
5099683876,b15d4952-7d20-46f1-8a3e-556a512b04c5,https://arctos.database.museum/guid/MSB:Mamm:302978,Animalia,Chordata,Mammalia,Rodentia,Sciuridae,Tamias,Tamias umbrinus,,SPECIES,"Tamias umbrinus J.A.Allen, 1890",Tamias umbrinus,,US,"Cherry Creek Mountain, McDermid Creek, Corral Canyon",Nevada,PRESENT,,939ed180-aa7b-11db-8edf-b8a03c50a862,40.182438,-114.820635,3,,1943,0,,,6/3/17,3,6,2017,2437441,2437441,PRESERVED_SPECIMEN,MSB,Mammalogy,MSB:Mamm:302978,,Kayce C. Bell,2017-06-03T00:00:00,CC0_1_0,,"Collector(s): Kayce C. Bell, Keegan P. Hottinger; Preparator(s): Kayce C. Bell, Keegan P. Hottinger",,,2026-02-26T00:27:52.256Z,,COORDINATE_ROUNDED;CONTINENT_DERIVED_FROM_COORDINATES;INSTITUTION_MATCH_FUZZY;INSTITUTION_COLLECTION_MISMATCH
5099679849,b15d4952-7d20-46f1-8a3e-556a512b04c5,https://arctos.database.museum/guid/MSB:Mamm:302977,Animalia,Chordata,Mammalia,Rodentia,Sciuridae,Tamias,Tamias umbrinus,,SPECIES,"Tamias umbrinus J.A.Allen, 1890",Tamias umbrinus,,US,"Cherry Creek Mountain, McDermid Creek, Corral Canyon",Nevada,PRESENT,,939ed180-aa7b-11db-8edf-b8a03c50a862,40.174999,-114.855074,3,,2017,0,,,6/3/17,3,6,2017,2437441,2437441,PRESERVED_SPECIMEN,MSB,Mammalogy,MSB:Mamm:302977,,Kayce C. Bell,2017-06-03T00:00:00,CC0_1_0,,"Collector(s): Kayce C. Bell, Keegan P. Hottinger; Preparator(s): Kayce C. Bell, Keegan P. Hottinger",,,2026-02-26T00:27:49.224Z,,COORDINATE_ROUNDED;CONTINENT_DERIVED_FROM_COORDINATES;INSTITUTION_MATCH_FUZZY;INSTITUTION_COLLECTION_MISMATCH
5099671790,b15d4952-7d20-46f1-8a3e-556a512b04c5,https://arctos.database.museum/guid/MSB:Mamm:287617,Animalia,Chordata,Mammalia,Rodentia,Sciuridae,Tamias,Tamias umbrinus,,SPECIES,"Tamias umbrinus J.A.Allen, 1890",Tamias umbrinus,,US,"Cottonwood Creek, Monitor Range",Nevada,PRESENT,,939ed180-aa7b-11db-8edf-b8a03c50a862,38.744988,-117.705664,210,,2408,0,,,7/9/00,9,7,2000,2437441,2437441,PRESERVED_SPECIMEN,MSB,Mammalogy,MSB:Mamm:287617,,New Mexico Museum of Natural History and Science,2014-09-22T00:00:00,CC0_1_0,,Collector(s): David J. Hafner; Preparator(s): David J. Hafner,,,2026-02-26T00:27:54.111Z,,CONTINENT_DERIVED_FROM_COORDINATES;INSTITUTION_MATCH_FUZZY;INSTITUTION_COLLECTION_MISMATCH
5099668822,b15d4952-7d20-46f1-8a3e-556a512b04c5,https://arctos.database.museum/guid/MSB:Mamm:287615,Animalia,Chordata,Mammalia,Rodentia,Sciuridae,Tamias,Tamias umbrinus,,SPECIES,"Tamias umbrinus J.A.Allen, 1890",Tamias umbrinus,,US,"Mt. Irish, 9 mi. WNW Hiko",Nevada,PRESENT,,939ed180-aa7b-11db-8edf-b8a03c50a862,37.646746,-115.376356,5700,,2195,0,,,7/15/02,15,7,2002,2437441,2437441,PRESERVED_SPECIMEN,MSB,Mammalogy,MSB:Mamm:287615,,New Mexico Museum of Natural History and Science,2014-09-22T00:00:00,CC0_1_0,,"Collector(s): John T. Klicka, Garth M. Spellman; Preparator(s): Stacy J. Mantooth",,,2026-02-26T00:27:53.835Z,,CONTINENT_DERIVED_FROM_COORDINATES;INSTITUTION_MATCH_FUZZY;INSTITUTION_COLLECTION_MISMATCH
5099668819,b15d4952-7d20-46f1-8a3e-556a512b04c5,https://arctos.database.museum/guid/MSB:Mamm:287601,Animalia,Chordata,Mammalia,Rodentia,Sciuridae,Tamias,Tamias umbrinus,,SPECIES,"Tamias umbrinus J.A.Allen, 1890",Tamias umbrinus,,US,"East Humboldt Range, Angel Lake",Nevada,PRESENT,,939ed180-aa7b-11db-8edf-b8a03c50a862,41.026438,-115.087029,873,,2591,0,,,6/21/01,21,6,2001,2437441,2437441,PRESERVED_SPECIMEN,MSB,Mammalogy,MSB:Mamm:287601,,New Mexico Museum of Natural History and Science,2014-09-22T00:00:00,CC0_1_0,,Collector(s): Brett R. Riddle; Preparator(s): Brett R. Riddle,,,2026-02-26T00:27:58.283Z,,CONTINENT_DERIVED_FROM_COORDINATES;INSTITUTION_MATCH_FUZZY;INSTITUTION_COLLECTION_MISMATCH
5099667841,b15d4952-7d20-46f1-8a3e-556a512b04c5,https://arctos.database.museum/guid/MSB:Mamm:287620,Animalia,Chordata,Mammalia,Rodentia,Sciuridae,Tamias,Tamias umbrinus,,SPECIES,"Tamias umbrinus J.A.Allen, 1890",Tamias umbrinus,,US,"2 mi. N Wildcat Peak, Toquima Range",Nevada,PRESENT,,939ed180-aa7b-11db-8edf-b8a03c50a862,39.043922,-116.832859,4900,,2835,0,,,7/7/00,7,7,2000,2437441,2437441,PRESERVED_SPECIMEN,MSB,Mammalogy,MSB:Mamm:287620,,New Mexico Museum of Natural History and Science,2014-09-22T00:00:00,CC0_1_0,,Collector(s): Brett R. Riddle; Preparator(s): Brett R. Riddle,,,2026-02-26T00:27:37.432Z,,CONTINENT_DERIVED_FROM_COORDINATES;INSTITUTION_MATCH_FUZZY;INSTITUTION_COLLECTION_MISMATCH
5099667840,b15d4952-7d20-46f1-8a3e-556a512b04c5,https://arctos.database.museum/guid/MSB:Mamm:287616,Animalia,Chordata,Mammalia,Rodentia,Sciuridae,Tamias,Tamias umbrinus,,SPECIES,"Tamias umbrinus J.A.Allen, 1890",Tamias umbrinus,,US,"Cottonwood Creek, Monitor Range",Nevada,PRESENT,,939ed180-aa7b-11db-8edf-b8a03c50a862,38.744988,-117.705664,210,,2408,0,,,7/8/00,8,7,2000,2437441,2437441,PRESERVED_SPECIMEN,MSB,Mammalogy,MSB:Mamm:287616,,New Mexico Museum of Natural History and Science,2014-09-22T00:00:00,CC0_1_0,,Collector(s): David J. Hafner; Preparator(s): David J. Hafner,,,2026-02-26T00:27:53.927Z,,CONTINENT_DERIVED_FROM_COORDINATES;INSTITUTION_MATCH_FUZZY;INSTITUTION_COLLECTION_MISMATCH
5099667836,b15d4952-7d20-46f1-8a3e-556a512b04c5,https://arctos.database.museum/guid/MSB:Mamm:287599,Animalia,Chordata,Mammalia,Rodentia,Sciuridae,Tamias,Tamias umbrinus,,SPECIES,"Tamias umbrinus J.A.Allen, 1890",Tamias umbrinus,,US,Lampille Canyon,Nevada,PRESENT,,939ed180-aa7b-11db-8edf-b8a03c50a862,40.691594,-115.474225,1500,,2626,0,,,9/3/00,3,9,2000,2437441,2437441,PRESERVED_SPECIMEN,MSB,Mammalogy,MSB:Mamm:287599,,New Mexico Museum of Natural History and Science,2014-09-22T00:00:00,CC0_1_0,,Collector(s): Lois F. Alexander; Preparator(s): Lois F. Alexander,,,2026-02-26T00:27:48.755Z,,CONTINENT_DERIVED_FROM_COORDINATES;INSTITUTION_MATCH_FUZZY;INSTITUTION_COLLECTION_MISMATCH
5099664792,b15d4952-7d20-46f1-8a3e-556a512b04c5,https://arctos.database.museum/guid/MSB:Mamm:287619,Animalia,Chordata,Mammalia,Rodentia,Sciuridae,Tamias,Tamias umbrinus,,SPECIES,"Tamias umbrinus J.A.Allen, 1890",Tamias umbrinus,,US,"Cottonwood Creek, Monitor Range",Nevada,PRESENT,,939ed180-aa7b-11db-8edf-b8a03c50a862,38.744988,-117.705664,210,,2408,0,,,7/9/00,9,7,2000,2437441,2437441,PRESERVED_SPECIMEN,MSB,Mammalogy,MSB:Mamm:287619,,New Mexico Museum of Natural History and Science,2014-09-22T00:00:00,CC0_1_0,,Collector(s): David J. Hafner; Preparator(s): David J. Hafner,,,2026-02-26T00:27:54.519Z,,CONTINENT_DERIVED_FROM_COORDINATES;INSTITUTION_MATCH_FUZZY;INSTITUTION_COLLECTION_MISMATCH
5099664789,b15d4952-7d20-46f1-8a3e-556a512b04c5,https://arctos.database.museum/guid/MSB:Mamm:287600,Animalia,Chordata,Mammalia,Rodentia,Sciuridae,Tamias,Tamias umbrinus,,SPECIES,"Tamias umbrinus J.A.Allen, 1890",Tamias umbrinus,,US,"East Humboldt Range, Angel Lake",Nevada,PRESENT,,939ed180-aa7b-11db-8edf-b8a03c50a862,41.026438,-115.087029,873,,2591,0,,,6/21/01,21,6,2001,2437441,2437441,PRESERVED_SPECIMEN,MSB,Mammalogy,MSB:Mamm:287600,,New Mexico Museum of Natural History and Science,2014-09-22T00:00:00,CC0_1_0,,Collector(s): Brett R. Riddle; Preparator(s): Brett R. Riddle,,,2026-02-26T00:27:56.128Z,,CONTINENT_DERIVED_FROM_COORDINATES;INSTITUTION_MATCH_FUZZY;INSTITUTION_COLLECTION_MISMATCH
5099661808,b15d4952-7d20-46f1-8a3e-556a512b04c5,https://arctos.database.museum/guid/MSB:Mamm:287618,Animalia,Chordata,Mammalia,Rodentia,Sciuridae,Tamias,Tamias umbrinus,,SPECIES,"Tamias umbrinus J.A.Allen, 1890",Tamias umbrinus,,US,"Cottonwood Creek, Monitor Range",Nevada,PRESENT,,939ed180-aa7b-11db-8edf-b8a03c50a862,38.744988,-117.705664,210,,2408,0,,,7/9/00,9,7,2000,2437441,2437441,PRESERVED_SPECIMEN,MSB,Mammalogy,MSB:Mamm:287618,,New Mexico Museum of Natural History and Science,2014-09-22T00:00:00,CC0_1_0,,Collector(s): David J. Hafner; Preparator(s): David J. Hafner,,,2026-02-26T00:27:54.660Z,,CONTINENT_DERIVED_FROM_COORDINATES;INSTITUTION_MATCH_FUZZY;INSTITUTION_COLLECTION_MISMATCH
5099608850,b15d4952-7d20-46f1-8a3e-556a512b04c5,https://arctos.database.museum/guid/MSB:Mamm:227184,Animalia,Chordata,Mammalia,Rodentia,Sciuridae,Tamias,Tamias umbrinus,,SPECIES,"Tamias umbrinus J.A.Allen, 1890",Tamias umbrinus,,US,"Humboldt-Toiyabe National Forest, Schell Creek Range, Steptoe Creek, 1.5km S Success Summit",Nevada,PRESENT,,939ed180-aa7b-11db-8edf-b8a03c50a862,39.2375,-114.6892,1000,,2510,0,,,7/18/10,18,7,2010,2437441,2437441,PRESERVED_SPECIMEN,MSB,Mammalogy,MSB:Mamm:227184,,Kayce C. Bell,2014-04-11T00:00:00,CC0_1_0,,"Collector(s): Jason L. Malaney, Randle D. McCain, Sophia S. Thompson",,,2026-02-26T00:27:48.234Z,,CONTINENT_DERIVED_FROM_COORDINATES;INSTITUTION_MATCH_FUZZY;INSTITUTION_COLLECTION_MISMATCH
5099606904,b15d4952-7d20-46f1-8a3e-556a512b04c5,https://arctos.database.museum/guid/MSB:Mamm:227374,Animalia,Chordata,Mammalia,Rodentia,Sciuridae,Tamias,Tamias umbrinus,,SPECIES,"Tamias umbrinus J.A.Allen, 1890",Tamias umbrinus,,US,"Humbldt-Toiyabe National Forest, Schell Creek Range, Steptoe Creek, 1.5km S Success Summit",Nevada,PRESENT,,939ed180-aa7b-11db-8edf-b8a03c50a862,39.2375,-114.6892,1000,,2510,0,,,7/18/10,18,7,2010,2437441,2437441,PRESERVED_SPECIMEN,MSB,Mammalogy,MSB:Mamm:227374,,Kayce C. Bell,2014-04-11T00:00:00,CC0_1_0,,"Collector(s): Jason L. Malaney, Randle D. McCain, Sophia S. Thompson",,,2026-02-26T00:27:55.589Z,,CONTINENT_DERIVED_FROM_COORDINATES;INSTITUTION_MATCH_FUZZY;INSTITUTION_COLLECTION_MISMATCH
5099605840,b15d4952-7d20-46f1-8a3e-556a512b04c5,https://arctos.database.museum/guid/MSB:Mamm:227219,Animalia,Chordata,Mammalia,Rodentia,Sciuridae,Tamias,Tamias umbrinus,,SPECIES,"Tamias umbrinus J.A.Allen, 1890",Tamias umbrinus,,US,"Humboldt-Toiyabe National Forest, Schell Creek Range, Steptoe Creek, 1.5km S Success Summit",Nevada,PRESENT,,939ed180-aa7b-11db-8edf-b8a03c50a862,39.2375,-114.6892,1000,,2510,0,,,7/18/10,18,7,2010,2437441,2437441,PRESERVED_SPECIMEN,MSB,Mammalogy,MSB:Mamm:227219,,Kayce C. Bell,2014-04-11T00:00:00,CC0_1_0,,"Collector(s): Jason L. Malaney, Randle D. McCain, Sophia S. Thompson",,,2026-02-26T00:27:35.450Z,,CONTINENT_DERIVED_FROM_COORDINATES;INSTITUTION_MATCH_FUZZY;INSTITUTION_COLLECTION_MISMATCH
5099605399,b15d4952-7d20-46f1-8a3e-556a512b04c5,https://arctos.database.museum/guid/MSB:Mamm:225009,Animalia,Chordata,Mammalia,Rodentia,Sciuridae,Tamias,Tamias umbrinus,,SPECIES,"Tamias umbrinus J.A.Allen, 1890",Tamias umbrinus,,US,Humboldt-Toiyabe National Forest: Copper Mts. 2km N 2km E Bear Creek Summit,Nevada,PRESENT,,939ed180-aa7b-11db-8edf-b8a03c50a862,41.8355,-115.4335,1000,,2458,0,,,7/8/10,8,7,2010,2437441,2437441,PRESERVED_SPECIMEN,MSB,Mammalogy,MSB:Mamm:225009,,Kayce C. Bell,2014-04-11T00:00:00,CC0_1_0,,"Collector(s): Jason L. Malaney, Randle D. McCain, Sophia S. Thompson",,,2026-02-26T00:27:48.185Z,,CONTINENT_DERIVED_FROM_COORDINATES;INSTITUTION_MATCH_FUZZY;INSTITUTION_COLLECTION_MISMATCH
48098132,84e6e5f8-f762-11e1-a439-00145eb45e9a,fd5c7df4-100b-11e3-9860-4cd443d04e13,Animalia,Chordata,Mammalia,Rodentia,Sciuridae,Tamias,Tamias umbrinus,,SPECIES,"Tamias umbrinus J.A.Allen, 1890",Tamias umbrinus,,US,"2 MI N, 8 MI W HAYSTACK RANCH, STUMP CREEK, 7820'",Nevada,PRESENT,,976af1e0-ca25-11da-bfed-b8a03c50a862,41.367722,-115.947983,,,,,,,9/12/81,12,9,1981,2437441,2437441,PRESERVED_SPECIMEN,FHSM,FHSM-M,20622,,,,CC0_1_0,,"PORTS, M A",,native,2026-03-03T22:19:24.764Z,,COORDINATE_ROUNDED
3451767427,06a00852-f764-4fb8-80d4-ca51f0918459,https://arctos.database.museum/guid/UMNH:Mamm:44763,Animalia,Chordata,Mammalia,Rodentia,Sciuridae,Tamias,Tamias umbrinus,,SPECIES,"Tamias umbrinus J.A.Allen, 1890",Tamias umbrinus,,US,"Desatoya Mtns, Milkhouse Creek Canyon",Nevada,PRESENT,,2d6267a0-0561-11d8-b851-b8a03c50a862,39.350433,-117.704011,,,2203,0,,,6/23/21,23,6,2021,2437441,2437441,PRESERVED_SPECIMEN,UMNH,Mammalogy,UMNH:Mamm:44763,KMD 259,Katrina M. Derieg,2021-10-15T00:00:00,CC0_1_0,,"Collector(s): Alexandra Cecilia Coconis, Lois F. Alexander; Preparator(s): Katrina M. Derieg",,,2026-02-26T00:00:51.644Z,,COORDINATE_ROUNDED;CONTINENT_DERIVED_FROM_COORDINATES;INSTITUTION_MATCH_FUZZY;INSTITUTION_COLLECTION_MISMATCH
3451767355,06a00852-f764-4fb8-80d4-ca51f0918459,https://arctos.database.museum/guid/UMNH:Mamm:44765,Animalia,Chordata,Mammalia,Rodentia,Sciuridae,Tamias,Tamias umbrinus,,SPECIES,"Tamias umbrinus J.A.Allen, 1890",Tamias umbrinus,,US,"Desatoya Mtns, Milkhouse Creek Canyon",Nevada,PRESENT,,2d6267a0-0561-11d8-b851-b8a03c50a862,39.350421,-117.704032,,,2206,0,,,6/23/21,23,6,2021,2437441,2437441,PRESERVED_SPECIMEN,UMNH,Mammalogy,UMNH:Mamm:44765,KMD 260,Katrina M. Derieg,2021-10-15T00:00:00,CC0_1_0,,"Collector(s): Alexandra Cecilia Coconis, Lois F. Alexander; Preparator(s): Katrina M. Derieg",,,2026-02-26T00:00:51.578Z,,COORDINATE_ROUNDED;CONTINENT_DERIVED_FROM_COORDINATES;INSTITUTION_MATCH_FUZZY;INSTITUTION_COLLECTION_MISMATCH
3356359591,1da75725-1eb5-4e17-b586-ffad7b783987,https://arctos.database.museum/guid/BYU:Mamm:36184,Animalia,Chordata,Mammalia,Rodentia,Sciuridae,Tamias,Tamias umbrinus,,SPECIES,"Neotamias umbrinus (J.A.Allen, 1890)",Neotamias umbrinus,,US,"1.70 km N, 0.25 km W summit Farve Peak, 40.60043 N, 115.37778 W, 2728 m, Lamoille Canyon",Nevada,PRESENT,,fd70f580-4ce2-11db-b80e-b8a03c50a862,40.60043,-115.37778,150,,2728,0,,,7/9/13,9,7,2013,4972376,2437441,PRESERVED_SPECIMEN,BYU,Mammalogy,BYU:Mamm:36184,,Duke S. Rogers,2013-07-09T00:00:00,CC0_1_0,,Collector(s): Duke S. Rogers; Preparator(s): Duke S. Rogers,,,2026-02-25T22:52:19.128Z,,CONTINENT_DERIVED_FROM_COORDINATES;INSTITUTION_MATCH_FUZZY
3356358849,1da75725-1eb5-4e17-b586-ffad7b783987,https://arctos.database.museum/guid/BYU:Mamm:36187,Animalia,Chordata,Mammalia,Rodentia,Sciuridae,Tamias,Tamias umbrinus,,SPECIES,"Neotamias umbrinus (J.A.Allen, 1890)",Neotamias umbrinus,,US,"1.70 km N, 0.25 km W summit Farve Peak, 40.60043 N, 115.37778 W, 2728 m, Lamoille Canyon",Nevada,PRESENT,,fd70f580-4ce2-11db-b80e-b8a03c50a862,40.60043,-115.37778,150,,2728,0,,,7/10/13,10,7,2013,4972376,2437441,PRESERVED_SPECIMEN,BYU,Mammalogy,BYU:Mamm:36187,,Duke S. Rogers,2013-07-10T00:00:00,CC0_1_0,,Collector(s): Duke S. Rogers; Preparator(s): Duke S. Rogers,,,2026-02-25T22:52:19.127Z,,CONTINENT_DERIVED_FROM_COORDINATES;INSTITUTION_MATCH_FUZZY
3356353078,1da75725-1eb5-4e17-b586-ffad7b783987,https://arctos.database.museum/guid/BYU:Mamm:36190,Animalia,Chordata,Mammalia,Rodentia,Sciuridae,Tamias,Tamias umbrinus,,SPECIES,"Neotamias umbrinus (J.A.Allen, 1890)",Neotamias umbrinus,,US,"1.70 km N, 0.25 km W summit Farve Peak, 40.60043 N, 115.37778 W, 2728 m, Lamoille Canyon",Nevada,PRESENT,,fd70f580-4ce2-11db-b80e-b8a03c50a862,40.60043,-115.37778,150,,2728,0,,,7/12/13,12,7,2013,4972376,2437441,PRESERVED_SPECIMEN,BYU,Mammalogy,BYU:Mamm:36190,,Duke S. Rogers,2013-07-12T00:00:00,CC0_1_0,,Collector(s): Duke S. Rogers; Preparator(s): Duke S. Rogers,,,2026-02-25T22:52:19.125Z,,CONTINENT_DERIVED_FROM_COORDINATES;INSTITUTION_MATCH_FUZZY
3356348770,1da75725-1eb5-4e17-b586-ffad7b783987,https://arctos.database.museum/guid/BYU:Mamm:36183,Animalia,Chordata,Mammalia,Rodentia,Sciuridae,Tamias,Tamias umbrinus,,SPECIES,"Neotamias umbrinus (J.A.Allen, 1890)",Neotamias umbrinus,,US,"1.70 km N, 0.25 km W summit Farve Peak, 40.60043 N, 115.37778 W, 2728 m, Lamoille Canyon",Nevada,PRESENT,,fd70f580-4ce2-11db-b80e-b8a03c50a862,40.60043,-115.37778,150,,2728,0,,,7/9/13,9,7,2013,4972376,2437441,PRESERVED_SPECIMEN,BYU,Mammalogy,BYU:Mamm:36183,,Duke S. Rogers,2013-07-09T00:00:00,CC0_1_0,,Collector(s): Duke S. Rogers; Preparator(s): Duke S. Rogers,,,2026-02-25T22:52:19.127Z,,CONTINENT_DERIVED_FROM_COORDINATES;INSTITUTION_MATCH_FUZZY
3356344905,1da75725-1eb5-4e17-b586-ffad7b783987,https://arctos.database.museum/guid/BYU:Mamm:36182,Animalia,Chordata,Mammalia,Rodentia,Sciuridae,Tamias,Tamias umbrinus,,SPECIES,"Neotamias umbrinus (J.A.Allen, 1890)",Neotamias umbrinus,,US,"1.70 km N, 0.25 km W summit Farve Peak, 40.60043 N, 115.37778 W, 2728 m, Lamoille Canyon",Nevada,PRESENT,,fd70f580-4ce2-11db-b80e-b8a03c50a862,40.60043,-115.37778,150,,2728,0,,,7/9/13,9,7,2013,4972376,2437441,PRESERVED_SPECIMEN,BYU,Mammalogy,BYU:Mamm:36182,,Duke S. Rogers,2013-07-09T00:00:00,CC0_1_0,,Collector(s): Duke S. Rogers; Preparator(s): Duke S. Rogers,,,2026-02-25T22:52:19.127Z,,CONTINENT_DERIVED_FROM_COORDINATES;INSTITUTION_MATCH_FUZZY
3356334248,1da75725-1eb5-4e17-b586-ffad7b783987,https://arctos.database.museum/guid/BYU:Mamm:34280,Animalia,Chordata,Mammalia,Rodentia,Sciuridae,Tamias,Tamias umbrinus,,SPECIES,"Neotamias umbrinus (J.A.Allen, 1890)",Neotamias umbrinus,,US,"Pine Creek Canyon, 38.79616 N, 116.85276 W, 2358 m, Toquima Range",Nevada,PRESENT,,fd70f580-4ce2-11db-b80e-b8a03c50a862,38.79616,-116.85276,100,,2358,0,,,4/23/12,23,4,2012,4972376,2437441,PRESERVED_SPECIMEN,BYU,Mammalogy,BYU:Mamm:34280,,Duke S. Rogers,2012-04-23T00:00:00,CC0_1_0,,Collector(s): Duke S. Rogers; Preparator(s): Duke S. Rogers,,,2026-02-25T22:52:21.343Z,,CONTINENT_DERIVED_FROM_COORDINATES;INSTITUTION_MATCH_FUZZY
3356331274,1da75725-1eb5-4e17-b586-ffad7b783987,https://arctos.database.museum/guid/BYU:Mamm:36185,Animalia,Chordata,Mammalia,Rodentia,Sciuridae,Tamias,Tamias umbrinus,,SPECIES,"Neotamias umbrinus (J.A.Allen, 1890)",Neotamias umbrinus,,US,"1.70 km N, 0.25 km W summit Farve Peak, 40.60043 N, 115.37778 W, 2728 m, Lamoille Canyon",Nevada,PRESENT,,fd70f580-4ce2-11db-b80e-b8a03c50a862,40.60043,-115.37778,150,,2728,0,,,7/10/13,10,7,2013,4972376,2437441,PRESERVED_SPECIMEN,BYU,Mammalogy,BYU:Mamm:36185,,Duke S. Rogers,2013-07-10T00:00:00,CC0_1_0,,Collector(s): Duke S. Rogers; Preparator(s): Duke S. Rogers,,,2026-02-25T22:52:19.126Z,,CONTINENT_DERIVED_FROM_COORDINATES;INSTITUTION_MATCH_FUZZY
3356330085,1da75725-1eb5-4e17-b586-ffad7b783987,https://arctos.database.museum/guid/BYU:Mamm:38108,Animalia,Chordata,Mammalia,Rodentia,Sciuridae,Tamias,Tamias umbrinus,,SPECIES,"Neotamias umbrinus (J.A.Allen, 1890)",Neotamias umbrinus,,US,"1.1 km E, 3.1 km N Wheeler Peak, 39 0' 38.5"" N, 114 18' 04.1"" W, 3000 m",Nevada,PRESENT,,fd70f580-4ce2-11db-b80e-b8a03c50a862,39.010694,-114.301139,25,,3000,0,,,8/23/15,23,8,2015,4972376,2437441,PRESERVED_SPECIMEN,BYU,Mammalogy,BYU:Mamm:38108,,Duke S. Rogers,2015-08-23T00:00:00,CC0_1_0,,Collector(s): Duke S. Rogers; Preparator(s): Duke S. Rogers,,,2026-02-25T22:52:29.516Z,,CONTINENT_DERIVED_FROM_COORDINATES;INSTITUTION_MATCH_FUZZY
3356328821,1da75725-1eb5-4e17-b586-ffad7b783987,https://arctos.database.museum/guid/BYU:Mamm:38105,Animalia,Chordata,Mammalia,Rodentia,Sciuridae,Tamias,Tamias umbrinus,,SPECIES,"Neotamias umbrinus (J.A.Allen, 1890)",Neotamias umbrinus,,US,"0.2 km S, 11.0 km W Baker, 39 0' 47.8"" km N, 114 15' 01.3"" W 2335 m",Nevada,PRESENT,,fd70f580-4ce2-11db-b80e-b8a03c50a862,39.013278,-114.250361,75,,2335,0,,,7/6/15,6,7,2015,4972376,2437441,PRESERVED_SPECIMEN,BYU,Mammalogy,BYU:Mamm:38105,,Duke S. Rogers,2015-07-06T00:00:00,CC0_1_0,,Collector(s): Duke S. Rogers; Preparator(s): Duke S. Rogers,,,2026-02-25T22:52:29.517Z,,CONTINENT_DERIVED_FROM_COORDINATES;INSTITUTION_MATCH_FUZZY
3356327453,1da75725-1eb5-4e17-b586-ffad7b783987,https://arctos.database.museum/guid/BYU:Mamm:36186,Animalia,Chordata,Mammalia,Rodentia,Sciuridae,Tamias,Tamias umbrinus,,SPECIES,"Neotamias umbrinus (J.A.Allen, 1890)",Neotamias umbrinus,,US,"1.70 km N, 0.25 km W summit Farve Peak, 40.60043 N, 115.37778 W, 2728 m, Lamoille Canyon",Nevada,PRESENT,,fd70f580-4ce2-11db-b80e-b8a03c50a862,40.60043,-115.37778,150,,2728,0,,,7/10/13,10,7,2013,4972376,2437441,PRESERVED_SPECIMEN,BYU,Mammalogy,BYU:Mamm:36186,,Duke S. Rogers,2013-07-10T00:00:00,CC0_1_0,,Collector(s): Duke S. Rogers; Preparator(s): Duke S. Rogers,,,2026-02-25T22:52:19.127Z,,CONTINENT_DERIVED_FROM_COORDINATES;INSTITUTION_MATCH_FUZZY
3356326342,1da75725-1eb5-4e17-b586-ffad7b783987,https://arctos.database.museum/guid/BYU:Mamm:36189,Animalia,Chordata,Mammalia,Rodentia,Sciuridae,Tamias,Tamias umbrinus,,SPECIES,"Neotamias umbrinus (J.A.Allen, 1890)",Neotamias umbrinus,,US,"1.70 km N, 0.25 km W summit Farve Peak, 40.60043 N, 115.37778 W, 2728 m, Lamoille Canyon",Nevada,PRESENT,,fd70f580-4ce2-11db-b80e-b8a03c50a862,40.60043,-115.37778,150,,2728,0,,,7/12/13,12,7,2013,4972376,2437441,PRESERVED_SPECIMEN,BYU,Mammalogy,BYU:Mamm:36189,,Duke S. Rogers,2013-07-12T00:00:00,CC0_1_0,,Collector(s): Duke S. Rogers; Preparator(s): Duke S. Rogers,,,2026-02-25T22:52:19.126Z,,CONTINENT_DERIVED_FROM_COORDINATES;INSTITUTION_MATCH_FUZZY
3356325234,1da75725-1eb5-4e17-b586-ffad7b783987,https://arctos.database.museum/guid/BYU:Mamm:38106,Animalia,Chordata,Mammalia,Rodentia,Sciuridae,Tamias,Tamias umbrinus,,SPECIES,"Neotamias umbrinus (J.A.Allen, 1890)",Neotamias umbrinus,,US,"0.2 km S, 11.0 km W Baker, 39 0' 47.8"" km N, 114 15' 01.3"" W 2335 m",Nevada,PRESENT,,fd70f580-4ce2-11db-b80e-b8a03c50a862,39.013278,-114.250361,75,,2335,0,,,7/6/15,6,7,2015,4972376,2437441,PRESERVED_SPECIMEN,BYU,Mammalogy,BYU:Mamm:38106,,Duke S. Rogers,2015-07-06T00:00:00,CC0_1_0,,Collector(s): Duke S. Rogers; Preparator(s): Duke S. Rogers,,,2026-02-25T22:52:29.517Z,,CONTINENT_DERIVED_FROM_COORDINATES;INSTITUTION_MATCH_FUZZY
3356325116,1da75725-1eb5-4e17-b586-ffad7b783987,https://arctos.database.museum/guid/BYU:Mamm:36188,Animalia,Chordata,Mammalia,Rodentia,Sciuridae,Tamias,Tamias umbrinus,,SPECIES,"Neotamias umbrinus (J.A.Allen, 1890)",Neotamias umbrinus,,US,"1.70 km N, 0.25 km W summit Farve Peak, 40.60043 N, 115.37778 W, 2728 m, Lamoille Canyon",Nevada,PRESENT,,fd70f580-4ce2-11db-b80e-b8a03c50a862,40.60043,-115.37778,150,,2728,0,,,7/10/13,10,7,2013,4972376,2437441,PRESERVED_SPECIMEN,BYU,Mammalogy,BYU:Mamm:36188,,Duke S. Rogers,2013-07-10T00:00:00,CC0_1_0,,Collector(s): Duke S. Rogers; Preparator(s): Duke S. Rogers,,,2026-02-25T22:52:19.126Z,,CONTINENT_DERIVED_FROM_COORDINATES;INSTITUTION_MATCH_FUZZY
3356321583,1da75725-1eb5-4e17-b586-ffad7b783987,https://arctos.database.museum/guid/BYU:Mamm:38107,Animalia,Chordata,Mammalia,Rodentia,Sciuridae,Tamias,Tamias umbrinus,,SPECIES,"Neotamias umbrinus (J.A.Allen, 1890)",Neotamias umbrinus,,US,"1.1 km E, 3.1 km N Wheeler Peak, 39 0' 38.5"" N, 114 18' 04.1"" W, 3000 m",Nevada,PRESENT,,fd70f580-4ce2-11db-b80e-b8a03c50a862,39.010694,-114.301139,25,,3000,0,,,8/21/15,21,8,2015,4972376,2437441,PRESERVED_SPECIMEN,BYU,Mammalogy,BYU:Mamm:38107,,Duke S. Rogers,2015-08-21T00:00:00,CC0_1_0,,Collector(s): Duke S. Rogers; Preparator(s): Duke S. Rogers,,,2026-02-25T22:52:29.517Z,,CONTINENT_DERIVED_FROM_COORDINATES;INSTITUTION_MATCH_FUZZY
2592274440,821cc27a-e3bb-4bc5-ac34-89ada245069d,http://n2t.net/ark:/65665/3c739031c-87b7-4419-a97c-5e444463813f,Animalia,Chordata,Mammalia,Rodentia,Sciuridae,Tamias,Tamias umbrinus,inyoensis,SUBSPECIES,"Tamias umbrinus inyoensis (Merriam, 1897)",Tamias umbrinus inyoensis,,US,"Cherry Creek Mountains; McDermid Creek, Lear Ranch Dam",Nevada,PRESENT,1,bc092ff0-02e4-11dc-991f-b8a03c50a862,40.1818,-114.821,,,2001,,,,6/2/17,2,6,2017,4263608,2437441,PRESERVED_SPECIMEN,USNM,MAMM,USNM 603322,,,,CC0_1_0,,K. Bell & K. Hottinger,,,2026-03-02T13:01:10.866Z,,GEODETIC_DATUM_INVALID;GEODETIC_DATUM_ASSUMED_WGS84;OCCURRENCE_STATUS_INFERRED_FROM_INDIVIDUAL_COUNT
2592266416,821cc27a-e3bb-4bc5-ac34-89ada245069d,http://n2t.net/ark:/65665/3d533752d-e70c-482e-ab5d-944bceda90a8,Animalia,Chordata,Mammalia,Rodentia,Sciuridae,Tamias,Tamias umbrinus,inyoensis,SUBSPECIES,"Tamias umbrinus inyoensis (Merriam, 1897)",Tamias umbrinus inyoensis,,US,Ruby Mountains; Overland Pass,Nevada,PRESENT,1,bc092ff0-02e4-11dc-991f-b8a03c50a862,40.0255,-115.549,,,1999,,,,5/30/17,30,5,2017,4263608,2437441,PRESERVED_SPECIMEN,USNM,MAMM,USNM 603302,,,,CC0_1_0,,K. Bell & K. Hottinger,,,2026-03-02T13:01:12.008Z,,GEODETIC_DATUM_INVALID;GEODETIC_DATUM_ASSUMED_WGS84;OCCURRENCE_STATUS_INFERRED_FROM_INDIVIDUAL_COUNT
2592256396,821cc27a-e3bb-4bc5-ac34-89ada245069d,http://n2t.net/ark:/65665/3f27f2160-389e-4b1b-bfcc-9de961bbfd58,Animalia,Chordata,Mammalia,Rodentia,Sciuridae,Tamias,Tamias umbrinus,inyoensis,SUBSPECIES,"Tamias umbrinus inyoensis (Merriam, 1897)",Tamias umbrinus inyoensis,,US,"Cherry Creek Mountains; McDermid Creek, Lear Ranch Dam",Nevada,PRESENT,1,bc092ff0-02e4-11dc-991f-b8a03c50a862,40.1819,-114.821,,,1985,,,,6/2/17,2,6,2017,4263608,2437441,PRESERVED_SPECIMEN,USNM,MAMM,USNM 603323,,,,CC0_1_0,,K. Bell & K. Hottinger,,,2026-03-02T13:01:16.626Z,,GEODETIC_DATUM_INVALID;GEODETIC_DATUM_ASSUMED_WGS84;OCCURRENCE_STATUS_INFERRED_FROM_INDIVIDUAL_COUNT
2592222846,821cc27a-e3bb-4bc5-ac34-89ada245069d,http://n2t.net/ark:/65665/33d7a32ad-95a8-4624-b726-66df23e1d8f5,Animalia,Chordata,Mammalia,Rodentia,Sciuridae,Tamias,Tamias umbrinus,inyoensis,SUBSPECIES,"Tamias umbrinus inyoensis (Merriam, 1897)",Tamias umbrinus inyoensis,,US,"Cherry Creek Mountains; McDermid Creek, Lear Ranch Dam",Nevada,PRESENT,1,bc092ff0-02e4-11dc-991f-b8a03c50a862,40.1769,-114.858,,,2030,,,,6/3/17,3,6,2017,4263608,2437441,PRESERVED_SPECIMEN,USNM,MAMM,USNM 603326,,,,CC0_1_0,,K. Bell & K. Hottinger,,,2026-03-02T13:00:56.087Z,,GEODETIC_DATUM_INVALID;GEODETIC_DATUM_ASSUMED_WGS84;OCCURRENCE_STATUS_INFERRED_FROM_INDIVIDUAL_COUNT
1805736273,41fc5c40-5e81-496f-9733-6b5681b3b7a5,e43e15c7-864c-4a71-800c-eccc952f8cec,Animalia,Chordata,Mammalia,Rodentia,Sciuridae,Tamias,Tamias umbrinus,inyoensis,SUBSPECIES,"Tamias umbrinus inyoensis (Merriam, 1897)",Tamias umbrinus inyoensis,,US,"Toiyabe Range, Bob Scott Campground",Nevada,PRESENT,1,7b8aff00-a9f8-11d8-944b-b8a03c50a862,39.45823,-116.99353,,,,,,,7/4/11,4,7,2011,4263608,2437441,PRESERVED_SPECIMEN,FMNH,Mammals,213878,FMNH-Mammals-8241,,,CC0_1_0,The Field Museum of Natural History,L. R. Heaney,,,2026-02-26T00:47:43.605Z,,GEODETIC_DATUM_ASSUMED_WGS84;RECORDED_DATE_INVALID;OCCURRENCE_STATUS_INFERRED_FROM_INDIVIDUAL_COUNT;INSTITUTION_MATCH_FUZZY;COLLECTION_MATCH_FUZZY
1656062576,06a00852-f764-4fb8-80d4-ca51f0918459,https://arctos.database.museum/guid/UMNH:Mamm:41205,Animalia,Chordata,Mammalia,Rodentia,Sciuridae,Tamias,Tamias umbrinus,inyoensis,SUBSPECIES,"Tamias umbrinus inyoensis (Merriam, 1897)",Tamias umbrinus inyoensis,,US,"Snake Range, Great Basin National Park, Baker Creek, 1.2 km N Pyramid Peak",Nevada,PRESENT,,2d6267a0-0561-11d8-b851-b8a03c50a862,38.95847,-114.29528,100,,3062,0,,,8/25/16,25,8,2016,4263608,2437441,PRESERVED_SPECIMEN,UMNH,Mammalogy,UMNH:Mamm:41205,BAK 1236,Brooks A. Kohli,2016-08-25T00:00:00,CC0_1_0,,Collector(s): Brooks A. Kohli,,,2026-02-26T00:00:50.883Z,,CONTINENT_DERIVED_FROM_COORDINATES;INSTITUTION_MATCH_FUZZY;INSTITUTION_COLLECTION_MISMATCH
1656062518,06a00852-f764-4fb8-80d4-ca51f0918459,https://arctos.database.museum/guid/UMNH:Mamm:41206,Animalia,Chordata,Mammalia,Rodentia,Sciuridae,Tamias,Tamias umbrinus,inyoensis,SUBSPECIES,"Tamias umbrinus inyoensis (Merriam, 1897)",Tamias umbrinus inyoensis,,US,"Snake Range, Great Basin National Park, Baker Creek, 1.2 km N Pyramid Peak",Nevada,PRESENT,,2d6267a0-0561-11d8-b851-b8a03c50a862,38.96107,-114.29488,100,,3032,0,,,8/26/16,26,8,2016,4263608,2437441,PRESERVED_SPECIMEN,UMNH,Mammalogy,UMNH:Mamm:41206,BAK 1249,Brooks A. Kohli,2016-08-26T00:00:00,CC0_1_0,,Collector(s): Brooks A. Kohli,,,2026-02-26T00:00:50.760Z,,CONTINENT_DERIVED_FROM_COORDINATES;INSTITUTION_MATCH_FUZZY;INSTITUTION_COLLECTION_MISMATCH
1656062512,06a00852-f764-4fb8-80d4-ca51f0918459,https://arctos.database.museum/guid/UMNH:Mamm:41208,Animalia,Chordata,Mammalia,Rodentia,Sciuridae,Tamias,Tamias umbrinus,inyoensis,SUBSPECIES,"Tamias umbrinus inyoensis (Merriam, 1897)",Tamias umbrinus inyoensis,,US,"Snake Range, Great Basin National Park, Baker Creek, 1.2 km N Pyramid Peak",Nevada,PRESENT,,2d6267a0-0561-11d8-b851-b8a03c50a862,38.96107,-114.29488,100,,3032,0,,,8/26/16,26,8,2016,4263608,2437441,PRESERVED_SPECIMEN,UMNH,Mammalogy,UMNH:Mamm:41208,BAK 1251,Brooks A. Kohli,2016-08-26T00:00:00,CC0_1_0,,Collector(s): Brooks A. Kohli,,,2026-02-26T00:00:50.743Z,,CONTINENT_DERIVED_FROM_COORDINATES;INSTITUTION_MATCH_FUZZY;INSTITUTION_COLLECTION_MISMATCH
1656062456,06a00852-f764-4fb8-80d4-ca51f0918459,https://arctos.database.museum/guid/UMNH:Mamm:41204,Animalia,Chordata,Mammalia,Rodentia,Sciuridae,Tamias,Tamias umbrinus,inyoensis,SUBSPECIES,"Tamias umbrinus inyoensis (Merriam, 1897)",Tamias umbrinus inyoensis,,US,"Snake Range, Great Basin National Park, Baker Creek, 1.2 km N Pyramid Peak",Nevada,PRESENT,,2d6267a0-0561-11d8-b851-b8a03c50a862,38.95815,-114.29432,100,,3094,0,,,8/24/16,24,8,2016,4263608,2437441,PRESERVED_SPECIMEN,UMNH,Mammalogy,UMNH:Mamm:41204,BAK 1233,Brooks A. Kohli,2016-08-24T00:00:00,CC0_1_0,,Collector(s): Brooks A. Kohli,,,2026-02-26T00:00:50.908Z,,CONTINENT_DERIVED_FROM_COORDINATES;INSTITUTION_MATCH_FUZZY;INSTITUTION_COLLECTION_MISMATCH
1656062443,06a00852-f764-4fb8-80d4-ca51f0918459,https://arctos.database.museum/guid/UMNH:Mamm:41207,Animalia,Chordata,Mammalia,Rodentia,Sciuridae,Tamias,Tamias umbrinus,inyoensis,SUBSPECIES,"Tamias umbrinus inyoensis (Merriam, 1897)",Tamias umbrinus inyoensis,,US,"Snake Range, Great Basin National Park, Baker Creek, 1.2 km N Pyramid Peak",Nevada,PRESENT,,2d6267a0-0561-11d8-b851-b8a03c50a862,38.96107,-114.29488,100,,3032,0,,,8/26/16,26,8,2016,4263608,2437441,PRESERVED_SPECIMEN,UMNH,Mammalogy,UMNH:Mamm:41207,BAK 1250,Brooks A. Kohli,2016-08-26T00:00:00,CC0_1_0,,Collector(s): Brooks A. Kohli,,,2026-02-26T00:00:50.733Z,,CONTINENT_DERIVED_FROM_COORDINATES;INSTITUTION_MATCH_FUZZY;INSTITUTION_COLLECTION_MISMATCH
1656062220,06a00852-f764-4fb8-80d4-ca51f0918459,https://arctos.database.museum/guid/UMNH:Mamm:40933,Animalia,Chordata,Mammalia,Rodentia,Sciuridae,Tamias,Tamias umbrinus,inyoensis,SUBSPECIES,"Tamias umbrinus inyoensis (Merriam, 1897)",Tamias umbrinus inyoensis,,US,"Snake Range, Great Basin National Park, Snake Creek Canyon, 2.4 km S, 4 km E Pyramid Peak",Nevada,PRESENT,,2d6267a0-0561-11d8-b851-b8a03c50a862,38.92734,-114.25452,100,,2542,0,,,6/16/16,16,6,2016,4263608,2437441,PRESERVED_SPECIMEN,UMNH,Mammalogy,UMNH:Mamm:40933,BAK 1128,Brooks A. Kohli,2016-06-16T00:00:00,CC0_1_0,,Collector(s): Brooks A. Kohli,,,2026-02-26T00:00:53.434Z,,CONTINENT_DERIVED_FROM_COORDINATES;INSTITUTION_MATCH_FUZZY;INSTITUTION_COLLECTION_MISMATCH
1656062203,06a00852-f764-4fb8-80d4-ca51f0918459,https://arctos.database.museum/guid/UMNH:Mamm:40935,Animalia,Chordata,Mammalia,Rodentia,Sciuridae,Tamias,Tamias umbrinus,inyoensis,SUBSPECIES,"Tamias umbrinus inyoensis (Merriam, 1897)",Tamias umbrinus inyoensis,,US,"Snake Range, Great Basin National Park, Strawberry Creek, 4.4 km S, 7.2 km E Osceola",Nevada,PRESENT,,2d6267a0-0561-11d8-b851-b8a03c50a862,39.05363,-114.30286,100,,2425,0,,,6/20/16,20,6,2016,4263608,2437441,PRESERVED_SPECIMEN,UMNH,Mammalogy,UMNH:Mamm:40935,BAK 1168,Brooks A. Kohli,2016-06-20T00:00:00,CC0_1_0,,Collector(s): Brooks A. Kohli,,,2026-02-26T00:00:53.166Z,,CONTINENT_DERIVED_FROM_COORDINATES;INSTITUTION_MATCH_FUZZY;INSTITUTION_COLLECTION_MISMATCH
1656062175,06a00852-f764-4fb8-80d4-ca51f0918459,https://arctos.database.museum/guid/UMNH:Mamm:40936,Animalia,Chordata,Mammalia,Rodentia,Sciuridae,Tamias,Tamias umbrinus,inyoensis,SUBSPECIES,"Tamias umbrinus inyoensis (Merriam, 1897)",Tamias umbrinus inyoensis,,US,"Snake Range, Great Basin National Park, Strawberry Creek, 4.4 km S, 7.2 km E Osceola",Nevada,PRESENT,,2d6267a0-0561-11d8-b851-b8a03c50a862,39.05363,-114.30286,100,,2425,0,,,6/21/16,21,6,2016,4263608,2437441,PRESERVED_SPECIMEN,UMNH,Mammalogy,UMNH:Mamm:40936,BAK 1191,Brooks A. Kohli,2016-06-21T00:00:00,CC0_1_0,,Collector(s): Brooks A. Kohli,,,2026-02-26T00:00:53.185Z,,CONTINENT_DERIVED_FROM_COORDINATES;INSTITUTION_MATCH_FUZZY;INSTITUTION_COLLECTION_MISMATCH
1656062140,06a00852-f764-4fb8-80d4-ca51f0918459,https://arctos.database.museum/guid/UMNH:Mamm:40934,Animalia,Chordata,Mammalia,Rodentia,Sciuridae,Tamias,Tamias umbrinus,inyoensis,SUBSPECIES,"Tamias umbrinus inyoensis (Merriam, 1897)",Tamias umbrinus inyoensis,,US,"Snake Range, Great Basin National Park, Snake Creek Canyon, 2.4 km S, 4 km E Pyramid Peak",Nevada,PRESENT,,2d6267a0-0561-11d8-b851-b8a03c50a862,38.92734,-114.25452,100,,2542,0,,,6/17/16,17,6,2016,4263608,2437441,PRESERVED_SPECIMEN,UMNH,Mammalogy,UMNH:Mamm:40934,BAK 1142,Brooks A. Kohli,2016-06-17T00:00:00,CC0_1_0,,Collector(s): Brooks A. Kohli,,,2026-02-26T00:00:53.409Z,,CONTINENT_DERIVED_FROM_COORDINATES;INSTITUTION_MATCH_FUZZY;INSTITUTION_COLLECTION_MISMATCH
1656061815,06a00852-f764-4fb8-80d4-ca51f0918459,https://arctos.database.museum/guid/UMNH:Mamm:40564,Animalia,Chordata,Mammalia,Rodentia,Sciuridae,Tamias,Tamias umbrinus,inyoensis,SUBSPECIES,"Tamias umbrinus inyoensis (Merriam, 1897)",Tamias umbrinus inyoensis,,US,"Snake Range, Great Basin National Park, vicinity of Lehman Caves",Nevada,PRESENT,,2d6267a0-0561-11d8-b851-b8a03c50a862,39.00583,-114.22038,500,,2082,0,,,6/26/15,26,6,2015,4263608,2437441,PRESERVED_SPECIMEN,UMNH,Mammalogy,UMNH:Mamm:40564,EAR 10102,unknown,2016-10-24T00:00:00,CC0_1_0,,Collector(s): Eric A. Rickart,,,2026-02-26T00:00:54.320Z,,CONTINENT_DERIVED_FROM_COORDINATES;INSTITUTION_MATCH_FUZZY;INSTITUTION_COLLECTION_MISMATCH
1656061089,06a00852-f764-4fb8-80d4-ca51f0918459,https://arctos.database.museum/guid/UMNH:Mamm:39906,Animalia,Chordata,Mammalia,Rodentia,Sciuridae,Tamias,Tamias umbrinus,inyoensis,SUBSPECIES,"Tamias umbrinus inyoensis (Merriam, 1897)",Tamias umbrinus inyoensis,,US,"Snake Range, Great Basin National Park, 0.60 km S, 0.30 km E summit of Bald Mountain",Nevada,PRESENT,,2d6267a0-0561-11d8-b851-b8a03c50a862,39.01449,-114.31933,100,,3288,0,,,8/24/15,24,8,2015,4263608,2437441,PRESERVED_SPECIMEN,UMNH,Mammalogy,UMNH:Mamm:39906,BAK 873,unknown,2016-10-24T00:00:00,CC0_1_0,,Collector(s): Brooks A. Kohli,,,2026-02-26T00:00:50.124Z,,CONTINENT_DERIVED_FROM_COORDINATES;INSTITUTION_MATCH_FUZZY;INSTITUTION_COLLECTION_MISMATCH
1656061087,06a00852-f764-4fb8-80d4-ca51f0918459,https://arctos.database.museum/guid/UMNH:Mamm:39902,Animalia,Chordata,Mammalia,Rodentia,Sciuridae,Tamias,Tamias umbrinus,inyoensis,SUBSPECIES,"Tamias umbrinus inyoensis (Merriam, 1897)",Tamias umbrinus inyoensis,,US,"Snake Range, Great Basin National Park, 0.45 km S summit of Bald Mountain",Nevada,PRESENT,,2d6267a0-0561-11d8-b851-b8a03c50a862,39.01598,-114.32269,100,,3397,0,,,8/23/15,23,8,2015,4263608,2437441,PRESERVED_SPECIMEN,UMNH,Mammalogy,UMNH:Mamm:39902,BAK 834,unknown,2016-10-24T00:00:00,CC0_1_0,,Collector(s): Brooks A. Kohli,,,2026-02-26T00:00:50.283Z,,CONTINENT_DERIVED_FROM_COORDINATES;INSTITUTION_MATCH_FUZZY;INSTITUTION_COLLECTION_MISMATCH
1656061084,06a00852-f764-4fb8-80d4-ca51f0918459,https://arctos.database.museum/guid/UMNH:Mamm:39892,Animalia,Chordata,Mammalia,Rodentia,Sciuridae,Tamias,Tamias umbrinus,inyoensis,SUBSPECIES,"Tamias umbrinus inyoensis (Merriam, 1897)",Tamias umbrinus inyoensis,,US,"Snake Range, Great Basin National Park, 0.15 km NE outlet of Stella Lake",Nevada,PRESENT,,2d6267a0-0561-11d8-b851-b8a03c50a862,39.00673,-114.3168,100,,3163,0,,,8/20/15,20,8,2015,4263608,2437441,PRESERVED_SPECIMEN,UMNH,Mammalogy,UMNH:Mamm:39892,BAK 771,unknown,2016-10-24T00:00:00,CC0_1_0,,Collector(s): Brooks A. Kohli,,,2026-02-26T00:00:51.828Z,,CONTINENT_DERIVED_FROM_COORDINATES;INSTITUTION_MATCH_FUZZY;INSTITUTION_COLLECTION_MISMATCH
1656061082,06a00852-f764-4fb8-80d4-ca51f0918459,https://arctos.database.museum/guid/UMNH:Mamm:39929,Animalia,Chordata,Mammalia,Rodentia,Sciuridae,Tamias,Tamias umbrinus,inyoensis,SUBSPECIES,"Tamias umbrinus inyoensis (Merriam, 1897)",Tamias umbrinus inyoensis,,US,"Snake Range, Great Basin National Park, 0.50 km N, 0.05 km E outlet of Stella Lake",Nevada,PRESENT,,2d6267a0-0561-11d8-b851-b8a03c50a862,39.01051,-114.31777,100,,3200,0,,,8/24/15,24,8,2015,4263608,2437441,PRESERVED_SPECIMEN,UMNH,Mammalogy,UMNH:Mamm:39929,BAK 875,unknown,2016-10-24T00:00:00,CC0_1_0,,Collector(s): Brooks A. Kohli,,,2026-02-26T00:00:50.855Z,,CONTINENT_DERIVED_FROM_COORDINATES;INSTITUTION_MATCH_FUZZY;INSTITUTION_COLLECTION_MISMATCH
1656061074,06a00852-f764-4fb8-80d4-ca51f0918459,https://arctos.database.museum/guid/UMNH:Mamm:39912,Animalia,Chordata,Mammalia,Rodentia,Sciuridae,Tamias,Tamias umbrinus,inyoensis,SUBSPECIES,"Tamias umbrinus inyoensis (Merriam, 1897)",Tamias umbrinus inyoensis,,US,"Snake Range, Great Basin National Park, 0.60 km S, 0.30 km E summit of Bald Mountain",Nevada,PRESENT,,2d6267a0-0561-11d8-b851-b8a03c50a862,39.01449,-114.31933,100,,3288,0,,,8/25/15,25,8,2015,4263608,2437441,PRESERVED_SPECIMEN,UMNH,Mammalogy,UMNH:Mamm:39912,BAK 884,unknown,2016-10-24T00:00:00,CC0_1_0,,Collector(s): Brooks A. Kohli,,,2026-02-26T00:00:51.605Z,,CONTINENT_DERIVED_FROM_COORDINATES;INSTITUTION_MATCH_FUZZY;INSTITUTION_COLLECTION_MISMATCH
1656061072,06a00852-f764-4fb8-80d4-ca51f0918459,https://arctos.database.museum/guid/UMNH:Mamm:39899,Animalia,Chordata,Mammalia,Rodentia,Sciuridae,Tamias,Tamias umbrinus,inyoensis,SUBSPECIES,"Tamias umbrinus inyoensis (Merriam, 1897)",Tamias umbrinus inyoensis,,US,"Snake Range, Great Basin National Park, 0.45 km S summit of Bald Mountain",Nevada,PRESENT,,2d6267a0-0561-11d8-b851-b8a03c50a862,39.01598,-114.32269,100,,3397,0,,,8/22/15,22,8,2015,4263608,2437441,PRESERVED_SPECIMEN,UMNH,Mammalogy,UMNH:Mamm:39899,BAK 824,unknown,2016-10-24T00:00:00,CC0_1_0,,Collector(s): Brooks A. Kohli,,,2026-02-26T00:00:51.747Z,,CONTINENT_DERIVED_FROM_COORDINATES;INSTITUTION_MATCH_FUZZY;INSTITUTION_COLLECTION_MISMATCH
1656061067,06a00852-f764-4fb8-80d4-ca51f0918459,https://arctos.database.museum/guid/UMNH:Mamm:39908,Animalia,Chordata,Mammalia,Rodentia,Sciuridae,Tamias,Tamias umbrinus,inyoensis,SUBSPECIES,"Tamias umbrinus inyoensis (Merriam, 1897)",Tamias umbrinus inyoensis,,US,"Snake Range, Great Basin National Park, 0.45 km S summit of Bald Mountain",Nevada,PRESENT,,2d6267a0-0561-11d8-b851-b8a03c50a862,39.01598,-114.32269,100,,3397,0,,,8/24/15,24,8,2015,4263608,2437441,PRESERVED_SPECIMEN,UMNH,Mammalogy,UMNH:Mamm:39908,BAK 878,unknown,2016-10-24T00:00:00,CC0_1_0,,Collector(s): Brooks A. Kohli,,,2026-02-26T00:00:50.186Z,,CONTINENT_DERIVED_FROM_COORDINATES;INSTITUTION_MATCH_FUZZY;INSTITUTION_COLLECTION_MISMATCH
1656061066,06a00852-f764-4fb8-80d4-ca51f0918459,https://arctos.database.museum/guid/UMNH:Mamm:39909,Animalia,Chordata,Mammalia,Rodentia,Sciuridae,Tamias,Tamias umbrinus,inyoensis,SUBSPECIES,"Tamias umbrinus inyoensis (Merriam, 1897)",Tamias umbrinus inyoensis,,US,"Snake Range, Great Basin National Park, 0.45 km S summit of Bald Mountain",Nevada,PRESENT,,2d6267a0-0561-11d8-b851-b8a03c50a862,39.01598,-114.32269,100,,3397,0,,,8/24/15,24,8,2015,4263608,2437441,PRESERVED_SPECIMEN,UMNH,Mammalogy,UMNH:Mamm:39909,BAK 879,unknown,2016-10-24T00:00:00,CC0_1_0,,Collector(s): Brooks A. Kohli,,,2026-02-26T00:00:50.218Z,,CONTINENT_DERIVED_FROM_COORDINATES;INSTITUTION_MATCH_FUZZY;INSTITUTION_COLLECTION_MISMATCH
1656061064,06a00852-f764-4fb8-80d4-ca51f0918459,https://arctos.database.museum/guid/UMNH:Mamm:39883,Animalia,Chordata,Mammalia,Rodentia,Sciuridae,Tamias,Tamias umbrinus,inyoensis,SUBSPECIES,"Tamias umbrinus inyoensis (Merriam, 1897)",Tamias umbrinus inyoensis,,US,"Snake Range, Great Basin National Park, 0.40 km S outlet of Stella Lake",Nevada,PRESENT,,2d6267a0-0561-11d8-b851-b8a03c50a862,39.00217,-114.31868,100,,3211,0,,,8/20/15,20,8,2015,4263608,2437441,PRESERVED_SPECIMEN,UMNH,Mammalogy,UMNH:Mamm:39883,BAK 750,unknown,2016-10-24T00:00:00,CC0_1_0,,Collector(s): Brooks A. Kohli,,,2026-02-26T00:00:52.973Z,,CONTINENT_DERIVED_FROM_COORDINATES;INSTITUTION_MATCH_FUZZY;INSTITUTION_COLLECTION_MISMATCH
1656061061,06a00852-f764-4fb8-80d4-ca51f0918459,https://arctos.database.museum/guid/UMNH:Mamm:39857,Animalia,Chordata,Mammalia,Rodentia,Sciuridae,Tamias,Tamias umbrinus,inyoensis,SUBSPECIES,"Tamias umbrinus inyoensis (Merriam, 1897)",Tamias umbrinus inyoensis,,US,"Snake Range, Great Basin National Park, 0.15 km N outlet of Stella Lake",Nevada,PRESENT,,2d6267a0-0561-11d8-b851-b8a03c50a862,39.00725,-114.31796,100,,3176,0,,,8/18/15,18,8,2015,4263608,2437441,PRESERVED_SPECIMEN,UMNH,Mammalogy,UMNH:Mamm:39857,BAK 680,unknown,2016-10-24T00:00:00,CC0_1_0,,Collector(s): Brooks A. Kohli,,,2026-02-26T00:00:50.173Z,,CONTINENT_DERIVED_FROM_COORDINATES;INSTITUTION_MATCH_FUZZY;INSTITUTION_COLLECTION_MISMATCH
1656061060,06a00852-f764-4fb8-80d4-ca51f0918459,https://arctos.database.museum/guid/UMNH:Mamm:39880,Animalia,Chordata,Mammalia,Rodentia,Sciuridae,Tamias,Tamias umbrinus,inyoensis,SUBSPECIES,"Tamias umbrinus inyoensis (Merriam, 1897)",Tamias umbrinus inyoensis,,US,"Snake Range, Great Basin National Park, 0.40 km S outlet of Stella Lake",Nevada,PRESENT,,2d6267a0-0561-11d8-b851-b8a03c50a862,39.00217,-114.31868,100,,3211,0,,,8/19/15,19,8,2015,4263608,2437441,PRESERVED_SPECIMEN,UMNH,Mammalogy,UMNH:Mamm:39880,BAK 728,unknown,2016-10-24T00:00:00,CC0_1_0,,Collector(s): Brooks A. Kohli,,,2026-02-26T00:00:52.927Z,,CONTINENT_DERIVED_FROM_COORDINATES;INSTITUTION_MATCH_FUZZY;INSTITUTION_COLLECTION_MISMATCH
1656061059,06a00852-f764-4fb8-80d4-ca51f0918459,https://arctos.database.museum/guid/UMNH:Mamm:39928,Animalia,Chordata,Mammalia,Rodentia,Sciuridae,Tamias,Tamias umbrinus,inyoensis,SUBSPECIES,"Tamias umbrinus inyoensis (Merriam, 1897)",Tamias umbrinus inyoensis,,US,"Snake Range, Great Basin National Park, 0.50 km N, 0.05 km E outlet of Stella Lake",Nevada,PRESENT,,2d6267a0-0561-11d8-b851-b8a03c50a862,39.01051,-114.31777,100,,3200,0,,,8/24/15,24,8,2015,4263608,2437441,PRESERVED_SPECIMEN,UMNH,Mammalogy,UMNH:Mamm:39928,BAK 874,unknown,2016-10-24T00:00:00,CC0_1_0,,Collector(s): Brooks A. Kohli,,,2026-02-26T00:00:50.862Z,,CONTINENT_DERIVED_FROM_COORDINATES;INSTITUTION_MATCH_FUZZY;INSTITUTION_COLLECTION_MISMATCH
1656061055,06a00852-f764-4fb8-80d4-ca51f0918459,https://arctos.database.museum/guid/UMNH:Mamm:39901,Animalia,Chordata,Mammalia,Rodentia,Sciuridae,Tamias,Tamias umbrinus,inyoensis,SUBSPECIES,"Tamias umbrinus inyoensis (Merriam, 1897)",Tamias umbrinus inyoensis,,US,"Snake Range, Great Basin National Park, 0.45 km S summit of Bald Mountain",Nevada,PRESENT,,2d6267a0-0561-11d8-b851-b8a03c50a862,39.01598,-114.32269,100,,3397,0,,,8/22/15,22,8,2015,4263608,2437441,PRESERVED_SPECIMEN,UMNH,Mammalogy,UMNH:Mamm:39901,BAK 826,unknown,2016-10-24T00:00:00,CC0_1_0,,Collector(s): Brooks A. Kohli,,,2026-02-26T00:00:50.173Z,,CONTINENT_DERIVED_FROM_COORDINATES;INSTITUTION_MATCH_FUZZY;INSTITUTION_COLLECTION_MISMATCH
1656061052,06a00852-f764-4fb8-80d4-ca51f0918459,https://arctos.database.museum/guid/UMNH:Mamm:39907,Animalia,Chordata,Mammalia,Rodentia,Sciuridae,Tamias,Tamias umbrinus,inyoensis,SUBSPECIES,"Tamias umbrinus inyoensis (Merriam, 1897)",Tamias umbrinus inyoensis,,US,"Snake Range, Great Basin National Park, 0.50 km N, 0.05 km E outlet of Stella Lake",Nevada,PRESENT,,2d6267a0-0561-11d8-b851-b8a03c50a862,39.01051,-114.31777,100,,3200,0,,,8/24/15,24,8,2015,4263608,2437441,PRESERVED_SPECIMEN,UMNH,Mammalogy,UMNH:Mamm:39907,BAK 876,unknown,2016-10-24T00:00:00,CC0_1_0,,Collector(s): Brooks A. Kohli,,,2026-02-26T00:00:50.215Z,,CONTINENT_DERIVED_FROM_COORDINATES;INSTITUTION_MATCH_FUZZY;INSTITUTION_COLLECTION_MISMATCH
1656061051,06a00852-f764-4fb8-80d4-ca51f0918459,https://arctos.database.museum/guid/UMNH:Mamm:39875,Animalia,Chordata,Mammalia,Rodentia,Sciuridae,Tamias,Tamias umbrinus,inyoensis,SUBSPECIES,"Tamias umbrinus inyoensis (Merriam, 1897)",Tamias umbrinus inyoensis,,US,"Snake Range, Great Basin National Park, 0.15 km NE outlet of Stella Lake",Nevada,PRESENT,,2d6267a0-0561-11d8-b851-b8a03c50a862,39.00673,-114.3168,100,,3163,0,,,8/18/15,18,8,2015,4263608,2437441,PRESERVED_SPECIMEN,UMNH,Mammalogy,UMNH:Mamm:39875,BAK 710,unknown,2016-10-24T00:00:00,CC0_1_0,,Collector(s): Brooks A. Kohli,,,2026-02-26T00:00:52.624Z,,CONTINENT_DERIVED_FROM_COORDINATES;INSTITUTION_MATCH_FUZZY;INSTITUTION_COLLECTION_MISMATCH
1656061045,06a00852-f764-4fb8-80d4-ca51f0918459,https://arctos.database.museum/guid/UMNH:Mamm:39887,Animalia,Chordata,Mammalia,Rodentia,Sciuridae,Tamias,Tamias umbrinus,inyoensis,SUBSPECIES,"Tamias umbrinus inyoensis (Merriam, 1897)",Tamias umbrinus inyoensis,,US,"Snake Range, Great Basin National Park, 0.15 km N outlet of Stella Lake",Nevada,PRESENT,,2d6267a0-0561-11d8-b851-b8a03c50a862,39.00725,-114.31796,100,,3176,0,,,8/20/15,20,8,2015,4263608,2437441,PRESERVED_SPECIMEN,UMNH,Mammalogy,UMNH:Mamm:39887,BAK 763,unknown,2016-10-24T00:00:00,CC0_1_0,,Collector(s): Brooks A. Kohli,,,2026-02-26T00:00:52.978Z,,CONTINENT_DERIVED_FROM_COORDINATES;INSTITUTION_MATCH_FUZZY;INSTITUTION_COLLECTION_MISMATCH
1656061044,06a00852-f764-4fb8-80d4-ca51f0918459,https://arctos.database.museum/guid/UMNH:Mamm:39905,Animalia,Chordata,Mammalia,Rodentia,Sciuridae,Tamias,Tamias umbrinus,inyoensis,SUBSPECIES,"Tamias umbrinus inyoensis (Merriam, 1897)",Tamias umbrinus inyoensis,,US,"Snake Range, Great Basin National Park, 0.45 km S summit of Bald Mountain",Nevada,PRESENT,,2d6267a0-0561-11d8-b851-b8a03c50a862,39.01598,-114.32269,100,,3397,0,,,8/23/15,23,8,2015,4263608,2437441,PRESERVED_SPECIMEN,UMNH,Mammalogy,UMNH:Mamm:39905,BAK 859,unknown,2016-10-24T00:00:00,CC0_1_0,,Collector(s): Brooks A. Kohli,,,2026-02-26T00:00:50.099Z,,CONTINENT_DERIVED_FROM_COORDINATES;INSTITUTION_MATCH_FUZZY;INSTITUTION_COLLECTION_MISMATCH
1656061043,06a00852-f764-4fb8-80d4-ca51f0918459,https://arctos.database.museum/guid/UMNH:Mamm:39889,Animalia,Chordata,Mammalia,Rodentia,Sciuridae,Tamias,Tamias umbrinus,inyoensis,SUBSPECIES,"Tamias umbrinus inyoensis (Merriam, 1897)",Tamias umbrinus inyoensis,,US,"Snake Range, Great Basin National Park, 0.15 km NE outlet of Stella Lake",Nevada,PRESENT,,2d6267a0-0561-11d8-b851-b8a03c50a862,39.00673,-114.3168,100,,3163,0,,,8/20/15,20,8,2015,4263608,2437441,PRESERVED_SPECIMEN,UMNH,Mammalogy,UMNH:Mamm:39889,BAK 768,unknown,2016-10-24T00:00:00,CC0_1_0,,Collector(s): Brooks A. Kohli,,,2026-02-26T00:00:53.228Z,,CONTINENT_DERIVED_FROM_COORDINATES;INSTITUTION_MATCH_FUZZY;INSTITUTION_COLLECTION_MISMATCH
1656061040,06a00852-f764-4fb8-80d4-ca51f0918459,https://arctos.database.museum/guid/UMNH:Mamm:39886,Animalia,Chordata,Mammalia,Rodentia,Sciuridae,Tamias,Tamias umbrinus,inyoensis,SUBSPECIES,"Tamias umbrinus inyoensis (Merriam, 1897)",Tamias umbrinus inyoensis,,US,"Snake Range, Great Basin National Park, 0.40 km S outlet of Stella Lake",Nevada,PRESENT,,2d6267a0-0561-11d8-b851-b8a03c50a862,39.00217,-114.31868,100,,3211,0,,,8/20/15,20,8,2015,4263608,2437441,PRESERVED_SPECIMEN,UMNH,Mammalogy,UMNH:Mamm:39886,BAK 753,unknown,2016-10-24T00:00:00,CC0_1_0,,Collector(s): Brooks A. Kohli,,,2026-02-26T00:00:53.033Z,,CONTINENT_DERIVED_FROM_COORDINATES;INSTITUTION_MATCH_FUZZY;INSTITUTION_COLLECTION_MISMATCH
1656061038,06a00852-f764-4fb8-80d4-ca51f0918459,https://arctos.database.museum/guid/UMNH:Mamm:39903,Animalia,Chordata,Mammalia,Rodentia,Sciuridae,Tamias,Tamias umbrinus,inyoensis,SUBSPECIES,"Tamias umbrinus inyoensis (Merriam, 1897)",Tamias umbrinus inyoensis,,US,"Snake Range, Great Basin National Park, 0.45 km S summit of Bald Mountain",Nevada,PRESENT,,2d6267a0-0561-11d8-b851-b8a03c50a862,39.01598,-114.32269,100,,3397,0,,,8/23/15,23,8,2015,4263608,2437441,PRESERVED_SPECIMEN,UMNH,Mammalogy,UMNH:Mamm:39903,BAK 835,unknown,2016-10-24T00:00:00,CC0_1_0,,Collector(s): Brooks A. Kohli,,,2026-02-26T00:00:50.107Z,,CONTINENT_DERIVED_FROM_COORDINATES;INSTITUTION_MATCH_FUZZY;INSTITUTION_COLLECTION_MISMATCH
1656061036,06a00852-f764-4fb8-80d4-ca51f0918459,https://arctos.database.museum/guid/UMNH:Mamm:39904,Animalia,Chordata,Mammalia,Rodentia,Sciuridae,Tamias,Tamias umbrinus,inyoensis,SUBSPECIES,"Tamias umbrinus inyoensis (Merriam, 1897)",Tamias umbrinus inyoensis,,US,"Snake Range, Great Basin National Park, 0.45 km S summit of Bald Mountain",Nevada,PRESENT,,2d6267a0-0561-11d8-b851-b8a03c50a862,39.01598,-114.32269,100,,3397,0,,,8/23/15,23,8,2015,4263608,2437441,PRESERVED_SPECIMEN,UMNH,Mammalogy,UMNH:Mamm:39904,BAK 836,unknown,2016-10-24T00:00:00,CC0_1_0,,Collector(s): Brooks A. Kohli,,,2026-02-26T00:00:50.253Z,,CONTINENT_DERIVED_FROM_COORDINATES;INSTITUTION_MATCH_FUZZY;INSTITUTION_COLLECTION_MISMATCH
1656061035,06a00852-f764-4fb8-80d4-ca51f0918459,https://arctos.database.museum/guid/UMNH:Mamm:39864,Animalia,Chordata,Mammalia,Rodentia,Sciuridae,Tamias,Tamias umbrinus,inyoensis,SUBSPECIES,"Tamias umbrinus inyoensis (Merriam, 1897)",Tamias umbrinus inyoensis,,US,"Snake Range, Great Basin National Park, 0.40 km S outlet of Stella Lake",Nevada,PRESENT,,2d6267a0-0561-11d8-b851-b8a03c50a862,39.00217,-114.31868,100,,3211,0,,,8/18/15,18,8,2015,4263608,2437441,PRESERVED_SPECIMEN,UMNH,Mammalogy,UMNH:Mamm:39864,BAK 691,unknown,2016-10-24T00:00:00,CC0_1_0,,Collector(s): Brooks A. Kohli,,,2026-02-26T00:00:50.967Z,,CONTINENT_DERIVED_FROM_COORDINATES;INSTITUTION_MATCH_FUZZY;INSTITUTION_COLLECTION_MISMATCH
1656061033,06a00852-f764-4fb8-80d4-ca51f0918459,https://arctos.database.museum/guid/UMNH:Mamm:39863,Animalia,Chordata,Mammalia,Rodentia,Sciuridae,Tamias,Tamias umbrinus,inyoensis,SUBSPECIES,"Tamias umbrinus inyoensis (Merriam, 1897)",Tamias umbrinus inyoensis,,US,"Snake Range, Great Basin National Park, 0.40 km S outlet of Stella Lake",Nevada,PRESENT,,2d6267a0-0561-11d8-b851-b8a03c50a862,39.00217,-114.31868,100,,3211,0,,,8/18/15,18,8,2015,4263608,2437441,PRESERVED_SPECIMEN,UMNH,Mammalogy,UMNH:Mamm:39863,BAK 690,unknown,2016-10-24T00:00:00,CC0_1_0,,Collector(s): Brooks A. Kohli,,,2026-02-26T00:00:51.006Z,,CONTINENT_DERIVED_FROM_COORDINATES;INSTITUTION_MATCH_FUZZY;INSTITUTION_COLLECTION_MISMATCH
1656061031,06a00852-f764-4fb8-80d4-ca51f0918459,https://arctos.database.museum/guid/UMNH:Mamm:39895,Animalia,Chordata,Mammalia,Rodentia,Sciuridae,Tamias,Tamias umbrinus,inyoensis,SUBSPECIES,"Tamias umbrinus inyoensis (Merriam, 1897)",Tamias umbrinus inyoensis,,US,"Snake Range, Great Basin National Park, 0.60 km S, 0.30 km E summit of Bald Mountain",Nevada,PRESENT,,2d6267a0-0561-11d8-b851-b8a03c50a862,39.01449,-114.31933,100,,3288,0,,,8/22/15,22,8,2015,4263608,2437441,PRESERVED_SPECIMEN,UMNH,Mammalogy,UMNH:Mamm:39895,BAK 804,unknown,2016-10-24T00:00:00,CC0_1_0,,Collector(s): Brooks A. Kohli,,,2026-02-26T00:00:51.806Z,,CONTINENT_DERIVED_FROM_COORDINATES;INSTITUTION_MATCH_FUZZY;INSTITUTION_COLLECTION_MISMATCH
1656061030,06a00852-f764-4fb8-80d4-ca51f0918459,https://arctos.database.museum/guid/UMNH:Mamm:39898,Animalia,Chordata,Mammalia,Rodentia,Sciuridae,Tamias,Tamias umbrinus,inyoensis,SUBSPECIES,"Tamias umbrinus inyoensis (Merriam, 1897)",Tamias umbrinus inyoensis,,US,"Snake Range, Great Basin National Park, 0.60 km S, 0.30 km E summit of Bald Mountain",Nevada,PRESENT,,2d6267a0-0561-11d8-b851-b8a03c50a862,39.01449,-114.31933,100,,3288,0,,,8/22/15,22,8,2015,4263608,2437441,PRESERVED_SPECIMEN,UMNH,Mammalogy,UMNH:Mamm:39898,BAK 821,unknown,2016-10-24T00:00:00,CC0_1_0,,Collector(s): Brooks A. Kohli,,,2026-02-26T00:00:51.761Z,,CONTINENT_DERIVED_FROM_COORDINATES;INSTITUTION_MATCH_FUZZY;INSTITUTION_COLLECTION_MISMATCH
1656061029,06a00852-f764-4fb8-80d4-ca51f0918459,https://arctos.database.museum/guid/UMNH:Mamm:39876,Animalia,Chordata,Mammalia,Rodentia,Sciuridae,Tamias,Tamias umbrinus,inyoensis,SUBSPECIES,"Tamias umbrinus inyoensis (Merriam, 1897)",Tamias umbrinus inyoensis,,US,"Snake Range, Great Basin National Park, 0.15 km NE outlet of Stella Lake",Nevada,PRESENT,,2d6267a0-0561-11d8-b851-b8a03c50a862,39.00673,-114.3168,100,,3163,0,,,8/18/15,18,8,2015,4263608,2437441,PRESERVED_SPECIMEN,UMNH,Mammalogy,UMNH:Mamm:39876,BAK 711,unknown,2016-10-24T00:00:00,CC0_1_0,,Collector(s): Brooks A. Kohli,,,2026-02-26T00:00:52.394Z,,CONTINENT_DERIVED_FROM_COORDINATES;INSTITUTION_MATCH_FUZZY;INSTITUTION_COLLECTION_MISMATCH
1656061026,06a00852-f764-4fb8-80d4-ca51f0918459,https://arctos.database.museum/guid/UMNH:Mamm:39884,Animalia,Chordata,Mammalia,Rodentia,Sciuridae,Tamias,Tamias umbrinus,inyoensis,SUBSPECIES,"Tamias umbrinus inyoensis (Merriam, 1897)",Tamias umbrinus inyoensis,,US,"Snake Range, Great Basin National Park, 0.40 km S outlet of Stella Lake",Nevada,PRESENT,,2d6267a0-0561-11d8-b851-b8a03c50a862,39.00217,-114.31868,100,,3211,0,,,8/20/15,20,8,2015,4263608,2437441,PRESERVED_SPECIMEN,UMNH,Mammalogy,UMNH:Mamm:39884,BAK 751,unknown,2016-10-24T00:00:00,CC0_1_0,,Collector(s): Brooks A. Kohli,,,2026-02-26T00:00:53.080Z,,CONTINENT_DERIVED_FROM_COORDINATES;INSTITUTION_MATCH_FUZZY;INSTITUTION_COLLECTION_MISMATCH
1656061025,06a00852-f764-4fb8-80d4-ca51f0918459,https://arctos.database.museum/guid/UMNH:Mamm:39890,Animalia,Chordata,Mammalia,Rodentia,Sciuridae,Tamias,Tamias umbrinus,inyoensis,SUBSPECIES,"Tamias umbrinus inyoensis (Merriam, 1897)",Tamias umbrinus inyoensis,,US,"Snake Range, Great Basin National Park, 0.15 km NE outlet of Stella Lake",Nevada,PRESENT,,2d6267a0-0561-11d8-b851-b8a03c50a862,39.00673,-114.3168,100,,3163,0,,,8/20/15,20,8,2015,4263608,2437441,PRESERVED_SPECIMEN,UMNH,Mammalogy,UMNH:Mamm:39890,BAK 769,unknown,2016-10-24T00:00:00,CC0_1_0,,Collector(s): Brooks A. Kohli,,,2026-02-26T00:00:51.846Z,,CONTINENT_DERIVED_FROM_COORDINATES;INSTITUTION_MATCH_FUZZY;INSTITUTION_COLLECTION_MISMATCH
1656061024,06a00852-f764-4fb8-80d4-ca51f0918459,https://arctos.database.museum/guid/UMNH:Mamm:39853,Animalia,Chordata,Mammalia,Rodentia,Sciuridae,Tamias,Tamias umbrinus,inyoensis,SUBSPECIES,"Tamias umbrinus inyoensis (Merriam, 1897)",Tamias umbrinus inyoensis,,US,"Snake Range, Great Basin National Park, 0.15 km NE outlet of Stella Lake",Nevada,PRESENT,,2d6267a0-0561-11d8-b851-b8a03c50a862,39.00673,-114.3168,100,,3163,0,,,8/18/15,18,8,2015,4263608,2437441,PRESERVED_SPECIMEN,UMNH,Mammalogy,UMNH:Mamm:39853,BAK 657,unknown,2016-10-24T00:00:00,CC0_1_0,,Collector(s): Brooks A. Kohli,,,2026-02-26T00:00:49.666Z,,CONTINENT_DERIVED_FROM_COORDINATES;INSTITUTION_MATCH_FUZZY;INSTITUTION_COLLECTION_MISMATCH
1656061023,06a00852-f764-4fb8-80d4-ca51f0918459,https://arctos.database.museum/guid/UMNH:Mamm:39862,Animalia,Chordata,Mammalia,Rodentia,Sciuridae,Tamias,Tamias umbrinus,inyoensis,SUBSPECIES,"Tamias umbrinus inyoensis (Merriam, 1897)",Tamias umbrinus inyoensis,,US,"Snake Range, Great Basin National Park, 0.15 km N outlet of Stella Lake",Nevada,PRESENT,,2d6267a0-0561-11d8-b851-b8a03c50a862,39.00725,-114.31796,100,,3176,0,,,8/18/15,18,8,2015,4263608,2437441,PRESERVED_SPECIMEN,UMNH,Mammalogy,UMNH:Mamm:39862,BAK 685,unknown,2016-10-24T00:00:00,CC0_1_0,,Collector(s): Brooks A. Kohli,,,2026-02-26T00:00:50.826Z,,CONTINENT_DERIVED_FROM_COORDINATES;INSTITUTION_MATCH_FUZZY;INSTITUTION_COLLECTION_MISMATCH
1656061022,06a00852-f764-4fb8-80d4-ca51f0918459,https://arctos.database.museum/guid/UMNH:Mamm:39894,Animalia,Chordata,Mammalia,Rodentia,Sciuridae,Tamias,Tamias umbrinus,inyoensis,SUBSPECIES,"Tamias umbrinus inyoensis (Merriam, 1897)",Tamias umbrinus inyoensis,,US,"Snake Range, Great Basin National Park, 0.60 km S, 0.30 km E summit of Bald Mountain",Nevada,PRESENT,,2d6267a0-0561-11d8-b851-b8a03c50a862,39.01449,-114.31933,100,,3288,0,,,8/22/15,22,8,2015,4263608,2437441,PRESERVED_SPECIMEN,UMNH,Mammalogy,UMNH:Mamm:39894,BAK 803,unknown,2016-10-24T00:00:00,CC0_1_0,,Collector(s): Brooks A. Kohli,,,2026-02-26T00:00:52.046Z,,CONTINENT_DERIVED_FROM_COORDINATES;INSTITUTION_MATCH_FUZZY;INSTITUTION_COLLECTION_MISMATCH
1656061021,06a00852-f764-4fb8-80d4-ca51f0918459,https://arctos.database.museum/guid/UMNH:Mamm:39911,Animalia,Chordata,Mammalia,Rodentia,Sciuridae,Tamias,Tamias umbrinus,inyoensis,SUBSPECIES,"Tamias umbrinus inyoensis (Merriam, 1897)",Tamias umbrinus inyoensis,,US,"Snake Range, Great Basin National Park, 0.45 km S summit of Bald Mountain",Nevada,PRESENT,,2d6267a0-0561-11d8-b851-b8a03c50a862,39.01598,-114.32269,100,,3397,0,,,8/25/15,25,8,2015,4263608,2437441,PRESERVED_SPECIMEN,UMNH,Mammalogy,UMNH:Mamm:39911,BAK 881,unknown,2016-10-24T00:00:00,CC0_1_0,,Collector(s): Brooks A. Kohli,,,2026-02-26T00:00:51.576Z,,CONTINENT_DERIVED_FROM_COORDINATES;INSTITUTION_MATCH_FUZZY;INSTITUTION_COLLECTION_MISMATCH
1656061019,06a00852-f764-4fb8-80d4-ca51f0918459,https://arctos.database.museum/guid/UMNH:Mamm:39910,Animalia,Chordata,Mammalia,Rodentia,Sciuridae,Tamias,Tamias umbrinus,inyoensis,SUBSPECIES,"Tamias umbrinus inyoensis (Merriam, 1897)",Tamias umbrinus inyoensis,,US,"Snake Range, Great Basin National Park, 0.45 km S summit of Bald Mountain",Nevada,PRESENT,,2d6267a0-0561-11d8-b851-b8a03c50a862,39.01598,-114.32269,100,,3397,0,,,8/24/15,24,8,2015,4263608,2437441,PRESERVED_SPECIMEN,UMNH,Mammalogy,UMNH:Mamm:39910,BAK 880,unknown,2016-10-24T00:00:00,CC0_1_0,,Collector(s): Brooks A. Kohli,,,2026-02-26T00:00:51.095Z,,CONTINENT_DERIVED_FROM_COORDINATES;INSTITUTION_MATCH_FUZZY;INSTITUTION_COLLECTION_MISMATCH
1656061018,06a00852-f764-4fb8-80d4-ca51f0918459,https://arctos.database.museum/guid/UMNH:Mamm:39897,Animalia,Chordata,Mammalia,Rodentia,Sciuridae,Tamias,Tamias umbrinus,inyoensis,SUBSPECIES,"Tamias umbrinus inyoensis (Merriam, 1897)",Tamias umbrinus inyoensis,,US,"Snake Range, Great Basin National Park, 0.60 km S, 0.30 km E summit of Bald Mountain",Nevada,PRESENT,,2d6267a0-0561-11d8-b851-b8a03c50a862,39.01449,-114.31933,100,,3288,0,,,8/22/15,22,8,2015,4263608,2437441,PRESERVED_SPECIMEN,UMNH,Mammalogy,UMNH:Mamm:39897,BAK 820,unknown,2016-10-24T00:00:00,CC0_1_0,,Collector(s): Brooks A. Kohli,,,2026-02-26T00:00:51.860Z,,CONTINENT_DERIVED_FROM_COORDINATES;INSTITUTION_MATCH_FUZZY;INSTITUTION_COLLECTION_MISMATCH
1656061017,06a00852-f764-4fb8-80d4-ca51f0918459,https://arctos.database.museum/guid/UMNH:Mamm:39885,Animalia,Chordata,Mammalia,Rodentia,Sciuridae,Tamias,Tamias umbrinus,inyoensis,SUBSPECIES,"Tamias umbrinus inyoensis (Merriam, 1897)",Tamias umbrinus inyoensis,,US,"Snake Range, Great Basin National Park, 0.40 km S outlet of Stella Lake",Nevada,PRESENT,,2d6267a0-0561-11d8-b851-b8a03c50a862,39.00217,-114.31868,100,,3211,0,,,8/20/15,20,8,2015,4263608,2437441,PRESERVED_SPECIMEN,UMNH,Mammalogy,UMNH:Mamm:39885,BAK 752,unknown,2016-10-24T00:00:00,CC0_1_0,,Collector(s): Brooks A. Kohli,,,2026-02-26T00:00:53.390Z,,CONTINENT_DERIVED_FROM_COORDINATES;INSTITUTION_MATCH_FUZZY;INSTITUTION_COLLECTION_MISMATCH
1656061016,06a00852-f764-4fb8-80d4-ca51f0918459,https://arctos.database.museum/guid/UMNH:Mamm:39855,Animalia,Chordata,Mammalia,Rodentia,Sciuridae,Tamias,Tamias umbrinus,inyoensis,SUBSPECIES,"Tamias umbrinus inyoensis (Merriam, 1897)",Tamias umbrinus inyoensis,,US,"Snake Range, Great Basin National Park, 0.15 km NE outlet of Stella Lake",Nevada,PRESENT,,2d6267a0-0561-11d8-b851-b8a03c50a862,39.00673,-114.3168,100,,3163,0,,,8/18/15,18,8,2015,4263608,2437441,PRESERVED_SPECIMEN,UMNH,Mammalogy,UMNH:Mamm:39855,BAK 659,unknown,2016-10-24T00:00:00,CC0_1_0,,Collector(s): Brooks A. Kohli,,,2026-02-26T00:00:49.738Z,,CONTINENT_DERIVED_FROM_COORDINATES;INSTITUTION_MATCH_FUZZY;INSTITUTION_COLLECTION_MISMATCH
1656061015,06a00852-f764-4fb8-80d4-ca51f0918459,https://arctos.database.museum/guid/UMNH:Mamm:39867,Animalia,Chordata,Mammalia,Rodentia,Sciuridae,Tamias,Tamias umbrinus,inyoensis,SUBSPECIES,"Tamias umbrinus inyoensis (Merriam, 1897)",Tamias umbrinus inyoensis,,US,"Snake Range, Great Basin National Park, 0.15 km N outlet of Stella Lake",Nevada,PRESENT,,2d6267a0-0561-11d8-b851-b8a03c50a862,39.00725,-114.31796,100,,3176,0,,,8/18/15,18,8,2015,4263608,2437441,PRESERVED_SPECIMEN,UMNH,Mammalogy,UMNH:Mamm:39867,BAK 696,unknown,2016-10-24T00:00:00,CC0_1_0,,Collector(s): Brooks A. Kohli,,,2026-02-26T00:00:51.575Z,,CONTINENT_DERIVED_FROM_COORDINATES;INSTITUTION_MATCH_FUZZY;INSTITUTION_COLLECTION_MISMATCH
1656061014,06a00852-f764-4fb8-80d4-ca51f0918459,https://arctos.database.museum/guid/UMNH:Mamm:39871,Animalia,Chordata,Mammalia,Rodentia,Sciuridae,Tamias,Tamias umbrinus,inyoensis,SUBSPECIES,"Tamias umbrinus inyoensis (Merriam, 1897)",Tamias umbrinus inyoensis,,US,"Snake Range, Great Basin National Park, 0.15 km N outlet of Stella Lake",Nevada,PRESENT,,2d6267a0-0561-11d8-b851-b8a03c50a862,39.00725,-114.31796,100,,3176,0,,,8/19/15,19,8,2015,4263608,2437441,PRESERVED_SPECIMEN,UMNH,Mammalogy,UMNH:Mamm:39871,BAK 700,unknown,2016-10-24T00:00:00,CC0_1_0,,Collector(s): Brooks A. Kohli,,,2026-02-26T00:00:52.409Z,,CONTINENT_DERIVED_FROM_COORDINATES;INSTITUTION_MATCH_FUZZY;INSTITUTION_COLLECTION_MISMATCH
1656061013,06a00852-f764-4fb8-80d4-ca51f0918459,https://arctos.database.museum/guid/UMNH:Mamm:39879,Animalia,Chordata,Mammalia,Rodentia,Sciuridae,Tamias,Tamias umbrinus,inyoensis,SUBSPECIES,"Tamias umbrinus inyoensis (Merriam, 1897)",Tamias umbrinus inyoensis,,US,"Snake Range, Great Basin National Park, 0.40 km S outlet of Stella Lake",Nevada,PRESENT,,2d6267a0-0561-11d8-b851-b8a03c50a862,39.00217,-114.31868,100,,3211,0,,,8/20/15,20,8,2015,4263608,2437441,PRESERVED_SPECIMEN,UMNH,Mammalogy,UMNH:Mamm:39879,BAK 722,unknown,2016-10-24T00:00:00,CC0_1_0,,Collector(s): Brooks A. Kohli,,,2026-02-26T00:00:50.726Z,,CONTINENT_DERIVED_FROM_COORDINATES;INSTITUTION_MATCH_FUZZY;INSTITUTION_COLLECTION_MISMATCH
1656061010,06a00852-f764-4fb8-80d4-ca51f0918459,https://arctos.database.museum/guid/UMNH:Mamm:39874,Animalia,Chordata,Mammalia,Rodentia,Sciuridae,Tamias,Tamias umbrinus,inyoensis,SUBSPECIES,"Tamias umbrinus inyoensis (Merriam, 1897)",Tamias umbrinus inyoensis,,US,"Snake Range, Great Basin National Park, 0.15 km NE outlet of Stella Lake",Nevada,PRESENT,,2d6267a0-0561-11d8-b851-b8a03c50a862,39.00673,-114.3168,100,,3163,0,,,8/18/15,18,8,2015,4263608,2437441,PRESERVED_SPECIMEN,UMNH,Mammalogy,UMNH:Mamm:39874,BAK 709,unknown,2016-10-24T00:00:00,CC0_1_0,,Collector(s): Brooks A. Kohli,,,2026-02-26T00:00:52.734Z,,CONTINENT_DERIVED_FROM_COORDINATES;INSTITUTION_MATCH_FUZZY;INSTITUTION_COLLECTION_MISMATCH
1656061009,06a00852-f764-4fb8-80d4-ca51f0918459,https://arctos.database.museum/guid/UMNH:Mamm:39900,Animalia,Chordata,Mammalia,Rodentia,Sciuridae,Tamias,Tamias umbrinus,inyoensis,SUBSPECIES,"Tamias umbrinus inyoensis (Merriam, 1897)",Tamias umbrinus inyoensis,,US,"Snake Range, Great Basin National Park, 0.45 km S summit of Bald Mountain",Nevada,PRESENT,,2d6267a0-0561-11d8-b851-b8a03c50a862,39.01598,-114.32269,100,,3397,0,,,8/22/15,22,8,2015,4263608,2437441,PRESERVED_SPECIMEN,UMNH,Mammalogy,UMNH:Mamm:39900,BAK 825,unknown,2016-10-24T00:00:00,CC0_1_0,,Collector(s): Brooks A. Kohli,,,2026-02-26T00:00:50.025Z,,CONTINENT_DERIVED_FROM_COORDINATES;INSTITUTION_MATCH_FUZZY;INSTITUTION_COLLECTION_MISMATCH
1656061008,06a00852-f764-4fb8-80d4-ca51f0918459,https://arctos.database.museum/guid/UMNH:Mamm:39896,Animalia,Chordata,Mammalia,Rodentia,Sciuridae,Tamias,Tamias umbrinus,inyoensis,SUBSPECIES,"Tamias umbrinus inyoensis (Merriam, 1897)",Tamias umbrinus inyoensis,,US,"Snake Range, Great Basin National Park, 0.60 km S, 0.30 km E summit of Bald Mountain",Nevada,PRESENT,,2d6267a0-0561-11d8-b851-b8a03c50a862,39.01449,-114.31933,100,,3288,0,,,8/22/15,22,8,2015,4263608,2437441,PRESERVED_SPECIMEN,UMNH,Mammalogy,UMNH:Mamm:39896,BAK 819,unknown,2016-10-24T00:00:00,CC0_1_0,,Collector(s): Brooks A. Kohli,,,2026-02-26T00:00:51.806Z,,CONTINENT_DERIVED_FROM_COORDINATES;INSTITUTION_MATCH_FUZZY;INSTITUTION_COLLECTION_MISMATCH
1656061006,06a00852-f764-4fb8-80d4-ca51f0918459,https://arctos.database.museum/guid/UMNH:Mamm:39881,Animalia,Chordata,Mammalia,Rodentia,Sciuridae,Tamias,Tamias umbrinus,inyoensis,SUBSPECIES,"Tamias umbrinus inyoensis (Merriam, 1897)",Tamias umbrinus inyoensis,,US,"Snake Range, Great Basin National Park, 0.40 km S outlet of Stella Lake",Nevada,PRESENT,,2d6267a0-0561-11d8-b851-b8a03c50a862,39.00217,-114.31868,100,,3211,0,,,8/19/15,19,8,2015,4263608,2437441,PRESERVED_SPECIMEN,UMNH,Mammalogy,UMNH:Mamm:39881,BAK 729,unknown,2016-10-24T00:00:00,CC0_1_0,,Collector(s): Brooks A. Kohli,,,2026-02-26T00:00:52.885Z,,CONTINENT_DERIVED_FROM_COORDINATES;INSTITUTION_MATCH_FUZZY;INSTITUTION_COLLECTION_MISMATCH
1656061004,06a00852-f764-4fb8-80d4-ca51f0918459,https://arctos.database.museum/guid/UMNH:Mamm:39893,Animalia,Chordata,Mammalia,Rodentia,Sciuridae,Tamias,Tamias umbrinus,inyoensis,SUBSPECIES,"Tamias umbrinus inyoensis (Merriam, 1897)",Tamias umbrinus inyoensis,,US,"Snake Range, Great Basin National Park, 0.15 km NE outlet of Stella Lake",Nevada,PRESENT,,2d6267a0-0561-11d8-b851-b8a03c50a862,39.00673,-114.3168,100,,3163,0,,,8/20/15,20,8,2015,4263608,2437441,PRESERVED_SPECIMEN,UMNH,Mammalogy,UMNH:Mamm:39893,BAK 772,unknown,2016-10-24T00:00:00,CC0_1_0,,Collector(s): Brooks A. Kohli,,,2026-02-26T00:00:52.038Z,,CONTINENT_DERIVED_FROM_COORDINATES;INSTITUTION_MATCH_FUZZY;INSTITUTION_COLLECTION_MISMATCH
1656061003,06a00852-f764-4fb8-80d4-ca51f0918459,https://arctos.database.museum/guid/UMNH:Mamm:39891,Animalia,Chordata,Mammalia,Rodentia,Sciuridae,Tamias,Tamias umbrinus,inyoensis,SUBSPECIES,"Tamias umbrinus inyoensis (Merriam, 1897)",Tamias umbrinus inyoensis,,US,"Snake Range, Great Basin National Park, 0.15 km NE outlet of Stella Lake",Nevada,PRESENT,,2d6267a0-0561-11d8-b851-b8a03c50a862,39.00673,-114.3168,100,,3163,0,,,8/20/15,20,8,2015,4263608,2437441,PRESERVED_SPECIMEN,UMNH,Mammalogy,UMNH:Mamm:39891,BAK 770,unknown,2016-10-24T00:00:00,CC0_1_0,,Collector(s): Brooks A. Kohli,,,2026-02-26T00:00:51.828Z,,CONTINENT_DERIVED_FROM_COORDINATES;INSTITUTION_MATCH_FUZZY;INSTITUTION_COLLECTION_MISMATCH
1656061002,06a00852-f764-4fb8-80d4-ca51f0918459,https://arctos.database.museum/guid/UMNH:Mamm:39868,Animalia,Chordata,Mammalia,Rodentia,Sciuridae,Tamias,Tamias umbrinus,inyoensis,SUBSPECIES,"Tamias umbrinus inyoensis (Merriam, 1897)",Tamias umbrinus inyoensis,,US,"Snake Range, Great Basin National Park, 0.15 km N outlet of Stella Lake",Nevada,PRESENT,,2d6267a0-0561-11d8-b851-b8a03c50a862,39.00725,-114.31796,100,,3176,0,,,8/18/15,18,8,2015,4263608,2437441,PRESERVED_SPECIMEN,UMNH,Mammalogy,UMNH:Mamm:39868,BAK 697,unknown,2016-10-24T00:00:00,CC0_1_0,,Collector(s): Brooks A. Kohli,,,2026-02-26T00:00:51.605Z,,CONTINENT_DERIVED_FROM_COORDINATES;INSTITUTION_MATCH_FUZZY;INSTITUTION_COLLECTION_MISMATCH
1656061001,06a00852-f764-4fb8-80d4-ca51f0918459,https://arctos.database.museum/guid/UMNH:Mamm:39852,Animalia,Chordata,Mammalia,Rodentia,Sciuridae,Tamias,Tamias umbrinus,inyoensis,SUBSPECIES,"Tamias umbrinus inyoensis (Merriam, 1897)",Tamias umbrinus inyoensis,,US,"Snake Range, Great Basin National Park, 0.15 km NE outlet of Stella Lake",Nevada,PRESENT,,2d6267a0-0561-11d8-b851-b8a03c50a862,39.00673,-114.3168,100,,3163,0,,,8/18/15,18,8,2015,4263608,2437441,PRESERVED_SPECIMEN,UMNH,Mammalogy,UMNH:Mamm:39852,BAK 656,unknown,2016-10-24T00:00:00,CC0_1_0,,Collector(s): Brooks A. Kohli,,,2026-02-26T00:00:49.689Z,,CONTINENT_DERIVED_FROM_COORDINATES;INSTITUTION_MATCH_FUZZY;INSTITUTION_COLLECTION_MISMATCH
1656060999,06a00852-f764-4fb8-80d4-ca51f0918459,https://arctos.database.museum/guid/UMNH:Mamm:39860,Animalia,Chordata,Mammalia,Rodentia,Sciuridae,Tamias,Tamias umbrinus,inyoensis,SUBSPECIES,"Tamias umbrinus inyoensis (Merriam, 1897)",Tamias umbrinus inyoensis,,US,"Snake Range, Great Basin National Park, 0.15 km N outlet of Stella Lake",Nevada,PRESENT,,2d6267a0-0561-11d8-b851-b8a03c50a862,39.00725,-114.31796,100,,3176,0,,,8/18/15,18,8,2015,4263608,2437441,PRESERVED_SPECIMEN,UMNH,Mammalogy,UMNH:Mamm:39860,BAK 683,unknown,2016-10-24T00:00:00,CC0_1_0,,Collector(s): Brooks A. Kohli,,,2026-02-26T00:00:50.921Z,,CONTINENT_DERIVED_FROM_COORDINATES;INSTITUTION_MATCH_FUZZY;INSTITUTION_COLLECTION_MISMATCH
1656060998,06a00852-f764-4fb8-80d4-ca51f0918459,https://arctos.database.museum/guid/UMNH:Mamm:39865,Animalia,Chordata,Mammalia,Rodentia,Sciuridae,Tamias,Tamias umbrinus,inyoensis,SUBSPECIES,"Tamias umbrinus inyoensis (Merriam, 1897)",Tamias umbrinus inyoensis,,US,"Snake Range, Great Basin National Park, 0.15 km N outlet of Stella Lake",Nevada,PRESENT,,2d6267a0-0561-11d8-b851-b8a03c50a862,39.00725,-114.31796,100,,3176,0,,,8/18/15,18,8,2015,4263608,2437441,PRESERVED_SPECIMEN,UMNH,Mammalogy,UMNH:Mamm:39865,BAK 694,unknown,2016-10-24T00:00:00,CC0_1_0,,Collector(s): Brooks A. Kohli,,,2026-02-26T00:00:51.064Z,,CONTINENT_DERIVED_FROM_COORDINATES;INSTITUTION_MATCH_FUZZY;INSTITUTION_COLLECTION_MISMATCH
1656060997,06a00852-f764-4fb8-80d4-ca51f0918459,https://arctos.database.museum/guid/UMNH:Mamm:39882,Animalia,Chordata,Mammalia,Rodentia,Sciuridae,Tamias,Tamias umbrinus,inyoensis,SUBSPECIES,"Tamias umbrinus inyoensis (Merriam, 1897)",Tamias umbrinus inyoensis,,US,"Snake Range, Great Basin National Park, 0.40 km S outlet of Stella Lake",Nevada,PRESENT,,2d6267a0-0561-11d8-b851-b8a03c50a862,39.00217,-114.31868,100,,3211,0,,,8/20/15,20,8,2015,4263608,2437441,PRESERVED_SPECIMEN,UMNH,Mammalogy,UMNH:Mamm:39882,BAK 749,unknown,2016-10-24T00:00:00,CC0_1_0,,Collector(s): Brooks A. Kohli,,,2026-02-26T00:00:52.953Z,,CONTINENT_DERIVED_FROM_COORDINATES;INSTITUTION_MATCH_FUZZY;INSTITUTION_COLLECTION_MISMATCH
1656060996,06a00852-f764-4fb8-80d4-ca51f0918459,https://arctos.database.museum/guid/UMNH:Mamm:39844,Animalia,Chordata,Mammalia,Rodentia,Sciuridae,Tamias,Tamias umbrinus,inyoensis,SUBSPECIES,"Tamias umbrinus inyoensis (Merriam, 1897)",Tamias umbrinus inyoensis,,US,"Snake Range, Great Basin National Park, 0.10 km N, 0.80 km W confluence of main and south forks of Baker Creek",Nevada,PRESENT,,2d6267a0-0561-11d8-b851-b8a03c50a862,38.9761,-114.2563,100,,2597,0,,,8/15/15,15,8,2015,4263608,2437441,PRESERVED_SPECIMEN,UMNH,Mammalogy,UMNH:Mamm:39844,BAK 605,unknown,2016-10-24T00:00:00,CC0_1_0,,Collector(s): Brooks A. Kohli,,,2026-02-26T00:00:52.572Z,,CONTINENT_DERIVED_FROM_COORDINATES;INSTITUTION_MATCH_FUZZY;INSTITUTION_COLLECTION_MISMATCH
1656060995,06a00852-f764-4fb8-80d4-ca51f0918459,https://arctos.database.museum/guid/UMNH:Mamm:39872,Animalia,Chordata,Mammalia,Rodentia,Sciuridae,Tamias,Tamias umbrinus,inyoensis,SUBSPECIES,"Tamias umbrinus inyoensis (Merriam, 1897)",Tamias umbrinus inyoensis,,US,"Snake Range, Great Basin National Park, 0.15 km N outlet of Stella Lake",Nevada,PRESENT,,2d6267a0-0561-11d8-b851-b8a03c50a862,39.00725,-114.31796,100,,3176,0,,,8/19/15,19,8,2015,4263608,2437441,PRESERVED_SPECIMEN,UMNH,Mammalogy,UMNH:Mamm:39872,BAK 701,unknown,2016-10-24T00:00:00,CC0_1_0,,Collector(s): Brooks A. Kohli,,,2026-02-26T00:00:52.296Z,,CONTINENT_DERIVED_FROM_COORDINATES;INSTITUTION_MATCH_FUZZY;INSTITUTION_COLLECTION_MISMATCH
1656060994,06a00852-f764-4fb8-80d4-ca51f0918459,https://arctos.database.museum/guid/UMNH:Mamm:39888,Animalia,Chordata,Mammalia,Rodentia,Sciuridae,Tamias,Tamias umbrinus,inyoensis,SUBSPECIES,"Tamias umbrinus inyoensis (Merriam, 1897)",Tamias umbrinus inyoensis,,US,"Snake Range, Great Basin National Park, 0.15 km N outlet of Stella Lake",Nevada,PRESENT,,2d6267a0-0561-11d8-b851-b8a03c50a862,39.00725,-114.31796,100,,3176,0,,,8/20/15,20,8,2015,4263608,2437441,PRESERVED_SPECIMEN,UMNH,Mammalogy,UMNH:Mamm:39888,BAK 764,unknown,2016-10-24T00:00:00,CC0_1_0,,Collector(s): Brooks A. Kohli,,,2026-02-26T00:00:53.220Z,,CONTINENT_DERIVED_FROM_COORDINATES;INSTITUTION_MATCH_FUZZY;INSTITUTION_COLLECTION_MISMATCH
1656060993,06a00852-f764-4fb8-80d4-ca51f0918459,https://arctos.database.museum/guid/UMNH:Mamm:39842,Animalia,Chordata,Mammalia,Rodentia,Sciuridae,Tamias,Tamias umbrinus,inyoensis,SUBSPECIES,"Tamias umbrinus inyoensis (Merriam, 1897)",Tamias umbrinus inyoensis,,US,"Snake Range, Great Basin National Park, 0.10 km N, 0.80 km W confluence of main and south forks of Baker Creek",Nevada,PRESENT,,2d6267a0-0561-11d8-b851-b8a03c50a862,38.9761,-114.2563,100,,2597,0,,,8/13/15,13,8,2015,4263608,2437441,PRESERVED_SPECIMEN,UMNH,Mammalogy,UMNH:Mamm:39842,BAK 572,unknown,2016-10-24T00:00:00,CC0_1_0,,Collector(s): Brooks A. Kohli,,,2026-02-26T00:00:52.735Z,,CONTINENT_DERIVED_FROM_COORDINATES;INSTITUTION_MATCH_FUZZY;INSTITUTION_COLLECTION_MISMATCH
1656060990,06a00852-f764-4fb8-80d4-ca51f0918459,https://arctos.database.museum/guid/UMNH:Mamm:39861,Animalia,Chordata,Mammalia,Rodentia,Sciuridae,Tamias,Tamias umbrinus,inyoensis,SUBSPECIES,"Tamias umbrinus inyoensis (Merriam, 1897)",Tamias umbrinus inyoensis,,US,"Snake Range, Great Basin National Park, 0.15 km N outlet of Stella Lake",Nevada,PRESENT,,2d6267a0-0561-11d8-b851-b8a03c50a862,39.00725,-114.31796,100,,3176,0,,,8/18/15,18,8,2015,4263608,2437441,PRESERVED_SPECIMEN,UMNH,Mammalogy,UMNH:Mamm:39861,BAK 684,unknown,2016-10-24T00:00:00,CC0_1_0,,Collector(s): Brooks A. Kohli,,,2026-02-26T00:00:50.905Z,,CONTINENT_DERIVED_FROM_COORDINATES;INSTITUTION_MATCH_FUZZY;INSTITUTION_COLLECTION_MISMATCH
1656060989,06a00852-f764-4fb8-80d4-ca51f0918459,https://arctos.database.museum/guid/UMNH:Mamm:39845,Animalia,Chordata,Mammalia,Rodentia,Sciuridae,Tamias,Tamias umbrinus,inyoensis,SUBSPECIES,"Tamias umbrinus inyoensis (Merriam, 1897)",Tamias umbrinus inyoensis,,US,"Snake Range, Great Basin National Park, 0.35 km S, 0.25 km W confluence of main and south forks of Baker Creek",Nevada,PRESENT,,2d6267a0-0561-11d8-b851-b8a03c50a862,38.97221,-114.25002,100,,2530,0,,,8/15/15,15,8,2015,4263608,2437441,PRESERVED_SPECIMEN,UMNH,Mammalogy,UMNH:Mamm:39845,BAK 608,unknown,2016-10-24T00:00:00,CC0_1_0,,Collector(s): Brooks A. Kohli,,,2026-02-26T00:00:49.077Z,,CONTINENT_DERIVED_FROM_COORDINATES;INSTITUTION_MATCH_FUZZY;INSTITUTION_COLLECTION_MISMATCH
1656060988,06a00852-f764-4fb8-80d4-ca51f0918459,https://arctos.database.museum/guid/UMNH:Mamm:39854,Animalia,Chordata,Mammalia,Rodentia,Sciuridae,Tamias,Tamias umbrinus,inyoensis,SUBSPECIES,"Tamias umbrinus inyoensis (Merriam, 1897)",Tamias umbrinus inyoensis,,US,"Snake Range, Great Basin National Park, 0.15 km NE outlet of Stella Lake",Nevada,PRESENT,,2d6267a0-0561-11d8-b851-b8a03c50a862,39.00673,-114.3168,100,,3163,0,,,8/18/15,18,8,2015,4263608,2437441,PRESERVED_SPECIMEN,UMNH,Mammalogy,UMNH:Mamm:39854,BAK 658,unknown,2016-10-24T00:00:00,CC0_1_0,,Collector(s): Brooks A. Kohli,,,2026-02-26T00:00:49.662Z,,CONTINENT_DERIVED_FROM_COORDINATES;INSTITUTION_MATCH_FUZZY;INSTITUTION_COLLECTION_MISMATCH
1656060987,06a00852-f764-4fb8-80d4-ca51f0918459,https://arctos.database.museum/guid/UMNH:Mamm:39878,Animalia,Chordata,Mammalia,Rodentia,Sciuridae,Tamias,Tamias umbrinus,inyoensis,SUBSPECIES,"Tamias umbrinus inyoensis (Merriam, 1897)",Tamias umbrinus inyoensis,,US,"Snake Range, Great Basin National Park, 0.15 km NE outlet of Stella Lake",Nevada,PRESENT,,2d6267a0-0561-11d8-b851-b8a03c50a862,39.00673,-114.3168,100,,3163,0,,,8/19/15,19,8,2015,4263608,2437441,PRESERVED_SPECIMEN,UMNH,Mammalogy,UMNH:Mamm:39878,BAK 713,unknown,2016-10-24T00:00:00,CC0_1_0,,Collector(s): Brooks A. Kohli,,,2026-02-26T00:00:50.798Z,,CONTINENT_DERIVED_FROM_COORDINATES;INSTITUTION_MATCH_FUZZY;INSTITUTION_COLLECTION_MISMATCH
1656060984,06a00852-f764-4fb8-80d4-ca51f0918459,https://arctos.database.museum/guid/UMNH:Mamm:39873,Animalia,Chordata,Mammalia,Rodentia,Sciuridae,Tamias,Tamias umbrinus,inyoensis,SUBSPECIES,"Tamias umbrinus inyoensis (Merriam, 1897)",Tamias umbrinus inyoensis,,US,"Snake Range, Great Basin National Park, 0.15 km NE outlet of Stella Lake",Nevada,PRESENT,,2d6267a0-0561-11d8-b851-b8a03c50a862,39.00673,-114.3168,100,,3163,0,,,8/18/15,18,8,2015,4263608,2437441,PRESERVED_SPECIMEN,UMNH,Mammalogy,UMNH:Mamm:39873,BAK 708,unknown,2016-10-24T00:00:00,CC0_1_0,,Collector(s): Brooks A. Kohli,,,2026-02-26T00:00:52.559Z,,CONTINENT_DERIVED_FROM_COORDINATES;INSTITUTION_MATCH_FUZZY;INSTITUTION_COLLECTION_MISMATCH
1656060980,06a00852-f764-4fb8-80d4-ca51f0918459,https://arctos.database.museum/guid/UMNH:Mamm:39851,Animalia,Chordata,Mammalia,Rodentia,Sciuridae,Tamias,Tamias umbrinus,inyoensis,SUBSPECIES,"Tamias umbrinus inyoensis (Merriam, 1897)",Tamias umbrinus inyoensis,,US,"Snake Range, Great Basin National Park, 0.15 km NE outlet of Stella Lake",Nevada,PRESENT,,2d6267a0-0561-11d8-b851-b8a03c50a862,39.00673,-114.3168,100,,3163,0,,,8/18/15,18,8,2015,4263608,2437441,PRESERVED_SPECIMEN,UMNH,Mammalogy,UMNH:Mamm:39851,BAK 655,unknown,2016-10-24T00:00:00,CC0_1_0,,Collector(s): Brooks A. Kohli,,,2026-02-26T00:00:49.690Z,,CONTINENT_DERIVED_FROM_COORDINATES;INSTITUTION_MATCH_FUZZY;INSTITUTION_COLLECTION_MISMATCH
1656060979,06a00852-f764-4fb8-80d4-ca51f0918459,https://arctos.database.museum/guid/UMNH:Mamm:39877,Animalia,Chordata,Mammalia,Rodentia,Sciuridae,Tamias,Tamias umbrinus,inyoensis,SUBSPECIES,"Tamias umbrinus inyoensis (Merriam, 1897)",Tamias umbrinus inyoensis,,US,"Snake Range, Great Basin National Park, 0.15 km NE outlet of Stella Lake",Nevada,PRESENT,,2d6267a0-0561-11d8-b851-b8a03c50a862,39.00673,-114.3168,100,,3163,0,,,8/18/15,18,8,2015,4263608,2437441,PRESERVED_SPECIMEN,UMNH,Mammalogy,UMNH:Mamm:39877,BAK 712,unknown,2016-10-24T00:00:00,CC0_1_0,,Collector(s): Brooks A. Kohli,,,2026-02-26T00:00:52.460Z,,CONTINENT_DERIVED_FROM_COORDINATES;INSTITUTION_MATCH_FUZZY;INSTITUTION_COLLECTION_MISMATCH
1656060977,06a00852-f764-4fb8-80d4-ca51f0918459,https://arctos.database.museum/guid/UMNH:Mamm:39848,Animalia,Chordata,Mammalia,Rodentia,Sciuridae,Tamias,Tamias umbrinus,inyoensis,SUBSPECIES,"Tamias umbrinus inyoensis (Merriam, 1897)",Tamias umbrinus inyoensis,,US,"Snake Range, Great Basin National Park, 0.15 km NE outlet of Stella Lake",Nevada,PRESENT,,2d6267a0-0561-11d8-b851-b8a03c50a862,39.00673,-114.3168,100,,3163,0,,,8/18/15,18,8,2015,4263608,2437441,PRESERVED_SPECIMEN,UMNH,Mammalogy,UMNH:Mamm:39848,BAK 652,unknown,2016-10-24T00:00:00,CC0_1_0,,Collector(s): Brooks A. Kohli,,,2026-02-26T00:00:49.058Z,,CONTINENT_DERIVED_FROM_COORDINATES;INSTITUTION_MATCH_FUZZY;INSTITUTION_COLLECTION_MISMATCH
1656060974,06a00852-f764-4fb8-80d4-ca51f0918459,https://arctos.database.museum/guid/UMNH:Mamm:39866,Animalia,Chordata,Mammalia,Rodentia,Sciuridae,Tamias,Tamias umbrinus,inyoensis,SUBSPECIES,"Tamias umbrinus inyoensis (Merriam, 1897)",Tamias umbrinus inyoensis,,US,"Snake Range, Great Basin National Park, 0.15 km N outlet of Stella Lake",Nevada,PRESENT,,2d6267a0-0561-11d8-b851-b8a03c50a862,39.00725,-114.31796,100,,3176,0,,,8/18/15,18,8,2015,4263608,2437441,PRESERVED_SPECIMEN,UMNH,Mammalogy,UMNH:Mamm:39866,BAK 695,unknown,2016-10-24T00:00:00,CC0_1_0,,Collector(s): Brooks A. Kohli,,,2026-02-26T00:00:51.095Z,,CONTINENT_DERIVED_FROM_COORDINATES;INSTITUTION_MATCH_FUZZY;INSTITUTION_COLLECTION_MISMATCH
1656060972,06a00852-f764-4fb8-80d4-ca51f0918459,https://arctos.database.museum/guid/UMNH:Mamm:39856,Animalia,Chordata,Mammalia,Rodentia,Sciuridae,Tamias,Tamias umbrinus,inyoensis,SUBSPECIES,"Tamias umbrinus inyoensis (Merriam, 1897)",Tamias umbrinus inyoensis,,US,"Snake Range, Great Basin National Park, 0.40 km S outlet of Stella Lake",Nevada,PRESENT,,2d6267a0-0561-11d8-b851-b8a03c50a862,39.00217,-114.31868,100,,3211,0,,,8/18/15,18,8,2015,4263608,2437441,PRESERVED_SPECIMEN,UMNH,Mammalogy,UMNH:Mamm:39856,BAK 661,unknown,2016-10-24T00:00:00,CC0_1_0,,Collector(s): Brooks A. Kohli,,,2026-02-26T00:00:50.024Z,,CONTINENT_DERIVED_FROM_COORDINATES;INSTITUTION_MATCH_FUZZY;INSTITUTION_COLLECTION_MISMATCH
1656060969,06a00852-f764-4fb8-80d4-ca51f0918459,https://arctos.database.museum/guid/UMNH:Mamm:39870,Animalia,Chordata,Mammalia,Rodentia,Sciuridae,Tamias,Tamias umbrinus,inyoensis,SUBSPECIES,"Tamias umbrinus inyoensis (Merriam, 1897)",Tamias umbrinus inyoensis,,US,"Snake Range, Great Basin National Park, 0.15 km N outlet of Stella Lake",Nevada,PRESENT,,2d6267a0-0561-11d8-b851-b8a03c50a862,39.00725,-114.31796,100,,3176,0,,,8/18/15,18,8,2015,4263608,2437441,PRESERVED_SPECIMEN,UMNH,Mammalogy,UMNH:Mamm:39870,BAK 699,unknown,2016-10-24T00:00:00,CC0_1_0,,Collector(s): Brooks A. Kohli,,,2026-02-26T00:00:52.315Z,,CONTINENT_DERIVED_FROM_COORDINATES;INSTITUTION_MATCH_FUZZY;INSTITUTION_COLLECTION_MISMATCH
1656060968,06a00852-f764-4fb8-80d4-ca51f0918459,https://arctos.database.museum/guid/UMNH:Mamm:39869,Animalia,Chordata,Mammalia,Rodentia,Sciuridae,Tamias,Tamias umbrinus,inyoensis,SUBSPECIES,"Tamias umbrinus inyoensis (Merriam, 1897)",Tamias umbrinus inyoensis,,US,"Snake Range, Great Basin National Park, 0.15 km N outlet of Stella Lake",Nevada,PRESENT,,2d6267a0-0561-11d8-b851-b8a03c50a862,39.00725,-114.31796,100,,3176,0,,,8/18/15,18,8,2015,4263608,2437441,PRESERVED_SPECIMEN,UMNH,Mammalogy,UMNH:Mamm:39869,BAK 698,unknown,2016-10-24T00:00:00,CC0_1_0,,Collector(s): Brooks A. Kohli,,,2026-02-26T00:00:51.554Z,,CONTINENT_DERIVED_FROM_COORDINATES;INSTITUTION_MATCH_FUZZY;INSTITUTION_COLLECTION_MISMATCH
1656060967,06a00852-f764-4fb8-80d4-ca51f0918459,https://arctos.database.museum/guid/UMNH:Mamm:39846,Animalia,Chordata,Mammalia,Rodentia,Sciuridae,Tamias,Tamias umbrinus,inyoensis,SUBSPECIES,"Tamias umbrinus inyoensis (Merriam, 1897)",Tamias umbrinus inyoensis,,US,"Snake Range, Great Basin National Park, 0.35 km S, 0.25 km W confluence of main and south forks of Baker Creek",Nevada,PRESENT,,2d6267a0-0561-11d8-b851-b8a03c50a862,38.97221,-114.25002,100,,2530,0,,,8/15/15,15,8,2015,4263608,2437441,PRESERVED_SPECIMEN,UMNH,Mammalogy,UMNH:Mamm:39846,BAK 617,unknown,2016-10-24T00:00:00,CC0_1_0,,Collector(s): Brooks A. Kohli,,,2026-02-26T00:00:49.064Z,,CONTINENT_DERIVED_FROM_COORDINATES;INSTITUTION_MATCH_FUZZY;INSTITUTION_COLLECTION_MISMATCH
1656060966,06a00852-f764-4fb8-80d4-ca51f0918459,https://arctos.database.museum/guid/UMNH:Mamm:39850,Animalia,Chordata,Mammalia,Rodentia,Sciuridae,Tamias,Tamias umbrinus,inyoensis,SUBSPECIES,"Tamias umbrinus inyoensis (Merriam, 1897)",Tamias umbrinus inyoensis,,US,"Snake Range, Great Basin National Park, 0.15 km NE outlet of Stella Lake",Nevada,PRESENT,,2d6267a0-0561-11d8-b851-b8a03c50a862,39.00673,-114.3168,100,,3163,0,,,8/18/15,18,8,2015,4263608,2437441,PRESERVED_SPECIMEN,UMNH,Mammalogy,UMNH:Mamm:39850,BAK 654,unknown,2016-10-24T00:00:00,CC0_1_0,,Collector(s): Brooks A. Kohli,,,2026-02-26T00:00:49.806Z,,CONTINENT_DERIVED_FROM_COORDINATES;INSTITUTION_MATCH_FUZZY;INSTITUTION_COLLECTION_MISMATCH
1656060961,06a00852-f764-4fb8-80d4-ca51f0918459,https://arctos.database.museum/guid/UMNH:Mamm:39847,Animalia,Chordata,Mammalia,Rodentia,Sciuridae,Tamias,Tamias umbrinus,inyoensis,SUBSPECIES,"Tamias umbrinus inyoensis (Merriam, 1897)",Tamias umbrinus inyoensis,,US,"Snake Range, Great Basin National Park, 0.35 km S, 0.25 km W confluence of main and south forks of Baker Creek",Nevada,PRESENT,,2d6267a0-0561-11d8-b851-b8a03c50a862,38.97221,-114.25002,100,,2530,0,,,8/16/15,16,8,2015,4263608,2437441,PRESERVED_SPECIMEN,UMNH,Mammalogy,UMNH:Mamm:39847,BAK 619,unknown,2016-10-24T00:00:00,CC0_1_0,,Collector(s): Brooks A. Kohli,,,2026-02-26T00:00:49.063Z,,CONTINENT_DERIVED_FROM_COORDINATES;INSTITUTION_MATCH_FUZZY;INSTITUTION_COLLECTION_MISMATCH
1656060960,06a00852-f764-4fb8-80d4-ca51f0918459,https://arctos.database.museum/guid/UMNH:Mamm:39859,Animalia,Chordata,Mammalia,Rodentia,Sciuridae,Tamias,Tamias umbrinus,inyoensis,SUBSPECIES,"Tamias umbrinus inyoensis (Merriam, 1897)",Tamias umbrinus inyoensis,,US,"Snake Range, Great Basin National Park, 0.15 km N outlet of Stella Lake",Nevada,PRESENT,,2d6267a0-0561-11d8-b851-b8a03c50a862,39.00725,-114.31796,100,,3176,0,,,8/18/15,18,8,2015,4263608,2437441,PRESERVED_SPECIMEN,UMNH,Mammalogy,UMNH:Mamm:39859,BAK 682,unknown,2016-10-24T00:00:00,CC0_1_0,,Collector(s): Brooks A. Kohli,,,2026-02-26T00:00:50.106Z,,CONTINENT_DERIVED_FROM_COORDINATES;INSTITUTION_MATCH_FUZZY;INSTITUTION_COLLECTION_MISMATCH
1656060956,06a00852-f764-4fb8-80d4-ca51f0918459,https://arctos.database.museum/guid/UMNH:Mamm:39858,Animalia,Chordata,Mammalia,Rodentia,Sciuridae,Tamias,Tamias umbrinus,inyoensis,SUBSPECIES,"Tamias umbrinus inyoensis (Merriam, 1897)",Tamias umbrinus inyoensis,,US,"Snake Range, Great Basin National Park, 0.15 km N outlet of Stella Lake",Nevada,PRESENT,,2d6267a0-0561-11d8-b851-b8a03c50a862,39.00725,-114.31796,100,,3176,0,,,8/18/15,18,8,2015,4263608,2437441,PRESERVED_SPECIMEN,UMNH,Mammalogy,UMNH:Mamm:39858,BAK 681,unknown,2016-10-24T00:00:00,CC0_1_0,,Collector(s): Brooks A. Kohli,,,2026-02-26T00:00:50.282Z,,CONTINENT_DERIVED_FROM_COORDINATES;INSTITUTION_MATCH_FUZZY;INSTITUTION_COLLECTION_MISMATCH
1656060949,06a00852-f764-4fb8-80d4-ca51f0918459,https://arctos.database.museum/guid/UMNH:Mamm:39849,Animalia,Chordata,Mammalia,Rodentia,Sciuridae,Tamias,Tamias umbrinus,inyoensis,SUBSPECIES,"Tamias umbrinus inyoensis (Merriam, 1897)",Tamias umbrinus inyoensis,,US,"Snake Range, Great Basin National Park, 0.15 km NE outlet of Stella Lake",Nevada,PRESENT,,2d6267a0-0561-11d8-b851-b8a03c50a862,39.00673,-114.3168,100,,3163,0,,,8/18/15,18,8,2015,4263608,2437441,PRESERVED_SPECIMEN,UMNH,Mammalogy,UMNH:Mamm:39849,BAK 653,unknown,2016-10-24T00:00:00,CC0_1_0,,Collector(s): Brooks A. Kohli,,,2026-02-26T00:00:49.185Z,,CONTINENT_DERIVED_FROM_COORDINATES;INSTITUTION_MATCH_FUZZY;INSTITUTION_COLLECTION_MISMATCH
1656060943,06a00852-f764-4fb8-80d4-ca51f0918459,https://arctos.database.museum/guid/UMNH:Mamm:39843,Animalia,Chordata,Mammalia,Rodentia,Sciuridae,Tamias,Tamias umbrinus,inyoensis,SUBSPECIES,"Tamias umbrinus inyoensis (Merriam, 1897)",Tamias umbrinus inyoensis,,US,"Snake Range, Great Basin National Park, 0.35 km S, 0.25 km W confluence of main and south forks of Baker Creek",Nevada,PRESENT,,2d6267a0-0561-11d8-b851-b8a03c50a862,38.97221,-114.25002,100,,2530,0,,,8/13/15,13,8,2015,4263608,2437441,PRESERVED_SPECIMEN,UMNH,Mammalogy,UMNH:Mamm:39843,BAK 580,unknown,2016-10-24T00:00:00,CC0_1_0,,Collector(s): Brooks A. Kohli,,,2026-02-26T00:00:55.424Z,,CONTINENT_DERIVED_FROM_COORDINATES;INSTITUTION_MATCH_FUZZY;INSTITUTION_COLLECTION_MISMATCH
1656060731,06a00852-f764-4fb8-80d4-ca51f0918459,https://arctos.database.museum/guid/UMNH:Mamm:39557,Animalia,Chordata,Mammalia,Rodentia,Sciuridae,Tamias,Tamias umbrinus,inyoensis,SUBSPECIES,"Tamias umbrinus inyoensis (Merriam, 1897)",Tamias umbrinus inyoensis,,US,"Snake Range, Great Basin National Park, Wheeler Peak campground, Lehman Creek",Nevada,PRESENT,,2d6267a0-0561-11d8-b851-b8a03c50a862,39.01025,-114.29868,100,,2998,0,,,8/18/15,18,8,2015,4263608,2437441,PRESERVED_SPECIMEN,UMNH,Mammalogy,UMNH:Mamm:39557,JLP 26566,unknown,2016-10-24T00:00:00,CC0_1_0,,Collector(s): James L. Patton,,,2026-02-26T00:00:51.845Z,,CONTINENT_DERIVED_FROM_COORDINATES;INSTITUTION_MATCH_FUZZY;INSTITUTION_COLLECTION_MISMATCH
1656060723,06a00852-f764-4fb8-80d4-ca51f0918459,https://arctos.database.museum/guid/UMNH:Mamm:39559,Animalia,Chordata,Mammalia,Rodentia,Sciuridae,Tamias,Tamias umbrinus,inyoensis,SUBSPECIES,"Tamias umbrinus inyoensis (Merriam, 1897)",Tamias umbrinus inyoensis,,US,"Snake Range, Great Basin National Park, Wheeler Peak campground, Lehman Creek",Nevada,PRESENT,,2d6267a0-0561-11d8-b851-b8a03c50a862,39.01025,-114.29868,100,,2998,0,,,8/18/15,18,8,2015,4263608,2437441,PRESERVED_SPECIMEN,UMNH,Mammalogy,UMNH:Mamm:39559,JLP 26568,unknown,2016-10-24T00:00:00,CC0_1_0,,Collector(s): James L. Patton,,,2026-02-26T00:00:51.827Z,,CONTINENT_DERIVED_FROM_COORDINATES;INSTITUTION_MATCH_FUZZY;INSTITUTION_COLLECTION_MISMATCH
1656060697,06a00852-f764-4fb8-80d4-ca51f0918459,https://arctos.database.museum/guid/UMNH:Mamm:39568,Animalia,Chordata,Mammalia,Rodentia,Sciuridae,Tamias,Tamias umbrinus,inyoensis,SUBSPECIES,"Tamias umbrinus inyoensis (Merriam, 1897)",Tamias umbrinus inyoensis,,US,"Snake Range, Great Basin National Park, Wheeler Peak campground, Lehman Creek",Nevada,PRESENT,,2d6267a0-0561-11d8-b851-b8a03c50a862,39.01168,-114.29943,100,,2995,0,,,8/21/15,21,8,2015,4263608,2437441,PRESERVED_SPECIMEN,UMNH,Mammalogy,UMNH:Mamm:39568,JLP 26595,unknown,2016-10-24T00:00:00,CC0_1_0,,Collector(s): James L. Patton,,,2026-02-26T00:00:54.747Z,,CONTINENT_DERIVED_FROM_COORDINATES;INSTITUTION_MATCH_FUZZY;INSTITUTION_COLLECTION_MISMATCH
1656060694,06a00852-f764-4fb8-80d4-ca51f0918459,https://arctos.database.museum/guid/UMNH:Mamm:39553,Animalia,Chordata,Mammalia,Rodentia,Sciuridae,Tamias,Tamias umbrinus,inyoensis,SUBSPECIES,"Tamias umbrinus inyoensis (Merriam, 1897)",Tamias umbrinus inyoensis,,US,"Snake Range, Great Basin National Park, Wheeler Peak campground, Lehman Creek",Nevada,PRESENT,,2d6267a0-0561-11d8-b851-b8a03c50a862,39.01025,-114.29868,100,,2998,0,,,8/18/15,18,8,2015,4263608,2437441,PRESERVED_SPECIMEN,UMNH,Mammalogy,UMNH:Mamm:39553,JLP 26552,unknown,2016-10-24T00:00:00,CC0_1_0,,Collector(s): James L. Patton,,,2026-02-26T00:00:53.664Z,,CONTINENT_DERIVED_FROM_COORDINATES;INSTITUTION_MATCH_FUZZY;INSTITUTION_COLLECTION_MISMATCH
1656060689,06a00852-f764-4fb8-80d4-ca51f0918459,https://arctos.database.museum/guid/UMNH:Mamm:39567,Animalia,Chordata,Mammalia,Rodentia,Sciuridae,Tamias,Tamias umbrinus,inyoensis,SUBSPECIES,"Tamias umbrinus inyoensis (Merriam, 1897)",Tamias umbrinus inyoensis,,US,"Snake Range, Great Basin National Park, Wheeler Peak campground, Lehman Creek",Nevada,PRESENT,,2d6267a0-0561-11d8-b851-b8a03c50a862,39.01168,-114.29943,100,,2995,0,,,8/20/15,20,8,2015,4263608,2437441,PRESERVED_SPECIMEN,UMNH,Mammalogy,UMNH:Mamm:39567,JLP 26594,unknown,2016-10-24T00:00:00,CC0_1_0,,Collector(s): James L. Patton,,,2026-02-26T00:00:54.691Z,,CONTINENT_DERIVED_FROM_COORDINATES;INSTITUTION_MATCH_FUZZY;INSTITUTION_COLLECTION_MISMATCH
1656060683,06a00852-f764-4fb8-80d4-ca51f0918459,https://arctos.database.museum/guid/UMNH:Mamm:39564,Animalia,Chordata,Mammalia,Rodentia,Sciuridae,Tamias,Tamias umbrinus,inyoensis,SUBSPECIES,"Tamias umbrinus inyoensis (Merriam, 1897)",Tamias umbrinus inyoensis,,US,"Snake Range, Great Basin National Park, Wheeler Peak campground, Lehman Creek",Nevada,PRESENT,,2d6267a0-0561-11d8-b851-b8a03c50a862,39.01168,-114.29943,100,,2995,0,,,8/19/15,19,8,2015,4263608,2437441,PRESERVED_SPECIMEN,UMNH,Mammalogy,UMNH:Mamm:39564,JLP 26580,unknown,2016-10-24T00:00:00,CC0_1_0,,Collector(s): James L. Patton,,,2026-02-26T00:00:54.406Z,,CONTINENT_DERIVED_FROM_COORDINATES;INSTITUTION_MATCH_FUZZY;INSTITUTION_COLLECTION_MISMATCH
1656060681,06a00852-f764-4fb8-80d4-ca51f0918459,https://arctos.database.museum/guid/UMNH:Mamm:39562,Animalia,Chordata,Mammalia,Rodentia,Sciuridae,Tamias,Tamias umbrinus,inyoensis,SUBSPECIES,"Tamias umbrinus inyoensis (Merriam, 1897)",Tamias umbrinus inyoensis,,US,"Snake Range, Great Basin National Park, Wheeler Peak campground, Lehman Creek",Nevada,PRESENT,,2d6267a0-0561-11d8-b851-b8a03c50a862,39.01075,-114.29942,100,,2975,0,,,8/19/15,19,8,2015,4263608,2437441,PRESERVED_SPECIMEN,UMNH,Mammalogy,UMNH:Mamm:39562,JLP 26573,unknown,2016-10-24T00:00:00,CC0_1_0,,Collector(s): James L. Patton,,,2026-02-26T00:00:54.100Z,,CONTINENT_DERIVED_FROM_COORDINATES;INSTITUTION_MATCH_FUZZY;INSTITUTION_COLLECTION_MISMATCH
1656060679,06a00852-f764-4fb8-80d4-ca51f0918459,https://arctos.database.museum/guid/UMNH:Mamm:39558,Animalia,Chordata,Mammalia,Rodentia,Sciuridae,Tamias,Tamias umbrinus,inyoensis,SUBSPECIES,"Tamias umbrinus inyoensis (Merriam, 1897)",Tamias umbrinus inyoensis,,US,"Snake Range, Great Basin National Park, Wheeler Peak campground, Lehman Creek",Nevada,PRESENT,,2d6267a0-0561-11d8-b851-b8a03c50a862,39.01025,-114.29868,100,,2998,0,,,8/18/15,18,8,2015,4263608,2437441,PRESERVED_SPECIMEN,UMNH,Mammalogy,UMNH:Mamm:39558,JLP 26567,unknown,2016-10-24T00:00:00,CC0_1_0,,Collector(s): James L. Patton,,,2026-02-26T00:00:51.827Z,,CONTINENT_DERIVED_FROM_COORDINATES;INSTITUTION_MATCH_FUZZY;INSTITUTION_COLLECTION_MISMATCH
1656060674,06a00852-f764-4fb8-80d4-ca51f0918459,https://arctos.database.museum/guid/UMNH:Mamm:39548,Animalia,Chordata,Mammalia,Rodentia,Sciuridae,Tamias,Tamias umbrinus,inyoensis,SUBSPECIES,"Tamias umbrinus inyoensis (Merriam, 1897)",Tamias umbrinus inyoensis,,US,"Snake Range, Great Basin National Park, Wheeler Peak campground, Lehman Creek",Nevada,PRESENT,,2d6267a0-0561-11d8-b851-b8a03c50a862,39.01025,-114.29868,100,,2998,0,,,8/18/15,18,8,2015,4263608,2437441,PRESERVED_SPECIMEN,UMNH,Mammalogy,UMNH:Mamm:39548,JLP 26547,unknown,2016-10-24T00:00:00,CC0_1_0,,Collector(s): James L. Patton,,,2026-02-26T00:00:52.884Z,,CONTINENT_DERIVED_FROM_COORDINATES;INSTITUTION_MATCH_FUZZY;INSTITUTION_COLLECTION_MISMATCH
1656060673,06a00852-f764-4fb8-80d4-ca51f0918459,https://arctos.database.museum/guid/UMNH:Mamm:39566,Animalia,Chordata,Mammalia,Rodentia,Sciuridae,Tamias,Tamias umbrinus,inyoensis,SUBSPECIES,"Tamias umbrinus inyoensis (Merriam, 1897)",Tamias umbrinus inyoensis,,US,"Snake Range, Great Basin National Park, Wheeler Peak campground, Lehman Creek",Nevada,PRESENT,,2d6267a0-0561-11d8-b851-b8a03c50a862,39.01168,-114.29943,100,,2995,0,,,8/19/15,19,8,2015,4263608,2437441,PRESERVED_SPECIMEN,UMNH,Mammalogy,UMNH:Mamm:39566,JLP 26588,unknown,2016-10-24T00:00:00,CC0_1_0,,Collector(s): James L. Patton,,,2026-02-26T00:00:54.317Z,,CONTINENT_DERIVED_FROM_COORDINATES;INSTITUTION_MATCH_FUZZY;INSTITUTION_COLLECTION_MISMATCH
1656060672,06a00852-f764-4fb8-80d4-ca51f0918459,https://arctos.database.museum/guid/UMNH:Mamm:39569,Animalia,Chordata,Mammalia,Rodentia,Sciuridae,Tamias,Tamias umbrinus,inyoensis,SUBSPECIES,"Tamias umbrinus inyoensis (Merriam, 1897)",Tamias umbrinus inyoensis,,US,"Snake Range, Great Basin National Park, Wheeler Peak campground, Lehman Creek",Nevada,PRESENT,,2d6267a0-0561-11d8-b851-b8a03c50a862,39.01168,-114.29943,100,,2995,0,,,8/21/15,21,8,2015,4263608,2437441,PRESERVED_SPECIMEN,UMNH,Mammalogy,UMNH:Mamm:39569,JLP 26596,unknown,2016-10-24T00:00:00,CC0_1_0,,Collector(s): James L. Patton,,,2026-02-26T00:00:54.369Z,,CONTINENT_DERIVED_FROM_COORDINATES;INSTITUTION_MATCH_FUZZY;INSTITUTION_COLLECTION_MISMATCH
1656060668,06a00852-f764-4fb8-80d4-ca51f0918459,https://arctos.database.museum/guid/UMNH:Mamm:39546,Animalia,Chordata,Mammalia,Rodentia,Sciuridae,Tamias,Tamias umbrinus,inyoensis,SUBSPECIES,"Tamias umbrinus inyoensis (Merriam, 1897)",Tamias umbrinus inyoensis,,US,"Snake Range, Great Basin National Park, Wheeler Peak campground, Lehman Creek",Nevada,PRESENT,,2d6267a0-0561-11d8-b851-b8a03c50a862,39.01025,-114.29868,100,,2998,0,,,8/18/15,18,8,2015,4263608,2437441,PRESERVED_SPECIMEN,UMNH,Mammalogy,UMNH:Mamm:39546,JLP 26545,unknown,2016-10-24T00:00:00,CC0_1_0,,Collector(s): James L. Patton,,,2026-02-26T00:00:52.610Z,,CONTINENT_DERIVED_FROM_COORDINATES;INSTITUTION_MATCH_FUZZY;INSTITUTION_COLLECTION_MISMATCH
1656060665,06a00852-f764-4fb8-80d4-ca51f0918459,https://arctos.database.museum/guid/UMNH:Mamm:39550,Animalia,Chordata,Mammalia,Rodentia,Sciuridae,Tamias,Tamias umbrinus,inyoensis,SUBSPECIES,"Tamias umbrinus inyoensis (Merriam, 1897)",Tamias umbrinus inyoensis,,US,"Snake Range, Great Basin National Park, Wheeler Peak campground, Lehman Creek",Nevada,PRESENT,,2d6267a0-0561-11d8-b851-b8a03c50a862,39.01025,-114.29868,100,,2998,0,,,8/18/15,18,8,2015,4263608,2437441,PRESERVED_SPECIMEN,UMNH,Mammalogy,UMNH:Mamm:39550,JLP 26549,unknown,2016-10-24T00:00:00,CC0_1_0,,Collector(s): James L. Patton,,,2026-02-26T00:00:53.942Z,,CONTINENT_DERIVED_FROM_COORDINATES;INSTITUTION_MATCH_FUZZY;INSTITUTION_COLLECTION_MISMATCH
1656060661,06a00852-f764-4fb8-80d4-ca51f0918459,https://arctos.database.museum/guid/UMNH:Mamm:39563,Animalia,Chordata,Mammalia,Rodentia,Sciuridae,Tamias,Tamias umbrinus,inyoensis,SUBSPECIES,"Tamias umbrinus inyoensis (Merriam, 1897)",Tamias umbrinus inyoensis,,US,"Snake Range, Great Basin National Park, Wheeler Peak campground, Lehman Creek",Nevada,PRESENT,,2d6267a0-0561-11d8-b851-b8a03c50a862,39.01168,-114.29943,100,,2995,0,,,8/19/15,19,8,2015,4263608,2437441,PRESERVED_SPECIMEN,UMNH,Mammalogy,UMNH:Mamm:39563,JLP 26579,unknown,2016-10-24T00:00:00,CC0_1_0,,Collector(s): James L. Patton,,,2026-02-26T00:00:54.657Z,,CONTINENT_DERIVED_FROM_COORDINATES;INSTITUTION_MATCH_FUZZY;INSTITUTION_COLLECTION_MISMATCH
1656060660,06a00852-f764-4fb8-80d4-ca51f0918459,https://arctos.database.museum/guid/UMNH:Mamm:39560,Animalia,Chordata,Mammalia,Rodentia,Sciuridae,Tamias,Tamias umbrinus,inyoensis,SUBSPECIES,"Tamias umbrinus inyoensis (Merriam, 1897)",Tamias umbrinus inyoensis,,US,"Snake Range, Great Basin National Park, Wheeler Peak campground, Lehman Creek",Nevada,PRESENT,,2d6267a0-0561-11d8-b851-b8a03c50a862,39.01025,-114.29868,100,,2998,0,,,8/18/15,18,8,2015,4263608,2437441,PRESERVED_SPECIMEN,UMNH,Mammalogy,UMNH:Mamm:39560,JLP 26569,unknown,2016-10-24T00:00:00,CC0_1_0,,Collector(s): James L. Patton,,,2026-02-26T00:00:54.463Z,,CONTINENT_DERIVED_FROM_COORDINATES;INSTITUTION_MATCH_FUZZY;INSTITUTION_COLLECTION_MISMATCH
1656060658,06a00852-f764-4fb8-80d4-ca51f0918459,https://arctos.database.museum/guid/UMNH:Mamm:39561,Animalia,Chordata,Mammalia,Rodentia,Sciuridae,Tamias,Tamias umbrinus,inyoensis,SUBSPECIES,"Tamias umbrinus inyoensis (Merriam, 1897)",Tamias umbrinus inyoensis,,US,"Snake Range, Great Basin National Park, Wheeler Peak campground, Lehman Creek",Nevada,PRESENT,,2d6267a0-0561-11d8-b851-b8a03c50a862,39.01025,-114.29868,100,,2998,0,,,8/18/15,18,8,2015,4263608,2437441,PRESERVED_SPECIMEN,UMNH,Mammalogy,UMNH:Mamm:39561,JLP 26570,unknown,2016-10-24T00:00:00,CC0_1_0,,Collector(s): James L. Patton,,,2026-02-26T00:00:54.538Z,,CONTINENT_DERIVED_FROM_COORDINATES;INSTITUTION_MATCH_FUZZY;INSTITUTION_COLLECTION_MISMATCH
1656060655,06a00852-f764-4fb8-80d4-ca51f0918459,https://arctos.database.museum/guid/UMNH:Mamm:39565,Animalia,Chordata,Mammalia,Rodentia,Sciuridae,Tamias,Tamias umbrinus,inyoensis,SUBSPECIES,"Tamias umbrinus inyoensis (Merriam, 1897)",Tamias umbrinus inyoensis,,US,"Snake Range, Great Basin National Park, Wheeler Peak campground, Lehman Creek",Nevada,PRESENT,,2d6267a0-0561-11d8-b851-b8a03c50a862,39.01168,-114.29943,100,,2995,0,,,8/19/15,19,8,2015,4263608,2437441,PRESERVED_SPECIMEN,UMNH,Mammalogy,UMNH:Mamm:39565,JLP 26581,unknown,2016-10-24T00:00:00,CC0_1_0,,Collector(s): James L. Patton,,,2026-02-26T00:00:54.360Z,,CONTINENT_DERIVED_FROM_COORDINATES;INSTITUTION_MATCH_FUZZY;INSTITUTION_COLLECTION_MISMATCH
1656060654,06a00852-f764-4fb8-80d4-ca51f0918459,https://arctos.database.museum/guid/UMNH:Mamm:39556,Animalia,Chordata,Mammalia,Rodentia,Sciuridae,Tamias,Tamias umbrinus,inyoensis,SUBSPECIES,"Tamias umbrinus inyoensis (Merriam, 1897)",Tamias umbrinus inyoensis,,US,"Snake Range, Great Basin National Park, Wheeler Peak campground, Lehman Creek",Nevada,PRESENT,,2d6267a0-0561-11d8-b851-b8a03c50a862,39.01025,-114.29868,100,,2998,0,,,8/18/15,18,8,2015,4263608,2437441,PRESERVED_SPECIMEN,UMNH,Mammalogy,UMNH:Mamm:39556,JLP 26565,unknown,2016-10-24T00:00:00,CC0_1_0,,Collector(s): James L. Patton,,,2026-02-26T00:00:51.860Z,,CONTINENT_DERIVED_FROM_COORDINATES;INSTITUTION_MATCH_FUZZY;INSTITUTION_COLLECTION_MISMATCH
1656060647,06a00852-f764-4fb8-80d4-ca51f0918459,https://arctos.database.museum/guid/UMNH:Mamm:39554,Animalia,Chordata,Mammalia,Rodentia,Sciuridae,Tamias,Tamias umbrinus,inyoensis,SUBSPECIES,"Tamias umbrinus inyoensis (Merriam, 1897)",Tamias umbrinus inyoensis,,US,"Snake Range, Great Basin National Park, Wheeler Peak campground, Lehman Creek",Nevada,PRESENT,,2d6267a0-0561-11d8-b851-b8a03c50a862,39.01025,-114.29868,100,,2998,0,,,8/18/15,18,8,2015,4263608,2437441,PRESERVED_SPECIMEN,UMNH,Mammalogy,UMNH:Mamm:39554,JLP 26563,unknown,2016-10-24T00:00:00,CC0_1_0,,Collector(s): James L. Patton,,,2026-02-26T00:00:53.984Z,,CONTINENT_DERIVED_FROM_COORDINATES;INSTITUTION_MATCH_FUZZY;INSTITUTION_COLLECTION_MISMATCH
1656060646,06a00852-f764-4fb8-80d4-ca51f0918459,https://arctos.database.museum/guid/UMNH:Mamm:39547,Animalia,Chordata,Mammalia,Rodentia,Sciuridae,Tamias,Tamias umbrinus,inyoensis,SUBSPECIES,"Tamias umbrinus inyoensis (Merriam, 1897)",Tamias umbrinus inyoensis,,US,"Snake Range, Great Basin National Park, Wheeler Peak campground, Lehman Creek",Nevada,PRESENT,,2d6267a0-0561-11d8-b851-b8a03c50a862,39.01025,-114.29868,100,,2998,0,,,8/18/15,18,8,2015,4263608,2437441,PRESERVED_SPECIMEN,UMNH,Mammalogy,UMNH:Mamm:39547,JLP 26546,unknown,2016-10-24T00:00:00,CC0_1_0,,Collector(s): James L. Patton,,,2026-02-26T00:00:52.927Z,,CONTINENT_DERIVED_FROM_COORDINATES;INSTITUTION_MATCH_FUZZY;INSTITUTION_COLLECTION_MISMATCH
1656060641,06a00852-f764-4fb8-80d4-ca51f0918459,https://arctos.database.museum/guid/UMNH:Mamm:39555,Animalia,Chordata,Mammalia,Rodentia,Sciuridae,Tamias,Tamias umbrinus,inyoensis,SUBSPECIES,"Tamias umbrinus inyoensis (Merriam, 1897)",Tamias umbrinus inyoensis,,US,"Snake Range, Great Basin National Park, Wheeler Peak campground, Lehman Creek",Nevada,PRESENT,,2d6267a0-0561-11d8-b851-b8a03c50a862,39.01025,-114.29868,100,,2998,0,,,8/18/15,18,8,2015,4263608,2437441,PRESERVED_SPECIMEN,UMNH,Mammalogy,UMNH:Mamm:39555,JLP 26564,unknown,2016-10-24T00:00:00,CC0_1_0,,Collector(s): James L. Patton,,,2026-02-26T00:00:54.111Z,,CONTINENT_DERIVED_FROM_COORDINATES;INSTITUTION_MATCH_FUZZY;INSTITUTION_COLLECTION_MISMATCH
1656060637,06a00852-f764-4fb8-80d4-ca51f0918459,https://arctos.database.museum/guid/UMNH:Mamm:39551,Animalia,Chordata,Mammalia,Rodentia,Sciuridae,Tamias,Tamias umbrinus,inyoensis,SUBSPECIES,"Tamias umbrinus inyoensis (Merriam, 1897)",Tamias umbrinus inyoensis,,US,"Snake Range, Great Basin National Park, Wheeler Peak campground, Lehman Creek",Nevada,PRESENT,,2d6267a0-0561-11d8-b851-b8a03c50a862,39.01025,-114.29868,100,,2998,0,,,8/18/15,18,8,2015,4263608,2437441,PRESERVED_SPECIMEN,UMNH,Mammalogy,UMNH:Mamm:39551,JLP 26550,unknown,2016-10-24T00:00:00,CC0_1_0,,Collector(s): James L. Patton,,,2026-02-26T00:00:53.871Z,,CONTINENT_DERIVED_FROM_COORDINATES;INSTITUTION_MATCH_FUZZY;INSTITUTION_COLLECTION_MISMATCH
1656060634,06a00852-f764-4fb8-80d4-ca51f0918459,https://arctos.database.museum/guid/UMNH:Mamm:39462,Animalia,Chordata,Mammalia,Rodentia,Sciuridae,Tamias,Tamias umbrinus,inyoensis,SUBSPECIES,"Tamias umbrinus inyoensis (Merriam, 1897)",Tamias umbrinus inyoensis,,US,"Snake Range, Great Basin National Park, 0.25 km S, 0.40 km W outlet Stella Lake",Nevada,PRESENT,,2d6267a0-0561-11d8-b851-b8a03c50a862,39.00383,-114.32315,100,,3335,0,,,8/22/15,22,8,2015,4263608,2437441,PRESERVED_SPECIMEN,UMNH,Mammalogy,UMNH:Mamm:39462,EAR 9852,unknown,2016-10-24T00:00:00,CC0_1_0,,Collector(s): Eric A. Rickart,,,2026-02-26T00:00:48.976Z,,CONTINENT_DERIVED_FROM_COORDINATES;INSTITUTION_MATCH_FUZZY;INSTITUTION_COLLECTION_MISMATCH
1656060627,06a00852-f764-4fb8-80d4-ca51f0918459,https://arctos.database.museum/guid/UMNH:Mamm:39549,Animalia,Chordata,Mammalia,Rodentia,Sciuridae,Tamias,Tamias umbrinus,inyoensis,SUBSPECIES,"Tamias umbrinus inyoensis (Merriam, 1897)",Tamias umbrinus inyoensis,,US,"Snake Range, Great Basin National Park, Wheeler Peak campground, Lehman Creek",Nevada,PRESENT,,2d6267a0-0561-11d8-b851-b8a03c50a862,39.01025,-114.29868,100,,2998,0,,,8/18/15,18,8,2015,4263608,2437441,PRESERVED_SPECIMEN,UMNH,Mammalogy,UMNH:Mamm:39549,JLP 26548,unknown,2016-10-24T00:00:00,CC0_1_0,,Collector(s): James L. Patton,,,2026-02-26T00:00:52.953Z,,CONTINENT_DERIVED_FROM_COORDINATES;INSTITUTION_MATCH_FUZZY;INSTITUTION_COLLECTION_MISMATCH
1656060599,06a00852-f764-4fb8-80d4-ca51f0918459,https://arctos.database.museum/guid/UMNH:Mamm:39552,Animalia,Chordata,Mammalia,Rodentia,Sciuridae,Tamias,Tamias umbrinus,inyoensis,SUBSPECIES,"Tamias umbrinus inyoensis (Merriam, 1897)",Tamias umbrinus inyoensis,,US,"Snake Range, Great Basin National Park, Wheeler Peak campground, Lehman Creek",Nevada,PRESENT,,2d6267a0-0561-11d8-b851-b8a03c50a862,39.01025,-114.29868,100,,2998,0,,,8/18/15,18,8,2015,4263608,2437441,PRESERVED_SPECIMEN,UMNH,Mammalogy,UMNH:Mamm:39552,JLP 26551,unknown,2016-10-24T00:00:00,CC0_1_0,,Collector(s): James L. Patton,,,2026-02-26T00:00:53.689Z,,CONTINENT_DERIVED_FROM_COORDINATES;INSTITUTION_MATCH_FUZZY;INSTITUTION_COLLECTION_MISMATCH
1656060595,06a00852-f764-4fb8-80d4-ca51f0918459,https://arctos.database.museum/guid/UMNH:Mamm:39458,Animalia,Chordata,Mammalia,Rodentia,Sciuridae,Tamias,Tamias umbrinus,inyoensis,SUBSPECIES,"Tamias umbrinus inyoensis (Merriam, 1897)",Tamias umbrinus inyoensis,,US,"Snake Range, Great Basin National Park, 0.20 km S, 0.50 km W outlet Stella Lake",Nevada,PRESENT,,2d6267a0-0561-11d8-b851-b8a03c50a862,39.00407,-114.32315,100,,3330,0,,,8/21/15,21,8,2015,4263608,2437441,PRESERVED_SPECIMEN,UMNH,Mammalogy,UMNH:Mamm:39458,EAR 9841,unknown,2016-10-24T00:00:00,CC0_1_0,,Collector(s): Eric A. Rickart,,,2026-02-26T00:00:54.991Z,,CONTINENT_DERIVED_FROM_COORDINATES;INSTITUTION_MATCH_FUZZY;INSTITUTION_COLLECTION_MISMATCH
1656060588,06a00852-f764-4fb8-80d4-ca51f0918459,https://arctos.database.museum/guid/UMNH:Mamm:39464,Animalia,Chordata,Mammalia,Rodentia,Sciuridae,Tamias,Tamias umbrinus,inyoensis,SUBSPECIES,"Tamias umbrinus inyoensis (Merriam, 1897)",Tamias umbrinus inyoensis,,US,"Snake Range, Great Basin National Park, 0.20 km S, 0.50 km W outlet Stella Lake",Nevada,PRESENT,,2d6267a0-0561-11d8-b851-b8a03c50a862,39.00407,-114.32315,100,,3330,0,,,8/24/15,24,8,2015,4263608,2437441,PRESERVED_SPECIMEN,UMNH,Mammalogy,UMNH:Mamm:39464,EAR 9861,unknown,2016-10-24T00:00:00,CC0_1_0,,Collector(s): Eric A. Rickart,,,2026-02-26T00:00:49.654Z,,CONTINENT_DERIVED_FROM_COORDINATES;INSTITUTION_MATCH_FUZZY;INSTITUTION_COLLECTION_MISMATCH
1656060576,06a00852-f764-4fb8-80d4-ca51f0918459,https://arctos.database.museum/guid/UMNH:Mamm:39453,Animalia,Chordata,Mammalia,Rodentia,Sciuridae,Tamias,Tamias umbrinus,inyoensis,SUBSPECIES,"Tamias umbrinus inyoensis (Merriam, 1897)",Tamias umbrinus inyoensis,,US,"Snake Range, Great Basin National Park, 0.30 km S, 0.35 km W outlet Stella Lake",Nevada,PRESENT,,2d6267a0-0561-11d8-b851-b8a03c50a862,39.0034,-114.32253,100,,3345,0,,,8/21/15,21,8,2015,4263608,2437441,PRESERVED_SPECIMEN,UMNH,Mammalogy,UMNH:Mamm:39453,EAR 9817,unknown,2016-10-24T00:00:00,CC0_1_0,,Collector(s): Eric A. Rickart,,,2026-02-26T00:00:54.554Z,,CONTINENT_DERIVED_FROM_COORDINATES;INSTITUTION_MATCH_FUZZY;INSTITUTION_COLLECTION_MISMATCH
1656060570,06a00852-f764-4fb8-80d4-ca51f0918459,https://arctos.database.museum/guid/UMNH:Mamm:39460,Animalia,Chordata,Mammalia,Rodentia,Sciuridae,Tamias,Tamias umbrinus,inyoensis,SUBSPECIES,"Tamias umbrinus inyoensis (Merriam, 1897)",Tamias umbrinus inyoensis,,US,"Snake Range, Great Basin National Park, 0.25 km S, 0.40 km W outlet Stella Lake",Nevada,PRESENT,,2d6267a0-0561-11d8-b851-b8a03c50a862,39.00383,-114.32315,100,,3335,0,,,8/21/15,21,8,2015,4263608,2437441,PRESERVED_SPECIMEN,UMNH,Mammalogy,UMNH:Mamm:39460,EAR 9843,unknown,2016-10-24T00:00:00,CC0_1_0,,Collector(s): Eric A. Rickart,,,2026-02-26T00:00:49.079Z,,CONTINENT_DERIVED_FROM_COORDINATES;INSTITUTION_MATCH_FUZZY;INSTITUTION_COLLECTION_MISMATCH
1656060567,06a00852-f764-4fb8-80d4-ca51f0918459,https://arctos.database.museum/guid/UMNH:Mamm:39457,Animalia,Chordata,Mammalia,Rodentia,Sciuridae,Tamias,Tamias umbrinus,inyoensis,SUBSPECIES,"Tamias umbrinus inyoensis (Merriam, 1897)",Tamias umbrinus inyoensis,,US,"Snake Range, Great Basin National Park, 0.20 km S, 0.50 km W outlet Stella Lake",Nevada,PRESENT,,2d6267a0-0561-11d8-b851-b8a03c50a862,39.00407,-114.32315,100,,3330,0,,,8/21/15,21,8,2015,4263608,2437441,PRESERVED_SPECIMEN,UMNH,Mammalogy,UMNH:Mamm:39457,EAR 9830,unknown,2016-10-24T00:00:00,CC0_1_0,,Collector(s): Eric A. Rickart,,,2026-02-26T00:00:54.976Z,,CONTINENT_DERIVED_FROM_COORDINATES;INSTITUTION_MATCH_FUZZY;INSTITUTION_COLLECTION_MISMATCH
1656060558,06a00852-f764-4fb8-80d4-ca51f0918459,https://arctos.database.museum/guid/UMNH:Mamm:39459,Animalia,Chordata,Mammalia,Rodentia,Sciuridae,Tamias,Tamias umbrinus,inyoensis,SUBSPECIES,"Tamias umbrinus inyoensis (Merriam, 1897)",Tamias umbrinus inyoensis,,US,"Snake Range, Great Basin National Park, 0.30 km S, 0.35 km W outlet Stella Lake",Nevada,PRESENT,,2d6267a0-0561-11d8-b851-b8a03c50a862,39.0034,-114.32253,100,,3345,0,,,8/21/15,21,8,2015,4263608,2437441,PRESERVED_SPECIMEN,UMNH,Mammalogy,UMNH:Mamm:39459,EAR 9842,unknown,2016-10-24T00:00:00,CC0_1_0,,Collector(s): Eric A. Rickart,,,2026-02-26T00:00:55.009Z,,CONTINENT_DERIVED_FROM_COORDINATES;INSTITUTION_MATCH_FUZZY;INSTITUTION_COLLECTION_MISMATCH
1656060547,06a00852-f764-4fb8-80d4-ca51f0918459,https://arctos.database.museum/guid/UMNH:Mamm:39463,Animalia,Chordata,Mammalia,Rodentia,Sciuridae,Tamias,Tamias umbrinus,inyoensis,SUBSPECIES,"Tamias umbrinus inyoensis (Merriam, 1897)",Tamias umbrinus inyoensis,,US,"Snake Range, Great Basin National Park, 0.25 km S, 0.40 km W outlet Stella Lake",Nevada,PRESENT,,2d6267a0-0561-11d8-b851-b8a03c50a862,39.00383,-114.32315,100,,3335,0,,,8/23/15,23,8,2015,4263608,2437441,PRESERVED_SPECIMEN,UMNH,Mammalogy,UMNH:Mamm:39463,EAR 9857,unknown,2016-10-24T00:00:00,CC0_1_0,,Collector(s): Eric A. Rickart,,,2026-02-26T00:00:49.539Z,,CONTINENT_DERIVED_FROM_COORDINATES;INSTITUTION_MATCH_FUZZY;INSTITUTION_COLLECTION_MISMATCH
1656060539,06a00852-f764-4fb8-80d4-ca51f0918459,https://arctos.database.museum/guid/UMNH:Mamm:39455,Animalia,Chordata,Mammalia,Rodentia,Sciuridae,Tamias,Tamias umbrinus,inyoensis,SUBSPECIES,"Tamias umbrinus inyoensis (Merriam, 1897)",Tamias umbrinus inyoensis,,US,"Snake Range, Great Basin National Park, 0.25 km S, 0.40 km W outlet Stella Lake",Nevada,PRESENT,,2d6267a0-0561-11d8-b851-b8a03c50a862,39.00383,-114.32315,100,,3335,0,,,8/21/15,21,8,2015,4263608,2437441,PRESERVED_SPECIMEN,UMNH,Mammalogy,UMNH:Mamm:39455,EAR 9823,unknown,2016-10-24T00:00:00,CC0_1_0,,Collector(s): Eric A. Rickart,,,2026-02-26T00:00:54.802Z,,CONTINENT_DERIVED_FROM_COORDINATES;INSTITUTION_MATCH_FUZZY;INSTITUTION_COLLECTION_MISMATCH
1656060533,06a00852-f764-4fb8-80d4-ca51f0918459,https://arctos.database.museum/guid/UMNH:Mamm:39456,Animalia,Chordata,Mammalia,Rodentia,Sciuridae,Tamias,Tamias umbrinus,inyoensis,SUBSPECIES,"Tamias umbrinus inyoensis (Merriam, 1897)",Tamias umbrinus inyoensis,,US,"Snake Range, Great Basin National Park, 0.20 km S, 0.50 km W outlet Stella Lake",Nevada,PRESENT,,2d6267a0-0561-11d8-b851-b8a03c50a862,39.00407,-114.32315,100,,3330,0,,,8/21/15,21,8,2015,4263608,2437441,PRESERVED_SPECIMEN,UMNH,Mammalogy,UMNH:Mamm:39456,EAR 9829,unknown,2016-10-24T00:00:00,CC0_1_0,,Collector(s): Eric A. Rickart,,,2026-02-26T00:00:54.783Z,,CONTINENT_DERIVED_FROM_COORDINATES;INSTITUTION_MATCH_FUZZY;INSTITUTION_COLLECTION_MISMATCH
1656060528,06a00852-f764-4fb8-80d4-ca51f0918459,https://arctos.database.museum/guid/UMNH:Mamm:39461,Animalia,Chordata,Mammalia,Rodentia,Sciuridae,Tamias,Tamias umbrinus,inyoensis,SUBSPECIES,"Tamias umbrinus inyoensis (Merriam, 1897)",Tamias umbrinus inyoensis,,US,"Snake Range, Great Basin National Park, 0.25 km S, 0.40 km W outlet Stella Lake",Nevada,PRESENT,,2d6267a0-0561-11d8-b851-b8a03c50a862,39.00383,-114.32315,100,,3335,0,,,8/21/15,21,8,2015,4263608,2437441,PRESERVED_SPECIMEN,UMNH,Mammalogy,UMNH:Mamm:39461,EAR 9844,unknown,2016-10-24T00:00:00,CC0_1_0,,Collector(s): Eric A. Rickart,,,2026-02-26T00:00:49.073Z,,CONTINENT_DERIVED_FROM_COORDINATES;INSTITUTION_MATCH_FUZZY;INSTITUTION_COLLECTION_MISMATCH
1656060518,06a00852-f764-4fb8-80d4-ca51f0918459,https://arctos.database.museum/guid/UMNH:Mamm:39452,Animalia,Chordata,Mammalia,Rodentia,Sciuridae,Tamias,Tamias umbrinus,inyoensis,SUBSPECIES,"Tamias umbrinus inyoensis (Merriam, 1897)",Tamias umbrinus inyoensis,,US,"Snake Range, Great Basin National Park, Wheeler Peak campground",Nevada,PRESENT,,2d6267a0-0561-11d8-b851-b8a03c50a862,39.01101,-114.30127,100,,2998,0,,,8/19/15,19,8,2015,4263608,2437441,PRESERVED_SPECIMEN,UMNH,Mammalogy,UMNH:Mamm:39452,EAR 9816,unknown,2016-10-24T00:00:00,CC0_1_0,,Collector(s): Eric A. Rickart,,,2026-02-26T00:00:54.519Z,,CONTINENT_DERIVED_FROM_COORDINATES;INSTITUTION_MATCH_FUZZY;INSTITUTION_COLLECTION_MISMATCH
1656060511,06a00852-f764-4fb8-80d4-ca51f0918459,https://arctos.database.museum/guid/UMNH:Mamm:39451,Animalia,Chordata,Mammalia,Rodentia,Sciuridae,Tamias,Tamias umbrinus,inyoensis,SUBSPECIES,"Tamias umbrinus inyoensis (Merriam, 1897)",Tamias umbrinus inyoensis,,US,"Snake Range, Great Basin National Park, Wheeler Peak campground",Nevada,PRESENT,,2d6267a0-0561-11d8-b851-b8a03c50a862,39.01101,-114.30127,100,,2998,0,,,8/19/15,19,8,2015,4263608,2437441,PRESERVED_SPECIMEN,UMNH,Mammalogy,UMNH:Mamm:39451,EAR 9814,unknown,2016-10-24T00:00:00,CC0_1_0,,Collector(s): Eric A. Rickart,,,2026-02-26T00:00:54.368Z,,CONTINENT_DERIVED_FROM_COORDINATES;INSTITUTION_MATCH_FUZZY;INSTITUTION_COLLECTION_MISMATCH
1656060501,06a00852-f764-4fb8-80d4-ca51f0918459,https://arctos.database.museum/guid/UMNH:Mamm:39454,Animalia,Chordata,Mammalia,Rodentia,Sciuridae,Tamias,Tamias umbrinus,inyoensis,SUBSPECIES,"Tamias umbrinus inyoensis (Merriam, 1897)",Tamias umbrinus inyoensis,,US,"Snake Range, Great Basin National Park, 0.25 km S, 0.40 km W outlet Stella Lake",Nevada,PRESENT,,2d6267a0-0561-11d8-b851-b8a03c50a862,39.00383,-114.32315,100,,3335,0,,,8/21/15,21,8,2015,4263608,2437441,PRESERVED_SPECIMEN,UMNH,Mammalogy,UMNH:Mamm:39454,EAR 9822,unknown,2016-10-24T00:00:00,CC0_1_0,,Collector(s): Eric A. Rickart,,,2026-02-26T00:00:54.650Z,,CONTINENT_DERIVED_FROM_COORDINATES;INSTITUTION_MATCH_FUZZY;INSTITUTION_COLLECTION_MISMATCH
1656059892,06a00852-f764-4fb8-80d4-ca51f0918459,https://arctos.database.museum/guid/UMNH:Mamm:38811,Animalia,Chordata,Mammalia,Rodentia,Sciuridae,Tamias,Tamias umbrinus,inyoensis,SUBSPECIES,"Tamias umbrinus inyoensis (Merriam, 1897)",Tamias umbrinus inyoensis,,US,"Snake Range, Great Basin Nat'l Park, Wheeler Peak Scenic Drive",Nevada,PRESENT,,2d6267a0-0561-11d8-b851-b8a03c50a862,39.02705,-114.26614,20,,2619,0,,,7/30/15,30,7,2015,4263608,2437441,PRESERVED_SPECIMEN,UMNH,Mammalogy,UMNH:Mamm:38811,LFA 686,unknown,2016-10-24T00:00:00,CC0_1_0,,Collector(s): Lois F. Alexander,,,2026-02-26T00:00:50.969Z,,CONTINENT_DERIVED_FROM_COORDINATES;INSTITUTION_MATCH_FUZZY;INSTITUTION_COLLECTION_MISMATCH
1656059876,06a00852-f764-4fb8-80d4-ca51f0918459,https://arctos.database.museum/guid/UMNH:Mamm:38806,Animalia,Chordata,Mammalia,Rodentia,Sciuridae,Tamias,Tamias umbrinus,inyoensis,SUBSPECIES,"Tamias umbrinus inyoensis (Merriam, 1897)",Tamias umbrinus inyoensis,,US,"Snake Range, Great Basin Nat'l Park, Wheeler Peak Scenic Drive",Nevada,PRESENT,,2d6267a0-0561-11d8-b851-b8a03c50a862,39.02705,-114.26614,20,,2619,0,,,7/29/15,29,7,2015,4263608,2437441,PRESERVED_SPECIMEN,UMNH,Mammalogy,UMNH:Mamm:38806,LFA 681,unknown,2016-10-24T00:00:00,CC0_1_0,,Collector(s): Lois F. Alexander,,,2026-02-26T00:00:52.126Z,,CONTINENT_DERIVED_FROM_COORDINATES;INSTITUTION_MATCH_FUZZY;INSTITUTION_COLLECTION_MISMATCH
1656059875,06a00852-f764-4fb8-80d4-ca51f0918459,https://arctos.database.museum/guid/UMNH:Mamm:38809,Animalia,Chordata,Mammalia,Rodentia,Sciuridae,Tamias,Tamias umbrinus,inyoensis,SUBSPECIES,"Tamias umbrinus inyoensis (Merriam, 1897)",Tamias umbrinus inyoensis,,US,"Snake Range, Great Basin Nat'l Park, Wheeler Peak Scenic Drive",Nevada,PRESENT,,2d6267a0-0561-11d8-b851-b8a03c50a862,39.02705,-114.26614,20,,2619,0,,,7/29/15,29,7,2015,4263608,2437441,PRESERVED_SPECIMEN,UMNH,Mammalogy,UMNH:Mamm:38809,LFA 684,unknown,2016-10-24T00:00:00,CC0_1_0,,Collector(s): Lois F. Alexander,,,2026-02-26T00:00:52.406Z,,CONTINENT_DERIVED_FROM_COORDINATES;INSTITUTION_MATCH_FUZZY;INSTITUTION_COLLECTION_MISMATCH
1656059873,06a00852-f764-4fb8-80d4-ca51f0918459,https://arctos.database.museum/guid/UMNH:Mamm:38820,Animalia,Chordata,Mammalia,Rodentia,Sciuridae,Tamias,Tamias umbrinus,inyoensis,SUBSPECIES,"Tamias umbrinus inyoensis (Merriam, 1897)",Tamias umbrinus inyoensis,,US,"Snake Range, Great Basin Nat'l Park, Wheeler Peak Scenic Drive",Nevada,PRESENT,,2d6267a0-0561-11d8-b851-b8a03c50a862,39.02705,-114.26614,20,,2619,0,,,8/1/15,1,8,2015,4263608,2437441,PRESERVED_SPECIMEN,UMNH,Mammalogy,UMNH:Mamm:38820,LFA 724,unknown,2016-10-24T00:00:00,CC0_1_0,,Collector(s): Lois F. Alexander,,,2026-02-26T00:00:53.837Z,,CONTINENT_DERIVED_FROM_COORDINATES;INSTITUTION_MATCH_FUZZY;INSTITUTION_COLLECTION_MISMATCH
1656059865,06a00852-f764-4fb8-80d4-ca51f0918459,https://arctos.database.museum/guid/UMNH:Mamm:38817,Animalia,Chordata,Mammalia,Rodentia,Sciuridae,Tamias,Tamias umbrinus,inyoensis,SUBSPECIES,"Tamias umbrinus inyoensis (Merriam, 1897)",Tamias umbrinus inyoensis,,US,"Snake Range, Great Basin Nat'l Park, Wheeler Peak Scenic Drive",Nevada,PRESENT,,2d6267a0-0561-11d8-b851-b8a03c50a862,39.02705,-114.26614,20,,2619,0,,,7/31/15,31,7,2015,4263608,2437441,PRESERVED_SPECIMEN,UMNH,Mammalogy,UMNH:Mamm:38817,LFA 711,unknown,2016-10-24T00:00:00,CC0_1_0,,Collector(s): Lois F. Alexander,,,2026-02-26T00:00:52.609Z,,CONTINENT_DERIVED_FROM_COORDINATES;INSTITUTION_MATCH_FUZZY;INSTITUTION_COLLECTION_MISMATCH
1656059857,06a00852-f764-4fb8-80d4-ca51f0918459,https://arctos.database.museum/guid/UMNH:Mamm:38813,Animalia,Chordata,Mammalia,Rodentia,Sciuridae,Tamias,Tamias umbrinus,inyoensis,SUBSPECIES,"Tamias umbrinus inyoensis (Merriam, 1897)",Tamias umbrinus inyoensis,,US,"Snake Range, Great Basin Nat'l Park, Wheeler Peak Scenic Drive",Nevada,PRESENT,,2d6267a0-0561-11d8-b851-b8a03c50a862,39.02831,-114.26718,20,,2583,0,,,7/29/15,29,7,2015,4263608,2437441,PRESERVED_SPECIMEN,UMNH,Mammalogy,UMNH:Mamm:38813,LFA 690,unknown,2016-10-24T00:00:00,CC0_1_0,,Collector(s): Lois F. Alexander,,,2026-02-26T00:00:52.805Z,,CONTINENT_DERIVED_FROM_COORDINATES;INSTITUTION_MATCH_FUZZY;INSTITUTION_COLLECTION_MISMATCH
1656059855,06a00852-f764-4fb8-80d4-ca51f0918459,https://arctos.database.museum/guid/UMNH:Mamm:38804,Animalia,Chordata,Mammalia,Rodentia,Sciuridae,Tamias,Tamias umbrinus,inyoensis,SUBSPECIES,"Tamias umbrinus inyoensis (Merriam, 1897)",Tamias umbrinus inyoensis,,US,"Snake Range, Great Basin Nat'l Park, Wheeler Peak Scenic Drive",Nevada,PRESENT,,2d6267a0-0561-11d8-b851-b8a03c50a862,39.03197,-114.26502,20,,2586,0,,,7/29/15,29,7,2015,4263608,2437441,PRESERVED_SPECIMEN,UMNH,Mammalogy,UMNH:Mamm:38804,LFA 672,unknown,2016-10-24T00:00:00,CC0_1_0,,Collector(s): Lois F. Alexander,,,2026-02-26T00:00:52.139Z,,CONTINENT_DERIVED_FROM_COORDINATES;INSTITUTION_MATCH_FUZZY;INSTITUTION_COLLECTION_MISMATCH
1656059852,06a00852-f764-4fb8-80d4-ca51f0918459,https://arctos.database.museum/guid/UMNH:Mamm:38812,Animalia,Chordata,Mammalia,Rodentia,Sciuridae,Tamias,Tamias umbrinus,inyoensis,SUBSPECIES,"Tamias umbrinus inyoensis (Merriam, 1897)",Tamias umbrinus inyoensis,,US,"Snake Range, Great Basin Nat'l Park, Wheeler Peak Scenic Drive",Nevada,PRESENT,,2d6267a0-0561-11d8-b851-b8a03c50a862,39.02831,-114.26718,20,,2583,0,,,7/29/15,29,7,2015,4263608,2437441,PRESERVED_SPECIMEN,UMNH,Mammalogy,UMNH:Mamm:38812,LFA 689,unknown,2016-10-24T00:00:00,CC0_1_0,,Collector(s): Lois F. Alexander,,,2026-02-26T00:00:50.895Z,,CONTINENT_DERIVED_FROM_COORDINATES;INSTITUTION_MATCH_FUZZY;INSTITUTION_COLLECTION_MISMATCH
1656059850,06a00852-f764-4fb8-80d4-ca51f0918459,https://arctos.database.museum/guid/UMNH:Mamm:38810,Animalia,Chordata,Mammalia,Rodentia,Sciuridae,Tamias,Tamias umbrinus,inyoensis,SUBSPECIES,"Tamias umbrinus inyoensis (Merriam, 1897)",Tamias umbrinus inyoensis,,US,"Snake Range, Great Basin Nat'l Park, Wheeler Peak Scenic Drive",Nevada,PRESENT,,2d6267a0-0561-11d8-b851-b8a03c50a862,39.02705,-114.26614,20,,2619,0,,,7/29/15,29,7,2015,4263608,2437441,PRESERVED_SPECIMEN,UMNH,Mammalogy,UMNH:Mamm:38810,LFA 685,unknown,2016-10-24T00:00:00,CC0_1_0,,Collector(s): Lois F. Alexander,,,2026-02-26T00:00:50.786Z,,CONTINENT_DERIVED_FROM_COORDINATES;INSTITUTION_MATCH_FUZZY;INSTITUTION_COLLECTION_MISMATCH
1656059847,06a00852-f764-4fb8-80d4-ca51f0918459,https://arctos.database.museum/guid/UMNH:Mamm:38808,Animalia,Chordata,Mammalia,Rodentia,Sciuridae,Tamias,Tamias umbrinus,inyoensis,SUBSPECIES,"Tamias umbrinus inyoensis (Merriam, 1897)",Tamias umbrinus inyoensis,,US,"Snake Range, Great Basin Nat'l Park, Wheeler Peak Scenic Drive",Nevada,PRESENT,,2d6267a0-0561-11d8-b851-b8a03c50a862,39.02705,-114.26614,20,,2619,0,,,7/29/15,29,7,2015,4263608,2437441,PRESERVED_SPECIMEN,UMNH,Mammalogy,UMNH:Mamm:38808,LFA 683,unknown,2016-10-24T00:00:00,CC0_1_0,,Collector(s): Lois F. Alexander,,,2026-02-26T00:00:52.314Z,,CONTINENT_DERIVED_FROM_COORDINATES;INSTITUTION_MATCH_FUZZY;INSTITUTION_COLLECTION_MISMATCH
1656059845,06a00852-f764-4fb8-80d4-ca51f0918459,https://arctos.database.museum/guid/UMNH:Mamm:38819,Animalia,Chordata,Mammalia,Rodentia,Sciuridae,Tamias,Tamias umbrinus,inyoensis,SUBSPECIES,"Tamias umbrinus inyoensis (Merriam, 1897)",Tamias umbrinus inyoensis,,US,"Snake Range, Great Basin Nat'l Park, Wheeler Peak Scenic Drive",Nevada,PRESENT,,2d6267a0-0561-11d8-b851-b8a03c50a862,39.03197,-114.26502,20,,2586,0,,,7/29/15,29,7,2015,4263608,2437441,PRESERVED_SPECIMEN,UMNH,Mammalogy,UMNH:Mamm:38819,LFA 722,unknown,2016-10-24T00:00:00,CC0_1_0,,Collector(s): Lois F. Alexander,,,2026-02-26T00:00:52.882Z,,CONTINENT_DERIVED_FROM_COORDINATES;INSTITUTION_MATCH_FUZZY;INSTITUTION_COLLECTION_MISMATCH
1656059842,06a00852-f764-4fb8-80d4-ca51f0918459,https://arctos.database.museum/guid/UMNH:Mamm:38802,Animalia,Chordata,Mammalia,Rodentia,Sciuridae,Tamias,Tamias umbrinus,inyoensis,SUBSPECIES,"Tamias umbrinus inyoensis (Merriam, 1897)",Tamias umbrinus inyoensis,,US,"Snake Range, Great Basin Nat'l Park, Wheeler Peak Scenic Drive",Nevada,PRESENT,,2d6267a0-0561-11d8-b851-b8a03c50a862,39.03174,-114.26695,20,,2612,0,,,7/30/15,30,7,2015,4263608,2437441,PRESERVED_SPECIMEN,UMNH,Mammalogy,UMNH:Mamm:38802,LFA 670,unknown,2016-10-24T00:00:00,CC0_1_0,,Collector(s): Lois F. Alexander,,,2026-02-26T00:00:52.094Z,,CONTINENT_DERIVED_FROM_COORDINATES;INSTITUTION_MATCH_FUZZY;INSTITUTION_COLLECTION_MISMATCH
1656059841,06a00852-f764-4fb8-80d4-ca51f0918459,https://arctos.database.museum/guid/UMNH:Mamm:38801,Animalia,Chordata,Mammalia,Rodentia,Sciuridae,Tamias,Tamias umbrinus,inyoensis,SUBSPECIES,"Tamias umbrinus inyoensis (Merriam, 1897)",Tamias umbrinus inyoensis,,US,"Snake Range, Great Basin Nat'l Park, Wheeler Peak Scenic Drive",Nevada,PRESENT,,2d6267a0-0561-11d8-b851-b8a03c50a862,39.02831,-114.26718,20,,2583,0,,,7/29/15,29,7,2015,4263608,2437441,PRESERVED_SPECIMEN,UMNH,Mammalogy,UMNH:Mamm:38801,LFA 654,unknown,2016-10-24T00:00:00,CC0_1_0,,Collector(s): Lois F. Alexander,,,2026-02-26T00:00:52.144Z,,CONTINENT_DERIVED_FROM_COORDINATES;INSTITUTION_MATCH_FUZZY;INSTITUTION_COLLECTION_MISMATCH
1656059837,06a00852-f764-4fb8-80d4-ca51f0918459,https://arctos.database.museum/guid/UMNH:Mamm:38800,Animalia,Chordata,Mammalia,Rodentia,Sciuridae,Tamias,Tamias umbrinus,inyoensis,SUBSPECIES,"Tamias umbrinus inyoensis (Merriam, 1897)",Tamias umbrinus inyoensis,,US,"Snake Range, Great Basin Nat'l Park, Wheeler Peak Scenic Drive",Nevada,PRESENT,,2d6267a0-0561-11d8-b851-b8a03c50a862,39.02831,-114.26718,20,,2583,0,,,7/29/15,29,7,2015,4263608,2437441,PRESERVED_SPECIMEN,UMNH,Mammalogy,UMNH:Mamm:38800,LFA 653,unknown,2016-10-24T00:00:00,CC0_1_0,,Collector(s): Lois F. Alexander,,,2026-02-26T00:00:52.209Z,,CONTINENT_DERIVED_FROM_COORDINATES;INSTITUTION_MATCH_FUZZY;INSTITUTION_COLLECTION_MISMATCH
1656059829,06a00852-f764-4fb8-80d4-ca51f0918459,https://arctos.database.museum/guid/UMNH:Mamm:38807,Animalia,Chordata,Mammalia,Rodentia,Sciuridae,Tamias,Tamias umbrinus,inyoensis,SUBSPECIES,"Tamias umbrinus inyoensis (Merriam, 1897)",Tamias umbrinus inyoensis,,US,"Snake Range, Great Basin Nat'l Park, Wheeler Peak Scenic Drive",Nevada,PRESENT,,2d6267a0-0561-11d8-b851-b8a03c50a862,39.02705,-114.26614,20,,2619,0,,,7/29/15,29,7,2015,4263608,2437441,PRESERVED_SPECIMEN,UMNH,Mammalogy,UMNH:Mamm:38807,LFA 682,unknown,2016-10-24T00:00:00,CC0_1_0,,Collector(s): Lois F. Alexander,,,2026-02-26T00:00:52.314Z,,CONTINENT_DERIVED_FROM_COORDINATES;INSTITUTION_MATCH_FUZZY;INSTITUTION_COLLECTION_MISMATCH
1656059828,06a00852-f764-4fb8-80d4-ca51f0918459,https://arctos.database.museum/guid/UMNH:Mamm:38796,Animalia,Chordata,Mammalia,Rodentia,Sciuridae,Tamias,Tamias umbrinus,inyoensis,SUBSPECIES,"Tamias umbrinus inyoensis (Merriam, 1897)",Tamias umbrinus inyoensis,,US,"Snake Range, Great Basin Nat'l Park, Wheeler Peak Scenic Drive",Nevada,PRESENT,,2d6267a0-0561-11d8-b851-b8a03c50a862,39.02705,-114.26614,20,,2619,0,,,7/29/15,29,7,2015,4263608,2437441,PRESERVED_SPECIMEN,UMNH,Mammalogy,UMNH:Mamm:38796,LFA 647,unknown,2016-10-24T00:00:00,CC0_1_0,,Collector(s): Lois F. Alexander,,,2026-02-26T00:00:49.010Z,,CONTINENT_DERIVED_FROM_COORDINATES;INSTITUTION_MATCH_FUZZY;INSTITUTION_COLLECTION_MISMATCH
1656059826,06a00852-f764-4fb8-80d4-ca51f0918459,https://arctos.database.museum/guid/UMNH:Mamm:38816,Animalia,Chordata,Mammalia,Rodentia,Sciuridae,Tamias,Tamias umbrinus,inyoensis,SUBSPECIES,"Tamias umbrinus inyoensis (Merriam, 1897)",Tamias umbrinus inyoensis,,US,"Snake Range, Great Basin Nat'l Park, Wheeler Peak Scenic Drive",Nevada,PRESENT,,2d6267a0-0561-11d8-b851-b8a03c50a862,39.02705,-114.26614,20,,2619,0,,,7/31/15,31,7,2015,4263608,2437441,PRESERVED_SPECIMEN,UMNH,Mammalogy,UMNH:Mamm:38816,LFA 710,unknown,2016-10-24T00:00:00,CC0_1_0,,Collector(s): Lois F. Alexander,,,2026-02-26T00:00:52.738Z,,CONTINENT_DERIVED_FROM_COORDINATES;INSTITUTION_MATCH_FUZZY;INSTITUTION_COLLECTION_MISMATCH
1656059824,06a00852-f764-4fb8-80d4-ca51f0918459,https://arctos.database.museum/guid/UMNH:Mamm:38814,Animalia,Chordata,Mammalia,Rodentia,Sciuridae,Tamias,Tamias umbrinus,inyoensis,SUBSPECIES,"Tamias umbrinus inyoensis (Merriam, 1897)",Tamias umbrinus inyoensis,,US,"Snake Range, Great Basin Nat'l Park, Wheeler Peak Scenic Drive",Nevada,PRESENT,,2d6267a0-0561-11d8-b851-b8a03c50a862,39.02831,-114.26718,20,,2583,0,,,7/30/15,30,7,2015,4263608,2437441,PRESERVED_SPECIMEN,UMNH,Mammalogy,UMNH:Mamm:38814,LFA 691,unknown,2016-10-24T00:00:00,CC0_1_0,,Collector(s): Lois F. Alexander,,,2026-02-26T00:00:52.344Z,,CONTINENT_DERIVED_FROM_COORDINATES;INSTITUTION_MATCH_FUZZY;INSTITUTION_COLLECTION_MISMATCH
1656059821,06a00852-f764-4fb8-80d4-ca51f0918459,https://arctos.database.museum/guid/UMNH:Mamm:38708,Animalia,Chordata,Mammalia,Rodentia,Sciuridae,Tamias,Tamias umbrinus,inyoensis,SUBSPECIES,"Tamias umbrinus inyoensis (Merriam, 1897)",Tamias umbrinus inyoensis,,US,"Snake Range, Great Basin National Park, Lehman Creek Canyon",Nevada,PRESENT,,2d6267a0-0561-11d8-b851-b8a03c50a862,39.01251,-114.25932,20,,2414,0,,,7/27/15,27,7,2015,4263608,2437441,PRESERVED_SPECIMEN,UMNH,Mammalogy,UMNH:Mamm:38708,BAK 435,unknown,2016-10-24T00:00:00,CC0_1_0,,Collector(s): Brooks A. Kohli; Preparator(s): Lois F. Alexander,,,2026-02-26T00:00:53.218Z,,CONTINENT_DERIVED_FROM_COORDINATES;INSTITUTION_MATCH_FUZZY;INSTITUTION_COLLECTION_MISMATCH
1656059817,06a00852-f764-4fb8-80d4-ca51f0918459,https://arctos.database.museum/guid/UMNH:Mamm:38799,Animalia,Chordata,Mammalia,Rodentia,Sciuridae,Tamias,Tamias umbrinus,inyoensis,SUBSPECIES,"Tamias umbrinus inyoensis (Merriam, 1897)",Tamias umbrinus inyoensis,,US,"Snake Range, Great Basin Nat'l Park, Wheeler Peak Scenic Drive",Nevada,PRESENT,,2d6267a0-0561-11d8-b851-b8a03c50a862,39.02705,-114.26614,20,,2619,0,,,7/29/15,29,7,2015,4263608,2437441,PRESERVED_SPECIMEN,UMNH,Mammalogy,UMNH:Mamm:38799,LFA 650,unknown,2016-10-24T00:00:00,CC0_1_0,,Collector(s): Lois F. Alexander,,,2026-02-26T00:00:49.002Z,,CONTINENT_DERIVED_FROM_COORDINATES;INSTITUTION_MATCH_FUZZY;INSTITUTION_COLLECTION_MISMATCH
1656059816,06a00852-f764-4fb8-80d4-ca51f0918459,https://arctos.database.museum/guid/UMNH:Mamm:38798,Animalia,Chordata,Mammalia,Rodentia,Sciuridae,Tamias,Tamias umbrinus,inyoensis,SUBSPECIES,"Tamias umbrinus inyoensis (Merriam, 1897)",Tamias umbrinus inyoensis,,US,"Snake Range, Great Basin Nat'l Park, Wheeler Peak Scenic Drive",Nevada,PRESENT,,2d6267a0-0561-11d8-b851-b8a03c50a862,39.02705,-114.26614,20,,2619,0,,,7/29/15,29,7,2015,4263608,2437441,PRESERVED_SPECIMEN,UMNH,Mammalogy,UMNH:Mamm:38798,LFA 649,unknown,2016-10-24T00:00:00,CC0_1_0,,Collector(s): Lois F. Alexander,,,2026-02-26T00:00:49.028Z,,CONTINENT_DERIVED_FROM_COORDINATES;INSTITUTION_MATCH_FUZZY;INSTITUTION_COLLECTION_MISMATCH
1656059812,06a00852-f764-4fb8-80d4-ca51f0918459,https://arctos.database.museum/guid/UMNH:Mamm:38818,Animalia,Chordata,Mammalia,Rodentia,Sciuridae,Tamias,Tamias umbrinus,inyoensis,SUBSPECIES,"Tamias umbrinus inyoensis (Merriam, 1897)",Tamias umbrinus inyoensis,,US,"Snake Range, Great Basin Nat'l Park, Wheeler Peak Scenic Drive",Nevada,PRESENT,,2d6267a0-0561-11d8-b851-b8a03c50a862,39.02705,-114.26614,20,,2619,0,,,7/31/15,31,7,2015,4263608,2437441,PRESERVED_SPECIMEN,UMNH,Mammalogy,UMNH:Mamm:38818,LFA 712,unknown,2016-10-24T00:00:00,CC0_1_0,,Collector(s): Lois F. Alexander,,,2026-02-26T00:00:52.926Z,,CONTINENT_DERIVED_FROM_COORDINATES;INSTITUTION_MATCH_FUZZY;INSTITUTION_COLLECTION_MISMATCH
1656059810,06a00852-f764-4fb8-80d4-ca51f0918459,https://arctos.database.museum/guid/UMNH:Mamm:38815,Animalia,Chordata,Mammalia,Rodentia,Sciuridae,Tamias,Tamias umbrinus,inyoensis,SUBSPECIES,"Tamias umbrinus inyoensis (Merriam, 1897)",Tamias umbrinus inyoensis,,US,"Snake Range, Great Basin Nat'l Park, Wheeler Peak Scenic Drive",Nevada,PRESENT,,2d6267a0-0561-11d8-b851-b8a03c50a862,39.02705,-114.26614,20,,2619,0,,,7/30/15,30,7,2015,4263608,2437441,PRESERVED_SPECIMEN,UMNH,Mammalogy,UMNH:Mamm:38815,LFA 709,unknown,2016-10-24T00:00:00,CC0_1_0,,Collector(s): Lois F. Alexander,,,2026-02-26T00:00:52.875Z,,CONTINENT_DERIVED_FROM_COORDINATES;INSTITUTION_MATCH_FUZZY;INSTITUTION_COLLECTION_MISMATCH
1656059809,06a00852-f764-4fb8-80d4-ca51f0918459,https://arctos.database.museum/guid/UMNH:Mamm:38803,Animalia,Chordata,Mammalia,Rodentia,Sciuridae,Tamias,Tamias umbrinus,inyoensis,SUBSPECIES,"Tamias umbrinus inyoensis (Merriam, 1897)",Tamias umbrinus inyoensis,,US,"Snake Range, Great Basin Nat'l Park, Wheeler Peak Scenic Drive",Nevada,PRESENT,,2d6267a0-0561-11d8-b851-b8a03c50a862,39.03197,-114.26502,20,,2586,0,,,7/29/15,29,7,2015,4263608,2437441,PRESERVED_SPECIMEN,UMNH,Mammalogy,UMNH:Mamm:38803,LFA 671,unknown,2016-10-24T00:00:00,CC0_1_0,,Collector(s): Lois F. Alexander,,,2026-02-26T00:00:52.219Z,,CONTINENT_DERIVED_FROM_COORDINATES;INSTITUTION_MATCH_FUZZY;INSTITUTION_COLLECTION_MISMATCH
1656059803,06a00852-f764-4fb8-80d4-ca51f0918459,https://arctos.database.museum/guid/UMNH:Mamm:38805,Animalia,Chordata,Mammalia,Rodentia,Sciuridae,Tamias,Tamias umbrinus,inyoensis,SUBSPECIES,"Tamias umbrinus inyoensis (Merriam, 1897)",Tamias umbrinus inyoensis,,US,"Snake Range, Great Basin Nat'l Park, Wheeler Peak Scenic Drive",Nevada,PRESENT,,2d6267a0-0561-11d8-b851-b8a03c50a862,39.03197,-114.26502,20,,2586,0,,,7/29/15,29,7,2015,4263608,2437441,PRESERVED_SPECIMEN,UMNH,Mammalogy,UMNH:Mamm:38805,LFA 673,unknown,2016-10-24T00:00:00,CC0_1_0,,Collector(s): Lois F. Alexander,,,2026-02-26T00:00:52.127Z,,CONTINENT_DERIVED_FROM_COORDINATES;INSTITUTION_MATCH_FUZZY;INSTITUTION_COLLECTION_MISMATCH
1656059797,06a00852-f764-4fb8-80d4-ca51f0918459,https://arctos.database.museum/guid/UMNH:Mamm:38795,Animalia,Chordata,Mammalia,Rodentia,Sciuridae,Tamias,Tamias umbrinus,inyoensis,SUBSPECIES,"Tamias umbrinus inyoensis (Merriam, 1897)",Tamias umbrinus inyoensis,,US,"Snake Range, Great Basin Nat'l Park, Wheeler Peak Scenic Drive",Nevada,PRESENT,,2d6267a0-0561-11d8-b851-b8a03c50a862,39.02705,-114.26614,20,,2619,0,,,7/29/15,29,7,2015,4263608,2437441,PRESERVED_SPECIMEN,UMNH,Mammalogy,UMNH:Mamm:38795,LFA 646,unknown,2016-10-24T00:00:00,CC0_1_0,,Collector(s): Lois F. Alexander,,,2026-02-26T00:00:49.053Z,,CONTINENT_DERIVED_FROM_COORDINATES;INSTITUTION_MATCH_FUZZY;INSTITUTION_COLLECTION_MISMATCH
1656059786,06a00852-f764-4fb8-80d4-ca51f0918459,https://arctos.database.museum/guid/UMNH:Mamm:38794,Animalia,Chordata,Mammalia,Rodentia,Sciuridae,Tamias,Tamias umbrinus,inyoensis,SUBSPECIES,"Tamias umbrinus inyoensis (Merriam, 1897)",Tamias umbrinus inyoensis,,US,"Snake Range, Great Basin Nat'l Park, Wheeler Peak Scenic Drive",Nevada,PRESENT,,2d6267a0-0561-11d8-b851-b8a03c50a862,39.03197,-114.26502,20,,2586,0,,,7/29/15,29,7,2015,4263608,2437441,PRESERVED_SPECIMEN,UMNH,Mammalogy,UMNH:Mamm:38794,LFA 638,unknown,2016-10-24T00:00:00,CC0_1_0,,Collector(s): Lois F. Alexander,,,2026-02-26T00:00:49.056Z,,CONTINENT_DERIVED_FROM_COORDINATES;INSTITUTION_MATCH_FUZZY;INSTITUTION_COLLECTION_MISMATCH
1656059785,06a00852-f764-4fb8-80d4-ca51f0918459,https://arctos.database.museum/guid/UMNH:Mamm:38797,Animalia,Chordata,Mammalia,Rodentia,Sciuridae,Tamias,Tamias umbrinus,inyoensis,SUBSPECIES,"Tamias umbrinus inyoensis (Merriam, 1897)",Tamias umbrinus inyoensis,,US,"Snake Range, Great Basin Nat'l Park, Wheeler Peak Scenic Drive",Nevada,PRESENT,,2d6267a0-0561-11d8-b851-b8a03c50a862,39.02705,-114.26614,20,,2619,0,,,7/29/15,29,7,2015,4263608,2437441,PRESERVED_SPECIMEN,UMNH,Mammalogy,UMNH:Mamm:38797,LFA 648,unknown,2016-10-24T00:00:00,CC0_1_0,,Collector(s): Lois F. Alexander,,,2026-02-26T00:00:49.054Z,,CONTINENT_DERIVED_FROM_COORDINATES;INSTITUTION_MATCH_FUZZY;INSTITUTION_COLLECTION_MISMATCH
1656059772,06a00852-f764-4fb8-80d4-ca51f0918459,https://arctos.database.museum/guid/UMNH:Mamm:38716,Animalia,Chordata,Mammalia,Rodentia,Sciuridae,Tamias,Tamias umbrinus,inyoensis,SUBSPECIES,"Tamias umbrinus inyoensis (Merriam, 1897)",Tamias umbrinus inyoensis,,US,"Snake Range, Great Basin National Park, Baker Creek Canyon, Gray Cliffs",Nevada,PRESENT,,2d6267a0-0561-11d8-b851-b8a03c50a862,38.98949,-114.22126,20,,2160,0,,,7/28/15,28,7,2015,4263608,2437441,PRESERVED_SPECIMEN,UMNH,Mammalogy,UMNH:Mamm:38716,BAK 503,unknown,2016-10-24T00:00:00,CC0_1_0,,Collector(s): Brooks A. Kohli,,,2026-02-26T00:00:51.804Z,,CONTINENT_DERIVED_FROM_COORDINATES;INSTITUTION_MATCH_FUZZY;INSTITUTION_COLLECTION_MISMATCH
1656059771,06a00852-f764-4fb8-80d4-ca51f0918459,https://arctos.database.museum/guid/UMNH:Mamm:38721,Animalia,Chordata,Mammalia,Rodentia,Sciuridae,Tamias,Tamias umbrinus,inyoensis,SUBSPECIES,"Tamias umbrinus inyoensis (Merriam, 1897)",Tamias umbrinus inyoensis,,US,"Snake Range, Great Basin National Park, Baker Creek trailhead",Nevada,PRESENT,,2d6267a0-0561-11d8-b851-b8a03c50a862,38.97783,-114.24201,20,,2435,0,,,7/29/15,29,7,2015,4263608,2437441,PRESERVED_SPECIMEN,UMNH,Mammalogy,UMNH:Mamm:38721,BAK 514,unknown,2016-10-24T00:00:00,CC0_1_0,,Collector(s): Brooks A. Kohli,,,2026-02-26T00:00:54.744Z,,CONTINENT_DERIVED_FROM_COORDINATES;INSTITUTION_MATCH_FUZZY;INSTITUTION_COLLECTION_MISMATCH
1656059759,06a00852-f764-4fb8-80d4-ca51f0918459,https://arctos.database.museum/guid/UMNH:Mamm:38704,Animalia,Chordata,Mammalia,Rodentia,Sciuridae,Tamias,Tamias umbrinus,inyoensis,SUBSPECIES,"Tamias umbrinus inyoensis (Merriam, 1897)",Tamias umbrinus inyoensis,,US,"Snake Range, Great Basin National Park, Lehman Creek Canyon",Nevada,PRESENT,,2d6267a0-0561-11d8-b851-b8a03c50a862,39.01251,-114.25932,20,,2414,0,,,7/25/15,25,7,2015,4263608,2437441,PRESERVED_SPECIMEN,UMNH,Mammalogy,UMNH:Mamm:38704,BAK 402,unknown,2016-10-24T00:00:00,CC0_1_0,,Collector(s): Brooks A. Kohli,,,2026-02-26T00:00:53.073Z,,CONTINENT_DERIVED_FROM_COORDINATES;INSTITUTION_MATCH_FUZZY;INSTITUTION_COLLECTION_MISMATCH
1656059758,06a00852-f764-4fb8-80d4-ca51f0918459,https://arctos.database.museum/guid/UMNH:Mamm:38725,Animalia,Chordata,Mammalia,Rodentia,Sciuridae,Tamias,Tamias umbrinus,inyoensis,SUBSPECIES,"Tamias umbrinus inyoensis (Merriam, 1897)",Tamias umbrinus inyoensis,,US,"Snake Range, Great Basin National Park, Baker Creek Canyon, Gray Cliffs",Nevada,PRESENT,,2d6267a0-0561-11d8-b851-b8a03c50a862,38.98949,-114.22126,20,,2160,0,,,7/29/15,29,7,2015,4263608,2437441,PRESERVED_SPECIMEN,UMNH,Mammalogy,UMNH:Mamm:38725,BAK 518,unknown,2016-10-24T00:00:00,CC0_1_0,,Collector(s): Brooks A. Kohli,,,2026-02-26T00:00:54.648Z,,CONTINENT_DERIVED_FROM_COORDINATES;INSTITUTION_MATCH_FUZZY;INSTITUTION_COLLECTION_MISMATCH
1656059751,06a00852-f764-4fb8-80d4-ca51f0918459,https://arctos.database.museum/guid/UMNH:Mamm:38712,Animalia,Chordata,Mammalia,Rodentia,Sciuridae,Tamias,Tamias umbrinus,inyoensis,SUBSPECIES,"Tamias umbrinus inyoensis (Merriam, 1897)",Tamias umbrinus inyoensis,,US,"Snake Range, Great Basin National Park, Baker Creek trailhead",Nevada,PRESENT,,2d6267a0-0561-11d8-b851-b8a03c50a862,38.97783,-114.24201,20,,2435,0,,,7/28/15,28,7,2015,4263608,2437441,PRESERVED_SPECIMEN,UMNH,Mammalogy,UMNH:Mamm:38712,BAK 487,unknown,2016-10-24T00:00:00,CC0_1_0,,Collector(s): Brooks A. Kohli,,,2026-02-26T00:00:51.814Z,,CONTINENT_DERIVED_FROM_COORDINATES;INSTITUTION_MATCH_FUZZY;INSTITUTION_COLLECTION_MISMATCH
1656059750,06a00852-f764-4fb8-80d4-ca51f0918459,https://arctos.database.museum/guid/UMNH:Mamm:38705,Animalia,Chordata,Mammalia,Rodentia,Sciuridae,Tamias,Tamias umbrinus,inyoensis,SUBSPECIES,"Tamias umbrinus inyoensis (Merriam, 1897)",Tamias umbrinus inyoensis,,US,"Snake Range, Great Basin National Park, Lehman Creek Canyon",Nevada,PRESENT,,2d6267a0-0561-11d8-b851-b8a03c50a862,39.01251,-114.25932,20,,2414,0,,,7/25/15,25,7,2015,4263608,2437441,PRESERVED_SPECIMEN,UMNH,Mammalogy,UMNH:Mamm:38705,BAK 403,unknown,2016-10-24T00:00:00,CC0_1_0,,Collector(s): Brooks A. Kohli,,,2026-02-26T00:00:53.387Z,,CONTINENT_DERIVED_FROM_COORDINATES;INSTITUTION_MATCH_FUZZY;INSTITUTION_COLLECTION_MISMATCH
1656059749,06a00852-f764-4fb8-80d4-ca51f0918459,https://arctos.database.museum/guid/UMNH:Mamm:38709,Animalia,Chordata,Mammalia,Rodentia,Sciuridae,Tamias,Tamias umbrinus,inyoensis,SUBSPECIES,"Tamias umbrinus inyoensis (Merriam, 1897)",Tamias umbrinus inyoensis,,US,"Snake Range, Great Basin National Park, Lehman Creek Canyon",Nevada,PRESENT,,2d6267a0-0561-11d8-b851-b8a03c50a862,39.01108,-114.25896,20,,2426,0,,,7/27/15,27,7,2015,4263608,2437441,PRESERVED_SPECIMEN,UMNH,Mammalogy,UMNH:Mamm:38709,BAK 458,unknown,2016-10-24T00:00:00,CC0_1_0,,Collector(s): Brooks A. Kohli,,,2026-02-26T00:00:53.225Z,,CONTINENT_DERIVED_FROM_COORDINATES;INSTITUTION_MATCH_FUZZY;INSTITUTION_COLLECTION_MISMATCH
1656059745,06a00852-f764-4fb8-80d4-ca51f0918459,https://arctos.database.museum/guid/UMNH:Mamm:38701,Animalia,Chordata,Mammalia,Rodentia,Sciuridae,Tamias,Tamias umbrinus,inyoensis,SUBSPECIES,"Tamias umbrinus inyoensis (Merriam, 1897)",Tamias umbrinus inyoensis,,US,"Snake Range, Great Basin National Park, Lehman Creek Canyon",Nevada,PRESENT,,2d6267a0-0561-11d8-b851-b8a03c50a862,39.01108,-114.25896,20,,2426,0,,,7/25/15,25,7,2015,4263608,2437441,PRESERVED_SPECIMEN,UMNH,Mammalogy,UMNH:Mamm:38701,BAK 399,unknown,2016-10-24T00:00:00,CC0_1_0,,Collector(s): Brooks A. Kohli,,,2026-02-26T00:00:52.882Z,,CONTINENT_DERIVED_FROM_COORDINATES;INSTITUTION_MATCH_FUZZY;INSTITUTION_COLLECTION_MISMATCH
1656059743,06a00852-f764-4fb8-80d4-ca51f0918459,https://arctos.database.museum/guid/UMNH:Mamm:38703,Animalia,Chordata,Mammalia,Rodentia,Sciuridae,Tamias,Tamias umbrinus,inyoensis,SUBSPECIES,"Tamias umbrinus inyoensis (Merriam, 1897)",Tamias umbrinus inyoensis,,US,"Snake Range, Great Basin National Park, Lehman Creek Canyon",Nevada,PRESENT,,2d6267a0-0561-11d8-b851-b8a03c50a862,39.01108,-114.25896,20,,2426,0,,,7/25/15,25,7,2015,4263608,2437441,PRESERVED_SPECIMEN,UMNH,Mammalogy,UMNH:Mamm:38703,BAK 401,unknown,2016-10-24T00:00:00,CC0_1_0,,Collector(s): Brooks A. Kohli,,,2026-02-26T00:00:52.969Z,,CONTINENT_DERIVED_FROM_COORDINATES;INSTITUTION_MATCH_FUZZY;INSTITUTION_COLLECTION_MISMATCH
1656059742,06a00852-f764-4fb8-80d4-ca51f0918459,https://arctos.database.museum/guid/UMNH:Mamm:38710,Animalia,Chordata,Mammalia,Rodentia,Sciuridae,Tamias,Tamias umbrinus,inyoensis,SUBSPECIES,"Tamias umbrinus inyoensis (Merriam, 1897)",Tamias umbrinus inyoensis,,US,"Snake Range, Great Basin National Park, Lehman Creek Canyon",Nevada,PRESENT,,2d6267a0-0561-11d8-b851-b8a03c50a862,39.01251,-114.25932,20,,2414,0,,,7/27/15,27,7,2015,4263608,2437441,PRESERVED_SPECIMEN,UMNH,Mammalogy,UMNH:Mamm:38710,BAK 475,unknown,2016-10-24T00:00:00,CC0_1_0,,Collector(s): Brooks A. Kohli,,,2026-02-26T00:00:51.840Z,,CONTINENT_DERIVED_FROM_COORDINATES;INSTITUTION_MATCH_FUZZY;INSTITUTION_COLLECTION_MISMATCH
1656059740,06a00852-f764-4fb8-80d4-ca51f0918459,https://arctos.database.museum/guid/UMNH:Mamm:38722,Animalia,Chordata,Mammalia,Rodentia,Sciuridae,Tamias,Tamias umbrinus,inyoensis,SUBSPECIES,"Tamias umbrinus inyoensis (Merriam, 1897)",Tamias umbrinus inyoensis,,US,"Snake Range, Great Basin National Park, Baker Creek trailhead",Nevada,PRESENT,,2d6267a0-0561-11d8-b851-b8a03c50a862,38.97783,-114.24201,20,,2435,0,,,7/29/15,29,7,2015,4263608,2437441,PRESERVED_SPECIMEN,UMNH,Mammalogy,UMNH:Mamm:38722,BAK 515,unknown,2016-10-24T00:00:00,CC0_1_0,,Collector(s): Brooks A. Kohli,,,2026-02-26T00:00:54.366Z,,CONTINENT_DERIVED_FROM_COORDINATES;INSTITUTION_MATCH_FUZZY;INSTITUTION_COLLECTION_MISMATCH
1656059735,06a00852-f764-4fb8-80d4-ca51f0918459,https://arctos.database.museum/guid/UMNH:Mamm:38720,Animalia,Chordata,Mammalia,Rodentia,Sciuridae,Tamias,Tamias umbrinus,inyoensis,SUBSPECIES,"Tamias umbrinus inyoensis (Merriam, 1897)",Tamias umbrinus inyoensis,,US,"Snake Range, Great Basin National Park, Baker Creek trailhead",Nevada,PRESENT,,2d6267a0-0561-11d8-b851-b8a03c50a862,38.97783,-114.24201,20,,2435,0,,,7/30/15,30,7,2015,4263608,2437441,PRESERVED_SPECIMEN,UMNH,Mammalogy,UMNH:Mamm:38720,BAK 508,unknown,2016-10-24T00:00:00,CC0_1_0,,Collector(s): Brooks A. Kohli,,,2026-02-26T00:00:54.689Z,,CONTINENT_DERIVED_FROM_COORDINATES;INSTITUTION_MATCH_FUZZY;INSTITUTION_COLLECTION_MISMATCH
1656059729,06a00852-f764-4fb8-80d4-ca51f0918459,https://arctos.database.museum/guid/UMNH:Mamm:38724,Animalia,Chordata,Mammalia,Rodentia,Sciuridae,Tamias,Tamias umbrinus,inyoensis,SUBSPECIES,"Tamias umbrinus inyoensis (Merriam, 1897)",Tamias umbrinus inyoensis,,US,"Snake Range, Great Basin National Park, Baker Creek Canyon, Gray Cliffs",Nevada,PRESENT,,2d6267a0-0561-11d8-b851-b8a03c50a862,38.98949,-114.22126,20,,2160,0,,,7/29/15,29,7,2015,4263608,2437441,PRESERVED_SPECIMEN,UMNH,Mammalogy,UMNH:Mamm:38724,BAK 517,unknown,2016-10-24T00:00:00,CC0_1_0,,Collector(s): Brooks A. Kohli,,,2026-02-26T00:00:54.550Z,,CONTINENT_DERIVED_FROM_COORDINATES;INSTITUTION_MATCH_FUZZY;INSTITUTION_COLLECTION_MISMATCH
1656059728,06a00852-f764-4fb8-80d4-ca51f0918459,https://arctos.database.museum/guid/UMNH:Mamm:38718,Animalia,Chordata,Mammalia,Rodentia,Sciuridae,Tamias,Tamias umbrinus,inyoensis,SUBSPECIES,"Tamias umbrinus inyoensis (Merriam, 1897)",Tamias umbrinus inyoensis,,US,"Snake Range, Great Basin National Park, Baker Creek Canyon, Gray Cliffs",Nevada,PRESENT,,2d6267a0-0561-11d8-b851-b8a03c50a862,38.98949,-114.22126,20,,2160,0,,,7/28/15,28,7,2015,4263608,2437441,PRESERVED_SPECIMEN,UMNH,Mammalogy,UMNH:Mamm:38718,BAK 505,unknown,2016-10-24T00:00:00,CC0_1_0,,Collector(s): Brooks A. Kohli,,,2026-02-26T00:00:51.759Z,,CONTINENT_DERIVED_FROM_COORDINATES;INSTITUTION_MATCH_FUZZY;INSTITUTION_COLLECTION_MISMATCH
1656059722,06a00852-f764-4fb8-80d4-ca51f0918459,https://arctos.database.museum/guid/UMNH:Mamm:38699,Animalia,Chordata,Mammalia,Rodentia,Sciuridae,Tamias,Tamias umbrinus,inyoensis,SUBSPECIES,"Tamias umbrinus inyoensis (Merriam, 1897)",Tamias umbrinus inyoensis,,US,"Snake Range, Great Basin National Park, Lehman Creek Canyon",Nevada,PRESENT,,2d6267a0-0561-11d8-b851-b8a03c50a862,39.01108,-114.25896,20,,2426,0,,,7/25/15,25,7,2015,4263608,2437441,PRESERVED_SPECIMEN,UMNH,Mammalogy,UMNH:Mamm:38699,BAK 387,unknown,2016-10-24T00:00:00,CC0_1_0,,Collector(s): Brooks A. Kohli,,,2026-02-26T00:00:50.205Z,,CONTINENT_DERIVED_FROM_COORDINATES;INSTITUTION_MATCH_FUZZY;INSTITUTION_COLLECTION_MISMATCH
1656059720,06a00852-f764-4fb8-80d4-ca51f0918459,https://arctos.database.museum/guid/UMNH:Mamm:38715,Animalia,Chordata,Mammalia,Rodentia,Sciuridae,Tamias,Tamias umbrinus,inyoensis,SUBSPECIES,"Tamias umbrinus inyoensis (Merriam, 1897)",Tamias umbrinus inyoensis,,US,"Snake Range, Great Basin National Park, Baker Creek trailhead",Nevada,PRESENT,,2d6267a0-0561-11d8-b851-b8a03c50a862,38.97783,-114.24201,20,,2435,0,,,7/29/15,29,7,2015,4263608,2437441,PRESERVED_SPECIMEN,UMNH,Mammalogy,UMNH:Mamm:38715,BAK 497,unknown,2016-10-24T00:00:00,CC0_1_0,,Collector(s): Brooks A. Kohli,,,2026-02-26T00:00:51.804Z,,CONTINENT_DERIVED_FROM_COORDINATES;INSTITUTION_MATCH_FUZZY;INSTITUTION_COLLECTION_MISMATCH
1656059718,06a00852-f764-4fb8-80d4-ca51f0918459,https://arctos.database.museum/guid/UMNH:Mamm:38700,Animalia,Chordata,Mammalia,Rodentia,Sciuridae,Tamias,Tamias umbrinus,inyoensis,SUBSPECIES,"Tamias umbrinus inyoensis (Merriam, 1897)",Tamias umbrinus inyoensis,,US,"Snake Range, Great Basin National Park, Lehman Creek Canyon",Nevada,PRESENT,,2d6267a0-0561-11d8-b851-b8a03c50a862,39.01357,-114.2591,20,,2435,0,,,7/25/15,25,7,2015,4263608,2437441,PRESERVED_SPECIMEN,UMNH,Mammalogy,UMNH:Mamm:38700,BAK 398,unknown,2016-10-24T00:00:00,CC0_1_0,,Collector(s): Brooks A. Kohli,,,2026-02-26T00:00:52.926Z,,CONTINENT_DERIVED_FROM_COORDINATES;INSTITUTION_MATCH_FUZZY;INSTITUTION_COLLECTION_MISMATCH
1656059717,06a00852-f764-4fb8-80d4-ca51f0918459,https://arctos.database.museum/guid/UMNH:Mamm:38717,Animalia,Chordata,Mammalia,Rodentia,Sciuridae,Tamias,Tamias umbrinus,inyoensis,SUBSPECIES,"Tamias umbrinus inyoensis (Merriam, 1897)",Tamias umbrinus inyoensis,,US,"Snake Range, Great Basin National Park, Baker Creek Canyon, Gray Cliffs",Nevada,PRESENT,,2d6267a0-0561-11d8-b851-b8a03c50a862,38.98949,-114.22126,20,,2160,0,,,7/28/15,28,7,2015,4263608,2437441,PRESERVED_SPECIMEN,UMNH,Mammalogy,UMNH:Mamm:38717,BAK 504,unknown,2016-10-24T00:00:00,CC0_1_0,,Collector(s): Brooks A. Kohli,,,2026-02-26T00:00:51.858Z,,CONTINENT_DERIVED_FROM_COORDINATES;INSTITUTION_MATCH_FUZZY;INSTITUTION_COLLECTION_MISMATCH
1656059714,06a00852-f764-4fb8-80d4-ca51f0918459,https://arctos.database.museum/guid/UMNH:Mamm:38723,Animalia,Chordata,Mammalia,Rodentia,Sciuridae,Tamias,Tamias umbrinus,inyoensis,SUBSPECIES,"Tamias umbrinus inyoensis (Merriam, 1897)",Tamias umbrinus inyoensis,,US,"Snake Range, Great Basin National Park, Baker Creek trailhead",Nevada,PRESENT,,2d6267a0-0561-11d8-b851-b8a03c50a862,38.97783,-114.24201,20,,2435,0,,,7/29/15,29,7,2015,4263608,2437441,PRESERVED_SPECIMEN,UMNH,Mammalogy,UMNH:Mamm:38723,BAK 516,unknown,2016-10-24T00:00:00,CC0_1_0,,Collector(s): Brooks A. Kohli,,,2026-02-26T00:00:54.515Z,,CONTINENT_DERIVED_FROM_COORDINATES;INSTITUTION_MATCH_FUZZY;INSTITUTION_COLLECTION_MISMATCH
1656059713,06a00852-f764-4fb8-80d4-ca51f0918459,https://arctos.database.museum/guid/UMNH:Mamm:38707,Animalia,Chordata,Mammalia,Rodentia,Sciuridae,Tamias,Tamias umbrinus,inyoensis,SUBSPECIES,"Tamias umbrinus inyoensis (Merriam, 1897)",Tamias umbrinus inyoensis,,US,"Snake Range, Great Basin National Park, Lehman Creek Canyon",Nevada,PRESENT,,2d6267a0-0561-11d8-b851-b8a03c50a862,39.01251,-114.25932,20,,2414,0,,,7/26/15,26,7,2015,4263608,2437441,PRESERVED_SPECIMEN,UMNH,Mammalogy,UMNH:Mamm:38707,BAK 434,unknown,2016-10-24T00:00:00,CC0_1_0,,Collector(s): Brooks A. Kohli,,,2026-02-26T00:00:52.974Z,,CONTINENT_DERIVED_FROM_COORDINATES;INSTITUTION_MATCH_FUZZY;INSTITUTION_COLLECTION_MISMATCH
1656059712,06a00852-f764-4fb8-80d4-ca51f0918459,https://arctos.database.museum/guid/UMNH:Mamm:38726,Animalia,Chordata,Mammalia,Rodentia,Sciuridae,Tamias,Tamias umbrinus,inyoensis,SUBSPECIES,"Tamias umbrinus inyoensis (Merriam, 1897)",Tamias umbrinus inyoensis,,US,"Snake Range, Great Basin National Park, Baker Creek trailhead",Nevada,PRESENT,,2d6267a0-0561-11d8-b851-b8a03c50a862,38.97783,-114.24201,20,,2435,0,,,7/31/15,31,7,2015,4263608,2437441,PRESERVED_SPECIMEN,UMNH,Mammalogy,UMNH:Mamm:38726,BAK 525,unknown,2016-10-24T00:00:00,CC0_1_0,,Collector(s): Brooks A. Kohli,,,2026-02-26T00:00:54.799Z,,CONTINENT_DERIVED_FROM_COORDINATES;INSTITUTION_MATCH_FUZZY;INSTITUTION_COLLECTION_MISMATCH
1656059710,06a00852-f764-4fb8-80d4-ca51f0918459,https://arctos.database.museum/guid/UMNH:Mamm:38711,Animalia,Chordata,Mammalia,Rodentia,Sciuridae,Tamias,Tamias umbrinus,inyoensis,SUBSPECIES,"Tamias umbrinus inyoensis (Merriam, 1897)",Tamias umbrinus inyoensis,,US,"Snake Range, Great Basin National Park, Lehman Creek Canyon",Nevada,PRESENT,,2d6267a0-0561-11d8-b851-b8a03c50a862,39.01108,-114.25896,20,,2426,0,,,7/27/15,27,7,2015,4263608,2437441,PRESERVED_SPECIMEN,UMNH,Mammalogy,UMNH:Mamm:38711,BAK 478,unknown,2016-10-24T00:00:00,CC0_1_0,,Collector(s): Brooks A. Kohli,,,2026-02-26T00:00:51.821Z,,CONTINENT_DERIVED_FROM_COORDINATES;INSTITUTION_MATCH_FUZZY;INSTITUTION_COLLECTION_MISMATCH
1656059704,06a00852-f764-4fb8-80d4-ca51f0918459,https://arctos.database.museum/guid/UMNH:Mamm:38702,Animalia,Chordata,Mammalia,Rodentia,Sciuridae,Tamias,Tamias umbrinus,inyoensis,SUBSPECIES,"Tamias umbrinus inyoensis (Merriam, 1897)",Tamias umbrinus inyoensis,,US,"Snake Range, Great Basin National Park, Lehman Creek Canyon",Nevada,PRESENT,,2d6267a0-0561-11d8-b851-b8a03c50a862,39.01108,-114.25896,20,,2426,0,,,7/25/15,25,7,2015,4263608,2437441,PRESERVED_SPECIMEN,UMNH,Mammalogy,UMNH:Mamm:38702,BAK 400,unknown,2016-10-24T00:00:00,CC0_1_0,,Collector(s): Brooks A. Kohli,,,2026-02-26T00:00:52.950Z,,CONTINENT_DERIVED_FROM_COORDINATES;INSTITUTION_MATCH_FUZZY;INSTITUTION_COLLECTION_MISMATCH
1656059703,06a00852-f764-4fb8-80d4-ca51f0918459,https://arctos.database.museum/guid/UMNH:Mamm:38719,Animalia,Chordata,Mammalia,Rodentia,Sciuridae,Tamias,Tamias umbrinus,inyoensis,SUBSPECIES,"Tamias umbrinus inyoensis (Merriam, 1897)",Tamias umbrinus inyoensis,,US,"Snake Range, Great Basin National Park, Baker Creek trailhead",Nevada,PRESENT,,2d6267a0-0561-11d8-b851-b8a03c50a862,38.97783,-114.24201,20,,2435,0,,,7/30/15,30,7,2015,4263608,2437441,PRESERVED_SPECIMEN,UMNH,Mammalogy,UMNH:Mamm:38719,BAK 507,unknown,2016-10-24T00:00:00,CC0_1_0,,Collector(s): Brooks A. Kohli,,,2026-02-26T00:00:51.742Z,,CONTINENT_DERIVED_FROM_COORDINATES;INSTITUTION_MATCH_FUZZY;INSTITUTION_COLLECTION_MISMATCH
1656059699,06a00852-f764-4fb8-80d4-ca51f0918459,https://arctos.database.museum/guid/UMNH:Mamm:38714,Animalia,Chordata,Mammalia,Rodentia,Sciuridae,Tamias,Tamias umbrinus,inyoensis,SUBSPECIES,"Tamias umbrinus inyoensis (Merriam, 1897)",Tamias umbrinus inyoensis,,US,"Snake Range, Great Basin National Park, Baker Creek trailhead",Nevada,PRESENT,,2d6267a0-0561-11d8-b851-b8a03c50a862,38.97783,-114.24201,20,,2435,0,,,7/28/15,28,7,2015,4263608,2437441,PRESERVED_SPECIMEN,UMNH,Mammalogy,UMNH:Mamm:38714,BAK 496,unknown,2016-10-24T00:00:00,CC0_1_0,,Collector(s): Brooks A. Kohli,,,2026-02-26T00:00:52.043Z,,CONTINENT_DERIVED_FROM_COORDINATES;INSTITUTION_MATCH_FUZZY;INSTITUTION_COLLECTION_MISMATCH
1656059688,06a00852-f764-4fb8-80d4-ca51f0918459,https://arctos.database.museum/guid/UMNH:Mamm:38713,Animalia,Chordata,Mammalia,Rodentia,Sciuridae,Tamias,Tamias umbrinus,inyoensis,SUBSPECIES,"Tamias umbrinus inyoensis (Merriam, 1897)",Tamias umbrinus inyoensis,,US,"Snake Range, Great Basin National Park, Baker Creek trailhead",Nevada,PRESENT,,2d6267a0-0561-11d8-b851-b8a03c50a862,38.97783,-114.24201,20,,2435,0,,,7/28/15,28,7,2015,4263608,2437441,PRESERVED_SPECIMEN,UMNH,Mammalogy,UMNH:Mamm:38713,BAK 495,unknown,2016-10-24T00:00:00,CC0_1_0,,Collector(s): Brooks A. Kohli,,,2026-02-26T00:00:52.032Z,,CONTINENT_DERIVED_FROM_COORDINATES;INSTITUTION_MATCH_FUZZY;INSTITUTION_COLLECTION_MISMATCH
1656059552,06a00852-f764-4fb8-80d4-ca51f0918459,https://arctos.database.museum/guid/UMNH:Mamm:38523,Animalia,Chordata,Mammalia,Rodentia,Sciuridae,Tamias,Tamias umbrinus,inyoensis,SUBSPECIES,"Tamias umbrinus inyoensis (Merriam, 1897)",Tamias umbrinus inyoensis,,US,"Snake Range, Great Basin National Park, Baker Creek trailhead",Nevada,PRESENT,,2d6267a0-0561-11d8-b851-b8a03c50a862,38.97694,-114.24701,20,,2474,0,,,7/2/15,2,7,2015,4263608,2437441,PRESERVED_SPECIMEN,UMNH,Mammalogy,UMNH:Mamm:38523,BAK 306,unknown,2016-10-24T00:00:00,CC0_1_0,,Collector(s): Brooks A. Kohli,,,2026-02-26T00:00:51.051Z,,CONTINENT_DERIVED_FROM_COORDINATES;INSTITUTION_MATCH_FUZZY;INSTITUTION_COLLECTION_MISMATCH
1656059547,06a00852-f764-4fb8-80d4-ca51f0918459,https://arctos.database.museum/guid/UMNH:Mamm:38521,Animalia,Chordata,Mammalia,Rodentia,Sciuridae,Tamias,Tamias umbrinus,inyoensis,SUBSPECIES,"Tamias umbrinus inyoensis (Merriam, 1897)",Tamias umbrinus inyoensis,,US,"Snake Range, Great Basin National Park, Baker Creek trailhead",Nevada,PRESENT,,2d6267a0-0561-11d8-b851-b8a03c50a862,38.97694,-114.24701,20,,2474,0,,,6/30/15,30,6,2015,4263608,2437441,PRESERVED_SPECIMEN,UMNH,Mammalogy,UMNH:Mamm:38521,BAK 229,unknown,2016-10-24T00:00:00,CC0_1_0,,Collector(s): Brooks A. Kohli; Preparator(s): Lois F. Alexander,,,2026-02-26T00:00:50.997Z,,CONTINENT_DERIVED_FROM_COORDINATES;INSTITUTION_MATCH_FUZZY;INSTITUTION_COLLECTION_MISMATCH
1656059545,06a00852-f764-4fb8-80d4-ca51f0918459,https://arctos.database.museum/guid/UMNH:Mamm:38520,Animalia,Chordata,Mammalia,Rodentia,Sciuridae,Tamias,Tamias umbrinus,inyoensis,SUBSPECIES,"Tamias umbrinus inyoensis (Merriam, 1897)",Tamias umbrinus inyoensis,,US,"Snake Range, Great Basin National Park, Baker Creek trailhead",Nevada,PRESENT,,2d6267a0-0561-11d8-b851-b8a03c50a862,38.97648,-114.24684,20,,2453,0,,,6/30/15,30,6,2015,4263608,2437441,PRESERVED_SPECIMEN,UMNH,Mammalogy,UMNH:Mamm:38520,BAK 231,unknown,2016-10-24T00:00:00,CC0_1_0,,Collector(s): Brooks A. Kohli; Preparator(s): Lois F. Alexander,,,2026-02-26T00:00:50.819Z,,CONTINENT_DERIVED_FROM_COORDINATES;INSTITUTION_MATCH_FUZZY;INSTITUTION_COLLECTION_MISMATCH
1656059505,06a00852-f764-4fb8-80d4-ca51f0918459,https://arctos.database.museum/guid/UMNH:Mamm:38519,Animalia,Chordata,Mammalia,Rodentia,Sciuridae,Tamias,Tamias umbrinus,inyoensis,SUBSPECIES,"Tamias umbrinus inyoensis (Merriam, 1897)",Tamias umbrinus inyoensis,,US,"Snake Range, Great Basin National Park, Baker Creek trailhead",Nevada,PRESENT,,2d6267a0-0561-11d8-b851-b8a03c50a862,38.97601,-114.24632,20,,2452,0,,,7/2/15,2,7,2015,4263608,2437441,PRESERVED_SPECIMEN,UMNH,Mammalogy,UMNH:Mamm:38519,BAK 303,unknown,2016-10-24T00:00:00,CC0_1_0,,Collector(s): Brooks A. Kohli,,,2026-02-26T00:00:50.080Z,,CONTINENT_DERIVED_FROM_COORDINATES;INSTITUTION_MATCH_FUZZY;INSTITUTION_COLLECTION_MISMATCH
1656059500,06a00852-f764-4fb8-80d4-ca51f0918459,https://arctos.database.museum/guid/UMNH:Mamm:38522,Animalia,Chordata,Mammalia,Rodentia,Sciuridae,Tamias,Tamias umbrinus,inyoensis,SUBSPECIES,"Tamias umbrinus inyoensis (Merriam, 1897)",Tamias umbrinus inyoensis,,US,"Snake Range, Great Basin National Park, Baker Creek trailhead",Nevada,PRESENT,,2d6267a0-0561-11d8-b851-b8a03c50a862,38.97694,-114.24701,20,,2474,0,,,7/1/15,1,7,2015,4263608,2437441,PRESERVED_SPECIMEN,UMNH,Mammalogy,UMNH:Mamm:38522,BAK 267,unknown,2016-10-24T00:00:00,CC0_1_0,,Collector(s): Brooks A. Kohli,,,2026-02-26T00:00:50.962Z,,CONTINENT_DERIVED_FROM_COORDINATES;INSTITUTION_MATCH_FUZZY;INSTITUTION_COLLECTION_MISMATCH
1656059495,06a00852-f764-4fb8-80d4-ca51f0918459,https://arctos.database.museum/guid/UMNH:Mamm:38524,Animalia,Chordata,Mammalia,Rodentia,Sciuridae,Tamias,Tamias umbrinus,inyoensis,SUBSPECIES,"Tamias umbrinus inyoensis (Merriam, 1897)",Tamias umbrinus inyoensis,,US,"Snake Range, Great Basin National Park, Baker Creek trailhead",Nevada,PRESENT,,2d6267a0-0561-11d8-b851-b8a03c50a862,38.97694,-114.24701,20,,2474,0,,,7/2/15,2,7,2015,4263608,2437441,PRESERVED_SPECIMEN,UMNH,Mammalogy,UMNH:Mamm:38524,BAK 307,unknown,2016-10-24T00:00:00,CC0_1_0,,Collector(s): Brooks A. Kohli,,,2026-02-26T00:00:51.090Z,,CONTINENT_DERIVED_FROM_COORDINATES;INSTITUTION_MATCH_FUZZY;INSTITUTION_COLLECTION_MISMATCH
1656059350,06a00852-f764-4fb8-80d4-ca51f0918459,https://arctos.database.museum/guid/UMNH:Mamm:38386,Animalia,Chordata,Mammalia,Rodentia,Sciuridae,Tamias,Tamias umbrinus,inyoensis,SUBSPECIES,"Tamias umbrinus inyoensis (Merriam, 1897)",Tamias umbrinus inyoensis,,US,"Snake Range, Great Basin National Park, 2.25 km S, 1.45 km W Lehman Caves visitors center",Nevada,PRESENT,,2d6267a0-0561-11d8-b851-b8a03c50a862,38.98556,-114.23518,20,,2365,0,,,7/4/15,4,7,2015,4263608,2437441,PRESERVED_SPECIMEN,UMNH,Mammalogy,UMNH:Mamm:38386,EAR 9774,unknown,2016-10-24T00:00:00,CC0_1_0,,Collector(s): Eric A. Rickart,,,2026-02-26T00:00:53.391Z,,CONTINENT_DERIVED_FROM_COORDINATES;INSTITUTION_MATCH_FUZZY;INSTITUTION_COLLECTION_MISMATCH
1656057574,06a00852-f764-4fb8-80d4-ca51f0918459,https://arctos.database.museum/guid/UMNH:Mamm:36698,Animalia,Chordata,Mammalia,Rodentia,Sciuridae,Tamias,Tamias umbrinus,inyoensis,SUBSPECIES,"Tamias umbrinus inyoensis (Merriam, 1897)",Tamias umbrinus inyoensis,,US,"Ruby Mountains, Thomas Creek, 0.2 km above mouth",Nevada,PRESENT,,2d6267a0-0561-11d8-b851-b8a03c50a862,40.64897,-115.40548,20,,2316,0,,,7/19/13,19,7,2013,4263608,2437441,PRESERVED_SPECIMEN,UMNH,Mammalogy,UMNH:Mamm:36698,RJR 3347,unknown,2016-10-24T00:00:00,CC0_1_0,,Collector(s): Rebecca J. Rowe,,,2026-02-26T00:00:51.069Z,,CONTINENT_DERIVED_FROM_COORDINATES;INSTITUTION_MATCH_FUZZY;INSTITUTION_COLLECTION_MISMATCH
1656057530,06a00852-f764-4fb8-80d4-ca51f0918459,https://arctos.database.museum/guid/UMNH:Mamm:36694,Animalia,Chordata,Mammalia,Rodentia,Sciuridae,Tamias,Tamias umbrinus,inyoensis,SUBSPECIES,"Tamias umbrinus inyoensis (Merriam, 1897)",Tamias umbrinus inyoensis,,US,"Ruby Mountains, Dollar Lakes, 0.725 km N, 1.1 km W Favre Peak summit",Nevada,PRESENT,,2d6267a0-0561-11d8-b851-b8a03c50a862,40.59159,-115.38762,20,,2954,0,,,7/14/13,14,7,2013,4263608,2437441,PRESERVED_SPECIMEN,UMNH,Mammalogy,UMNH:Mamm:36694,RJR 3235,unknown,2016-10-24T00:00:00,CC0_1_0,,Collector(s): Rebecca J. Rowe,,,2026-02-26T00:00:50.812Z,,CONTINENT_DERIVED_FROM_COORDINATES;INSTITUTION_MATCH_FUZZY;INSTITUTION_COLLECTION_MISMATCH
1656057522,06a00852-f764-4fb8-80d4-ca51f0918459,https://arctos.database.museum/guid/UMNH:Mamm:36695,Animalia,Chordata,Mammalia,Rodentia,Sciuridae,Tamias,Tamias umbrinus,inyoensis,SUBSPECIES,"Tamias umbrinus inyoensis (Merriam, 1897)",Tamias umbrinus inyoensis,,US,"Ruby Mountains, Lamoille Creek, 1.0 km N, 1.25 km W Favre Peak summit",Nevada,PRESENT,,2d6267a0-0561-11d8-b851-b8a03c50a862,40.59416,-115.38976,20,,2949,0,,,7/14/13,14,7,2013,4263608,2437441,PRESERVED_SPECIMEN,UMNH,Mammalogy,UMNH:Mamm:36695,RJR 3236,unknown,2016-10-24T00:00:00,CC0_1_0,,Collector(s): Rebecca J. Rowe,,,2026-02-26T00:00:50.987Z,,CONTINENT_DERIVED_FROM_COORDINATES;INSTITUTION_MATCH_FUZZY;INSTITUTION_COLLECTION_MISMATCH
1656057507,06a00852-f764-4fb8-80d4-ca51f0918459,https://arctos.database.museum/guid/UMNH:Mamm:36697,Animalia,Chordata,Mammalia,Rodentia,Sciuridae,Tamias,Tamias umbrinus,inyoensis,SUBSPECIES,"Tamias umbrinus inyoensis (Merriam, 1897)",Tamias umbrinus inyoensis,,US,"Ruby Mountains, Lamoille Creek, 1.0 km N, 1.25 km W Favre Peak summit",Nevada,PRESENT,,2d6267a0-0561-11d8-b851-b8a03c50a862,40.59416,-115.38976,20,,2949,0,,,7/17/13,17,7,2013,4263608,2437441,PRESERVED_SPECIMEN,UMNH,Mammalogy,UMNH:Mamm:36697,RJR 3290,unknown,2016-10-24T00:00:00,CC0_1_0,,Collector(s): Rebecca J. Rowe,,,2026-02-26T00:00:51.038Z,,CONTINENT_DERIVED_FROM_COORDINATES;INSTITUTION_MATCH_FUZZY;INSTITUTION_COLLECTION_MISMATCH
1656057494,06a00852-f764-4fb8-80d4-ca51f0918459,https://arctos.database.museum/guid/UMNH:Mamm:36696,Animalia,Chordata,Mammalia,Rodentia,Sciuridae,Tamias,Tamias umbrinus,inyoensis,SUBSPECIES,"Tamias umbrinus inyoensis (Merriam, 1897)",Tamias umbrinus inyoensis,,US,"Ruby Mountains, Lamoille Creek, 1.0 km N, 1.25 km W Favre Peak summit",Nevada,PRESENT,,2d6267a0-0561-11d8-b851-b8a03c50a862,40.59416,-115.38976,20,,2949,0,,,7/14/13,14,7,2013,4263608,2437441,PRESERVED_SPECIMEN,UMNH,Mammalogy,UMNH:Mamm:36696,RJR 3237,unknown,2016-10-24T00:00:00,CC0_1_0,,Collector(s): Rebecca J. Rowe,,,2026-02-26T00:00:50.952Z,,CONTINENT_DERIVED_FROM_COORDINATES;INSTITUTION_MATCH_FUZZY;INSTITUTION_COLLECTION_MISMATCH
1656057385,06a00852-f764-4fb8-80d4-ca51f0918459,https://arctos.database.museum/guid/UMNH:Mamm:36560,Animalia,Chordata,Mammalia,Rodentia,Sciuridae,Tamias,Tamias umbrinus,inyoensis,SUBSPECIES,"Tamias umbrinus inyoensis (Merriam, 1897)",Tamias umbrinus inyoensis,,US,"Ruby Mountains, Lamoille Canyon, 1.4 km N, 0.4 km W Favre Peak summit",Nevada,PRESENT,,2d6267a0-0561-11d8-b851-b8a03c50a862,40.59728,-115.37918,20,,2808,0,,,7/12/13,12,7,2013,4263608,2437441,PRESERVED_SPECIMEN,UMNH,Mammalogy,UMNH:Mamm:36560,RJR 3221,unknown,2016-10-24T00:00:00,CC0_1_0,,Collector(s): Rebecca J. Rowe,,,2026-02-26T00:00:49.015Z,,CONTINENT_DERIVED_FROM_COORDINATES;INSTITUTION_MATCH_FUZZY;INSTITUTION_COLLECTION_MISMATCH
1656057381,06a00852-f764-4fb8-80d4-ca51f0918459,https://arctos.database.museum/guid/UMNH:Mamm:36559,Animalia,Chordata,Mammalia,Rodentia,Sciuridae,Tamias,Tamias umbrinus,inyoensis,SUBSPECIES,"Tamias umbrinus inyoensis (Merriam, 1897)",Tamias umbrinus inyoensis,,US,"Ruby Mountains, Lamoille Canyon, 1.7 km S, 0.85 km W Verdi Peak summit",Nevada,PRESENT,,2d6267a0-0561-11d8-b851-b8a03c50a862,40.62915,-115.36746,20,,2585,0,,,7/10/13,10,7,2013,4263608,2437441,PRESERVED_SPECIMEN,UMNH,Mammalogy,UMNH:Mamm:36559,RJR 3203,unknown,2016-10-24T00:00:00,CC0_1_0,,Collector(s): Rebecca J. Rowe,,,2026-02-26T00:00:54.342Z,,CONTINENT_DERIVED_FROM_COORDINATES;INSTITUTION_MATCH_FUZZY;INSTITUTION_COLLECTION_MISMATCH
1656057275,06a00852-f764-4fb8-80d4-ca51f0918459,https://arctos.database.museum/guid/UMNH:Mamm:36447,Animalia,Chordata,Mammalia,Rodentia,Sciuridae,Tamias,Tamias umbrinus,inyoensis,SUBSPECIES,"Tamias umbrinus inyoensis (Merriam, 1897)",Tamias umbrinus inyoensis,,US,"Ruby Mountains, 2.9 km N, 2.6 km W confluence of right and main forks of Lamoille Creek",Nevada,PRESENT,,2d6267a0-0561-11d8-b851-b8a03c50a862,40.68893,-115.47057,20,,2013,0,,,6/26/13,26,6,2013,4263608,2437441,PRESERVED_SPECIMEN,UMNH,Mammalogy,UMNH:Mamm:36447,EAR 8617,unknown,2016-10-24T00:00:00,CC0_1_0,,Collector(s): Eric A. Rickart,,,2026-02-26T00:00:54.531Z,,CONTINENT_DERIVED_FROM_COORDINATES;INSTITUTION_MATCH_FUZZY;INSTITUTION_COLLECTION_MISMATCH
1656057274,06a00852-f764-4fb8-80d4-ca51f0918459,https://arctos.database.museum/guid/UMNH:Mamm:36446,Animalia,Chordata,Mammalia,Rodentia,Sciuridae,Tamias,Tamias umbrinus,inyoensis,SUBSPECIES,"Tamias umbrinus inyoensis (Merriam, 1897)",Tamias umbrinus inyoensis,,US,"Ruby Mountains, 3.0 km N, 3.1 km W confluence of right and main forks of Lamoille Creek",Nevada,PRESENT,,2d6267a0-0561-11d8-b851-b8a03c50a862,40.6912,-115.47614,20,,1606,0,,,6/25/13,25,6,2013,4263608,2437441,PRESERVED_SPECIMEN,UMNH,Mammalogy,UMNH:Mamm:36446,EAR 8616,unknown,2016-10-24T00:00:00,CC0_1_0,,Collector(s): Eric A. Rickart,,,2026-02-26T00:00:54.501Z,,CONTINENT_DERIVED_FROM_COORDINATES;INSTITUTION_MATCH_FUZZY;INSTITUTION_COLLECTION_MISMATCH
1656057264,06a00852-f764-4fb8-80d4-ca51f0918459,https://arctos.database.museum/guid/UMNH:Mamm:36448,Animalia,Chordata,Mammalia,Rodentia,Sciuridae,Tamias,Tamias umbrinus,inyoensis,SUBSPECIES,"Tamias umbrinus inyoensis (Merriam, 1897)",Tamias umbrinus inyoensis,,US,"Ruby Mountains, 0.6 km S, 0.3 km E confluence of right and main forks or Lamoille Creek",Nevada,PRESENT,,2d6267a0-0561-11d8-b851-b8a03c50a862,40.65495,-115.43705,20,,2188,0,,,6/26/13,26,6,2013,4263608,2437441,PRESERVED_SPECIMEN,UMNH,Mammalogy,UMNH:Mamm:36448,EAR 8626,unknown,2016-10-24T00:00:00,CC0_1_0,,Collector(s): Eric A. Rickart,,,2026-02-26T00:00:54.637Z,,CONTINENT_DERIVED_FROM_COORDINATES;INSTITUTION_MATCH_FUZZY;INSTITUTION_COLLECTION_MISMATCH
1656057237,06a00852-f764-4fb8-80d4-ca51f0918459,https://arctos.database.museum/guid/UMNH:Mamm:36449,Animalia,Chordata,Mammalia,Rodentia,Sciuridae,Tamias,Tamias umbrinus,inyoensis,SUBSPECIES,"Tamias umbrinus inyoensis (Merriam, 1897)",Tamias umbrinus inyoensis,,US,"Ruby Mountains, 0.6 km S, 0.3 km E confluence of right and main forks or Lamoille Creek",Nevada,PRESENT,,2d6267a0-0561-11d8-b851-b8a03c50a862,40.65495,-115.43705,20,,2188,0,,,6/26/13,26,6,2013,4263608,2437441,PRESERVED_SPECIMEN,UMNH,Mammalogy,UMNH:Mamm:36449,EAR 8627,unknown,2016-10-24T00:00:00,CC0_1_0,,Collector(s): Eric A. Rickart,,,2026-02-26T00:00:54.792Z,,CONTINENT_DERIVED_FROM_COORDINATES;INSTITUTION_MATCH_FUZZY;INSTITUTION_COLLECTION_MISMATCH
1656057207,06a00852-f764-4fb8-80d4-ca51f0918459,https://arctos.database.museum/guid/UMNH:Mamm:36445,Animalia,Chordata,Mammalia,Rodentia,Sciuridae,Tamias,Tamias umbrinus,inyoensis,SUBSPECIES,"Tamias umbrinus inyoensis (Merriam, 1897)",Tamias umbrinus inyoensis,,US,"Ruby Mountains, 3.0 km N, 3.1 km W confluence of right and main forks of Lamoille Creek",Nevada,PRESENT,,2d6267a0-0561-11d8-b851-b8a03c50a862,40.6912,-115.47614,20,,1606,0,,,6/25/13,25,6,2013,4263608,2437441,PRESERVED_SPECIMEN,UMNH,Mammalogy,UMNH:Mamm:36445,EAR 8615,unknown,2016-10-24T00:00:00,CC0_1_0,,Collector(s): Eric A. Rickart,,,2026-02-26T00:00:54.356Z,,CONTINENT_DERIVED_FROM_COORDINATES;INSTITUTION_MATCH_FUZZY;INSTITUTION_COLLECTION_MISMATCH
1656055508,06a00852-f764-4fb8-80d4-ca51f0918459,https://arctos.database.museum/guid/UMNH:Mamm:34820,Animalia,Chordata,Mammalia,Rodentia,Sciuridae,Tamias,Tamias umbrinus,inyoensis,SUBSPECIES,"Tamias umbrinus inyoensis (Merriam, 1897)",Tamias umbrinus inyoensis,,US,"Toquima Range, Pine Creek Canyon",Nevada,PRESENT,,2d6267a0-0561-11d8-b851-b8a03c50a862,38.79488,-116.85201,20,,2341,0,,,4/22/12,22,4,2012,4263608,2437441,PRESERVED_SPECIMEN,UMNH,Mammalogy,UMNH:Mamm:34820,EAR 8284,unknown,2016-10-24T00:00:00,CC0_1_0,,Collector(s): Eric A. Rickart,,,2026-02-26T00:00:54.362Z,,CONTINENT_DERIVED_FROM_COORDINATES;INSTITUTION_MATCH_FUZZY;INSTITUTION_COLLECTION_MISMATCH
1656055463,06a00852-f764-4fb8-80d4-ca51f0918459,https://arctos.database.museum/guid/UMNH:Mamm:34821,Animalia,Chordata,Mammalia,Rodentia,Sciuridae,Tamias,Tamias umbrinus,inyoensis,SUBSPECIES,"Tamias umbrinus inyoensis (Merriam, 1897)",Tamias umbrinus inyoensis,,US,"Toquima Range, Pine Creek Canyon",Nevada,PRESENT,,2d6267a0-0561-11d8-b851-b8a03c50a862,38.79488,-116.85201,20,,2341,0,,,4/23/12,23,4,2012,4263608,2437441,PRESERVED_SPECIMEN,UMNH,Mammalogy,UMNH:Mamm:34821,EAR 8320,unknown,2016-10-24T00:00:00,CC0_1_0,,Collector(s): Eric A. Rickart,,,2026-02-26T00:00:54.265Z,,CONTINENT_DERIVED_FROM_COORDINATES;INSTITUTION_MATCH_FUZZY;INSTITUTION_COLLECTION_MISMATCH
1656055432,06a00852-f764-4fb8-80d4-ca51f0918459,https://arctos.database.museum/guid/UMNH:Mamm:34822,Animalia,Chordata,Mammalia,Rodentia,Sciuridae,Tamias,Tamias umbrinus,inyoensis,SUBSPECIES,"Tamias umbrinus inyoensis (Merriam, 1897)",Tamias umbrinus inyoensis,,US,"Toquima Range, Pine Creek Canyon",Nevada,PRESENT,,2d6267a0-0561-11d8-b851-b8a03c50a862,38.79488,-116.85201,20,,2341,0,,,4/23/12,23,4,2012,4263608,2437441,PRESERVED_SPECIMEN,UMNH,Mammalogy,UMNH:Mamm:34822,EAR 8321,unknown,2016-10-24T00:00:00,CC0_1_0,,Collector(s): Eric A. Rickart,,,2026-02-26T00:00:54.267Z,,CONTINENT_DERIVED_FROM_COORDINATES;INSTITUTION_MATCH_FUZZY;INSTITUTION_COLLECTION_MISMATCH
1656055425,06a00852-f764-4fb8-80d4-ca51f0918459,https://arctos.database.museum/guid/UMNH:Mamm:34819,Animalia,Chordata,Mammalia,Rodentia,Sciuridae,Tamias,Tamias umbrinus,inyoensis,SUBSPECIES,"Tamias umbrinus inyoensis (Merriam, 1897)",Tamias umbrinus inyoensis,,US,"Toquima Range, Pine Creek Canyon",Nevada,PRESENT,,2d6267a0-0561-11d8-b851-b8a03c50a862,38.79488,-116.85201,20,,2341,0,,,4/22/12,22,4,2012,4263608,2437441,PRESERVED_SPECIMEN,UMNH,Mammalogy,UMNH:Mamm:34819,EAR 8259,unknown,2016-10-24T00:00:00,CC0_1_0,,Collector(s): Eric A. Rickart,,,2026-02-26T00:00:51.772Z,,CONTINENT_DERIVED_FROM_COORDINATES;INSTITUTION_MATCH_FUZZY;INSTITUTION_COLLECTION_MISMATCH
1656055135,06a00852-f764-4fb8-80d4-ca51f0918459,https://arctos.database.museum/guid/UMNH:Mamm:34471,Animalia,Chordata,Mammalia,Rodentia,Sciuridae,Tamias,Tamias umbrinus,inyoensis,SUBSPECIES,"Tamias umbrinus inyoensis (Merriam, 1897)",Tamias umbrinus inyoensis,,US,"Toiyabe Range, Birch Creek, 4.50 km  N, 3.02 km E North Toiyabe Peak",Nevada,PRESENT,,2d6267a0-0561-11d8-b851-b8a03c50a862,39.40004,-117.03946,20,,2188,0,,,7/13/11,13,7,2011,4263608,2437441,PRESERVED_SPECIMEN,UMNH,Mammalogy,UMNH:Mamm:34471,EAR 7904,unknown,2016-10-24T00:00:00,CC0_1_0,,Collector(s): Eric A. Rickart,,,2026-02-26T00:00:52.234Z,,CONTINENT_DERIVED_FROM_COORDINATES;TYPE_STATUS_INVALID;INSTITUTION_MATCH_FUZZY;INSTITUTION_COLLECTION_MISMATCH
1656055119,06a00852-f764-4fb8-80d4-ca51f0918459,https://arctos.database.museum/guid/UMNH:Mamm:34475,Animalia,Chordata,Mammalia,Rodentia,Sciuridae,Tamias,Tamias umbrinus,inyoensis,SUBSPECIES,"Tamias umbrinus inyoensis (Merriam, 1897)",Tamias umbrinus inyoensis,,US,"Toiyabe Range, Birch Creek, 4.50 km  N, 3.02 km E North Toiyabe Peak",Nevada,PRESENT,,2d6267a0-0561-11d8-b851-b8a03c50a862,39.40004,-117.03946,20,,2188,0,,,7/13/11,13,7,2011,4263608,2437441,PRESERVED_SPECIMEN,UMNH,Mammalogy,UMNH:Mamm:34475,EAR 7905,unknown,2016-10-24T00:00:00,CC0_1_0,,Collector(s): Eric A. Rickart,,,2026-02-26T00:00:52.330Z,,CONTINENT_DERIVED_FROM_COORDINATES;INSTITUTION_MATCH_FUZZY;INSTITUTION_COLLECTION_MISMATCH
1656055072,06a00852-f764-4fb8-80d4-ca51f0918459,https://arctos.database.museum/guid/UMNH:Mamm:34474,Animalia,Chordata,Mammalia,Rodentia,Sciuridae,Tamias,Tamias umbrinus,inyoensis,SUBSPECIES,"Tamias umbrinus inyoensis (Merriam, 1897)",Tamias umbrinus inyoensis,,US,"Toiyabe Range, Birch Creek, 4.50 km  N, 3.02 km E North Toiyabe Peak",Nevada,PRESENT,,2d6267a0-0561-11d8-b851-b8a03c50a862,39.40004,-117.03946,20,,2188,0,,,7/13/11,13,7,2011,4263608,2437441,PRESERVED_SPECIMEN,UMNH,Mammalogy,UMNH:Mamm:34474,EAR 7886,unknown,2016-10-24T00:00:00,CC0_1_0,,Collector(s): Eric A. Rickart,,,2026-02-26T00:00:52.610Z,,CONTINENT_DERIVED_FROM_COORDINATES;TYPE_STATUS_INVALID;INSTITUTION_MATCH_FUZZY;INSTITUTION_COLLECTION_MISMATCH
1656055065,06a00852-f764-4fb8-80d4-ca51f0918459,https://arctos.database.museum/guid/UMNH:Mamm:34473,Animalia,Chordata,Mammalia,Rodentia,Sciuridae,Tamias,Tamias umbrinus,inyoensis,SUBSPECIES,"Tamias umbrinus inyoensis (Merriam, 1897)",Tamias umbrinus inyoensis,,US,"Toiyabe Range, Birch Creek, 4.50 km  N, 3.02 km E North Toiyabe Peak",Nevada,PRESENT,,2d6267a0-0561-11d8-b851-b8a03c50a862,39.40004,-117.03946,20,,2188,0,,,7/13/11,13,7,2011,4263608,2437441,PRESERVED_SPECIMEN,UMNH,Mammalogy,UMNH:Mamm:34473,EAR 7887,unknown,2016-10-24T00:00:00,CC0_1_0,,Collector(s): Eric A. Rickart,,,2026-02-26T00:00:52.698Z,,CONTINENT_DERIVED_FROM_COORDINATES;INSTITUTION_MATCH_FUZZY;INSTITUTION_COLLECTION_MISMATCH
1656055062,06a00852-f764-4fb8-80d4-ca51f0918459,https://arctos.database.museum/guid/UMNH:Mamm:34472,Animalia,Chordata,Mammalia,Rodentia,Sciuridae,Tamias,Tamias umbrinus,inyoensis,SUBSPECIES,"Tamias umbrinus inyoensis (Merriam, 1897)",Tamias umbrinus inyoensis,,US,"Toiyabe Range, Birch Creek, 4.50 km  N, 3.02 km E North Toiyabe Peak",Nevada,PRESENT,,2d6267a0-0561-11d8-b851-b8a03c50a862,39.40004,-117.03946,20,,2188,0,,,7/13/11,13,7,2011,4263608,2437441,PRESERVED_SPECIMEN,UMNH,Mammalogy,UMNH:Mamm:34472,EAR 7906,unknown,2016-10-24T00:00:00,CC0_1_0,,Collector(s): Eric A. Rickart,,,2026-02-26T00:00:52.544Z,,CONTINENT_DERIVED_FROM_COORDINATES;INSTITUTION_MATCH_FUZZY;INSTITUTION_COLLECTION_MISMATCH
1656054638,06a00852-f764-4fb8-80d4-ca51f0918459,https://arctos.database.museum/guid/UMNH:Mamm:34030,Animalia,Chordata,Mammalia,Rodentia,Sciuridae,Tamias,Tamias umbrinus,inyoensis,SUBSPECIES,"Tamias umbrinus inyoensis (Merriam, 1897)",Tamias umbrinus inyoensis,,US,"Toiyabe Range, Wisconsin Creek, 4.65 km N, 2.75 km E South Toiyabe Peak",Nevada,PRESENT,,2d6267a0-0561-11d8-b851-b8a03c50a862,38.96066,-117.27203,20,,2317,0,,,6/14/11,14,6,2011,4263608,2437441,PRESERVED_SPECIMEN,UMNH,Mammalogy,UMNH:Mamm:34030,RJR 2607,unknown,2016-10-24T00:00:00,CC0_1_0,,Collector(s): Rebecca J. Rowe,,,2026-02-26T00:00:52.870Z,,CONTINENT_DERIVED_FROM_COORDINATES;INSTITUTION_MATCH_FUZZY;INSTITUTION_COLLECTION_MISMATCH
1656054571,06a00852-f764-4fb8-80d4-ca51f0918459,https://arctos.database.museum/guid/UMNH:Mamm:34031,Animalia,Chordata,Mammalia,Rodentia,Sciuridae,Tamias,Tamias umbrinus,inyoensis,SUBSPECIES,"Tamias umbrinus inyoensis (Merriam, 1897)",Tamias umbrinus inyoensis,,US,"Toiyabe Range, Wisconsin Creek, 4.65 km N, 2.75 km E South Toiyabe Peak",Nevada,PRESENT,,2d6267a0-0561-11d8-b851-b8a03c50a862,38.96173,-117.27229,20,,2358,0,,,6/14/11,14,6,2011,4263608,2437441,PRESERVED_SPECIMEN,UMNH,Mammalogy,UMNH:Mamm:34031,RJR 2625,unknown,2016-10-24T00:00:00,CC0_1_0,,Collector(s): Rebecca J. Rowe,,,2026-02-26T00:00:52.957Z,,CONTINENT_DERIVED_FROM_COORDINATES;INSTITUTION_MATCH_FUZZY;INSTITUTION_COLLECTION_MISMATCH
1656054214,06a00852-f764-4fb8-80d4-ca51f0918459,https://arctos.database.museum/guid/UMNH:Mamm:33721,Animalia,Chordata,Mammalia,Rodentia,Sciuridae,Tamias,Tamias umbrinus,inyoensis,SUBSPECIES,"Tamias umbrinus inyoensis (Merriam, 1897)",Tamias umbrinus inyoensis,,US,"Toiyabe Range, dividing ridge between Big Creek and Kingston canyons",Nevada,PRESENT,,2d6267a0-0561-11d8-b851-b8a03c50a862,39.29441,-117.1191,20,,2682,0,,,8/9/10,9,8,2010,4263608,2437441,PRESERVED_SPECIMEN,UMNH,Mammalogy,UMNH:Mamm:33721,EAR 7587,unknown,2016-10-24T00:00:00,CC0_1_0,,Collector(s): Eric A. Rickart,,,2026-02-26T00:00:49.535Z,,CONTINENT_DERIVED_FROM_COORDINATES;INSTITUTION_MATCH_FUZZY;INSTITUTION_COLLECTION_MISMATCH
1656054211,06a00852-f764-4fb8-80d4-ca51f0918459,https://arctos.database.museum/guid/UMNH:Mamm:33722,Animalia,Chordata,Mammalia,Rodentia,Sciuridae,Tamias,Tamias umbrinus,inyoensis,SUBSPECIES,"Tamias umbrinus inyoensis (Merriam, 1897)",Tamias umbrinus inyoensis,,US,"Toiyabe Range, Big Creek Canyon, 0.1 km N, 0.25 km E pass between Big Creek and Kingston canyons",Nevada,PRESENT,,2d6267a0-0561-11d8-b851-b8a03c50a862,39.29327,-117.11433,20,,2560,0,,,8/9/10,9,8,2010,4263608,2437441,PRESERVED_SPECIMEN,UMNH,Mammalogy,UMNH:Mamm:33722,EAR 7588,unknown,2016-10-24T00:00:00,CC0_1_0,,Collector(s): Eric A. Rickart,,,2026-02-26T00:00:49.535Z,,CONTINENT_DERIVED_FROM_COORDINATES;INSTITUTION_MATCH_FUZZY;INSTITUTION_COLLECTION_MISMATCH
1656054004,06a00852-f764-4fb8-80d4-ca51f0918459,https://arctos.database.museum/guid/UMNH:Mamm:33459,Animalia,Chordata,Mammalia,Rodentia,Sciuridae,Tamias,Tamias umbrinus,inyoensis,SUBSPECIES,"Tamias umbrinus inyoensis (Merriam, 1897)",Tamias umbrinus inyoensis,,US,"Toiyabe Range, Big Creek Canyon, 1.4 km N, 0.1 km W pass between Big Creek and Kingston canyons",Nevada,PRESENT,,2d6267a0-0561-11d8-b851-b8a03c50a862,39.30594,-117.12208,20,,2393,0,,,7/12/10,12,7,2010,4263608,2437441,PRESERVED_SPECIMEN,UMNH,Mammalogy,UMNH:Mamm:33459,EAR 7284,unknown,2016-10-24T00:00:00,CC0_1_0,,Collector(s): Eric A. Rickart,,,2026-02-26T00:00:50.123Z,,CONTINENT_DERIVED_FROM_COORDINATES;INSTITUTION_MATCH_FUZZY;INSTITUTION_COLLECTION_MISMATCH
1656053998,06a00852-f764-4fb8-80d4-ca51f0918459,https://arctos.database.museum/guid/UMNH:Mamm:33471,Animalia,Chordata,Mammalia,Rodentia,Sciuridae,Tamias,Tamias umbrinus,inyoensis,SUBSPECIES,"Tamias umbrinus inyoensis (Merriam, 1897)",Tamias umbrinus inyoensis,,US,"Toiyabe Range, Big Creek Canyon, 0.1 km N, 0.25 km E pass between Big Creek and Kingston canyons",Nevada,PRESENT,,2d6267a0-0561-11d8-b851-b8a03c50a862,39.29416,-117.11591,20,,2560,0,,,7/15/10,15,7,2010,4263608,2437441,PRESERVED_SPECIMEN,UMNH,Mammalogy,UMNH:Mamm:33471,EAR 7424,unknown,2016-10-24T00:00:00,CC0_1_0,,Collector(s): Eric A. Rickart,,,2026-02-26T00:00:50.808Z,,CONTINENT_DERIVED_FROM_COORDINATES;INSTITUTION_MATCH_FUZZY;INSTITUTION_COLLECTION_MISMATCH
1656053995,06a00852-f764-4fb8-80d4-ca51f0918459,https://arctos.database.museum/guid/UMNH:Mamm:33466,Animalia,Chordata,Mammalia,Rodentia,Sciuridae,Tamias,Tamias umbrinus,inyoensis,SUBSPECIES,"Tamias umbrinus inyoensis (Merriam, 1897)",Tamias umbrinus inyoensis,,US,"Toiyabe Range, Big Creek Canyon, 0.1 km N, 0.25 km E pass between Big Creek and Kingston canyons",Nevada,PRESENT,,2d6267a0-0561-11d8-b851-b8a03c50a862,39.29416,-117.11591,20,,2560,0,,,7/13/10,13,7,2010,4263608,2437441,PRESERVED_SPECIMEN,UMNH,Mammalogy,UMNH:Mamm:33466,EAR 7403,unknown,2016-10-24T00:00:00,CC0_1_0,,Collector(s): Eric A. Rickart,,,2026-02-26T00:00:51.564Z,,CONTINENT_DERIVED_FROM_COORDINATES;INSTITUTION_MATCH_FUZZY;INSTITUTION_COLLECTION_MISMATCH
1656053993,06a00852-f764-4fb8-80d4-ca51f0918459,https://arctos.database.museum/guid/UMNH:Mamm:33468,Animalia,Chordata,Mammalia,Rodentia,Sciuridae,Tamias,Tamias umbrinus,inyoensis,SUBSPECIES,"Tamias umbrinus inyoensis (Merriam, 1897)",Tamias umbrinus inyoensis,,US,"Toiyabe Range, Big Creek Canyon, 0.1 km N, 0.25 km E pass between Big Creek and Kingston canyons",Nevada,PRESENT,,2d6267a0-0561-11d8-b851-b8a03c50a862,39.29416,-117.11591,20,,2560,0,,,7/14/10,14,7,2010,4263608,2437441,PRESERVED_SPECIMEN,UMNH,Mammalogy,UMNH:Mamm:33468,EAR 7419,unknown,2016-10-24T00:00:00,CC0_1_0,,Collector(s): Eric A. Rickart,,,2026-02-26T00:00:51.479Z,,CONTINENT_DERIVED_FROM_COORDINATES;INSTITUTION_MATCH_FUZZY;INSTITUTION_COLLECTION_MISMATCH
1656053986,06a00852-f764-4fb8-80d4-ca51f0918459,https://arctos.database.museum/guid/UMNH:Mamm:33465,Animalia,Chordata,Mammalia,Rodentia,Sciuridae,Tamias,Tamias umbrinus,inyoensis,SUBSPECIES,"Tamias umbrinus inyoensis (Merriam, 1897)",Tamias umbrinus inyoensis,,US,"Toiyabe Range, Big Creek Canyon, 0.1 km N, 0.25 km E pass between Big Creek and Kingston canyons",Nevada,PRESENT,,2d6267a0-0561-11d8-b851-b8a03c50a862,39.29416,-117.11591,20,,2560,0,,,7/13/10,13,7,2010,4263608,2437441,PRESERVED_SPECIMEN,UMNH,Mammalogy,UMNH:Mamm:33465,EAR 7402,unknown,2016-10-24T00:00:00,CC0_1_0,,Collector(s): Eric A. Rickart,,,2026-02-26T00:00:51.749Z,,CONTINENT_DERIVED_FROM_COORDINATES;INSTITUTION_MATCH_FUZZY;INSTITUTION_COLLECTION_MISMATCH
1656053983,06a00852-f764-4fb8-80d4-ca51f0918459,https://arctos.database.museum/guid/UMNH:Mamm:33461,Animalia,Chordata,Mammalia,Rodentia,Sciuridae,Tamias,Tamias umbrinus,inyoensis,SUBSPECIES,"Tamias umbrinus inyoensis (Merriam, 1897)",Tamias umbrinus inyoensis,,US,"Toiyabe Range, Big Creek Canyon, 0.1 km N, 0.25 km E pass between Big Creek and Kingston canyons",Nevada,PRESENT,,2d6267a0-0561-11d8-b851-b8a03c50a862,39.29234,-117.11313,20,,2560,0,,,7/12/10,12,7,2010,4263608,2437441,PRESERVED_SPECIMEN,UMNH,Mammalogy,UMNH:Mamm:33461,EAR 7338,unknown,2016-10-24T00:00:00,CC0_1_0,,Collector(s): Eric A. Rickart,,,2026-02-26T00:00:51.496Z,,CONTINENT_DERIVED_FROM_COORDINATES;INSTITUTION_MATCH_FUZZY;INSTITUTION_COLLECTION_MISMATCH
1656053969,06a00852-f764-4fb8-80d4-ca51f0918459,https://arctos.database.museum/guid/UMNH:Mamm:33460,Animalia,Chordata,Mammalia,Rodentia,Sciuridae,Tamias,Tamias umbrinus,inyoensis,SUBSPECIES,"Tamias umbrinus inyoensis (Merriam, 1897)",Tamias umbrinus inyoensis,,US,"Toiyabe Range, dividing ridge between Big Creek and Kingston canyons",Nevada,PRESENT,,2d6267a0-0561-11d8-b851-b8a03c50a862,39.29276,-117.11575,20,,2682,0,,,7/12/10,12,7,2010,4263608,2437441,PRESERVED_SPECIMEN,UMNH,Mammalogy,UMNH:Mamm:33460,EAR 7333,unknown,2016-10-24T00:00:00,CC0_1_0,,Collector(s): Eric A. Rickart,,,2026-02-26T00:00:51.528Z,,CONTINENT_DERIVED_FROM_COORDINATES;INSTITUTION_MATCH_FUZZY;INSTITUTION_COLLECTION_MISMATCH
1656053961,06a00852-f764-4fb8-80d4-ca51f0918459,https://arctos.database.museum/guid/UMNH:Mamm:33462,Animalia,Chordata,Mammalia,Rodentia,Sciuridae,Tamias,Tamias umbrinus,inyoensis,SUBSPECIES,"Tamias umbrinus inyoensis (Merriam, 1897)",Tamias umbrinus inyoensis,,US,"Toiyabe Range, Big Creek Canyon, 0.1 km N, 0.25 km E pass between Big Creek and Kingston canyons",Nevada,PRESENT,,2d6267a0-0561-11d8-b851-b8a03c50a862,39.29416,-117.11591,20,,2560,0,,,7/13/10,13,7,2010,4263608,2437441,PRESERVED_SPECIMEN,UMNH,Mammalogy,UMNH:Mamm:33462,EAR 7378,unknown,2016-10-24T00:00:00,CC0_1_0,,Collector(s): Eric A. Rickart,,,2026-02-26T00:00:51.570Z,,CONTINENT_DERIVED_FROM_COORDINATES;INSTITUTION_MATCH_FUZZY;INSTITUTION_COLLECTION_MISMATCH
1656053959,06a00852-f764-4fb8-80d4-ca51f0918459,https://arctos.database.museum/guid/UMNH:Mamm:33469,Animalia,Chordata,Mammalia,Rodentia,Sciuridae,Tamias,Tamias umbrinus,inyoensis,SUBSPECIES,"Tamias umbrinus inyoensis (Merriam, 1897)",Tamias umbrinus inyoensis,,US,"Toiyabe Range, Big Creek Canyon, 0.1 km N, 0.25 km E pass between Big Creek and Kingston canyons",Nevada,PRESENT,,2d6267a0-0561-11d8-b851-b8a03c50a862,39.29416,-117.11591,20,,2560,0,,,7/14/10,14,7,2010,4263608,2437441,PRESERVED_SPECIMEN,UMNH,Mammalogy,UMNH:Mamm:33469,EAR 7420,unknown,2016-10-24T00:00:00,CC0_1_0,,Collector(s): Eric A. Rickart,,,2026-02-26T00:00:51.565Z,,CONTINENT_DERIVED_FROM_COORDINATES;INSTITUTION_MATCH_FUZZY;INSTITUTION_COLLECTION_MISMATCH
1656053948,06a00852-f764-4fb8-80d4-ca51f0918459,https://arctos.database.museum/guid/UMNH:Mamm:33463,Animalia,Chordata,Mammalia,Rodentia,Sciuridae,Tamias,Tamias umbrinus,inyoensis,SUBSPECIES,"Tamias umbrinus inyoensis (Merriam, 1897)",Tamias umbrinus inyoensis,,US,"Toiyabe Range, Big Creek Canyon, 0.1 km N, 0.25 km E pass between Big Creek and Kingston canyons",Nevada,PRESENT,,2d6267a0-0561-11d8-b851-b8a03c50a862,39.29416,-117.11591,20,,2560,0,,,7/13/10,13,7,2010,4263608,2437441,PRESERVED_SPECIMEN,UMNH,Mammalogy,UMNH:Mamm:33463,EAR 7379,unknown,2016-10-24T00:00:00,CC0_1_0,,Collector(s): Eric A. Rickart,,,2026-02-26T00:00:51.691Z,,CONTINENT_DERIVED_FROM_COORDINATES;INSTITUTION_MATCH_FUZZY;INSTITUTION_COLLECTION_MISMATCH
1656053941,06a00852-f764-4fb8-80d4-ca51f0918459,https://arctos.database.museum/guid/UMNH:Mamm:33464,Animalia,Chordata,Mammalia,Rodentia,Sciuridae,Tamias,Tamias umbrinus,inyoensis,SUBSPECIES,"Tamias umbrinus inyoensis (Merriam, 1897)",Tamias umbrinus inyoensis,,US,"Toiyabe Range, Big Creek Canyon, 0.1 km N, 0.25 km E pass between Big Creek and Kingston canyons",Nevada,PRESENT,,2d6267a0-0561-11d8-b851-b8a03c50a862,39.29416,-117.11591,20,,2560,0,,,7/13/10,13,7,2010,4263608,2437441,PRESERVED_SPECIMEN,UMNH,Mammalogy,UMNH:Mamm:33464,EAR 7401,unknown,2016-10-24T00:00:00,CC0_1_0,,Collector(s): Eric A. Rickart,,,2026-02-26T00:00:51.523Z,,CONTINENT_DERIVED_FROM_COORDINATES;INSTITUTION_MATCH_FUZZY;INSTITUTION_COLLECTION_MISMATCH
1656053939,06a00852-f764-4fb8-80d4-ca51f0918459,https://arctos.database.museum/guid/UMNH:Mamm:33467,Animalia,Chordata,Mammalia,Rodentia,Sciuridae,Tamias,Tamias umbrinus,inyoensis,SUBSPECIES,"Tamias umbrinus inyoensis (Merriam, 1897)",Tamias umbrinus inyoensis,,US,"Toiyabe Range, Big Creek Canyon, 0.1 km N, 0.25 km E pass between Big Creek and Kingston canyons",Nevada,PRESENT,,2d6267a0-0561-11d8-b851-b8a03c50a862,39.29416,-117.11591,20,,2560,0,,,7/13/10,13,7,2010,4263608,2437441,PRESERVED_SPECIMEN,UMNH,Mammalogy,UMNH:Mamm:33467,EAR 7404,unknown,2016-10-24T00:00:00,CC0_1_0,,Collector(s): Eric A. Rickart,,,2026-02-26T00:00:51.521Z,,CONTINENT_DERIVED_FROM_COORDINATES;INSTITUTION_MATCH_FUZZY;INSTITUTION_COLLECTION_MISMATCH
1656053928,06a00852-f764-4fb8-80d4-ca51f0918459,https://arctos.database.museum/guid/UMNH:Mamm:33470,Animalia,Chordata,Mammalia,Rodentia,Sciuridae,Tamias,Tamias umbrinus,inyoensis,SUBSPECIES,"Tamias umbrinus inyoensis (Merriam, 1897)",Tamias umbrinus inyoensis,,US,"Toiyabe Range, Big Creek Canyon, 0.1 km N, 0.25 km E pass between Big Creek and Kingston canyons",Nevada,PRESENT,,2d6267a0-0561-11d8-b851-b8a03c50a862,39.29416,-117.11591,20,,2560,0,,,7/15/10,15,7,2010,4263608,2437441,PRESERVED_SPECIMEN,UMNH,Mammalogy,UMNH:Mamm:33470,EAR 7423,unknown,2016-10-24T00:00:00,CC0_1_0,,Collector(s): Eric A. Rickart,,,2026-02-26T00:00:50.684Z,,CONTINENT_DERIVED_FROM_COORDINATES;INSTITUTION_MATCH_FUZZY;INSTITUTION_COLLECTION_MISMATCH
1656053754,06a00852-f764-4fb8-80d4-ca51f0918459,https://arctos.database.museum/guid/UMNH:Mamm:33237,Animalia,Chordata,Mammalia,Rodentia,Sciuridae,Tamias,Tamias umbrinus,inyoensis,SUBSPECIES,"Tamias umbrinus inyoensis (Merriam, 1897)",Tamias umbrinus inyoensis,,US,"Toiyabe Range, Big Creek Canyon, 1.6 km due S confluence Cottonwood & Big creeks",Nevada,PRESENT,,2d6267a0-0561-11d8-b851-b8a03c50a862,39.3103,-117.12136,20,,2332,0,,,6/24/10,24,6,2010,4263608,2437441,PRESERVED_SPECIMEN,UMNH,Mammalogy,UMNH:Mamm:33237,EAR 7109,unknown,2016-10-24T00:00:00,CC0_1_0,,Collector(s): Eric A. Rickart,,,2026-02-26T00:00:50.784Z,,CONTINENT_DERIVED_FROM_COORDINATES;INSTITUTION_MATCH_FUZZY;INSTITUTION_COLLECTION_MISMATCH
1656053101,06a00852-f764-4fb8-80d4-ca51f0918459,https://arctos.database.museum/guid/UMNH:Mamm:32662,Animalia,Chordata,Mammalia,Rodentia,Sciuridae,Tamias,Tamias umbrinus,inyoensis,SUBSPECIES,"Tamias umbrinus inyoensis (Merriam, 1897)",Tamias umbrinus inyoensis,,US,"Ruby Mountains, Long Canyon, 3.90 km S, 3.70 km E confluence of Mahogany and Long creeks",Nevada,PRESENT,,2d6267a0-0561-11d8-b851-b8a03c50a862,40.5129,-115.43491,20,,2626,0,,,7/28/08,28,7,2008,4263608,2437441,PRESERVED_SPECIMEN,UMNH,Mammalogy,UMNH:Mamm:32662,RJR 2208,unknown,2016-10-24T00:00:00,CC0_1_0,,Collector(s): Rebecca J. Rowe,,,2026-02-26T00:00:48.958Z,,CONTINENT_DERIVED_FROM_COORDINATES;INSTITUTION_MATCH_FUZZY;INSTITUTION_COLLECTION_MISMATCH
1656053100,06a00852-f764-4fb8-80d4-ca51f0918459,https://arctos.database.museum/guid/UMNH:Mamm:32702,Animalia,Chordata,Mammalia,Rodentia,Sciuridae,Tamias,Tamias umbrinus,inyoensis,SUBSPECIES,"Tamias umbrinus inyoensis (Merriam, 1897)",Tamias umbrinus inyoensis,,US,"Snake Range, Strawberry Creek Canyon, Great Basin National Park",Nevada,PRESENT,,2d6267a0-0561-11d8-b851-b8a03c50a862,39.05062,-114.31529,20,,2540,0,,,8/6/08,6,8,2008,4263608,2437441,PRESERVED_SPECIMEN,UMNH,Mammalogy,UMNH:Mamm:32702,EAR 6811,unknown,2016-10-24T00:00:00,CC0_1_0,,Collector(s): Eric A. Rickart,,,2026-02-26T00:00:54.522Z,,CONTINENT_DERIVED_FROM_COORDINATES;INSTITUTION_MATCH_FUZZY;INSTITUTION_COLLECTION_MISMATCH
1656053069,06a00852-f764-4fb8-80d4-ca51f0918459,https://arctos.database.museum/guid/UMNH:Mamm:32641,Animalia,Chordata,Mammalia,Rodentia,Sciuridae,Tamias,Tamias umbrinus,inyoensis,SUBSPECIES,"Tamias umbrinus inyoensis (Merriam, 1897)",Tamias umbrinus inyoensis,,US,"Ruby Mountains, Long Canyon, 4.30 km S, 2.55 km E confluence of Mahogany and Long creeks",Nevada,PRESENT,,2d6267a0-0561-11d8-b851-b8a03c50a862,40.50945,-115.44865,20,,2810,0,,,7/28/08,28,7,2008,4263608,2437441,PRESERVED_SPECIMEN,UMNH,Mammalogy,UMNH:Mamm:32641,EAR 6799,unknown,2016-10-24T00:00:00,CC0_1_0,,Collector(s): Eric A. Rickart,,,2026-02-26T00:00:53.655Z,,CONTINENT_DERIVED_FROM_COORDINATES;INSTITUTION_MATCH_FUZZY;INSTITUTION_COLLECTION_MISMATCH
1656053048,06a00852-f764-4fb8-80d4-ca51f0918459,https://arctos.database.museum/guid/UMNH:Mamm:32640,Animalia,Chordata,Mammalia,Rodentia,Sciuridae,Tamias,Tamias umbrinus,inyoensis,SUBSPECIES,"Tamias umbrinus inyoensis (Merriam, 1897)",Tamias umbrinus inyoensis,,US,"Ruby Mountains, Long Canyon, 4.30 km S, 2.55 km E confluence of Mahogany and Long creeks",Nevada,PRESENT,,2d6267a0-0561-11d8-b851-b8a03c50a862,40.50945,-115.44865,20,,2810,0,,,7/26/08,26,7,2008,4263608,2437441,PRESERVED_SPECIMEN,UMNH,Mammalogy,UMNH:Mamm:32640,EAR 6789,unknown,2016-10-24T00:00:00,CC0_1_0,,Collector(s): Eric A. Rickart,,,2026-02-26T00:00:53.651Z,,CONTINENT_DERIVED_FROM_COORDINATES;INSTITUTION_MATCH_FUZZY;INSTITUTION_COLLECTION_MISMATCH
1656053024,06a00852-f764-4fb8-80d4-ca51f0918459,https://arctos.database.museum/guid/UMNH:Mamm:32601,Animalia,Chordata,Mammalia,Rodentia,Sciuridae,Tamias,Tamias umbrinus,inyoensis,SUBSPECIES,"Tamias umbrinus inyoensis (Merriam, 1897)",Tamias umbrinus inyoensis,,US,"Ruby Mountains, 2.9 km N, 2.6 km W confluence of right and main forks of Lamoille Creek",Nevada,PRESENT,,2d6267a0-0561-11d8-b851-b8a03c50a862,40.68811,-115.47072,20,,2014,0,,,7/26/07,26,7,2007,4263608,2437441,PRESERVED_SPECIMEN,UMNH,Mammalogy,UMNH:Mamm:32601,RJR 2059,unknown,2016-10-24T00:00:00,CC0_1_0,,Collector(s): Rebecca J. Rowe,,,2026-02-26T00:00:48.981Z,,CONTINENT_DERIVED_FROM_COORDINATES;INSTITUTION_MATCH_FUZZY;INSTITUTION_COLLECTION_MISMATCH
1656053002,06a00852-f764-4fb8-80d4-ca51f0918459,https://arctos.database.museum/guid/UMNH:Mamm:32642,Animalia,Chordata,Mammalia,Rodentia,Sciuridae,Tamias,Tamias umbrinus,inyoensis,SUBSPECIES,"Tamias umbrinus inyoensis (Merriam, 1897)",Tamias umbrinus inyoensis,,US,"Ruby Mountains, Long Canyon, 4.30 km S, 2.55 km E confluence of Mahogany and Long creeks",Nevada,PRESENT,,2d6267a0-0561-11d8-b851-b8a03c50a862,40.50945,-115.44865,20,,2810,0,,,7/29/08,29,7,2008,4263608,2437441,PRESERVED_SPECIMEN,UMNH,Mammalogy,UMNH:Mamm:32642,EAR 6806,unknown,2016-10-24T00:00:00,CC0_1_0,,Collector(s): Eric A. Rickart,,,2026-02-26T00:00:53.455Z,,CONTINENT_DERIVED_FROM_COORDINATES;INSTITUTION_MATCH_FUZZY;INSTITUTION_COLLECTION_MISMATCH
1656052967,06a00852-f764-4fb8-80d4-ca51f0918459,https://arctos.database.museum/guid/UMNH:Mamm:32587,Animalia,Chordata,Mammalia,Rodentia,Sciuridae,Tamias,Tamias umbrinus,inyoensis,SUBSPECIES,"Tamias umbrinus inyoensis (Merriam, 1897)",Tamias umbrinus inyoensis,,US,"Ruby Mountains, Favre Lake",Nevada,PRESENT,,2d6267a0-0561-11d8-b851-b8a03c50a862,40.5726,-115.40058,20,,2923,0,,,7/20/07,20,7,2007,4263608,2437441,PRESERVED_SPECIMEN,UMNH,Mammalogy,UMNH:Mamm:32587,EAR 6532,unknown,2016-10-24T00:00:00,CC0_1_0,,Collector(s): Eric A. Rickart,,,2026-02-26T00:00:50.682Z,,CONTINENT_DERIVED_FROM_COORDINATES;INSTITUTION_MATCH_FUZZY;INSTITUTION_COLLECTION_MISMATCH
1656052833,06a00852-f764-4fb8-80d4-ca51f0918459,https://arctos.database.museum/guid/UMNH:Mamm:32420,Animalia,Chordata,Mammalia,Rodentia,Sciuridae,Tamias,Tamias umbrinus,inyoensis,SUBSPECIES,"Tamias umbrinus inyoensis (Merriam, 1897)",Tamias umbrinus inyoensis,,US,"Ruby Mountains, Long Canyon, 3.90 km S, 3.70 km E confluence of Mahogany and Long creeks",Nevada,PRESENT,,2d6267a0-0561-11d8-b851-b8a03c50a862,40.5129,-115.43491,20,,2626,0,,,7/27/08,27,7,2008,4263608,2437441,PRESERVED_SPECIMEN,UMNH,Mammalogy,UMNH:Mamm:32420,RJR 2184,unknown,2016-10-24T00:00:00,CC0_1_0,,Collector(s): Rebecca J. Rowe,,,2026-02-26T00:00:51.762Z,,CONTINENT_DERIVED_FROM_COORDINATES;INSTITUTION_MATCH_FUZZY;INSTITUTION_COLLECTION_MISMATCH
1656052741,06a00852-f764-4fb8-80d4-ca51f0918459,https://arctos.database.museum/guid/UMNH:Mamm:32338,Animalia,Chordata,Mammalia,Rodentia,Sciuridae,Tamias,Tamias umbrinus,inyoensis,SUBSPECIES,"Tamias umbrinus inyoensis (Merriam, 1897)",Tamias umbrinus inyoensis,,US,"Ruby Mountains, mouth of Thomas Canyon",Nevada,PRESENT,,2d6267a0-0561-11d8-b851-b8a03c50a862,40.64835,-115.40375,20,,2316,0,,,8/16/06,16,8,2006,4263608,2437441,PRESERVED_SPECIMEN,UMNH,Mammalogy,UMNH:Mamm:32338,EAR 6104,unknown,2016-10-24T00:00:00,CC0_1_0,,Collector(s): Eric A. Rickart,,,2026-02-26T00:00:49.577Z,,CONTINENT_DERIVED_FROM_COORDINATES;INSTITUTION_MATCH_FUZZY;INSTITUTION_COLLECTION_MISMATCH
1656052705,06a00852-f764-4fb8-80d4-ca51f0918459,https://arctos.database.museum/guid/UMNH:Mamm:32340,Animalia,Chordata,Mammalia,Rodentia,Sciuridae,Tamias,Tamias umbrinus,inyoensis,SUBSPECIES,"Tamias umbrinus inyoensis (Merriam, 1897)",Tamias umbrinus inyoensis,,US,"Ruby Mountains, Lamoille Canyon, 0.6 km S, 0.3 km E confluence of right and main forks of Lamoille Creek",Nevada,PRESENT,,2d6267a0-0561-11d8-b851-b8a03c50a862,40.65523,-115.43771,20,,2179,0,,,8/9/07,9,8,2007,4263608,2437441,PRESERVED_SPECIMEN,UMNH,Mammalogy,UMNH:Mamm:32340,LRH 7704,unknown,2016-10-24T00:00:00,CC0_1_0,,Collector(s): Lawrence R. Heaney,,,2026-02-26T00:00:50.813Z,,CONTINENT_DERIVED_FROM_COORDINATES;INSTITUTION_MATCH_FUZZY;INSTITUTION_COLLECTION_MISMATCH
1656052702,06a00852-f764-4fb8-80d4-ca51f0918459,https://arctos.database.museum/guid/UMNH:Mamm:32339,Animalia,Chordata,Mammalia,Rodentia,Sciuridae,Tamias,Tamias umbrinus,inyoensis,SUBSPECIES,"Tamias umbrinus inyoensis (Merriam, 1897)",Tamias umbrinus inyoensis,,US,"Ruby Mountains, Lamoille Canyon, 0.6 km S, 0.3 km E confluence of right and main forks of Lamoille Creek",Nevada,PRESENT,,2d6267a0-0561-11d8-b851-b8a03c50a862,40.65523,-115.43771,20,,2179,0,,,8/9/07,9,8,2007,4263608,2437441,PRESERVED_SPECIMEN,UMNH,Mammalogy,UMNH:Mamm:32339,LRH 7703,unknown,2016-10-24T00:00:00,CC0_1_0,,Collector(s): Lawrence R. Heaney,,,2026-02-26T00:00:49.616Z,,CONTINENT_DERIVED_FROM_COORDINATES;INSTITUTION_MATCH_FUZZY;INSTITUTION_COLLECTION_MISMATCH
1656052690,06a00852-f764-4fb8-80d4-ca51f0918459,https://arctos.database.museum/guid/UMNH:Mamm:32292,Animalia,Chordata,Mammalia,Rodentia,Sciuridae,Tamias,Tamias umbrinus,inyoensis,SUBSPECIES,"Tamias umbrinus inyoensis (Merriam, 1897)",Tamias umbrinus inyoensis,,US,"Ruby Mountains, Dollar Lakes, 0.725 km N, 1.1 km W Favre Peak summit",Nevada,PRESENT,,2d6267a0-0561-11d8-b851-b8a03c50a862,40.59159,-115.38762,20,,2954,0,,,8/10/07,10,8,2007,4263608,2437441,PRESERVED_SPECIMEN,UMNH,Mammalogy,UMNH:Mamm:32292,RJR 2085,unknown,2016-10-24T00:00:00,CC0_1_0,,Collector(s): Rebecca J. Rowe,,,2026-02-26T00:00:50.767Z,,CONTINENT_DERIVED_FROM_COORDINATES;INSTITUTION_MATCH_FUZZY;INSTITUTION_COLLECTION_MISMATCH
1656052686,06a00852-f764-4fb8-80d4-ca51f0918459,https://arctos.database.museum/guid/UMNH:Mamm:32294,Animalia,Chordata,Mammalia,Rodentia,Sciuridae,Tamias,Tamias umbrinus,inyoensis,SUBSPECIES,"Tamias umbrinus inyoensis (Merriam, 1897)",Tamias umbrinus inyoensis,,US,"Ruby Mountains, Dollar Lakes, 0.725 km N, 1.1 km W Favre Peak summit",Nevada,PRESENT,,2d6267a0-0561-11d8-b851-b8a03c50a862,40.59159,-115.38762,20,,2954,0,,,8/10/07,10,8,2007,4263608,2437441,PRESERVED_SPECIMEN,UMNH,Mammalogy,UMNH:Mamm:32294,RJR 2102,unknown,2016-10-24T00:00:00,CC0_1_0,,Collector(s): Rebecca J. Rowe,,,2026-02-26T00:00:50.834Z,,CONTINENT_DERIVED_FROM_COORDINATES;INSTITUTION_MATCH_FUZZY;INSTITUTION_COLLECTION_MISMATCH
1656052682,06a00852-f764-4fb8-80d4-ca51f0918459,https://arctos.database.museum/guid/UMNH:Mamm:32291,Animalia,Chordata,Mammalia,Rodentia,Sciuridae,Tamias,Tamias umbrinus,inyoensis,SUBSPECIES,"Tamias umbrinus inyoensis (Merriam, 1897)",Tamias umbrinus inyoensis,,US,"Ruby Mountains, Dollar Lakes, 0.85 km N, 0.925 km W Favre Peak summit",Nevada,PRESENT,,2d6267a0-0561-11d8-b851-b8a03c50a862,40.59248,-115.38567,20,,2934,0,,,8/10/07,10,8,2007,4263608,2437441,PRESERVED_SPECIMEN,UMNH,Mammalogy,UMNH:Mamm:32291,RJR 2104,unknown,2016-10-24T00:00:00,CC0_1_0,,Collector(s): Rebecca J. Rowe,,,2026-02-26T00:00:50.771Z,,CONTINENT_DERIVED_FROM_COORDINATES;INSTITUTION_MATCH_FUZZY;INSTITUTION_COLLECTION_MISMATCH
1656052670,06a00852-f764-4fb8-80d4-ca51f0918459,https://arctos.database.museum/guid/UMNH:Mamm:32293,Animalia,Chordata,Mammalia,Rodentia,Sciuridae,Tamias,Tamias umbrinus,inyoensis,SUBSPECIES,"Tamias umbrinus inyoensis (Merriam, 1897)",Tamias umbrinus inyoensis,,US,"Ruby Mountains, Dollar Lakes, 0.725 km N, 1.1 km W Favre Peak summit",Nevada,PRESENT,,2d6267a0-0561-11d8-b851-b8a03c50a862,40.59159,-115.38762,20,,2954,0,,,8/10/07,10,8,2007,4263608,2437441,PRESERVED_SPECIMEN,UMNH,Mammalogy,UMNH:Mamm:32293,RJR 2101,unknown,2016-10-24T00:00:00,CC0_1_0,,Collector(s): Rebecca J. Rowe,,,2026-02-26T00:00:50.853Z,,CONTINENT_DERIVED_FROM_COORDINATES;INSTITUTION_MATCH_FUZZY;INSTITUTION_COLLECTION_MISMATCH
1656052620,06a00852-f764-4fb8-80d4-ca51f0918459,https://arctos.database.museum/guid/UMNH:Mamm:32247,Animalia,Chordata,Mammalia,Rodentia,Sciuridae,Tamias,Tamias umbrinus,inyoensis,SUBSPECIES,"Tamias umbrinus inyoensis (Merriam, 1897)",Tamias umbrinus inyoensis,,US,"Ruby Mountains, Lamoille Creek, 1.0 km N, 1.25 km W Favre Peak summit",Nevada,PRESENT,,2d6267a0-0561-11d8-b851-b8a03c50a862,40.59416,-115.38976,20,,2949,0,,,8/11/07,11,8,2007,4263608,2437441,PRESERVED_SPECIMEN,UMNH,Mammalogy,UMNH:Mamm:32247,RJR 2121,unknown,2016-10-24T00:00:00,CC0_1_0,,Collector(s): Rebecca J. Rowe,,,2026-02-26T00:00:50.794Z,,CONTINENT_DERIVED_FROM_COORDINATES;INSTITUTION_MATCH_FUZZY;INSTITUTION_COLLECTION_MISMATCH
1656052618,06a00852-f764-4fb8-80d4-ca51f0918459,https://arctos.database.museum/guid/UMNH:Mamm:32210,Animalia,Chordata,Mammalia,Rodentia,Sciuridae,Tamias,Tamias umbrinus,inyoensis,SUBSPECIES,"Tamias umbrinus inyoensis (Merriam, 1897)",Tamias umbrinus inyoensis,,US,"Ruby Mountains, 0.6  km N, 1.1 km W confluence of Thomas and Lamoille creeks",Nevada,PRESENT,,2d6267a0-0561-11d8-b851-b8a03c50a862,40.65523,-115.43771,20,,2179,0,,,8/8/07,8,8,2007,4263608,2437441,PRESERVED_SPECIMEN,UMNH,Mammalogy,UMNH:Mamm:32210,EAR 6605,unknown,2016-10-24T00:00:00,CC0_1_0,,Collector(s): Eric A. Rickart,,,2026-02-26T00:00:52.535Z,,CONTINENT_DERIVED_FROM_COORDINATES;INSTITUTION_MATCH_FUZZY;INSTITUTION_COLLECTION_MISMATCH
1656052596,06a00852-f764-4fb8-80d4-ca51f0918459,https://arctos.database.museum/guid/UMNH:Mamm:32208,Animalia,Chordata,Mammalia,Rodentia,Sciuridae,Tamias,Tamias umbrinus,inyoensis,SUBSPECIES,"Tamias umbrinus inyoensis (Merriam, 1897)",Tamias umbrinus inyoensis,,US,"Ruby Mountains, 0.6  km N, 1.1 km W confluence of Thomas and Lamoille creeks",Nevada,PRESENT,,2d6267a0-0561-11d8-b851-b8a03c50a862,40.65523,-115.43771,20,,2179,0,,,8/7/07,7,8,2007,4263608,2437441,PRESERVED_SPECIMEN,UMNH,Mammalogy,UMNH:Mamm:32208,EAR 6603,unknown,2016-10-24T00:00:00,CC0_1_0,,Collector(s): Eric A. Rickart,,,2026-02-26T00:00:54.065Z,,CONTINENT_DERIVED_FROM_COORDINATES;INSTITUTION_MATCH_FUZZY;INSTITUTION_COLLECTION_MISMATCH
1656052593,06a00852-f764-4fb8-80d4-ca51f0918459,https://arctos.database.museum/guid/UMNH:Mamm:32209,Animalia,Chordata,Mammalia,Rodentia,Sciuridae,Tamias,Tamias umbrinus,inyoensis,SUBSPECIES,"Tamias umbrinus inyoensis (Merriam, 1897)",Tamias umbrinus inyoensis,,US,"Ruby Mountains, 0.6  km N, 1.1 km W confluence of Thomas and Lamoille creeks",Nevada,PRESENT,,2d6267a0-0561-11d8-b851-b8a03c50a862,40.65523,-115.43771,20,,2179,0,,,8/7/07,7,8,2007,4263608,2437441,PRESERVED_SPECIMEN,UMNH,Mammalogy,UMNH:Mamm:32209,EAR 6604,unknown,2016-10-24T00:00:00,CC0_1_0,,Collector(s): Eric A. Rickart,,,2026-02-26T00:00:54.637Z,,CONTINENT_DERIVED_FROM_COORDINATES;INSTITUTION_MATCH_FUZZY;INSTITUTION_COLLECTION_MISMATCH
1656052588,06a00852-f764-4fb8-80d4-ca51f0918459,https://arctos.database.museum/guid/UMNH:Mamm:32211,Animalia,Chordata,Mammalia,Rodentia,Sciuridae,Tamias,Tamias umbrinus,inyoensis,SUBSPECIES,"Tamias umbrinus inyoensis (Merriam, 1897)",Tamias umbrinus inyoensis,,US,"Ruby Mountains, 0.6  km N, 1.1 km W confluence of Thomas and Lamoille creeks",Nevada,PRESENT,,2d6267a0-0561-11d8-b851-b8a03c50a862,40.65523,-115.43771,20,,2179,0,,,8/8/07,8,8,2007,4263608,2437441,PRESERVED_SPECIMEN,UMNH,Mammalogy,UMNH:Mamm:32211,EAR 6613,unknown,2016-10-24T00:00:00,CC0_1_0,,Collector(s): Eric A. Rickart,,,2026-02-26T00:00:48.953Z,,CONTINENT_DERIVED_FROM_COORDINATES;INSTITUTION_MATCH_FUZZY;INSTITUTION_COLLECTION_MISMATCH
1656052573,06a00852-f764-4fb8-80d4-ca51f0918459,https://arctos.database.museum/guid/UMNH:Mamm:32174,Animalia,Chordata,Mammalia,Rodentia,Sciuridae,Tamias,Tamias umbrinus,inyoensis,SUBSPECIES,"Tamias umbrinus inyoensis (Merriam, 1897)",Tamias umbrinus inyoensis,,US,"Ruby Mountains, 2.9 km N, 2.6 km W confluence of right and main forks of Lamoille Creek",Nevada,PRESENT,,2d6267a0-0561-11d8-b851-b8a03c50a862,40.68811,-115.47072,20,,2014,0,,,7/25/07,25,7,2007,4263608,2437441,PRESERVED_SPECIMEN,UMNH,Mammalogy,UMNH:Mamm:32174,RJR 2058,unknown,2016-10-24T00:00:00,CC0_1_0,,Collector(s): Rebecca J. Rowe,,,2026-02-26T00:00:49.510Z,,CONTINENT_DERIVED_FROM_COORDINATES;INSTITUTION_MATCH_FUZZY;INSTITUTION_COLLECTION_MISMATCH
1656052571,06a00852-f764-4fb8-80d4-ca51f0918459,https://arctos.database.museum/guid/UMNH:Mamm:32194,Animalia,Chordata,Mammalia,Rodentia,Sciuridae,Tamias,Tamias umbrinus,inyoensis,SUBSPECIES,"Tamias umbrinus inyoensis (Merriam, 1897)",Tamias umbrinus inyoensis,,US,"Ruby Mountains, 2.9 km N, 2.6 km W confluence of right and main forks of Lamoille Creek",Nevada,PRESENT,,2d6267a0-0561-11d8-b851-b8a03c50a862,40.68811,-115.47072,20,,2014,0,,,8/5/07,5,8,2007,4263608,2437441,PRESERVED_SPECIMEN,UMNH,Mammalogy,UMNH:Mamm:32194,EAR 6592,unknown,2016-10-24T00:00:00,CC0_1_0,,Collector(s): Eric A. Rickart,,,2026-02-26T00:00:52.212Z,,CONTINENT_DERIVED_FROM_COORDINATES;INSTITUTION_MATCH_FUZZY;INSTITUTION_COLLECTION_MISMATCH
1656052567,06a00852-f764-4fb8-80d4-ca51f0918459,https://arctos.database.museum/guid/UMNH:Mamm:32207,Animalia,Chordata,Mammalia,Rodentia,Sciuridae,Tamias,Tamias umbrinus,inyoensis,SUBSPECIES,"Tamias umbrinus inyoensis (Merriam, 1897)",Tamias umbrinus inyoensis,,US,"Ruby Mountains, 0.6  km N, 1.1 km W confluence of Thomas and Lamoille creeks",Nevada,PRESENT,,2d6267a0-0561-11d8-b851-b8a03c50a862,40.65523,-115.43771,20,,2179,0,,,8/7/07,7,8,2007,4263608,2437441,PRESERVED_SPECIMEN,UMNH,Mammalogy,UMNH:Mamm:32207,EAR 6602,unknown,2016-10-24T00:00:00,CC0_1_0,,Collector(s): Eric A. Rickart,,,2026-02-26T00:00:54.521Z,,CONTINENT_DERIVED_FROM_COORDINATES;INSTITUTION_MATCH_FUZZY;INSTITUTION_COLLECTION_MISMATCH
1656052559,06a00852-f764-4fb8-80d4-ca51f0918459,https://arctos.database.museum/guid/UMNH:Mamm:32192,Animalia,Chordata,Mammalia,Rodentia,Sciuridae,Tamias,Tamias umbrinus,inyoensis,SUBSPECIES,"Tamias umbrinus inyoensis (Merriam, 1897)",Tamias umbrinus inyoensis,,US,"Ruby Mountains, 2.9 km N, 2.6 km W confluence of right and main forks of Lamoille Creek",Nevada,PRESENT,,2d6267a0-0561-11d8-b851-b8a03c50a862,40.68811,-115.47072,20,,2014,0,,,8/3/07,3,8,2007,4263608,2437441,PRESERVED_SPECIMEN,UMNH,Mammalogy,UMNH:Mamm:32192,EAR 6571,unknown,2016-10-24T00:00:00,CC0_1_0,,Collector(s): Eric A. Rickart,,,2026-02-26T00:00:52.293Z,,CONTINENT_DERIVED_FROM_COORDINATES;INSTITUTION_MATCH_FUZZY;INSTITUTION_COLLECTION_MISMATCH
1656052549,06a00852-f764-4fb8-80d4-ca51f0918459,https://arctos.database.museum/guid/UMNH:Mamm:32206,Animalia,Chordata,Mammalia,Rodentia,Sciuridae,Tamias,Tamias umbrinus,inyoensis,SUBSPECIES,"Tamias umbrinus inyoensis (Merriam, 1897)",Tamias umbrinus inyoensis,,US,"Ruby Mountains, 0.6  km N, 1.1 km W confluence of Thomas and Lamoille creeks",Nevada,PRESENT,,2d6267a0-0561-11d8-b851-b8a03c50a862,40.65523,-115.43771,20,,2179,0,,,8/7/07,7,8,2007,4263608,2437441,PRESERVED_SPECIMEN,UMNH,Mammalogy,UMNH:Mamm:32206,EAR 6601,unknown,2016-10-24T00:00:00,CC0_1_0,,Collector(s): Eric A. Rickart,,,2026-02-26T00:00:54.431Z,,CONTINENT_DERIVED_FROM_COORDINATES;INSTITUTION_MATCH_FUZZY;INSTITUTION_COLLECTION_MISMATCH
1656052516,06a00852-f764-4fb8-80d4-ca51f0918459,https://arctos.database.museum/guid/UMNH:Mamm:32193,Animalia,Chordata,Mammalia,Rodentia,Sciuridae,Tamias,Tamias umbrinus,inyoensis,SUBSPECIES,"Tamias umbrinus inyoensis (Merriam, 1897)",Tamias umbrinus inyoensis,,US,"Ruby Mountains, 2.9 km N, 2.6 km W confluence of right and main forks of Lamoille Creek",Nevada,PRESENT,,2d6267a0-0561-11d8-b851-b8a03c50a862,40.68811,-115.47072,20,,2014,0,,,8/4/07,4,8,2007,4263608,2437441,PRESERVED_SPECIMEN,UMNH,Mammalogy,UMNH:Mamm:32193,EAR 6582,unknown,2016-10-24T00:00:00,CC0_1_0,,Collector(s): Eric A. Rickart,,,2026-02-26T00:00:52.385Z,,CONTINENT_DERIVED_FROM_COORDINATES;INSTITUTION_MATCH_FUZZY;INSTITUTION_COLLECTION_MISMATCH
1656052507,06a00852-f764-4fb8-80d4-ca51f0918459,https://arctos.database.museum/guid/UMNH:Mamm:32167,Animalia,Chordata,Mammalia,Rodentia,Sciuridae,Tamias,Tamias umbrinus,inyoensis,SUBSPECIES,"Tamias umbrinus inyoensis (Merriam, 1897)",Tamias umbrinus inyoensis,,US,"Ruby Mountains, 3.0 km N, 3.1 km W confluence of right and main forks of Lamoille Creek",Nevada,PRESENT,,2d6267a0-0561-11d8-b851-b8a03c50a862,40.68909,-115.47606,20,,1921,0,,,7/24/07,24,7,2007,4263608,2437441,PRESERVED_SPECIMEN,UMNH,Mammalogy,UMNH:Mamm:32167,RJR 2047,unknown,2016-10-24T00:00:00,CC0_1_0,,Collector(s): Rebecca J. Rowe,,,2026-02-26T00:00:48.953Z,,CONTINENT_DERIVED_FROM_COORDINATES;INSTITUTION_MATCH_FUZZY;INSTITUTION_COLLECTION_MISMATCH
1656052435,06a00852-f764-4fb8-80d4-ca51f0918459,https://arctos.database.museum/guid/UMNH:Mamm:32134,Animalia,Chordata,Mammalia,Rodentia,Sciuridae,Tamias,Tamias umbrinus,inyoensis,SUBSPECIES,"Tamias umbrinus inyoensis (Merriam, 1897)",Tamias umbrinus inyoensis,,US,"Ruby Mountains, Favre Lake",Nevada,PRESENT,,2d6267a0-0561-11d8-b851-b8a03c50a862,40.5726,-115.40058,20,,2923,0,,,7/20/07,20,7,2007,4263608,2437441,PRESERVED_SPECIMEN,UMNH,Mammalogy,UMNH:Mamm:32134,EAR 6549,unknown,2016-10-24T00:00:00,CC0_1_0,,Collector(s): Eric A. Rickart,,,2026-02-26T00:00:50.718Z,,CONTINENT_DERIVED_FROM_COORDINATES;INSTITUTION_MATCH_FUZZY;INSTITUTION_COLLECTION_MISMATCH
1656052364,06a00852-f764-4fb8-80d4-ca51f0918459,https://arctos.database.museum/guid/UMNH:Mamm:31996,Animalia,Chordata,Mammalia,Rodentia,Sciuridae,Tamias,Tamias umbrinus,inyoensis,SUBSPECIES,"Tamias umbrinus inyoensis (Merriam, 1897)",Tamias umbrinus inyoensis,,US,"Ruby Mountains, Willow Creek, 1.23 km N, 1.0 km E Walker Spring",Nevada,PRESENT,,2d6267a0-0561-11d8-b851-b8a03c50a862,40.09919,-115.65997,20,,2001,0,,,5/26/07,26,5,2007,4263608,2437441,PRESERVED_SPECIMEN,UMNH,Mammalogy,UMNH:Mamm:31996,RJR 1966,unknown,2016-10-24T00:00:00,CC0_1_0,,Collector(s): Rebecca J. Rowe,,,2026-02-26T00:00:54.944Z,,CONTINENT_DERIVED_FROM_COORDINATES;INSTITUTION_MATCH_FUZZY;INSTITUTION_COLLECTION_MISMATCH
1656052327,06a00852-f764-4fb8-80d4-ca51f0918459,https://arctos.database.museum/guid/UMNH:Mamm:31998,Animalia,Chordata,Mammalia,Rodentia,Sciuridae,Tamias,Tamias umbrinus,inyoensis,SUBSPECIES,"Tamias umbrinus inyoensis (Merriam, 1897)",Tamias umbrinus inyoensis,,US,"Ruby Mountains, Willow Creek, 1.33 km N, 1.05 km E Walker Spring",Nevada,PRESENT,,2d6267a0-0561-11d8-b851-b8a03c50a862,40.10017,-115.65977,20,,2030,0,,,5/28/07,28,5,2007,4263608,2437441,PRESERVED_SPECIMEN,UMNH,Mammalogy,UMNH:Mamm:31998,RJR 1992,unknown,2016-10-24T00:00:00,CC0_1_0,,Collector(s): Rebecca J. Rowe,,,2026-02-26T00:00:54.985Z,,CONTINENT_DERIVED_FROM_COORDINATES;INSTITUTION_MATCH_FUZZY;INSTITUTION_COLLECTION_MISMATCH
1656052321,06a00852-f764-4fb8-80d4-ca51f0918459,https://arctos.database.museum/guid/UMNH:Mamm:31997,Animalia,Chordata,Mammalia,Rodentia,Sciuridae,Tamias,Tamias umbrinus,inyoensis,SUBSPECIES,"Tamias umbrinus inyoensis (Merriam, 1897)",Tamias umbrinus inyoensis,,US,"Ruby Mountains, Willow Creek, 1.33 km N, 1.05 km E Walker Spring",Nevada,PRESENT,,2d6267a0-0561-11d8-b851-b8a03c50a862,40.10017,-115.65977,20,,2030,0,,,5/28/07,28,5,2007,4263608,2437441,PRESERVED_SPECIMEN,UMNH,Mammalogy,UMNH:Mamm:31997,RJR 1991,unknown,2016-10-24T00:00:00,CC0_1_0,,Collector(s): Rebecca J. Rowe,,,2026-02-26T00:00:54.968Z,,CONTINENT_DERIVED_FROM_COORDINATES;INSTITUTION_MATCH_FUZZY;INSTITUTION_COLLECTION_MISMATCH
1656052133,06a00852-f764-4fb8-80d4-ca51f0918459,https://arctos.database.museum/guid/UMNH:Mamm:31796,Animalia,Chordata,Mammalia,Rodentia,Sciuridae,Tamias,Tamias umbrinus,inyoensis,SUBSPECIES,"Tamias umbrinus inyoensis (Merriam, 1897)",Tamias umbrinus inyoensis,,US,"Ruby Mountains, Thomas Creek, 0.2 km above mouth",Nevada,PRESENT,,2d6267a0-0561-11d8-b851-b8a03c50a862,40.64897,-115.40548,20,,2316,0,,,8/15/06,15,8,2006,4263608,2437441,PRESERVED_SPECIMEN,UMNH,Mammalogy,UMNH:Mamm:31796,EAR 6072,unknown,2016-10-24T00:00:00,CC0_1_0,,Collector(s): Eric A. Rickart,,,2026-02-26T00:00:51.522Z,,CONTINENT_DERIVED_FROM_COORDINATES;INSTITUTION_MATCH_FUZZY;INSTITUTION_COLLECTION_MISMATCH
1656052120,06a00852-f764-4fb8-80d4-ca51f0918459,https://arctos.database.museum/guid/UMNH:Mamm:31797,Animalia,Chordata,Mammalia,Rodentia,Sciuridae,Tamias,Tamias umbrinus,inyoensis,SUBSPECIES,"Tamias umbrinus inyoensis (Merriam, 1897)",Tamias umbrinus inyoensis,,US,"Ruby Mountains, Thomas Creek, 0.2 km above mouth",Nevada,PRESENT,,2d6267a0-0561-11d8-b851-b8a03c50a862,40.64897,-115.40548,20,,2316,0,,,8/15/06,15,8,2006,4263608,2437441,PRESERVED_SPECIMEN,UMNH,Mammalogy,UMNH:Mamm:31797,EAR 6073,unknown,2016-10-24T00:00:00,CC0_1_0,,Collector(s): Eric A. Rickart,,,2026-02-26T00:00:51.489Z,,CONTINENT_DERIVED_FROM_COORDINATES;INSTITUTION_MATCH_FUZZY;INSTITUTION_COLLECTION_MISMATCH
1656052112,06a00852-f764-4fb8-80d4-ca51f0918459,https://arctos.database.museum/guid/UMNH:Mamm:31765,Animalia,Chordata,Mammalia,Rodentia,Sciuridae,Tamias,Tamias umbrinus,inyoensis,SUBSPECIES,"Tamias umbrinus inyoensis (Merriam, 1897)",Tamias umbrinus inyoensis,,US,"Ruby Mountains, mouth of Thomas Canyon",Nevada,PRESENT,,2d6267a0-0561-11d8-b851-b8a03c50a862,40.64835,-115.40375,20,,2316,0,,,8/15/06,15,8,2006,4263608,2437441,PRESERVED_SPECIMEN,UMNH,Mammalogy,UMNH:Mamm:31765,EAR 6059,unknown,2016-10-24T00:00:00,CC0_1_0,,Collector(s): Eric A. Rickart,,,2026-02-26T00:00:54.422Z,,CONTINENT_DERIVED_FROM_COORDINATES;INSTITUTION_MATCH_FUZZY;INSTITUTION_COLLECTION_MISMATCH
1656052111,06a00852-f764-4fb8-80d4-ca51f0918459,https://arctos.database.museum/guid/UMNH:Mamm:31752,Animalia,Chordata,Mammalia,Rodentia,Sciuridae,Tamias,Tamias umbrinus,inyoensis,SUBSPECIES,"Tamias umbrinus inyoensis (Merriam, 1897)",Tamias umbrinus inyoensis,,US,"Ruby Mountains, mouth of Thomas Canyon",Nevada,PRESENT,,2d6267a0-0561-11d8-b851-b8a03c50a862,40.64835,-115.40375,20,,2316,0,,,8/13/06,13,8,2006,4263608,2437441,PRESERVED_SPECIMEN,UMNH,Mammalogy,UMNH:Mamm:31752,EAR 6029,unknown,2016-10-24T00:00:00,CC0_1_0,,Collector(s): Eric A. Rickart,,,2026-02-26T00:00:53.501Z,,CONTINENT_DERIVED_FROM_COORDINATES;INSTITUTION_MATCH_FUZZY;INSTITUTION_COLLECTION_MISMATCH
1656052106,06a00852-f764-4fb8-80d4-ca51f0918459,https://arctos.database.museum/guid/UMNH:Mamm:31751,Animalia,Chordata,Mammalia,Rodentia,Sciuridae,Tamias,Tamias umbrinus,inyoensis,SUBSPECIES,"Tamias umbrinus inyoensis (Merriam, 1897)",Tamias umbrinus inyoensis,,US,"Ruby Mountains, mouth of Thomas Canyon",Nevada,PRESENT,,2d6267a0-0561-11d8-b851-b8a03c50a862,40.64835,-115.40375,20,,2316,0,,,8/13/06,13,8,2006,4263608,2437441,PRESERVED_SPECIMEN,UMNH,Mammalogy,UMNH:Mamm:31751,EAR 6028,unknown,2016-10-24T00:00:00,CC0_1_0,,Collector(s): Eric A. Rickart,,,2026-02-26T00:00:53.454Z,,CONTINENT_DERIVED_FROM_COORDINATES;INSTITUTION_MATCH_FUZZY;INSTITUTION_COLLECTION_MISMATCH
1656052104,06a00852-f764-4fb8-80d4-ca51f0918459,https://arctos.database.museum/guid/UMNH:Mamm:31755,Animalia,Chordata,Mammalia,Rodentia,Sciuridae,Tamias,Tamias umbrinus,inyoensis,SUBSPECIES,"Tamias umbrinus inyoensis (Merriam, 1897)",Tamias umbrinus inyoensis,,US,"Ruby Mountains, mouth of Thomas Canyon",Nevada,PRESENT,,2d6267a0-0561-11d8-b851-b8a03c50a862,40.64835,-115.40375,20,,2316,0,,,8/13/06,13,8,2006,4263608,2437441,PRESERVED_SPECIMEN,UMNH,Mammalogy,UMNH:Mamm:31755,EAR 6041,unknown,2016-10-24T00:00:00,CC0_1_0,,Collector(s): Eric A. Rickart,,,2026-02-26T00:00:53.819Z,,CONTINENT_DERIVED_FROM_COORDINATES;INSTITUTION_MATCH_FUZZY;INSTITUTION_COLLECTION_MISMATCH
1656052099,06a00852-f764-4fb8-80d4-ca51f0918459,https://arctos.database.museum/guid/UMNH:Mamm:31760,Animalia,Chordata,Mammalia,Rodentia,Sciuridae,Tamias,Tamias umbrinus,inyoensis,SUBSPECIES,"Tamias umbrinus inyoensis (Merriam, 1897)",Tamias umbrinus inyoensis,,US,"Ruby Mountains, mouth of Thomas Canyon",Nevada,PRESENT,,2d6267a0-0561-11d8-b851-b8a03c50a862,40.64835,-115.40375,20,,2316,0,,,8/14/06,14,8,2006,4263608,2437441,PRESERVED_SPECIMEN,UMNH,Mammalogy,UMNH:Mamm:31760,EAR 6046,unknown,2016-10-24T00:00:00,CC0_1_0,,Collector(s): Eric A. Rickart,,,2026-02-26T00:00:54.239Z,,CONTINENT_DERIVED_FROM_COORDINATES;INSTITUTION_MATCH_FUZZY;INSTITUTION_COLLECTION_MISMATCH
1656052098,06a00852-f764-4fb8-80d4-ca51f0918459,https://arctos.database.museum/guid/UMNH:Mamm:31799,Animalia,Chordata,Mammalia,Rodentia,Sciuridae,Tamias,Tamias umbrinus,inyoensis,SUBSPECIES,"Tamias umbrinus inyoensis (Merriam, 1897)",Tamias umbrinus inyoensis,,US,"Ruby Mountains, Thomas Creek, 0.2 km above mouth",Nevada,PRESENT,,2d6267a0-0561-11d8-b851-b8a03c50a862,40.64897,-115.40548,20,,2316,0,,,8/19/06,19,8,2006,4263608,2437441,PRESERVED_SPECIMEN,UMNH,Mammalogy,UMNH:Mamm:31799,EAR 6146,unknown,2016-10-24T00:00:00,CC0_1_0,,Collector(s): Eric A. Rickart,,,2026-02-26T00:00:51.687Z,,CONTINENT_DERIVED_FROM_COORDINATES;INSTITUTION_MATCH_FUZZY;INSTITUTION_COLLECTION_MISMATCH
1656052097,06a00852-f764-4fb8-80d4-ca51f0918459,https://arctos.database.museum/guid/UMNH:Mamm:31750,Animalia,Chordata,Mammalia,Rodentia,Sciuridae,Tamias,Tamias umbrinus,inyoensis,SUBSPECIES,"Tamias umbrinus inyoensis (Merriam, 1897)",Tamias umbrinus inyoensis,,US,"Ruby Mountains, mouth of Thomas Canyon",Nevada,PRESENT,,2d6267a0-0561-11d8-b851-b8a03c50a862,40.64835,-115.40375,20,,2316,0,,,8/13/06,13,8,2006,4263608,2437441,PRESERVED_SPECIMEN,UMNH,Mammalogy,UMNH:Mamm:31750,EAR 6027,unknown,2016-10-24T00:00:00,CC0_1_0,,Collector(s): Eric A. Rickart,,,2026-02-26T00:00:53.652Z,,CONTINENT_DERIVED_FROM_COORDINATES;INSTITUTION_MATCH_FUZZY;INSTITUTION_COLLECTION_MISMATCH
1656052094,06a00852-f764-4fb8-80d4-ca51f0918459,https://arctos.database.museum/guid/UMNH:Mamm:31764,Animalia,Chordata,Mammalia,Rodentia,Sciuridae,Tamias,Tamias umbrinus,inyoensis,SUBSPECIES,"Tamias umbrinus inyoensis (Merriam, 1897)",Tamias umbrinus inyoensis,,US,"Ruby Mountains, mouth of Thomas Canyon",Nevada,PRESENT,,2d6267a0-0561-11d8-b851-b8a03c50a862,40.64835,-115.40375,20,,2316,0,,,8/14/06,14,8,2006,4263608,2437441,PRESERVED_SPECIMEN,UMNH,Mammalogy,UMNH:Mamm:31764,EAR 6057,unknown,2016-10-24T00:00:00,CC0_1_0,,Collector(s): Eric A. Rickart,,,2026-02-26T00:00:54.294Z,,CONTINENT_DERIVED_FROM_COORDINATES;INSTITUTION_MATCH_FUZZY;INSTITUTION_COLLECTION_MISMATCH
1656052093,06a00852-f764-4fb8-80d4-ca51f0918459,https://arctos.database.museum/guid/UMNH:Mamm:31767,Animalia,Chordata,Mammalia,Rodentia,Sciuridae,Tamias,Tamias umbrinus,inyoensis,SUBSPECIES,"Tamias umbrinus inyoensis (Merriam, 1897)",Tamias umbrinus inyoensis,,US,"Ruby Mountains, mouth of Thomas Canyon",Nevada,PRESENT,,2d6267a0-0561-11d8-b851-b8a03c50a862,40.64835,-115.40375,20,,2316,0,,,8/18/06,18,8,2006,4263608,2437441,PRESERVED_SPECIMEN,UMNH,Mammalogy,UMNH:Mamm:31767,EAR 6116,unknown,2016-10-24T00:00:00,CC0_1_0,,Collector(s): Eric A. Rickart,,,2026-02-26T00:00:54.521Z,,CONTINENT_DERIVED_FROM_COORDINATES;INSTITUTION_MATCH_FUZZY;INSTITUTION_COLLECTION_MISMATCH
1656052092,06a00852-f764-4fb8-80d4-ca51f0918459,https://arctos.database.museum/guid/UMNH:Mamm:31753,Animalia,Chordata,Mammalia,Rodentia,Sciuridae,Tamias,Tamias umbrinus,inyoensis,SUBSPECIES,"Tamias umbrinus inyoensis (Merriam, 1897)",Tamias umbrinus inyoensis,,US,"Ruby Mountains, mouth of Thomas Canyon",Nevada,PRESENT,,2d6267a0-0561-11d8-b851-b8a03c50a862,40.64835,-115.40375,20,,2316,0,,,8/13/06,13,8,2006,4263608,2437441,PRESERVED_SPECIMEN,UMNH,Mammalogy,UMNH:Mamm:31753,EAR 6039,unknown,2016-10-24T00:00:00,CC0_1_0,,Collector(s): Eric A. Rickart,,,2026-02-26T00:00:53.582Z,,CONTINENT_DERIVED_FROM_COORDINATES;INSTITUTION_MATCH_FUZZY;INSTITUTION_COLLECTION_MISMATCH
1656052089,06a00852-f764-4fb8-80d4-ca51f0918459,https://arctos.database.museum/guid/UMNH:Mamm:31761,Animalia,Chordata,Mammalia,Rodentia,Sciuridae,Tamias,Tamias umbrinus,inyoensis,SUBSPECIES,"Tamias umbrinus inyoensis (Merriam, 1897)",Tamias umbrinus inyoensis,,US,"Ruby Mountains, mouth of Thomas Canyon",Nevada,PRESENT,,2d6267a0-0561-11d8-b851-b8a03c50a862,40.64835,-115.40375,20,,2316,0,,,8/14/06,14,8,2006,4263608,2437441,PRESERVED_SPECIMEN,UMNH,Mammalogy,UMNH:Mamm:31761,EAR 6047,unknown,2016-10-24T00:00:00,CC0_1_0,,Collector(s): Eric A. Rickart,,,2026-02-26T00:00:53.870Z,,CONTINENT_DERIVED_FROM_COORDINATES;INSTITUTION_MATCH_FUZZY;INSTITUTION_COLLECTION_MISMATCH
1656052081,06a00852-f764-4fb8-80d4-ca51f0918459,https://arctos.database.museum/guid/UMNH:Mamm:31758,Animalia,Chordata,Mammalia,Rodentia,Sciuridae,Tamias,Tamias umbrinus,inyoensis,SUBSPECIES,"Tamias umbrinus inyoensis (Merriam, 1897)",Tamias umbrinus inyoensis,,US,"Ruby Mountains, mouth of Thomas Canyon",Nevada,PRESENT,,2d6267a0-0561-11d8-b851-b8a03c50a862,40.64835,-115.40375,20,,2316,0,,,8/14/06,14,8,2006,4263608,2437441,PRESERVED_SPECIMEN,UMNH,Mammalogy,UMNH:Mamm:31758,EAR 6044,unknown,2016-10-24T00:00:00,CC0_1_0,,Collector(s): Eric A. Rickart,,,2026-02-26T00:00:53.659Z,,CONTINENT_DERIVED_FROM_COORDINATES;INSTITUTION_MATCH_FUZZY;INSTITUTION_COLLECTION_MISMATCH
1656052074,06a00852-f764-4fb8-80d4-ca51f0918459,https://arctos.database.museum/guid/UMNH:Mamm:31766,Animalia,Chordata,Mammalia,Rodentia,Sciuridae,Tamias,Tamias umbrinus,inyoensis,SUBSPECIES,"Tamias umbrinus inyoensis (Merriam, 1897)",Tamias umbrinus inyoensis,,US,"Ruby Mountains, mouth of Thomas Canyon",Nevada,PRESENT,,2d6267a0-0561-11d8-b851-b8a03c50a862,40.64835,-115.40375,20,,2316,0,,,8/17/06,17,8,2006,4263608,2437441,PRESERVED_SPECIMEN,UMNH,Mammalogy,UMNH:Mamm:31766,EAR 6105,unknown,2016-10-24T00:00:00,CC0_1_0,,Collector(s): Eric A. Rickart,,,2026-02-26T00:00:54.429Z,,CONTINENT_DERIVED_FROM_COORDINATES;INSTITUTION_MATCH_FUZZY;INSTITUTION_COLLECTION_MISMATCH
1656052068,06a00852-f764-4fb8-80d4-ca51f0918459,https://arctos.database.museum/guid/UMNH:Mamm:31762,Animalia,Chordata,Mammalia,Rodentia,Sciuridae,Tamias,Tamias umbrinus,inyoensis,SUBSPECIES,"Tamias umbrinus inyoensis (Merriam, 1897)",Tamias umbrinus inyoensis,,US,"Ruby Mountains, mouth of Thomas Canyon",Nevada,PRESENT,,2d6267a0-0561-11d8-b851-b8a03c50a862,40.64835,-115.40375,20,,2316,0,,,8/14/06,14,8,2006,4263608,2437441,PRESERVED_SPECIMEN,UMNH,Mammalogy,UMNH:Mamm:31762,EAR 6048,unknown,2016-10-24T00:00:00,CC0_1_0,,Collector(s): Eric A. Rickart,,,2026-02-26T00:00:54.220Z,,CONTINENT_DERIVED_FROM_COORDINATES;INSTITUTION_MATCH_FUZZY;INSTITUTION_COLLECTION_MISMATCH
1656052063,06a00852-f764-4fb8-80d4-ca51f0918459,https://arctos.database.museum/guid/UMNH:Mamm:31798,Animalia,Chordata,Mammalia,Rodentia,Sciuridae,Tamias,Tamias umbrinus,inyoensis,SUBSPECIES,"Tamias umbrinus inyoensis (Merriam, 1897)",Tamias umbrinus inyoensis,,US,"Ruby Mountains, Thomas Creek, 0.2 km above mouth",Nevada,PRESENT,,2d6267a0-0561-11d8-b851-b8a03c50a862,40.64897,-115.40548,20,,2316,0,,,8/17/06,17,8,2006,4263608,2437441,PRESERVED_SPECIMEN,UMNH,Mammalogy,UMNH:Mamm:31798,EAR 6117,unknown,2016-10-24T00:00:00,CC0_1_0,,Collector(s): Eric A. Rickart,,,2026-02-26T00:00:51.563Z,,CONTINENT_DERIVED_FROM_COORDINATES;INSTITUTION_MATCH_FUZZY;INSTITUTION_COLLECTION_MISMATCH
1656052059,06a00852-f764-4fb8-80d4-ca51f0918459,https://arctos.database.museum/guid/UMNH:Mamm:31754,Animalia,Chordata,Mammalia,Rodentia,Sciuridae,Tamias,Tamias umbrinus,inyoensis,SUBSPECIES,"Tamias umbrinus inyoensis (Merriam, 1897)",Tamias umbrinus inyoensis,,US,"Ruby Mountains, mouth of Thomas Canyon",Nevada,PRESENT,,2d6267a0-0561-11d8-b851-b8a03c50a862,40.64835,-115.40375,20,,2316,0,,,8/13/06,13,8,2006,4263608,2437441,PRESERVED_SPECIMEN,UMNH,Mammalogy,UMNH:Mamm:31754,EAR 6040,unknown,2016-10-24T00:00:00,CC0_1_0,,Collector(s): Eric A. Rickart,,,2026-02-26T00:00:53.681Z,,CONTINENT_DERIVED_FROM_COORDINATES;INSTITUTION_MATCH_FUZZY;INSTITUTION_COLLECTION_MISMATCH
1656052056,06a00852-f764-4fb8-80d4-ca51f0918459,https://arctos.database.museum/guid/UMNH:Mamm:31763,Animalia,Chordata,Mammalia,Rodentia,Sciuridae,Tamias,Tamias umbrinus,inyoensis,SUBSPECIES,"Tamias umbrinus inyoensis (Merriam, 1897)",Tamias umbrinus inyoensis,,US,"Ruby Mountains, mouth of Thomas Canyon",Nevada,PRESENT,,2d6267a0-0561-11d8-b851-b8a03c50a862,40.64835,-115.40375,20,,2316,0,,,8/14/06,14,8,2006,4263608,2437441,PRESERVED_SPECIMEN,UMNH,Mammalogy,UMNH:Mamm:31763,EAR 6056,unknown,2016-10-24T00:00:00,CC0_1_0,,Collector(s): Eric A. Rickart,,,2026-02-26T00:00:54.056Z,,CONTINENT_DERIVED_FROM_COORDINATES;INSTITUTION_MATCH_FUZZY;INSTITUTION_COLLECTION_MISMATCH
1656052052,06a00852-f764-4fb8-80d4-ca51f0918459,https://arctos.database.museum/guid/UMNH:Mamm:31759,Animalia,Chordata,Mammalia,Rodentia,Sciuridae,Tamias,Tamias umbrinus,inyoensis,SUBSPECIES,"Tamias umbrinus inyoensis (Merriam, 1897)",Tamias umbrinus inyoensis,,US,"Ruby Mountains, mouth of Thomas Canyon",Nevada,PRESENT,,2d6267a0-0561-11d8-b851-b8a03c50a862,40.64835,-115.40375,20,,2316,0,,,8/14/06,14,8,2006,4263608,2437441,PRESERVED_SPECIMEN,UMNH,Mammalogy,UMNH:Mamm:31759,EAR 6045,unknown,2016-10-24T00:00:00,CC0_1_0,,Collector(s): Eric A. Rickart,,,2026-02-26T00:00:53.636Z,,CONTINENT_DERIVED_FROM_COORDINATES;INSTITUTION_MATCH_FUZZY;INSTITUTION_COLLECTION_MISMATCH
1656052013,06a00852-f764-4fb8-80d4-ca51f0918459,https://arctos.database.museum/guid/UMNH:Mamm:31675,Animalia,Chordata,Mammalia,Rodentia,Sciuridae,Tamias,Tamias umbrinus,inyoensis,SUBSPECIES,"Tamias umbrinus inyoensis (Merriam, 1897)",Tamias umbrinus inyoensis,,US,"Ruby Mountains, Lamoille Canyon, 1.7 km N, 0.25 km W Favre Peak summit",Nevada,PRESENT,,2d6267a0-0561-11d8-b851-b8a03c50a862,40.60043,-115.37778,20,,2728,0,,,8/19/06,19,8,2006,4263608,2437441,PRESERVED_SPECIMEN,UMNH,Mammalogy,UMNH:Mamm:31675,EAR 6154,unknown,2016-10-24T00:00:00,CC0_1_0,,Collector(s): Eric A. Rickart,,,2026-02-26T00:00:50.134Z,,CONTINENT_DERIVED_FROM_COORDINATES;INSTITUTION_MATCH_FUZZY;INSTITUTION_COLLECTION_MISMATCH
1656052012,06a00852-f764-4fb8-80d4-ca51f0918459,https://arctos.database.museum/guid/UMNH:Mamm:31678,Animalia,Chordata,Mammalia,Rodentia,Sciuridae,Tamias,Tamias umbrinus,inyoensis,SUBSPECIES,"Tamias umbrinus inyoensis (Merriam, 1897)",Tamias umbrinus inyoensis,,US,"Ruby Mountains, Lamoille Canyon, 1.7 km N, 0.25 km W Favre Peak summit",Nevada,PRESENT,,2d6267a0-0561-11d8-b851-b8a03c50a862,40.60043,-115.37778,20,,2728,0,,,8/19/06,19,8,2006,4263608,2437441,PRESERVED_SPECIMEN,UMNH,Mammalogy,UMNH:Mamm:31678,EAR 6157,unknown,2016-10-24T00:00:00,CC0_1_0,,Collector(s): Eric A. Rickart,,,2026-02-26T00:00:50.169Z,,CONTINENT_DERIVED_FROM_COORDINATES;INSTITUTION_MATCH_FUZZY;INSTITUTION_COLLECTION_MISMATCH
1656052009,06a00852-f764-4fb8-80d4-ca51f0918459,https://arctos.database.museum/guid/UMNH:Mamm:31757,Animalia,Chordata,Mammalia,Rodentia,Sciuridae,Tamias,Tamias umbrinus,inyoensis,SUBSPECIES,"Tamias umbrinus inyoensis (Merriam, 1897)",Tamias umbrinus inyoensis,,US,"Ruby Mountains, mouth of Thomas Canyon",Nevada,PRESENT,,2d6267a0-0561-11d8-b851-b8a03c50a862,40.64835,-115.40375,20,,2316,0,,,8/13/06,13,8,2006,4263608,2437441,PRESERVED_SPECIMEN,UMNH,Mammalogy,UMNH:Mamm:31757,EAR 6043,unknown,2016-10-24T00:00:00,CC0_1_0,,Collector(s): Eric A. Rickart,,,2026-02-26T00:00:53.815Z,,CONTINENT_DERIVED_FROM_COORDINATES;INSTITUTION_MATCH_FUZZY;INSTITUTION_COLLECTION_MISMATCH
1656052006,06a00852-f764-4fb8-80d4-ca51f0918459,https://arctos.database.museum/guid/UMNH:Mamm:31679,Animalia,Chordata,Mammalia,Rodentia,Sciuridae,Tamias,Tamias umbrinus,inyoensis,SUBSPECIES,"Tamias umbrinus inyoensis (Merriam, 1897)",Tamias umbrinus inyoensis,,US,"Ruby Mountains, Lamoille Canyon, 1.7 km N, 0.25 km W Favre Peak summit",Nevada,PRESENT,,2d6267a0-0561-11d8-b851-b8a03c50a862,40.60043,-115.37778,20,,2728,0,,,8/20/06,20,8,2006,4263608,2437441,PRESERVED_SPECIMEN,UMNH,Mammalogy,UMNH:Mamm:31679,EAR 6167,unknown,2016-10-24T00:00:00,CC0_1_0,,Collector(s): Eric A. Rickart,,,2026-02-26T00:00:50.115Z,,CONTINENT_DERIVED_FROM_COORDINATES;INSTITUTION_MATCH_FUZZY;INSTITUTION_COLLECTION_MISMATCH
1656052005,06a00852-f764-4fb8-80d4-ca51f0918459,https://arctos.database.museum/guid/UMNH:Mamm:31756,Animalia,Chordata,Mammalia,Rodentia,Sciuridae,Tamias,Tamias umbrinus,inyoensis,SUBSPECIES,"Tamias umbrinus inyoensis (Merriam, 1897)",Tamias umbrinus inyoensis,,US,"Ruby Mountains, mouth of Thomas Canyon",Nevada,PRESENT,,2d6267a0-0561-11d8-b851-b8a03c50a862,40.64835,-115.40375,20,,2316,0,,,8/13/06,13,8,2006,4263608,2437441,PRESERVED_SPECIMEN,UMNH,Mammalogy,UMNH:Mamm:31756,EAR 6042,unknown,2016-10-24T00:00:00,CC0_1_0,,Collector(s): Eric A. Rickart,,,2026-02-26T00:00:53.858Z,,CONTINENT_DERIVED_FROM_COORDINATES;INSTITUTION_MATCH_FUZZY;INSTITUTION_COLLECTION_MISMATCH
1656052001,06a00852-f764-4fb8-80d4-ca51f0918459,https://arctos.database.museum/guid/UMNH:Mamm:31680,Animalia,Chordata,Mammalia,Rodentia,Sciuridae,Tamias,Tamias umbrinus,inyoensis,SUBSPECIES,"Tamias umbrinus inyoensis (Merriam, 1897)",Tamias umbrinus inyoensis,,US,"Ruby Mountains, Lamoille Canyon, 1.7 km N, 0.25 km W Favre Peak summit",Nevada,PRESENT,,2d6267a0-0561-11d8-b851-b8a03c50a862,40.60043,-115.37778,20,,2728,0,,,8/20/06,20,8,2006,4263608,2437441,PRESERVED_SPECIMEN,UMNH,Mammalogy,UMNH:Mamm:31680,EAR 6168,unknown,2016-10-24T00:00:00,CC0_1_0,,Collector(s): Eric A. Rickart,,,2026-02-26T00:00:51.563Z,,CONTINENT_DERIVED_FROM_COORDINATES;INSTITUTION_MATCH_FUZZY;INSTITUTION_COLLECTION_MISMATCH
1656051974,06a00852-f764-4fb8-80d4-ca51f0918459,https://arctos.database.museum/guid/UMNH:Mamm:31674,Animalia,Chordata,Mammalia,Rodentia,Sciuridae,Tamias,Tamias umbrinus,inyoensis,SUBSPECIES,"Tamias umbrinus inyoensis (Merriam, 1897)",Tamias umbrinus inyoensis,,US,"Ruby Mountains, Lamoille Canyon, 1.7 km N, 0.25 km W Favre Peak summit",Nevada,PRESENT,,2d6267a0-0561-11d8-b851-b8a03c50a862,40.60043,-115.37778,20,,2728,0,,,8/19/06,19,8,2006,4263608,2437441,PRESERVED_SPECIMEN,UMNH,Mammalogy,UMNH:Mamm:31674,EAR 6153,unknown,2016-10-24T00:00:00,CC0_1_0,,Collector(s): Eric A. Rickart,,,2026-02-26T00:00:50.129Z,,CONTINENT_DERIVED_FROM_COORDINATES;INSTITUTION_MATCH_FUZZY;INSTITUTION_COLLECTION_MISMATCH
1656051969,06a00852-f764-4fb8-80d4-ca51f0918459,https://arctos.database.museum/guid/UMNH:Mamm:31677,Animalia,Chordata,Mammalia,Rodentia,Sciuridae,Tamias,Tamias umbrinus,inyoensis,SUBSPECIES,"Tamias umbrinus inyoensis (Merriam, 1897)",Tamias umbrinus inyoensis,,US,"Ruby Mountains, Lamoille Canyon, 1.7 km N, 0.25 km W Favre Peak summit",Nevada,PRESENT,,2d6267a0-0561-11d8-b851-b8a03c50a862,40.60043,-115.37778,20,,2728,0,,,8/19/06,19,8,2006,4263608,2437441,PRESERVED_SPECIMEN,UMNH,Mammalogy,UMNH:Mamm:31677,EAR 6156,unknown,2016-10-24T00:00:00,CC0_1_0,,Collector(s): Eric A. Rickart,,,2026-02-26T00:00:50.118Z,,CONTINENT_DERIVED_FROM_COORDINATES;INSTITUTION_MATCH_FUZZY;INSTITUTION_COLLECTION_MISMATCH
1656051944,06a00852-f764-4fb8-80d4-ca51f0918459,https://arctos.database.museum/guid/UMNH:Mamm:31676,Animalia,Chordata,Mammalia,Rodentia,Sciuridae,Tamias,Tamias umbrinus,inyoensis,SUBSPECIES,"Tamias umbrinus inyoensis (Merriam, 1897)",Tamias umbrinus inyoensis,,US,"Ruby Mountains, Lamoille Canyon, 1.7 km N, 0.25 km W Favre Peak summit",Nevada,PRESENT,,2d6267a0-0561-11d8-b851-b8a03c50a862,40.60043,-115.37778,20,,2728,0,,,8/19/06,19,8,2006,4263608,2437441,PRESERVED_SPECIMEN,UMNH,Mammalogy,UMNH:Mamm:31676,EAR 6155,unknown,2016-10-24T00:00:00,CC0_1_0,,Collector(s): Eric A. Rickart,,,2026-02-26T00:00:50.064Z,,CONTINENT_DERIVED_FROM_COORDINATES;INSTITUTION_MATCH_FUZZY;INSTITUTION_COLLECTION_MISMATCH
1656051806,06a00852-f764-4fb8-80d4-ca51f0918459,https://arctos.database.museum/guid/UMNH:Mamm:31573,Animalia,Chordata,Mammalia,Rodentia,Sciuridae,Tamias,Tamias umbrinus,inyoensis,SUBSPECIES,"Tamias umbrinus inyoensis (Merriam, 1897)",Tamias umbrinus inyoensis,,US,"Ruby Mountains, Lamoille Canyon, 1.7 km S, 0.8 km W Verdi Peak summit",Nevada,PRESENT,,2d6267a0-0561-11d8-b851-b8a03c50a862,40.62915,-115.36746,20,,2585,0,,,8/17/06,17,8,2006,4263608,2437441,PRESERVED_SPECIMEN,UMNH,Mammalogy,UMNH:Mamm:31573,RJR 1910,unknown,2016-10-24T00:00:00,CC0_1_0,,Collector(s): Rebecca J. Rowe,,,2026-02-26T00:00:52.191Z,,CONTINENT_DERIVED_FROM_COORDINATES;INSTITUTION_MATCH_FUZZY;INSTITUTION_COLLECTION_MISMATCH
1656050976,06a00852-f764-4fb8-80d4-ca51f0918459,https://arctos.database.museum/guid/UMNH:Mamm:30750,Animalia,Chordata,Mammalia,Rodentia,Sciuridae,Tamias,Tamias umbrinus,inyoensis,SUBSPECIES,"Tamias umbrinus inyoensis (Merriam, 1897)",Tamias umbrinus inyoensis,,US,"Snake Range, pass 1.5 km S, 0.8 km E summit of Washington Peak, Great Basin National Park",Nevada,PRESENT,,2d6267a0-0561-11d8-b851-b8a03c50a862,38.9007,-114.29815,20,,3246,0,,,8/14/03,14,8,2003,4263608,2437441,PRESERVED_SPECIMEN,UMNH,Mammalogy,UMNH:Mamm:30750,EAR 5180,unknown,2016-10-24T00:00:00,CC0_1_0,,Collector(s): Eric A. Rickart,,,2026-02-26T00:00:53.631Z,,CONTINENT_DERIVED_FROM_COORDINATES;INSTITUTION_MATCH_FUZZY;INSTITUTION_COLLECTION_MISMATCH
1656050966,06a00852-f764-4fb8-80d4-ca51f0918459,https://arctos.database.museum/guid/UMNH:Mamm:30719,Animalia,Chordata,Mammalia,Rodentia,Sciuridae,Tamias,Tamias umbrinus,inyoensis,SUBSPECIES,"Tamias umbrinus inyoensis (Merriam, 1897)",Tamias umbrinus inyoensis,,US,"Snake Range, pass 1.5 km S, 0.8 km E summit of Washington Peak, Great Basin National Park",Nevada,PRESENT,,2d6267a0-0561-11d8-b851-b8a03c50a862,38.9007,-114.29815,20,,3246,0,,,8/15/03,15,8,2003,4263608,2437441,PRESERVED_SPECIMEN,UMNH,Mammalogy,UMNH:Mamm:30719,EAR 5187,unknown,2016-10-24T00:00:00,CC0_1_0,,Collector(s): Eric A. Rickart,,,2026-02-26T00:00:49.540Z,,CONTINENT_DERIVED_FROM_COORDINATES;INSTITUTION_MATCH_FUZZY;INSTITUTION_COLLECTION_MISMATCH
1656050952,06a00852-f764-4fb8-80d4-ca51f0918459,https://arctos.database.museum/guid/UMNH:Mamm:30749,Animalia,Chordata,Mammalia,Rodentia,Sciuridae,Tamias,Tamias umbrinus,inyoensis,SUBSPECIES,"Tamias umbrinus inyoensis (Merriam, 1897)",Tamias umbrinus inyoensis,,US,"Snake Range, pass 1.5 km S, 0.8 km E summit of Washington Peak, Great Basin National Park",Nevada,PRESENT,,2d6267a0-0561-11d8-b851-b8a03c50a862,38.9007,-114.29815,20,,3246,0,,,8/14/03,14,8,2003,4263608,2437441,PRESERVED_SPECIMEN,UMNH,Mammalogy,UMNH:Mamm:30749,EAR 5174,unknown,2016-10-24T00:00:00,CC0_1_0,,Collector(s): Eric A. Rickart,,,2026-02-26T00:00:53.323Z,,CONTINENT_DERIVED_FROM_COORDINATES;INSTITUTION_MATCH_FUZZY;INSTITUTION_COLLECTION_MISMATCH
1656050941,06a00852-f764-4fb8-80d4-ca51f0918459,https://arctos.database.museum/guid/UMNH:Mamm:30712,Animalia,Chordata,Mammalia,Rodentia,Sciuridae,Tamias,Tamias umbrinus,inyoensis,SUBSPECIES,"Tamias umbrinus inyoensis (Merriam, 1897)",Tamias umbrinus inyoensis,,US,"Snake Range, ridge near Washington Peak, Great Basin National Park",Nevada,PRESENT,,2d6267a0-0561-11d8-b851-b8a03c50a862,38.90134,-114.29564,20,,3261,0,,,8/14/03,14,8,2003,4263608,2437441,PRESERVED_SPECIMEN,UMNH,Mammalogy,UMNH:Mamm:30712,EAR 5179,unknown,2016-10-24T00:00:00,CC0_1_0,,Collector(s): Eric A. Rickart,,,2026-02-26T00:00:49.589Z,,CONTINENT_DERIVED_FROM_COORDINATES;INSTITUTION_MATCH_FUZZY;INSTITUTION_COLLECTION_MISMATCH
1656050931,06a00852-f764-4fb8-80d4-ca51f0918459,https://arctos.database.museum/guid/UMNH:Mamm:30713,Animalia,Chordata,Mammalia,Rodentia,Sciuridae,Tamias,Tamias umbrinus,inyoensis,SUBSPECIES,"Tamias umbrinus inyoensis (Merriam, 1897)",Tamias umbrinus inyoensis,,US,"Snake Range, pass 1.5 km S, 0.8 km E summit of Washington Peak, Great Basin National Park",Nevada,PRESENT,,2d6267a0-0561-11d8-b851-b8a03c50a862,38.9007,-114.29815,20,,3246,0,,,8/14/03,14,8,2003,4263608,2437441,PRESERVED_SPECIMEN,UMNH,Mammalogy,UMNH:Mamm:30713,EAR 5181,unknown,2016-10-24T00:00:00,CC0_1_0,,Collector(s): Eric A. Rickart,,,2026-02-26T00:00:49.610Z,,CONTINENT_DERIVED_FROM_COORDINATES;INSTITUTION_MATCH_FUZZY;INSTITUTION_COLLECTION_MISMATCH
1656050930,06a00852-f764-4fb8-80d4-ca51f0918459,https://arctos.database.museum/guid/UMNH:Mamm:30710,Animalia,Chordata,Mammalia,Rodentia,Sciuridae,Tamias,Tamias umbrinus,inyoensis,SUBSPECIES,"Tamias umbrinus inyoensis (Merriam, 1897)",Tamias umbrinus inyoensis,,US,"Snake Range, pass 1.5 km S, 0.8 km E summit of Washington Peak, Great Basin National Park",Nevada,PRESENT,,2d6267a0-0561-11d8-b851-b8a03c50a862,38.9007,-114.29815,250,,3232,0,,,8/14/03,14,8,2003,4263608,2437441,PRESERVED_SPECIMEN,UMNH,Mammalogy,UMNH:Mamm:30710,EAR 5177,unknown,2016-10-24T00:00:00,CC0_1_0,,Collector(s): Eric A. Rickart,,,2026-02-26T00:00:49.589Z,,CONTINENT_DERIVED_FROM_COORDINATES;INSTITUTION_MATCH_FUZZY;INSTITUTION_COLLECTION_MISMATCH
1656050929,06a00852-f764-4fb8-80d4-ca51f0918459,https://arctos.database.museum/guid/UMNH:Mamm:30709,Animalia,Chordata,Mammalia,Rodentia,Sciuridae,Tamias,Tamias umbrinus,inyoensis,SUBSPECIES,"Tamias umbrinus inyoensis (Merriam, 1897)",Tamias umbrinus inyoensis,,US,"Snake Range, pass 1.5 km S, 0.8 km E summit of Washington Peak, Great Basin National Park",Nevada,PRESENT,,2d6267a0-0561-11d8-b851-b8a03c50a862,38.9007,-114.29815,250,,3232,0,,,8/14/03,14,8,2003,4263608,2437441,PRESERVED_SPECIMEN,UMNH,Mammalogy,UMNH:Mamm:30709,EAR 5176,unknown,2016-10-24T00:00:00,CC0_1_0,,Collector(s): Eric A. Rickart,,,2026-02-26T00:00:48.905Z,,CONTINENT_DERIVED_FROM_COORDINATES;INSTITUTION_MATCH_FUZZY;INSTITUTION_COLLECTION_MISMATCH
1656050925,06a00852-f764-4fb8-80d4-ca51f0918459,https://arctos.database.museum/guid/UMNH:Mamm:30721,Animalia,Chordata,Mammalia,Rodentia,Sciuridae,Tamias,Tamias umbrinus,inyoensis,SUBSPECIES,"Tamias umbrinus inyoensis (Merriam, 1897)",Tamias umbrinus inyoensis,,US,"Snake Range, pass 1.5 km S, 0.8 km E summit of Washington Peak, Great Basin National Park",Nevada,PRESENT,,2d6267a0-0561-11d8-b851-b8a03c50a862,38.9007,-114.29815,20,,3246,0,,,8/15/03,15,8,2003,4263608,2437441,PRESERVED_SPECIMEN,UMNH,Mammalogy,UMNH:Mamm:30721,EAR 5189,unknown,2016-10-24T00:00:00,CC0_1_0,,Collector(s): Eric A. Rickart,,,2026-02-26T00:00:50.747Z,,CONTINENT_DERIVED_FROM_COORDINATES;INSTITUTION_MATCH_FUZZY;INSTITUTION_COLLECTION_MISMATCH
1656050910,06a00852-f764-4fb8-80d4-ca51f0918459,https://arctos.database.museum/guid/UMNH:Mamm:30692,Animalia,Chordata,Mammalia,Rodentia,Sciuridae,Tamias,Tamias umbrinus,inyoensis,SUBSPECIES,"Tamias umbrinus inyoensis (Merriam, 1897)",Tamias umbrinus inyoensis,,US,"Snake Range, high point on ridge 0.4 km N, 0.1 km W summit of Lincoln Peak, Great Basin National Park",Nevada,PRESENT,,2d6267a0-0561-11d8-b851-b8a03c50a862,38.9007,-114.29815,20,,3246,0,,,8/13/03,13,8,2003,4263608,2437441,PRESERVED_SPECIMEN,UMNH,Mammalogy,UMNH:Mamm:30692,EAR 5149,unknown,2016-10-24T00:00:00,CC0_1_0,,Collector(s): Eric A. Rickart,,,2026-02-26T00:00:50.688Z,,CONTINENT_DERIVED_FROM_COORDINATES;INSTITUTION_MATCH_FUZZY;INSTITUTION_COLLECTION_MISMATCH
1656050893,06a00852-f764-4fb8-80d4-ca51f0918459,https://arctos.database.museum/guid/UMNH:Mamm:30708,Animalia,Chordata,Mammalia,Rodentia,Sciuridae,Tamias,Tamias umbrinus,inyoensis,SUBSPECIES,"Tamias umbrinus inyoensis (Merriam, 1897)",Tamias umbrinus inyoensis,,US,"Snake Range, pass 1.5 km S, 0.8 km E summit of Washington Peak, Great Basin National Park",Nevada,PRESENT,,2d6267a0-0561-11d8-b851-b8a03c50a862,38.9007,-114.29815,250,,3232,0,,,8/14/03,14,8,2003,4263608,2437441,PRESERVED_SPECIMEN,UMNH,Mammalogy,UMNH:Mamm:30708,EAR 5175,unknown,2016-10-24T00:00:00,CC0_1_0,,Collector(s): Eric A. Rickart,,,2026-02-26T00:00:52.524Z,,CONTINENT_DERIVED_FROM_COORDINATES;INSTITUTION_MATCH_FUZZY;INSTITUTION_COLLECTION_MISMATCH
1656050877,06a00852-f764-4fb8-80d4-ca51f0918459,https://arctos.database.museum/guid/UMNH:Mamm:30720,Animalia,Chordata,Mammalia,Rodentia,Sciuridae,Tamias,Tamias umbrinus,inyoensis,SUBSPECIES,"Tamias umbrinus inyoensis (Merriam, 1897)",Tamias umbrinus inyoensis,,US,"Snake Range, pass 1.5 km S, 0.8 km E summit of Washington Peak, Great Basin National Park",Nevada,PRESENT,,2d6267a0-0561-11d8-b851-b8a03c50a862,38.9007,-114.29815,20,,3246,0,,,8/15/03,15,8,2003,4263608,2437441,PRESERVED_SPECIMEN,UMNH,Mammalogy,UMNH:Mamm:30720,EAR 5188,unknown,2016-10-24T00:00:00,CC0_1_0,,Collector(s): Eric A. Rickart,,,2026-02-26T00:00:50.788Z,,CONTINENT_DERIVED_FROM_COORDINATES;INSTITUTION_MATCH_FUZZY;INSTITUTION_COLLECTION_MISMATCH
1656050858,06a00852-f764-4fb8-80d4-ca51f0918459,https://arctos.database.museum/guid/UMNH:Mamm:30657,Animalia,Chordata,Mammalia,Rodentia,Sciuridae,Tamias,Tamias umbrinus,inyoensis,SUBSPECIES,"Tamias umbrinus inyoensis (Merriam, 1897)",Tamias umbrinus inyoensis,,US,"Snake Range, cirque 0.5 km W, 0.6 km N summit Pyramid Peak, Great Basin National Park",Nevada,PRESENT,,2d6267a0-0561-11d8-b851-b8a03c50a862,38.95348,-114.30087,20,,3249,0,,,6/8/03,8,6,2003,4263608,2437441,PRESERVED_SPECIMEN,UMNH,Mammalogy,UMNH:Mamm:30657,EAR 5072,unknown,2016-10-24T00:00:00,CC0_1_0,,Collector(s): Eric A. Rickart,,,2026-02-26T00:00:55.092Z,,CONTINENT_DERIVED_FROM_COORDINATES;INSTITUTION_MATCH_FUZZY;INSTITUTION_COLLECTION_MISMATCH
1656050735,06a00852-f764-4fb8-80d4-ca51f0918459,https://arctos.database.museum/guid/UMNH:Mamm:30524,Animalia,Chordata,Mammalia,Rodentia,Sciuridae,Tamias,Tamias umbrinus,inyoensis,SUBSPECIES,"Tamias umbrinus inyoensis (Merriam, 1897)",Tamias umbrinus inyoensis,,US,"Snake Range, Strawberry Creek Canyon, Great Basin National Park",Nevada,PRESENT,,2d6267a0-0561-11d8-b851-b8a03c50a862,39.05606,-114.28014,20,,2370,0,,,8/3/02,3,8,2002,4263608,2437441,PRESERVED_SPECIMEN,UMNH,Mammalogy,UMNH:Mamm:30524,EAR 4872,unknown,2016-10-24T00:00:00,CC0_1_0,,Collector(s): Eric A. Rickart,,,2026-02-26T00:00:53.262Z,,CONTINENT_DERIVED_FROM_COORDINATES;INSTITUTION_MATCH_FUZZY;INSTITUTION_COLLECTION_MISMATCH
1656050703,06a00852-f764-4fb8-80d4-ca51f0918459,https://arctos.database.museum/guid/UMNH:Mamm:30521,Animalia,Chordata,Mammalia,Rodentia,Sciuridae,Tamias,Tamias umbrinus,inyoensis,SUBSPECIES,"Tamias umbrinus inyoensis (Merriam, 1897)",Tamias umbrinus inyoensis,,US,"Snake Range, Snake Creek Canyon, Great Basin National Park",Nevada,PRESENT,,2d6267a0-0561-11d8-b851-b8a03c50a862,38.9283,-114.25469,20,,2545,0,,,8/1/02,1,8,2002,4263608,2437441,PRESERVED_SPECIMEN,UMNH,Mammalogy,UMNH:Mamm:30521,EAR 4851,unknown,2016-10-24T00:00:00,CC0_1_0,,Collector(s): Eric A. Rickart,,,2026-02-26T00:00:53.129Z,,CONTINENT_DERIVED_FROM_COORDINATES;INSTITUTION_MATCH_FUZZY;INSTITUTION_COLLECTION_MISMATCH
1656050699,06a00852-f764-4fb8-80d4-ca51f0918459,https://arctos.database.museum/guid/UMNH:Mamm:30525,Animalia,Chordata,Mammalia,Rodentia,Sciuridae,Tamias,Tamias umbrinus,inyoensis,SUBSPECIES,"Tamias umbrinus inyoensis (Merriam, 1897)",Tamias umbrinus inyoensis,,US,"Snake Range, Strawberry Creek Canyon, Great Basin National Park",Nevada,PRESENT,,2d6267a0-0561-11d8-b851-b8a03c50a862,39.05405,-114.30292,20,,2414,0,,,8/3/02,3,8,2002,4263608,2437441,PRESERVED_SPECIMEN,UMNH,Mammalogy,UMNH:Mamm:30525,EAR 4873,unknown,2016-10-24T00:00:00,CC0_1_0,,Collector(s): Eric A. Rickart,,,2026-02-26T00:00:53.645Z,,CONTINENT_DERIVED_FROM_COORDINATES;INSTITUTION_MATCH_FUZZY;INSTITUTION_COLLECTION_MISMATCH
1656050695,06a00852-f764-4fb8-80d4-ca51f0918459,https://arctos.database.museum/guid/UMNH:Mamm:30522,Animalia,Chordata,Mammalia,Rodentia,Sciuridae,Tamias,Tamias umbrinus,inyoensis,SUBSPECIES,"Tamias umbrinus inyoensis (Merriam, 1897)",Tamias umbrinus inyoensis,,US,"Snake Range, Snake Creek Canyon, Great Basin National Park",Nevada,PRESENT,,2d6267a0-0561-11d8-b851-b8a03c50a862,38.9283,-114.25469,20,,2545,0,,,8/1/02,1,8,2002,4263608,2437441,PRESERVED_SPECIMEN,UMNH,Mammalogy,UMNH:Mamm:30522,EAR 4853,unknown,2016-10-24T00:00:00,CC0_1_0,,Collector(s): Eric A. Rickart,,,2026-02-26T00:00:53.071Z,,CONTINENT_DERIVED_FROM_COORDINATES;INSTITUTION_MATCH_FUZZY;INSTITUTION_COLLECTION_MISMATCH
1656050693,06a00852-f764-4fb8-80d4-ca51f0918459,https://arctos.database.museum/guid/UMNH:Mamm:30523,Animalia,Chordata,Mammalia,Rodentia,Sciuridae,Tamias,Tamias umbrinus,inyoensis,SUBSPECIES,"Tamias umbrinus inyoensis (Merriam, 1897)",Tamias umbrinus inyoensis,,US,"Snake Range, Snake Creek Canyon, Great Basin National Park",Nevada,PRESENT,,2d6267a0-0561-11d8-b851-b8a03c50a862,38.9283,-114.25469,20,,2545,0,,,8/1/02,1,8,2002,4263608,2437441,PRESERVED_SPECIMEN,UMNH,Mammalogy,UMNH:Mamm:30523,EAR 4854,unknown,2016-10-24T00:00:00,CC0_1_0,,Collector(s): Eric A. Rickart,,,2026-02-26T00:00:53.519Z,,CONTINENT_DERIVED_FROM_COORDINATES;INSTITUTION_MATCH_FUZZY;INSTITUTION_COLLECTION_MISMATCH
1656049933,06a00852-f764-4fb8-80d4-ca51f0918459,https://arctos.database.museum/guid/UMNH:Mamm:29781,Animalia,Chordata,Mammalia,Rodentia,Sciuridae,Tamias,Tamias umbrinus,inyoensis,SUBSPECIES,"Tamias umbrinus inyoensis (Merriam, 1897)",Tamias umbrinus inyoensis,,US,"Snake Range, 1.9 km N, 4 km W Lehman Caves Visitors Center, Great Basin National Park",Nevada,PRESENT,,2d6267a0-0561-11d8-b851-b8a03c50a862,39.02268,-114.26562,1799,,2804,0,,,7/24/00,24,7,2000,4263608,2437441,PRESERVED_SPECIMEN,UMNH,Mammalogy,UMNH:Mamm:29781,EAR 3300,unknown,2016-10-24T00:00:00,CC0_1_0,,Collector(s): Eric A. Rickart,,,2026-02-26T00:00:49.986Z,,CONTINENT_DERIVED_FROM_COORDINATES;INSTITUTION_MATCH_FUZZY;INSTITUTION_COLLECTION_MISMATCH
1656049909,06a00852-f764-4fb8-80d4-ca51f0918459,https://arctos.database.museum/guid/UMNH:Mamm:29776,Animalia,Chordata,Mammalia,Rodentia,Sciuridae,Tamias,Tamias umbrinus,inyoensis,SUBSPECIES,"Tamias umbrinus inyoensis (Merriam, 1897)",Tamias umbrinus inyoensis,,US,"Snake Range, Lehman Creek at east boundary of Great Basin National Park",Nevada,PRESENT,,2d6267a0-0561-11d8-b851-b8a03c50a862,39.01722,-114.10722,17729,,2972,0,,,7/21/00,21,7,2000,4263608,2437441,PRESERVED_SPECIMEN,UMNH,Mammalogy,UMNH:Mamm:29776,EAR 3267,unknown,2016-10-24T00:00:00,CC0_1_0,,Collector(s): Eric A. Rickart,,,2026-02-26T00:00:48.840Z,,CONTINENT_DERIVED_FROM_COORDINATES;INSTITUTION_MATCH_FUZZY;INSTITUTION_COLLECTION_MISMATCH
1656049899,06a00852-f764-4fb8-80d4-ca51f0918459,https://arctos.database.museum/guid/UMNH:Mamm:29779,Animalia,Chordata,Mammalia,Rodentia,Sciuridae,Tamias,Tamias umbrinus,inyoensis,SUBSPECIES,"Tamias umbrinus inyoensis (Merriam, 1897)",Tamias umbrinus inyoensis,,US,"Snake Range, 1.9 km N, 4 km W Lehman Caves Visitors Center, Great Basin National Park",Nevada,PRESENT,,2d6267a0-0561-11d8-b851-b8a03c50a862,39.02268,-114.26562,1799,,2804,0,,,7/24/00,24,7,2000,4263608,2437441,PRESERVED_SPECIMEN,UMNH,Mammalogy,UMNH:Mamm:29779,EAR 3298,unknown,2016-10-24T00:00:00,CC0_1_0,,Collector(s): Eric A. Rickart,,,2026-02-26T00:00:48.747Z,,CONTINENT_DERIVED_FROM_COORDINATES;INSTITUTION_MATCH_FUZZY;INSTITUTION_COLLECTION_MISMATCH
1656049893,06a00852-f764-4fb8-80d4-ca51f0918459,https://arctos.database.museum/guid/UMNH:Mamm:29778,Animalia,Chordata,Mammalia,Rodentia,Sciuridae,Tamias,Tamias umbrinus,inyoensis,SUBSPECIES,"Tamias umbrinus inyoensis (Merriam, 1897)",Tamias umbrinus inyoensis,,US,"Snake Range, 1.9 km N, 4 km W Lehman Caves Visitors Center, Great Basin National Park",Nevada,PRESENT,,2d6267a0-0561-11d8-b851-b8a03c50a862,39.02268,-114.26562,1799,,2804,0,,,7/24/00,24,7,2000,4263608,2437441,PRESERVED_SPECIMEN,UMNH,Mammalogy,UMNH:Mamm:29778,EAR 3297,unknown,2016-10-24T00:00:00,CC0_1_0,,Collector(s): Eric A. Rickart,,,2026-02-26T00:00:48.946Z,,CONTINENT_DERIVED_FROM_COORDINATES;INSTITUTION_MATCH_FUZZY;INSTITUTION_COLLECTION_MISMATCH
1656049888,06a00852-f764-4fb8-80d4-ca51f0918459,https://arctos.database.museum/guid/UMNH:Mamm:29774,Animalia,Chordata,Mammalia,Rodentia,Sciuridae,Tamias,Tamias umbrinus,inyoensis,SUBSPECIES,"Tamias umbrinus inyoensis (Merriam, 1897)",Tamias umbrinus inyoensis,,US,"Snake Range, Baker Creek, 2.1 km S, 1.5 km W Lehman Caves Visitors Center, Great Basin National Park",Nevada,PRESENT,,2d6267a0-0561-11d8-b851-b8a03c50a862,38.98,-114.24,428,,2301,0,,,7/14/00,14,7,2000,4263608,2437441,PRESERVED_SPECIMEN,UMNH,Mammalogy,UMNH:Mamm:29774,EAR 3193,unknown,2016-10-24T00:00:00,CC0_1_0,,Collector(s): Eric A. Rickart,,,2026-02-26T00:00:48.762Z,,CONTINENT_DERIVED_FROM_COORDINATES;INSTITUTION_MATCH_FUZZY;INSTITUTION_COLLECTION_MISMATCH
1656049887,06a00852-f764-4fb8-80d4-ca51f0918459,https://arctos.database.museum/guid/UMNH:Mamm:29780,Animalia,Chordata,Mammalia,Rodentia,Sciuridae,Tamias,Tamias umbrinus,inyoensis,SUBSPECIES,"Tamias umbrinus inyoensis (Merriam, 1897)",Tamias umbrinus inyoensis,,US,"Snake Range, 1.9 km N, 4 km W Lehman Caves Visitors Center, Great Basin National Park",Nevada,PRESENT,,2d6267a0-0561-11d8-b851-b8a03c50a862,39.02268,-114.26562,1799,,2804,0,,,7/24/00,24,7,2000,4263608,2437441,PRESERVED_SPECIMEN,UMNH,Mammalogy,UMNH:Mamm:29780,EAR 3299,unknown,2016-10-24T00:00:00,CC0_1_0,,Collector(s): Eric A. Rickart,,,2026-02-26T00:00:49.984Z,,CONTINENT_DERIVED_FROM_COORDINATES;INSTITUTION_MATCH_FUZZY;INSTITUTION_COLLECTION_MISMATCH
1656049869,06a00852-f764-4fb8-80d4-ca51f0918459,https://arctos.database.museum/guid/UMNH:Mamm:29775,Animalia,Chordata,Mammalia,Rodentia,Sciuridae,Tamias,Tamias umbrinus,inyoensis,SUBSPECIES,"Tamias umbrinus inyoensis (Merriam, 1897)",Tamias umbrinus inyoensis,,US,"Snake Range, Lehman Caves residential area, Great Basin National Park",Nevada,PRESENT,,2d6267a0-0561-11d8-b851-b8a03c50a862,39.004,-114.217,1000,,2073,0,,,7/19/00,19,7,2000,4263608,2437441,PRESERVED_SPECIMEN,UMNH,Mammalogy,UMNH:Mamm:29775,EAR 3236,unknown,2016-10-24T00:00:00,CC0_1_0,,Collector(s): Eric A. Rickart,,,2026-02-26T00:00:48.730Z,,CONTINENT_DERIVED_FROM_COORDINATES;INSTITUTION_MATCH_FUZZY;INSTITUTION_COLLECTION_MISMATCH
1656049840,06a00852-f764-4fb8-80d4-ca51f0918459,https://arctos.database.museum/guid/UMNH:Mamm:29777,Animalia,Chordata,Mammalia,Rodentia,Sciuridae,Tamias,Tamias umbrinus,inyoensis,SUBSPECIES,"Tamias umbrinus inyoensis (Merriam, 1897)",Tamias umbrinus inyoensis,,US,"Snake Range, Lehman Creek at east boundary of Great Basin National Park",Nevada,PRESENT,,2d6267a0-0561-11d8-b851-b8a03c50a862,39.01722,-114.10722,17729,,2972,0,,,7/21/00,21,7,2000,4263608,2437441,PRESERVED_SPECIMEN,UMNH,Mammalogy,UMNH:Mamm:29777,EAR 3268,unknown,2016-10-24T00:00:00,CC0_1_0,,Collector(s): Eric A. Rickart,,,2026-02-26T00:00:48.855Z,,CONTINENT_DERIVED_FROM_COORDINATES;INSTITUTION_MATCH_FUZZY;INSTITUTION_COLLECTION_MISMATCH
1656049825,06a00852-f764-4fb8-80d4-ca51f0918459,https://arctos.database.museum/guid/UMNH:Mamm:29713,Animalia,Chordata,Mammalia,Rodentia,Sciuridae,Tamias,Tamias umbrinus,inyoensis,SUBSPECIES,"Tamias umbrinus inyoensis (Merriam, 1897)",Tamias umbrinus inyoensis,,US,"Snake Range, 1.9 km N, 4 km W Lehman Caves Visitors Center, Great Basin National Park",Nevada,PRESENT,,2d6267a0-0561-11d8-b851-b8a03c50a862,39.02268,-114.26562,1799,,2804,0,,,7/24/00,24,7,2000,4263608,2437441,PRESERVED_SPECIMEN,UMNH,Mammalogy,UMNH:Mamm:29713,EAR 3301,unknown,2016-10-24T00:00:00,CC0_1_0,,Collector(s): Eric A. Rickart,,,2026-02-26T00:00:49.712Z,,CONTINENT_DERIVED_FROM_COORDINATES;INSTITUTION_MATCH_FUZZY;INSTITUTION_COLLECTION_MISMATCH
1656049822,06a00852-f764-4fb8-80d4-ca51f0918459,https://arctos.database.museum/guid/UMNH:Mamm:29703,Animalia,Chordata,Mammalia,Rodentia,Sciuridae,Tamias,Tamias umbrinus,inyoensis,SUBSPECIES,"Tamias umbrinus inyoensis (Merriam, 1897)",Tamias umbrinus inyoensis,,US,"Snake Range, Lehman Creek at east boundary of Great Basin National Park",Nevada,PRESENT,,2d6267a0-0561-11d8-b851-b8a03c50a862,39.01722,-114.10722,17729,,2972,0,,,7/21/00,21,7,2000,4263608,2437441,PRESERVED_SPECIMEN,UMNH,Mammalogy,UMNH:Mamm:29703,EAR 3270,unknown,2016-10-24T00:00:00,CC0_1_0,,Collector(s): Eric A. Rickart,,,2026-02-26T00:00:55.089Z,,CONTINENT_DERIVED_FROM_COORDINATES;INSTITUTION_MATCH_FUZZY;INSTITUTION_COLLECTION_MISMATCH
1656049807,06a00852-f764-4fb8-80d4-ca51f0918459,https://arctos.database.museum/guid/UMNH:Mamm:29714,Animalia,Chordata,Mammalia,Rodentia,Sciuridae,Tamias,Tamias umbrinus,inyoensis,SUBSPECIES,"Tamias umbrinus inyoensis (Merriam, 1897)",Tamias umbrinus inyoensis,,US,"Snake Range, 1.9 km N, 4 km W Lehman Caves Visitors Center, Great Basin National Park",Nevada,PRESENT,,2d6267a0-0561-11d8-b851-b8a03c50a862,39.02268,-114.26562,1799,,2804,0,,,7/24/00,24,7,2000,4263608,2437441,PRESERVED_SPECIMEN,UMNH,Mammalogy,UMNH:Mamm:29714,EAR 3302,unknown,2016-10-24T00:00:00,CC0_1_0,,Collector(s): Eric A. Rickart,,,2026-02-26T00:00:49.560Z,,CONTINENT_DERIVED_FROM_COORDINATES;INSTITUTION_MATCH_FUZZY;INSTITUTION_COLLECTION_MISMATCH
1656049806,06a00852-f764-4fb8-80d4-ca51f0918459,https://arctos.database.museum/guid/UMNH:Mamm:29698,Animalia,Chordata,Mammalia,Rodentia,Sciuridae,Tamias,Tamias umbrinus,inyoensis,SUBSPECIES,"Tamias umbrinus inyoensis (Merriam, 1897)",Tamias umbrinus inyoensis,,US,"Snake Range, 0.3 km N, 0.4 km E Wheeler Peak Campground, Great National Park",Nevada,PRESENT,,2d6267a0-0561-11d8-b851-b8a03c50a862,39.0135,-114.2979,1799,,3247,0,,,7/21/00,21,7,2000,4263608,2437441,PRESERVED_SPECIMEN,UMNH,Mammalogy,UMNH:Mamm:29698,EAR 3263,unknown,2016-10-24T00:00:00,CC0_1_0,,Collector(s): Eric A. Rickart,,,2026-02-26T00:00:52.291Z,,CONTINENT_DERIVED_FROM_COORDINATES;INSTITUTION_MATCH_FUZZY;INSTITUTION_COLLECTION_MISMATCH
1656049801,06a00852-f764-4fb8-80d4-ca51f0918459,https://arctos.database.museum/guid/UMNH:Mamm:29699,Animalia,Chordata,Mammalia,Rodentia,Sciuridae,Tamias,Tamias umbrinus,inyoensis,SUBSPECIES,"Tamias umbrinus inyoensis (Merriam, 1897)",Tamias umbrinus inyoensis,,US,"Snake Range, 0.3 km N, 0.4 km E Wheeler Peak Campground, Great National Park",Nevada,PRESENT,,2d6267a0-0561-11d8-b851-b8a03c50a862,39.0135,-114.2979,1799,,3247,0,,,7/21/00,21,7,2000,4263608,2437441,PRESERVED_SPECIMEN,UMNH,Mammalogy,UMNH:Mamm:29699,EAR 3264,unknown,2016-10-24T00:00:00,CC0_1_0,,Collector(s): Eric A. Rickart,,,2026-02-26T00:00:52.848Z,,CONTINENT_DERIVED_FROM_COORDINATES;INSTITUTION_MATCH_FUZZY;INSTITUTION_COLLECTION_MISMATCH
1656049792,06a00852-f764-4fb8-80d4-ca51f0918459,https://arctos.database.museum/guid/UMNH:Mamm:29702,Animalia,Chordata,Mammalia,Rodentia,Sciuridae,Tamias,Tamias umbrinus,inyoensis,SUBSPECIES,"Tamias umbrinus inyoensis (Merriam, 1897)",Tamias umbrinus inyoensis,,US,"Snake Range, Lehman Creek at east boundary of Great Basin National Park",Nevada,PRESENT,,2d6267a0-0561-11d8-b851-b8a03c50a862,39.01722,-114.10722,17729,,2972,0,,,7/21/00,21,7,2000,4263608,2437441,PRESERVED_SPECIMEN,UMNH,Mammalogy,UMNH:Mamm:29702,EAR 3269,unknown,2016-10-24T00:00:00,CC0_1_0,,Collector(s): Eric A. Rickart,,,2026-02-26T00:00:54.978Z,,CONTINENT_DERIVED_FROM_COORDINATES;INSTITUTION_MATCH_FUZZY;INSTITUTION_COLLECTION_MISMATCH
1656049765,06a00852-f764-4fb8-80d4-ca51f0918459,https://arctos.database.museum/guid/UMNH:Mamm:29709,Animalia,Chordata,Mammalia,Rodentia,Sciuridae,Tamias,Tamias umbrinus,inyoensis,SUBSPECIES,"Tamias umbrinus inyoensis (Merriam, 1897)",Tamias umbrinus inyoensis,,US,"Snake Range, 0.3 km S, 0.3 km W Stella Lake, Great Basin National Park",Nevada,PRESENT,,2d6267a0-0561-11d8-b851-b8a03c50a862,39.0023,-114.32013,1799,,3383,0,,,7/23/00,23,7,2000,4263608,2437441,PRESERVED_SPECIMEN,UMNH,Mammalogy,UMNH:Mamm:29709,EAR 3282,unknown,2016-10-24T00:00:00,CC0_1_0,,Collector(s): Eric A. Rickart,,,2026-02-26T00:00:55.393Z,,CONTINENT_DERIVED_FROM_COORDINATES;INSTITUTION_MATCH_FUZZY;INSTITUTION_COLLECTION_MISMATCH
1656049759,06a00852-f764-4fb8-80d4-ca51f0918459,https://arctos.database.museum/guid/UMNH:Mamm:29673,Animalia,Chordata,Mammalia,Rodentia,Sciuridae,Tamias,Tamias umbrinus,inyoensis,SUBSPECIES,"Tamias umbrinus inyoensis (Merriam, 1897)",Tamias umbrinus inyoensis,,US,"Snake Range, Baker Creek, 2.1 km S, 1.5 km W Lehman Caves Visitors Center, Great Basin National Park",Nevada,PRESENT,,2d6267a0-0561-11d8-b851-b8a03c50a862,38.98,-114.24,428,,2301,0,,,7/15/00,15,7,2000,4263608,2437441,PRESERVED_SPECIMEN,UMNH,Mammalogy,UMNH:Mamm:29673,EAR 3205,unknown,2016-10-24T00:00:00,CC0_1_0,,Collector(s): Eric A. Rickart,,,2026-02-26T00:00:50.750Z,,CONTINENT_DERIVED_FROM_COORDINATES;INSTITUTION_MATCH_FUZZY;INSTITUTION_COLLECTION_MISMATCH
1656049752,06a00852-f764-4fb8-80d4-ca51f0918459,https://arctos.database.museum/guid/UMNH:Mamm:29672,Animalia,Chordata,Mammalia,Rodentia,Sciuridae,Tamias,Tamias umbrinus,inyoensis,SUBSPECIES,"Tamias umbrinus inyoensis (Merriam, 1897)",Tamias umbrinus inyoensis,,US,"Snake Range, Baker Creek, 2.1 km S, 1.5 km W Lehman Caves Visitors Center, Great Basin National Park",Nevada,PRESENT,,2d6267a0-0561-11d8-b851-b8a03c50a862,38.98,-114.24,428,,2301,0,,,7/15/00,15,7,2000,4263608,2437441,PRESERVED_SPECIMEN,UMNH,Mammalogy,UMNH:Mamm:29672,EAR 3204,unknown,2016-10-24T00:00:00,CC0_1_0,,Collector(s): Eric A. Rickart,,,2026-02-26T00:00:50.047Z,,CONTINENT_DERIVED_FROM_COORDINATES;INSTITUTION_MATCH_FUZZY;INSTITUTION_COLLECTION_MISMATCH
1656049402,06a00852-f764-4fb8-80d4-ca51f0918459,https://arctos.database.museum/guid/UMNH:Mamm:29306,Animalia,Chordata,Mammalia,Rodentia,Sciuridae,Tamias,Tamias umbrinus,inyoensis,SUBSPECIES,"Tamias umbrinus inyoensis (Merriam, 1897)",Tamias umbrinus inyoensis,,US,"Ruby Mountains, 2 mi S Ruby Marsh Fish Hatchery",Nevada,PRESENT,,2d6267a0-0561-11d8-b851-b8a03c50a862,40.16,-115.5,1000,,,,,,5/25/85,25,5,1985,4263608,2437441,PRESERVED_SPECIMEN,UMNH,Mammalogy,UMNH:Mamm:29306,MAP 502,unknown,2016-10-24T00:00:00,CC0_1_0,,Collector(s): Mark A. Ports,,,2026-02-26T00:00:51.706Z,,CONTINENT_DERIVED_FROM_COORDINATES;INSTITUTION_MATCH_FUZZY;INSTITUTION_COLLECTION_MISMATCH
1656049398,06a00852-f764-4fb8-80d4-ca51f0918459,https://arctos.database.museum/guid/UMNH:Mamm:29309,Animalia,Chordata,Mammalia,Rodentia,Sciuridae,Tamias,Tamias umbrinus,inyoensis,SUBSPECIES,"Tamias umbrinus inyoensis (Merriam, 1897)",Tamias umbrinus inyoensis,,US,"Ruby Mountains, 2 mi S Ruby Marsh Fish Hatchery",Nevada,PRESENT,,2d6267a0-0561-11d8-b851-b8a03c50a862,40.16,-115.5,1000,,,,,,5/25/85,25,5,1985,4263608,2437441,PRESERVED_SPECIMEN,UMNH,Mammalogy,UMNH:Mamm:29309,MAP 497,unknown,2016-10-24T00:00:00,CC0_1_0,,Collector(s): Mark A. Ports,,,2026-02-26T00:00:51.966Z,,CONTINENT_DERIVED_FROM_COORDINATES;INSTITUTION_MATCH_FUZZY;INSTITUTION_COLLECTION_MISMATCH
1656049397,06a00852-f764-4fb8-80d4-ca51f0918459,https://arctos.database.museum/guid/UMNH:Mamm:29308,Animalia,Chordata,Mammalia,Rodentia,Sciuridae,Tamias,Tamias umbrinus,inyoensis,SUBSPECIES,"Tamias umbrinus inyoensis (Merriam, 1897)",Tamias umbrinus inyoensis,,US,"Snake Range, Baker Creek, 4.2 mi W, 1.8 mi SE Baker",Nevada,PRESENT,,2d6267a0-0561-11d8-b851-b8a03c50a862,39,-114.2,428,,1890,0,,,10/30/83,30,10,1983,4263608,2437441,PRESERVED_SPECIMEN,UMNH,Mammalogy,UMNH:Mamm:29308,MAP 409,unknown,2016-10-24T00:00:00,CC0_1_0,,Collector(s): Mark A. Ports,,,2026-02-26T00:00:51.901Z,,CONTINENT_DERIVED_FROM_COORDINATES;INSTITUTION_MATCH_FUZZY;INSTITUTION_COLLECTION_MISMATCH
1656049379,06a00852-f764-4fb8-80d4-ca51f0918459,https://arctos.database.museum/guid/UMNH:Mamm:29302,Animalia,Chordata,Mammalia,Rodentia,Sciuridae,Tamias,Tamias umbrinus,inyoensis,SUBSPECIES,"Tamias umbrinus inyoensis (Merriam, 1897)",Tamias umbrinus inyoensis,,US,"Ruby Mountains, 2 mi S Ruby Marsh Fish Hatchery",Nevada,PRESENT,,2d6267a0-0561-11d8-b851-b8a03c50a862,40.16,-115.5,1000,,,,,,5/25/85,25,5,1985,4263608,2437441,PRESERVED_SPECIMEN,UMNH,Mammalogy,UMNH:Mamm:29302,MAP 501,unknown,2016-10-24T00:00:00,CC0_1_0,,Collector(s): Mark A. Ports,,,2026-02-26T00:00:53.940Z,,CONTINENT_DERIVED_FROM_COORDINATES;INSTITUTION_MATCH_FUZZY;INSTITUTION_COLLECTION_MISMATCH
1656049368,06a00852-f764-4fb8-80d4-ca51f0918459,https://arctos.database.museum/guid/UMNH:Mamm:29305,Animalia,Chordata,Mammalia,Rodentia,Sciuridae,Tamias,Tamias umbrinus,inyoensis,SUBSPECIES,"Tamias umbrinus inyoensis (Merriam, 1897)",Tamias umbrinus inyoensis,,US,"Schell Creek Range, Timber Creek, 8.5 mi E McGill",Nevada,PRESENT,,2d6267a0-0561-11d8-b851-b8a03c50a862,39.405,-114.61896,13123,,2682,0,,,7/14/84,14,7,1984,4263608,2437441,PRESERVED_SPECIMEN,UMNH,Mammalogy,UMNH:Mamm:29305,MAP 428,unknown,2016-10-24T00:00:00,CC0_1_0,,Collector(s): Mark A. Ports,,,2026-02-26T00:00:51.705Z,,CONTINENT_DERIVED_FROM_COORDINATES;INSTITUTION_MATCH_FUZZY;INSTITUTION_COLLECTION_MISMATCH
1656049361,06a00852-f764-4fb8-80d4-ca51f0918459,https://arctos.database.museum/guid/UMNH:Mamm:29304,Animalia,Chordata,Mammalia,Rodentia,Sciuridae,Tamias,Tamias umbrinus,inyoensis,SUBSPECIES,"Tamias umbrinus inyoensis (Merriam, 1897)",Tamias umbrinus inyoensis,,US,"Ruby Mountains, Harrison Pass",Nevada,PRESENT,,2d6267a0-0561-11d8-b851-b8a03c50a862,40.325,-115.51028,428,,2057,0,,,6/8/84,8,6,1984,4263608,2437441,PRESERVED_SPECIMEN,UMNH,Mammalogy,UMNH:Mamm:29304,MAP 427,unknown,2016-10-24T00:00:00,CC0_1_0,,Collector(s): Mark A. Ports,,,2026-02-26T00:00:51.706Z,,CONTINENT_DERIVED_FROM_COORDINATES;INSTITUTION_MATCH_FUZZY;INSTITUTION_COLLECTION_MISMATCH
1656049347,06a00852-f764-4fb8-80d4-ca51f0918459,https://arctos.database.museum/guid/UMNH:Mamm:29301,Animalia,Chordata,Mammalia,Rodentia,Sciuridae,Tamias,Tamias umbrinus,inyoensis,SUBSPECIES,"Tamias umbrinus inyoensis (Merriam, 1897)",Tamias umbrinus inyoensis,,US,"Ruby Mountains, 2 mi S Ruby Marsh Fish Hatchery",Nevada,PRESENT,,2d6267a0-0561-11d8-b851-b8a03c50a862,40.16,-115.5,1000,,,,,,5/25/85,25,5,1985,4263608,2437441,PRESERVED_SPECIMEN,UMNH,Mammalogy,UMNH:Mamm:29301,MAP 499,unknown,2016-10-24T00:00:00,CC0_1_0,,Collector(s): Mark A. Ports,,,2026-02-26T00:00:53.621Z,,CONTINENT_DERIVED_FROM_COORDINATES;INSTITUTION_MATCH_FUZZY;INSTITUTION_COLLECTION_MISMATCH
1656049333,06a00852-f764-4fb8-80d4-ca51f0918459,https://arctos.database.museum/guid/UMNH:Mamm:29307,Animalia,Chordata,Mammalia,Rodentia,Sciuridae,Tamias,Tamias umbrinus,inyoensis,SUBSPECIES,"Tamias umbrinus inyoensis (Merriam, 1897)",Tamias umbrinus inyoensis,,US,"Snake Range, Lehman Creek Canyon, 8 mi W Baker",Nevada,PRESENT,,2d6267a0-0561-11d8-b851-b8a03c50a862,39.01333,-114.27059,11499,,2469,0,,,6/10/85,10,6,1985,4263608,2437441,PRESERVED_SPECIMEN,UMNH,Mammalogy,UMNH:Mamm:29307,MAP 504,unknown,2016-10-24T00:00:00,CC0_1_0,,Collector(s): Mark A. Ports,,,2026-02-26T00:00:51.705Z,,CONTINENT_DERIVED_FROM_COORDINATES;INSTITUTION_MATCH_FUZZY;INSTITUTION_COLLECTION_MISMATCH
1656049329,06a00852-f764-4fb8-80d4-ca51f0918459,https://arctos.database.museum/guid/UMNH:Mamm:29300,Animalia,Chordata,Mammalia,Rodentia,Sciuridae,Tamias,Tamias umbrinus,inyoensis,SUBSPECIES,"Tamias umbrinus inyoensis (Merriam, 1897)",Tamias umbrinus inyoensis,,US,"Snake Range, Baker Creek, 4.2 mi W, 1.8 mi SE Baker",Nevada,PRESENT,,2d6267a0-0561-11d8-b851-b8a03c50a862,39,-114.2,428,,1890,0,,,10/30/83,30,10,1983,4263608,2437441,PRESERVED_SPECIMEN,UMNH,Mammalogy,UMNH:Mamm:29300,MAP 410,unknown,2016-10-24T00:00:00,CC0_1_0,,Collector(s): Mark A. Ports,,,2026-02-26T00:00:53.644Z,,CONTINENT_DERIVED_FROM_COORDINATES;INSTITUTION_MATCH_FUZZY;INSTITUTION_COLLECTION_MISMATCH
1656049302,06a00852-f764-4fb8-80d4-ca51f0918459,https://arctos.database.museum/guid/UMNH:Mamm:29303,Animalia,Chordata,Mammalia,Rodentia,Sciuridae,Tamias,Tamias umbrinus,inyoensis,SUBSPECIES,"Tamias umbrinus inyoensis (Merriam, 1897)",Tamias umbrinus inyoensis,,US,"Snake Range, Lehman Creek Canyon, 8 mi W Baker",Nevada,PRESENT,,2d6267a0-0561-11d8-b851-b8a03c50a862,39.01333,-114.27059,11499,,2469,0,,,6/10/85,10,6,1985,4263608,2437441,PRESERVED_SPECIMEN,UMNH,Mammalogy,UMNH:Mamm:29303,MAP 507,unknown,2016-10-24T00:00:00,CC0_1_0,,Collector(s): Mark A. Ports,,,2026-02-26T00:00:54.058Z,,CONTINENT_DERIVED_FROM_COORDINATES;INSTITUTION_MATCH_FUZZY;INSTITUTION_COLLECTION_MISMATCH
1065362159,7a25f7aa-03fb-4322-aaeb-66719e1a9527,515fab23-0705-4678-a354-d02e7f3b6b73,Animalia,Chordata,Mammalia,Rodentia,Sciuridae,Tamias,Tamias umbrinus,inyoensis,SUBSPECIES,"Tamias umbrinus inyoensis (Merriam, 1897)",Tamias (Neotamias) umbrinus inyoensis,"Merriam, 1897",US,"Monitor Range, Barley Creek",Nevada,PRESENT,,493fe050-055d-11d8-b84f-b8a03c50a862,38.67,-116.76,11291,,,,,,5/12/92,12,5,1992,4263608,2437441,PRESERVED_SPECIMEN,LACM,Mammals,91164,KES 23725,,,CC0_1_0,,"Stager, K E",,native,2026-03-12T20:08:27.756Z,,GEODETIC_DATUM_ASSUMED_WGS84;CONTINENT_DERIVED_FROM_COORDINATES
1039520851,854f602e-f762-11e1-a439-00145eb45e9a,urn:uuid:64e12718-6363-40f3-a1d0-c22e4ce34a7b,Animalia,Chordata,Mammalia,Rodentia,Sciuridae,Tamias,Tamias umbrinus,inyoensis,SUBSPECIES,"Tamias umbrinus inyoensis (Merriam, 1897)",Tamias umbrinus inyoensis,"(Merriam, 1897)",US,Ruby Mountains. 2 miles e of Harrison Pass Guard Station,Nevada,PRESENT,1,2e167bb0-4441-11db-9ba2-b8a03c50a862,40.3667,-115.5667,1850,,2012,0,,,6/26/82,26,6,1982,4263608,2437441,PRESERVED_SPECIMEN,YPM,VZ,YPM MAM 004346,,,,CC0_1_0,Yale Peabody Museum,Fred C. Sibley,,,2026-03-21T13:41:31.719Z,,OCCURRENCE_STATUS_INFERRED_FROM_INDIVIDUAL_COUNT;INSTITUTION_MATCH_FUZZY