gbifID,datasetKey,occurrenceID,kingdom,phylum,class,order,family,genus,species,infraspecificEpithet,taxonRank,scientificName,verbatimScientificName,verbatimScientificNameAuthorship,countryCode,locality,stateProvince,occurrenceStatus,individualCount,publishingOrgKey,decimalLatitude,decimalLongitude,coordinateUncertaintyInMeters,coordinatePrecision,elevation,elevationAccuracy,depth,depthAccuracy,eventDate,day,month,year,taxonKey,speciesKey,basisOfRecord,institutionCode,collectionCode,catalogNumber,recordNumber,identifiedBy,dateIdentified,license,rightsHolder,recordedBy,typeStatus,establishmentMeans,lastInterpreted,mediaType,issue
665757045,41fc5c40-5e81-496f-9733-6b5681b3b7a5,70d1b9c7-4a1a-4e9e-a0c6-6d0392afd58a,Animalia,Chordata,Mammalia,Rodentia,Sciuridae,Tamias,Tamias minimus,scrutator,SUBSPECIES,"Tamias minimus scrutator (Hall & Hatfield, 1934)",Tamias minimus scrutator,,US,"Snake Range, 1.9 km N, 4 km W Lehman Cave Visitors Center",Nevada,PRESENT,1,7b8aff00-a9f8-11d8-944b-b8a03c50a862,39.022167,-114.267494,,,,,,,7/25/00,25,7,2000,4263651,2437432,PRESERVED_SPECIMEN,FMNH,Mammals,168462,FMNH-Mammals-6261,,,CC0_1_0,The Field Museum of Natural History,L. R. Heaney,,,2026-02-26T00:47:32.662Z,,COORDINATE_ROUNDED;GEODETIC_DATUM_INVALID;GEODETIC_DATUM_ASSUMED_WGS84;OCCURRENCE_STATUS_INFERRED_FROM_INDIVIDUAL_COUNT;INSTITUTION_MATCH_FUZZY;COLLECTION_MATCH_FUZZY
583519124,6ce7290f-47f6-4046-8356-371f5b6749df,urn:catalog:CAS:MAM:23419,Animalia,Chordata,Mammalia,Rodentia,Sciuridae,Tamias,Tamias minimus,,SPECIES,"Neotamias minimus (Bachman, 1839)",Neotamias minimus scrutator,,US,Aurora,Nevada,PRESENT,,66522820-055c-11d8-b84e-b8a03c50a862,38.1940319,-118.6909767,428,,,,,,7/7/82,7,7,1982,5786642,2437432,PRESERVED_SPECIMEN,CAS,MAM,23419,,,,CC0_1_0,,J. P. O'Brien,,,2026-03-16T23:02:40.846Z,,COORDINATE_REPROJECTED;TAXON_MATCH_HIGHERRANK
583519121,6ce7290f-47f6-4046-8356-371f5b6749df,urn:catalog:CAS:MAM:23418,Animalia,Chordata,Mammalia,Rodentia,Sciuridae,Tamias,Tamias minimus,,SPECIES,"Neotamias minimus (Bachman, 1839)",Neotamias minimus scrutator,,US,Aurora,Nevada,PRESENT,,66522820-055c-11d8-b84e-b8a03c50a862,38.1940319,-118.6909767,428,,,,,,7/7/82,7,7,1982,5786642,2437432,PRESERVED_SPECIMEN,CAS,MAM,23418,,,,CC0_1_0,,J. P. O'Brien,,,2026-03-16T23:02:40.846Z,,COORDINATE_REPROJECTED;TAXON_MATCH_HIGHERRANK
583519116,6ce7290f-47f6-4046-8356-371f5b6749df,urn:catalog:CAS:MAM:23417,Animalia,Chordata,Mammalia,Rodentia,Sciuridae,Tamias,Tamias minimus,,SPECIES,"Neotamias minimus (Bachman, 1839)",Neotamias minimus scrutator,,US,Aurora,Nevada,PRESENT,,66522820-055c-11d8-b84e-b8a03c50a862,38.1940319,-118.6909767,428,,,,,,7/7/82,7,7,1982,5786642,2437432,PRESERVED_SPECIMEN,CAS,MAM,23417,,,,CC0_1_0,,J. P. O'Brien,,,2026-03-16T23:02:40.846Z,,COORDINATE_REPROJECTED;TAXON_MATCH_HIGHERRANK
583519113,6ce7290f-47f6-4046-8356-371f5b6749df,urn:catalog:CAS:MAM:23416,Animalia,Chordata,Mammalia,Rodentia,Sciuridae,Tamias,Tamias minimus,,SPECIES,"Neotamias minimus (Bachman, 1839)",Neotamias minimus scrutator,,US,Aurora,Nevada,PRESENT,,66522820-055c-11d8-b84e-b8a03c50a862,38.1940319,-118.6909767,428,,,,,,7/7/82,7,7,1982,5786642,2437432,PRESERVED_SPECIMEN,CAS,MAM,23416,,,,CC0_1_0,,J. P. O'Brien,,,2026-03-16T23:02:40.846Z,,COORDINATE_REPROJECTED;TAXON_MATCH_HIGHERRANK
5228991104,58daed7d-de25-416c-a923-22eb737b6a67,https://arctos.database.museum/guid/UNCG:Mamm:1236,Animalia,Chordata,Mammalia,Rodentia,Sciuridae,Tamias,Tamias minimus,,SPECIES,"Tamias minimus Bachman, 1839",Tamias minimus,,US,"Humboldt-Toiyabe National Forest, 5 km W Taff Peak, Berry Creek",Nevada,PRESENT,,a3606783-50d7-42e7-8cad-14cb6214def4,39.354311,-114.650697,,,2564,0,,,6/29/24,29,6,2024,2437432,2437432,PRESERVED_SPECIMEN,UNCG,Mammalogy,UNCG:Mamm:1236,,,2024-06-29T00:00:00,CC_BY_NC_4_0,,"Collector(s): Andre A. Plantinga-Kapteyn, Wade M. Burris, Kristin E. Stierman, Amanda K. Weller",,,2026-02-25T22:47:14.645Z,,COORDINATE_ROUNDED;CONTINENT_DERIVED_FROM_COORDINATES;INSTITUTION_MATCH_FUZZY;INSTITUTION_COLLECTION_MISMATCH
5228991102,58daed7d-de25-416c-a923-22eb737b6a67,https://arctos.database.museum/guid/UNCG:Mamm:1238,Animalia,Chordata,Mammalia,Rodentia,Sciuridae,Tamias,Tamias minimus,,SPECIES,"Tamias minimus Bachman, 1839",Tamias minimus,,US,"Humboldt-Toiyabe National Forest, 5 km W Taff Peak, Berry Creek",Nevada,PRESENT,,a3606783-50d7-42e7-8cad-14cb6214def4,39.354077,-114.649051,,,2417,0,,,6/29/24,29,6,2024,2437432,2437432,PRESERVED_SPECIMEN,UNCG,Mammalogy,UNCG:Mamm:1238,,,2024-06-29T00:00:00,CC_BY_NC_4_0,,"Collector(s): Andre A. Plantinga-Kapteyn, Wade M. Burris, Kristin E. Stierman, Amanda K. Weller",,,2026-02-25T22:47:14.643Z,,COORDINATE_ROUNDED;CONTINENT_DERIVED_FROM_COORDINATES;INSTITUTION_MATCH_FUZZY;INSTITUTION_COLLECTION_MISMATCH
5228991078,58daed7d-de25-416c-a923-22eb737b6a67,https://arctos.database.museum/guid/UNCG:Mamm:1255,Animalia,Chordata,Mammalia,Rodentia,Sciuridae,Tamias,Tamias minimus,,SPECIES,"Tamias minimus Bachman, 1839",Tamias minimus,,US,"Humboldt-Toiyabe National Forest, 5 km W Taff Peak, Berry Creek",Nevada,PRESENT,,a3606783-50d7-42e7-8cad-14cb6214def4,39.353721,-114.650699,,,2313,0,,,6/30/24,30,6,2024,2437432,2437432,PRESERVED_SPECIMEN,UNCG,Mammalogy,UNCG:Mamm:1255,,,2024-06-30T00:00:00,CC_BY_NC_4_0,,"Collector(s): Andre A. Plantinga-Kapteyn, Wade M. Burris, Kristin E. Stierman, Amanda K. Weller",,,2026-02-25T22:47:14.634Z,,COORDINATE_ROUNDED;CONTINENT_DERIVED_FROM_COORDINATES;INSTITUTION_MATCH_FUZZY;INSTITUTION_COLLECTION_MISMATCH
5228991066,58daed7d-de25-416c-a923-22eb737b6a67,https://arctos.database.museum/guid/UNCG:Mamm:1019,Animalia,Chordata,Mammalia,Rodentia,Sciuridae,Tamias,Tamias minimus,,SPECIES,"Tamias minimus Bachman, 1839",Tamias minimus,,US,1.5 km NNW Spruce Mountain peak,Nevada,PRESENT,,a3606783-50d7-42e7-8cad-14cb6214def4,40.561178,-114.830904,,,2547,0,,,6/15/24,15,6,2024,2437432,2437432,PRESERVED_SPECIMEN,UNCG,Mammalogy,UNCG:Mamm:1019,,,2024-06-15T00:00:00,CC_BY_NC_4_0,,"Collector(s): Andre A. Plantinga-Kapteyn, Wade M. Burris, Amanda K. Weller, Bryan S. McLean, Brooks A. Kohli",,,2026-02-25T22:47:13.893Z,,COORDINATE_ROUNDED;CONTINENT_DERIVED_FROM_COORDINATES;INSTITUTION_MATCH_FUZZY;INSTITUTION_COLLECTION_MISMATCH
5228991053,58daed7d-de25-416c-a923-22eb737b6a67,https://arctos.database.museum/guid/UNCG:Mamm:1004,Animalia,Chordata,Mammalia,Rodentia,Sciuridae,Tamias,Tamias minimus,,SPECIES,"Tamias minimus Bachman, 1839",Tamias minimus,,US,1.5 km NNW Spruce Mountain peak,Nevada,PRESENT,,a3606783-50d7-42e7-8cad-14cb6214def4,40.565989,-114.816663,,,2703,0,,,6/14/24,14,6,2024,2437432,2437432,PRESERVED_SPECIMEN,UNCG,Mammalogy,UNCG:Mamm:1004,,,2024-06-14T00:00:00,CC_BY_NC_4_0,,"Collector(s): Andre A. Plantinga-Kapteyn, Wade M. Burris, Amanda K. Weller, Bryan S. McLean, Brooks A. Kohli",,,2026-02-25T22:47:13.884Z,,COORDINATE_ROUNDED;CONTINENT_DERIVED_FROM_COORDINATES;INSTITUTION_MATCH_FUZZY;INSTITUTION_COLLECTION_MISMATCH
5228991045,58daed7d-de25-416c-a923-22eb737b6a67,https://arctos.database.museum/guid/UNCG:Mamm:1249,Animalia,Chordata,Mammalia,Rodentia,Sciuridae,Tamias,Tamias minimus,,SPECIES,"Tamias minimus Bachman, 1839",Tamias minimus,,US,"Humboldt-Toiyabe National Forest, 5 km W Taff Peak, Berry Creek",Nevada,PRESENT,,a3606783-50d7-42e7-8cad-14cb6214def4,39.354314,-114.648027,,,2490,0,,,6/30/24,30,6,2024,2437432,2437432,PRESERVED_SPECIMEN,UNCG,Mammalogy,UNCG:Mamm:1249,,,2024-06-30T00:00:00,CC_BY_NC_4_0,,"Collector(s): Andre A. Plantinga-Kapteyn, Wade M. Burris, Kristin E. Stierman, Amanda K. Weller",,,2026-02-25T22:47:14.629Z,,COORDINATE_ROUNDED;CONTINENT_DERIVED_FROM_COORDINATES;INSTITUTION_MATCH_FUZZY;INSTITUTION_COLLECTION_MISMATCH
5228991041,58daed7d-de25-416c-a923-22eb737b6a67,https://arctos.database.museum/guid/UNCG:Mamm:1270,Animalia,Chordata,Mammalia,Rodentia,Sciuridae,Tamias,Tamias minimus,,SPECIES,"Tamias minimus Bachman, 1839",Tamias minimus,,US,"Humboldt-Toiyabe National Forest, 5 km W Taff Peak, Berry Creek",Nevada,PRESENT,,a3606783-50d7-42e7-8cad-14cb6214def4,39.354523,-114.649812,,,2478,0,,,7/1/24,1,7,2024,2437432,2437432,PRESERVED_SPECIMEN,UNCG,Mammalogy,UNCG:Mamm:1270,,,2024-07-01T00:00:00,CC_BY_NC_4_0,,"Collector(s): Andre A. Plantinga-Kapteyn, Wade M. Burris, Kristin E. Stierman, Amanda K. Weller",,,2026-02-25T22:47:14.628Z,,COORDINATE_ROUNDED;CONTINENT_DERIVED_FROM_COORDINATES;INSTITUTION_MATCH_FUZZY;INSTITUTION_COLLECTION_MISMATCH
5228991022,58daed7d-de25-416c-a923-22eb737b6a67,https://arctos.database.museum/guid/UNCG:Mamm:1260,Animalia,Chordata,Mammalia,Rodentia,Sciuridae,Tamias,Tamias minimus,,SPECIES,"Tamias minimus Bachman, 1839",Tamias minimus,,US,"Humboldt-Toiyabe National Forest, 5 km W Taff Peak, Berry Creek",Nevada,PRESENT,,a3606783-50d7-42e7-8cad-14cb6214def4,39.354183,-114.647696,,,2496,0,,,7/1/24,1,7,2024,2437432,2437432,PRESERVED_SPECIMEN,UNCG,Mammalogy,UNCG:Mamm:1260,,,2024-07-01T00:00:00,CC_BY_NC_4_0,,"Collector(s): Andre A. Plantinga-Kapteyn, Wade M. Burris, Kristin E. Stierman, Amanda K. Weller",,,2026-02-25T22:47:14.616Z,,COORDINATE_ROUNDED;CONTINENT_DERIVED_FROM_COORDINATES;INSTITUTION_MATCH_FUZZY;INSTITUTION_COLLECTION_MISMATCH
5228991019,58daed7d-de25-416c-a923-22eb737b6a67,https://arctos.database.museum/guid/UNCG:Mamm:1261,Animalia,Chordata,Mammalia,Rodentia,Sciuridae,Tamias,Tamias minimus,,SPECIES,"Tamias minimus Bachman, 1839",Tamias minimus,,US,"Humboldt-Toiyabe National Forest, 5 km W Taff Peak, Berry Creek",Nevada,PRESENT,,a3606783-50d7-42e7-8cad-14cb6214def4,39.354663,-114.650333,,,2481,0,,,7/1/24,1,7,2024,2437432,2437432,PRESERVED_SPECIMEN,UNCG,Mammalogy,UNCG:Mamm:1261,,,2024-07-01T00:00:00,CC_BY_NC_4_0,,"Collector(s): Andre A. Plantinga-Kapteyn, Wade M. Burris, Kristin E. Stierman, Amanda K. Weller",,,2026-02-25T22:47:14.614Z,,COORDINATE_ROUNDED;CONTINENT_DERIVED_FROM_COORDINATES;INSTITUTION_MATCH_FUZZY;INSTITUTION_COLLECTION_MISMATCH
5228991018,58daed7d-de25-416c-a923-22eb737b6a67,https://arctos.database.museum/guid/UNCG:Mamm:1264,Animalia,Chordata,Mammalia,Rodentia,Sciuridae,Tamias,Tamias minimus,,SPECIES,"Tamias minimus Bachman, 1839",Tamias minimus,,US,"Humboldt-Toiyabe National Forest, 5 km W Taff Peak, Berry Creek",Nevada,PRESENT,,a3606783-50d7-42e7-8cad-14cb6214def4,39.353593,-114.650584,,,2621,0,,,7/1/24,1,7,2024,2437432,2437432,PRESERVED_SPECIMEN,UNCG,Mammalogy,UNCG:Mamm:1264,,,2024-07-01T00:00:00,CC_BY_NC_4_0,,"Collector(s): Andre A. Plantinga-Kapteyn, Wade M. Burris, Kristin E. Stierman, Amanda K. Weller",,,2026-02-25T22:47:14.615Z,,COORDINATE_ROUNDED;CONTINENT_DERIVED_FROM_COORDINATES;INSTITUTION_MATCH_FUZZY;INSTITUTION_COLLECTION_MISMATCH
5228991012,58daed7d-de25-416c-a923-22eb737b6a67,https://arctos.database.museum/guid/UNCG:Mamm:1265,Animalia,Chordata,Mammalia,Rodentia,Sciuridae,Tamias,Tamias minimus,,SPECIES,"Tamias minimus Bachman, 1839",Tamias minimus,,US,"Humboldt-Toiyabe National Forest, 5 km W Taff Peak, Berry Creek",Nevada,PRESENT,,a3606783-50d7-42e7-8cad-14cb6214def4,39.354444,-114.65094,,,2437,0,,,7/1/24,1,7,2024,2437432,2437432,PRESERVED_SPECIMEN,UNCG,Mammalogy,UNCG:Mamm:1265,,,2024-07-01T00:00:00,CC_BY_NC_4_0,,"Collector(s): Andre A. Plantinga-Kapteyn, Wade M. Burris, Kristin E. Stierman, Amanda K. Weller",,,2026-02-25T22:47:14.613Z,,COORDINATE_ROUNDED;CONTINENT_DERIVED_FROM_COORDINATES;INSTITUTION_MATCH_FUZZY;INSTITUTION_COLLECTION_MISMATCH
5228990999,58daed7d-de25-416c-a923-22eb737b6a67,https://arctos.database.museum/guid/UNCG:Mamm:1051,Animalia,Chordata,Mammalia,Rodentia,Sciuridae,Tamias,Tamias minimus,,SPECIES,"Tamias minimus Bachman, 1839",Tamias minimus,,US,1.5 km NNW Spruce Mountain peak,Nevada,PRESENT,,a3606783-50d7-42e7-8cad-14cb6214def4,40.566519,-114.819479,,,2743,0,,,6/17/24,17,6,2024,2437432,2437432,PRESERVED_SPECIMEN,UNCG,Mammalogy,UNCG:Mamm:1051,,,2024-06-17T00:00:00,CC_BY_NC_4_0,,"Collector(s): Andre A. Plantinga-Kapteyn, Wade M. Burris, Amanda K. Weller, Bryan S. McLean",,,2026-02-25T22:47:13.836Z,,COORDINATE_ROUNDED;CONTINENT_DERIVED_FROM_COORDINATES;INSTITUTION_MATCH_FUZZY;INSTITUTION_COLLECTION_MISMATCH
5228990993,58daed7d-de25-416c-a923-22eb737b6a67,https://arctos.database.museum/guid/UNCG:Mamm:1055,Animalia,Chordata,Mammalia,Rodentia,Sciuridae,Tamias,Tamias minimus,,SPECIES,"Tamias minimus Bachman, 1839",Tamias minimus,,US,1.5 km NNW Spruce Mountain peak,Nevada,PRESENT,,a3606783-50d7-42e7-8cad-14cb6214def4,40.547936,-114.842366,,,2240,0,,,6/18/24,18,6,2024,2437432,2437432,PRESERVED_SPECIMEN,UNCG,Mammalogy,UNCG:Mamm:1055,,,2024-06-18T00:00:00,CC_BY_NC_4_0,,"Collector(s): Andre A. Plantinga-Kapteyn, Wade M. Burris, Amanda K. Weller, Bryan S. McLean",,,2026-02-25T22:47:13.835Z,,COORDINATE_ROUNDED;CONTINENT_DERIVED_FROM_COORDINATES;INSTITUTION_MATCH_FUZZY;INSTITUTION_COLLECTION_MISMATCH
5228990988,58daed7d-de25-416c-a923-22eb737b6a67,https://arctos.database.museum/guid/UNCG:Mamm:1056,Animalia,Chordata,Mammalia,Rodentia,Sciuridae,Tamias,Tamias minimus,,SPECIES,"Tamias minimus Bachman, 1839",Tamias minimus,,US,1.5 km NNW Spruce Mountain peak,Nevada,PRESENT,,a3606783-50d7-42e7-8cad-14cb6214def4,40.566678,-114.818881,,,2647,0,,,6/18/24,18,6,2024,2437432,2437432,PRESERVED_SPECIMEN,UNCG,Mammalogy,UNCG:Mamm:1056,,,2024-06-18T00:00:00,CC_BY_NC_4_0,,"Collector(s): Andre A. Plantinga-Kapteyn, Wade M. Burris, Amanda K. Weller, Bryan S. McLean",,,2026-02-25T22:47:13.833Z,,COORDINATE_ROUNDED;CONTINENT_DERIVED_FROM_COORDINATES;INSTITUTION_MATCH_FUZZY;INSTITUTION_COLLECTION_MISMATCH
5228990985,58daed7d-de25-416c-a923-22eb737b6a67,https://arctos.database.museum/guid/UNCG:Mamm:1282,Animalia,Chordata,Mammalia,Rodentia,Sciuridae,Tamias,Tamias minimus,,SPECIES,"Tamias minimus Bachman, 1839",Tamias minimus,,US,"Humboldt-Toiyabe National Forest, 5 km W Taff Peak, Berry Creek",Nevada,PRESENT,,a3606783-50d7-42e7-8cad-14cb6214def4,39.354358,-114.647886,,,2519,0,,,7/2/24,2,7,2024,2437432,2437432,PRESERVED_SPECIMEN,UNCG,Mammalogy,UNCG:Mamm:1282,,,2024-07-02T00:00:00,CC_BY_NC_4_0,,"Collector(s): Andre A. Plantinga-Kapteyn, Wade M. Burris, Kristin E. Stierman, Amanda K. Weller",,,2026-02-25T22:47:14.571Z,,COORDINATE_ROUNDED;CONTINENT_DERIVED_FROM_COORDINATES;INSTITUTION_MATCH_FUZZY;INSTITUTION_COLLECTION_MISMATCH
5228990984,58daed7d-de25-416c-a923-22eb737b6a67,https://arctos.database.museum/guid/UNCG:Mamm:1040,Animalia,Chordata,Mammalia,Rodentia,Sciuridae,Tamias,Tamias minimus,,SPECIES,"Tamias minimus Bachman, 1839",Tamias minimus,,US,1.5 km NNW Spruce Mountain peak,Nevada,PRESENT,,a3606783-50d7-42e7-8cad-14cb6214def4,40.566708,-114.818954,,,2635,0,,,6/16/24,16,6,2024,2437432,2437432,PRESERVED_SPECIMEN,UNCG,Mammalogy,UNCG:Mamm:1040,,,2024-06-16T00:00:00,CC_BY_NC_4_0,,"Collector(s): Andre A. Plantinga-Kapteyn, Wade M. Burris, Amanda K. Weller",,,2026-02-25T22:47:13.821Z,,COORDINATE_ROUNDED;CONTINENT_DERIVED_FROM_COORDINATES;INSTITUTION_MATCH_FUZZY;INSTITUTION_COLLECTION_MISMATCH
5228990966,58daed7d-de25-416c-a923-22eb737b6a67,https://arctos.database.museum/guid/UNCG:Mamm:1071,Animalia,Chordata,Mammalia,Rodentia,Sciuridae,Tamias,Tamias minimus,,SPECIES,"Tamias minimus Bachman, 1839",Tamias minimus,,US,2 km NE Spruce Mountain peak,Nevada,PRESENT,,a3606783-50d7-42e7-8cad-14cb6214def4,40.56473,-114.803862,,,2385,0,,,6/20/24,20,6,2024,2437432,2437432,PRESERVED_SPECIMEN,UNCG,Mammalogy,UNCG:Mamm:1071,,,2024-06-20T00:00:00,CC_BY_NC_4_0,,"Collector(s): Amanda K. Weller, Wade M. Burris",,,2026-02-25T22:47:13.813Z,,COORDINATE_ROUNDED;CONTINENT_DERIVED_FROM_COORDINATES;INSTITUTION_MATCH_FUZZY;INSTITUTION_COLLECTION_MISMATCH
5228990964,58daed7d-de25-416c-a923-22eb737b6a67,https://arctos.database.museum/guid/UNCG:Mamm:1073,Animalia,Chordata,Mammalia,Rodentia,Sciuridae,Tamias,Tamias minimus,,SPECIES,"Tamias minimus Bachman, 1839",Tamias minimus,,US,2 km NE Spruce Mountain peak,Nevada,PRESENT,,a3606783-50d7-42e7-8cad-14cb6214def4,40.56465,-114.79985,,,2356,0,,,6/20/24,20,6,2024,2437432,2437432,PRESERVED_SPECIMEN,UNCG,Mammalogy,UNCG:Mamm:1073,,,2024-06-20T00:00:00,CC_BY_NC_4_0,,"Collector(s): Amanda K. Weller, Wade M. Burris",,,2026-02-25T22:47:13.812Z,,COORDINATE_ROUNDED;CONTINENT_DERIVED_FROM_COORDINATES;INSTITUTION_MATCH_FUZZY;INSTITUTION_COLLECTION_MISMATCH
5228990961,58daed7d-de25-416c-a923-22eb737b6a67,https://arctos.database.museum/guid/UNCG:Mamm:1074,Animalia,Chordata,Mammalia,Rodentia,Sciuridae,Tamias,Tamias minimus,,SPECIES,"Tamias minimus Bachman, 1839",Tamias minimus,,US,2 km NE Spruce Mountain peak,Nevada,PRESENT,,a3606783-50d7-42e7-8cad-14cb6214def4,40.564661,-114.799674,,,2353,0,,,6/20/24,20,6,2024,2437432,2437432,PRESERVED_SPECIMEN,UNCG,Mammalogy,UNCG:Mamm:1074,,,2024-06-20T00:00:00,CC_BY_NC_4_0,,"Collector(s): Amanda K. Weller, Wade M. Burris",,,2026-02-25T22:47:13.808Z,,COORDINATE_ROUNDED;CONTINENT_DERIVED_FROM_COORDINATES;INSTITUTION_MATCH_FUZZY;INSTITUTION_COLLECTION_MISMATCH
5228990953,58daed7d-de25-416c-a923-22eb737b6a67,https://arctos.database.museum/guid/UNCG:Mamm:1064,Animalia,Chordata,Mammalia,Rodentia,Sciuridae,Tamias,Tamias minimus,,SPECIES,"Tamias minimus Bachman, 1839",Tamias minimus,,US,2 km NE Spruce Mountain peak,Nevada,PRESENT,,a3606783-50d7-42e7-8cad-14cb6214def4,40.563705,-114.801686,,,2402,0,,,6/20/24,20,6,2024,2437432,2437432,PRESERVED_SPECIMEN,UNCG,Mammalogy,UNCG:Mamm:1064,,,2024-06-20T00:00:00,CC_BY_NC_4_0,,"Collector(s): Amanda K. Weller, Wade M. Burris",,,2026-02-25T22:47:13.798Z,,CONTINENT_DERIVED_FROM_COORDINATES;INSTITUTION_MATCH_FUZZY;INSTITUTION_COLLECTION_MISMATCH
5228990949,58daed7d-de25-416c-a923-22eb737b6a67,https://arctos.database.museum/guid/UNCG:Mamm:1068,Animalia,Chordata,Mammalia,Rodentia,Sciuridae,Tamias,Tamias minimus,,SPECIES,"Tamias minimus Bachman, 1839",Tamias minimus,,US,2 km NE Spruce Mountain peak,Nevada,PRESENT,,a3606783-50d7-42e7-8cad-14cb6214def4,40.564797,-114.802709,,,2366,0,,,6/20/24,20,6,2024,2437432,2437432,PRESERVED_SPECIMEN,UNCG,Mammalogy,UNCG:Mamm:1068,,,2024-06-20T00:00:00,CC_BY_NC_4_0,,"Collector(s): Amanda K. Weller, Wade M. Burris",,,2026-02-25T22:47:13.795Z,,COORDINATE_ROUNDED;CONTINENT_DERIVED_FROM_COORDINATES;INSTITUTION_MATCH_FUZZY;INSTITUTION_COLLECTION_MISMATCH
5228990936,58daed7d-de25-416c-a923-22eb737b6a67,https://arctos.database.museum/guid/UNCG:Mamm:1099,Animalia,Chordata,Mammalia,Rodentia,Sciuridae,Tamias,Tamias minimus,,SPECIES,"Tamias minimus Bachman, 1839",Tamias minimus,,US,2 km NE Spruce Mountain peak,Nevada,PRESENT,,a3606783-50d7-42e7-8cad-14cb6214def4,40.564888,-114.801377,,,2329,0,,,6/21/24,21,6,2024,2437432,2437432,PRESERVED_SPECIMEN,UNCG,Mammalogy,UNCG:Mamm:1099,,,2024-06-21T00:00:00,CC_BY_NC_4_0,,"Collector(s): Andre A. Plantinga-Kapteyn, Wade M. Burris, Kristin E. Stierman, Amanda K. Weller",,,2026-02-25T22:47:13.789Z,,COORDINATE_ROUNDED;CONTINENT_DERIVED_FROM_COORDINATES;INSTITUTION_MATCH_FUZZY;INSTITUTION_COLLECTION_MISMATCH
5228990710,58daed7d-de25-416c-a923-22eb737b6a67,https://arctos.database.museum/guid/UNCG:Mamm:1110,Animalia,Chordata,Mammalia,Rodentia,Sciuridae,Tamias,Tamias minimus,,SPECIES,"Tamias minimus Bachman, 1839",Tamias minimus,,US,2 km NE Spruce Mountain peak,Nevada,PRESENT,,a3606783-50d7-42e7-8cad-14cb6214def4,40.563292,-114.800762,,,2523,0,,,6/22/24,22,6,2024,2437432,2437432,PRESERVED_SPECIMEN,UNCG,Mammalogy,UNCG:Mamm:1110,,,2024-06-22T00:00:00,CC_BY_NC_4_0,,"Collector(s): Andre A. Plantinga-Kapteyn, Wade M. Burris, Kristin E. Stierman, Amanda K. Weller",,,2026-02-25T22:47:13.454Z,,COORDINATE_ROUNDED;CONTINENT_DERIVED_FROM_COORDINATES;INSTITUTION_MATCH_FUZZY;INSTITUTION_COLLECTION_MISMATCH
5228990704,58daed7d-de25-416c-a923-22eb737b6a67,https://arctos.database.museum/guid/UNCG:Mamm:1112,Animalia,Chordata,Mammalia,Rodentia,Sciuridae,Tamias,Tamias minimus,,SPECIES,"Tamias minimus Bachman, 1839",Tamias minimus,,US,2 km NE Spruce Mountain peak,Nevada,PRESENT,,a3606783-50d7-42e7-8cad-14cb6214def4,40.563671,-114.801065,,,2578,0,,,6/22/24,22,6,2024,2437432,2437432,PRESERVED_SPECIMEN,UNCG,Mammalogy,UNCG:Mamm:1112,,,2024-06-22T00:00:00,CC_BY_NC_4_0,,"Collector(s): Andre A. Plantinga-Kapteyn, Wade M. Burris, Kristin E. Stierman, Amanda K. Weller",,,2026-02-25T22:47:13.451Z,,COORDINATE_ROUNDED;CONTINENT_DERIVED_FROM_COORDINATES;INSTITUTION_MATCH_FUZZY;INSTITUTION_COLLECTION_MISMATCH
5228990695,58daed7d-de25-416c-a923-22eb737b6a67,https://arctos.database.museum/guid/UNCG:Mamm:1113,Animalia,Chordata,Mammalia,Rodentia,Sciuridae,Tamias,Tamias minimus,,SPECIES,"Tamias minimus Bachman, 1839",Tamias minimus,,US,2 km NE Spruce Mountain peak,Nevada,PRESENT,,a3606783-50d7-42e7-8cad-14cb6214def4,40.563449,-114.801323,,,2549,0,,,6/22/24,22,6,2024,2437432,2437432,PRESERVED_SPECIMEN,UNCG,Mammalogy,UNCG:Mamm:1113,,,2024-06-22T00:00:00,CC_BY_NC_4_0,,"Collector(s): Andre A. Plantinga-Kapteyn, Wade M. Burris, Kristin E. Stierman, Amanda K. Weller",,,2026-02-25T22:47:13.447Z,,COORDINATE_ROUNDED;CONTINENT_DERIVED_FROM_COORDINATES;INSTITUTION_MATCH_FUZZY;INSTITUTION_COLLECTION_MISMATCH
5228990675,58daed7d-de25-416c-a923-22eb737b6a67,https://arctos.database.museum/guid/UNCG:Mamm:1100,Animalia,Chordata,Mammalia,Rodentia,Sciuridae,Tamias,Tamias minimus,,SPECIES,"Tamias minimus Bachman, 1839",Tamias minimus,,US,2 km NE Spruce Mountain peak,Nevada,PRESENT,,a3606783-50d7-42e7-8cad-14cb6214def4,40.564687,-114.805447,,,2472,0,,,6/21/24,21,6,2024,2437432,2437432,PRESERVED_SPECIMEN,UNCG,Mammalogy,UNCG:Mamm:1100,,,2024-06-21T00:00:00,CC_BY_NC_4_0,,"Collector(s): Andre A. Plantinga-Kapteyn, Wade M. Burris, Kristin E. Stierman, Amanda K. Weller",,,2026-02-25T22:47:13.555Z,,COORDINATE_ROUNDED;CONTINENT_DERIVED_FROM_COORDINATES;INSTITUTION_MATCH_FUZZY;INSTITUTION_COLLECTION_MISMATCH
5228990665,58daed7d-de25-416c-a923-22eb737b6a67,https://arctos.database.museum/guid/UNCG:Mamm:1105,Animalia,Chordata,Mammalia,Rodentia,Sciuridae,Tamias,Tamias minimus,,SPECIES,"Tamias minimus Bachman, 1839",Tamias minimus,,US,2 km NE Spruce Mountain peak,Nevada,PRESENT,,a3606783-50d7-42e7-8cad-14cb6214def4,40.564551,-114.80017,,,2322,0,,,6/21/24,21,6,2024,2437432,2437432,PRESERVED_SPECIMEN,UNCG,Mammalogy,UNCG:Mamm:1105,,,2024-06-21T00:00:00,CC_BY_NC_4_0,,"Collector(s): Andre A. Plantinga-Kapteyn, Wade M. Burris, Kristin E. Stierman, Amanda K. Weller",,,2026-02-25T22:47:13.443Z,,COORDINATE_ROUNDED;CONTINENT_DERIVED_FROM_COORDINATES;INSTITUTION_MATCH_FUZZY;INSTITUTION_COLLECTION_MISMATCH
5228990579,58daed7d-de25-416c-a923-22eb737b6a67,https://arctos.database.museum/guid/UNCG:Mamm:1143,Animalia,Chordata,Mammalia,Rodentia,Sciuridae,Tamias,Tamias minimus,,SPECIES,"Tamias minimus Bachman, 1839",Tamias minimus,,US,"Humboldt-Toiyabe National Forest, 2.75 km WSW North Schell Peak, Timber Creek",Nevada,PRESENT,,a3606783-50d7-42e7-8cad-14cb6214def4,39.402799,-114.62496,5,,2602,0,,,6/25/24,25,6,2024,2437432,2437432,PRESERVED_SPECIMEN,UNCG,Mammalogy,UNCG:Mamm:1143,,Andre A. Plantinga-Kapteyn,2024-06-25T00:00:00,CC_BY_NC_4_0,,"Collector(s): Andre A. Plantinga-Kapteyn, Amanda K. Weller, Wade M. Burris, Kristin E. Stierman",,,2026-02-25T22:47:13.443Z,,CONTINENT_DERIVED_FROM_COORDINATES;INSTITUTION_MATCH_FUZZY;INSTITUTION_COLLECTION_MISMATCH
5228990526,58daed7d-de25-416c-a923-22eb737b6a67,https://arctos.database.museum/guid/UNCG:Mamm:1192,Animalia,Chordata,Mammalia,Rodentia,Sciuridae,Tamias,Tamias minimus,,SPECIES,"Tamias minimus Bachman, 1839",Tamias minimus,,US,"Humboldt-Toiyabe National Forest, 2.75 km WSW North Schell Peak, Timber Creek",Nevada,PRESENT,,a3606783-50d7-42e7-8cad-14cb6214def4,39.402307,-114.624485,5,,2771,0,,,6/27/24,27,6,2024,2437432,2437432,PRESERVED_SPECIMEN,UNCG,Mammalogy,UNCG:Mamm:1192,,Andre A. Plantinga-Kapteyn,2024-06-27T00:00:00,CC_BY_NC_4_0,,"Collector(s): Andre A. Plantinga-Kapteyn, Amanda K. Weller, Wade M. Burris, Kristin E. Stierman",,,2026-02-25T22:47:13.443Z,,COORDINATE_ROUNDED;CONTINENT_DERIVED_FROM_COORDINATES;INSTITUTION_MATCH_FUZZY;INSTITUTION_COLLECTION_MISMATCH
5228990524,58daed7d-de25-416c-a923-22eb737b6a67,https://arctos.database.museum/guid/UNCG:Mamm:1193,Animalia,Chordata,Mammalia,Rodentia,Sciuridae,Tamias,Tamias minimus,,SPECIES,"Tamias minimus Bachman, 1839",Tamias minimus,,US,"Humboldt-Toiyabe National Forest, 2.75 km WSW North Schell Peak, Timber Creek",Nevada,PRESENT,,a3606783-50d7-42e7-8cad-14cb6214def4,39.401939,-114.625732,5,,2752,0,,,6/27/24,27,6,2024,2437432,2437432,PRESERVED_SPECIMEN,UNCG,Mammalogy,UNCG:Mamm:1193,,Andre A. Plantinga-Kapteyn,2024-06-27T00:00:00,CC_BY_NC_4_0,,"Collector(s): Andre A. Plantinga-Kapteyn, Amanda K. Weller, Wade M. Burris, Kristin E. Stierman",,,2026-02-25T22:47:13.443Z,,COORDINATE_ROUNDED;CONTINENT_DERIVED_FROM_COORDINATES;INSTITUTION_MATCH_FUZZY;INSTITUTION_COLLECTION_MISMATCH
5196087069,5f3463d2-51b6-4a8a-b252-9bab4388934e,https://arctos.database.museum/guid/DMNS:Mamm:11504,Animalia,Chordata,Mammalia,Rodentia,Sciuridae,Tamias,Tamias minimus,,SPECIES,"Tamias minimus Bachman, 1839",Tamias minimus,,US,"Silver Peak Range, 4 km W of Lida Summit",Nevada,PRESENT,,a2ef6dd1-8886-48c9-8025-c62bac973cc7,37.4287,-117.628,100,,2050,0,,,7/30/04,30,7,2004,2437432,2437432,PRESERVED_SPECIMEN,DMNS,Mammalogy,DMNS:Mamm:11504,JRD281,John R. Demboski,2012-01-01T00:00:00,CC_BY_NC_4_0,,Collector(s): John R. Demboski,,,2026-02-25T23:02:13.535Z,StillImage,CONTINENT_DERIVED_FROM_COORDINATES;TYPE_STATUS_INVALID;INSTITUTION_MATCH_FUZZY;INSTITUTION_COLLECTION_MISMATCH
5196086613,5f3463d2-51b6-4a8a-b252-9bab4388934e,https://arctos.database.museum/guid/DMNS:Mamm:11673,Animalia,Chordata,Mammalia,Rodentia,Sciuridae,Tamias,Tamias minimus,scrutator,SUBSPECIES,"Tamias minimus scrutator (Hall & Hatfield, 1934)",Tamias minimus scrutator,,US,"Ruby Mountains, Overland Pass",Nevada,PRESENT,,a2ef6dd1-8886-48c9-8025-c62bac973cc7,40.0254,-115.549,300,,2000,0,,,8/4/08,4,8,2008,4263651,2437432,PRESERVED_SPECIMEN,DMNS,Mammalogy,DMNS:Mamm:11673,JRD737,John R. Demboski,2008-08-04T00:00:00,CC_BY_NC_4_0,,"Collector(s): John R. Demboski, Kayce C. Bell; Preparator(s): Kayce C. Bell",,,2026-02-25T23:02:13.439Z,StillImage,CONTINENT_DERIVED_FROM_COORDINATES;TYPE_STATUS_INVALID;INSTITUTION_MATCH_FUZZY;INSTITUTION_COLLECTION_MISMATCH
5196086610,5f3463d2-51b6-4a8a-b252-9bab4388934e,https://arctos.database.museum/guid/DMNS:Mamm:11674,Animalia,Chordata,Mammalia,Rodentia,Sciuridae,Tamias,Tamias minimus,scrutator,SUBSPECIES,"Tamias minimus scrutator (Hall & Hatfield, 1934)",Tamias minimus scrutator,,US,"Ruby Mountains, Overland Pass",Nevada,PRESENT,,a2ef6dd1-8886-48c9-8025-c62bac973cc7,40.0254,-115.549,300,,2000,0,,,8/4/08,4,8,2008,4263651,2437432,PRESERVED_SPECIMEN,DMNS,Mammalogy,DMNS:Mamm:11674,JRD738,John R. Demboski,2008-08-04T00:00:00,CC_BY_NC_4_0,,"Collector(s): John R. Demboski, Kayce C. Bell; Preparator(s): Kayce C. Bell",,,2026-02-25T23:02:13.439Z,StillImage,CONTINENT_DERIVED_FROM_COORDINATES;TYPE_STATUS_INVALID;INSTITUTION_MATCH_FUZZY;INSTITUTION_COLLECTION_MISMATCH
5196086586,5f3463d2-51b6-4a8a-b252-9bab4388934e,https://arctos.database.museum/guid/DMNS:Mamm:11682,Animalia,Chordata,Mammalia,Rodentia,Sciuridae,Tamias,Tamias minimus,scrutator,SUBSPECIES,"Tamias minimus scrutator (Hall & Hatfield, 1934)",Tamias minimus scrutator,,US,"Toquima Range, Northumberland Canyon, 3 miles S of Northumberland Pass (FR369)",Nevada,PRESENT,,a2ef6dd1-8886-48c9-8025-c62bac973cc7,38.9219,-116.8647,20,,2367,0,,,8/3/08,3,8,2008,4263651,2437432,PRESERVED_SPECIMEN,DMNS,Mammalogy,DMNS:Mamm:11682,JRD730,John R. Demboski,2008-08-03T00:00:00,CC_BY_NC_4_0,,"Collector(s): John R. Demboski, Kayce C. Bell",,,2026-02-25T23:02:13.437Z,StillImage,CONTINENT_DERIVED_FROM_COORDINATES;TYPE_STATUS_INVALID;INSTITUTION_MATCH_FUZZY;INSTITUTION_COLLECTION_MISMATCH
5196086585,5f3463d2-51b6-4a8a-b252-9bab4388934e,https://arctos.database.museum/guid/DMNS:Mamm:11683,Animalia,Chordata,Mammalia,Rodentia,Sciuridae,Tamias,Tamias minimus,scrutator,SUBSPECIES,"Tamias minimus scrutator (Hall & Hatfield, 1934)",Tamias minimus scrutator,,US,"Toquima Range, Northumberland Canyon, 3 miles S of Northumberland Pass (FR369)",Nevada,PRESENT,,a2ef6dd1-8886-48c9-8025-c62bac973cc7,38.9219,-116.8647,20,,2367,0,,,8/3/08,3,8,2008,4263651,2437432,PRESERVED_SPECIMEN,DMNS,Mammalogy,DMNS:Mamm:11683,JRD731,John R. Demboski,2008-08-03T00:00:00,CC_BY_NC_4_0,,"Collector(s): John R. Demboski, Kayce C. Bell",,,2026-02-25T23:02:13.424Z,StillImage,CONTINENT_DERIVED_FROM_COORDINATES;INSTITUTION_MATCH_FUZZY;INSTITUTION_COLLECTION_MISMATCH
5196086582,5f3463d2-51b6-4a8a-b252-9bab4388934e,https://arctos.database.museum/guid/DMNS:Mamm:11684,Animalia,Chordata,Mammalia,Rodentia,Sciuridae,Tamias,Tamias minimus,scrutator,SUBSPECIES,"Tamias minimus scrutator (Hall & Hatfield, 1934)",Tamias minimus scrutator,,US,"Ruby Mountains, Overland Pass",Nevada,PRESENT,,a2ef6dd1-8886-48c9-8025-c62bac973cc7,40.0254,-115.549,300,,2000,0,,,8/4/08,4,8,2008,4263651,2437432,PRESERVED_SPECIMEN,DMNS,Mammalogy,DMNS:Mamm:11684,JRD739,John R. Demboski,2008-08-04T00:00:00,CC_BY_NC_4_0,,"Collector(s): John R. Demboski, Kayce C. Bell; Preparator(s): Kayce C. Bell",,,2026-02-25T23:02:13.428Z,StillImage,CONTINENT_DERIVED_FROM_COORDINATES;TYPE_STATUS_INVALID;INSTITUTION_MATCH_FUZZY;INSTITUTION_COLLECTION_MISMATCH
5196086561,5f3463d2-51b6-4a8a-b252-9bab4388934e,https://arctos.database.museum/guid/DMNS:Mamm:11690,Animalia,Chordata,Mammalia,Rodentia,Sciuridae,Tamias,Tamias minimus,scrutator,SUBSPECIES,"Tamias minimus scrutator (Hall & Hatfield, 1934)",Tamias minimus scrutator,,US,"Cherry Creek Mountains, Lear Ranch, McDermid Creek, Corral Canyon",Nevada,PRESENT,,a2ef6dd1-8886-48c9-8025-c62bac973cc7,40.1755,-114.8556,,,2024,0,,,8/5/08,5,8,2008,4263651,2437432,PRESERVED_SPECIMEN,DMNS,Mammalogy,DMNS:Mamm:11690,JRD745,John R. Demboski,2008-08-05T00:00:00,CC_BY_NC_4_0,,"Collector(s): John R. Demboski, Kayce C. Bell; Preparator(s): Kayce C. Bell",,,2026-02-25T23:02:13.416Z,StillImage,CONTINENT_DERIVED_FROM_COORDINATES;TYPE_STATUS_INVALID;INSTITUTION_MATCH_FUZZY;INSTITUTION_COLLECTION_MISMATCH
5196086560,5f3463d2-51b6-4a8a-b252-9bab4388934e,https://arctos.database.museum/guid/DMNS:Mamm:11691,Animalia,Chordata,Mammalia,Rodentia,Sciuridae,Tamias,Tamias minimus,scrutator,SUBSPECIES,"Tamias minimus scrutator (Hall & Hatfield, 1934)",Tamias minimus scrutator,,US,"Cherry Creek Mountains, Lear Ranch, McDermid Creek, Corral Canyon",Nevada,PRESENT,,a2ef6dd1-8886-48c9-8025-c62bac973cc7,40.1755,-114.8556,,,2024,0,,,8/5/08,5,8,2008,4263651,2437432,PRESERVED_SPECIMEN,DMNS,Mammalogy,DMNS:Mamm:11691,JRD746,John R. Demboski,2008-08-05T00:00:00,CC_BY_NC_4_0,,"Collector(s): John R. Demboski, Kayce C. Bell; Preparator(s): Kayce C. Bell",,,2026-02-25T23:02:13.417Z,StillImage,CONTINENT_DERIVED_FROM_COORDINATES;TYPE_STATUS_INVALID;INSTITUTION_MATCH_FUZZY;INSTITUTION_COLLECTION_MISMATCH
5147464319,0daed095-478a-4af6-abf5-18acb790fbb2,https://arctos.database.museum/guid/MVZ:Mamm:240562,Animalia,Chordata,Mammalia,Rodentia,Sciuridae,Tamias,Tamias minimus,scrutator,SUBSPECIES,"Tamias minimus scrutator (Hall & Hatfield, 1934)",Tamias minimus scrutator,,US,6 mi SE Halleck,Nevada,PRESENT,,8edbbde0-055e-11d8-b850-b8a03c50a862,40.91325,-115.35013,,,1632,0,,,9/16/21,16,9,2021,4263651,2437432,PRESERVED_SPECIMEN,MVZ,Mammalogy,MVZ:Mamm:240562,James L. Patton 29562,James L. Patton,2021-09-16T00:00:00,CC0_1_0,,Collector(s): James L. Patton,,,2026-02-26T00:32:50.406Z,,CONTINENT_DERIVED_FROM_COORDINATES;INSTITUTION_MATCH_FUZZY;INSTITUTION_COLLECTION_MISMATCH
5147458805,0daed095-478a-4af6-abf5-18acb790fbb2,https://arctos.database.museum/guid/MVZ:Mamm:228114,Animalia,Chordata,Mammalia,Rodentia,Sciuridae,Tamias,Tamias minimus,scrutator,SUBSPECIES,"Tamias minimus scrutator (Hall & Hatfield, 1934)",Tamias minimus scrutator,,US,"vicinity Cold Spring, Pine Forest Range, 0.92 km N, 3.23 km E Duffer Peak summit",Nevada,PRESENT,,8edbbde0-055e-11d8-b850-b8a03c50a862,41.67025,-118.69158,100,,2420,0,,,8/11/12,11,8,2012,4263651,2437432,PRESERVED_SPECIMEN,MVZ,Mammalogy,MVZ:Mamm:228114,James L. Patton 25765,James L. Patton,2015-08-31T00:00:00,CC0_1_0,,Collector(s): James L. Patton,,,2026-02-26T00:32:56.239Z,,CONTINENT_DERIVED_FROM_COORDINATES;INSTITUTION_MATCH_FUZZY;INSTITUTION_COLLECTION_MISMATCH
5147457794,0daed095-478a-4af6-abf5-18acb790fbb2,https://arctos.database.museum/guid/MVZ:Mamm:228101,Animalia,Chordata,Mammalia,Rodentia,Sciuridae,Tamias,Tamias minimus,scrutator,SUBSPECIES,"Tamias minimus scrutator (Hall & Hatfield, 1934)",Tamias minimus scrutator,,US,"vicinity Cold Spring, Pine Forest Range, 0.92 km N, 3.23 km E Duffer Peak summit",Nevada,PRESENT,,8edbbde0-055e-11d8-b850-b8a03c50a862,41.67025,-118.69158,100,,2420,0,,,8/10/12,10,8,2012,4263651,2437432,PRESERVED_SPECIMEN,MVZ,Mammalogy,MVZ:Mamm:228101,James L. Patton 25729,James L. Patton,2015-08-31T00:00:00,CC0_1_0,,Collector(s): James L. Patton,,,2026-02-26T00:32:53.307Z,,CONTINENT_DERIVED_FROM_COORDINATES;INSTITUTION_MATCH_FUZZY;INSTITUTION_COLLECTION_MISMATCH
5147455801,0daed095-478a-4af6-abf5-18acb790fbb2,https://arctos.database.museum/guid/MVZ:Mamm:228124,Animalia,Chordata,Mammalia,Rodentia,Sciuridae,Tamias,Tamias minimus,scrutator,SUBSPECIES,"Tamias minimus scrutator (Hall & Hatfield, 1934)",Tamias minimus scrutator,,US,"vicinity Cold Spring, Pine Forest Range, 0.84 km N, 3.05 km E Duffer Peak summit",Nevada,PRESENT,,8edbbde0-055e-11d8-b850-b8a03c50a862,41.66954,-118.69385,100,,2480,0,,,8/13/12,13,8,2012,4263651,2437432,PRESERVED_SPECIMEN,MVZ,Mammalogy,MVZ:Mamm:228124,James L. Patton 25800,James L. Patton,2015-08-31T00:00:00,CC0_1_0,,Collector(s): James L. Patton,,,2026-02-26T00:32:40.616Z,,CONTINENT_DERIVED_FROM_COORDINATES;INSTITUTION_MATCH_FUZZY;INSTITUTION_COLLECTION_MISMATCH
5147455794,0daed095-478a-4af6-abf5-18acb790fbb2,https://arctos.database.museum/guid/MVZ:Mamm:227956,Animalia,Chordata,Mammalia,Rodentia,Sciuridae,Tamias,Tamias minimus,scrutator,SUBSPECIES,"Tamias minimus scrutator (Hall & Hatfield, 1934)",Tamias minimus scrutator,,US,"vicinity Onion Valley Reservoir, 3.76 km N & 1.39 km W Duffer Peak summit, Pine Forest Range",Nevada,PRESENT,,8edbbde0-055e-11d8-b850-b8a03c50a862,41.69606,-118.74615,200,,2202,0,,,6/29/12,29,6,2012,4263651,2437432,PRESERVED_SPECIMEN,MVZ,Mammalogy,MVZ:Mamm:227956,James L. Patton 25685,James L. Patton,2015-08-31T00:00:00,CC0_1_0,,Collector(s): James L. Patton,,,2026-02-26T00:32:40.615Z,,CONTINENT_DERIVED_FROM_COORDINATES;INSTITUTION_MATCH_FUZZY;INSTITUTION_COLLECTION_MISMATCH
5147352803,0daed095-478a-4af6-abf5-18acb790fbb2,https://arctos.database.museum/guid/MVZ:Mamm:228106,Animalia,Chordata,Mammalia,Rodentia,Sciuridae,Tamias,Tamias minimus,scrutator,SUBSPECIES,"Tamias minimus scrutator (Hall & Hatfield, 1934)",Tamias minimus scrutator,,US,"vicinity Cold Spring, Pine Forest Range, 0.84 km N, 3.05 km E Duffer Peak summit",Nevada,PRESENT,,8edbbde0-055e-11d8-b850-b8a03c50a862,41.66954,-118.69385,100,,2480,0,,,8/11/12,11,8,2012,4263651,2437432,PRESERVED_SPECIMEN,MVZ,Mammalogy,MVZ:Mamm:228106,James L. Patton 25748,James L. Patton,2015-08-31T00:00:00,CC0_1_0,,Collector(s): James L. Patton,,,2026-02-26T00:32:54.363Z,,CONTINENT_DERIVED_FROM_COORDINATES;INSTITUTION_MATCH_FUZZY;INSTITUTION_COLLECTION_MISMATCH
5147350856,0daed095-478a-4af6-abf5-18acb790fbb2,https://arctos.database.museum/guid/MVZ:Mamm:229588,Animalia,Chordata,Mammalia,Rodentia,Sciuridae,Tamias,Tamias minimus,scrutator,SUBSPECIES,"Tamias minimus scrutator (Hall & Hatfield, 1934)",Tamias minimus scrutator,,US,"mouth of Thomas Canyon, Ruby Mts.",Nevada,PRESENT,,8edbbde0-055e-11d8-b850-b8a03c50a862,40.64835,-115.40357,100,,2316,0,,,7/12/13,12,7,2013,4263651,2437432,PRESERVED_SPECIMEN,MVZ,Mammalogy,MVZ:Mamm:229588,James L. Patton 26145,James L. Patton,2015-08-31T00:00:00,CC0_1_0,,Collector(s): James L. Patton,,,2026-02-26T00:32:44.362Z,,CONTINENT_DERIVED_FROM_COORDINATES;INSTITUTION_MATCH_FUZZY;INSTITUTION_COLLECTION_MISMATCH
5147350797,0daed095-478a-4af6-abf5-18acb790fbb2,https://arctos.database.museum/guid/MVZ:Mamm:228103,Animalia,Chordata,Mammalia,Rodentia,Sciuridae,Tamias,Tamias minimus,scrutator,SUBSPECIES,"Tamias minimus scrutator (Hall & Hatfield, 1934)",Tamias minimus scrutator,,US,"vicinity Cold Spring, Pine Forest Range, 0.92 km N, 3.23 km E Duffer Peak summit",Nevada,PRESENT,,8edbbde0-055e-11d8-b850-b8a03c50a862,41.67025,-118.69158,100,,2420,0,,,8/10/12,10,8,2012,4263651,2437432,PRESERVED_SPECIMEN,MVZ,Mammalogy,MVZ:Mamm:228103,James L. Patton 25743,James L. Patton,2015-08-31T00:00:00,CC0_1_0,,Collector(s): James L. Patton,,,2026-02-26T00:32:54.293Z,,CONTINENT_DERIVED_FROM_COORDINATES;INSTITUTION_MATCH_FUZZY;INSTITUTION_COLLECTION_MISMATCH
5147348808,0daed095-478a-4af6-abf5-18acb790fbb2,https://arctos.database.museum/guid/MVZ:Mamm:228115,Animalia,Chordata,Mammalia,Rodentia,Sciuridae,Tamias,Tamias minimus,scrutator,SUBSPECIES,"Tamias minimus scrutator (Hall & Hatfield, 1934)",Tamias minimus scrutator,,US,"vicinity Cold Spring, Pine Forest Range, 0.92 km N, 3.23 km E Duffer Peak summit",Nevada,PRESENT,,8edbbde0-055e-11d8-b850-b8a03c50a862,41.67025,-118.69158,100,,2420,0,,,8/11/12,11,8,2012,4263651,2437432,PRESERVED_SPECIMEN,MVZ,Mammalogy,MVZ:Mamm:228115,James L. Patton 25766,James L. Patton,2015-08-31T00:00:00,CC0_1_0,,Collector(s): James L. Patton,,,2026-02-26T00:32:56.292Z,,CONTINENT_DERIVED_FROM_COORDINATES;INSTITUTION_MATCH_FUZZY;INSTITUTION_COLLECTION_MISMATCH
5147346808,0daed095-478a-4af6-abf5-18acb790fbb2,https://arctos.database.museum/guid/MVZ:Mamm:228110,Animalia,Chordata,Mammalia,Rodentia,Sciuridae,Tamias,Tamias minimus,scrutator,SUBSPECIES,"Tamias minimus scrutator (Hall & Hatfield, 1934)",Tamias minimus scrutator,,US,"vicinity Cold Spring, Pine Forest Range, 0.84 km N, 3.05 km E Duffer Peak summit",Nevada,PRESENT,,8edbbde0-055e-11d8-b850-b8a03c50a862,41.66954,-118.69385,100,,2480,0,,,8/11/12,11,8,2012,4263651,2437432,PRESERVED_SPECIMEN,MVZ,Mammalogy,MVZ:Mamm:228110,James L. Patton 25752,James L. Patton,2015-08-31T00:00:00,CC0_1_0,,Collector(s): James L. Patton,,,2026-02-26T00:32:56.430Z,,CONTINENT_DERIVED_FROM_COORDINATES;INSTITUTION_MATCH_FUZZY;INSTITUTION_COLLECTION_MISMATCH
5147346807,0daed095-478a-4af6-abf5-18acb790fbb2,https://arctos.database.museum/guid/MVZ:Mamm:228107,Animalia,Chordata,Mammalia,Rodentia,Sciuridae,Tamias,Tamias minimus,scrutator,SUBSPECIES,"Tamias minimus scrutator (Hall & Hatfield, 1934)",Tamias minimus scrutator,,US,"vicinity Cold Spring, Pine Forest Range, 0.84 km N, 3.05 km E Duffer Peak summit",Nevada,PRESENT,,8edbbde0-055e-11d8-b850-b8a03c50a862,41.66954,-118.69385,100,,2480,0,,,8/11/12,11,8,2012,4263651,2437432,PRESERVED_SPECIMEN,MVZ,Mammalogy,MVZ:Mamm:228107,James L. Patton 25749,James L. Patton,2015-08-31T00:00:00,CC0_1_0,,Collector(s): James L. Patton,,,2026-02-26T00:32:53.963Z,,CONTINENT_DERIVED_FROM_COORDINATES;INSTITUTION_MATCH_FUZZY;INSTITUTION_COLLECTION_MISMATCH
5147343800,0daed095-478a-4af6-abf5-18acb790fbb2,https://arctos.database.museum/guid/MVZ:Mamm:228129,Animalia,Chordata,Mammalia,Rodentia,Sciuridae,Tamias,Tamias minimus,scrutator,SUBSPECIES,"Tamias minimus scrutator (Hall & Hatfield, 1934)",Tamias minimus scrutator,,US,"vicinity Cold Spring, Pine Forest Range, 0.84 km N, 3.05 km E Duffer Peak summit",Nevada,PRESENT,,8edbbde0-055e-11d8-b850-b8a03c50a862,41.66954,-118.69385,100,,2480,0,,,8/14/12,14,8,2012,4263651,2437432,PRESERVED_SPECIMEN,MVZ,Mammalogy,MVZ:Mamm:228129,James L. Patton 25811,James L. Patton,2015-08-31T00:00:00,CC0_1_0,,Collector(s): James L. Patton,,,2026-02-26T00:32:40.767Z,,CONTINENT_DERIVED_FROM_COORDINATES;INSTITUTION_MATCH_FUZZY;INSTITUTION_COLLECTION_MISMATCH
5147234805,0daed095-478a-4af6-abf5-18acb790fbb2,https://arctos.database.museum/guid/MVZ:Mamm:228126,Animalia,Chordata,Mammalia,Rodentia,Sciuridae,Tamias,Tamias minimus,scrutator,SUBSPECIES,"Tamias minimus scrutator (Hall & Hatfield, 1934)",Tamias minimus scrutator,,US,"vicinity Cold Spring, Pine Forest Range, 0.84 km N, 3.05 km E Duffer Peak summit",Nevada,PRESENT,,8edbbde0-055e-11d8-b850-b8a03c50a862,41.66954,-118.69385,100,,2480,0,,,8/13/12,13,8,2012,4263651,2437432,PRESERVED_SPECIMEN,MVZ,Mammalogy,MVZ:Mamm:228126,James L. Patton 25802,James L. Patton,2015-08-31T00:00:00,CC0_1_0,,Collector(s): James L. Patton,,,2026-02-26T00:32:40.630Z,,CONTINENT_DERIVED_FROM_COORDINATES;INSTITUTION_MATCH_FUZZY;INSTITUTION_COLLECTION_MISMATCH
5147234798,0daed095-478a-4af6-abf5-18acb790fbb2,https://arctos.database.museum/guid/MVZ:Mamm:227958,Animalia,Chordata,Mammalia,Rodentia,Sciuridae,Tamias,Tamias minimus,scrutator,SUBSPECIES,"Tamias minimus scrutator (Hall & Hatfield, 1934)",Tamias minimus scrutator,,US,"vicinity Onion Valley Reservoir, 3.76 km N & 1.39 km W Duffer Peak summit, Pine Forest Range",Nevada,PRESENT,,8edbbde0-055e-11d8-b850-b8a03c50a862,41.69606,-118.74615,200,,2202,0,,,6/29/12,29,6,2012,4263651,2437432,PRESERVED_SPECIMEN,MVZ,Mammalogy,MVZ:Mamm:227958,James L. Patton 25702,James L. Patton,2015-08-31T00:00:00,CC0_1_0,,Collector(s): James L. Patton,,,2026-02-26T00:32:40.608Z,,CONTINENT_DERIVED_FROM_COORDINATES;INSTITUTION_MATCH_FUZZY;INSTITUTION_COLLECTION_MISMATCH
5147230805,0daed095-478a-4af6-abf5-18acb790fbb2,https://arctos.database.museum/guid/MVZ:Mamm:228113,Animalia,Chordata,Mammalia,Rodentia,Sciuridae,Tamias,Tamias minimus,scrutator,SUBSPECIES,"Tamias minimus scrutator (Hall & Hatfield, 1934)",Tamias minimus scrutator,,US,"vicinity Cold Spring, Pine Forest Range, 0.92 km N, 3.23 km E Duffer Peak summit",Nevada,PRESENT,,8edbbde0-055e-11d8-b850-b8a03c50a862,41.67025,-118.69158,100,,2420,0,,,8/11/12,11,8,2012,4263651,2437432,PRESERVED_SPECIMEN,MVZ,Mammalogy,MVZ:Mamm:228113,James L. Patton 25764,James L. Patton,2015-08-31T00:00:00,CC0_1_0,,Collector(s): James L. Patton,,,2026-02-26T00:32:56.328Z,,CONTINENT_DERIVED_FROM_COORDINATES;INSTITUTION_MATCH_FUZZY;INSTITUTION_COLLECTION_MISMATCH
5147228857,0daed095-478a-4af6-abf5-18acb790fbb2,https://arctos.database.museum/guid/MVZ:Mamm:229587,Animalia,Chordata,Mammalia,Rodentia,Sciuridae,Tamias,Tamias minimus,scrutator,SUBSPECIES,"Tamias minimus scrutator (Hall & Hatfield, 1934)",Tamias minimus scrutator,,US,"mouth of Thomas Canyon, Ruby Mts.",Nevada,PRESENT,,8edbbde0-055e-11d8-b850-b8a03c50a862,40.64835,-115.40357,100,,2316,0,,,7/11/13,11,7,2013,4263651,2437432,PRESERVED_SPECIMEN,MVZ,Mammalogy,MVZ:Mamm:229587,James L. Patton 26137,James L. Patton,2015-08-31T00:00:00,CC0_1_0,,Collector(s): James L. Patton,,,2026-02-26T00:32:44.315Z,,CONTINENT_DERIVED_FROM_COORDINATES;INSTITUTION_MATCH_FUZZY;INSTITUTION_COLLECTION_MISMATCH
5147228797,0daed095-478a-4af6-abf5-18acb790fbb2,https://arctos.database.museum/guid/MVZ:Mamm:228102,Animalia,Chordata,Mammalia,Rodentia,Sciuridae,Tamias,Tamias minimus,scrutator,SUBSPECIES,"Tamias minimus scrutator (Hall & Hatfield, 1934)",Tamias minimus scrutator,,US,"vicinity Cold Spring, Pine Forest Range, 0.92 km N, 3.23 km E Duffer Peak summit",Nevada,PRESENT,,8edbbde0-055e-11d8-b850-b8a03c50a862,41.67025,-118.69158,100,,2420,0,,,8/10/12,10,8,2012,4263651,2437432,PRESERVED_SPECIMEN,MVZ,Mammalogy,MVZ:Mamm:228102,James L. Patton 25730,James L. Patton,2015-08-31T00:00:00,CC0_1_0,,Collector(s): James L. Patton,,,2026-02-26T00:32:53.583Z,,CONTINENT_DERIVED_FROM_COORDINATES;INSTITUTION_MATCH_FUZZY;INSTITUTION_COLLECTION_MISMATCH
5147225816,0daed095-478a-4af6-abf5-18acb790fbb2,https://arctos.database.museum/guid/MVZ:Mamm:228116,Animalia,Chordata,Mammalia,Rodentia,Sciuridae,Tamias,Tamias minimus,scrutator,SUBSPECIES,"Tamias minimus scrutator (Hall & Hatfield, 1934)",Tamias minimus scrutator,,US,"vicinity Cold Spring, Pine Forest Range, 0.92 km N, 3.23 km E Duffer Peak summit",Nevada,PRESENT,,8edbbde0-055e-11d8-b850-b8a03c50a862,41.67025,-118.69158,100,,2420,0,,,8/11/12,11,8,2012,4263651,2437432,PRESERVED_SPECIMEN,MVZ,Mammalogy,MVZ:Mamm:228116,James L. Patton 25767,James L. Patton,2015-08-31T00:00:00,CC0_1_0,,Collector(s): James L. Patton,,,2026-02-26T00:32:56.433Z,,CONTINENT_DERIVED_FROM_COORDINATES;INSTITUTION_MATCH_FUZZY;INSTITUTION_COLLECTION_MISMATCH
5147225810,0daed095-478a-4af6-abf5-18acb790fbb2,https://arctos.database.museum/guid/MVZ:Mamm:227951,Animalia,Chordata,Mammalia,Rodentia,Sciuridae,Tamias,Tamias minimus,scrutator,SUBSPECIES,"Tamias minimus scrutator (Hall & Hatfield, 1934)",Tamias minimus scrutator,,US,"vicinity Onion Valley Reservoir, 3.76 km N & 1.39 km W Duffer Peak summit, Pine Forest Range",Nevada,PRESENT,,8edbbde0-055e-11d8-b850-b8a03c50a862,41.69606,-118.74615,200,,2202,0,,,6/28/12,28,6,2012,4263651,2437432,PRESERVED_SPECIMEN,MVZ,Mammalogy,MVZ:Mamm:227951,James L. Patton 25670,James L. Patton,2015-08-31T00:00:00,CC0_1_0,,Collector(s): James L. Patton,,,2026-02-26T00:32:40.595Z,,CONTINENT_DERIVED_FROM_COORDINATES;INSTITUTION_MATCH_FUZZY;INSTITUTION_COLLECTION_MISMATCH
5147224798,0daed095-478a-4af6-abf5-18acb790fbb2,https://arctos.database.museum/guid/MVZ:Mamm:228105,Animalia,Chordata,Mammalia,Rodentia,Sciuridae,Tamias,Tamias minimus,scrutator,SUBSPECIES,"Tamias minimus scrutator (Hall & Hatfield, 1934)",Tamias minimus scrutator,,US,"vicinity Cold Spring, Pine Forest Range, 0.92 km N, 3.23 km E Duffer Peak summit",Nevada,PRESENT,,8edbbde0-055e-11d8-b850-b8a03c50a862,41.67025,-118.69158,100,,2420,0,,,8/10/12,10,8,2012,4263651,2437432,PRESERVED_SPECIMEN,MVZ,Mammalogy,MVZ:Mamm:228105,James L. Patton 25745,James L. Patton,2015-08-31T00:00:00,CC0_1_0,,Collector(s): James L. Patton,,,2026-02-26T00:32:55.016Z,,CONTINENT_DERIVED_FROM_COORDINATES;INSTITUTION_MATCH_FUZZY;INSTITUTION_COLLECTION_MISMATCH
5147210510,0daed095-478a-4af6-abf5-18acb790fbb2,https://arctos.database.museum/guid/MVZ:Mamm:197184,Animalia,Chordata,Mammalia,Rodentia,Sciuridae,Tamias,Tamias minimus,scrutator,SUBSPECIES,"Tamias minimus scrutator (Hall & Hatfield, 1934)",Tamias minimus scrutator,,US,1 mi WSW Contact,Nevada,PRESENT,,8edbbde0-055e-11d8-b850-b8a03c50a862,41.76003,-114.7807,30,,1798,0,,,7/18/01,18,7,2001,4263651,2437432,PRESERVED_SPECIMEN,MVZ,Mammalogy,MVZ:Mamm:197184,James L. Patton 18281,James L. Patton,2015-08-31T00:00:00,CC0_1_0,,Collector(s): James L. Patton,,,2026-02-26T00:32:50.746Z,,CONTINENT_DERIVED_FROM_COORDINATES;TYPE_STATUS_INVALID;INSTITUTION_MATCH_FUZZY;INSTITUTION_COLLECTION_MISMATCH
5147122322,0daed095-478a-4af6-abf5-18acb790fbb2,https://arctos.database.museum/guid/MVZ:Mamm:240561,Animalia,Chordata,Mammalia,Rodentia,Sciuridae,Tamias,Tamias minimus,scrutator,SUBSPECIES,"Tamias minimus scrutator (Hall & Hatfield, 1934)",Tamias minimus scrutator,,US,0.9 mi NW Halleck,Nevada,PRESENT,,8edbbde0-055e-11d8-b850-b8a03c50a862,40.95855,-115.46628,,,1612,0,,,9/16/21,16,9,2021,4263651,2437432,PRESERVED_SPECIMEN,MVZ,Mammalogy,MVZ:Mamm:240561,James L. Patton 29565,James L. Patton,2021-09-16T00:00:00,CC0_1_0,,Collector(s): James L. Patton,,,2026-02-26T00:32:50.356Z,,CONTINENT_DERIVED_FROM_COORDINATES;INSTITUTION_MATCH_FUZZY;INSTITUTION_COLLECTION_MISMATCH
5147113804,0daed095-478a-4af6-abf5-18acb790fbb2,https://arctos.database.museum/guid/MVZ:Mamm:228125,Animalia,Chordata,Mammalia,Rodentia,Sciuridae,Tamias,Tamias minimus,scrutator,SUBSPECIES,"Tamias minimus scrutator (Hall & Hatfield, 1934)",Tamias minimus scrutator,,US,"vicinity Cold Spring, Pine Forest Range, 0.84 km N, 3.05 km E Duffer Peak summit",Nevada,PRESENT,,8edbbde0-055e-11d8-b850-b8a03c50a862,41.66954,-118.69385,100,,2480,0,,,8/13/12,13,8,2012,4263651,2437432,PRESERVED_SPECIMEN,MVZ,Mammalogy,MVZ:Mamm:228125,James L. Patton 25801,James L. Patton,2015-08-31T00:00:00,CC0_1_0,,Collector(s): James L. Patton,,,2026-02-26T00:32:40.615Z,,CONTINENT_DERIVED_FROM_COORDINATES;INSTITUTION_MATCH_FUZZY;INSTITUTION_COLLECTION_MISMATCH
5147113797,0daed095-478a-4af6-abf5-18acb790fbb2,https://arctos.database.museum/guid/MVZ:Mamm:227957,Animalia,Chordata,Mammalia,Rodentia,Sciuridae,Tamias,Tamias minimus,scrutator,SUBSPECIES,"Tamias minimus scrutator (Hall & Hatfield, 1934)",Tamias minimus scrutator,,US,"vicinity Onion Valley Reservoir, 3.76 km N & 1.39 km W Duffer Peak summit, Pine Forest Range",Nevada,PRESENT,,8edbbde0-055e-11d8-b850-b8a03c50a862,41.69606,-118.74615,200,,2202,0,,,6/29/12,29,6,2012,4263651,2437432,PRESERVED_SPECIMEN,MVZ,Mammalogy,MVZ:Mamm:227957,James L. Patton 25686,James L. Patton,2015-08-31T00:00:00,CC0_1_0,,Collector(s): James L. Patton,,,2026-02-26T00:32:40.766Z,,CONTINENT_DERIVED_FROM_COORDINATES;INSTITUTION_MATCH_FUZZY;INSTITUTION_COLLECTION_MISMATCH
5147112803,0daed095-478a-4af6-abf5-18acb790fbb2,https://arctos.database.museum/guid/MVZ:Mamm:228128,Animalia,Chordata,Mammalia,Rodentia,Sciuridae,Tamias,Tamias minimus,scrutator,SUBSPECIES,"Tamias minimus scrutator (Hall & Hatfield, 1934)",Tamias minimus scrutator,,US,"vicinity Cold Spring, Pine Forest Range, 0.92 km N, 3.23 km E Duffer Peak summit",Nevada,PRESENT,,8edbbde0-055e-11d8-b850-b8a03c50a862,41.67025,-118.69158,100,,2420,0,,,8/14/12,14,8,2012,4263651,2437432,PRESERVED_SPECIMEN,MVZ,Mammalogy,MVZ:Mamm:228128,James L. Patton 25810,James L. Patton,2015-08-31T00:00:00,CC0_1_0,,Collector(s): James L. Patton,,,2026-02-26T00:32:40.632Z,,CONTINENT_DERIVED_FROM_COORDINATES;INSTITUTION_MATCH_FUZZY;INSTITUTION_COLLECTION_MISMATCH
5147110801,0daed095-478a-4af6-abf5-18acb790fbb2,https://arctos.database.museum/guid/MVZ:Mamm:228123,Animalia,Chordata,Mammalia,Rodentia,Sciuridae,Tamias,Tamias minimus,scrutator,SUBSPECIES,"Tamias minimus scrutator (Hall & Hatfield, 1934)",Tamias minimus scrutator,,US,"vicinity Cold Spring, Pine Forest Range, 0.84 km N, 3.05 km E Duffer Peak summit",Nevada,PRESENT,,8edbbde0-055e-11d8-b850-b8a03c50a862,41.66954,-118.69385,100,,2480,0,,,8/12/12,12,8,2012,4263651,2437432,PRESERVED_SPECIMEN,MVZ,Mammalogy,MVZ:Mamm:228123,James L. Patton 25787,James L. Patton,2015-08-31T00:00:00,CC0_1_0,,Collector(s): James L. Patton,,,2026-02-26T00:32:40.637Z,,CONTINENT_DERIVED_FROM_COORDINATES;INSTITUTION_MATCH_FUZZY;INSTITUTION_COLLECTION_MISMATCH
5147110794,0daed095-478a-4af6-abf5-18acb790fbb2,https://arctos.database.museum/guid/MVZ:Mamm:227955,Animalia,Chordata,Mammalia,Rodentia,Sciuridae,Tamias,Tamias minimus,scrutator,SUBSPECIES,"Tamias minimus scrutator (Hall & Hatfield, 1934)",Tamias minimus scrutator,,US,"vicinity Onion Valley Reservoir, 3.76 km N & 1.39 km W Duffer Peak summit, Pine Forest Range",Nevada,PRESENT,,8edbbde0-055e-11d8-b850-b8a03c50a862,41.69606,-118.74615,200,,2202,0,,,6/28/12,28,6,2012,4263651,2437432,PRESERVED_SPECIMEN,MVZ,Mammalogy,MVZ:Mamm:227955,James L. Patton 25684,James L. Patton,2015-08-31T00:00:00,CC0_1_0,,Collector(s): James L. Patton,,,2026-02-26T00:32:40.601Z,,CONTINENT_DERIVED_FROM_COORDINATES;INSTITUTION_MATCH_FUZZY;INSTITUTION_COLLECTION_MISMATCH
5147107820,0daed095-478a-4af6-abf5-18acb790fbb2,https://arctos.database.museum/guid/MVZ:Mamm:228120,Animalia,Chordata,Mammalia,Rodentia,Sciuridae,Tamias,Tamias minimus,scrutator,SUBSPECIES,"Tamias minimus scrutator (Hall & Hatfield, 1934)",Tamias minimus scrutator,,US,"vicinity Cold Spring, Pine Forest Range, 0.46 km N, 3.21 km E Duffer Peak summit",Nevada,PRESENT,,8edbbde0-055e-11d8-b850-b8a03c50a862,41.6663,-118.69147,100,,2492,0,,,8/11/12,11,8,2012,4263651,2437432,PRESERVED_SPECIMEN,MVZ,Mammalogy,MVZ:Mamm:228120,James L. Patton 25778,James L. Patton,2015-08-31T00:00:00,CC0_1_0,,Collector(s): James L. Patton,,,2026-02-26T00:32:40.614Z,,CONTINENT_DERIVED_FROM_COORDINATES;INSTITUTION_MATCH_FUZZY;INSTITUTION_COLLECTION_MISMATCH
5147107819,0daed095-478a-4af6-abf5-18acb790fbb2,https://arctos.database.museum/guid/MVZ:Mamm:228117,Animalia,Chordata,Mammalia,Rodentia,Sciuridae,Tamias,Tamias minimus,scrutator,SUBSPECIES,"Tamias minimus scrutator (Hall & Hatfield, 1934)",Tamias minimus scrutator,,US,"vicinity Cold Spring, Pine Forest Range, 0.92 km N, 3.23 km E Duffer Peak summit",Nevada,PRESENT,,8edbbde0-055e-11d8-b850-b8a03c50a862,41.67025,-118.69158,100,,2420,0,,,8/11/12,11,8,2012,4263651,2437432,PRESERVED_SPECIMEN,MVZ,Mammalogy,MVZ:Mamm:228117,James L. Patton 25768,James L. Patton,2015-08-31T00:00:00,CC0_1_0,,Collector(s): James L. Patton,,,2026-02-26T00:32:56.899Z,,CONTINENT_DERIVED_FROM_COORDINATES;INSTITUTION_MATCH_FUZZY;INSTITUTION_COLLECTION_MISMATCH
5147107812,0daed095-478a-4af6-abf5-18acb790fbb2,https://arctos.database.museum/guid/MVZ:Mamm:227952,Animalia,Chordata,Mammalia,Rodentia,Sciuridae,Tamias,Tamias minimus,scrutator,SUBSPECIES,"Tamias minimus scrutator (Hall & Hatfield, 1934)",Tamias minimus scrutator,,US,"vicinity Onion Valley Reservoir, 3.76 km N & 1.39 km W Duffer Peak summit, Pine Forest Range",Nevada,PRESENT,,8edbbde0-055e-11d8-b850-b8a03c50a862,41.69606,-118.74615,200,,2202,0,,,6/28/12,28,6,2012,4263651,2437432,PRESERVED_SPECIMEN,MVZ,Mammalogy,MVZ:Mamm:227952,James L. Patton 25671,James L. Patton,2015-08-31T00:00:00,CC0_1_0,,Collector(s): James L. Patton,,,2026-02-26T00:32:40.596Z,,CONTINENT_DERIVED_FROM_COORDINATES;INSTITUTION_MATCH_FUZZY;INSTITUTION_COLLECTION_MISMATCH
5147104811,0daed095-478a-4af6-abf5-18acb790fbb2,https://arctos.database.museum/guid/MVZ:Mamm:228122,Animalia,Chordata,Mammalia,Rodentia,Sciuridae,Tamias,Tamias minimus,scrutator,SUBSPECIES,"Tamias minimus scrutator (Hall & Hatfield, 1934)",Tamias minimus scrutator,,US,"vicinity Cold Spring, Pine Forest Range, 0.92 km N, 3.23 km E Duffer Peak summit",Nevada,PRESENT,,8edbbde0-055e-11d8-b850-b8a03c50a862,41.67025,-118.69158,100,,2420,0,,,8/12/12,12,8,2012,4263651,2437432,PRESERVED_SPECIMEN,MVZ,Mammalogy,MVZ:Mamm:228122,James L. Patton 25782,James L. Patton,2015-08-31T00:00:00,CC0_1_0,,Collector(s): James L. Patton,,,2026-02-26T00:32:40.615Z,,CONTINENT_DERIVED_FROM_COORDINATES;INSTITUTION_MATCH_FUZZY;INSTITUTION_COLLECTION_MISMATCH
5147104810,0daed095-478a-4af6-abf5-18acb790fbb2,https://arctos.database.museum/guid/MVZ:Mamm:228119,Animalia,Chordata,Mammalia,Rodentia,Sciuridae,Tamias,Tamias minimus,scrutator,SUBSPECIES,"Tamias minimus scrutator (Hall & Hatfield, 1934)",Tamias minimus scrutator,,US,"vicinity Cold Spring, Pine Forest Range, 0.46 km N, 3.21 km E Duffer Peak summit",Nevada,PRESENT,,8edbbde0-055e-11d8-b850-b8a03c50a862,41.6663,-118.69147,100,,2492,0,,,8/11/12,11,8,2012,4263651,2437432,PRESERVED_SPECIMEN,MVZ,Mammalogy,MVZ:Mamm:228119,James L. Patton 25777,James L. Patton,2015-08-31T00:00:00,CC0_1_0,,Collector(s): James L. Patton,,,2026-02-26T00:32:57.199Z,,CONTINENT_DERIVED_FROM_COORDINATES;INSTITUTION_MATCH_FUZZY;INSTITUTION_COLLECTION_MISMATCH
5147104803,0daed095-478a-4af6-abf5-18acb790fbb2,https://arctos.database.museum/guid/MVZ:Mamm:227954,Animalia,Chordata,Mammalia,Rodentia,Sciuridae,Tamias,Tamias minimus,scrutator,SUBSPECIES,"Tamias minimus scrutator (Hall & Hatfield, 1934)",Tamias minimus scrutator,,US,"vicinity Onion Valley Reservoir, 3.76 km N & 1.39 km W Duffer Peak summit, Pine Forest Range",Nevada,PRESENT,,8edbbde0-055e-11d8-b850-b8a03c50a862,41.69606,-118.74615,200,,2202,0,,,6/28/12,28,6,2012,4263651,2437432,PRESERVED_SPECIMEN,MVZ,Mammalogy,MVZ:Mamm:227954,James L. Patton 25683,James L. Patton,2015-08-31T00:00:00,CC0_1_0,,Collector(s): James L. Patton,,,2026-02-26T00:32:40.596Z,,CONTINENT_DERIVED_FROM_COORDINATES;INSTITUTION_MATCH_FUZZY;INSTITUTION_COLLECTION_MISMATCH
5146991818,0daed095-478a-4af6-abf5-18acb790fbb2,https://arctos.database.museum/guid/MVZ:Mamm:228121,Animalia,Chordata,Mammalia,Rodentia,Sciuridae,Tamias,Tamias minimus,scrutator,SUBSPECIES,"Tamias minimus scrutator (Hall & Hatfield, 1934)",Tamias minimus scrutator,,US,"vicinity Cold Spring, Pine Forest Range, 0.92 km N, 3.23 km E Duffer Peak summit",Nevada,PRESENT,,8edbbde0-055e-11d8-b850-b8a03c50a862,41.67025,-118.69158,100,,2420,0,,,8/12/12,12,8,2012,4263651,2437432,PRESERVED_SPECIMEN,MVZ,Mammalogy,MVZ:Mamm:228121,James L. Patton 25781,James L. Patton,2015-08-31T00:00:00,CC0_1_0,,Collector(s): James L. Patton,,,2026-02-26T00:32:40.767Z,,CONTINENT_DERIVED_FROM_COORDINATES;INSTITUTION_MATCH_FUZZY;INSTITUTION_COLLECTION_MISMATCH
5146991817,0daed095-478a-4af6-abf5-18acb790fbb2,https://arctos.database.museum/guid/MVZ:Mamm:228118,Animalia,Chordata,Mammalia,Rodentia,Sciuridae,Tamias,Tamias minimus,scrutator,SUBSPECIES,"Tamias minimus scrutator (Hall & Hatfield, 1934)",Tamias minimus scrutator,,US,"vicinity Cold Spring, Pine Forest Range, 0.92 km N, 3.23 km E Duffer Peak summit",Nevada,PRESENT,,8edbbde0-055e-11d8-b850-b8a03c50a862,41.67025,-118.69158,100,,2420,0,,,8/11/12,11,8,2012,4263651,2437432,PRESERVED_SPECIMEN,MVZ,Mammalogy,MVZ:Mamm:228118,James L. Patton 25769,James L. Patton,2015-08-31T00:00:00,CC0_1_0,,Collector(s): James L. Patton,,,2026-02-26T00:32:56.853Z,,CONTINENT_DERIVED_FROM_COORDINATES;INSTITUTION_MATCH_FUZZY;INSTITUTION_COLLECTION_MISMATCH
5146991810,0daed095-478a-4af6-abf5-18acb790fbb2,https://arctos.database.museum/guid/MVZ:Mamm:227953,Animalia,Chordata,Mammalia,Rodentia,Sciuridae,Tamias,Tamias minimus,scrutator,SUBSPECIES,"Tamias minimus scrutator (Hall & Hatfield, 1934)",Tamias minimus scrutator,,US,"vicinity Onion Valley Reservoir, 3.76 km N & 1.39 km W Duffer Peak summit, Pine Forest Range",Nevada,PRESENT,,8edbbde0-055e-11d8-b850-b8a03c50a862,41.69606,-118.74615,200,,2202,0,,,6/28/12,28,6,2012,4263651,2437432,PRESERVED_SPECIMEN,MVZ,Mammalogy,MVZ:Mamm:227953,James L. Patton 25672,James L. Patton,2015-08-31T00:00:00,CC0_1_0,,Collector(s): James L. Patton,,,2026-02-26T00:32:40.598Z,,CONTINENT_DERIVED_FROM_COORDINATES;INSTITUTION_MATCH_FUZZY;INSTITUTION_COLLECTION_MISMATCH
5146990809,0daed095-478a-4af6-abf5-18acb790fbb2,https://arctos.database.museum/guid/MVZ:Mamm:228111,Animalia,Chordata,Mammalia,Rodentia,Sciuridae,Tamias,Tamias minimus,scrutator,SUBSPECIES,"Tamias minimus scrutator (Hall & Hatfield, 1934)",Tamias minimus scrutator,,US,"vicinity Cold Spring, Pine Forest Range, 0.84 km N, 3.05 km E Duffer Peak summit",Nevada,PRESENT,,8edbbde0-055e-11d8-b850-b8a03c50a862,41.66954,-118.69385,100,,2480,0,,,8/11/12,11,8,2012,4263651,2437432,PRESERVED_SPECIMEN,MVZ,Mammalogy,MVZ:Mamm:228111,James L. Patton 25753,James L. Patton,2015-08-31T00:00:00,CC0_1_0,,Collector(s): James L. Patton,,,2026-02-26T00:32:56.385Z,,CONTINENT_DERIVED_FROM_COORDINATES;INSTITUTION_MATCH_FUZZY;INSTITUTION_COLLECTION_MISMATCH
5146990808,0daed095-478a-4af6-abf5-18acb790fbb2,https://arctos.database.museum/guid/MVZ:Mamm:228108,Animalia,Chordata,Mammalia,Rodentia,Sciuridae,Tamias,Tamias minimus,scrutator,SUBSPECIES,"Tamias minimus scrutator (Hall & Hatfield, 1934)",Tamias minimus scrutator,,US,"vicinity Cold Spring, Pine Forest Range, 0.84 km N, 3.05 km E Duffer Peak summit",Nevada,PRESENT,,8edbbde0-055e-11d8-b850-b8a03c50a862,41.66954,-118.69385,100,,2480,0,,,8/11/12,11,8,2012,4263651,2437432,PRESERVED_SPECIMEN,MVZ,Mammalogy,MVZ:Mamm:228108,James L. Patton 25750,James L. Patton,2015-08-31T00:00:00,CC0_1_0,,Collector(s): James L. Patton,,,2026-02-26T00:32:54.076Z,,CONTINENT_DERIVED_FROM_COORDINATES;INSTITUTION_MATCH_FUZZY;INSTITUTION_COLLECTION_MISMATCH
5146989803,0daed095-478a-4af6-abf5-18acb790fbb2,https://arctos.database.museum/guid/MVZ:Mamm:228130,Animalia,Chordata,Mammalia,Rodentia,Sciuridae,Tamias,Tamias minimus,scrutator,SUBSPECIES,"Tamias minimus scrutator (Hall & Hatfield, 1934)",Tamias minimus scrutator,,US,"vicinity Cold Spring, Pine Forest Range, 0.84 km N, 3.05 km E Duffer Peak summit",Nevada,PRESENT,,8edbbde0-055e-11d8-b850-b8a03c50a862,41.66954,-118.69385,100,,2480,0,,,8/14/12,14,8,2012,4263651,2437432,PRESERVED_SPECIMEN,MVZ,Mammalogy,MVZ:Mamm:228130,James L. Patton 25812,James L. Patton,2015-08-31T00:00:00,CC0_1_0,,Collector(s): James L. Patton,,,2026-02-26T00:32:44.287Z,,CONTINENT_DERIVED_FROM_COORDINATES;INSTITUTION_MATCH_FUZZY;INSTITUTION_COLLECTION_MISMATCH
5146989802,0daed095-478a-4af6-abf5-18acb790fbb2,https://arctos.database.museum/guid/MVZ:Mamm:228127,Animalia,Chordata,Mammalia,Rodentia,Sciuridae,Tamias,Tamias minimus,scrutator,SUBSPECIES,"Tamias minimus scrutator (Hall & Hatfield, 1934)",Tamias minimus scrutator,,US,"vicinity Cold Spring, Pine Forest Range, 0.84 km N, 3.05 km E Duffer Peak summit",Nevada,PRESENT,,8edbbde0-055e-11d8-b850-b8a03c50a862,41.66954,-118.69385,100,,2480,0,,,8/13/12,13,8,2012,4263651,2437432,PRESERVED_SPECIMEN,MVZ,Mammalogy,MVZ:Mamm:228127,James L. Patton 25803,James L. Patton,2015-08-31T00:00:00,CC0_1_0,,Collector(s): James L. Patton,,,2026-02-26T00:32:40.632Z,,CONTINENT_DERIVED_FROM_COORDINATES;INSTITUTION_MATCH_FUZZY;INSTITUTION_COLLECTION_MISMATCH
5146989795,0daed095-478a-4af6-abf5-18acb790fbb2,https://arctos.database.museum/guid/MVZ:Mamm:227959,Animalia,Chordata,Mammalia,Rodentia,Sciuridae,Tamias,Tamias minimus,scrutator,SUBSPECIES,"Tamias minimus scrutator (Hall & Hatfield, 1934)",Tamias minimus scrutator,,US,"camp, vicinity Onion Valley Reservoir, 3.15 km N & 1.31 km W Duffer Peak summit, Pine Forest Range",Nevada,PRESENT,,8edbbde0-055e-11d8-b850-b8a03c50a862,41.69051,-118.74519,50,,2163,0,,,6/30/12,30,6,2012,4263651,2437432,PRESERVED_SPECIMEN,MVZ,Mammalogy,MVZ:Mamm:227959,James L. Patton 25709,James L. Patton,2015-08-31T00:00:00,CC0_1_0,,Collector(s): James L. Patton,,,2026-02-26T00:32:40.616Z,,CONTINENT_DERIVED_FROM_COORDINATES;INSTITUTION_MATCH_FUZZY;INSTITUTION_COLLECTION_MISMATCH
5146988807,0daed095-478a-4af6-abf5-18acb790fbb2,https://arctos.database.museum/guid/MVZ:Mamm:228112,Animalia,Chordata,Mammalia,Rodentia,Sciuridae,Tamias,Tamias minimus,scrutator,SUBSPECIES,"Tamias minimus scrutator (Hall & Hatfield, 1934)",Tamias minimus scrutator,,US,"vicinity Cold Spring, Pine Forest Range, 0.92 km N, 3.23 km E Duffer Peak summit",Nevada,PRESENT,,8edbbde0-055e-11d8-b850-b8a03c50a862,41.67025,-118.69158,100,,2420,0,,,8/11/12,11,8,2012,4263651,2437432,PRESERVED_SPECIMEN,MVZ,Mammalogy,MVZ:Mamm:228112,James L. Patton 25763,James L. Patton,2015-08-31T00:00:00,CC0_1_0,,Collector(s): James L. Patton,,,2026-02-26T00:32:56.329Z,,CONTINENT_DERIVED_FROM_COORDINATES;INSTITUTION_MATCH_FUZZY;INSTITUTION_COLLECTION_MISMATCH
5146988806,0daed095-478a-4af6-abf5-18acb790fbb2,https://arctos.database.museum/guid/MVZ:Mamm:228109,Animalia,Chordata,Mammalia,Rodentia,Sciuridae,Tamias,Tamias minimus,scrutator,SUBSPECIES,"Tamias minimus scrutator (Hall & Hatfield, 1934)",Tamias minimus scrutator,,US,"vicinity Cold Spring, Pine Forest Range, 0.84 km N, 3.05 km E Duffer Peak summit",Nevada,PRESENT,,8edbbde0-055e-11d8-b850-b8a03c50a862,41.66954,-118.69385,100,,2480,0,,,8/11/12,11,8,2012,4263651,2437432,PRESERVED_SPECIMEN,MVZ,Mammalogy,MVZ:Mamm:228109,James L. Patton 25751,James L. Patton,2015-08-31T00:00:00,CC0_1_0,,Collector(s): James L. Patton,,,2026-02-26T00:32:54.183Z,,CONTINENT_DERIVED_FROM_COORDINATES;INSTITUTION_MATCH_FUZZY;INSTITUTION_COLLECTION_MISMATCH
5146987852,0daed095-478a-4af6-abf5-18acb790fbb2,https://arctos.database.museum/guid/MVZ:Mamm:229589,Animalia,Chordata,Mammalia,Rodentia,Sciuridae,Tamias,Tamias minimus,scrutator,SUBSPECIES,"Tamias minimus scrutator (Hall & Hatfield, 1934)",Tamias minimus scrutator,,US,"Carroll Summit, Desatoya Mts.",Nevada,PRESENT,,8edbbde0-055e-11d8-b850-b8a03c50a862,39.26762,-117.72606,50,,2286,0,,,7/7/13,7,7,2013,4263651,2437432,PRESERVED_SPECIMEN,MVZ,Mammalogy,MVZ:Mamm:229589,James L. Patton 26087,James L. Patton,2015-08-31T00:00:00,CC0_1_0,,Collector(s): James L. Patton,,,2026-02-26T00:32:44.310Z,,CONTINENT_DERIVED_FROM_COORDINATES;INSTITUTION_MATCH_FUZZY;INSTITUTION_COLLECTION_MISMATCH
5146987794,0daed095-478a-4af6-abf5-18acb790fbb2,https://arctos.database.museum/guid/MVZ:Mamm:228104,Animalia,Chordata,Mammalia,Rodentia,Sciuridae,Tamias,Tamias minimus,scrutator,SUBSPECIES,"Tamias minimus scrutator (Hall & Hatfield, 1934)",Tamias minimus scrutator,,US,"vicinity Cold Spring, Pine Forest Range, 0.92 km N, 3.23 km E Duffer Peak summit",Nevada,PRESENT,,8edbbde0-055e-11d8-b850-b8a03c50a862,41.67025,-118.69158,100,,2420,0,,,8/10/12,10,8,2012,4263651,2437432,PRESERVED_SPECIMEN,MVZ,Mammalogy,MVZ:Mamm:228104,James L. Patton 25744,James L. Patton,2015-08-31T00:00:00,CC0_1_0,,Collector(s): James L. Patton,,,2026-02-26T00:32:54.450Z,,CONTINENT_DERIVED_FROM_COORDINATES;INSTITUTION_MATCH_FUZZY;INSTITUTION_COLLECTION_MISMATCH
5099671778,b15d4952-7d20-46f1-8a3e-556a512b04c5,https://arctos.database.museum/guid/MSB:Mamm:287559,Animalia,Chordata,Mammalia,Rodentia,Sciuridae,Tamias,Tamias minimus,,SPECIES,"Tamias minimus Bachman, 1839",Tamias minimus,,US,Lake Valley 4,Nevada,PRESENT,,939ed180-aa7b-11db-8edf-b8a03c50a862,37.936907,-114.375822,1500,,,,,,6/22/05,22,6,2005,2437432,2437432,PRESERVED_SPECIMEN,MSB,Mammalogy,MSB:Mamm:287559,,New Mexico Museum of Natural History and Science,2014-09-22T00:00:00,CC0_1_0,,Collector(s): Tereza Jezkova; Preparator(s): Tereza Jezkova,,,2026-02-26T00:27:59.377Z,,CONTINENT_DERIVED_FROM_COORDINATES;INSTITUTION_MATCH_FUZZY;INSTITUTION_COLLECTION_MISMATCH
5099668811,b15d4952-7d20-46f1-8a3e-556a512b04c5,https://arctos.database.museum/guid/MSB:Mamm:287561,Animalia,Chordata,Mammalia,Rodentia,Sciuridae,Tamias,Tamias minimus,,SPECIES,"Tamias minimus Bachman, 1839",Tamias minimus,,US,"Cottonwood Creek, Monitor Range",Nevada,PRESENT,,939ed180-aa7b-11db-8edf-b8a03c50a862,38.744988,-117.705664,210,,2408,0,,,7/9/00,9,7,2000,2437432,2437432,PRESERVED_SPECIMEN,MSB,Mammalogy,MSB:Mamm:287561,,New Mexico Museum of Natural History and Science,2014-09-22T00:00:00,CC0_1_0,,Collector(s): Brett R. Riddle; Preparator(s): Brett R. Riddle,,,2026-02-26T00:28:01.902Z,,CONTINENT_DERIVED_FROM_COORDINATES;INSTITUTION_MATCH_FUZZY;INSTITUTION_COLLECTION_MISMATCH
5099668807,b15d4952-7d20-46f1-8a3e-556a512b04c5,https://arctos.database.museum/guid/MSB:Mamm:287543,Animalia,Chordata,Mammalia,Rodentia,Sciuridae,Tamias,Tamias minimus,,SPECIES,"Tamias minimus Bachman, 1839",Tamias minimus,,US,"6 mi. N, 3 mi. W Kingston",Nevada,PRESENT,,939ed180-aa7b-11db-8edf-b8a03c50a862,39.296891,-117.126003,8600,,2652,0,,,7/9/00,9,7,2000,2437432,2437432,PRESERVED_SPECIMEN,MSB,Mammalogy,MSB:Mamm:287543,,New Mexico Museum of Natural History and Science,2014-09-22T00:00:00,CC0_1_0,,Collector(s): David J. Hafner; Preparator(s): David J. Hafner,,,2026-02-26T00:27:54.961Z,,CONTINENT_DERIVED_FROM_COORDINATES;INSTITUTION_MATCH_FUZZY;INSTITUTION_COLLECTION_MISMATCH
5099667829,b15d4952-7d20-46f1-8a3e-556a512b04c5,https://arctos.database.museum/guid/MSB:Mamm:287562,Animalia,Chordata,Mammalia,Rodentia,Sciuridae,Tamias,Tamias minimus,,SPECIES,"Tamias minimus Bachman, 1839",Tamias minimus,,US,"Cottonwood Creek, Monitor Range",Nevada,PRESENT,,939ed180-aa7b-11db-8edf-b8a03c50a862,38.744988,-117.705664,210,,2408,0,,,7/9/00,9,7,2000,2437432,2437432,PRESERVED_SPECIMEN,MSB,Mammalogy,MSB:Mamm:287562,,New Mexico Museum of Natural History and Science,2014-09-22T00:00:00,CC0_1_0,,Collector(s): Brett R. Riddle; Preparator(s): Brett R. Riddle,,,2026-02-26T00:27:59.102Z,,CONTINENT_DERIVED_FROM_COORDINATES;INSTITUTION_MATCH_FUZZY;INSTITUTION_COLLECTION_MISMATCH
5099667828,b15d4952-7d20-46f1-8a3e-556a512b04c5,https://arctos.database.museum/guid/MSB:Mamm:287558,Animalia,Chordata,Mammalia,Rodentia,Sciuridae,Tamias,Tamias minimus,,SPECIES,"Tamias minimus Bachman, 1839",Tamias minimus,,US,"6 mi. N, 3 mi. W Kingston",Nevada,PRESENT,,939ed180-aa7b-11db-8edf-b8a03c50a862,39.296891,-117.126003,8600,,2652,0,,,7/9/00,9,7,2000,2437432,2437432,PRESERVED_SPECIMEN,MSB,Mammalogy,MSB:Mamm:287558,,New Mexico Museum of Natural History and Science,2014-09-22T00:00:00,CC0_1_0,,Collector(s): Brett R. Riddle; Preparator(s): Brett R. Riddle,,,2026-02-26T00:27:56.114Z,,CONTINENT_DERIVED_FROM_COORDINATES;INSTITUTION_MATCH_FUZZY;INSTITUTION_COLLECTION_MISMATCH
5099664781,b15d4952-7d20-46f1-8a3e-556a512b04c5,https://arctos.database.museum/guid/MSB:Mamm:287560,Animalia,Chordata,Mammalia,Rodentia,Sciuridae,Tamias,Tamias minimus,,SPECIES,"Tamias minimus Bachman, 1839",Tamias minimus,,US,"Cottonwood Creek, Monitor Range",Nevada,PRESENT,,939ed180-aa7b-11db-8edf-b8a03c50a862,38.744988,-117.705664,210,,2408,0,,,7/9/00,9,7,2000,2437432,2437432,PRESERVED_SPECIMEN,MSB,Mammalogy,MSB:Mamm:287560,,New Mexico Museum of Natural History and Science,2014-09-22T00:00:00,CC0_1_0,,Collector(s): Brett R. Riddle; Preparator(s): Brett R. Riddle,,,2026-02-26T00:28:01.772Z,,CONTINENT_DERIVED_FROM_COORDINATES;INSTITUTION_MATCH_FUZZY;INSTITUTION_COLLECTION_MISMATCH
5099664777,b15d4952-7d20-46f1-8a3e-556a512b04c5,https://arctos.database.museum/guid/MSB:Mamm:287542,Animalia,Chordata,Mammalia,Rodentia,Sciuridae,Tamias,Tamias minimus,,SPECIES,"Tamias minimus Bachman, 1839",Tamias minimus,,US,"6 mi. N, 3 mi. W Kingston",Nevada,PRESENT,,939ed180-aa7b-11db-8edf-b8a03c50a862,39.296891,-117.126003,8600,,2652,0,,,7/9/00,9,7,2000,2437432,2437432,PRESERVED_SPECIMEN,MSB,Mammalogy,MSB:Mamm:287542,,New Mexico Museum of Natural History and Science,2014-09-22T00:00:00,CC0_1_0,,Collector(s): David J. Hafner; Preparator(s): David J. Hafner,,,2026-02-26T00:27:44.872Z,,CONTINENT_DERIVED_FROM_COORDINATES;INSTITUTION_MATCH_FUZZY;INSTITUTION_COLLECTION_MISMATCH
5099611029,b15d4952-7d20-46f1-8a3e-556a512b04c5,https://arctos.database.museum/guid/MSB:Mamm:233285,Animalia,Chordata,Mammalia,Rodentia,Sciuridae,Tamias,Tamias minimus,,SPECIES,"Tamias minimus Bachman, 1839",Tamias minimus,,US,"Humbolt-Toiyabe National Forest, Copper Mts. 2km N and 2km E of Bear Creek Summit",Nevada,PRESENT,,939ed180-aa7b-11db-8edf-b8a03c50a862,41.8355,-115.4335,1000,,2458,0,,,7/8/10,8,7,2010,2437432,2437432,PRESERVED_SPECIMEN,MSB,Mammalogy,MSB:Mamm:233285,,Jason L. Malaney,2010-07-08T00:00:00,CC0_1_0,,"Collector(s): Jason L. Malaney, Randle D. McCain, Sophia S. Thompson",,,2026-02-26T00:27:53.967Z,,CONTINENT_DERIVED_FROM_COORDINATES;INSTITUTION_MATCH_FUZZY;INSTITUTION_COLLECTION_MISMATCH
5099609853,b15d4952-7d20-46f1-8a3e-556a512b04c5,https://arctos.database.museum/guid/MSB:Mamm:227262,Animalia,Chordata,Mammalia,Rodentia,Sciuridae,Tamias,Tamias minimus,,SPECIES,"Tamias minimus Bachman, 1839",Tamias minimus,,US,"Humboldt-Toiyabe National Forest, Schell Creek Range, Steptoe Creek, 1.5km S Success Summit",Nevada,PRESENT,,939ed180-aa7b-11db-8edf-b8a03c50a862,39.2375,-114.6892,1000,,2510,0,,,7/18/10,18,7,2010,2437432,2437432,PRESERVED_SPECIMEN,MSB,Mammalogy,MSB:Mamm:227262,,Jason L. Malaney,2010-07-18T00:00:00,CC0_1_0,,"Collector(s): Jason L. Malaney, Randle D. McCain, Sophia S. Thompson",,,2026-02-26T00:28:00.828Z,,CONTINENT_DERIVED_FROM_COORDINATES;INSTITUTION_MATCH_FUZZY;INSTITUTION_COLLECTION_MISMATCH
5099609529,b15d4952-7d20-46f1-8a3e-556a512b04c5,https://arctos.database.museum/guid/MSB:Mamm:225638,Animalia,Chordata,Mammalia,Rodentia,Sciuridae,Tamias,Tamias minimus,,SPECIES,"Tamias minimus Bachman, 1839",Tamias minimus,,US,"Pine Forest Range, Big Creek 1km N 3km E Duffer Creek",Nevada,PRESENT,,939ed180-aa7b-11db-8edf-b8a03c50a862,41.6747,-118.6644,1000,,1765,0,,,7/15/10,15,7,2010,2437432,2437432,PRESERVED_SPECIMEN,MSB,Mammalogy,MSB:Mamm:225638,,Jason L. Malaney,2010-07-15T00:00:00,CC0_1_0,,"Collector(s): Jason L. Malaney, Randle D. McCain, Sophia S. Thompson",,,2026-02-26T00:27:57.069Z,,CONTINENT_DERIVED_FROM_COORDINATES;INSTITUTION_MATCH_FUZZY;INSTITUTION_COLLECTION_MISMATCH
5099606551,b15d4952-7d20-46f1-8a3e-556a512b04c5,https://arctos.database.museum/guid/MSB:Mamm:225600,Animalia,Chordata,Mammalia,Rodentia,Sciuridae,Tamias,Tamias minimus,,SPECIES,"Tamias minimus Bachman, 1839",Tamias minimus,,US,"Humbolt-Toiyobe National Forest, Copper Mts. 2km N 2km E Bear Creek Summit",Nevada,PRESENT,,939ed180-aa7b-11db-8edf-b8a03c50a862,41.8355,-115.4335,1000,,2458,0,,,7/8/10,8,7,2010,2437432,2437432,PRESERVED_SPECIMEN,MSB,Mammalogy,MSB:Mamm:225600,,Jason L. Malaney,2010-07-08T00:00:00,CC0_1_0,,"Collector(s): Jason L. Malaney, Randle D. McCain, Sophia S. Thompson",,,2026-02-26T00:27:42.876Z,,CONTINENT_DERIVED_FROM_COORDINATES;INSTITUTION_MATCH_FUZZY;INSTITUTION_COLLECTION_MISMATCH
5099605522,b15d4952-7d20-46f1-8a3e-556a512b04c5,https://arctos.database.museum/guid/MSB:Mamm:225621,Animalia,Chordata,Mammalia,Rodentia,Sciuridae,Tamias,Tamias minimus,,SPECIES,"Tamias minimus Bachman, 1839",Tamias minimus,,US,"Humboldt-Toiyabe National Forest, Bull Run Mts., Trail Creek and Timber Gulch",Nevada,PRESENT,,939ed180-aa7b-11db-8edf-b8a03c50a862,41.6959,-116.062,1000,,1892,0,,,7/10/10,10,7,2010,2437432,2437432,PRESERVED_SPECIMEN,MSB,Mammalogy,MSB:Mamm:225621,,Jason L. Malaney,2010-07-10T00:00:00,CC0_1_0,,"Collector(s): Jason L. Malaney, Randle D. McCain, Sophia S. Thompson",,,2026-02-26T00:27:51.891Z,,CONTINENT_DERIVED_FROM_COORDINATES;INSTITUTION_MATCH_FUZZY;INSTITUTION_COLLECTION_MISMATCH
5099602850,b15d4952-7d20-46f1-8a3e-556a512b04c5,https://arctos.database.museum/guid/MSB:Mamm:227141,Animalia,Chordata,Mammalia,Rodentia,Sciuridae,Tamias,Tamias minimus,,SPECIES,"Tamias minimus Bachman, 1839",Tamias minimus,,US,"Humboldt-Toiyabe National Forest, Schell Creek Range, Steptoe Creek, 1.5km S Success Summit",Nevada,PRESENT,,939ed180-aa7b-11db-8edf-b8a03c50a862,39.2375,-114.6892,1000,,2510,0,,,7/18/10,18,7,2010,2437432,2437432,PRESERVED_SPECIMEN,MSB,Mammalogy,MSB:Mamm:227141,,Jason L. Malaney,2010-07-18T00:00:00,CC0_1_0,,"Collector(s): Jason L. Malaney, Randle D. McCain, Sophia S. Thompson",,,2026-02-26T00:27:57.013Z,,CONTINENT_DERIVED_FROM_COORDINATES;INSTITUTION_MATCH_FUZZY;INSTITUTION_COLLECTION_MISMATCH
5099602845,b15d4952-7d20-46f1-8a3e-556a512b04c5,https://arctos.database.museum/guid/MSB:Mamm:227119,Animalia,Chordata,Mammalia,Rodentia,Sciuridae,Tamias,Tamias minimus,,SPECIES,"Tamias minimus Bachman, 1839",Tamias minimus,,US,"Humboldt-Toiyabe National Forest, Schell Creek Range, Steptoe Creek, 1.5km S Success Summit",Nevada,PRESENT,,939ed180-aa7b-11db-8edf-b8a03c50a862,39.2375,-114.6892,1000,,2510,0,,,7/18/10,18,7,2010,2437432,2437432,PRESERVED_SPECIMEN,MSB,Mammalogy,MSB:Mamm:227119,,Jason L. Malaney,2010-07-18T00:00:00,CC0_1_0,,"Collector(s): Jason L. Malaney, Randle D. McCain, Sophia S. Thompson",,,2026-02-26T00:27:44.518Z,,CONTINENT_DERIVED_FROM_COORDINATES;INSTITUTION_MATCH_FUZZY;INSTITUTION_COLLECTION_MISMATCH
5099602560,b15d4952-7d20-46f1-8a3e-556a512b04c5,https://arctos.database.museum/guid/MSB:Mamm:225693,Animalia,Chordata,Mammalia,Rodentia,Sciuridae,Tamias,Tamias minimus,,SPECIES,"Tamias minimus Bachman, 1839",Tamias minimus,,US,"Humboldt-Toiyabe National Forest, Santa Rosa Range, Lye Creek, 22km N 3km W Paradise Valley",Nevada,PRESENT,,939ed180-aa7b-11db-8edf-b8a03c50a862,41.685,-117.5625,1000,,2268,0,,,7/14/10,14,7,2010,2437432,2437432,PRESERVED_SPECIMEN,MSB,Mammalogy,MSB:Mamm:225693,,Jason L. Malaney,2010-07-14T00:00:00,CC0_1_0,,"Collector(s): Jason L. Malaney, Randle D. McCain, Sophia S. Thompson",,,2026-02-26T00:27:47.774Z,,CONTINENT_DERIVED_FROM_COORDINATES;INSTITUTION_MATCH_FUZZY;INSTITUTION_COLLECTION_MISMATCH
5099602550,b15d4952-7d20-46f1-8a3e-556a512b04c5,https://arctos.database.museum/guid/MSB:Mamm:225643,Animalia,Chordata,Mammalia,Rodentia,Sciuridae,Tamias,Tamias minimus,,SPECIES,"Tamias minimus Bachman, 1839",Tamias minimus,,US,"Pine Forest Range, Big Creek 1km N 3km E Duffer Peak",Nevada,PRESENT,,939ed180-aa7b-11db-8edf-b8a03c50a862,41.6747,-118.6644,1000,,1765,0,,,7/15/10,15,7,2010,2437432,2437432,PRESERVED_SPECIMEN,MSB,Mammalogy,MSB:Mamm:225643,,Jason L. Malaney,2010-07-15T00:00:00,CC0_1_0,,"Collector(s): Jason L. Malaney, Randle D. McCain, Sophia S. Thompson",,,2026-02-26T00:28:00.511Z,,CONTINENT_DERIVED_FROM_COORDINATES;INSTITUTION_MATCH_FUZZY;INSTITUTION_COLLECTION_MISMATCH
5099602537,b15d4952-7d20-46f1-8a3e-556a512b04c5,https://arctos.database.museum/guid/MSB:Mamm:225576,Animalia,Chordata,Mammalia,Rodentia,Sciuridae,Tamias,Tamias minimus,,SPECIES,"Tamias minimus Bachman, 1839",Tamias minimus,,US,"Humboldt-Toiyabe National Forest, Bull Run Mts., Rocky Gulch 6km S 3km W Mountain City",Nevada,PRESENT,,939ed180-aa7b-11db-8edf-b8a03c50a862,41.7773,-115.9872,500,,1888,0,,,7/10/10,10,7,2010,2437432,2437432,PRESERVED_SPECIMEN,MSB,Mammalogy,MSB:Mamm:225576,,Kayce C. Bell,2013-10-24T00:00:00,CC0_1_0,,"Collector(s): Jason L. Malaney, Randle D. McCain, Sophia S. Thompson",,,2026-02-26T00:27:52.058Z,,CONTINENT_DERIVED_FROM_COORDINATES;INSTITUTION_MATCH_FUZZY;INSTITUTION_COLLECTION_MISMATCH
5099497463,b15d4952-7d20-46f1-8a3e-556a512b04c5,https://arctos.database.museum/guid/MSB:Mamm:111575,Animalia,Chordata,Mammalia,Rodentia,Sciuridae,Tamias,Tamias minimus,scrutator,SUBSPECIES,"Tamias minimus scrutator (Hall & Hatfield, 1934)",Tamias minimus scrutator,,US,"River Ranch Road, 4 miles SW of Deeth, exit 328 of Interstate Highway 80",Nevada,PRESENT,,939ed180-aa7b-11db-8edf-b8a03c50a862,41.023246,-115.383387,805,,,,,,8/1/83,1,8,1983,4263651,2437432,PRESERVED_SPECIMEN,MSB,Mammalogy,MSB:Mamm:111575,,unknown,2005-03-08T00:00:00,CC0_1_0,,Collector(s): Brett R. Riddle,,,2026-02-26T00:27:47.111Z,,CONTINENT_DERIVED_FROM_COORDINATES;INSTITUTION_MATCH_FUZZY;INSTITUTION_COLLECTION_MISMATCH
5099496458,b15d4952-7d20-46f1-8a3e-556a512b04c5,https://arctos.database.museum/guid/MSB:Mamm:111620,Animalia,Chordata,Mammalia,Rodentia,Sciuridae,Tamias,Tamias minimus,scrutator,SUBSPECIES,"Tamias minimus scrutator (Hall & Hatfield, 1934)",Tamias minimus scrutator,,US,"about 3 km SE of Badger Cabin, Sheldon National Wildlife Refuge",Nevada,PRESENT,,939ed180-aa7b-11db-8edf-b8a03c50a862,41.628305,-119.283545,805,,1981,0,,,7/15/81,15,7,1981,4263651,2437432,PRESERVED_SPECIMEN,MSB,Mammalogy,MSB:Mamm:111620,,unknown,2005-03-08T00:00:00,CC0_1_0,,Collector(s): V. H. Reid,,,2026-02-26T00:27:47.240Z,,CONTINENT_DERIVED_FROM_COORDINATES;INSTITUTION_MATCH_FUZZY;INSTITUTION_COLLECTION_MISMATCH
5099496449,b15d4952-7d20-46f1-8a3e-556a512b04c5,https://arctos.database.museum/guid/MSB:Mamm:111576,Animalia,Chordata,Mammalia,Rodentia,Sciuridae,Tamias,Tamias minimus,scrutator,SUBSPECIES,"Tamias minimus scrutator (Hall & Hatfield, 1934)",Tamias minimus scrutator,,US,"River Ranch Road, 4 miles SW of Deeth, exit 328 of Interstate Highway 80",Nevada,PRESENT,,939ed180-aa7b-11db-8edf-b8a03c50a862,41.023246,-115.383387,805,,,,,,8/1/83,1,8,1983,4263651,2437432,PRESERVED_SPECIMEN,MSB,Mammalogy,MSB:Mamm:111576,,unknown,2005-03-08T00:00:00,CC0_1_0,,Collector(s): Brett R. Riddle,,,2026-02-26T00:27:47.239Z,,CONTINENT_DERIVED_FROM_COORDINATES;INSTITUTION_MATCH_FUZZY;INSTITUTION_COLLECTION_MISMATCH
5099495468,b15d4952-7d20-46f1-8a3e-556a512b04c5,https://arctos.database.museum/guid/MSB:Mamm:111621,Animalia,Chordata,Mammalia,Rodentia,Sciuridae,Tamias,Tamias minimus,scrutator,SUBSPECIES,"Tamias minimus scrutator (Hall & Hatfield, 1934)",Tamias minimus scrutator,,US,"about 3 km SE of Badger Cabin, Sheldon National Wildlife Refuge",Nevada,PRESENT,,939ed180-aa7b-11db-8edf-b8a03c50a862,41.628305,-119.283545,805,,1981,0,,,7/15/81,15,7,1981,4263651,2437432,PRESERVED_SPECIMEN,MSB,Mammalogy,MSB:Mamm:111621,,unknown,2005-03-08T00:00:00,CC0_1_0,,Collector(s): V. H. Reid,,,2026-02-26T00:27:47.272Z,,CONTINENT_DERIVED_FROM_COORDINATES;INSTITUTION_MATCH_FUZZY;INSTITUTION_COLLECTION_MISMATCH
5099495459,b15d4952-7d20-46f1-8a3e-556a512b04c5,https://arctos.database.museum/guid/MSB:Mamm:111577,Animalia,Chordata,Mammalia,Rodentia,Sciuridae,Tamias,Tamias minimus,scrutator,SUBSPECIES,"Tamias minimus scrutator (Hall & Hatfield, 1934)",Tamias minimus scrutator,,US,"River Ranch Road, 4 miles SW of Deeth, exit 328 of Interstate Highway 80",Nevada,PRESENT,,939ed180-aa7b-11db-8edf-b8a03c50a862,41.023246,-115.383387,805,,,,,,8/1/83,1,8,1983,4263651,2437432,PRESERVED_SPECIMEN,MSB,Mammalogy,MSB:Mamm:111577,,unknown,2005-03-08T00:00:00,CC0_1_0,,Collector(s): Brett R. Riddle,,,2026-02-26T00:27:47.272Z,,CONTINENT_DERIVED_FROM_COORDINATES;INSTITUTION_MATCH_FUZZY;INSTITUTION_COLLECTION_MISMATCH
5099494467,b15d4952-7d20-46f1-8a3e-556a512b04c5,https://arctos.database.museum/guid/MSB:Mamm:111578,Animalia,Chordata,Mammalia,Rodentia,Sciuridae,Tamias,Tamias minimus,scrutator,SUBSPECIES,"Tamias minimus scrutator (Hall & Hatfield, 1934)",Tamias minimus scrutator,,US,"River Ranch Road, 4 miles SW of Deeth, exit 328 of Interstate Highway 80",Nevada,PRESENT,,939ed180-aa7b-11db-8edf-b8a03c50a862,41.023246,-115.383387,805,,,,,,8/1/83,1,8,1983,4263651,2437432,PRESERVED_SPECIMEN,MSB,Mammalogy,MSB:Mamm:111578,,unknown,2005-03-08T00:00:00,CC0_1_0,,Collector(s): Brett R. Riddle,,,2026-02-26T00:27:47.312Z,,CONTINENT_DERIVED_FROM_COORDINATES;INSTITUTION_MATCH_FUZZY;INSTITUTION_COLLECTION_MISMATCH
5099494285,b15d4952-7d20-46f1-8a3e-556a512b04c5,https://arctos.database.museum/guid/MSB:Mamm:110660,Animalia,Chordata,Mammalia,Rodentia,Sciuridae,Tamias,Tamias minimus,scrutator,SUBSPECIES,"Tamias minimus scrutator (Hall & Hatfield, 1934)",Tamias minimus scrutator,,US,"about 3 km SE of Badger Cabin, Sheldon National Wildlife Refuge",Nevada,PRESENT,,939ed180-aa7b-11db-8edf-b8a03c50a862,41.628305,-119.283545,805,,1981,0,,,7/15/81,15,7,1981,4263651,2437432,PRESERVED_SPECIMEN,MSB,Mammalogy,MSB:Mamm:110660,,unknown,2005-03-08T00:00:00,CC0_1_0,,Collector(s): V. H. Reid,,,2026-02-26T00:27:56.362Z,,CONTINENT_DERIVED_FROM_COORDINATES;INSTITUTION_MATCH_FUZZY;INSTITUTION_COLLECTION_MISMATCH
5099493280,b15d4952-7d20-46f1-8a3e-556a512b04c5,https://arctos.database.museum/guid/MSB:Mamm:110661,Animalia,Chordata,Mammalia,Rodentia,Sciuridae,Tamias,Tamias minimus,scrutator,SUBSPECIES,"Tamias minimus scrutator (Hall & Hatfield, 1934)",Tamias minimus scrutator,,US,"about 3 km SE of Badger Cabin, Sheldon National Wildlife Refuge",Nevada,PRESENT,,939ed180-aa7b-11db-8edf-b8a03c50a862,41.628305,-119.283545,805,,1981,0,,,7/13/81,13,7,1981,4263651,2437432,PRESERVED_SPECIMEN,MSB,Mammalogy,MSB:Mamm:110661,,unknown,2005-03-08T00:00:00,CC0_1_0,,Collector(s): V. H. Reid,,,2026-02-26T00:27:56.361Z,,CONTINENT_DERIVED_FROM_COORDINATES;INSTITUTION_MATCH_FUZZY;INSTITUTION_COLLECTION_MISMATCH
5099493279,b15d4952-7d20-46f1-8a3e-556a512b04c5,https://arctos.database.museum/guid/MSB:Mamm:110657,Animalia,Chordata,Mammalia,Rodentia,Sciuridae,Tamias,Tamias minimus,scrutator,SUBSPECIES,"Tamias minimus scrutator (Hall & Hatfield, 1934)",Tamias minimus scrutator,,US,"about 3 km SE of Badger Cabin, Sheldon National Wildlife Refuge",Nevada,PRESENT,,939ed180-aa7b-11db-8edf-b8a03c50a862,41.628305,-119.283545,805,,1981,0,,,7/12/81,12,7,1981,4263651,2437432,PRESERVED_SPECIMEN,MSB,Mammalogy,MSB:Mamm:110657,,unknown,2005-03-08T00:00:00,CC0_1_0,,Collector(s): V. H. Reid,,,2026-02-26T00:27:58.080Z,,CONTINENT_DERIVED_FROM_COORDINATES;INSTITUTION_MATCH_FUZZY;INSTITUTION_COLLECTION_MISMATCH
5099492266,b15d4952-7d20-46f1-8a3e-556a512b04c5,https://arctos.database.museum/guid/MSB:Mamm:110662,Animalia,Chordata,Mammalia,Rodentia,Sciuridae,Tamias,Tamias minimus,scrutator,SUBSPECIES,"Tamias minimus scrutator (Hall & Hatfield, 1934)",Tamias minimus scrutator,,US,"about 3 km SE of Badger Cabin, Sheldon National Wildlife Refuge",Nevada,PRESENT,,939ed180-aa7b-11db-8edf-b8a03c50a862,41.628305,-119.283545,805,,1981,0,,,7/13/81,13,7,1981,4263651,2437432,PRESERVED_SPECIMEN,MSB,Mammalogy,MSB:Mamm:110662,,unknown,2005-03-08T00:00:00,CC0_1_0,,Collector(s): V. H. Reid,,,2026-02-26T00:27:56.873Z,,CONTINENT_DERIVED_FROM_COORDINATES;INSTITUTION_MATCH_FUZZY;INSTITUTION_COLLECTION_MISMATCH
5099492265,b15d4952-7d20-46f1-8a3e-556a512b04c5,https://arctos.database.museum/guid/MSB:Mamm:110658,Animalia,Chordata,Mammalia,Rodentia,Sciuridae,Tamias,Tamias minimus,scrutator,SUBSPECIES,"Tamias minimus scrutator (Hall & Hatfield, 1934)",Tamias minimus scrutator,,US,"about 3 km SE of Badger Cabin, Sheldon National Wildlife Refuge",Nevada,PRESENT,,939ed180-aa7b-11db-8edf-b8a03c50a862,41.628305,-119.283545,805,,1981,0,,,7/13/81,13,7,1981,4263651,2437432,PRESERVED_SPECIMEN,MSB,Mammalogy,MSB:Mamm:110658,,unknown,2005-03-08T00:00:00,CC0_1_0,,Collector(s): V. H. Reid,,,2026-02-26T00:28:01.998Z,,CONTINENT_DERIVED_FROM_COORDINATES;INSTITUTION_MATCH_FUZZY;INSTITUTION_COLLECTION_MISMATCH
5099491275,b15d4952-7d20-46f1-8a3e-556a512b04c5,https://arctos.database.museum/guid/MSB:Mamm:110659,Animalia,Chordata,Mammalia,Rodentia,Sciuridae,Tamias,Tamias minimus,scrutator,SUBSPECIES,"Tamias minimus scrutator (Hall & Hatfield, 1934)",Tamias minimus scrutator,,US,"about 3 km SE of Badger Cabin, Sheldon National Wildlife Refuge",Nevada,PRESENT,,939ed180-aa7b-11db-8edf-b8a03c50a862,41.628305,-119.283545,805,,1981,0,,,7/15/81,15,7,1981,4263651,2437432,PRESERVED_SPECIMEN,MSB,Mammalogy,MSB:Mamm:110659,,unknown,2005-03-08T00:00:00,CC0_1_0,,Collector(s): V. H. Reid,,,2026-02-26T00:27:58.217Z,,CONTINENT_DERIVED_FROM_COORDINATES;INSTITUTION_MATCH_FUZZY;INSTITUTION_COLLECTION_MISMATCH
5099433871,b15d4952-7d20-46f1-8a3e-556a512b04c5,https://arctos.database.museum/guid/MSB:Mamm:47920,Animalia,Chordata,Mammalia,Rodentia,Sciuridae,Tamias,Tamias minimus,scrutator,SUBSPECIES,"Tamias minimus scrutator (Hall & Hatfield, 1934)",Tamias minimus scrutator,,US,"8 MI S, 12 MI E EUREKA",Nevada,PRESENT,,939ed180-aa7b-11db-8edf-b8a03c50a862,39.39682,-115.73516,4583,,,,,,6/25/82,25,6,1982,4263651,2437432,PRESERVED_SPECIMEN,MSB,Mammalogy,MSB:Mamm:47920,,unknown,2005-02-15T00:00:00,CC0_1_0,,Collector(s): David J. Hafner,,,2026-02-26T00:27:40.949Z,,CONTINENT_DERIVED_FROM_COORDINATES;INSTITUTION_MATCH_FUZZY;INSTITUTION_COLLECTION_MISMATCH
48096112,84e6e5f8-f762-11e1-a439-00145eb45e9a,fd2b34c7-100b-11e3-9860-4cd443d04e13,Animalia,Chordata,Mammalia,Rodentia,Sciuridae,Tamias,Tamias minimus,,SPECIES,"Tamias minimus Bachman, 1839",Tamias minimus,,US,"2 1/4 MI N, 5 1/4 MI W HAYSTACK RANCH, 6300 FT",Nevada,PRESENT,,976af1e0-ca25-11da-bfed-b8a03c50a862,41.354694,-115.86528,,,,,,,7/16/80,16,7,1980,2437432,2437432,PRESERVED_SPECIMEN,FHSM,FHSM-M,18815,,,,CC0_1_0,,"PORTS, M A",,native,2026-03-03T22:19:25.271Z,,COORDINATE_ROUNDED
48096111,84e6e5f8-f762-11e1-a439-00145eb45e9a,fd2b3296-100b-11e3-9860-4cd443d04e13,Animalia,Chordata,Mammalia,Rodentia,Sciuridae,Tamias,Tamias minimus,,SPECIES,"Tamias minimus Bachman, 1839",Tamias minimus,,US,"2 1/2 MI W HAYSTACK RANCH, SHEEP CREEK, 6100 FT",Nevada,PRESENT,,976af1e0-ca25-11da-bfed-b8a03c50a862,41.356304,-115.826851,,,,,,,5/20/80,20,5,1980,2437432,2437432,PRESERVED_SPECIMEN,FHSM,FHSM-M,18814,,,,CC0_1_0,,"PORTS, M A",,native,2026-03-03T22:19:24.039Z,,COORDINATE_ROUNDED
48096110,84e6e5f8-f762-11e1-a439-00145eb45e9a,fd2b3061-100b-11e3-9860-4cd443d04e13,Animalia,Chordata,Mammalia,Rodentia,Sciuridae,Tamias,Tamias minimus,,SPECIES,"Tamias minimus Bachman, 1839",Tamias minimus,,US,"2 3/4 MI N, 7 1/4 MI W HAYSTACK RANCH, BELOW CALIFORNIA MTN",Nevada,PRESENT,,976af1e0-ca25-11da-bfed-b8a03c50a862,41.354694,-115.86528,,,,,,,7/11/80,11,7,1980,2437432,2437432,PRESERVED_SPECIMEN,FHSM,FHSM-M,18813,,,,CC0_1_0,,"PORTS, M A",,native,2026-03-03T22:19:22.841Z,,COORDINATE_ROUNDED
48096109,84e6e5f8-f762-11e1-a439-00145eb45e9a,fd2b2e22-100b-11e3-9860-4cd443d04e13,Animalia,Chordata,Mammalia,Rodentia,Sciuridae,Tamias,Tamias minimus,,SPECIES,"Tamias minimus Bachman, 1839",Tamias minimus,,US,"3 1/4 MI N, 7 1/4 MI W HAYSTACK RANCH, MAHONEY SPRING",Nevada,PRESENT,,976af1e0-ca25-11da-bfed-b8a03c50a862,41.354694,-115.86528,,,,,,,7/11/80,11,7,1980,2437432,2437432,PRESERVED_SPECIMEN,FHSM,FHSM-M,18812,,,,CC0_1_0,,"PORTS, M A",,native,2026-03-03T22:19:26.748Z,,COORDINATE_ROUNDED
3356360048,1da75725-1eb5-4e17-b586-ffad7b783987,https://arctos.database.museum/guid/BYU:Mamm:34444,Animalia,Chordata,Mammalia,Rodentia,Sciuridae,Tamias,Tamias minimus,,SPECIES,"Neotamias minimus (Bachman, 1839)",Neotamias minimus,,US,"Vicinity of Bilk Creek, 1.77 km N, 0.72 km E Quinn River Crossing, 41.59077 N, 118.42499 W, 1258 m",Nevada,PRESENT,,fd70f580-4ce2-11db-b80e-b8a03c50a862,41.59077,-118.42499,125,,1258,0,,,5/20/12,20,5,2012,5786642,2437432,PRESERVED_SPECIMEN,BYU,Mammalogy,BYU:Mamm:34444,,Duke S. Rogers,2012-05-20T00:00:00,CC0_1_0,,Collector(s): Duke S. Rogers; Preparator(s): Duke S. Rogers,,,2026-02-25T22:52:20.863Z,,CONTINENT_DERIVED_FROM_COORDINATES;INSTITUTION_MATCH_FUZZY
3356351680,1da75725-1eb5-4e17-b586-ffad7b783987,https://arctos.database.museum/guid/BYU:Mamm:34275,Animalia,Chordata,Mammalia,Rodentia,Sciuridae,Tamias,Tamias minimus,,SPECIES,"Neotamias minimus (Bachman, 1839)",Neotamias minimus,,US,"Monitor Valley near mouth of Pine Creek Canyon, 38.79655 N, 116.82616 W, 2179 m",Nevada,PRESENT,,fd70f580-4ce2-11db-b80e-b8a03c50a862,38.79655,-116.82616,125,,2179,0,,,4/21/12,21,4,2012,5786642,2437432,PRESERVED_SPECIMEN,BYU,Mammalogy,BYU:Mamm:34275,,Duke S. Rogers,2012-04-21T00:00:00,CC0_1_0,,Collector(s): Duke S. Rogers; Preparator(s): Duke S. Rogers,,,2026-02-25T22:52:21.334Z,,CONTINENT_DERIVED_FROM_COORDINATES;INSTITUTION_MATCH_FUZZY
3356349060,1da75725-1eb5-4e17-b586-ffad7b783987,https://arctos.database.museum/guid/BYU:Mamm:34277,Animalia,Chordata,Mammalia,Rodentia,Sciuridae,Tamias,Tamias minimus,,SPECIES,"Neotamias minimus (Bachman, 1839)",Neotamias minimus,,US,"Monitor Valley near mouth of Pine Creek Canyon, 38.79655 N, 116.82616 W, 2179 m",Nevada,PRESENT,,fd70f580-4ce2-11db-b80e-b8a03c50a862,38.79655,-116.82616,125,,2179,0,,,4/22/12,22,4,2012,5786642,2437432,PRESERVED_SPECIMEN,BYU,Mammalogy,BYU:Mamm:34277,,Duke S. Rogers,2012-04-22T00:00:00,CC0_1_0,,Collector(s): Duke S. Rogers; Preparator(s): Duke S. Rogers,,,2026-02-25T22:52:21.333Z,,CONTINENT_DERIVED_FROM_COORDINATES;INSTITUTION_MATCH_FUZZY
3356346391,1da75725-1eb5-4e17-b586-ffad7b783987,https://arctos.database.museum/guid/BYU:Mamm:34279,Animalia,Chordata,Mammalia,Rodentia,Sciuridae,Tamias,Tamias minimus,,SPECIES,"Neotamias minimus (Bachman, 1839)",Neotamias minimus,,US,"Monitor Valley near mouth of Pine Creek Canyon, 38.79655 N, 116.82616 W, 2179 m",Nevada,PRESENT,,fd70f580-4ce2-11db-b80e-b8a03c50a862,38.79655,-116.82616,125,,2179,0,,,4/22/12,22,4,2012,5786642,2437432,PRESERVED_SPECIMEN,BYU,Mammalogy,BYU:Mamm:34279,,Duke S. Rogers,2012-04-22T00:00:00,CC0_1_0,,Collector(s): Duke S. Rogers; Preparator(s): Duke S. Rogers,,,2026-02-25T22:52:21.334Z,,CONTINENT_DERIVED_FROM_COORDINATES;INSTITUTION_MATCH_FUZZY
3356342155,1da75725-1eb5-4e17-b586-ffad7b783987,https://arctos.database.museum/guid/BYU:Mamm:34278,Animalia,Chordata,Mammalia,Rodentia,Sciuridae,Tamias,Tamias minimus,,SPECIES,"Neotamias minimus (Bachman, 1839)",Neotamias minimus,,US,"Monitor Valley near mouth of Pine Creek Canyon, 38.79655 N, 116.82616 W, 2179 m",Nevada,PRESENT,,fd70f580-4ce2-11db-b80e-b8a03c50a862,38.79655,-116.82616,125,,2179,0,,,4/22/12,22,4,2012,5786642,2437432,PRESERVED_SPECIMEN,BYU,Mammalogy,BYU:Mamm:34278,,Duke S. Rogers,2012-04-22T00:00:00,CC0_1_0,,Collector(s): Duke S. Rogers; Preparator(s): Duke S. Rogers,,,2026-02-25T22:52:21.333Z,,CONTINENT_DERIVED_FROM_COORDINATES;INSTITUTION_MATCH_FUZZY
3356336033,1da75725-1eb5-4e17-b586-ffad7b783987,https://arctos.database.museum/guid/BYU:Mamm:34276,Animalia,Chordata,Mammalia,Rodentia,Sciuridae,Tamias,Tamias minimus,,SPECIES,"Neotamias minimus (Bachman, 1839)",Neotamias minimus,,US,"Monitor Valley near mouth of Pine Creek Canyon, 38.79655 N, 116.82616 W, 2179 m",Nevada,PRESENT,,fd70f580-4ce2-11db-b80e-b8a03c50a862,38.79655,-116.82616,125,,2179,0,,,4/21/12,21,4,2012,5786642,2437432,PRESERVED_SPECIMEN,BYU,Mammalogy,BYU:Mamm:34276,,Duke S. Rogers,2012-04-21T00:00:00,CC0_1_0,,Collector(s): Duke S. Rogers; Preparator(s): Duke S. Rogers,,,2026-02-25T22:52:21.333Z,,CONTINENT_DERIVED_FROM_COORDINATES;INSTITUTION_MATCH_FUZZY
3356328585,1da75725-1eb5-4e17-b586-ffad7b783987,https://arctos.database.museum/guid/BYU:Mamm:34445,Animalia,Chordata,Mammalia,Rodentia,Sciuridae,Tamias,Tamias minimus,,SPECIES,"Neotamias minimus (Bachman, 1839)",Neotamias minimus,,US,"Vicinity of Bilk Creek, 1.77 km N, 0.72 km E Quinn River Crossing, 41.59077 N, 118.42499 W, 1258 m",Nevada,PRESENT,,fd70f580-4ce2-11db-b80e-b8a03c50a862,41.59077,-118.42499,125,,1258,0,,,5/21/12,21,5,2012,5786642,2437432,PRESERVED_SPECIMEN,BYU,Mammalogy,BYU:Mamm:34445,,Duke S. Rogers,2012-05-21T00:00:00,CC0_1_0,,Collector(s): Duke S. Rogers; Preparator(s): Duke S. Rogers,,,2026-02-25T22:52:20.862Z,,CONTINENT_DERIVED_FROM_COORDINATES;INSTITUTION_MATCH_FUZZY
3356326011,1da75725-1eb5-4e17-b586-ffad7b783987,https://arctos.database.museum/guid/BYU:Mamm:34446,Animalia,Chordata,Mammalia,Rodentia,Sciuridae,Tamias,Tamias minimus,,SPECIES,"Neotamias minimus (Bachman, 1839)",Neotamias minimus,,US,"Vicinity of Bilk Creek, 2.14 Km N, 0.96 km E Quinn River Crossing, 41.59412 N, 118.42211 W, 1262 m",Nevada,PRESENT,,fd70f580-4ce2-11db-b80e-b8a03c50a862,41.59412,-118.42211,100,,1262,0,,,5/21/12,21,5,2012,5786642,2437432,PRESERVED_SPECIMEN,BYU,Mammalogy,BYU:Mamm:34446,,Duke S. Rogers,2012-05-21T00:00:00,CC0_1_0,,Collector(s): Duke S. Rogers; Preparator(s): Duke S. Rogers,,,2026-02-25T22:52:20.861Z,,CONTINENT_DERIVED_FROM_COORDINATES;INSTITUTION_MATCH_FUZZY
2540703074,7a25f7aa-03fb-4322-aaeb-66719e1a9527,c6fd0497-a7d6-4034-864a-108a9099c2a0,Animalia,Chordata,Mammalia,Rodentia,Sciuridae,Tamias,Tamias minimus,scrutator,SUBSPECIES,"Tamias minimus scrutator (Hall & Hatfield, 1934)",Tamias (Neotamias) minimus scrutator,"Hall and Hatfield, 1934",US,Austin Summit,Nevada,PRESENT,,493fe050-055d-11d8-b84f-b8a03c50a862,39.48,-117.04,,,,,,,7/10/15,10,7,2015,4263651,2437432,PRESERVED_SPECIMEN,LACM,Mammals,98403,EUMI,,,CC0_1_0,,"Hall, D",,native,2026-03-12T20:08:29.069Z,,GEODETIC_DATUM_ASSUMED_WGS84;CONTINENT_DERIVED_FROM_COORDINATES
1805735920,41fc5c40-5e81-496f-9733-6b5681b3b7a5,f8eb9462-586d-42db-8ff1-9e2757a9054f,Animalia,Chordata,Mammalia,Rodentia,Sciuridae,Tamias,Tamias minimus,scrutator,SUBSPECIES,"Tamias minimus scrutator (Hall & Hatfield, 1934)",Tamias minimus scrutator,,US,"Toiyabe Range, Bade Creek, 0.80 km S, 1.20 km E Austin Summit",Nevada,PRESENT,1,7b8aff00-a9f8-11d8-944b-b8a03c50a862,39.47429,-117.00176,,,,,,,7/2/11,2,7,2011,4263651,2437432,PRESERVED_SPECIMEN,FMNH,Mammals,213877,FMNH-Mammals-8207,,,CC0_1_0,The Field Museum of Natural History,L. R. Heaney,,,2026-02-26T00:47:37.483Z,,GEODETIC_DATUM_ASSUMED_WGS84;RECORDED_DATE_INVALID;OCCURRENCE_STATUS_INFERRED_FROM_INDIVIDUAL_COUNT;INSTITUTION_MATCH_FUZZY;COLLECTION_MATCH_FUZZY
1805735870,41fc5c40-5e81-496f-9733-6b5681b3b7a5,6b450027-8c4b-4603-a27a-b304302b9ce4,Animalia,Chordata,Mammalia,Rodentia,Sciuridae,Tamias,Tamias minimus,scrutator,SUBSPECIES,"Tamias minimus scrutator (Hall & Hatfield, 1934)",Tamias minimus scrutator,,US,"Pine Forest Range, Vicinity of Onion Valley Resevoir, 3.05 km N, 1.03 km W Duffe",Nevada,PRESENT,1,7b8aff00-a9f8-11d8-944b-b8a03c50a862,41.68961,-118.74178,,,,,,,6/28/12,28,6,2012,4263651,2437432,PRESERVED_SPECIMEN,FMNH,Mammals,219713,FMNH-Mammals-8463a,,,CC0_1_0,The Field Museum of Natural History,L. R. Heaney,,,2026-02-26T00:47:41.476Z,,GEODETIC_DATUM_ASSUMED_WGS84;OCCURRENCE_STATUS_INFERRED_FROM_INDIVIDUAL_COUNT;INSTITUTION_MATCH_FUZZY;COLLECTION_MATCH_FUZZY
1805735849,41fc5c40-5e81-496f-9733-6b5681b3b7a5,2293bf83-b304-4dd6-ab8e-10d54987c545,Animalia,Chordata,Mammalia,Rodentia,Sciuridae,Tamias,Tamias minimus,scrutator,SUBSPECIES,"Tamias minimus scrutator (Hall & Hatfield, 1934)",Tamias minimus scrutator,,US,"Pine Forest Range, Vicinity of Onion Valley Resevoir, 3.15 km N, 1.31 km W Duffe",Nevada,PRESENT,1,7b8aff00-a9f8-11d8-944b-b8a03c50a862,41.69051,-118.74519,,,,,,,6/30/12,30,6,2012,4263651,2437432,PRESERVED_SPECIMEN,FMNH,Mammals,219750,FMNH-Mammals-8484,,,CC0_1_0,The Field Museum of Natural History,L. R. Heaney,,,2026-02-26T00:47:40.828Z,,GEODETIC_DATUM_ASSUMED_WGS84;OCCURRENCE_STATUS_INFERRED_FROM_INDIVIDUAL_COUNT;INSTITUTION_MATCH_FUZZY;COLLECTION_MATCH_FUZZY
1805735821,41fc5c40-5e81-496f-9733-6b5681b3b7a5,e8954217-6f5e-42cd-af8b-9ea6fdb58dea,Animalia,Chordata,Mammalia,Rodentia,Sciuridae,Tamias,Tamias minimus,scrutator,SUBSPECIES,"Tamias minimus scrutator (Hall & Hatfield, 1934)",Tamias minimus scrutator,,US,"Pine Forest Range, Vicinity of Onion Valley Resevoir, 3.15 km N, 1.31 km W Duffe",Nevada,PRESENT,1,7b8aff00-a9f8-11d8-944b-b8a03c50a862,41.69051,-118.74519,,,,,,,6/29/12,29,6,2012,4263651,2437432,PRESERVED_SPECIMEN,FMNH,Mammals,219714,FMNH-Mammals-8473,,,CC0_1_0,The Field Museum of Natural History,L. R. Heaney,,,2026-02-26T00:47:41.436Z,,GEODETIC_DATUM_ASSUMED_WGS84;OCCURRENCE_STATUS_INFERRED_FROM_INDIVIDUAL_COUNT;INSTITUTION_MATCH_FUZZY;COLLECTION_MATCH_FUZZY
1656062198,06a00852-f764-4fb8-80d4-ca51f0918459,https://arctos.database.museum/guid/UMNH:Mamm:40932,Animalia,Chordata,Mammalia,Rodentia,Sciuridae,Tamias,Tamias minimus,scrutator,SUBSPECIES,"Tamias minimus scrutator (Hall & Hatfield, 1934)",Tamias minimus scrutator,,US,"Spring Valley, 7.2 km S, 6.4 km W Osceola",Nevada,PRESENT,,2d6267a0-0561-11d8-b851-b8a03c50a862,39.02732,-114.46487,100,,1762,0,,,6/9/16,9,6,2016,4263651,2437432,PRESERVED_SPECIMEN,UMNH,Mammalogy,UMNH:Mamm:40932,BAK 1037,Brooks A. Kohli,2016-06-09T00:00:00,CC0_1_0,,Collector(s): Brooks A. Kohli,,,2026-02-26T00:00:53.400Z,,CONTINENT_DERIVED_FROM_COORDINATES;INSTITUTION_MATCH_FUZZY;INSTITUTION_COLLECTION_MISMATCH
1656062183,06a00852-f764-4fb8-80d4-ca51f0918459,https://arctos.database.museum/guid/UMNH:Mamm:40930,Animalia,Chordata,Mammalia,Rodentia,Sciuridae,Tamias,Tamias minimus,scrutator,SUBSPECIES,"Tamias minimus scrutator (Hall & Hatfield, 1934)",Tamias minimus scrutator,,US,"Spring Valley, 7.2 km S, 6.4 km W Osceola",Nevada,PRESENT,,2d6267a0-0561-11d8-b851-b8a03c50a862,39.03078,-114.46661,100,,1762,0,,,6/7/16,7,6,2016,4263651,2437432,PRESERVED_SPECIMEN,UMNH,Mammalogy,UMNH:Mamm:40930,BAK 1014,Brooks A. Kohli,2016-06-07T00:00:00,CC0_1_0,,Collector(s): Brooks A. Kohli,,,2026-02-26T00:00:53.225Z,,CONTINENT_DERIVED_FROM_COORDINATES;INSTITUTION_MATCH_FUZZY;INSTITUTION_COLLECTION_MISMATCH
1656062165,06a00852-f764-4fb8-80d4-ca51f0918459,https://arctos.database.museum/guid/UMNH:Mamm:40931,Animalia,Chordata,Mammalia,Rodentia,Sciuridae,Tamias,Tamias minimus,scrutator,SUBSPECIES,"Tamias minimus scrutator (Hall & Hatfield, 1934)",Tamias minimus scrutator,,US,"Spring Valley, 8 km S, 5.6 km W Osceola",Nevada,PRESENT,,2d6267a0-0561-11d8-b851-b8a03c50a862,39.02245,-114.45538,100,,1784,0,,,6/7/16,7,6,2016,4263651,2437432,PRESERVED_SPECIMEN,UMNH,Mammalogy,UMNH:Mamm:40931,BAK 1018,Brooks A. Kohli,2016-06-07T00:00:00,CC0_1_0,,Collector(s): Brooks A. Kohli,,,2026-02-26T00:00:53.231Z,,CONTINENT_DERIVED_FROM_COORDINATES;INSTITUTION_MATCH_FUZZY;INSTITUTION_COLLECTION_MISMATCH
1656060982,06a00852-f764-4fb8-80d4-ca51f0918459,https://arctos.database.museum/guid/UMNH:Mamm:39841,Animalia,Chordata,Mammalia,Rodentia,Sciuridae,Tamias,Tamias minimus,scrutator,SUBSPECIES,"Tamias minimus scrutator (Hall & Hatfield, 1934)",Tamias minimus scrutator,,US,"Snake Range, Great Basin National Park, 0.60 km W confluence of main and south forks of Baker Creek",Nevada,PRESENT,,2d6267a0-0561-11d8-b851-b8a03c50a862,38.97513,-114.25414,100,,2537,0,,,8/16/15,16,8,2015,4263651,2437432,PRESERVED_SPECIMEN,UMNH,Mammalogy,UMNH:Mamm:39841,BAK 620,unknown,2016-10-24T00:00:00,CC0_1_0,,Collector(s): Brooks A. Kohli,,,2026-02-26T00:00:52.614Z,,CONTINENT_DERIVED_FROM_COORDINATES;INSTITUTION_MATCH_FUZZY;INSTITUTION_COLLECTION_MISMATCH
1656060978,06a00852-f764-4fb8-80d4-ca51f0918459,https://arctos.database.museum/guid/UMNH:Mamm:39839,Animalia,Chordata,Mammalia,Rodentia,Sciuridae,Tamias,Tamias minimus,scrutator,SUBSPECIES,"Tamias minimus scrutator (Hall & Hatfield, 1934)",Tamias minimus scrutator,,US,"Snake Range, Great Basin National Park, 0.60 km W confluence of main and south forks of Baker Creek",Nevada,PRESENT,,2d6267a0-0561-11d8-b851-b8a03c50a862,38.97513,-114.25414,100,,2537,0,,,8/13/15,13,8,2015,4263651,2437432,PRESERVED_SPECIMEN,UMNH,Mammalogy,UMNH:Mamm:39839,BAK 559,unknown,2016-10-24T00:00:00,CC0_1_0,,Collector(s): Brooks A. Kohli,,,2026-02-26T00:00:54.464Z,,CONTINENT_DERIVED_FROM_COORDINATES;INSTITUTION_MATCH_FUZZY;INSTITUTION_COLLECTION_MISMATCH
1656060955,06a00852-f764-4fb8-80d4-ca51f0918459,https://arctos.database.museum/guid/UMNH:Mamm:39840,Animalia,Chordata,Mammalia,Rodentia,Sciuridae,Tamias,Tamias minimus,scrutator,SUBSPECIES,"Tamias minimus scrutator (Hall & Hatfield, 1934)",Tamias minimus scrutator,,US,"Snake Range, Great Basin National Park, 0.60 km W confluence of main and south forks of Baker Creek",Nevada,PRESENT,,2d6267a0-0561-11d8-b851-b8a03c50a862,38.97513,-114.25414,100,,2537,0,,,8/14/15,14,8,2015,4263651,2437432,PRESERVED_SPECIMEN,UMNH,Mammalogy,UMNH:Mamm:39840,BAK 596,unknown,2016-10-24T00:00:00,CC0_1_0,,Collector(s): Brooks A. Kohli,,,2026-02-26T00:00:52.629Z,,CONTINENT_DERIVED_FROM_COORDINATES;INSTITUTION_MATCH_FUZZY;INSTITUTION_COLLECTION_MISMATCH
1656060566,06a00852-f764-4fb8-80d4-ca51f0918459,https://arctos.database.museum/guid/UMNH:Mamm:39437,Animalia,Chordata,Mammalia,Rodentia,Sciuridae,Tamias,Tamias minimus,scrutator,SUBSPECIES,"Tamias minimus scrutator (Hall & Hatfield, 1934)",Tamias minimus scrutator,,US,"Wassuk Range, Lapon Meadows, head of Lapon Canyon",Nevada,PRESENT,,2d6267a0-0561-11d8-b851-b8a03c50a862,38.52587,-118.81083,100,,2744,0,,,7/21/15,21,7,2015,4263651,2437432,PRESERVED_SPECIMEN,UMNH,Mammalogy,UMNH:Mamm:39437,JLM 1366,unknown,2016-10-24T00:00:00,CC0_1_0,,Collector(s): Jason L. Malaney,,,2026-02-26T00:00:53.219Z,,CONTINENT_DERIVED_FROM_COORDINATES;INSTITUTION_MATCH_FUZZY;INSTITUTION_COLLECTION_MISMATCH
1656060531,06a00852-f764-4fb8-80d4-ca51f0918459,https://arctos.database.museum/guid/UMNH:Mamm:39439,Animalia,Chordata,Mammalia,Rodentia,Sciuridae,Tamias,Tamias minimus,scrutator,SUBSPECIES,"Tamias minimus scrutator (Hall & Hatfield, 1934)",Tamias minimus scrutator,,US,"Wassuk Range, Lapon Meadows, head of Lapon Canyon",Nevada,PRESENT,,2d6267a0-0561-11d8-b851-b8a03c50a862,38.52587,-118.81083,100,,2744,0,,,7/21/15,21,7,2015,4263651,2437432,PRESERVED_SPECIMEN,UMNH,Mammalogy,UMNH:Mamm:39439,JLM 1368,unknown,2016-10-24T00:00:00,CC0_1_0,,Collector(s): Jason L. Malaney,,,2026-02-26T00:00:53.398Z,,CONTINENT_DERIVED_FROM_COORDINATES;INSTITUTION_MATCH_FUZZY;INSTITUTION_COLLECTION_MISMATCH
1656060499,06a00852-f764-4fb8-80d4-ca51f0918459,https://arctos.database.museum/guid/UMNH:Mamm:39438,Animalia,Chordata,Mammalia,Rodentia,Sciuridae,Tamias,Tamias minimus,scrutator,SUBSPECIES,"Tamias minimus scrutator (Hall & Hatfield, 1934)",Tamias minimus scrutator,,US,"Wassuk Range, Lapon Meadows, head of Lapon Canyon",Nevada,PRESENT,,2d6267a0-0561-11d8-b851-b8a03c50a862,38.52587,-118.81083,100,,2744,0,,,7/21/15,21,7,2015,4263651,2437432,PRESERVED_SPECIMEN,UMNH,Mammalogy,UMNH:Mamm:39438,JLM 1367,unknown,2016-10-24T00:00:00,CC0_1_0,,Collector(s): Jason L. Malaney,,,2026-02-26T00:00:53.228Z,,CONTINENT_DERIVED_FROM_COORDINATES;INSTITUTION_MATCH_FUZZY;INSTITUTION_COLLECTION_MISMATCH
1656060483,06a00852-f764-4fb8-80d4-ca51f0918459,https://arctos.database.museum/guid/UMNH:Mamm:39440,Animalia,Chordata,Mammalia,Rodentia,Sciuridae,Tamias,Tamias minimus,scrutator,SUBSPECIES,"Tamias minimus scrutator (Hall & Hatfield, 1934)",Tamias minimus scrutator,,US,"Wassuk Range, Lapon Meadows, head of Lapon Canyon",Nevada,PRESENT,,2d6267a0-0561-11d8-b851-b8a03c50a862,38.52481,-118.81604,100,,2736,0,,,7/22/15,22,7,2015,4263651,2437432,PRESERVED_SPECIMEN,UMNH,Mammalogy,UMNH:Mamm:39440,JLM 1410,unknown,2016-10-24T00:00:00,CC0_1_0,,Collector(s): Jason L. Malaney,,,2026-02-26T00:00:51.826Z,,CONTINENT_DERIVED_FROM_COORDINATES;INSTITUTION_MATCH_FUZZY;INSTITUTION_COLLECTION_MISMATCH
1656060233,06a00852-f764-4fb8-80d4-ca51f0918459,https://arctos.database.museum/guid/UMNH:Mamm:39172,Animalia,Chordata,Mammalia,Rodentia,Sciuridae,Tamias,Tamias minimus,scrutator,SUBSPECIES,"Tamias minimus scrutator (Hall & Hatfield, 1934)",Tamias minimus scrutator,,US,"Wassuk Range, head of north fork of Cat Creek",Nevada,PRESENT,,2d6267a0-0561-11d8-b851-b8a03c50a862,38.53299,-118.80856,100,,2753,0,,,8/6/15,6,8,2015,4263651,2437432,PRESERVED_SPECIMEN,UMNH,Mammalogy,UMNH:Mamm:39172,JLM 1548,unknown,2016-10-24T00:00:00,CC0_1_0,,Collector(s): Jason L. Malaney,,,2026-02-26T00:00:51.962Z,,CONTINENT_DERIVED_FROM_COORDINATES;INSTITUTION_MATCH_FUZZY;INSTITUTION_COLLECTION_MISMATCH
1656060206,06a00852-f764-4fb8-80d4-ca51f0918459,https://arctos.database.museum/guid/UMNH:Mamm:39171,Animalia,Chordata,Mammalia,Rodentia,Sciuridae,Tamias,Tamias minimus,scrutator,SUBSPECIES,"Tamias minimus scrutator (Hall & Hatfield, 1934)",Tamias minimus scrutator,,US,"Wassuk Range, Lapon Meadows, head of Lapon Canyon",Nevada,PRESENT,,2d6267a0-0561-11d8-b851-b8a03c50a862,38.52587,-118.81083,100,,2744,0,,,7/21/15,21,7,2015,4263651,2437432,PRESERVED_SPECIMEN,UMNH,Mammalogy,UMNH:Mamm:39171,JLM 1369,unknown,2016-10-24T00:00:00,CC0_1_0,,Collector(s): Jason L. Malaney,,,2026-02-26T00:00:51.807Z,,CONTINENT_DERIVED_FROM_COORDINATES;INSTITUTION_MATCH_FUZZY;INSTITUTION_COLLECTION_MISMATCH
1656059800,06a00852-f764-4fb8-80d4-ca51f0918459,https://arctos.database.museum/guid/UMNH:Mamm:38793,Animalia,Chordata,Mammalia,Rodentia,Sciuridae,Tamias,Tamias minimus,scrutator,SUBSPECIES,"Tamias minimus scrutator (Hall & Hatfield, 1934)",Tamias minimus scrutator,,US,"Snake Range, Great Basin Nat'l Park, Wheeler Peak Scenic Drive",Nevada,PRESENT,,2d6267a0-0561-11d8-b851-b8a03c50a862,39.03174,-114.26695,20,,2612,0,,,8/1/15,1,8,2015,4263651,2437432,PRESERVED_SPECIMEN,UMNH,Mammalogy,UMNH:Mamm:38793,LFA 720,unknown,2016-10-24T00:00:00,CC0_1_0,,Collector(s): Lois F. Alexander,,,2026-02-26T00:00:49.044Z,,CONTINENT_DERIVED_FROM_COORDINATES;INSTITUTION_MATCH_FUZZY;INSTITUTION_COLLECTION_MISMATCH
1656058122,06a00852-f764-4fb8-80d4-ca51f0918459,https://arctos.database.museum/guid/UMNH:Mamm:37291,Animalia,Chordata,Mammalia,Rodentia,Sciuridae,Tamias,Tamias minimus,scrutator,SUBSPECIES,"Tamias minimus scrutator (Hall & Hatfield, 1934)",Tamias minimus scrutator,,US,"Dolly Varden Mountains, 0.3 km S, 0.1 km W Victoria Mine",Nevada,PRESENT,,2d6267a0-0561-11d8-b851-b8a03c50a862,40.32557,-114.55173,250,,2321,0,,,6/21/14,21,6,2014,4263651,2437432,PRESERVED_SPECIMEN,UMNH,Mammalogy,UMNH:Mamm:37291,AWB 46,Eric A. Rickart,2019-08-29T00:00:00,CC0_1_0,,Collector(s): Andrew W. Bartlow,,,2026-02-26T00:00:49.022Z,,CONTINENT_DERIVED_FROM_COORDINATES;INSTITUTION_MATCH_FUZZY;INSTITUTION_COLLECTION_MISMATCH
1656057445,06a00852-f764-4fb8-80d4-ca51f0918459,https://arctos.database.museum/guid/UMNH:Mamm:36586,Animalia,Chordata,Mammalia,Rodentia,Sciuridae,Tamias,Tamias minimus,scrutator,SUBSPECIES,"Tamias minimus scrutator (Hall & Hatfield, 1934)",Tamias minimus scrutator,,US,"Ruby Mountains, Lamoille Canyon, 1.7 km S, 0.85 km W Verdi Peak summit",Nevada,PRESENT,,2d6267a0-0561-11d8-b851-b8a03c50a862,40.62915,-115.36746,20,,2585,0,,,7/9/13,9,7,2013,4263651,2437432,PRESERVED_SPECIMEN,UMNH,Mammalogy,UMNH:Mamm:36586,RJR 3182,unknown,2016-10-24T00:00:00,CC0_1_0,,Collector(s): Rebecca J. Rowe,,,2026-02-26T00:00:51.594Z,,CONTINENT_DERIVED_FROM_COORDINATES;INSTITUTION_MATCH_FUZZY;INSTITUTION_COLLECTION_MISMATCH
1656057400,06a00852-f764-4fb8-80d4-ca51f0918459,https://arctos.database.museum/guid/UMNH:Mamm:36602,Animalia,Chordata,Mammalia,Rodentia,Sciuridae,Tamias,Tamias minimus,scrutator,SUBSPECIES,"Tamias minimus scrutator (Hall & Hatfield, 1934)",Tamias minimus scrutator,,US,"Ruby Mountains, Lamoille Canyon, 1.7 km S, 0.85 km W Verdi Peak summit",Nevada,PRESENT,,2d6267a0-0561-11d8-b851-b8a03c50a862,40.62915,-115.36746,20,,2585,0,,,7/11/13,11,7,2013,4263651,2437432,PRESERVED_SPECIMEN,UMNH,Mammalogy,UMNH:Mamm:36602,RJR 3210,unknown,2016-10-24T00:00:00,CC0_1_0,,Collector(s): Rebecca J. Rowe,,,2026-02-26T00:00:54.394Z,,CONTINENT_DERIVED_FROM_COORDINATES;INSTITUTION_MATCH_FUZZY;INSTITUTION_COLLECTION_MISMATCH
1656057352,06a00852-f764-4fb8-80d4-ca51f0918459,https://arctos.database.museum/guid/UMNH:Mamm:36522,Animalia,Chordata,Mammalia,Rodentia,Sciuridae,Tamias,Tamias minimus,scrutator,SUBSPECIES,"Tamias minimus scrutator (Hall & Hatfield, 1934)",Tamias minimus scrutator,,US,"Ruby Mountains, Lamoille Canyon, 2.15 km N, 0.25 km W Favre Peak summit",Nevada,PRESENT,,2d6267a0-0561-11d8-b851-b8a03c50a862,40.60389,-115.27799,20,,2713,0,,,7/9/13,9,7,2013,4263651,2437432,PRESERVED_SPECIMEN,UMNH,Mammalogy,UMNH:Mamm:36522,EAR 8672,unknown,2016-10-24T00:00:00,CC0_1_0,,Collector(s): Eric A. Rickart,,,2026-02-26T00:00:51.767Z,,CONTINENT_DERIVED_FROM_COORDINATES;INSTITUTION_MATCH_FUZZY;INSTITUTION_COLLECTION_MISMATCH
1656057342,06a00852-f764-4fb8-80d4-ca51f0918459,https://arctos.database.museum/guid/UMNH:Mamm:36523,Animalia,Chordata,Mammalia,Rodentia,Sciuridae,Tamias,Tamias minimus,scrutator,SUBSPECIES,"Tamias minimus scrutator (Hall & Hatfield, 1934)",Tamias minimus scrutator,,US,"Ruby Mountains, Lamoille Canyon, 2.15 km N, 0.25 km W Favre Peak summit",Nevada,PRESENT,,2d6267a0-0561-11d8-b851-b8a03c50a862,40.60389,-115.27799,20,,2713,0,,,7/10/13,10,7,2013,4263651,2437432,PRESERVED_SPECIMEN,UMNH,Mammalogy,UMNH:Mamm:36523,EAR 8691,unknown,2016-10-24T00:00:00,CC0_1_0,,Collector(s): Eric A. Rickart,,,2026-02-26T00:00:52.201Z,,CONTINENT_DERIVED_FROM_COORDINATES;INSTITUTION_MATCH_FUZZY;INSTITUTION_COLLECTION_MISMATCH
1656057339,06a00852-f764-4fb8-80d4-ca51f0918459,https://arctos.database.museum/guid/UMNH:Mamm:36587,Animalia,Chordata,Mammalia,Rodentia,Sciuridae,Tamias,Tamias minimus,scrutator,SUBSPECIES,"Tamias minimus scrutator (Hall & Hatfield, 1934)",Tamias minimus scrutator,,US,"Ruby Mountains, Lamoille Canyon, 1.7 km S, 0.85 km W Verdi Peak summit",Nevada,PRESENT,,2d6267a0-0561-11d8-b851-b8a03c50a862,40.62915,-115.36746,20,,2585,0,,,7/9/13,9,7,2013,4263651,2437432,PRESERVED_SPECIMEN,UMNH,Mammalogy,UMNH:Mamm:36587,RJR 3183,unknown,2016-10-24T00:00:00,CC0_1_0,,Collector(s): Rebecca J. Rowe,,,2026-02-26T00:00:51.729Z,,CONTINENT_DERIVED_FROM_COORDINATES;INSTITUTION_MATCH_FUZZY;INSTITUTION_COLLECTION_MISMATCH
1656057313,06a00852-f764-4fb8-80d4-ca51f0918459,https://arctos.database.museum/guid/UMNH:Mamm:36492,Animalia,Chordata,Mammalia,Rodentia,Sciuridae,Tamias,Tamias minimus,scrutator,SUBSPECIES,"Tamias minimus scrutator (Hall & Hatfield, 1934)",Tamias minimus scrutator,,US,"Ruby Mountains, Lamoille Canyon, 2.15 km N, 0.25 km W Favre Peak summit",Nevada,PRESENT,,2d6267a0-0561-11d8-b851-b8a03c50a862,40.60389,-115.27799,20,,2688,0,,,7/10/13,10,7,2013,4263651,2437432,PRESERVED_SPECIMEN,UMNH,Mammalogy,UMNH:Mamm:36492,EAR 8690,unknown,2016-10-24T00:00:00,CC0_1_0,,Collector(s): Eric A. Rickart,,,2026-02-26T00:00:53.314Z,,CONTINENT_DERIVED_FROM_COORDINATES;INSTITUTION_MATCH_FUZZY;INSTITUTION_COLLECTION_MISMATCH
1656057255,06a00852-f764-4fb8-80d4-ca51f0918459,https://arctos.database.museum/guid/UMNH:Mamm:36493,Animalia,Chordata,Mammalia,Rodentia,Sciuridae,Tamias,Tamias minimus,scrutator,SUBSPECIES,"Tamias minimus scrutator (Hall & Hatfield, 1934)",Tamias minimus scrutator,,US,"Ruby Mountains, Lamoille Canyon, 2.15 km N, 0.25 km W Favre Peak summit",Nevada,PRESENT,,2d6267a0-0561-11d8-b851-b8a03c50a862,40.60389,-115.27799,20,,2688,0,,,7/12/13,12,7,2013,4263651,2437432,PRESERVED_SPECIMEN,UMNH,Mammalogy,UMNH:Mamm:36493,EAR 8718,unknown,2016-10-24T00:00:00,CC0_1_0,,Collector(s): Eric A. Rickart,,,2026-02-26T00:00:53.699Z,,CONTINENT_DERIVED_FROM_COORDINATES;INSTITUTION_MATCH_FUZZY;INSTITUTION_COLLECTION_MISMATCH
1656056633,06a00852-f764-4fb8-80d4-ca51f0918459,https://arctos.database.museum/guid/UMNH:Mamm:35840,Animalia,Chordata,Mammalia,Rodentia,Sciuridae,Tamias,Tamias minimus,scrutator,SUBSPECIES,"Tamias minimus scrutator (Hall & Hatfield, 1934)",Tamias minimus scrutator,,US,"Pine Forest Range, vicinity of Cold Spring, 0.39 km N, 3.15 km E Duffer Peak summit",Nevada,PRESENT,,2d6267a0-0561-11d8-b851-b8a03c50a862,41.6692,-118.68967,20,,2387,0,,,8/13/12,13,8,2012,4263651,2437432,PRESERVED_SPECIMEN,UMNH,Mammalogy,UMNH:Mamm:35840,EAR 8490,unknown,2016-10-24T00:00:00,CC0_1_0,,Collector(s): Eric A. Rickart,,,2026-02-26T00:00:49.667Z,,CONTINENT_DERIVED_FROM_COORDINATES;TYPE_STATUS_INVALID;INSTITUTION_MATCH_FUZZY;INSTITUTION_COLLECTION_MISMATCH
1656056544,06a00852-f764-4fb8-80d4-ca51f0918459,https://arctos.database.museum/guid/UMNH:Mamm:35842,Animalia,Chordata,Mammalia,Rodentia,Sciuridae,Tamias,Tamias minimus,scrutator,SUBSPECIES,"Tamias minimus scrutator (Hall & Hatfield, 1934)",Tamias minimus scrutator,,US,"Pine Forest Range, vicinity of Cold Spring, 0.38 km N, 3.24 km E Duffer Peak summit",Nevada,PRESENT,,2d6267a0-0561-11d8-b851-b8a03c50a862,41.66565,-118.69075,20,,2527,0,,,8/11/12,11,8,2012,4263651,2437432,PRESERVED_SPECIMEN,UMNH,Mammalogy,UMNH:Mamm:35842,EAR 8471,unknown,2016-10-24T00:00:00,CC0_1_0,,Collector(s): Eric A. Rickart,,,2026-02-26T00:00:50.111Z,,CONTINENT_DERIVED_FROM_COORDINATES;TYPE_STATUS_INVALID;INSTITUTION_MATCH_FUZZY;INSTITUTION_COLLECTION_MISMATCH
1656056524,06a00852-f764-4fb8-80d4-ca51f0918459,https://arctos.database.museum/guid/UMNH:Mamm:35737,Animalia,Chordata,Mammalia,Rodentia,Sciuridae,Tamias,Tamias minimus,scrutator,SUBSPECIES,"Tamias minimus scrutator (Hall & Hatfield, 1934)",Tamias minimus scrutator,,US,"Pine Forest Range, vicinity of Cold Spring, 0.86 km N, 3.37 km E Duffer Peak summit",Nevada,PRESENT,,2d6267a0-0561-11d8-b851-b8a03c50a862,41.66565,-118.69075,20,,2527,0,,,8/13/12,13,8,2012,4263651,2437432,PRESERVED_SPECIMEN,UMNH,Mammalogy,UMNH:Mamm:35737,EAR 8517,unknown,2016-10-24T00:00:00,CC0_1_0,,Collector(s): Eric A. Rickart,,,2026-02-26T00:00:50.184Z,,CONTINENT_DERIVED_FROM_COORDINATES;TYPE_STATUS_INVALID;INSTITUTION_MATCH_FUZZY;INSTITUTION_COLLECTION_MISMATCH
1656056494,06a00852-f764-4fb8-80d4-ca51f0918459,https://arctos.database.museum/guid/UMNH:Mamm:35777,Animalia,Chordata,Mammalia,Rodentia,Sciuridae,Tamias,Tamias minimus,scrutator,SUBSPECIES,"Tamias minimus scrutator (Hall & Hatfield, 1934)",Tamias minimus scrutator,,US,"Pine Forest Range, vicinity of Cold Spring, 0.38 km N, 3.24 km E Duffer Peak summit",Nevada,PRESENT,,2d6267a0-0561-11d8-b851-b8a03c50a862,41.66565,-118.69075,20,,2527,0,,,8/12/12,12,8,2012,4263651,2437432,PRESERVED_SPECIMEN,UMNH,Mammalogy,UMNH:Mamm:35777,EAR 8486,unknown,2016-10-24T00:00:00,CC0_1_0,,Collector(s): Eric A. Rickart,,,2026-02-26T00:00:54.248Z,,CONTINENT_DERIVED_FROM_COORDINATES;TYPE_STATUS_INVALID;INSTITUTION_MATCH_FUZZY;INSTITUTION_COLLECTION_MISMATCH
1656056481,06a00852-f764-4fb8-80d4-ca51f0918459,https://arctos.database.museum/guid/UMNH:Mamm:35776,Animalia,Chordata,Mammalia,Rodentia,Sciuridae,Tamias,Tamias minimus,scrutator,SUBSPECIES,"Tamias minimus scrutator (Hall & Hatfield, 1934)",Tamias minimus scrutator,,US,"Pine Forest Range, vicinity of Cold Spring, 0.78 km N, 3.32 km E Duffer Peak summit",Nevada,PRESENT,,2d6267a0-0561-11d8-b851-b8a03c50a862,41.6692,-118.68967,20,,2387,0,,,8/11/12,11,8,2012,4263651,2437432,PRESERVED_SPECIMEN,UMNH,Mammalogy,UMNH:Mamm:35776,EAR 8473,unknown,2016-10-24T00:00:00,CC0_1_0,,Collector(s): Eric A. Rickart,,,2026-02-26T00:00:53.875Z,,CONTINENT_DERIVED_FROM_COORDINATES;TYPE_STATUS_INVALID;INSTITUTION_MATCH_FUZZY;INSTITUTION_COLLECTION_MISMATCH
1656056454,06a00852-f764-4fb8-80d4-ca51f0918459,https://arctos.database.museum/guid/UMNH:Mamm:35736,Animalia,Chordata,Mammalia,Rodentia,Sciuridae,Tamias,Tamias minimus,scrutator,SUBSPECIES,"Tamias minimus scrutator (Hall & Hatfield, 1934)",Tamias minimus scrutator,,US,"Pine Forest Range, vicinity of Cold Spring, 0.78 km N, 3.32 km E Duffer Peak summit",Nevada,PRESENT,,2d6267a0-0561-11d8-b851-b8a03c50a862,41.6692,-118.68967,20,,2387,0,,,8/10/12,10,8,2012,4263651,2437432,PRESERVED_SPECIMEN,UMNH,Mammalogy,UMNH:Mamm:35736,EAR 8441,unknown,2016-10-24T00:00:00,CC0_1_0,,Collector(s): Eric A. Rickart,,,2026-02-26T00:00:50.130Z,,CONTINENT_DERIVED_FROM_COORDINATES;TYPE_STATUS_INVALID;INSTITUTION_MATCH_FUZZY;INSTITUTION_COLLECTION_MISMATCH
1656056448,06a00852-f764-4fb8-80d4-ca51f0918459,https://arctos.database.museum/guid/UMNH:Mamm:35775,Animalia,Chordata,Mammalia,Rodentia,Sciuridae,Tamias,Tamias minimus,scrutator,SUBSPECIES,"Tamias minimus scrutator (Hall & Hatfield, 1934)",Tamias minimus scrutator,,US,"Pine Forest Range, vicinity of Cold Spring, 0.86 km N, 3.37 km E Duffer Peak summit",Nevada,PRESENT,,2d6267a0-0561-11d8-b851-b8a03c50a862,41.67005,-118.68893,20,,2381,0,,,8/14/12,14,8,2012,4263651,2437432,PRESERVED_SPECIMEN,UMNH,Mammalogy,UMNH:Mamm:35775,EAR 8541,unknown,2016-10-24T00:00:00,CC0_1_0,,Collector(s): Eric A. Rickart,,,2026-02-26T00:00:54.258Z,,CONTINENT_DERIVED_FROM_COORDINATES;TYPE_STATUS_INVALID;INSTITUTION_MATCH_FUZZY;INSTITUTION_COLLECTION_MISMATCH
1656056441,06a00852-f764-4fb8-80d4-ca51f0918459,https://arctos.database.museum/guid/UMNH:Mamm:35735,Animalia,Chordata,Mammalia,Rodentia,Sciuridae,Tamias,Tamias minimus,scrutator,SUBSPECIES,"Tamias minimus scrutator (Hall & Hatfield, 1934)",Tamias minimus scrutator,,US,"Pine Forest Range, vicinity of Cold Spring, 0.86 km N, 3.37 km E Duffer Peak summit",Nevada,PRESENT,,2d6267a0-0561-11d8-b851-b8a03c50a862,41.67005,-118.68893,20,,2381,0,,,8/13/12,13,8,2012,4263651,2437432,PRESERVED_SPECIMEN,UMNH,Mammalogy,UMNH:Mamm:35735,EAR 8516,unknown,2016-10-24T00:00:00,CC0_1_0,,Collector(s): Eric A. Rickart,,,2026-02-26T00:00:50.130Z,,CONTINENT_DERIVED_FROM_COORDINATES;TYPE_STATUS_INVALID;INSTITUTION_MATCH_FUZZY;INSTITUTION_COLLECTION_MISMATCH
1656056409,06a00852-f764-4fb8-80d4-ca51f0918459,https://arctos.database.museum/guid/UMNH:Mamm:35661,Animalia,Chordata,Mammalia,Rodentia,Sciuridae,Tamias,Tamias minimus,scrutator,SUBSPECIES,"Tamias minimus scrutator (Hall & Hatfield, 1934)",Tamias minimus scrutator,,US,"Pine Forest Range, vicinity of Onion Valley Reservoir, 3.40 km N, 0.68 km W Duffer Peak summit",Nevada,PRESENT,,2d6267a0-0561-11d8-b851-b8a03c50a862,41.6928,-118.73752,20,,2202,0,,,6/30/12,30,6,2012,4263651,2437432,PRESERVED_SPECIMEN,UMNH,Mammalogy,UMNH:Mamm:35661,RJR 3090,unknown,2016-10-24T00:00:00,CC0_1_0,,Collector(s): Rebecca J. Rowe; Preparator(s): Ryan B. Stephens,,,2026-02-26T00:00:54.318Z,,CONTINENT_DERIVED_FROM_COORDINATES;TYPE_STATUS_INVALID;INSTITUTION_MATCH_FUZZY;INSTITUTION_COLLECTION_MISMATCH
1656056408,06a00852-f764-4fb8-80d4-ca51f0918459,https://arctos.database.museum/guid/UMNH:Mamm:35660,Animalia,Chordata,Mammalia,Rodentia,Sciuridae,Tamias,Tamias minimus,scrutator,SUBSPECIES,"Tamias minimus scrutator (Hall & Hatfield, 1934)",Tamias minimus scrutator,,US,"Pine Forest Range, vicinity of Onion Valley Reservoir, 3.15 km N, 1.31 km W Duffer Peak summit",Nevada,PRESENT,,2d6267a0-0561-11d8-b851-b8a03c50a862,41.69051,-118.74519,20,,2163,0,,,6/29/12,29,6,2012,4263651,2437432,PRESERVED_SPECIMEN,UMNH,Mammalogy,UMNH:Mamm:35660,RJR 3078,unknown,2016-10-24T00:00:00,CC0_1_0,,Collector(s): Rebecca J. Rowe,,,2026-02-26T00:00:54.068Z,,CONTINENT_DERIVED_FROM_COORDINATES;TYPE_STATUS_INVALID;INSTITUTION_MATCH_FUZZY;INSTITUTION_COLLECTION_MISMATCH
1656056405,06a00852-f764-4fb8-80d4-ca51f0918459,https://arctos.database.museum/guid/UMNH:Mamm:35657,Animalia,Chordata,Mammalia,Rodentia,Sciuridae,Tamias,Tamias minimus,scrutator,SUBSPECIES,"Tamias minimus scrutator (Hall & Hatfield, 1934)",Tamias minimus scrutator,,US,"Pine Forest Range, vicinity of Onion Valley Reservoir, 3.40 km N, 0.68 km W Duffer Peak summit",Nevada,PRESENT,,2d6267a0-0561-11d8-b851-b8a03c50a862,41.6928,-118.73752,20,,2202,0,,,6/29/12,29,6,2012,4263651,2437432,PRESERVED_SPECIMEN,UMNH,Mammalogy,UMNH:Mamm:35657,RJR 3055,unknown,2016-10-24T00:00:00,CC0_1_0,,Collector(s): Rebecca J. Rowe; Preparator(s): Ryan B. Stephens,,,2026-02-26T00:00:53.964Z,,CONTINENT_DERIVED_FROM_COORDINATES;TYPE_STATUS_INVALID;INSTITUTION_MATCH_FUZZY;INSTITUTION_COLLECTION_MISMATCH
1656056386,06a00852-f764-4fb8-80d4-ca51f0918459,https://arctos.database.museum/guid/UMNH:Mamm:35659,Animalia,Chordata,Mammalia,Rodentia,Sciuridae,Tamias,Tamias minimus,scrutator,SUBSPECIES,"Tamias minimus scrutator (Hall & Hatfield, 1934)",Tamias minimus scrutator,,US,"Pine Forest Range, vicinity of Onion Valley Reservoir, 3.15 km N, 1.31 km W Duffer Peak summit",Nevada,PRESENT,,2d6267a0-0561-11d8-b851-b8a03c50a862,41.69051,-118.74519,20,,2163,0,,,6/29/12,29,6,2012,4263651,2437432,PRESERVED_SPECIMEN,UMNH,Mammalogy,UMNH:Mamm:35659,RJR 3077,unknown,2016-10-24T00:00:00,CC0_1_0,,Collector(s): Rebecca J. Rowe; Preparator(s): Ryan B. Stephens,,,2026-02-26T00:00:51.794Z,,CONTINENT_DERIVED_FROM_COORDINATES;TYPE_STATUS_INVALID;INSTITUTION_MATCH_FUZZY;INSTITUTION_COLLECTION_MISMATCH
1656056365,06a00852-f764-4fb8-80d4-ca51f0918459,https://arctos.database.museum/guid/UMNH:Mamm:35656,Animalia,Chordata,Mammalia,Rodentia,Sciuridae,Tamias,Tamias minimus,scrutator,SUBSPECIES,"Tamias minimus scrutator (Hall & Hatfield, 1934)",Tamias minimus scrutator,,US,"Pine Forest Range, vicinity of Onion Valley Reservoir, 3.07 km N, 0.83 km W Duffer Peak summit",Nevada,PRESENT,,2d6267a0-0561-11d8-b851-b8a03c50a862,41.68977,-118.73933,20,,2236,0,,,6/28/12,28,6,2012,4263651,2437432,PRESERVED_SPECIMEN,UMNH,Mammalogy,UMNH:Mamm:35656,RJR 3038,unknown,2016-10-24T00:00:00,CC0_1_0,,Collector(s): Rebecca J. Rowe,,,2026-02-26T00:00:53.644Z,,CONTINENT_DERIVED_FROM_COORDINATES;TYPE_STATUS_INVALID;INSTITUTION_MATCH_FUZZY;INSTITUTION_COLLECTION_MISMATCH
1656056338,06a00852-f764-4fb8-80d4-ca51f0918459,https://arctos.database.museum/guid/UMNH:Mamm:35658,Animalia,Chordata,Mammalia,Rodentia,Sciuridae,Tamias,Tamias minimus,scrutator,SUBSPECIES,"Tamias minimus scrutator (Hall & Hatfield, 1934)",Tamias minimus scrutator,,US,"Pine Forest Range, vicinity of Onion Valley Reservoir, 3.33 km N, 1.67 km W Duffer Peak summit",Nevada,PRESENT,,2d6267a0-0561-11d8-b851-b8a03c50a862,41.69215,-118.7495,20,,2231,0,,,6/29/12,29,6,2012,4263651,2437432,PRESERVED_SPECIMEN,UMNH,Mammalogy,UMNH:Mamm:35658,RJR 3076,unknown,2016-10-24T00:00:00,CC0_1_0,,Collector(s): Rebecca J. Rowe,,,2026-02-26T00:00:54.093Z,,CONTINENT_DERIVED_FROM_COORDINATES;TYPE_STATUS_INVALID;INSTITUTION_MATCH_FUZZY;INSTITUTION_COLLECTION_MISMATCH
1656056337,06a00852-f764-4fb8-80d4-ca51f0918459,https://arctos.database.museum/guid/UMNH:Mamm:35662,Animalia,Chordata,Mammalia,Rodentia,Sciuridae,Tamias,Tamias minimus,scrutator,SUBSPECIES,"Tamias minimus scrutator (Hall & Hatfield, 1934)",Tamias minimus scrutator,,US,"Pine Forest Range, vicinity of Onion Valley Reservoir, 3.07 km N, 0.83 km W Duffer Peak summit",Nevada,PRESENT,,2d6267a0-0561-11d8-b851-b8a03c50a862,41.68977,-118.73933,20,,2236,0,,,6/30/12,30,6,2012,4263651,2437432,PRESERVED_SPECIMEN,UMNH,Mammalogy,UMNH:Mamm:35662,RJR 3101,unknown,2016-10-24T00:00:00,CC0_1_0,,Collector(s): Rebecca J. Rowe,,,2026-02-26T00:00:54.454Z,,CONTINENT_DERIVED_FROM_COORDINATES;INSTITUTION_MATCH_FUZZY;INSTITUTION_COLLECTION_MISMATCH
1656056245,06a00852-f764-4fb8-80d4-ca51f0918459,https://arctos.database.museum/guid/UMNH:Mamm:35547,Animalia,Chordata,Mammalia,Rodentia,Sciuridae,Tamias,Tamias minimus,scrutator,SUBSPECIES,"Tamias minimus scrutator (Hall & Hatfield, 1934)",Tamias minimus scrutator,,US,"vicinity of Bilk Creek, 2.19 km N, 0.53 km E Quinn River Crossing",Nevada,PRESENT,,2d6267a0-0561-11d8-b851-b8a03c50a862,41.59412,-118.42211,20,,1256,0,,,5/23/12,23,5,2012,4263651,2437432,PRESERVED_SPECIMEN,UMNH,Mammalogy,UMNH:Mamm:35547,RJR 2964,unknown,2016-10-24T00:00:00,CC0_1_0,,Collector(s): Rebecca J. Rowe,,,2026-02-26T00:00:51.765Z,,CONTINENT_DERIVED_FROM_COORDINATES;INSTITUTION_MATCH_FUZZY;INSTITUTION_COLLECTION_MISMATCH
1656056113,06a00852-f764-4fb8-80d4-ca51f0918459,https://arctos.database.museum/guid/UMNH:Mamm:35435,Animalia,Chordata,Mammalia,Rodentia,Sciuridae,Tamias,Tamias minimus,scrutator,SUBSPECIES,"Tamias minimus scrutator (Hall & Hatfield, 1934)",Tamias minimus scrutator,,US,"vicinity of Bilk Creek, 2.19 km N, 0.53 km E Quinn River Crossing",Nevada,PRESENT,,2d6267a0-0561-11d8-b851-b8a03c50a862,41.59412,-118.42211,20,,1256,0,,,5/24/12,24,5,2012,4263651,2437432,PRESERVED_SPECIMEN,UMNH,Mammalogy,UMNH:Mamm:35435,RJR 2965,unknown,2016-10-24T00:00:00,CC0_1_0,,Collector(s): Rebecca J. Rowe,,,2026-02-26T00:00:51.733Z,,CONTINENT_DERIVED_FROM_COORDINATES;INSTITUTION_MATCH_FUZZY;INSTITUTION_COLLECTION_MISMATCH
1656056061,06a00852-f764-4fb8-80d4-ca51f0918459,https://arctos.database.museum/guid/UMNH:Mamm:35343,Animalia,Chordata,Mammalia,Rodentia,Sciuridae,Tamias,Tamias minimus,scrutator,SUBSPECIES,"Tamias minimus scrutator (Hall & Hatfield, 1934)",Tamias minimus scrutator,,US,"Stump Creek, 1.75 mi N, 8 mi W Haystack Ranch",Nevada,PRESENT,,2d6267a0-0561-11d8-b851-b8a03c50a862,41.3664,-115.9575,500,,,,,,7/15/80,15,7,1980,4263651,2437432,PRESERVED_SPECIMEN,UMNH,Mammalogy,UMNH:Mamm:35343,MAP 212,unknown,2016-10-24T00:00:00,CC0_1_0,,Collector(s): Mark A. Ports,,,2026-02-26T00:00:49.576Z,,CONTINENT_DERIVED_FROM_COORDINATES;INSTITUTION_MATCH_FUZZY;INSTITUTION_COLLECTION_MISMATCH
1656056046,06a00852-f764-4fb8-80d4-ca51f0918459,https://arctos.database.museum/guid/UMNH:Mamm:35342,Animalia,Chordata,Mammalia,Rodentia,Sciuridae,Tamias,Tamias minimus,scrutator,SUBSPECIES,"Tamias minimus scrutator (Hall & Hatfield, 1934)",Tamias minimus scrutator,,US,"Mahoney Spring, 3.25 mi N, 7.25 mi W Haystack Ranch",Nevada,PRESENT,,2d6267a0-0561-11d8-b851-b8a03c50a862,41.39336,-115.92734,100,,,,,,7/11/80,11,7,1980,4263651,2437432,PRESERVED_SPECIMEN,UMNH,Mammalogy,UMNH:Mamm:35342,MAP 208,unknown,2016-10-24T00:00:00,CC0_1_0,,Collector(s): Mark A. Ports,,,2026-02-26T00:00:49.550Z,,CONTINENT_DERIVED_FROM_COORDINATES;INSTITUTION_MATCH_FUZZY;INSTITUTION_COLLECTION_MISMATCH
1656055965,06a00852-f764-4fb8-80d4-ca51f0918459,https://arctos.database.museum/guid/UMNH:Mamm:35291,Animalia,Chordata,Mammalia,Rodentia,Sciuridae,Tamias,Tamias minimus,scrutator,SUBSPECIES,"Tamias minimus scrutator (Hall & Hatfield, 1934)",Tamias minimus scrutator,,US,"Sheep Creek, 5.75 mi W Haystack Ranch",Nevada,PRESENT,,2d6267a0-0561-11d8-b851-b8a03c50a862,41.3751,-115.8817,500,,,,,,6/24/80,24,6,1980,4263651,2437432,PRESERVED_SPECIMEN,UMNH,Mammalogy,UMNH:Mamm:35291,MAP 199,unknown,2016-10-24T00:00:00,CC0_1_0,,Collector(s): Mark A. Ports,,,2026-02-26T00:00:49.715Z,,CONTINENT_DERIVED_FROM_COORDINATES;INSTITUTION_MATCH_FUZZY;INSTITUTION_COLLECTION_MISMATCH
1656055955,06a00852-f764-4fb8-80d4-ca51f0918459,https://arctos.database.museum/guid/UMNH:Mamm:35292,Animalia,Chordata,Mammalia,Rodentia,Sciuridae,Tamias,Tamias minimus,scrutator,SUBSPECIES,"Tamias minimus scrutator (Hall & Hatfield, 1934)",Tamias minimus scrutator,,US,"Sheep Creek, 5.75 mi W Haystack Ranch, T40N, R54E, NW1/4 sec. 10",Nevada,PRESENT,,2d6267a0-0561-11d8-b851-b8a03c50a862,41.3751,-115.8817,500,,,,,,9/5/80,5,9,1980,4263651,2437432,PRESERVED_SPECIMEN,UMNH,Mammalogy,UMNH:Mamm:35292,MAP 265,unknown,2016-10-24T00:00:00,CC0_1_0,,Collector(s): Mark A. Ports,,,2026-02-26T00:00:49.662Z,,CONTINENT_DERIVED_FROM_COORDINATES;INSTITUTION_MATCH_FUZZY;INSTITUTION_COLLECTION_MISMATCH
1656055534,06a00852-f764-4fb8-80d4-ca51f0918459,https://arctos.database.museum/guid/UMNH:Mamm:34842,Animalia,Chordata,Mammalia,Rodentia,Sciuridae,Tamias,Tamias minimus,scrutator,SUBSPECIES,"Tamias minimus scrutator (Hall & Hatfield, 1934)",Tamias minimus scrutator,,US,west side Monitor Valley near mouth of Pine Creek Canyon,Nevada,PRESENT,,2d6267a0-0561-11d8-b851-b8a03c50a862,38.79906,-116.82507,20,,2163,0,,,4/22/12,22,4,2012,4263651,2437432,PRESERVED_SPECIMEN,UMNH,Mammalogy,UMNH:Mamm:34842,EAR 8271,unknown,2016-10-24T00:00:00,CC0_1_0,,Collector(s): Eric A. Rickart,,,2026-02-26T00:00:50.147Z,,CONTINENT_DERIVED_FROM_COORDINATES;INSTITUTION_MATCH_FUZZY;INSTITUTION_COLLECTION_MISMATCH
1656055479,06a00852-f764-4fb8-80d4-ca51f0918459,https://arctos.database.museum/guid/UMNH:Mamm:34818,Animalia,Chordata,Mammalia,Rodentia,Sciuridae,Tamias,Tamias minimus,scrutator,SUBSPECIES,"Tamias minimus scrutator (Hall & Hatfield, 1934)",Tamias minimus scrutator,,US,"Toquima Range, Pine Creek USFS campground",Nevada,PRESENT,,2d6267a0-0561-11d8-b851-b8a03c50a862,38.79563,-116.84732,20,,2281,0,,,4/23/12,23,4,2012,4263651,2437432,PRESERVED_SPECIMEN,UMNH,Mammalogy,UMNH:Mamm:34818,EAR 8299,unknown,2016-10-24T00:00:00,CC0_1_0,,Collector(s): Eric A. Rickart,,,2026-02-26T00:00:51.763Z,,CONTINENT_DERIVED_FROM_COORDINATES;INSTITUTION_MATCH_FUZZY;INSTITUTION_COLLECTION_MISMATCH
1656055457,06a00852-f764-4fb8-80d4-ca51f0918459,https://arctos.database.museum/guid/UMNH:Mamm:34843,Animalia,Chordata,Mammalia,Rodentia,Sciuridae,Tamias,Tamias minimus,scrutator,SUBSPECIES,"Tamias minimus scrutator (Hall & Hatfield, 1934)",Tamias minimus scrutator,,US,west side Monitor Valley near mouth of Pine Creek Canyon,Nevada,PRESENT,,2d6267a0-0561-11d8-b851-b8a03c50a862,38.79906,-116.82507,20,,2163,0,,,4/23/12,23,4,2012,4263651,2437432,PRESERVED_SPECIMEN,UMNH,Mammalogy,UMNH:Mamm:34843,EAR 8311,unknown,2016-10-24T00:00:00,CC0_1_0,,Collector(s): Eric A. Rickart,,,2026-02-26T00:00:50.144Z,,CONTINENT_DERIVED_FROM_COORDINATES;INSTITUTION_MATCH_FUZZY;INSTITUTION_COLLECTION_MISMATCH
1656055454,06a00852-f764-4fb8-80d4-ca51f0918459,https://arctos.database.museum/guid/UMNH:Mamm:34816,Animalia,Chordata,Mammalia,Rodentia,Sciuridae,Tamias,Tamias minimus,scrutator,SUBSPECIES,"Tamias minimus scrutator (Hall & Hatfield, 1934)",Tamias minimus scrutator,,US,west side Monitor Valley near mouth of Pine Creek Canyon,Nevada,PRESENT,,2d6267a0-0561-11d8-b851-b8a03c50a862,38.79906,-116.82507,20,,2163,0,,,4/21/12,21,4,2012,4263651,2437432,PRESERVED_SPECIMEN,UMNH,Mammalogy,UMNH:Mamm:34816,EAR 8248,unknown,2016-10-24T00:00:00,CC0_1_0,,Collector(s): Eric A. Rickart,,,2026-02-26T00:00:52.008Z,,CONTINENT_DERIVED_FROM_COORDINATES;INSTITUTION_MATCH_FUZZY;INSTITUTION_COLLECTION_MISMATCH
1656055423,06a00852-f764-4fb8-80d4-ca51f0918459,https://arctos.database.museum/guid/UMNH:Mamm:34817,Animalia,Chordata,Mammalia,Rodentia,Sciuridae,Tamias,Tamias minimus,scrutator,SUBSPECIES,"Tamias minimus scrutator (Hall & Hatfield, 1934)",Tamias minimus scrutator,,US,west side Monitor Valley near mouth of Pine Creek Canyon,Nevada,PRESENT,,2d6267a0-0561-11d8-b851-b8a03c50a862,38.79906,-116.82507,20,,2163,0,,,4/22/12,22,4,2012,4263651,2437432,PRESERVED_SPECIMEN,UMNH,Mammalogy,UMNH:Mamm:34817,EAR 8272,unknown,2016-10-24T00:00:00,CC0_1_0,,Collector(s): Eric A. Rickart,,,2026-02-26T00:00:52.003Z,,CONTINENT_DERIVED_FROM_COORDINATES;INSTITUTION_MATCH_FUZZY;INSTITUTION_COLLECTION_MISMATCH
1656055084,06a00852-f764-4fb8-80d4-ca51f0918459,https://arctos.database.museum/guid/UMNH:Mamm:34469,Animalia,Chordata,Mammalia,Rodentia,Sciuridae,Tamias,Tamias minimus,scrutator,SUBSPECIES,"Tamias minimus scrutator (Hall & Hatfield, 1934)",Tamias minimus scrutator,,US,"Toiyabe Range, Birch Creek, 4.50 km  N, 3.02 km E North Toiyabe Peak",Nevada,PRESENT,,2d6267a0-0561-11d8-b851-b8a03c50a862,39.40004,-117.03946,20,,2188,0,,,7/13/11,13,7,2011,4263651,2437432,PRESERVED_SPECIMEN,UMNH,Mammalogy,UMNH:Mamm:34469,EAR 7907,unknown,2016-10-24T00:00:00,CC0_1_0,,Collector(s): Eric A. Rickart,,,2026-02-26T00:00:51.528Z,,CONTINENT_DERIVED_FROM_COORDINATES;INSTITUTION_MATCH_FUZZY;INSTITUTION_COLLECTION_MISMATCH
1656055036,06a00852-f764-4fb8-80d4-ca51f0918459,https://arctos.database.museum/guid/UMNH:Mamm:34470,Animalia,Chordata,Mammalia,Rodentia,Sciuridae,Tamias,Tamias minimus,scrutator,SUBSPECIES,"Tamias minimus scrutator (Hall & Hatfield, 1934)",Tamias minimus scrutator,,US,"Toiyabe Range, Birch Creek, 4.50 km  N, 3.02 km E North Toiyabe Peak",Nevada,PRESENT,,2d6267a0-0561-11d8-b851-b8a03c50a862,39.40004,-117.03946,20,,2188,0,,,7/13/11,13,7,2011,4263651,2437432,PRESERVED_SPECIMEN,UMNH,Mammalogy,UMNH:Mamm:34470,EAR 7908,unknown,2016-10-24T00:00:00,CC0_1_0,,Collector(s): Eric A. Rickart,,,2026-02-26T00:00:52.390Z,,CONTINENT_DERIVED_FROM_COORDINATES;INSTITUTION_MATCH_FUZZY;INSTITUTION_COLLECTION_MISMATCH
1656054894,06a00852-f764-4fb8-80d4-ca51f0918459,https://arctos.database.museum/guid/UMNH:Mamm:34274,Animalia,Chordata,Mammalia,Rodentia,Sciuridae,Tamias,Tamias minimus,scrutator,SUBSPECIES,"Tamias minimus scrutator (Hall & Hatfield, 1934)",Tamias minimus scrutator,,US,"Toiyabe Range, Birch Creek, 4.50 km  N, 3.02 km E North Toiyabe Peak",Nevada,PRESENT,,2d6267a0-0561-11d8-b851-b8a03c50a862,39.40004,-117.03946,20,,2188,0,,,7/15/11,15,7,2011,4263651,2437432,PRESERVED_SPECIMEN,UMNH,Mammalogy,UMNH:Mamm:34274,EAR 7955,unknown,2016-10-24T00:00:00,CC0_1_0,,Collector(s): Eric A. Rickart,,,2026-02-26T00:00:54.064Z,,CONTINENT_DERIVED_FROM_COORDINATES;INSTITUTION_MATCH_FUZZY;INSTITUTION_COLLECTION_MISMATCH
1656054863,06a00852-f764-4fb8-80d4-ca51f0918459,https://arctos.database.museum/guid/UMNH:Mamm:34273,Animalia,Chordata,Mammalia,Rodentia,Sciuridae,Tamias,Tamias minimus,scrutator,SUBSPECIES,"Tamias minimus scrutator (Hall & Hatfield, 1934)",Tamias minimus scrutator,,US,"Toiyabe Range, Birch Creek, 4.32 km  N, 3.07 km E North Toiyabe Peak",Nevada,PRESENT,,2d6267a0-0561-11d8-b851-b8a03c50a862,39.39843,-117.03887,20,,2156,0,,,7/14/11,14,7,2011,4263651,2437432,PRESERVED_SPECIMEN,UMNH,Mammalogy,UMNH:Mamm:34273,EAR 7943,unknown,2016-10-24T00:00:00,CC0_1_0,,Collector(s): Eric A. Rickart,,,2026-02-26T00:00:54.229Z,,CONTINENT_DERIVED_FROM_COORDINATES;INSTITUTION_MATCH_FUZZY;INSTITUTION_COLLECTION_MISMATCH
1656054727,06a00852-f764-4fb8-80d4-ca51f0918459,https://arctos.database.museum/guid/UMNH:Mamm:34216,Animalia,Chordata,Mammalia,Rodentia,Sciuridae,Tamias,Tamias minimus,scrutator,SUBSPECIES,"Tamias minimus scrutator (Hall & Hatfield, 1934)",Tamias minimus scrutator,,US,"Toiyabe Range, Bade Creek, 0.65 km S, 1.15 km E Austin Summit",Nevada,PRESENT,,2d6267a0-0561-11d8-b851-b8a03c50a862,39.47527,-117.00214,20,,2089,0,,,7/2/11,2,7,2011,4263651,2437432,PRESERVED_SPECIMEN,UMNH,Mammalogy,UMNH:Mamm:34216,EAR 7843,unknown,2016-10-24T00:00:00,CC0_1_0,,Collector(s): Eric A. Rickart,,,2026-02-26T00:00:54.759Z,,CONTINENT_DERIVED_FROM_COORDINATES;INSTITUTION_MATCH_FUZZY;INSTITUTION_COLLECTION_MISMATCH
1656054314,06a00852-f764-4fb8-80d4-ca51f0918459,https://arctos.database.museum/guid/UMNH:Mamm:33807,Animalia,Chordata,Mammalia,Rodentia,Sciuridae,Tamias,Tamias minimus,scrutator,SUBSPECIES,"Tamias minimus scrutator (Hall & Hatfield, 1934)",Tamias minimus scrutator,,US,"Crosstimbers, near Ely",Nevada,PRESENT,,2d6267a0-0561-11d8-b851-b8a03c50a862,39.249,-114.895,1000,,,,,,5/30/07,30,5,2007,4263651,2437432,PRESERVED_SPECIMEN,UMNH,Mammalogy,UMNH:Mamm:33807,BTH 218,unknown,2016-10-24T00:00:00,CC0_1_0,,Collector(s): Bryan T. Hamilton,,,2026-02-26T00:00:53.145Z,,CONTINENT_DERIVED_FROM_COORDINATES;INSTITUTION_MATCH_FUZZY;INSTITUTION_COLLECTION_MISMATCH
1656054289,06a00852-f764-4fb8-80d4-ca51f0918459,https://arctos.database.museum/guid/UMNH:Mamm:33714,Animalia,Chordata,Mammalia,Rodentia,Sciuridae,Tamias,Tamias minimus,scrutator,SUBSPECIES,"Tamias minimus scrutator (Hall & Hatfield, 1934)",Tamias minimus scrutator,,US,"Toiyabe Range, Big Creek Canyon, 0.1 km N, 0.25 km E pass between Big Creek and Kingston canyons",Nevada,PRESENT,,2d6267a0-0561-11d8-b851-b8a03c50a862,39.29361,-117.11385,20,,2560,0,,,8/8/10,8,8,2010,4263651,2437432,PRESERVED_SPECIMEN,UMNH,Mammalogy,UMNH:Mamm:33714,EAR 7544,unknown,2016-10-24T00:00:00,CC0_1_0,,Collector(s): Eric A. Rickart,,,2026-02-26T00:00:52.549Z,,CONTINENT_DERIVED_FROM_COORDINATES;INSTITUTION_MATCH_FUZZY;INSTITUTION_COLLECTION_MISMATCH
1656054268,06a00852-f764-4fb8-80d4-ca51f0918459,https://arctos.database.museum/guid/UMNH:Mamm:33718,Animalia,Chordata,Mammalia,Rodentia,Sciuridae,Tamias,Tamias minimus,scrutator,SUBSPECIES,"Tamias minimus scrutator (Hall & Hatfield, 1934)",Tamias minimus scrutator,,US,"Toiyabe Range, dividing ridge between Big Creek and Kingston canyons",Nevada,PRESENT,,2d6267a0-0561-11d8-b851-b8a03c50a862,39.29441,-117.1191,20,,2682,0,,,8/8/10,8,8,2010,4263651,2437432,PRESERVED_SPECIMEN,UMNH,Mammalogy,UMNH:Mamm:33718,EAR 7563,unknown,2016-10-24T00:00:00,CC0_1_0,,Collector(s): Eric A. Rickart,,,2026-02-26T00:00:48.929Z,,CONTINENT_DERIVED_FROM_COORDINATES;INSTITUTION_MATCH_FUZZY;INSTITUTION_COLLECTION_MISMATCH
1656054253,06a00852-f764-4fb8-80d4-ca51f0918459,https://arctos.database.museum/guid/UMNH:Mamm:33719,Animalia,Chordata,Mammalia,Rodentia,Sciuridae,Tamias,Tamias minimus,scrutator,SUBSPECIES,"Tamias minimus scrutator (Hall & Hatfield, 1934)",Tamias minimus scrutator,,US,"Toiyabe Range, dividing ridge between Big Creek and Kingston canyons",Nevada,PRESENT,,2d6267a0-0561-11d8-b851-b8a03c50a862,39.29441,-117.1191,20,,2682,0,,,8/9/10,9,8,2010,4263651,2437432,PRESERVED_SPECIMEN,UMNH,Mammalogy,UMNH:Mamm:33719,EAR 7564,unknown,2016-10-24T00:00:00,CC0_1_0,,Collector(s): Eric A. Rickart,,,2026-02-26T00:00:48.928Z,,CONTINENT_DERIVED_FROM_COORDINATES;INSTITUTION_MATCH_FUZZY;INSTITUTION_COLLECTION_MISMATCH
1656054248,06a00852-f764-4fb8-80d4-ca51f0918459,https://arctos.database.museum/guid/UMNH:Mamm:33720,Animalia,Chordata,Mammalia,Rodentia,Sciuridae,Tamias,Tamias minimus,scrutator,SUBSPECIES,"Tamias minimus scrutator (Hall & Hatfield, 1934)",Tamias minimus scrutator,,US,"Toiyabe Range, dividing ridge between Big Creek and Kingston canyons",Nevada,PRESENT,,2d6267a0-0561-11d8-b851-b8a03c50a862,39.29441,-117.1191,20,,2682,0,,,8/10/10,10,8,2010,4263651,2437432,PRESERVED_SPECIMEN,UMNH,Mammalogy,UMNH:Mamm:33720,EAR 7591,unknown,2016-10-24T00:00:00,CC0_1_0,,Collector(s): Eric A. Rickart,,,2026-02-26T00:00:49.621Z,,CONTINENT_DERIVED_FROM_COORDINATES;INSTITUTION_MATCH_FUZZY;INSTITUTION_COLLECTION_MISMATCH
1656054238,06a00852-f764-4fb8-80d4-ca51f0918459,https://arctos.database.museum/guid/UMNH:Mamm:33713,Animalia,Chordata,Mammalia,Rodentia,Sciuridae,Tamias,Tamias minimus,scrutator,SUBSPECIES,"Tamias minimus scrutator (Hall & Hatfield, 1934)",Tamias minimus scrutator,,US,"Toiyabe Range, Big Creek Canyon, 0.1 km N, 0.25 km E pass between Big Creek and Kingston canyons",Nevada,PRESENT,,2d6267a0-0561-11d8-b851-b8a03c50a862,39.29327,-117.11433,20,,2560,0,,,8/8/10,8,8,2010,4263651,2437432,PRESERVED_SPECIMEN,UMNH,Mammalogy,UMNH:Mamm:33713,EAR 7533,unknown,2016-10-24T00:00:00,CC0_1_0,,Collector(s): Eric A. Rickart,,,2026-02-26T00:00:55.406Z,,CONTINENT_DERIVED_FROM_COORDINATES;INSTITUTION_MATCH_FUZZY;INSTITUTION_COLLECTION_MISMATCH
1656054219,06a00852-f764-4fb8-80d4-ca51f0918459,https://arctos.database.museum/guid/UMNH:Mamm:33717,Animalia,Chordata,Mammalia,Rodentia,Sciuridae,Tamias,Tamias minimus,scrutator,SUBSPECIES,"Tamias minimus scrutator (Hall & Hatfield, 1934)",Tamias minimus scrutator,,US,"Toiyabe Range, dividing ridge between Big Creek and Kingston canyons",Nevada,PRESENT,,2d6267a0-0561-11d8-b851-b8a03c50a862,39.29441,-117.1191,20,,2682,0,,,8/8/10,8,8,2010,4263651,2437432,PRESERVED_SPECIMEN,UMNH,Mammalogy,UMNH:Mamm:33717,EAR 7562,unknown,2016-10-24T00:00:00,CC0_1_0,,Collector(s): Eric A. Rickart,,,2026-02-26T00:00:48.931Z,,CONTINENT_DERIVED_FROM_COORDINATES;INSTITUTION_MATCH_FUZZY;INSTITUTION_COLLECTION_MISMATCH
1656054206,06a00852-f764-4fb8-80d4-ca51f0918459,https://arctos.database.museum/guid/UMNH:Mamm:33715,Animalia,Chordata,Mammalia,Rodentia,Sciuridae,Tamias,Tamias minimus,scrutator,SUBSPECIES,"Tamias minimus scrutator (Hall & Hatfield, 1934)",Tamias minimus scrutator,,US,"Toiyabe Range, dividing ridge between Big Creek and Kingston canyons",Nevada,PRESENT,,2d6267a0-0561-11d8-b851-b8a03c50a862,39.29441,-117.1191,20,,2682,0,,,8/8/10,8,8,2010,4263651,2437432,PRESERVED_SPECIMEN,UMNH,Mammalogy,UMNH:Mamm:33715,EAR 7560,unknown,2016-10-24T00:00:00,CC0_1_0,,Collector(s): Eric A. Rickart,,,2026-02-26T00:00:48.962Z,,CONTINENT_DERIVED_FROM_COORDINATES;INSTITUTION_MATCH_FUZZY;INSTITUTION_COLLECTION_MISMATCH
1656054204,06a00852-f764-4fb8-80d4-ca51f0918459,https://arctos.database.museum/guid/UMNH:Mamm:33716,Animalia,Chordata,Mammalia,Rodentia,Sciuridae,Tamias,Tamias minimus,scrutator,SUBSPECIES,"Tamias minimus scrutator (Hall & Hatfield, 1934)",Tamias minimus scrutator,,US,"Toiyabe Range, dividing ridge between Big Creek and Kingston canyons",Nevada,PRESENT,,2d6267a0-0561-11d8-b851-b8a03c50a862,39.29441,-117.1191,20,,2682,0,,,8/8/10,8,8,2010,4263651,2437432,PRESERVED_SPECIMEN,UMNH,Mammalogy,UMNH:Mamm:33716,EAR 7561,unknown,2016-10-24T00:00:00,CC0_1_0,,Collector(s): Eric A. Rickart,,,2026-02-26T00:00:48.953Z,,CONTINENT_DERIVED_FROM_COORDINATES;INSTITUTION_MATCH_FUZZY;INSTITUTION_COLLECTION_MISMATCH
1656053999,06a00852-f764-4fb8-80d4-ca51f0918459,https://arctos.database.museum/guid/UMNH:Mamm:33458,Animalia,Chordata,Mammalia,Rodentia,Sciuridae,Tamias,Tamias minimus,scrutator,SUBSPECIES,"Tamias minimus scrutator (Hall & Hatfield, 1934)",Tamias minimus scrutator,,US,"Toiyabe Range, Big Creek Canyon, 0.8 km due N pass between Big Creek and Kingston canyons",Nevada,PRESENT,,2d6267a0-0561-11d8-b851-b8a03c50a862,39.30135,-117.11784,20,,2469,0,,,7/15/10,15,7,2010,4263651,2437432,PRESERVED_SPECIMEN,UMNH,Mammalogy,UMNH:Mamm:33458,EAR 7449,unknown,2016-10-24T00:00:00,CC0_1_0,,Collector(s): Eric A. Rickart,,,2026-02-26T00:00:50.105Z,,CONTINENT_DERIVED_FROM_COORDINATES;INSTITUTION_MATCH_FUZZY;INSTITUTION_COLLECTION_MISMATCH
1656053980,06a00852-f764-4fb8-80d4-ca51f0918459,https://arctos.database.museum/guid/UMNH:Mamm:33433,Animalia,Chordata,Mammalia,Rodentia,Sciuridae,Tamias,Tamias minimus,scrutator,SUBSPECIES,"Tamias minimus scrutator (Hall & Hatfield, 1934)",Tamias minimus scrutator,,US,"Toiyabe Range, dividing ridge between Big Creek and Kingston canyons",Nevada,PRESENT,,2d6267a0-0561-11d8-b851-b8a03c50a862,39.29139,-117.116,20,,2682,0,,,7/12/10,12,7,2010,4263651,2437432,PRESERVED_SPECIMEN,UMNH,Mammalogy,UMNH:Mamm:33433,EAR 7334,unknown,2016-10-24T00:00:00,CC0_1_0,,Collector(s): Eric A. Rickart,,,2026-02-26T00:00:54.638Z,,CONTINENT_DERIVED_FROM_COORDINATES;INSTITUTION_MATCH_FUZZY;INSTITUTION_COLLECTION_MISMATCH
1656053975,06a00852-f764-4fb8-80d4-ca51f0918459,https://arctos.database.museum/guid/UMNH:Mamm:33444,Animalia,Chordata,Mammalia,Rodentia,Sciuridae,Tamias,Tamias minimus,scrutator,SUBSPECIES,"Tamias minimus scrutator (Hall & Hatfield, 1934)",Tamias minimus scrutator,,US,"Toiyabe Range, Big Creek Canyon, 0.1 km N, 0.25 km E pass between Big Creek and Kingston canyons",Nevada,PRESENT,,2d6267a0-0561-11d8-b851-b8a03c50a862,39.29328,-117.11319,20,,2560,0,,,7/13/10,13,7,2010,4263651,2437432,PRESERVED_SPECIMEN,UMNH,Mammalogy,UMNH:Mamm:33444,EAR 7360,unknown,2016-10-24T00:00:00,CC0_1_0,,Collector(s): Eric A. Rickart,,,2026-02-26T00:00:48.907Z,,CONTINENT_DERIVED_FROM_COORDINATES;INSTITUTION_MATCH_FUZZY;INSTITUTION_COLLECTION_MISMATCH
1656053972,06a00852-f764-4fb8-80d4-ca51f0918459,https://arctos.database.museum/guid/UMNH:Mamm:33445,Animalia,Chordata,Mammalia,Rodentia,Sciuridae,Tamias,Tamias minimus,scrutator,SUBSPECIES,"Tamias minimus scrutator (Hall & Hatfield, 1934)",Tamias minimus scrutator,,US,"Toiyabe Range, Big Creek Canyon, 0.1 km N, 0.25 km E pass between Big Creek and Kingston canyons",Nevada,PRESENT,,2d6267a0-0561-11d8-b851-b8a03c50a862,39.29328,-117.11319,20,,2560,0,,,7/13/10,13,7,2010,4263651,2437432,PRESERVED_SPECIMEN,UMNH,Mammalogy,UMNH:Mamm:33445,EAR 7361,unknown,2016-10-24T00:00:00,CC0_1_0,,Collector(s): Eric A. Rickart,,,2026-02-26T00:00:48.822Z,,CONTINENT_DERIVED_FROM_COORDINATES;INSTITUTION_MATCH_FUZZY;INSTITUTION_COLLECTION_MISMATCH
1656053968,06a00852-f764-4fb8-80d4-ca51f0918459,https://arctos.database.museum/guid/UMNH:Mamm:33456,Animalia,Chordata,Mammalia,Rodentia,Sciuridae,Tamias,Tamias minimus,scrutator,SUBSPECIES,"Tamias minimus scrutator (Hall & Hatfield, 1934)",Tamias minimus scrutator,,US,"Toiyabe Range, dividing ridge between Big Creek and Kingston canyons",Nevada,PRESENT,,2d6267a0-0561-11d8-b851-b8a03c50a862,39.29394,-117.11852,20,,2682,0,,,7/13/10,13,7,2010,4263651,2437432,PRESERVED_SPECIMEN,UMNH,Mammalogy,UMNH:Mamm:33456,EAR 7408,unknown,2016-10-24T00:00:00,CC0_1_0,,Collector(s): Eric A. Rickart,,,2026-02-26T00:00:50.137Z,,CONTINENT_DERIVED_FROM_COORDINATES;INSTITUTION_MATCH_FUZZY;INSTITUTION_COLLECTION_MISMATCH
1656053967,06a00852-f764-4fb8-80d4-ca51f0918459,https://arctos.database.museum/guid/UMNH:Mamm:33428,Animalia,Chordata,Mammalia,Rodentia,Sciuridae,Tamias,Tamias minimus,scrutator,SUBSPECIES,"Tamias minimus scrutator (Hall & Hatfield, 1934)",Tamias minimus scrutator,,US,"Toiyabe Range, Big Creek Canyon, 1.4 km N, 0.1 km W pass between Big Creek and Kingston canyons",Nevada,PRESENT,,2d6267a0-0561-11d8-b851-b8a03c50a862,39.30655,-117.11863,20,,2393,0,,,7/11/10,11,7,2010,4263651,2437432,PRESERVED_SPECIMEN,UMNH,Mammalogy,UMNH:Mamm:33428,EAR 7275,unknown,2016-10-24T00:00:00,CC0_1_0,,Collector(s): Eric A. Rickart,,,2026-02-26T00:00:51.788Z,,CONTINENT_DERIVED_FROM_COORDINATES;INSTITUTION_MATCH_FUZZY;INSTITUTION_COLLECTION_MISMATCH
1656053965,06a00852-f764-4fb8-80d4-ca51f0918459,https://arctos.database.museum/guid/UMNH:Mamm:33436,Animalia,Chordata,Mammalia,Rodentia,Sciuridae,Tamias,Tamias minimus,scrutator,SUBSPECIES,"Tamias minimus scrutator (Hall & Hatfield, 1934)",Tamias minimus scrutator,,US,"Toiyabe Range, Big Creek Canyon, 0.1 km N, 0.25 km E pass between Big Creek and Kingston canyons",Nevada,PRESENT,,2d6267a0-0561-11d8-b851-b8a03c50a862,39.29328,-117.11319,20,,2560,0,,,7/12/10,12,7,2010,4263651,2437432,PRESERVED_SPECIMEN,UMNH,Mammalogy,UMNH:Mamm:33436,EAR 7337,unknown,2016-10-24T00:00:00,CC0_1_0,,Collector(s): Eric A. Rickart,,,2026-02-26T00:00:54.265Z,,CONTINENT_DERIVED_FROM_COORDINATES;INSTITUTION_MATCH_FUZZY;INSTITUTION_COLLECTION_MISMATCH
1656053964,06a00852-f764-4fb8-80d4-ca51f0918459,https://arctos.database.museum/guid/UMNH:Mamm:33443,Animalia,Chordata,Mammalia,Rodentia,Sciuridae,Tamias,Tamias minimus,scrutator,SUBSPECIES,"Tamias minimus scrutator (Hall & Hatfield, 1934)",Tamias minimus scrutator,,US,"Toiyabe Range, dividing ridge between Big Creek and Kingston canyons",Nevada,PRESENT,,2d6267a0-0561-11d8-b851-b8a03c50a862,39.29139,-117.116,20,,2682,0,,,7/13/10,13,7,2010,4263651,2437432,PRESERVED_SPECIMEN,UMNH,Mammalogy,UMNH:Mamm:33443,EAR 7349,unknown,2016-10-24T00:00:00,CC0_1_0,,Collector(s): Eric A. Rickart,,,2026-02-26T00:00:48.911Z,,CONTINENT_DERIVED_FROM_COORDINATES;INSTITUTION_MATCH_FUZZY;INSTITUTION_COLLECTION_MISMATCH
1656053963,06a00852-f764-4fb8-80d4-ca51f0918459,https://arctos.database.museum/guid/UMNH:Mamm:33453,Animalia,Chordata,Mammalia,Rodentia,Sciuridae,Tamias,Tamias minimus,scrutator,SUBSPECIES,"Tamias minimus scrutator (Hall & Hatfield, 1934)",Tamias minimus scrutator,,US,"Toiyabe Range, Big Creek Canyon, 0.1 km N, 0.25 km E pass between Big Creek and Kingston canyons",Nevada,PRESENT,,2d6267a0-0561-11d8-b851-b8a03c50a862,39.29416,-117.11591,20,,2560,0,,,7/13/10,13,7,2010,4263651,2437432,PRESERVED_SPECIMEN,UMNH,Mammalogy,UMNH:Mamm:33453,EAR 7405,unknown,2016-10-24T00:00:00,CC0_1_0,,Collector(s): Eric A. Rickart,,,2026-02-26T00:00:50.172Z,,CONTINENT_DERIVED_FROM_COORDINATES;INSTITUTION_MATCH_FUZZY;INSTITUTION_COLLECTION_MISMATCH
1656053958,06a00852-f764-4fb8-80d4-ca51f0918459,https://arctos.database.museum/guid/UMNH:Mamm:33450,Animalia,Chordata,Mammalia,Rodentia,Sciuridae,Tamias,Tamias minimus,scrutator,SUBSPECIES,"Tamias minimus scrutator (Hall & Hatfield, 1934)",Tamias minimus scrutator,,US,"Toiyabe Range, Big Creek Canyon, 1.4 km N, 0.1 km W pass between Big Creek and Kingston canyons",Nevada,PRESENT,,2d6267a0-0561-11d8-b851-b8a03c50a862,39.30594,-117.12208,20,,2393,0,,,7/13/10,13,7,2010,4263651,2437432,PRESERVED_SPECIMEN,UMNH,Mammalogy,UMNH:Mamm:33450,EAR 7398,unknown,2016-10-24T00:00:00,CC0_1_0,,Collector(s): Eric A. Rickart,,,2026-02-26T00:00:50.193Z,,CONTINENT_DERIVED_FROM_COORDINATES;INSTITUTION_MATCH_FUZZY;INSTITUTION_COLLECTION_MISMATCH
1656053951,06a00852-f764-4fb8-80d4-ca51f0918459,https://arctos.database.museum/guid/UMNH:Mamm:33427,Animalia,Chordata,Mammalia,Rodentia,Sciuridae,Tamias,Tamias minimus,scrutator,SUBSPECIES,"Tamias minimus scrutator (Hall & Hatfield, 1934)",Tamias minimus scrutator,,US,"Toiyabe Range, Big Creek Canyon, 1.4 km N, 0.1 km W pass between Big Creek and Kingston canyons",Nevada,PRESENT,,2d6267a0-0561-11d8-b851-b8a03c50a862,39.30655,-117.11863,20,,2393,0,,,7/11/10,11,7,2010,4263651,2437432,PRESERVED_SPECIMEN,UMNH,Mammalogy,UMNH:Mamm:33427,EAR 7261,unknown,2016-10-24T00:00:00,CC0_1_0,,Collector(s): Eric A. Rickart,,,2026-02-26T00:00:51.756Z,,CONTINENT_DERIVED_FROM_COORDINATES;INSTITUTION_MATCH_FUZZY;INSTITUTION_COLLECTION_MISMATCH
1656053950,06a00852-f764-4fb8-80d4-ca51f0918459,https://arctos.database.museum/guid/UMNH:Mamm:33442,Animalia,Chordata,Mammalia,Rodentia,Sciuridae,Tamias,Tamias minimus,scrutator,SUBSPECIES,"Tamias minimus scrutator (Hall & Hatfield, 1934)",Tamias minimus scrutator,,US,"Toiyabe Range, dividing ridge between Big Creek and Kingston canyons",Nevada,PRESENT,,2d6267a0-0561-11d8-b851-b8a03c50a862,39.29139,-117.116,20,,2682,0,,,7/13/10,13,7,2010,4263651,2437432,PRESERVED_SPECIMEN,UMNH,Mammalogy,UMNH:Mamm:33442,EAR 7348,unknown,2016-10-24T00:00:00,CC0_1_0,,Collector(s): Eric A. Rickart,,,2026-02-26T00:00:48.909Z,,CONTINENT_DERIVED_FROM_COORDINATES;INSTITUTION_MATCH_FUZZY;INSTITUTION_COLLECTION_MISMATCH
1656053943,06a00852-f764-4fb8-80d4-ca51f0918459,https://arctos.database.museum/guid/UMNH:Mamm:33440,Animalia,Chordata,Mammalia,Rodentia,Sciuridae,Tamias,Tamias minimus,scrutator,SUBSPECIES,"Tamias minimus scrutator (Hall & Hatfield, 1934)",Tamias minimus scrutator,,US,"Toiyabe Range, dividing ridge between Big Creek and Kingston canyons",Nevada,PRESENT,,2d6267a0-0561-11d8-b851-b8a03c50a862,39.29139,-117.116,20,,2682,0,,,7/13/10,13,7,2010,4263651,2437432,PRESERVED_SPECIMEN,UMNH,Mammalogy,UMNH:Mamm:33440,EAR 7346,unknown,2016-10-24T00:00:00,CC0_1_0,,Collector(s): Eric A. Rickart,,,2026-02-26T00:00:48.929Z,,CONTINENT_DERIVED_FROM_COORDINATES;INSTITUTION_MATCH_FUZZY;INSTITUTION_COLLECTION_MISMATCH
1656053938,06a00852-f764-4fb8-80d4-ca51f0918459,https://arctos.database.museum/guid/UMNH:Mamm:33437,Animalia,Chordata,Mammalia,Rodentia,Sciuridae,Tamias,Tamias minimus,scrutator,SUBSPECIES,"Tamias minimus scrutator (Hall & Hatfield, 1934)",Tamias minimus scrutator,,US,"Toiyabe Range, Big Creek Canyon, 0.1 km N, 0.25 km E pass between Big Creek and Kingston canyons",Nevada,PRESENT,,2d6267a0-0561-11d8-b851-b8a03c50a862,39.29234,-117.11313,20,,2560,0,,,7/12/10,12,7,2010,4263651,2437432,PRESERVED_SPECIMEN,UMNH,Mammalogy,UMNH:Mamm:33437,EAR 7339,unknown,2016-10-24T00:00:00,CC0_1_0,,Collector(s): Eric A. Rickart,,,2026-02-26T00:00:54.612Z,,CONTINENT_DERIVED_FROM_COORDINATES;INSTITUTION_MATCH_FUZZY;INSTITUTION_COLLECTION_MISMATCH
1656053934,06a00852-f764-4fb8-80d4-ca51f0918459,https://arctos.database.museum/guid/UMNH:Mamm:33447,Animalia,Chordata,Mammalia,Rodentia,Sciuridae,Tamias,Tamias minimus,scrutator,SUBSPECIES,"Tamias minimus scrutator (Hall & Hatfield, 1934)",Tamias minimus scrutator,,US,"Toiyabe Range, Big Creek Canyon, 0.1 km N, 0.25 km E pass between Big Creek and Kingston canyons",Nevada,PRESENT,,2d6267a0-0561-11d8-b851-b8a03c50a862,39.29416,-117.11591,20,,2560,0,,,7/13/10,13,7,2010,4263651,2437432,PRESERVED_SPECIMEN,UMNH,Mammalogy,UMNH:Mamm:33447,EAR 7380,unknown,2016-10-24T00:00:00,CC0_1_0,,Collector(s): Eric A. Rickart,,,2026-02-26T00:00:48.985Z,,CONTINENT_DERIVED_FROM_COORDINATES;INSTITUTION_MATCH_FUZZY;INSTITUTION_COLLECTION_MISMATCH
1656053933,06a00852-f764-4fb8-80d4-ca51f0918459,https://arctos.database.museum/guid/UMNH:Mamm:33451,Animalia,Chordata,Mammalia,Rodentia,Sciuridae,Tamias,Tamias minimus,scrutator,SUBSPECIES,"Tamias minimus scrutator (Hall & Hatfield, 1934)",Tamias minimus scrutator,,US,"Toiyabe Range, Big Creek Canyon, 0.1 km N, 0.25 km E pass between Big Creek and Kingston canyons",Nevada,PRESENT,,2d6267a0-0561-11d8-b851-b8a03c50a862,39.29234,-117.11313,20,,2560,0,,,7/13/10,13,7,2010,4263651,2437432,PRESERVED_SPECIMEN,UMNH,Mammalogy,UMNH:Mamm:33451,EAR 7399,unknown,2016-10-24T00:00:00,CC0_1_0,,Collector(s): Eric A. Rickart,,,2026-02-26T00:00:50.015Z,,CONTINENT_DERIVED_FROM_COORDINATES;INSTITUTION_MATCH_FUZZY;INSTITUTION_COLLECTION_MISMATCH
1656053931,06a00852-f764-4fb8-80d4-ca51f0918459,https://arctos.database.museum/guid/UMNH:Mamm:33454,Animalia,Chordata,Mammalia,Rodentia,Sciuridae,Tamias,Tamias minimus,scrutator,SUBSPECIES,"Tamias minimus scrutator (Hall & Hatfield, 1934)",Tamias minimus scrutator,,US,"Toiyabe Range, dividing ridge between Big Creek and Kingston canyons",Nevada,PRESENT,,2d6267a0-0561-11d8-b851-b8a03c50a862,39.29394,-117.11852,20,,2682,0,,,7/13/10,13,7,2010,4263651,2437432,PRESERVED_SPECIMEN,UMNH,Mammalogy,UMNH:Mamm:33454,EAR 7406,unknown,2016-10-24T00:00:00,CC0_1_0,,Collector(s): Eric A. Rickart,,,2026-02-26T00:00:50.159Z,,CONTINENT_DERIVED_FROM_COORDINATES;INSTITUTION_MATCH_FUZZY;INSTITUTION_COLLECTION_MISMATCH
1656053925,06a00852-f764-4fb8-80d4-ca51f0918459,https://arctos.database.museum/guid/UMNH:Mamm:33439,Animalia,Chordata,Mammalia,Rodentia,Sciuridae,Tamias,Tamias minimus,scrutator,SUBSPECIES,"Tamias minimus scrutator (Hall & Hatfield, 1934)",Tamias minimus scrutator,,US,"Toiyabe Range, Big Creek Canyon, 0.1 km N, 0.25 km E pass between Big Creek and Kingston canyons",Nevada,PRESENT,,2d6267a0-0561-11d8-b851-b8a03c50a862,39.29234,-117.11313,20,,2560,0,,,7/12/10,12,7,2010,4263651,2437432,PRESERVED_SPECIMEN,UMNH,Mammalogy,UMNH:Mamm:33439,EAR 7341,unknown,2016-10-24T00:00:00,CC0_1_0,,Collector(s): Eric A. Rickart,,,2026-02-26T00:00:54.298Z,,CONTINENT_DERIVED_FROM_COORDINATES;INSTITUTION_MATCH_FUZZY;INSTITUTION_COLLECTION_MISMATCH
1656053921,06a00852-f764-4fb8-80d4-ca51f0918459,https://arctos.database.museum/guid/UMNH:Mamm:33448,Animalia,Chordata,Mammalia,Rodentia,Sciuridae,Tamias,Tamias minimus,scrutator,SUBSPECIES,"Tamias minimus scrutator (Hall & Hatfield, 1934)",Tamias minimus scrutator,,US,"Toiyabe Range, Big Creek Canyon, 0.1 km N, 0.25 km E pass between Big Creek and Kingston canyons",Nevada,PRESENT,,2d6267a0-0561-11d8-b851-b8a03c50a862,39.29416,-117.11591,20,,2560,0,,,7/13/10,13,7,2010,4263651,2437432,PRESERVED_SPECIMEN,UMNH,Mammalogy,UMNH:Mamm:33448,EAR 7381,unknown,2016-10-24T00:00:00,CC0_1_0,,Collector(s): Eric A. Rickart,,,2026-02-26T00:00:48.990Z,,CONTINENT_DERIVED_FROM_COORDINATES;INSTITUTION_MATCH_FUZZY;INSTITUTION_COLLECTION_MISMATCH
1656053920,06a00852-f764-4fb8-80d4-ca51f0918459,https://arctos.database.museum/guid/UMNH:Mamm:33455,Animalia,Chordata,Mammalia,Rodentia,Sciuridae,Tamias,Tamias minimus,scrutator,SUBSPECIES,"Tamias minimus scrutator (Hall & Hatfield, 1934)",Tamias minimus scrutator,,US,"Toiyabe Range, dividing ridge between Big Creek and Kingston canyons",Nevada,PRESENT,,2d6267a0-0561-11d8-b851-b8a03c50a862,39.29394,-117.11852,20,,2682,0,,,7/13/10,13,7,2010,4263651,2437432,PRESERVED_SPECIMEN,UMNH,Mammalogy,UMNH:Mamm:33455,EAR 7407,unknown,2016-10-24T00:00:00,CC0_1_0,,Collector(s): Eric A. Rickart,,,2026-02-26T00:00:50.158Z,,CONTINENT_DERIVED_FROM_COORDINATES;INSTITUTION_MATCH_FUZZY;INSTITUTION_COLLECTION_MISMATCH
1656053918,06a00852-f764-4fb8-80d4-ca51f0918459,https://arctos.database.museum/guid/UMNH:Mamm:33452,Animalia,Chordata,Mammalia,Rodentia,Sciuridae,Tamias,Tamias minimus,scrutator,SUBSPECIES,"Tamias minimus scrutator (Hall & Hatfield, 1934)",Tamias minimus scrutator,,US,"Toiyabe Range, Big Creek Canyon, 0.1 km N, 0.25 km E pass between Big Creek and Kingston canyons",Nevada,PRESENT,,2d6267a0-0561-11d8-b851-b8a03c50a862,39.29328,-117.11319,20,,2560,0,,,7/13/10,13,7,2010,4263651,2437432,PRESERVED_SPECIMEN,UMNH,Mammalogy,UMNH:Mamm:33452,EAR 7400,unknown,2016-10-24T00:00:00,CC0_1_0,,Collector(s): Eric A. Rickart,,,2026-02-26T00:00:50.031Z,,CONTINENT_DERIVED_FROM_COORDINATES;INSTITUTION_MATCH_FUZZY;INSTITUTION_COLLECTION_MISMATCH
1656053915,06a00852-f764-4fb8-80d4-ca51f0918459,https://arctos.database.museum/guid/UMNH:Mamm:33434,Animalia,Chordata,Mammalia,Rodentia,Sciuridae,Tamias,Tamias minimus,scrutator,SUBSPECIES,"Tamias minimus scrutator (Hall & Hatfield, 1934)",Tamias minimus scrutator,,US,"Toiyabe Range, dividing ridge between Big Creek and Kingston canyons",Nevada,PRESENT,,2d6267a0-0561-11d8-b851-b8a03c50a862,39.29139,-117.116,20,,2682,0,,,7/12/10,12,7,2010,4263651,2437432,PRESERVED_SPECIMEN,UMNH,Mammalogy,UMNH:Mamm:33434,EAR 7335,unknown,2016-10-24T00:00:00,CC0_1_0,,Collector(s): Eric A. Rickart,,,2026-02-26T00:00:54.360Z,,CONTINENT_DERIVED_FROM_COORDINATES;INSTITUTION_MATCH_FUZZY;INSTITUTION_COLLECTION_MISMATCH
1656053914,06a00852-f764-4fb8-80d4-ca51f0918459,https://arctos.database.museum/guid/UMNH:Mamm:33426,Animalia,Chordata,Mammalia,Rodentia,Sciuridae,Tamias,Tamias minimus,scrutator,SUBSPECIES,"Tamias minimus scrutator (Hall & Hatfield, 1934)",Tamias minimus scrutator,,US,"Toiyabe Range, Big Creek Canyon, 1.4 km N, 0.1 km W pass between Big Creek and Kingston canyons",Nevada,PRESENT,,2d6267a0-0561-11d8-b851-b8a03c50a862,39.30655,-117.11863,20,,2393,0,,,7/11/10,11,7,2010,4263651,2437432,PRESERVED_SPECIMEN,UMNH,Mammalogy,UMNH:Mamm:33426,EAR 7260,unknown,2016-10-24T00:00:00,CC0_1_0,,Collector(s): Eric A. Rickart,,,2026-02-26T00:00:51.760Z,,CONTINENT_DERIVED_FROM_COORDINATES;INSTITUTION_MATCH_FUZZY;INSTITUTION_COLLECTION_MISMATCH
1656053913,06a00852-f764-4fb8-80d4-ca51f0918459,https://arctos.database.museum/guid/UMNH:Mamm:33431,Animalia,Chordata,Mammalia,Rodentia,Sciuridae,Tamias,Tamias minimus,scrutator,SUBSPECIES,"Tamias minimus scrutator (Hall & Hatfield, 1934)",Tamias minimus scrutator,,US,"Toiyabe Range, dividing ridge between Big Creek and Kingston canyons",Nevada,PRESENT,,2d6267a0-0561-11d8-b851-b8a03c50a862,39.29139,-117.116,20,,2682,0,,,7/12/10,12,7,2010,4263651,2437432,PRESERVED_SPECIMEN,UMNH,Mammalogy,UMNH:Mamm:33431,EAR 7313,unknown,2016-10-24T00:00:00,CC0_1_0,,Collector(s): Eric A. Rickart,,,2026-02-26T00:00:54.522Z,,CONTINENT_DERIVED_FROM_COORDINATES;INSTITUTION_MATCH_FUZZY;INSTITUTION_COLLECTION_MISMATCH
1656053912,06a00852-f764-4fb8-80d4-ca51f0918459,https://arctos.database.museum/guid/UMNH:Mamm:33438,Animalia,Chordata,Mammalia,Rodentia,Sciuridae,Tamias,Tamias minimus,scrutator,SUBSPECIES,"Tamias minimus scrutator (Hall & Hatfield, 1934)",Tamias minimus scrutator,,US,"Toiyabe Range, Big Creek Canyon, 0.1 km N, 0.25 km E pass between Big Creek and Kingston canyons",Nevada,PRESENT,,2d6267a0-0561-11d8-b851-b8a03c50a862,39.29234,-117.11313,20,,2560,0,,,7/12/10,12,7,2010,4263651,2437432,PRESERVED_SPECIMEN,UMNH,Mammalogy,UMNH:Mamm:33438,EAR 7340,unknown,2016-10-24T00:00:00,CC0_1_0,,Collector(s): Eric A. Rickart,,,2026-02-26T00:00:54.717Z,,CONTINENT_DERIVED_FROM_COORDINATES;INSTITUTION_MATCH_FUZZY;INSTITUTION_COLLECTION_MISMATCH
1656053910,06a00852-f764-4fb8-80d4-ca51f0918459,https://arctos.database.museum/guid/UMNH:Mamm:33429,Animalia,Chordata,Mammalia,Rodentia,Sciuridae,Tamias,Tamias minimus,scrutator,SUBSPECIES,"Tamias minimus scrutator (Hall & Hatfield, 1934)",Tamias minimus scrutator,,US,"Toiyabe Range, dividing ridge between Big Creek and Kingston canyons",Nevada,PRESENT,,2d6267a0-0561-11d8-b851-b8a03c50a862,39.29139,-117.116,20,,2682,0,,,7/12/10,12,7,2010,4263651,2437432,PRESERVED_SPECIMEN,UMNH,Mammalogy,UMNH:Mamm:33429,EAR 7311,unknown,2016-10-24T00:00:00,CC0_1_0,,Collector(s): Eric A. Rickart,,,2026-02-26T00:00:51.768Z,,CONTINENT_DERIVED_FROM_COORDINATES;INSTITUTION_MATCH_FUZZY;INSTITUTION_COLLECTION_MISMATCH
1656053901,06a00852-f764-4fb8-80d4-ca51f0918459,https://arctos.database.museum/guid/UMNH:Mamm:33446,Animalia,Chordata,Mammalia,Rodentia,Sciuridae,Tamias,Tamias minimus,scrutator,SUBSPECIES,"Tamias minimus scrutator (Hall & Hatfield, 1934)",Tamias minimus scrutator,,US,"Toiyabe Range, dividing ridge between Big Creek and Kingston canyons",Nevada,PRESENT,,2d6267a0-0561-11d8-b851-b8a03c50a862,39.29394,-117.11852,20,,2682,0,,,7/13/10,13,7,2010,4263651,2437432,PRESERVED_SPECIMEN,UMNH,Mammalogy,UMNH:Mamm:33446,EAR 7362,unknown,2016-10-24T00:00:00,CC0_1_0,,Collector(s): Eric A. Rickart,,,2026-02-26T00:00:48.822Z,,CONTINENT_DERIVED_FROM_COORDINATES;INSTITUTION_MATCH_FUZZY;INSTITUTION_COLLECTION_MISMATCH
1656053898,06a00852-f764-4fb8-80d4-ca51f0918459,https://arctos.database.museum/guid/UMNH:Mamm:33432,Animalia,Chordata,Mammalia,Rodentia,Sciuridae,Tamias,Tamias minimus,scrutator,SUBSPECIES,"Tamias minimus scrutator (Hall & Hatfield, 1934)",Tamias minimus scrutator,,US,"Toiyabe Range, Big Creek Canyon, 0.1 km N, 0.25 km E pass between Big Creek and Kingston canyons",Nevada,PRESENT,,2d6267a0-0561-11d8-b851-b8a03c50a862,39.29234,-117.11313,20,,2560,0,,,7/12/10,12,7,2010,4263651,2437432,PRESERVED_SPECIMEN,UMNH,Mammalogy,UMNH:Mamm:33432,EAR 7314,unknown,2016-10-24T00:00:00,CC0_1_0,,Collector(s): Eric A. Rickart,,,2026-02-26T00:00:54.066Z,,CONTINENT_DERIVED_FROM_COORDINATES;INSTITUTION_MATCH_FUZZY;INSTITUTION_COLLECTION_MISMATCH
1656053897,06a00852-f764-4fb8-80d4-ca51f0918459,https://arctos.database.museum/guid/UMNH:Mamm:33449,Animalia,Chordata,Mammalia,Rodentia,Sciuridae,Tamias,Tamias minimus,scrutator,SUBSPECIES,"Tamias minimus scrutator (Hall & Hatfield, 1934)",Tamias minimus scrutator,,US,"Toiyabe Range, Big Creek Canyon, 0.1 km N, 0.25 km E pass between Big Creek and Kingston canyons",Nevada,PRESENT,,2d6267a0-0561-11d8-b851-b8a03c50a862,39.29416,-117.11591,20,,2560,0,,,7/13/10,13,7,2010,4263651,2437432,PRESERVED_SPECIMEN,UMNH,Mammalogy,UMNH:Mamm:33449,EAR 7382,unknown,2016-10-24T00:00:00,CC0_1_0,,Collector(s): Eric A. Rickart,,,2026-02-26T00:00:48.983Z,,CONTINENT_DERIVED_FROM_COORDINATES;INSTITUTION_MATCH_FUZZY;INSTITUTION_COLLECTION_MISMATCH
1656053893,06a00852-f764-4fb8-80d4-ca51f0918459,https://arctos.database.museum/guid/UMNH:Mamm:33457,Animalia,Chordata,Mammalia,Rodentia,Sciuridae,Tamias,Tamias minimus,scrutator,SUBSPECIES,"Tamias minimus scrutator (Hall & Hatfield, 1934)",Tamias minimus scrutator,,US,"Toiyabe Range, dividing ridge between Big Creek and Kingston canyons",Nevada,PRESENT,,2d6267a0-0561-11d8-b851-b8a03c50a862,39.29394,-117.11852,20,,2682,0,,,7/14/10,14,7,2010,4263651,2437432,PRESERVED_SPECIMEN,UMNH,Mammalogy,UMNH:Mamm:33457,EAR 7413,unknown,2016-10-24T00:00:00,CC0_1_0,,Collector(s): Eric A. Rickart,,,2026-02-26T00:00:50.140Z,,CONTINENT_DERIVED_FROM_COORDINATES;INSTITUTION_MATCH_FUZZY;INSTITUTION_COLLECTION_MISMATCH
1656053892,06a00852-f764-4fb8-80d4-ca51f0918459,https://arctos.database.museum/guid/UMNH:Mamm:33441,Animalia,Chordata,Mammalia,Rodentia,Sciuridae,Tamias,Tamias minimus,scrutator,SUBSPECIES,"Tamias minimus scrutator (Hall & Hatfield, 1934)",Tamias minimus scrutator,,US,"Toiyabe Range, dividing ridge between Big Creek and Kingston canyons",Nevada,PRESENT,,2d6267a0-0561-11d8-b851-b8a03c50a862,39.29139,-117.116,20,,2682,0,,,7/13/10,13,7,2010,4263651,2437432,PRESERVED_SPECIMEN,UMNH,Mammalogy,UMNH:Mamm:33441,EAR 7347,unknown,2016-10-24T00:00:00,CC0_1_0,,Collector(s): Eric A. Rickart,,,2026-02-26T00:00:48.938Z,,CONTINENT_DERIVED_FROM_COORDINATES;INSTITUTION_MATCH_FUZZY;INSTITUTION_COLLECTION_MISMATCH
1656053876,06a00852-f764-4fb8-80d4-ca51f0918459,https://arctos.database.museum/guid/UMNH:Mamm:33430,Animalia,Chordata,Mammalia,Rodentia,Sciuridae,Tamias,Tamias minimus,scrutator,SUBSPECIES,"Tamias minimus scrutator (Hall & Hatfield, 1934)",Tamias minimus scrutator,,US,"Toiyabe Range, dividing ridge between Big Creek and Kingston canyons",Nevada,PRESENT,,2d6267a0-0561-11d8-b851-b8a03c50a862,39.29139,-117.116,20,,2682,0,,,7/12/10,12,7,2010,4263651,2437432,PRESERVED_SPECIMEN,UMNH,Mammalogy,UMNH:Mamm:33430,EAR 7312,unknown,2016-10-24T00:00:00,CC0_1_0,,Collector(s): Eric A. Rickart,,,2026-02-26T00:00:54.439Z,,CONTINENT_DERIVED_FROM_COORDINATES;INSTITUTION_MATCH_FUZZY;INSTITUTION_COLLECTION_MISMATCH
1656053871,06a00852-f764-4fb8-80d4-ca51f0918459,https://arctos.database.museum/guid/UMNH:Mamm:33435,Animalia,Chordata,Mammalia,Rodentia,Sciuridae,Tamias,Tamias minimus,scrutator,SUBSPECIES,"Tamias minimus scrutator (Hall & Hatfield, 1934)",Tamias minimus scrutator,,US,"Toiyabe Range, dividing ridge between Big Creek and Kingston canyons",Nevada,PRESENT,,2d6267a0-0561-11d8-b851-b8a03c50a862,39.29139,-117.116,20,,2682,0,,,7/12/10,12,7,2010,4263651,2437432,PRESERVED_SPECIMEN,UMNH,Mammalogy,UMNH:Mamm:33435,EAR 7336,unknown,2016-10-24T00:00:00,CC0_1_0,,Collector(s): Eric A. Rickart,,,2026-02-26T00:00:54.263Z,,CONTINENT_DERIVED_FROM_COORDINATES;INSTITUTION_MATCH_FUZZY;INSTITUTION_COLLECTION_MISMATCH
1656053662,06a00852-f764-4fb8-80d4-ca51f0918459,https://arctos.database.museum/guid/UMNH:Mamm:33113,Animalia,Chordata,Mammalia,Rodentia,Sciuridae,Tamias,Tamias minimus,scrutator,SUBSPECIES,"Tamias minimus scrutator (Hall & Hatfield, 1934)",Tamias minimus scrutator,,US,"Reese River Valley, 8.7 km S, 0.4 km W junction Reese River and US Highway 50",Nevada,PRESENT,,2d6267a0-0561-11d8-b851-b8a03c50a862,39.41075,-117.21406,20,,1765,0,,,5/21/10,21,5,2010,4263651,2437432,PRESERVED_SPECIMEN,UMNH,Mammalogy,UMNH:Mamm:33113,EAR 7027,unknown,2016-10-24T00:00:00,CC0_1_0,,Collector(s): Eric A. Rickart,,,2026-02-26T00:00:49.976Z,,CONTINENT_DERIVED_FROM_COORDINATES;INSTITUTION_MATCH_FUZZY;INSTITUTION_COLLECTION_MISMATCH
1656053630,06a00852-f764-4fb8-80d4-ca51f0918459,https://arctos.database.museum/guid/UMNH:Mamm:33116,Animalia,Chordata,Mammalia,Rodentia,Sciuridae,Tamias,Tamias minimus,scrutator,SUBSPECIES,"Tamias minimus scrutator (Hall & Hatfield, 1934)",Tamias minimus scrutator,,US,"Reese River Valley, 8.7 km S, 0.4 km W junction Reese River and US Highway 50",Nevada,PRESENT,,2d6267a0-0561-11d8-b851-b8a03c50a862,39.41075,-117.21406,20,,1765,0,,,5/22/10,22,5,2010,4263651,2437432,PRESERVED_SPECIMEN,UMNH,Mammalogy,UMNH:Mamm:33116,EAR 7043,unknown,2016-10-24T00:00:00,CC0_1_0,,Collector(s): Eric A. Rickart,,,2026-02-26T00:00:50.020Z,,CONTINENT_DERIVED_FROM_COORDINATES;INSTITUTION_MATCH_FUZZY;INSTITUTION_COLLECTION_MISMATCH
1656053620,06a00852-f764-4fb8-80d4-ca51f0918459,https://arctos.database.museum/guid/UMNH:Mamm:33114,Animalia,Chordata,Mammalia,Rodentia,Sciuridae,Tamias,Tamias minimus,scrutator,SUBSPECIES,"Tamias minimus scrutator (Hall & Hatfield, 1934)",Tamias minimus scrutator,,US,"Reese River Valley, 8.7 km S, 0.4 km W junction Reese River and US Highway 50",Nevada,PRESENT,,2d6267a0-0561-11d8-b851-b8a03c50a862,39.41075,-117.21406,20,,1765,0,,,5/21/10,21,5,2010,4263651,2437432,PRESERVED_SPECIMEN,UMNH,Mammalogy,UMNH:Mamm:33114,EAR 7028,unknown,2016-10-24T00:00:00,CC0_1_0,,Collector(s): Eric A. Rickart,,,2026-02-26T00:00:50.083Z,,CONTINENT_DERIVED_FROM_COORDINATES;INSTITUTION_MATCH_FUZZY;INSTITUTION_COLLECTION_MISMATCH
1656053571,06a00852-f764-4fb8-80d4-ca51f0918459,https://arctos.database.museum/guid/UMNH:Mamm:33111,Animalia,Chordata,Mammalia,Rodentia,Sciuridae,Tamias,Tamias minimus,scrutator,SUBSPECIES,"Tamias minimus scrutator (Hall & Hatfield, 1934)",Tamias minimus scrutator,,US,"Reese River Valley, 8.7 km S, 0.4 km W junction Reese River and US Highway 50",Nevada,PRESENT,,2d6267a0-0561-11d8-b851-b8a03c50a862,39.40941,-117.21252,20,,1765,0,,,5/20/10,20,5,2010,4263651,2437432,PRESERVED_SPECIMEN,UMNH,Mammalogy,UMNH:Mamm:33111,EAR 7010,unknown,2016-10-24T00:00:00,CC0_1_0,,Collector(s): Eric A. Rickart,,,2026-02-26T00:00:49.585Z,,CONTINENT_DERIVED_FROM_COORDINATES;INSTITUTION_MATCH_FUZZY;INSTITUTION_COLLECTION_MISMATCH
1656053559,06a00852-f764-4fb8-80d4-ca51f0918459,https://arctos.database.museum/guid/UMNH:Mamm:33110,Animalia,Chordata,Mammalia,Rodentia,Sciuridae,Tamias,Tamias minimus,scrutator,SUBSPECIES,"Tamias minimus scrutator (Hall & Hatfield, 1934)",Tamias minimus scrutator,,US,"Reese River Valley, 8.7 km S, 0.4 km W junction Reese River and US Highway 50",Nevada,PRESENT,,2d6267a0-0561-11d8-b851-b8a03c50a862,39.41175,-117.21291,20,,1765,0,,,5/20/10,20,5,2010,4263651,2437432,PRESERVED_SPECIMEN,UMNH,Mammalogy,UMNH:Mamm:33110,EAR 7008,unknown,2016-10-24T00:00:00,CC0_1_0,,Collector(s): Eric A. Rickart,,,2026-02-26T00:00:49.570Z,,CONTINENT_DERIVED_FROM_COORDINATES;INSTITUTION_MATCH_FUZZY;INSTITUTION_COLLECTION_MISMATCH
1656053549,06a00852-f764-4fb8-80d4-ca51f0918459,https://arctos.database.museum/guid/UMNH:Mamm:33112,Animalia,Chordata,Mammalia,Rodentia,Sciuridae,Tamias,Tamias minimus,scrutator,SUBSPECIES,"Tamias minimus scrutator (Hall & Hatfield, 1934)",Tamias minimus scrutator,,US,"Reese River Valley, 8.7 km S, 0.4 km W junction Reese River and US Highway 50",Nevada,PRESENT,,2d6267a0-0561-11d8-b851-b8a03c50a862,39.41075,-117.21406,20,,1765,0,,,5/21/10,21,5,2010,4263651,2437432,PRESERVED_SPECIMEN,UMNH,Mammalogy,UMNH:Mamm:33112,EAR 7026,unknown,2016-10-24T00:00:00,CC0_1_0,,Collector(s): Eric A. Rickart,,,2026-02-26T00:00:49.627Z,,CONTINENT_DERIVED_FROM_COORDINATES;INSTITUTION_MATCH_FUZZY;INSTITUTION_COLLECTION_MISMATCH
1656053548,06a00852-f764-4fb8-80d4-ca51f0918459,https://arctos.database.museum/guid/UMNH:Mamm:33115,Animalia,Chordata,Mammalia,Rodentia,Sciuridae,Tamias,Tamias minimus,scrutator,SUBSPECIES,"Tamias minimus scrutator (Hall & Hatfield, 1934)",Tamias minimus scrutator,,US,"Reese River Valley, 8.7 km S, 0.4 km W junction Reese River and US Highway 50",Nevada,PRESENT,,2d6267a0-0561-11d8-b851-b8a03c50a862,39.41075,-117.21406,20,,1765,0,,,5/22/10,22,5,2010,4263651,2437432,PRESERVED_SPECIMEN,UMNH,Mammalogy,UMNH:Mamm:33115,EAR 7042,unknown,2016-10-24T00:00:00,CC0_1_0,,Collector(s): Eric A. Rickart,,,2026-02-26T00:00:50.157Z,,CONTINENT_DERIVED_FROM_COORDINATES;INSTITUTION_MATCH_FUZZY;INSTITUTION_COLLECTION_MISMATCH
1656053537,06a00852-f764-4fb8-80d4-ca51f0918459,https://arctos.database.museum/guid/UMNH:Mamm:33109,Animalia,Chordata,Mammalia,Rodentia,Sciuridae,Tamias,Tamias minimus,scrutator,SUBSPECIES,"Tamias minimus scrutator (Hall & Hatfield, 1934)",Tamias minimus scrutator,,US,"Reese River Valley, 8.7 km S, 0.4 km W junction Reese River and US Highway 50",Nevada,PRESENT,,2d6267a0-0561-11d8-b851-b8a03c50a862,39.41175,-117.21291,20,,1765,0,,,5/20/10,20,5,2010,4263651,2437432,PRESERVED_SPECIMEN,UMNH,Mammalogy,UMNH:Mamm:33109,EAR 7007,unknown,2016-10-24T00:00:00,CC0_1_0,,Collector(s): Eric A. Rickart,,,2026-02-26T00:00:48.903Z,,CONTINENT_DERIVED_FROM_COORDINATES;INSTITUTION_MATCH_FUZZY;INSTITUTION_COLLECTION_MISMATCH
1656053468,06a00852-f764-4fb8-80d4-ca51f0918459,https://arctos.database.museum/guid/UMNH:Mamm:32962,Animalia,Chordata,Mammalia,Rodentia,Sciuridae,Tamias,Tamias minimus,scrutator,SUBSPECIES,"Tamias minimus scrutator (Hall & Hatfield, 1934)",Tamias minimus scrutator,,US,"Toiyabe Range, Kingston Canyon, 0.45 km N, 3.0 km W Bunker Hill Summit",Nevada,PRESENT,,2d6267a0-0561-11d8-b851-b8a03c50a862,39.25703,-117.16039,20,,2316,0,,,7/28/09,28,7,2009,4263651,2437432,PRESERVED_SPECIMEN,UMNH,Mammalogy,UMNH:Mamm:32962,RJR 2373,unknown,2016-10-24T00:00:00,CC0_1_0,,Collector(s): Rebecca J. Rowe,,,2026-02-26T00:00:52.204Z,,CONTINENT_DERIVED_FROM_COORDINATES;INSTITUTION_MATCH_FUZZY;INSTITUTION_COLLECTION_MISMATCH
1656053448,06a00852-f764-4fb8-80d4-ca51f0918459,https://arctos.database.museum/guid/UMNH:Mamm:32963,Animalia,Chordata,Mammalia,Rodentia,Sciuridae,Tamias,Tamias minimus,scrutator,SUBSPECIES,"Tamias minimus scrutator (Hall & Hatfield, 1934)",Tamias minimus scrutator,,US,"Toiyabe Range, Kingston Canyon, 0.45 km N, 3.0 km W Bunker Hill Summit",Nevada,PRESENT,,2d6267a0-0561-11d8-b851-b8a03c50a862,39.25703,-117.16039,20,,2316,0,,,7/28/09,28,7,2009,4263651,2437432,PRESERVED_SPECIMEN,UMNH,Mammalogy,UMNH:Mamm:32963,RJR 2374,unknown,2016-10-24T00:00:00,CC0_1_0,,Collector(s): Rebecca J. Rowe,,,2026-02-26T00:00:52.106Z,,CONTINENT_DERIVED_FROM_COORDINATES;INSTITUTION_MATCH_FUZZY;INSTITUTION_COLLECTION_MISMATCH
1656053447,06a00852-f764-4fb8-80d4-ca51f0918459,https://arctos.database.museum/guid/UMNH:Mamm:32956,Animalia,Chordata,Mammalia,Rodentia,Sciuridae,Tamias,Tamias minimus,scrutator,SUBSPECIES,"Tamias minimus scrutator (Hall & Hatfield, 1934)",Tamias minimus scrutator,,US,"Toiyabe Range, Kingston Canyon, 0.40 km N, 3.2 km W Bunker Hill Summit",Nevada,PRESENT,,2d6267a0-0561-11d8-b851-b8a03c50a862,39.25651,-117.16199,20,,2332,0,,,7/27/09,27,7,2009,4263651,2437432,PRESERVED_SPECIMEN,UMNH,Mammalogy,UMNH:Mamm:32956,RJR 2347,unknown,2016-10-24T00:00:00,CC0_1_0,,Collector(s): Rebecca J. Rowe,,,2026-02-26T00:00:50.884Z,,CONTINENT_DERIVED_FROM_COORDINATES;INSTITUTION_MATCH_FUZZY;INSTITUTION_COLLECTION_MISMATCH
1656053433,06a00852-f764-4fb8-80d4-ca51f0918459,https://arctos.database.museum/guid/UMNH:Mamm:32964,Animalia,Chordata,Mammalia,Rodentia,Sciuridae,Tamias,Tamias minimus,scrutator,SUBSPECIES,"Tamias minimus scrutator (Hall & Hatfield, 1934)",Tamias minimus scrutator,,US,"Toiyabe Range, Kingston Canyon, 0.45 km N, 3.0 km W Bunker Hill Summit",Nevada,PRESENT,,2d6267a0-0561-11d8-b851-b8a03c50a862,39.25703,-117.16039,20,,2316,0,,,7/29/09,29,7,2009,4263651,2437432,PRESERVED_SPECIMEN,UMNH,Mammalogy,UMNH:Mamm:32964,RJR 2404,unknown,2016-10-24T00:00:00,CC0_1_0,,Collector(s): Rebecca J. Rowe,,,2026-02-26T00:00:52.101Z,,CONTINENT_DERIVED_FROM_COORDINATES;INSTITUTION_MATCH_FUZZY;INSTITUTION_COLLECTION_MISMATCH
1656053426,06a00852-f764-4fb8-80d4-ca51f0918459,https://arctos.database.museum/guid/UMNH:Mamm:32966,Animalia,Chordata,Mammalia,Rodentia,Sciuridae,Tamias,Tamias minimus,scrutator,SUBSPECIES,"Tamias minimus scrutator (Hall & Hatfield, 1934)",Tamias minimus scrutator,,US,"Toiyabe Range, Kingston Canyon, 0.45 km N, 3.0 km W Bunker Hill Summit",Nevada,PRESENT,,2d6267a0-0561-11d8-b851-b8a03c50a862,39.25703,-117.16039,20,,2316,0,,,7/23/09,23,7,2009,4263651,2437432,PRESERVED_SPECIMEN,UMNH,Mammalogy,UMNH:Mamm:32966,RJR 2300,unknown,2016-10-24T00:00:00,CC0_1_0,,Collector(s): Rebecca J. Rowe,,,2026-02-26T00:00:52.295Z,,CONTINENT_DERIVED_FROM_COORDINATES;INSTITUTION_MATCH_FUZZY;INSTITUTION_COLLECTION_MISMATCH
1656053420,06a00852-f764-4fb8-80d4-ca51f0918459,https://arctos.database.museum/guid/UMNH:Mamm:32953,Animalia,Chordata,Mammalia,Rodentia,Sciuridae,Tamias,Tamias minimus,scrutator,SUBSPECIES,"Tamias minimus scrutator (Hall & Hatfield, 1934)",Tamias minimus scrutator,,US,"Toiyabe Range, Kingston Canyon, 0.1 km N, 3.35 km W Bunker Hill Summit",Nevada,PRESENT,,2d6267a0-0561-11d8-b851-b8a03c50a862,39.25398,-117.16357,20,,2301,0,,,7/29/09,29,7,2009,4263651,2437432,PRESERVED_SPECIMEN,UMNH,Mammalogy,UMNH:Mamm:32953,RJR 2401,unknown,2016-10-24T00:00:00,CC0_1_0,,Collector(s): Rebecca J. Rowe,,,2026-02-26T00:00:50.816Z,,CONTINENT_DERIVED_FROM_COORDINATES;INSTITUTION_MATCH_FUZZY;INSTITUTION_COLLECTION_MISMATCH
1656053412,06a00852-f764-4fb8-80d4-ca51f0918459,https://arctos.database.museum/guid/UMNH:Mamm:32957,Animalia,Chordata,Mammalia,Rodentia,Sciuridae,Tamias,Tamias minimus,scrutator,SUBSPECIES,"Tamias minimus scrutator (Hall & Hatfield, 1934)",Tamias minimus scrutator,,US,"Toiyabe Range, Kingston Canyon, 0.40 km N, 3.2 km W Bunker Hill Summit",Nevada,PRESENT,,2d6267a0-0561-11d8-b851-b8a03c50a862,39.25651,-117.16199,20,,2332,0,,,7/27/09,27,7,2009,4263651,2437432,PRESERVED_SPECIMEN,UMNH,Mammalogy,UMNH:Mamm:32957,RJR 2348,unknown,2016-10-24T00:00:00,CC0_1_0,,Collector(s): Rebecca J. Rowe,,,2026-02-26T00:00:50.886Z,,CONTINENT_DERIVED_FROM_COORDINATES;INSTITUTION_MATCH_FUZZY;INSTITUTION_COLLECTION_MISMATCH
1656053410,06a00852-f764-4fb8-80d4-ca51f0918459,https://arctos.database.museum/guid/UMNH:Mamm:32961,Animalia,Chordata,Mammalia,Rodentia,Sciuridae,Tamias,Tamias minimus,scrutator,SUBSPECIES,"Tamias minimus scrutator (Hall & Hatfield, 1934)",Tamias minimus scrutator,,US,"Toiyabe Range, Kingston Canyon, 0.45 km N, 3.0 km W Bunker Hill Summit",Nevada,PRESENT,,2d6267a0-0561-11d8-b851-b8a03c50a862,39.25703,-117.16039,20,,2316,0,,,7/28/09,28,7,2009,4263651,2437432,PRESERVED_SPECIMEN,UMNH,Mammalogy,UMNH:Mamm:32961,RJR 2372,unknown,2016-10-24T00:00:00,CC0_1_0,,Collector(s): Rebecca J. Rowe,,,2026-02-26T00:00:52.079Z,,CONTINENT_DERIVED_FROM_COORDINATES;INSTITUTION_MATCH_FUZZY;INSTITUTION_COLLECTION_MISMATCH
1656053407,06a00852-f764-4fb8-80d4-ca51f0918459,https://arctos.database.museum/guid/UMNH:Mamm:32954,Animalia,Chordata,Mammalia,Rodentia,Sciuridae,Tamias,Tamias minimus,scrutator,SUBSPECIES,"Tamias minimus scrutator (Hall & Hatfield, 1934)",Tamias minimus scrutator,,US,"Toiyabe Range, Kingston Canyon, 0.1 km N, 3.35 km W Bunker Hill Summit",Nevada,PRESENT,,2d6267a0-0561-11d8-b851-b8a03c50a862,39.25398,-117.16357,20,,2301,0,,,7/30/09,30,7,2009,4263651,2437432,PRESERVED_SPECIMEN,UMNH,Mammalogy,UMNH:Mamm:32954,RJR 2413,unknown,2016-10-24T00:00:00,CC0_1_0,,Collector(s): Rebecca J. Rowe,,,2026-02-26T00:00:50.768Z,,CONTINENT_DERIVED_FROM_COORDINATES;INSTITUTION_MATCH_FUZZY;INSTITUTION_COLLECTION_MISMATCH
1656053399,06a00852-f764-4fb8-80d4-ca51f0918459,https://arctos.database.museum/guid/UMNH:Mamm:32960,Animalia,Chordata,Mammalia,Rodentia,Sciuridae,Tamias,Tamias minimus,scrutator,SUBSPECIES,"Tamias minimus scrutator (Hall & Hatfield, 1934)",Tamias minimus scrutator,,US,"Toiyabe Range, Kingston Canyon, 0.40 km N, 3.2 km W Bunker Hill Summit",Nevada,PRESENT,,2d6267a0-0561-11d8-b851-b8a03c50a862,39.25651,-117.16199,20,,2332,0,,,7/29/09,29,7,2009,4263651,2437432,PRESERVED_SPECIMEN,UMNH,Mammalogy,UMNH:Mamm:32960,RJR 2406,unknown,2016-10-24T00:00:00,CC0_1_0,,Collector(s): Rebecca J. Rowe,,,2026-02-26T00:00:52.129Z,,CONTINENT_DERIVED_FROM_COORDINATES;INSTITUTION_MATCH_FUZZY;INSTITUTION_COLLECTION_MISMATCH
1656053395,06a00852-f764-4fb8-80d4-ca51f0918459,https://arctos.database.museum/guid/UMNH:Mamm:32959,Animalia,Chordata,Mammalia,Rodentia,Sciuridae,Tamias,Tamias minimus,scrutator,SUBSPECIES,"Tamias minimus scrutator (Hall & Hatfield, 1934)",Tamias minimus scrutator,,US,"Toiyabe Range, Kingston Canyon, 0.40 km N, 3.2 km W Bunker Hill Summit",Nevada,PRESENT,,2d6267a0-0561-11d8-b851-b8a03c50a862,39.25651,-117.16199,20,,2332,0,,,7/29/09,29,7,2009,4263651,2437432,PRESERVED_SPECIMEN,UMNH,Mammalogy,UMNH:Mamm:32959,RJR 2376,unknown,2016-10-24T00:00:00,CC0_1_0,,Collector(s): Rebecca J. Rowe,,,2026-02-26T00:00:50.782Z,,CONTINENT_DERIVED_FROM_COORDINATES;INSTITUTION_MATCH_FUZZY;INSTITUTION_COLLECTION_MISMATCH
1656053378,06a00852-f764-4fb8-80d4-ca51f0918459,https://arctos.database.museum/guid/UMNH:Mamm:32967,Animalia,Chordata,Mammalia,Rodentia,Sciuridae,Tamias,Tamias minimus,scrutator,SUBSPECIES,"Tamias minimus scrutator (Hall & Hatfield, 1934)",Tamias minimus scrutator,,US,"Toiyabe Range, Kingston Canyon, 0.7 km N, 3.4 km W Bunker Hill Summit",Nevada,PRESENT,,2d6267a0-0561-11d8-b851-b8a03c50a862,39.25917,-117.16456,20,,2320,0,,,7/29/09,29,7,2009,4263651,2437432,PRESERVED_SPECIMEN,UMNH,Mammalogy,UMNH:Mamm:32967,RJR 2405,unknown,2016-10-24T00:00:00,CC0_1_0,,Collector(s): Rebecca J. Rowe,,,2026-02-26T00:00:52.293Z,,CONTINENT_DERIVED_FROM_COORDINATES;INSTITUTION_MATCH_FUZZY;INSTITUTION_COLLECTION_MISMATCH
1656053374,06a00852-f764-4fb8-80d4-ca51f0918459,https://arctos.database.museum/guid/UMNH:Mamm:32958,Animalia,Chordata,Mammalia,Rodentia,Sciuridae,Tamias,Tamias minimus,scrutator,SUBSPECIES,"Tamias minimus scrutator (Hall & Hatfield, 1934)",Tamias minimus scrutator,,US,"Toiyabe Range, Kingston Canyon, 0.40 km N, 3.2 km W Bunker Hill Summit",Nevada,PRESENT,,2d6267a0-0561-11d8-b851-b8a03c50a862,39.25651,-117.16199,20,,2332,0,,,7/27/09,27,7,2009,4263651,2437432,PRESERVED_SPECIMEN,UMNH,Mammalogy,UMNH:Mamm:32958,RJR 2350,unknown,2016-10-24T00:00:00,CC0_1_0,,Collector(s): Rebecca J. Rowe,,,2026-02-26T00:00:50.881Z,,CONTINENT_DERIVED_FROM_COORDINATES;INSTITUTION_MATCH_FUZZY;INSTITUTION_COLLECTION_MISMATCH
1656053357,06a00852-f764-4fb8-80d4-ca51f0918459,https://arctos.database.museum/guid/UMNH:Mamm:32955,Animalia,Chordata,Mammalia,Rodentia,Sciuridae,Tamias,Tamias minimus,scrutator,SUBSPECIES,"Tamias minimus scrutator (Hall & Hatfield, 1934)",Tamias minimus scrutator,,US,"Toiyabe Range, Kingston Canyon, 0.40 km N, 3.2 km W Bunker Hill Summit",Nevada,PRESENT,,2d6267a0-0561-11d8-b851-b8a03c50a862,39.25651,-117.16199,20,,2332,0,,,7/27/09,27,7,2009,4263651,2437432,PRESERVED_SPECIMEN,UMNH,Mammalogy,UMNH:Mamm:32955,RJR 2346,unknown,2016-10-24T00:00:00,CC0_1_0,,Collector(s): Rebecca J. Rowe,,,2026-02-26T00:00:50.879Z,,CONTINENT_DERIVED_FROM_COORDINATES;INSTITUTION_MATCH_FUZZY;INSTITUTION_COLLECTION_MISMATCH
1656053354,06a00852-f764-4fb8-80d4-ca51f0918459,https://arctos.database.museum/guid/UMNH:Mamm:32965,Animalia,Chordata,Mammalia,Rodentia,Sciuridae,Tamias,Tamias minimus,scrutator,SUBSPECIES,"Tamias minimus scrutator (Hall & Hatfield, 1934)",Tamias minimus scrutator,,US,"Toiyabe Range, Kingston Canyon, 0.45 km N, 3.0 km W Bunker Hill Summit",Nevada,PRESENT,,2d6267a0-0561-11d8-b851-b8a03c50a862,39.25703,-117.16039,20,,2316,0,,,7/21/09,21,7,2009,4263651,2437432,PRESERVED_SPECIMEN,UMNH,Mammalogy,UMNH:Mamm:32965,RJR 2254,unknown,2016-10-24T00:00:00,CC0_1_0,,Collector(s): Rebecca J. Rowe,,,2026-02-26T00:00:52.095Z,,CONTINENT_DERIVED_FROM_COORDINATES;INSTITUTION_MATCH_FUZZY;INSTITUTION_COLLECTION_MISMATCH
1656053266,06a00852-f764-4fb8-80d4-ca51f0918459,https://arctos.database.museum/guid/UMNH:Mamm:32812,Animalia,Chordata,Mammalia,Rodentia,Sciuridae,Tamias,Tamias minimus,scrutator,SUBSPECIES,"Tamias minimus scrutator (Hall & Hatfield, 1934)",Tamias minimus scrutator,,US,"Toiyabe Range, Kingston Canyon, 0.40 km N, 3.2 km W Bunker Hill Summit",Nevada,PRESENT,,2d6267a0-0561-11d8-b851-b8a03c50a862,39.25651,-117.16199,20,,2332,0,,,7/29/09,29,7,2009,4263651,2437432,PRESERVED_SPECIMEN,UMNH,Mammalogy,UMNH:Mamm:32812,RJR 2375,unknown,2016-10-24T00:00:00,CC0_1_0,,Collector(s): Rebecca J. Rowe,,,2026-02-26T00:00:54.111Z,,CONTINENT_DERIVED_FROM_COORDINATES;INSTITUTION_MATCH_FUZZY;INSTITUTION_COLLECTION_MISMATCH
1656053243,06a00852-f764-4fb8-80d4-ca51f0918459,https://arctos.database.museum/guid/UMNH:Mamm:32806,Animalia,Chordata,Mammalia,Rodentia,Sciuridae,Tamias,Tamias minimus,scrutator,SUBSPECIES,"Tamias minimus scrutator (Hall & Hatfield, 1934)",Tamias minimus scrutator,,US,"Toiyabe Range, Kingston Canyon, 0.45 km N, 3.0 km W Bunker Hill Summit",Nevada,PRESENT,,2d6267a0-0561-11d8-b851-b8a03c50a862,39.25703,-117.16039,20,,2316,0,,,7/24/09,24,7,2009,4263651,2437432,PRESERVED_SPECIMEN,UMNH,Mammalogy,UMNH:Mamm:32806,RJR 2320,unknown,2016-10-24T00:00:00,CC0_1_0,,Collector(s): Rebecca J. Rowe,,,2026-02-26T00:00:53.585Z,,CONTINENT_DERIVED_FROM_COORDINATES;INSTITUTION_MATCH_FUZZY;INSTITUTION_COLLECTION_MISMATCH
1656053238,06a00852-f764-4fb8-80d4-ca51f0918459,https://arctos.database.museum/guid/UMNH:Mamm:32805,Animalia,Chordata,Mammalia,Rodentia,Sciuridae,Tamias,Tamias minimus,scrutator,SUBSPECIES,"Tamias minimus scrutator (Hall & Hatfield, 1934)",Tamias minimus scrutator,,US,"Toiyabe Range, Kingston Canyon, 0.45 km N, 3.0 km W Bunker Hill Summit",Nevada,PRESENT,,2d6267a0-0561-11d8-b851-b8a03c50a862,39.25703,-117.16039,20,,2316,0,,,7/24/09,24,7,2009,4263651,2437432,PRESERVED_SPECIMEN,UMNH,Mammalogy,UMNH:Mamm:32805,RJR 2319,unknown,2016-10-24T00:00:00,CC0_1_0,,Collector(s): Rebecca J. Rowe,,,2026-02-26T00:00:53.503Z,,CONTINENT_DERIVED_FROM_COORDINATES;INSTITUTION_MATCH_FUZZY;INSTITUTION_COLLECTION_MISMATCH
1656053236,06a00852-f764-4fb8-80d4-ca51f0918459,https://arctos.database.museum/guid/UMNH:Mamm:32804,Animalia,Chordata,Mammalia,Rodentia,Sciuridae,Tamias,Tamias minimus,scrutator,SUBSPECIES,"Tamias minimus scrutator (Hall & Hatfield, 1934)",Tamias minimus scrutator,,US,"Toiyabe Range, Kingston Canyon, 0.40 km N, 3.2 km W Bunker Hill Summit",Nevada,PRESENT,,2d6267a0-0561-11d8-b851-b8a03c50a862,39.25651,-117.16199,20,,2332,0,,,7/28/09,28,7,2009,4263651,2437432,PRESERVED_SPECIMEN,UMNH,Mammalogy,UMNH:Mamm:32804,RJR 2352,unknown,2016-10-24T00:00:00,CC0_1_0,,Collector(s): Rebecca J. Rowe,,,2026-02-26T00:00:53.455Z,,CONTINENT_DERIVED_FROM_COORDINATES;INSTITUTION_MATCH_FUZZY;INSTITUTION_COLLECTION_MISMATCH
1656053187,06a00852-f764-4fb8-80d4-ca51f0918459,https://arctos.database.museum/guid/UMNH:Mamm:32803,Animalia,Chordata,Mammalia,Rodentia,Sciuridae,Tamias,Tamias minimus,scrutator,SUBSPECIES,"Tamias minimus scrutator (Hall & Hatfield, 1934)",Tamias minimus scrutator,,US,"Toiyabe Range, Kingston Canyon, 0.40 km N, 3.2 km W Bunker Hill Summit",Nevada,PRESENT,,2d6267a0-0561-11d8-b851-b8a03c50a862,39.25651,-117.16199,20,,2332,0,,,7/27/09,27,7,2009,4263651,2437432,PRESERVED_SPECIMEN,UMNH,Mammalogy,UMNH:Mamm:32803,RJR 2349,unknown,2016-10-24T00:00:00,CC0_1_0,,Collector(s): Rebecca J. Rowe,,,2026-02-26T00:00:53.656Z,,CONTINENT_DERIVED_FROM_COORDINATES;INSTITUTION_MATCH_FUZZY;INSTITUTION_COLLECTION_MISMATCH
1656053131,06a00852-f764-4fb8-80d4-ca51f0918459,https://arctos.database.museum/guid/UMNH:Mamm:32701,Animalia,Chordata,Mammalia,Rodentia,Sciuridae,Tamias,Tamias minimus,scrutator,SUBSPECIES,"Tamias minimus scrutator (Hall & Hatfield, 1934)",Tamias minimus scrutator,,US,"Snake Range, Strawberry Creek Canyon, Great Basin National Park",Nevada,PRESENT,,2d6267a0-0561-11d8-b851-b8a03c50a862,39.05062,-114.31529,20,,2540,0,,,8/6/09,6,8,2009,4263651,2437432,PRESERVED_SPECIMEN,UMNH,Mammalogy,UMNH:Mamm:32701,EAR 6812,unknown,2016-10-24T00:00:00,CC0_1_0,,Collector(s): Eric A. Rickart,,,2026-02-26T00:00:54.431Z,,CONTINENT_DERIVED_FROM_COORDINATES;INSTITUTION_MATCH_FUZZY;INSTITUTION_COLLECTION_MISMATCH
1656052826,06a00852-f764-4fb8-80d4-ca51f0918459,https://arctos.database.museum/guid/UMNH:Mamm:32388,Animalia,Chordata,Mammalia,Rodentia,Sciuridae,Tamias,Tamias minimus,scrutator,SUBSPECIES,"Tamias minimus scrutator (Hall & Hatfield, 1934)",Tamias minimus scrutator,,US,"3.5 km N, 1.8 km E mouth of north fork Humboldt River",Nevada,PRESENT,,2d6267a0-0561-11d8-b851-b8a03c50a862,40.9558,-115.52741,20,,1591,0,,,5/2/08,2,5,2008,4263651,2437432,PRESERVED_SPECIMEN,UMNH,Mammalogy,UMNH:Mamm:32388,EAR 6634,unknown,2016-10-24T00:00:00,CC0_1_0,,Collector(s): Eric A. Rickart,,,2026-02-26T00:00:54.503Z,,CONTINENT_DERIVED_FROM_COORDINATES;INSTITUTION_MATCH_FUZZY;INSTITUTION_COLLECTION_MISMATCH
1656052808,06a00852-f764-4fb8-80d4-ca51f0918459,https://arctos.database.museum/guid/UMNH:Mamm:32391,Animalia,Chordata,Mammalia,Rodentia,Sciuridae,Tamias,Tamias minimus,scrutator,SUBSPECIES,"Tamias minimus scrutator (Hall & Hatfield, 1934)",Tamias minimus scrutator,,US,"3.5 km N, 1.8 km E mouth of north fork Humboldt River",Nevada,PRESENT,,2d6267a0-0561-11d8-b851-b8a03c50a862,40.9558,-115.52741,20,,1591,0,,,5/2/08,2,5,2008,4263651,2437432,PRESERVED_SPECIMEN,UMNH,Mammalogy,UMNH:Mamm:32391,EAR 6644,unknown,2016-10-24T00:00:00,CC0_1_0,,Collector(s): Eric A. Rickart,,,2026-02-26T00:00:48.866Z,,CONTINENT_DERIVED_FROM_COORDINATES;INSTITUTION_MATCH_FUZZY;INSTITUTION_COLLECTION_MISMATCH
1656052792,06a00852-f764-4fb8-80d4-ca51f0918459,https://arctos.database.museum/guid/UMNH:Mamm:32394,Animalia,Chordata,Mammalia,Rodentia,Sciuridae,Tamias,Tamias minimus,scrutator,SUBSPECIES,"Tamias minimus scrutator (Hall & Hatfield, 1934)",Tamias minimus scrutator,,US,"3.5 km N, 1.8 km E mouth of north fork Humboldt River",Nevada,PRESENT,,2d6267a0-0561-11d8-b851-b8a03c50a862,40.9558,-115.52741,20,,1591,0,,,5/4/08,4,5,2008,4263651,2437432,PRESERVED_SPECIMEN,UMNH,Mammalogy,UMNH:Mamm:32394,EAR 6672,unknown,2016-10-24T00:00:00,CC0_1_0,,Collector(s): Eric A. Rickart,,,2026-02-26T00:00:48.982Z,,CONTINENT_DERIVED_FROM_COORDINATES;INSTITUTION_MATCH_FUZZY;INSTITUTION_COLLECTION_MISMATCH
1656052791,06a00852-f764-4fb8-80d4-ca51f0918459,https://arctos.database.museum/guid/UMNH:Mamm:32389,Animalia,Chordata,Mammalia,Rodentia,Sciuridae,Tamias,Tamias minimus,scrutator,SUBSPECIES,"Tamias minimus scrutator (Hall & Hatfield, 1934)",Tamias minimus scrutator,,US,"3.5 km N, 1.8 km E mouth of north fork Humboldt River",Nevada,PRESENT,,2d6267a0-0561-11d8-b851-b8a03c50a862,40.9558,-115.52741,20,,1591,0,,,5/2/08,2,5,2008,4263651,2437432,PRESERVED_SPECIMEN,UMNH,Mammalogy,UMNH:Mamm:32389,EAR 6635,unknown,2016-10-24T00:00:00,CC0_1_0,,Collector(s): Eric A. Rickart,,,2026-02-26T00:00:54.604Z,,CONTINENT_DERIVED_FROM_COORDINATES;INSTITUTION_MATCH_FUZZY;INSTITUTION_COLLECTION_MISMATCH
1656052772,06a00852-f764-4fb8-80d4-ca51f0918459,https://arctos.database.museum/guid/UMNH:Mamm:32392,Animalia,Chordata,Mammalia,Rodentia,Sciuridae,Tamias,Tamias minimus,scrutator,SUBSPECIES,"Tamias minimus scrutator (Hall & Hatfield, 1934)",Tamias minimus scrutator,,US,"3.5 km N, 1.8 km E mouth of north fork Humboldt River",Nevada,PRESENT,,2d6267a0-0561-11d8-b851-b8a03c50a862,40.9558,-115.52741,20,,1591,0,,,5/2/08,2,5,2008,4263651,2437432,PRESERVED_SPECIMEN,UMNH,Mammalogy,UMNH:Mamm:32392,EAR 6645,unknown,2016-10-24T00:00:00,CC0_1_0,,Collector(s): Eric A. Rickart,,,2026-02-26T00:00:48.812Z,,CONTINENT_DERIVED_FROM_COORDINATES;INSTITUTION_MATCH_FUZZY;INSTITUTION_COLLECTION_MISMATCH
1656052765,06a00852-f764-4fb8-80d4-ca51f0918459,https://arctos.database.museum/guid/UMNH:Mamm:32393,Animalia,Chordata,Mammalia,Rodentia,Sciuridae,Tamias,Tamias minimus,scrutator,SUBSPECIES,"Tamias minimus scrutator (Hall & Hatfield, 1934)",Tamias minimus scrutator,,US,"3.5 km N, 1.8 km E mouth of north fork Humboldt River",Nevada,PRESENT,,2d6267a0-0561-11d8-b851-b8a03c50a862,40.9558,-115.52741,20,,1591,0,,,5/4/08,4,5,2008,4263651,2437432,PRESERVED_SPECIMEN,UMNH,Mammalogy,UMNH:Mamm:32393,EAR 6668,unknown,2016-10-24T00:00:00,CC0_1_0,,Collector(s): Eric A. Rickart,,,2026-02-26T00:00:48.812Z,,CONTINENT_DERIVED_FROM_COORDINATES;INSTITUTION_MATCH_FUZZY;INSTITUTION_COLLECTION_MISMATCH
1656052761,06a00852-f764-4fb8-80d4-ca51f0918459,https://arctos.database.museum/guid/UMNH:Mamm:32387,Animalia,Chordata,Mammalia,Rodentia,Sciuridae,Tamias,Tamias minimus,scrutator,SUBSPECIES,"Tamias minimus scrutator (Hall & Hatfield, 1934)",Tamias minimus scrutator,,US,"3.5 km N, 1.8 km E mouth of north fork Humboldt River",Nevada,PRESENT,,2d6267a0-0561-11d8-b851-b8a03c50a862,40.9558,-115.52741,20,,1591,0,,,5/2/08,2,5,2008,4263651,2437432,PRESERVED_SPECIMEN,UMNH,Mammalogy,UMNH:Mamm:32387,EAR 6628,unknown,2016-10-24T00:00:00,CC0_1_0,,Collector(s): Eric A. Rickart,,,2026-02-26T00:00:54.489Z,,CONTINENT_DERIVED_FROM_COORDINATES;INSTITUTION_MATCH_FUZZY;INSTITUTION_COLLECTION_MISMATCH
1656052754,06a00852-f764-4fb8-80d4-ca51f0918459,https://arctos.database.museum/guid/UMNH:Mamm:32390,Animalia,Chordata,Mammalia,Rodentia,Sciuridae,Tamias,Tamias minimus,scrutator,SUBSPECIES,"Tamias minimus scrutator (Hall & Hatfield, 1934)",Tamias minimus scrutator,,US,"3.5 km N, 1.8 km E mouth of north fork Humboldt River",Nevada,PRESENT,,2d6267a0-0561-11d8-b851-b8a03c50a862,40.9558,-115.52741,20,,1591,0,,,5/2/08,2,5,2008,4263651,2437432,PRESERVED_SPECIMEN,UMNH,Mammalogy,UMNH:Mamm:32390,EAR 6640,unknown,2016-10-24T00:00:00,CC0_1_0,,Collector(s): Eric A. Rickart,,,2026-02-26T00:00:48.871Z,,CONTINENT_DERIVED_FROM_COORDINATES;INSTITUTION_MATCH_FUZZY;INSTITUTION_COLLECTION_MISMATCH
1656052497,06a00852-f764-4fb8-80d4-ca51f0918459,https://arctos.database.museum/guid/UMNH:Mamm:32089,Animalia,Chordata,Mammalia,Rodentia,Sciuridae,Tamias,Tamias minimus,scrutator,SUBSPECIES,"Tamias minimus scrutator (Hall & Hatfield, 1934)",Tamias minimus scrutator,,US,"East Humboldt Range, 0.15 km E Davis Spring",Nevada,PRESENT,,2d6267a0-0561-11d8-b851-b8a03c50a862,40.77187,-115.07207,20,,1944,0,,,6/26/07,26,6,2007,4263651,2437432,PRESERVED_SPECIMEN,UMNH,Mammalogy,UMNH:Mamm:32089,RJR 2033,unknown,2016-10-24T00:00:00,CC0_1_0,,Collector(s): Rebecca J. Rowe,,,2026-02-26T00:00:50.682Z,,CONTINENT_DERIVED_FROM_COORDINATES;INSTITUTION_MATCH_FUZZY;INSTITUTION_COLLECTION_MISMATCH
1656052474,06a00852-f764-4fb8-80d4-ca51f0918459,https://arctos.database.museum/guid/UMNH:Mamm:32088,Animalia,Chordata,Mammalia,Rodentia,Sciuridae,Tamias,Tamias minimus,scrutator,SUBSPECIES,"Tamias minimus scrutator (Hall & Hatfield, 1934)",Tamias minimus scrutator,,US,"East Humboldt Range, Davis Spring",Nevada,PRESENT,,2d6267a0-0561-11d8-b851-b8a03c50a862,40.77164,-115.07406,20,,1958,0,,,6/26/07,26,6,2007,4263651,2437432,PRESERVED_SPECIMEN,UMNH,Mammalogy,UMNH:Mamm:32088,RJR 2030,unknown,2016-10-24T00:00:00,CC0_1_0,,Collector(s): Rebecca J. Rowe,,,2026-02-26T00:00:50.757Z,,CONTINENT_DERIVED_FROM_COORDINATES;INSTITUTION_MATCH_FUZZY;INSTITUTION_COLLECTION_MISMATCH
1656052469,06a00852-f764-4fb8-80d4-ca51f0918459,https://arctos.database.museum/guid/UMNH:Mamm:32087,Animalia,Chordata,Mammalia,Rodentia,Sciuridae,Tamias,Tamias minimus,scrutator,SUBSPECIES,"Tamias minimus scrutator (Hall & Hatfield, 1934)",Tamias minimus scrutator,,US,"East Humboldt Range, 0.15 km E Davis Spring",Nevada,PRESENT,,2d6267a0-0561-11d8-b851-b8a03c50a862,40.77187,-115.07207,20,,1944,0,,,6/26/07,26,6,2007,4263651,2437432,PRESERVED_SPECIMEN,UMNH,Mammalogy,UMNH:Mamm:32087,RJR 2027,unknown,2016-10-24T00:00:00,CC0_1_0,,Collector(s): Rebecca J. Rowe,,,2026-02-26T00:00:52.748Z,,CONTINENT_DERIVED_FROM_COORDINATES;INSTITUTION_MATCH_FUZZY;INSTITUTION_COLLECTION_MISMATCH
1656052457,06a00852-f764-4fb8-80d4-ca51f0918459,https://arctos.database.museum/guid/UMNH:Mamm:32086,Animalia,Chordata,Mammalia,Rodentia,Sciuridae,Tamias,Tamias minimus,scrutator,SUBSPECIES,"Tamias minimus scrutator (Hall & Hatfield, 1934)",Tamias minimus scrutator,,US,"East Humboldt Range, 0.15 km E Davis Spring",Nevada,PRESENT,,2d6267a0-0561-11d8-b851-b8a03c50a862,40.77187,-115.07207,20,,1944,0,,,6/25/07,25,6,2007,4263651,2437432,PRESERVED_SPECIMEN,UMNH,Mammalogy,UMNH:Mamm:32086,RJR 2026,unknown,2016-10-24T00:00:00,CC0_1_0,,Collector(s): Rebecca J. Rowe,,,2026-02-26T00:00:52.654Z,,CONTINENT_DERIVED_FROM_COORDINATES;INSTITUTION_MATCH_FUZZY;INSTITUTION_COLLECTION_MISMATCH
1656052445,06a00852-f764-4fb8-80d4-ca51f0918459,https://arctos.database.museum/guid/UMNH:Mamm:32084,Animalia,Chordata,Mammalia,Rodentia,Sciuridae,Tamias,Tamias minimus,scrutator,SUBSPECIES,"Tamias minimus scrutator (Hall & Hatfield, 1934)",Tamias minimus scrutator,,US,"East Humboldt Range, 0.15 km E Davis Spring",Nevada,PRESENT,,2d6267a0-0561-11d8-b851-b8a03c50a862,40.77187,-115.07207,20,,1944,0,,,6/25/07,25,6,2007,4263651,2437432,PRESERVED_SPECIMEN,UMNH,Mammalogy,UMNH:Mamm:32084,RJR 2023,unknown,2016-10-24T00:00:00,CC0_1_0,,Collector(s): Rebecca J. Rowe,,,2026-02-26T00:00:50.674Z,,CONTINENT_DERIVED_FROM_COORDINATES;INSTITUTION_MATCH_FUZZY;INSTITUTION_COLLECTION_MISMATCH
1656052433,06a00852-f764-4fb8-80d4-ca51f0918459,https://arctos.database.museum/guid/UMNH:Mamm:32090,Animalia,Chordata,Mammalia,Rodentia,Sciuridae,Tamias,Tamias minimus,scrutator,SUBSPECIES,"Tamias minimus scrutator (Hall & Hatfield, 1934)",Tamias minimus scrutator,,US,"East Humboldt Range, 0.15 km E Davis Spring",Nevada,PRESENT,,2d6267a0-0561-11d8-b851-b8a03c50a862,40.77187,-115.07207,20,,1944,0,,,6/27/07,27,6,2007,4263651,2437432,PRESERVED_SPECIMEN,UMNH,Mammalogy,UMNH:Mamm:32090,RJR 2034,unknown,2016-10-24T00:00:00,CC0_1_0,,Collector(s): Rebecca J. Rowe,,,2026-02-26T00:00:52.990Z,,CONTINENT_DERIVED_FROM_COORDINATES;INSTITUTION_MATCH_FUZZY;INSTITUTION_COLLECTION_MISMATCH
1656052430,06a00852-f764-4fb8-80d4-ca51f0918459,https://arctos.database.museum/guid/UMNH:Mamm:32056,Animalia,Chordata,Mammalia,Rodentia,Sciuridae,Tamias,Tamias minimus,scrutator,SUBSPECIES,"Tamias minimus scrutator (Hall & Hatfield, 1934)",Tamias minimus scrutator,,US,"Ruby Mountains, Gardner Creek, 0.1 km N, 1.0 km W Secret Pass",Nevada,PRESENT,,2d6267a0-0561-11d8-b851-b8a03c50a862,40.817,-115.22272,20,,2033,0,,,6/20/07,20,6,2007,4263651,2437432,PRESERVED_SPECIMEN,UMNH,Mammalogy,UMNH:Mamm:32056,EAR 6452,unknown,2016-10-24T00:00:00,CC0_1_0,,Collector(s): Eric A. Rickart,,,2026-02-26T00:00:48.883Z,,CONTINENT_DERIVED_FROM_COORDINATES;INSTITUTION_MATCH_FUZZY;INSTITUTION_COLLECTION_MISMATCH
1656052429,06a00852-f764-4fb8-80d4-ca51f0918459,https://arctos.database.museum/guid/UMNH:Mamm:32083,Animalia,Chordata,Mammalia,Rodentia,Sciuridae,Tamias,Tamias minimus,scrutator,SUBSPECIES,"Tamias minimus scrutator (Hall & Hatfield, 1934)",Tamias minimus scrutator,,US,"East Humboldt Range, 0.15 km E Davis Spring",Nevada,PRESENT,,2d6267a0-0561-11d8-b851-b8a03c50a862,40.77187,-115.07207,20,,1944,0,,,6/25/07,25,6,2007,4263651,2437432,PRESERVED_SPECIMEN,UMNH,Mammalogy,UMNH:Mamm:32083,RJR 2022,unknown,2016-10-24T00:00:00,CC0_1_0,,Collector(s): Rebecca J. Rowe,,,2026-02-26T00:00:50.610Z,,CONTINENT_DERIVED_FROM_COORDINATES;INSTITUTION_MATCH_FUZZY;INSTITUTION_COLLECTION_MISMATCH
1656052393,06a00852-f764-4fb8-80d4-ca51f0918459,https://arctos.database.museum/guid/UMNH:Mamm:32082,Animalia,Chordata,Mammalia,Rodentia,Sciuridae,Tamias,Tamias minimus,scrutator,SUBSPECIES,"Tamias minimus scrutator (Hall & Hatfield, 1934)",Tamias minimus scrutator,,US,"East Humboldt Range, 0.15 km E Davis Spring",Nevada,PRESENT,,2d6267a0-0561-11d8-b851-b8a03c50a862,40.77187,-115.07207,20,,1944,0,,,6/25/07,25,6,2007,4263651,2437432,PRESERVED_SPECIMEN,UMNH,Mammalogy,UMNH:Mamm:32082,RJR 2021,unknown,2016-10-24T00:00:00,CC0_1_0,,Collector(s): Rebecca J. Rowe,,,2026-02-26T00:00:50.721Z,,CONTINENT_DERIVED_FROM_COORDINATES;INSTITUTION_MATCH_FUZZY;INSTITUTION_COLLECTION_MISMATCH
1656052387,06a00852-f764-4fb8-80d4-ca51f0918459,https://arctos.database.museum/guid/UMNH:Mamm:32055,Animalia,Chordata,Mammalia,Rodentia,Sciuridae,Tamias,Tamias minimus,scrutator,SUBSPECIES,"Tamias minimus scrutator (Hall & Hatfield, 1934)",Tamias minimus scrutator,,US,"Ruby Mountains, Gardner Creek, 0.1 km N, 1.0 km W Secret Pass",Nevada,PRESENT,,2d6267a0-0561-11d8-b851-b8a03c50a862,40.81778,-115.22326,20,,2031,0,,,6/20/07,20,6,2007,4263651,2437432,PRESERVED_SPECIMEN,UMNH,Mammalogy,UMNH:Mamm:32055,EAR 6450,unknown,2016-10-24T00:00:00,CC0_1_0,,Collector(s): Eric A. Rickart,,,2026-02-26T00:00:48.927Z,,CONTINENT_DERIVED_FROM_COORDINATES;INSTITUTION_MATCH_FUZZY;INSTITUTION_COLLECTION_MISMATCH
1656052381,06a00852-f764-4fb8-80d4-ca51f0918459,https://arctos.database.museum/guid/UMNH:Mamm:31995,Animalia,Chordata,Mammalia,Rodentia,Sciuridae,Tamias,Tamias minimus,scrutator,SUBSPECIES,"Tamias minimus scrutator (Hall & Hatfield, 1934)",Tamias minimus scrutator,,US,"Ruby Mountains, Willow Creek, 1.23 km N, 1.0 km E Walker Spring",Nevada,PRESENT,,2d6267a0-0561-11d8-b851-b8a03c50a862,40.09919,-115.65997,20,,2001,0,,,5/29/07,29,5,2007,4263651,2437432,PRESERVED_SPECIMEN,UMNH,Mammalogy,UMNH:Mamm:31995,RJR 2007,unknown,2016-10-24T00:00:00,CC0_1_0,,Collector(s): Rebecca J. Rowe,,,2026-02-26T00:00:54.733Z,,CONTINENT_DERIVED_FROM_COORDINATES;INSTITUTION_MATCH_FUZZY;INSTITUTION_COLLECTION_MISMATCH
1656052380,06a00852-f764-4fb8-80d4-ca51f0918459,https://arctos.database.museum/guid/UMNH:Mamm:32085,Animalia,Chordata,Mammalia,Rodentia,Sciuridae,Tamias,Tamias minimus,scrutator,SUBSPECIES,"Tamias minimus scrutator (Hall & Hatfield, 1934)",Tamias minimus scrutator,,US,"East Humboldt Range, 0.15 km E Davis Spring",Nevada,PRESENT,,2d6267a0-0561-11d8-b851-b8a03c50a862,40.77187,-115.07207,20,,1944,0,,,6/25/07,25,6,2007,4263651,2437432,PRESERVED_SPECIMEN,UMNH,Mammalogy,UMNH:Mamm:32085,RJR 2025,unknown,2016-10-24T00:00:00,CC0_1_0,,Collector(s): Rebecca J. Rowe,,,2026-02-26T00:00:50.794Z,,CONTINENT_DERIVED_FROM_COORDINATES;INSTITUTION_MATCH_FUZZY;INSTITUTION_COLLECTION_MISMATCH
1656052075,06a00852-f764-4fb8-80d4-ca51f0918459,https://arctos.database.museum/guid/UMNH:Mamm:31747,Animalia,Chordata,Mammalia,Rodentia,Sciuridae,Tamias,Tamias minimus,scrutator,SUBSPECIES,"Tamias minimus scrutator (Hall & Hatfield, 1934)",Tamias minimus scrutator,,US,"Ruby Mountains, mouth of Thomas Canyon",Nevada,PRESENT,,2d6267a0-0561-11d8-b851-b8a03c50a862,40.64835,-115.40375,20,,2316,0,,,8/15/06,15,8,2006,4263651,2437432,PRESERVED_SPECIMEN,UMNH,Mammalogy,UMNH:Mamm:31747,EAR 6058,unknown,2016-10-24T00:00:00,CC0_1_0,,Collector(s): Eric A. Rickart,,,2026-02-26T00:00:50.788Z,,CONTINENT_DERIVED_FROM_COORDINATES;INSTITUTION_MATCH_FUZZY;INSTITUTION_COLLECTION_MISMATCH
1656052058,06a00852-f764-4fb8-80d4-ca51f0918459,https://arctos.database.museum/guid/UMNH:Mamm:31712,Animalia,Chordata,Mammalia,Rodentia,Sciuridae,Tamias,Tamias minimus,scrutator,SUBSPECIES,"Tamias minimus scrutator (Hall & Hatfield, 1934)",Tamias minimus scrutator,,US,"Ruby Mountains, Lamoille Canyon, 2.15 km N, 0.25 km W Favre Peak summit",Nevada,PRESENT,,2d6267a0-0561-11d8-b851-b8a03c50a862,40.60389,-115.37799,20,,2713,0,,,8/20/06,20,8,2006,4263651,2437432,PRESERVED_SPECIMEN,UMNH,Mammalogy,UMNH:Mamm:31712,EAR 6150,unknown,2016-10-24T00:00:00,CC0_1_0,,Collector(s): Eric A. Rickart,,,2026-02-26T00:00:48.787Z,,CONTINENT_DERIVED_FROM_COORDINATES;INSTITUTION_MATCH_FUZZY;INSTITUTION_COLLECTION_MISMATCH
1656052051,06a00852-f764-4fb8-80d4-ca51f0918459,https://arctos.database.museum/guid/UMNH:Mamm:31714,Animalia,Chordata,Mammalia,Rodentia,Sciuridae,Tamias,Tamias minimus,scrutator,SUBSPECIES,"Tamias minimus scrutator (Hall & Hatfield, 1934)",Tamias minimus scrutator,,US,"Ruby Mountains, Lamoille Canyon, 2.15 km N, 0.25 km W Favre Peak summit",Nevada,PRESENT,,2d6267a0-0561-11d8-b851-b8a03c50a862,40.60389,-115.37799,20,,2713,0,,,8/20/06,20,8,2006,4263651,2437432,PRESERVED_SPECIMEN,UMNH,Mammalogy,UMNH:Mamm:31714,EAR 6171,unknown,2016-10-24T00:00:00,CC0_1_0,,Collector(s): Eric A. Rickart,,,2026-02-26T00:00:49.577Z,,CONTINENT_DERIVED_FROM_COORDINATES;INSTITUTION_MATCH_FUZZY;INSTITUTION_COLLECTION_MISMATCH
1656052045,06a00852-f764-4fb8-80d4-ca51f0918459,https://arctos.database.museum/guid/UMNH:Mamm:31716,Animalia,Chordata,Mammalia,Rodentia,Sciuridae,Tamias,Tamias minimus,scrutator,SUBSPECIES,"Tamias minimus scrutator (Hall & Hatfield, 1934)",Tamias minimus scrutator,,US,"Ruby Mountains, Lamoille Canyon, 2.15 km N, 0.25 km W Favre Peak summit",Nevada,PRESENT,,2d6267a0-0561-11d8-b851-b8a03c50a862,40.60389,-115.37799,20,,2713,0,,,8/21/06,21,8,2006,4263651,2437432,PRESERVED_SPECIMEN,UMNH,Mammalogy,UMNH:Mamm:31716,EAR 6173,unknown,2016-10-24T00:00:00,CC0_1_0,,Collector(s): Eric A. Rickart,,,2026-02-26T00:00:49.577Z,,CONTINENT_DERIVED_FROM_COORDINATES;INSTITUTION_MATCH_FUZZY;INSTITUTION_COLLECTION_MISMATCH
1656052027,06a00852-f764-4fb8-80d4-ca51f0918459,https://arctos.database.museum/guid/UMNH:Mamm:31713,Animalia,Chordata,Mammalia,Rodentia,Sciuridae,Tamias,Tamias minimus,scrutator,SUBSPECIES,"Tamias minimus scrutator (Hall & Hatfield, 1934)",Tamias minimus scrutator,,US,"Ruby Mountains, Lamoille Canyon, 2.15 km N, 0.25 km W Favre Peak summit",Nevada,PRESENT,,2d6267a0-0561-11d8-b851-b8a03c50a862,40.60389,-115.37799,20,,2713,0,,,8/20/06,20,8,2006,4263651,2437432,PRESERVED_SPECIMEN,UMNH,Mammalogy,UMNH:Mamm:31713,EAR 6170,unknown,2016-10-24T00:00:00,CC0_1_0,,Collector(s): Eric A. Rickart,,,2026-02-26T00:00:49.484Z,,CONTINENT_DERIVED_FROM_COORDINATES;INSTITUTION_MATCH_FUZZY;INSTITUTION_COLLECTION_MISMATCH
1656052024,06a00852-f764-4fb8-80d4-ca51f0918459,https://arctos.database.museum/guid/UMNH:Mamm:31749,Animalia,Chordata,Mammalia,Rodentia,Sciuridae,Tamias,Tamias minimus,scrutator,SUBSPECIES,"Tamias minimus scrutator (Hall & Hatfield, 1934)",Tamias minimus scrutator,,US,"Ruby Mountains, mouth of Thomas Canyon",Nevada,PRESENT,,2d6267a0-0561-11d8-b851-b8a03c50a862,40.64835,-115.40375,20,,2316,0,,,8/18/06,18,8,2006,4263651,2437432,PRESERVED_SPECIMEN,UMNH,Mammalogy,UMNH:Mamm:31749,EAR 6143,unknown,2016-10-24T00:00:00,CC0_1_0,,Collector(s): Eric A. Rickart,,,2026-02-26T00:00:52.302Z,,CONTINENT_DERIVED_FROM_COORDINATES;INSTITUTION_MATCH_FUZZY;INSTITUTION_COLLECTION_MISMATCH
1656052019,06a00852-f764-4fb8-80d4-ca51f0918459,https://arctos.database.museum/guid/UMNH:Mamm:31748,Animalia,Chordata,Mammalia,Rodentia,Sciuridae,Tamias,Tamias minimus,scrutator,SUBSPECIES,"Tamias minimus scrutator (Hall & Hatfield, 1934)",Tamias minimus scrutator,,US,"Ruby Mountains, mouth of Thomas Canyon",Nevada,PRESENT,,2d6267a0-0561-11d8-b851-b8a03c50a862,40.64835,-115.40375,20,,2316,0,,,8/15/06,15,8,2006,4263651,2437432,PRESERVED_SPECIMEN,UMNH,Mammalogy,UMNH:Mamm:31748,EAR 6082,unknown,2016-10-24T00:00:00,CC0_1_0,,Collector(s): Eric A. Rickart,,,2026-02-26T00:00:52.768Z,,CONTINENT_DERIVED_FROM_COORDINATES;INSTITUTION_MATCH_FUZZY;INSTITUTION_COLLECTION_MISMATCH
1656051960,06a00852-f764-4fb8-80d4-ca51f0918459,https://arctos.database.museum/guid/UMNH:Mamm:31644,Animalia,Chordata,Mammalia,Rodentia,Sciuridae,Tamias,Tamias minimus,scrutator,SUBSPECIES,"Tamias minimus scrutator (Hall & Hatfield, 1934)",Tamias minimus scrutator,,US,"Ruby Mountains, Thomas Canyon, 0.8 km S, 0.05 km E mouth of Thomas Creek",Nevada,PRESENT,,2d6267a0-0561-11d8-b851-b8a03c50a862,40.64321,-115.406,20,,2393,0,,,8/15/06,15,8,2006,4263651,2437432,PRESERVED_SPECIMEN,UMNH,Mammalogy,UMNH:Mamm:31644,RJR 1872,unknown,2016-10-24T00:00:00,CC0_1_0,,Collector(s): Rebecca J. Rowe,,,2026-02-26T00:00:51.757Z,,CONTINENT_DERIVED_FROM_COORDINATES;INSTITUTION_MATCH_FUZZY;INSTITUTION_COLLECTION_MISMATCH
1656051949,06a00852-f764-4fb8-80d4-ca51f0918459,https://arctos.database.museum/guid/UMNH:Mamm:31715,Animalia,Chordata,Mammalia,Rodentia,Sciuridae,Tamias,Tamias minimus,scrutator,SUBSPECIES,"Tamias minimus scrutator (Hall & Hatfield, 1934)",Tamias minimus scrutator,,US,"Ruby Mountains, Lamoille Canyon, 2.15 km N, 0.25 km W Favre Peak summit",Nevada,PRESENT,,2d6267a0-0561-11d8-b851-b8a03c50a862,40.60389,-115.37799,20,,2713,0,,,8/20/06,20,8,2006,4263651,2437432,PRESERVED_SPECIMEN,UMNH,Mammalogy,UMNH:Mamm:31715,EAR 6172,unknown,2016-10-24T00:00:00,CC0_1_0,,Collector(s): Eric A. Rickart,,,2026-02-26T00:00:49.577Z,,CONTINENT_DERIVED_FROM_COORDINATES;INSTITUTION_MATCH_FUZZY;INSTITUTION_COLLECTION_MISMATCH
1656051891,06a00852-f764-4fb8-80d4-ca51f0918459,https://arctos.database.museum/guid/UMNH:Mamm:31570,Animalia,Chordata,Mammalia,Rodentia,Sciuridae,Tamias,Tamias minimus,scrutator,SUBSPECIES,"Tamias minimus scrutator (Hall & Hatfield, 1934)",Tamias minimus scrutator,,US,"Ruby Mountains, Lamoille Canyon, 1.7 km S, 0.8 km W Verdi Peak summit",Nevada,PRESENT,,2d6267a0-0561-11d8-b851-b8a03c50a862,40.62915,-115.36746,20,,2585,0,,,8/16/06,16,8,2006,4263651,2437432,PRESERVED_SPECIMEN,UMNH,Mammalogy,UMNH:Mamm:31570,RJR 1894,unknown,2016-10-24T00:00:00,CC0_1_0,,Collector(s): Rebecca J. Rowe,,,2026-02-26T00:00:51.599Z,,CONTINENT_DERIVED_FROM_COORDINATES;INSTITUTION_MATCH_FUZZY;INSTITUTION_COLLECTION_MISMATCH
1656051888,06a00852-f764-4fb8-80d4-ca51f0918459,https://arctos.database.museum/guid/UMNH:Mamm:31572,Animalia,Chordata,Mammalia,Rodentia,Sciuridae,Tamias,Tamias minimus,scrutator,SUBSPECIES,"Tamias minimus scrutator (Hall & Hatfield, 1934)",Tamias minimus scrutator,,US,"Ruby Mountains, Lamoille Canyon, 1.7 km S, 0.8 km W Verdi Peak summit",Nevada,PRESENT,,2d6267a0-0561-11d8-b851-b8a03c50a862,40.62915,-115.36746,20,,2585,0,,,8/19/06,19,8,2006,4263651,2437432,PRESERVED_SPECIMEN,UMNH,Mammalogy,UMNH:Mamm:31572,RJR 1936,unknown,2016-10-24T00:00:00,CC0_1_0,,Collector(s): Rebecca J. Rowe,,,2026-02-26T00:00:51.713Z,,CONTINENT_DERIVED_FROM_COORDINATES;INSTITUTION_MATCH_FUZZY;INSTITUTION_COLLECTION_MISMATCH
1656051855,06a00852-f764-4fb8-80d4-ca51f0918459,https://arctos.database.museum/guid/UMNH:Mamm:31569,Animalia,Chordata,Mammalia,Rodentia,Sciuridae,Tamias,Tamias minimus,scrutator,SUBSPECIES,"Tamias minimus scrutator (Hall & Hatfield, 1934)",Tamias minimus scrutator,,US,"Ruby Mountains, Lamoille Canyon, 1.7 km S, 0.8 km W Verdi Peak summit",Nevada,PRESENT,,2d6267a0-0561-11d8-b851-b8a03c50a862,40.62915,-115.36746,20,,2585,0,,,8/16/06,16,8,2006,4263651,2437432,PRESERVED_SPECIMEN,UMNH,Mammalogy,UMNH:Mamm:31569,RJR 1893,unknown,2016-10-24T00:00:00,CC0_1_0,,Collector(s): Rebecca J. Rowe,,,2026-02-26T00:00:50.874Z,,CONTINENT_DERIVED_FROM_COORDINATES;INSTITUTION_MATCH_FUZZY;INSTITUTION_COLLECTION_MISMATCH
1656051845,06a00852-f764-4fb8-80d4-ca51f0918459,https://arctos.database.museum/guid/UMNH:Mamm:31571,Animalia,Chordata,Mammalia,Rodentia,Sciuridae,Tamias,Tamias minimus,scrutator,SUBSPECIES,"Tamias minimus scrutator (Hall & Hatfield, 1934)",Tamias minimus scrutator,,US,"Ruby Mountains, Lamoille Canyon, 1.7 km S, 0.8 km W Verdi Peak summit",Nevada,PRESENT,,2d6267a0-0561-11d8-b851-b8a03c50a862,40.62915,-115.36746,20,,2585,0,,,8/17/06,17,8,2006,4263651,2437432,PRESERVED_SPECIMEN,UMNH,Mammalogy,UMNH:Mamm:31571,RJR 1908,unknown,2016-10-24T00:00:00,CC0_1_0,,Collector(s): Rebecca J. Rowe,,,2026-02-26T00:00:51.713Z,,CONTINENT_DERIVED_FROM_COORDINATES;INSTITUTION_MATCH_FUZZY;INSTITUTION_COLLECTION_MISMATCH
1656050773,06a00852-f764-4fb8-80d4-ca51f0918459,https://arctos.database.museum/guid/UMNH:Mamm:30526,Animalia,Chordata,Mammalia,Rodentia,Sciuridae,Tamias,Tamias minimus,scrutator,SUBSPECIES,"Tamias minimus scrutator (Hall & Hatfield, 1934)",Tamias minimus scrutator,,US,"Snake Range, Snake Creek Canyon, Great Basin National Park",Nevada,PRESENT,,2d6267a0-0561-11d8-b851-b8a03c50a862,38.92836,-114.25395,20,,2550,0,,,8/1/02,1,8,2002,4263651,2437432,PRESERVED_SPECIMEN,UMNH,Mammalogy,UMNH:Mamm:30526,EAR 4855,unknown,2016-10-24T00:00:00,CC0_1_0,,Collector(s): Eric A. Rickart,,,2026-02-26T00:00:53.644Z,,CONTINENT_DERIVED_FROM_COORDINATES;INSTITUTION_MATCH_FUZZY;INSTITUTION_COLLECTION_MISMATCH
1656050716,06a00852-f764-4fb8-80d4-ca51f0918459,https://arctos.database.museum/guid/UMNH:Mamm:30527,Animalia,Chordata,Mammalia,Rodentia,Sciuridae,Tamias,Tamias minimus,scrutator,SUBSPECIES,"Tamias minimus scrutator (Hall & Hatfield, 1934)",Tamias minimus scrutator,,US,"Snake Range, Snake Creek Canyon, Great Basin National Park",Nevada,PRESENT,,2d6267a0-0561-11d8-b851-b8a03c50a862,38.92836,-114.25395,20,,2550,0,,,8/1/02,1,8,2002,4263651,2437432,PRESERVED_SPECIMEN,UMNH,Mammalogy,UMNH:Mamm:30527,EAR 4856,unknown,2016-10-24T00:00:00,CC0_1_0,,Collector(s): Eric A. Rickart,,,2026-02-26T00:00:53.446Z,,CONTINENT_DERIVED_FROM_COORDINATES;INSTITUTION_MATCH_FUZZY;INSTITUTION_COLLECTION_MISMATCH
1656050668,06a00852-f764-4fb8-80d4-ca51f0918459,https://arctos.database.museum/guid/UMNH:Mamm:30528,Animalia,Chordata,Mammalia,Rodentia,Sciuridae,Tamias,Tamias minimus,scrutator,SUBSPECIES,"Tamias minimus scrutator (Hall & Hatfield, 1934)",Tamias minimus scrutator,,US,"Snake Range, Snake Creek Canyon, Great Basin National Park",Nevada,PRESENT,,2d6267a0-0561-11d8-b851-b8a03c50a862,38.92836,-114.25395,20,,2550,0,,,7/31/02,31,7,2002,4263651,2437432,PRESERVED_SPECIMEN,UMNH,Mammalogy,UMNH:Mamm:30528,EAR 4841,unknown,2016-10-24T00:00:00,CC0_1_0,,Collector(s): Eric A. Rickart,,,2026-02-26T00:00:53.493Z,,CONTINENT_DERIVED_FROM_COORDINATES;INSTITUTION_MATCH_FUZZY;INSTITUTION_COLLECTION_MISMATCH
1656049406,06a00852-f764-4fb8-80d4-ca51f0918459,https://arctos.database.museum/guid/UMNH:Mamm:29299,Animalia,Chordata,Mammalia,Rodentia,Sciuridae,Tamias,Tamias minimus,scrutator,SUBSPECIES,"Tamias minimus scrutator (Hall & Hatfield, 1934)",Tamias minimus scrutator,,US,north fork of Humboldt River,Nevada,PRESENT,,2d6267a0-0561-11d8-b851-b8a03c50a862,40.92611,-115.54861,140039,,,,,,6/15/86,15,6,1986,4263651,2437432,PRESERVED_SPECIMEN,UMNH,Mammalogy,UMNH:Mamm:29299,MAP 584,unknown,2016-10-24T00:00:00,CC0_1_0,,Collector(s): Mark A. Ports,,,2026-02-26T00:00:51.727Z,,CONTINENT_DERIVED_FROM_COORDINATES;INSTITUTION_MATCH_FUZZY;INSTITUTION_COLLECTION_MISMATCH
1656049365,06a00852-f764-4fb8-80d4-ca51f0918459,https://arctos.database.museum/guid/UMNH:Mamm:29293,Animalia,Chordata,Mammalia,Rodentia,Sciuridae,Tamias,Tamias minimus,scrutator,SUBSPECIES,"Tamias minimus scrutator (Hall & Hatfield, 1934)",Tamias minimus scrutator,,US,"Cobb Creek, 3.25 mi S, 4.25 mi W Mountain City",Nevada,PRESENT,,2d6267a0-0561-11d8-b851-b8a03c50a862,41.75639,-116.01056,6463,,,,,,7/4/82,4,7,1982,4263651,2437432,PRESERVED_SPECIMEN,UMNH,Mammalogy,UMNH:Mamm:29293,MAP 353,unknown,2016-10-24T00:00:00,CC0_1_0,,Collector(s): Mark A. Ports,,,2026-02-26T00:00:51.469Z,,CONTINENT_DERIVED_FROM_COORDINATES;INSTITUTION_MATCH_FUZZY;INSTITUTION_COLLECTION_MISMATCH
1656049363,06a00852-f764-4fb8-80d4-ca51f0918459,https://arctos.database.museum/guid/UMNH:Mamm:29298,Animalia,Chordata,Mammalia,Rodentia,Sciuridae,Tamias,Tamias minimus,scrutator,SUBSPECIES,"Tamias minimus scrutator (Hall & Hatfield, 1934)",Tamias minimus scrutator,,US,"Saval Ranch, Independence Mountains",Nevada,PRESENT,,2d6267a0-0561-11d8-b851-b8a03c50a862,41.29722,-115.91083,77,,1890,0,,,1985-01-01/1985-12-31,,,1985,4263651,2437432,PRESERVED_SPECIMEN,UMNH,Mammalogy,UMNH:Mamm:29298,MAP 665,unknown,2016-10-24T00:00:00,CC0_1_0,,Collector(s): Mark A. Ports,,,2026-02-26T00:00:51.492Z,,CONTINENT_DERIVED_FROM_COORDINATES;INSTITUTION_MATCH_FUZZY;INSTITUTION_COLLECTION_MISMATCH
1656049343,06a00852-f764-4fb8-80d4-ca51f0918459,https://arctos.database.museum/guid/UMNH:Mamm:29290,Animalia,Chordata,Mammalia,Rodentia,Sciuridae,Tamias,Tamias minimus,scrutator,SUBSPECIES,"Tamias minimus scrutator (Hall & Hatfield, 1934)",Tamias minimus scrutator,,US,"40.5 mi N, 0.5 mi W Elko (by road)",Nevada,PRESENT,,2d6267a0-0561-11d8-b851-b8a03c50a862,41.29,-115.81,3244,,,,,,5/31/80,31,5,1980,4263651,2437432,PRESERVED_SPECIMEN,UMNH,Mammalogy,UMNH:Mamm:29290,MAP 189,unknown,2016-10-24T00:00:00,CC0_1_0,,Collector(s): Mark A. Ports,,,2026-02-26T00:00:50.975Z,,CONTINENT_DERIVED_FROM_COORDINATES;INSTITUTION_MATCH_FUZZY;INSTITUTION_COLLECTION_MISMATCH
1656049342,06a00852-f764-4fb8-80d4-ca51f0918459,https://arctos.database.museum/guid/UMNH:Mamm:29295,Animalia,Chordata,Mammalia,Rodentia,Sciuridae,Tamias,Tamias minimus,scrutator,SUBSPECIES,"Tamias minimus scrutator (Hall & Hatfield, 1934)",Tamias minimus scrutator,,US,"13.2 mi up Goldcreek turnoff, McDonald Creek road",Nevada,PRESENT,,2d6267a0-0561-11d8-b851-b8a03c50a862,41.8185,-115.7584,250,,1981,0,,,8/25/82,25,8,1982,4263651,2437432,PRESERVED_SPECIMEN,UMNH,Mammalogy,UMNH:Mamm:29295,MAP 372,unknown,2016-10-24T00:00:00,CC0_1_0,,Collector(s): Mark A. Ports,,,2026-02-26T00:00:51.466Z,,CONTINENT_DERIVED_FROM_COORDINATES;INSTITUTION_MATCH_FUZZY;INSTITUTION_COLLECTION_MISMATCH
1656049319,06a00852-f764-4fb8-80d4-ca51f0918459,https://arctos.database.museum/guid/UMNH:Mamm:29294,Animalia,Chordata,Mammalia,Rodentia,Sciuridae,Tamias,Tamias minimus,scrutator,SUBSPECIES,"Tamias minimus scrutator (Hall & Hatfield, 1934)",Tamias minimus scrutator,,US,"6 MI S, 7.24 mi W North Fork, Independence Mountains",Nevada,PRESENT,,2d6267a0-0561-11d8-b851-b8a03c50a862,41.39556,-115.95553,2876,,2591,0,,,8/6/82,6,8,1982,4263651,2437432,PRESERVED_SPECIMEN,UMNH,Mammalogy,UMNH:Mamm:29294,MAP 370,unknown,2016-10-24T00:00:00,CC0_1_0,,Collector(s): Mark A. Ports,,,2026-02-26T00:00:51.505Z,,CONTINENT_DERIVED_FROM_COORDINATES;INSTITUTION_MATCH_FUZZY;INSTITUTION_COLLECTION_MISMATCH
1656049309,06a00852-f764-4fb8-80d4-ca51f0918459,https://arctos.database.museum/guid/UMNH:Mamm:29297,Animalia,Chordata,Mammalia,Rodentia,Sciuridae,Tamias,Tamias minimus,scrutator,SUBSPECIES,"Tamias minimus scrutator (Hall & Hatfield, 1934)",Tamias minimus scrutator,,US,"13.2 mi up Goldcreek turnoff, McDonald Creek road",Nevada,PRESENT,,2d6267a0-0561-11d8-b851-b8a03c50a862,41.8185,-115.7584,250,,1981,0,,,8/25/82,25,8,1982,4263651,2437432,PRESERVED_SPECIMEN,UMNH,Mammalogy,UMNH:Mamm:29297,MAP 374,unknown,2016-10-24T00:00:00,CC0_1_0,,Collector(s): Mark A. Ports,,,2026-02-26T00:00:51.665Z,,CONTINENT_DERIVED_FROM_COORDINATES;INSTITUTION_MATCH_FUZZY;INSTITUTION_COLLECTION_MISMATCH
1656049299,06a00852-f764-4fb8-80d4-ca51f0918459,https://arctos.database.museum/guid/UMNH:Mamm:29296,Animalia,Chordata,Mammalia,Rodentia,Sciuridae,Tamias,Tamias minimus,scrutator,SUBSPECIES,"Tamias minimus scrutator (Hall & Hatfield, 1934)",Tamias minimus scrutator,,US,"13.2 mi up Goldcreek turnoff, McDonald Creek road",Nevada,PRESENT,,2d6267a0-0561-11d8-b851-b8a03c50a862,41.8185,-115.7584,250,,1981,0,,,8/25/82,25,8,1982,4263651,2437432,PRESERVED_SPECIMEN,UMNH,Mammalogy,UMNH:Mamm:29296,MAP 373,unknown,2016-10-24T00:00:00,CC0_1_0,,Collector(s): Mark A. Ports,,,2026-02-26T00:00:51.543Z,,CONTINENT_DERIVED_FROM_COORDINATES;INSTITUTION_MATCH_FUZZY;INSTITUTION_COLLECTION_MISMATCH
1656049296,06a00852-f764-4fb8-80d4-ca51f0918459,https://arctos.database.museum/guid/UMNH:Mamm:29292,Animalia,Chordata,Mammalia,Rodentia,Sciuridae,Tamias,Tamias minimus,scrutator,SUBSPECIES,"Tamias minimus scrutator (Hall & Hatfield, 1934)",Tamias minimus scrutator,,US,"Cobb Creek, 3.25 mi S, 4.25 mi W Mountain City",Nevada,PRESENT,,2d6267a0-0561-11d8-b851-b8a03c50a862,41.75639,-116.01056,6463,,,,,,7/4/82,4,7,1982,4263651,2437432,PRESERVED_SPECIMEN,UMNH,Mammalogy,UMNH:Mamm:29292,MAP 352,unknown,2016-10-24T00:00:00,CC0_1_0,,Collector(s): Mark A. Ports,,,2026-02-26T00:00:51.473Z,,CONTINENT_DERIVED_FROM_COORDINATES;INSTITUTION_MATCH_FUZZY;INSTITUTION_COLLECTION_MISMATCH
1656049283,06a00852-f764-4fb8-80d4-ca51f0918459,https://arctos.database.museum/guid/UMNH:Mamm:29291,Animalia,Chordata,Mammalia,Rodentia,Sciuridae,Tamias,Tamias minimus,scrutator,SUBSPECIES,"Tamias minimus scrutator (Hall & Hatfield, 1934)",Tamias minimus scrutator,,US,"Cobb Creek, 3.25 mi S, 4.25 mi W Mountain City",Nevada,PRESENT,,2d6267a0-0561-11d8-b851-b8a03c50a862,41.75639,-116.01056,6463,,,,,,7/4/82,4,7,1982,4263651,2437432,PRESERVED_SPECIMEN,UMNH,Mammalogy,UMNH:Mamm:29291,MAP 346,unknown,2016-10-24T00:00:00,CC0_1_0,,Collector(s): Mark A. Ports,,,2026-02-26T00:00:51.447Z,,CONTINENT_DERIVED_FROM_COORDINATES;INSTITUTION_MATCH_FUZZY;INSTITUTION_COLLECTION_MISMATCH
1039529712,854f602e-f762-11e1-a439-00145eb45e9a,urn:uuid:fc84e4a0-a814-44d6-9c74-5ed7be5d2989,Animalia,Chordata,Mammalia,Rodentia,Sciuridae,Tamias,Tamias minimus,scrutator,SUBSPECIES,"Tamias minimus scrutator (Hall & Hatfield, 1934)",Tamias minimus scrutator,"(Hall & Hatfield, 1934)",US,"Jarbidge Mountains, 8 miles south and 2 miles w of Jarbidge",Nevada,PRESENT,1,2e167bb0-4441-11db-9ba2-b8a03c50a862,41.75,-115.45,1850,,,,,,6/13/82,13,6,1982,4263651,2437432,PRESERVED_SPECIMEN,YPM,VZ,YPM MAM 010776,,,,CC0_1_0,Yale Peabody Museum,Fred C. Sibley,,,2026-03-23T13:41:54.977Z,,OCCURRENCE_STATUS_INFERRED_FROM_INDIVIDUAL_COUNT;INSTITUTION_MATCH_FUZZY
1039528407,854f602e-f762-11e1-a439-00145eb45e9a,urn:uuid:eb0c9869-f7cd-4208-9c2a-64d10f9329b7,Animalia,Chordata,Mammalia,Rodentia,Sciuridae,Tamias,Tamias minimus,scrutator,SUBSPECIES,"Tamias minimus scrutator (Hall & Hatfield, 1934)",Tamias minimus scrutator,"(Hall & Hatfield, 1934)",US,"Jarbidge Mountains, 8 miles south and 2 miles w of Jarbidge",Nevada,PRESENT,1,2e167bb0-4441-11db-9ba2-b8a03c50a862,41.75,-115.45,1850,,,,,,6/12/82,12,6,1982,4263651,2437432,PRESERVED_SPECIMEN,YPM,VZ,YPM MAM 010775,,,,CC0_1_0,Yale Peabody Museum,Fred C. Sibley,,,2026-03-23T13:41:52.839Z,,OCCURRENCE_STATUS_INFERRED_FROM_INDIVIDUAL_COUNT;INSTITUTION_MATCH_FUZZY
1039524176,854f602e-f762-11e1-a439-00145eb45e9a,urn:uuid:967a889a-6dda-4927-abc7-20700be9a4bb,Animalia,Chordata,Mammalia,Rodentia,Sciuridae,Tamias,Tamias minimus,scrutator,SUBSPECIES,"Tamias minimus scrutator (Hall & Hatfield, 1934)",Tamias minimus scrutator,"(Hall & Hatfield, 1934)",US,"Jarbidge Mountains, 8 miles south and 2 miles w of Jarbidge",Nevada,PRESENT,1,2e167bb0-4441-11db-9ba2-b8a03c50a862,41.75,-115.45,1850,,,,,,6/13/82,13,6,1982,4263651,2437432,PRESERVED_SPECIMEN,YPM,VZ,YPM MAM 004343,,,,CC0_1_0,Yale Peabody Museum,Dennis Varza,,,2026-03-23T13:41:54.585Z,,OCCURRENCE_STATUS_INFERRED_FROM_INDIVIDUAL_COUNT;INSTITUTION_MATCH_FUZZY
1039522346,854f602e-f762-11e1-a439-00145eb45e9a,urn:uuid:7cc8a4a0-4835-49b4-9387-b4022b2b5dd4,Animalia,Chordata,Mammalia,Rodentia,Sciuridae,Tamias,Tamias minimus,scrutator,SUBSPECIES,"Tamias minimus scrutator (Hall & Hatfield, 1934)",Tamias minimus scrutator,"(Hall & Hatfield, 1934)",US,"Jarbidge Mountains, 8 miles south and 2 miles w of Jarbidge",Nevada,PRESENT,1,2e167bb0-4441-11db-9ba2-b8a03c50a862,41.75,-115.45,1850,,,,,,6/13/82,13,6,1982,4263651,2437432,PRESERVED_SPECIMEN,YPM,VZ,YPM MAM 010777,,,,CC0_1_0,Yale Peabody Museum,Fred C. Sibley,,,2026-03-23T13:41:51.775Z,,OCCURRENCE_STATUS_INFERRED_FROM_INDIVIDUAL_COUNT;INSTITUTION_MATCH_FUZZY